Ingredient_ID	Target_ID	n_unique_references
NPC100039	NPT240	1
NPC100067	NPT178	2
NPC100079	NPT109	1
NPC100079	NPT110	1
NPC100079	NPT1119	1
NPC100079	NPT149	1
NPC100079	NPT151	1
NPC100079	NPT163	1
NPC100079	NPT204	1
NPC100079	NPT208	1
NPC100079	NPT210	1
NPC100079	NPT211	1
NPC100079	NPT212	1
NPC100079	NPT213	1
NPC100079	NPT261	1
NPC100079	NPT282	1
NPC100079	NPT3166	1
NPC100079	NPT439	1
NPC100079	NPT45	1
NPC100079	NPT46	1
NPC100079	NPT50	1
NPC100079	NPT51	2
NPC100079	NPT537	1
NPC100079	NPT538	1
NPC100079	NPT539	1
NPC100079	NPT792	1
NPC100079	NPT93	1
NPC100079	NPT94	2
NPC100079	NPT940	1
NPC100079	NPT96	1
NPC100079	NPT99	1
NPC100329	NPT1197	1
NPC100329	NPT1282	1
NPC100329	NPT483	1
NPC100329	NPT537	1
NPC100329	NPT538	1
NPC100329	NPT93	1
NPC100551	NPT1062	1
NPC100551	NPT1063	2
NPC100551	NPT1143	1
NPC100551	NPT1144	1
NPC100551	NPT1146	1
NPC100551	NPT151	2
NPC100551	NPT178	1
NPC100551	NPT204	1
NPC100551	NPT233	4
NPC100551	NPT30	1
NPC100551	NPT4175	1
NPC100551	NPT48	1
NPC100551	NPT604	1
NPC100551	NPT665	1
NPC100551	NPT669	1
NPC100551	NPT93	1
NPC100551	NPT94	2
NPC100551	NPT947	4
NPC100551	NPT948	2
NPC100551	NPT949	1
NPC100551	NPT954	1
NPC100551	NPT955	1
NPC100697	NPT38	1
NPC100734	NPT109	1
NPC100734	NPT208	1
NPC100734	NPT210	1
NPC100734	NPT211	1
NPC100734	NPT2930	1
NPC100734	NPT45	1
NPC100734	NPT48	1
NPC100734	NPT50	1
NPC100734	NPT93	1
NPC100734	NPT94	1
NPC100742	NPT210	1
NPC1008	NPT208	1
NPC100809	NPT346	1
NPC100887	NPT2629	1
NPC100887	NPT46	1
NPC100887	NPT47	2
NPC100887	NPT48	1
NPC100887	NPT49	1
NPC100887	NPT51	1
NPC100887	NPT538	1
NPC100887	NPT58	1
NPC100887	NPT59	1
NPC100887	NPT60	1
NPC100887	NPT867	1
NPC100898	NPT145	1
NPC100898	NPT272	1
NPC100925	NPT30	1
NPC100925	NPT31	1
NPC100971	NPT967	1
NPC100980	NPT1062	4
NPC100980	NPT1063	4
NPC100980	NPT1143	4
NPC100980	NPT1144	3
NPC100980	NPT1146	4
NPC100980	NPT233	11
NPC100980	NPT3101	2
NPC100980	NPT50	1
NPC100980	NPT501	1
NPC100980	NPT947	10
NPC100980	NPT948	8
NPC100980	NPT949	7
NPC100980	NPT954	4
NPC100980	NPT955	3
NPC100986	NPT151	1
NPC100986	NPT48	1
NPC100986	NPT94	1
NPC100998	NPT182	1
NPC101139	NPT1132	1
NPC101139	NPT1133	1
NPC101139	NPT499	1
NPC101294	NPT668	1
NPC101307	NPT109	1
NPC101307	NPT51	1
NPC101307	NPT94	1
NPC101475	NPT1270	1
NPC101475	NPT178	1
NPC101475	NPT41	1
NPC101670	NPT905	1
NPC101793	NPT178	1
NPC101830	NPT1422	1
NPC101830	NPT668	1
NPC102167	NPT5406	1
NPC102167	NPT713	1
NPC102338	NPT145	1
NPC102338	NPT221	1
NPC102338	NPT271	1
NPC102338	NPT272	1
NPC10251	NPT210	1
NPC10251	NPT214	1
NPC10251	NPT50	1
NPC10251	NPT864	1
NPC10262	NPT1132	1
NPC10262	NPT1133	1
NPC102683	NPT59	1
NPC102686	NPT46	1
NPC102686	NPT47	1
NPC102686	NPT94	1
NPC102810	NPT149	1
NPC102810	NPT282	1
NPC102810	NPT45	1
NPC102810	NPT48	1
NPC102810	NPT51	1
NPC102810	NPT539	1
NPC102810	NPT792	1
NPC102810	NPT94	1
NPC102843	NPT47	1
NPC102843	NPT48	1
NPC102843	NPT51	1
NPC10286	NPT211	2
NPC10286	NPT212	1
NPC10286	NPT48	1
NPC103001	NPT48	1
NPC103001	NPT51	1
NPC103213	NPT109	1
NPC103213	NPT51	1
NPC103213	NPT792	1
NPC103213	NPT901	1
NPC103342	NPT109	1
NPC103342	NPT110	1
NPC103342	NPT47	1
NPC103342	NPT48	1
NPC103342	NPT49	1
NPC103342	NPT57	1
NPC103342	NPT59	1
NPC103488	NPT204	1
NPC103540	NPT1197	1
NPC103540	NPT149	1
NPC103540	NPT151	1
NPC103540	NPT210	1
NPC103540	NPT282	3
NPC103540	NPT483	2
NPC103540	NPT50	1
NPC103540	NPT51	2
NPC103540	NPT792	1
NPC103540	NPT93	1
NPC103540	NPT94	1
NPC103712	NPT910	1
NPC104222	NPT2533	1
NPC104222	NPT4218	1
NPC104222	NPT740	1
NPC104677	NPT109	1
NPC104677	NPT110	1
NPC104796	NPT151	1
NPC104796	NPT48	1
NPC104796	NPT94	1
NPC104983	NPT740	1
NPC105213	NPT178	1
NPC105329	NPT208	1
NPC105511	NPT93	1
NPC105511	NPT94	1
NPC105513	NPT290	1
NPC105513	NPT291	1
NPC105513	NPT292	1
NPC105584	NPT178	1
NPC105648	NPT109	1
NPC105648	NPT149	1
NPC105648	NPT151	2
NPC105648	NPT282	1
NPC105648	NPT792	1
NPC105648	NPT94	1
NPC105727	NPT1265	1
NPC105727	NPT1436	1
NPC105727	NPT1440	1
NPC105727	NPT1480	1
NPC105727	NPT1661	1
NPC105727	NPT1672	1
NPC105727	NPT1674	1
NPC105727	NPT1678	1
NPC105727	NPT1682	1
NPC105727	NPT1703	1
NPC105727	NPT1705	1
NPC105727	NPT301	1
NPC105727	NPT3020	1
NPC105727	NPT3107	1
NPC105727	NPT3114	1
NPC105727	NPT3168	1
NPC105727	NPT3205	1
NPC105727	NPT3207	1
NPC105727	NPT3245	1
NPC105727	NPT3246	1
NPC105727	NPT3262	1
NPC105727	NPT3274	1
NPC105727	NPT3275	1
NPC105727	NPT3277	1
NPC105727	NPT3280	1
NPC105727	NPT3282	1
NPC105727	NPT3287	1
NPC105727	NPT3290	1
NPC105727	NPT3309	1
NPC105727	NPT3316	1
NPC105727	NPT3318	1
NPC105727	NPT3324	1
NPC105727	NPT3327	1
NPC105727	NPT3331	1
NPC105727	NPT3370	1
NPC105727	NPT3373	1
NPC105727	NPT3417	1
NPC105727	NPT3431	1
NPC105727	NPT3448	1
NPC105727	NPT3456	1
NPC105727	NPT3457	1
NPC105727	NPT591	1
NPC105727	NPT592	1
NPC105727	NPT676	1
NPC105727	NPT833	1
NPC105727	NPT867	1
NPC105727	NPT887	1
NPC105942	NPT721	1
NPC106334	NPT2796	1
NPC106334	NPT47	1
NPC106334	NPT48	1
NPC106334	NPT51	1
NPC106334	NPT52	1
NPC106334	NPT538	1
NPC106334	NPT57	1
NPC106334	NPT58	1
NPC106334	NPT59	1
NPC10636	NPT1214	1
NPC10636	NPT2584	1
NPC106526	NPT760	1
NPC106551	NPT1157	1
NPC106791	NPT47	2
NPC106937	NPT290	1
NPC106937	NPT291	1
NPC106937	NPT292	1
NPC106944	NPT106	1
NPC106944	NPT99	1
NPC106976	NPT178	1
NPC107101	NPT483	1
NPC107135	NPT210	1
NPC107135	NPT4218	1
NPC107135	NPT94	1
NPC107177	NPT740	1
NPC107482	NPT210	1
NPC107482	NPT94	1
NPC1075	NPT149	3
NPC1075	NPT210	2
NPC1075	NPT211	1
NPC1075	NPT212	1
NPC1075	NPT48	1
NPC107522	NPT346	1
NPC107572	NPT108	1
NPC107572	NPT248	1
NPC107572	NPT273	1
NPC107672	NPT865	1
NPC10781	NPT1157	2
NPC10781	NPT4309	1
NPC10781	NPT801	2
NPC10781	NPT802	1
NPC108191	NPT51	1
NPC1082	NPT214	1
NPC1082	NPT233	1
NPC108218	NPT50	1
NPC108288	NPT1078	1
NPC108288	NPT109	1
NPC108288	NPT1226	1
NPC108288	NPT149	1
NPC108288	NPT151	1
NPC108288	NPT157	1
NPC108288	NPT277	1
NPC108288	NPT282	1
NPC108288	NPT346	1
NPC108288	NPT45	1
NPC108288	NPT46	2
NPC108288	NPT47	2
NPC108288	NPT48	1
NPC108288	NPT49	1
NPC108288	NPT50	1
NPC108288	NPT51	1
NPC108288	NPT539	1
NPC108288	NPT58	2
NPC108288	NPT755	5
NPC108288	NPT792	1
NPC108288	NPT911	1
NPC108288	NPT94	1
NPC108406	NPT1720	1
NPC10842	NPT1044	1
NPC108434	NPT1038	1
NPC108434	NPT48	1
NPC108434	NPT50	1
NPC108434	NPT51	1
NPC108434	NPT52	1
NPC108455	NPT41	1
NPC108456	NPT3971	1
NPC108553	NPT42	1
NPC108606	NPT211	1
NPC108606	NPT483	1
NPC108800	NPT109	1
NPC108800	NPT149	1
NPC108800	NPT151	1
NPC108800	NPT210	1
NPC108800	NPT2653	1
NPC108800	NPT94	1
NPC108811	NPT920	1
NPC108957	NPT210	1
NPC108957	NPT211	1
NPC108957	NPT212	1
NPC108957	NPT483	1
NPC109083	NPT1038	1
NPC109083	NPT1044	1
NPC109083	NPT1062	1
NPC109083	NPT1063	1
NPC109083	NPT1079	1
NPC109083	NPT109	2
NPC109083	NPT1090	1
NPC109083	NPT110	1
NPC109083	NPT1137	1
NPC109083	NPT1138	1
NPC109083	NPT1143	1
NPC109083	NPT1144	1
NPC109083	NPT1146	1
NPC109083	NPT149	1
NPC109083	NPT151	1
NPC109083	NPT152	1
NPC109083	NPT1566	2
NPC109083	NPT163	1
NPC109083	NPT1674	2
NPC109083	NPT198	1
NPC109083	NPT208	1
NPC109083	NPT212	1
NPC109083	NPT233	1
NPC109083	NPT2553	1
NPC109083	NPT280	1
NPC109083	NPT282	1
NPC109083	NPT285	1
NPC109083	NPT2930	1
NPC109083	NPT30	4
NPC109083	NPT31	2
NPC109083	NPT3101	1
NPC109083	NPT3517	1
NPC109083	NPT38	3
NPC109083	NPT4245	1
NPC109083	NPT4252	1
NPC109083	NPT45	1
NPC109083	NPT48	2
NPC109083	NPT50	1
NPC109083	NPT51	2
NPC109083	NPT539	1
NPC109083	NPT570	2
NPC109083	NPT627	1
NPC109083	NPT668	1
NPC109083	NPT677	2
NPC109083	NPT74	1
NPC109083	NPT740	2
NPC109083	NPT761	1
NPC109083	NPT78	7
NPC109083	NPT792	2
NPC109083	NPT798	1
NPC109083	NPT801	1
NPC109083	NPT881	1
NPC109083	NPT887	1
NPC109083	NPT94	1
NPC109083	NPT947	1
NPC109083	NPT948	1
NPC109083	NPT949	1
NPC109083	NPT954	1
NPC109083	NPT955	1
NPC109083	NPT956	1
NPC109083	NPT958	1
NPC10915	NPT282	1
NPC109151	NPT204	1
NPC10926	NPT865	1
NPC109322	NPT4059	2
NPC109322	NPT483	2
NPC10937	NPT441	1
NPC109637	NPT1226	1
NPC109637	NPT149	1
NPC109637	NPT151	1
NPC109637	NPT277	1
NPC109637	NPT51	1
NPC109637	NPT539	1
NPC109637	NPT93	1
NPC109637	NPT94	2
NPC109713	NPT178	1
NPC109813	NPT1287	1
NPC10990	NPT204	1
NPC109955	NPT967	1
NPC110067	NPT109	1
NPC110067	NPT94	1
NPC110072	NPT261	1
NPC110072	NPT582	1
NPC110126	NPT109	2
NPC110126	NPT110	2
NPC110126	NPT149	2
NPC110126	NPT210	1
NPC110126	NPT213	1
NPC110126	NPT48	1
NPC110126	NPT94	2
NPC110136	NPT109	1
NPC110136	NPT4274	2
NPC110136	NPT48	1
NPC110136	NPT862	6
NPC110136	NPT94	1
NPC110158	NPT240	1
NPC110234	NPT1418	1
NPC110303	NPT178	1
NPC110396	NPT109	1
NPC110396	NPT282	1
NPC110396	NPT4034	1
NPC110396	NPT45	1
NPC110396	NPT48	1
NPC110396	NPT51	1
NPC110396	NPT539	1
NPC110396	NPT93	1
NPC110416	NPT242	1
NPC110416	NPT243	1
NPC110416	NPT244	1
NPC110416	NPT296	1
NPC110496	NPT540	1
NPC110500	NPT109	1
NPC110500	NPT48	1
NPC110500	NPT51	1
NPC110500	NPT792	1
NPC110533	NPT51	1
NPC110641	NPT2608	1
NPC110704	NPT178	1
NPC110764	NPT48	1
NPC110764	NPT51	1
NPC110764	NPT60	1
NPC110764	NPT94	1
NPC110882	NPT178	1
NPC110882	NPT211	1
NPC110899	NPT1062	1
NPC110899	NPT1063	1
NPC110899	NPT1143	1
NPC110899	NPT1144	1
NPC110899	NPT1146	1
NPC110899	NPT233	1
NPC110899	NPT947	1
NPC110899	NPT948	1
NPC110899	NPT949	1
NPC110899	NPT954	1
NPC110899	NPT955	1
NPC110969	NPT99	1
NPC111088	NPT208	1
NPC111088	NPT210	1
NPC111088	NPT2818	1
NPC111088	NPT30	6
NPC111088	NPT31	10
NPC111088	NPT3504	3
NPC111088	NPT3507	2
NPC111088	NPT665	1
NPC111112	NPT178	1
NPC111112	NPT279	1
NPC111112	NPT280	1
NPC111112	NPT568	1
NPC111132	NPT1546	1
NPC111132	NPT210	1
NPC111132	NPT251	12
NPC111132	NPT252	11
NPC111132	NPT483	1
NPC111132	NPT987	19
NPC111132	NPT988	27
NPC111201	NPT109	1
NPC111201	NPT157	1
NPC111201	NPT94	1
NPC111234	NPT178	1
NPC111323	NPT2536	1
NPC111485	NPT92	1
NPC11150	NPT210	2
NPC11150	NPT539	1
NPC111602	NPT439	1
NPC11173	NPT261	1
NPC11173	NPT582	1
NPC111786	NPT178	1
NPC111888	NPT1197	1
NPC111888	NPT2230	1
NPC112009	NPT178	1
NPC112224	NPT109	1
NPC112224	NPT1518	1
NPC112224	NPT1519	1
NPC112224	NPT1520	1
NPC112224	NPT208	1
NPC112224	NPT210	1
NPC112224	NPT48	1
NPC112224	NPT58	1
NPC112224	NPT94	1
NPC112454	NPT1210	1
NPC112454	NPT144	1
NPC112454	NPT1583	1
NPC112454	NPT178	2
NPC112454	NPT205	2
NPC112454	NPT206	2
NPC112454	NPT2570	1
NPC11250	NPT3174	1
NPC112552	NPT1078	1
NPC112552	NPT3060	1
NPC112552	NPT911	1
NPC112609	NPT240	1
NPC112676	NPT1371	1
NPC112701	NPT48	1
NPC112701	NPT60	1
NPC112789	NPT30	1
NPC112789	NPT31	1
NPC112890	NPT1557	1
NPC112937	NPT151	1
NPC112937	NPT48	2
NPC112937	NPT94	2
NPC112954	NPT3172	1
NPC113089	NPT668	1
NPC113455	NPT640	1
NPC113455	NPT641	1
NPC113670	NPT208	1
NPC113670	NPT94	1
NPC113733	NPT59	2
NPC113836	NPT862	1
NPC113989	NPT47	1
NPC113989	NPT59	1
NPC114159	NPT178	1
NPC114179	NPT740	1
NPC114209	NPT60	1
NPC114270	NPT50	1
NPC114325	NPT210	1
NPC114325	NPT233	1
NPC114325	NPT539	1
NPC114325	NPT947	1
NPC11433	NPT1006	1
NPC11433	NPT1166	1
NPC11433	NPT483	1
NPC114365	NPT1038	1
NPC114365	NPT426	1
NPC114365	NPT4324	1
NPC114517	NPT1006	1
NPC114517	NPT810	2
NPC114517	NPT817	1
NPC114586	NPT94	1
NPC114682	NPT1226	1
NPC114682	NPT47	1
NPC114682	NPT48	1
NPC114682	NPT49	1
NPC114682	NPT50	1
NPC114682	NPT57	1
NPC114682	NPT58	1
NPC114682	NPT59	1
NPC114682	NPT60	1
NPC114682	NPT798	1
NPC114682	NPT801	1
NPC114682	NPT864	1
NPC114682	NPT867	1
NPC114682	NPT94	1
NPC114682	NPT979	1
NPC114791	NPT1210	1
NPC114791	NPT178	1
NPC114891	NPT483	1
NPC114891	NPT745	1
NPC115159	NPT109	1
NPC115159	NPT110	1
NPC115159	NPT149	1
NPC115159	NPT163	1
NPC115159	NPT208	1
NPC115159	NPT212	1
NPC115159	NPT213	1
NPC115159	NPT282	1
NPC115159	NPT52	1
NPC115159	NPT539	1
NPC115159	NPT792	1
NPC115159	NPT96	1
NPC115207	NPT178	1
NPC115207	NPT570	1
NPC115284	NPT50	2
NPC115284	NPT539	1
NPC115284	NPT93	1
NPC115335	NPT178	1
NPC115674	NPT967	1
NPC115760	NPT1785	1
NPC115906	NPT145	1
NPC115906	NPT272	1
NPC115906	NPT483	1
NPC115906	NPT613	1
NPC116007	NPT439	1
NPC116125	NPT1029	1
NPC116125	NPT4181	1
NPC116146	NPT1896	2
NPC116229	NPT106	1
NPC116229	NPT866	1
NPC116366	NPT48	1
NPC116366	NPT645	1
NPC116366	NPT741	16
NPC116377	NPT514	1
NPC116458	NPT143	1
NPC116632	NPT110	1
NPC116632	NPT208	1
NPC116632	NPT212	1
NPC116632	NPT213	1
NPC116632	NPT537	1
NPC116632	NPT538	1
NPC116632	NPT93	1
NPC116709	NPT1006	1
NPC116709	NPT208	1
NPC116775	NPT109	2
NPC116775	NPT110	2
NPC116775	NPT1187	1
NPC116775	NPT1338	1
NPC116775	NPT1422	1
NPC116775	NPT149	2
NPC116775	NPT151	1
NPC116775	NPT153	1
NPC116775	NPT155	1
NPC116775	NPT1566	1
NPC116775	NPT1571	2
NPC116775	NPT1587	1
NPC116775	NPT1588	2
NPC116775	NPT1592	2
NPC116775	NPT1594	2
NPC116775	NPT1600	1
NPC116775	NPT1603	2
NPC116775	NPT1604	2
NPC116775	NPT1606	1
NPC116775	NPT1634	1
NPC116775	NPT1650	1
NPC116775	NPT1663	1
NPC116775	NPT1721	1
NPC116775	NPT204	1
NPC116775	NPT208	2
NPC116775	NPT211	1
NPC116775	NPT212	3
NPC116775	NPT213	2
NPC116775	NPT233	1
NPC116775	NPT2736	1
NPC116775	NPT3938	1
NPC116775	NPT41	1
NPC116775	NPT439	1
NPC116775	NPT48	2
NPC116775	NPT483	1
NPC116775	NPT50	1
NPC116775	NPT51	1
NPC116775	NPT539	2
NPC116775	NPT570	1
NPC116775	NPT740	1
NPC116775	NPT741	1
NPC116775	NPT78	2
NPC116775	NPT792	2
NPC116775	NPT94	2
NPC116775	NPT942	1
NPC116775	NPT949	1
NPC116775	NPT955	1
NPC116775	NPT967	1
NPC116850	NPT516	1
NPC116961	NPT10	1
NPC116961	NPT109	1
NPC116961	NPT110	2
NPC116961	NPT1416	3
NPC116961	NPT210	2
NPC116961	NPT211	1
NPC116961	NPT212	2
NPC116961	NPT213	4
NPC116961	NPT251	7
NPC116961	NPT274	1
NPC116961	NPT282	1
NPC116961	NPT291	1
NPC116961	NPT4342	1
NPC116961	NPT45	1
NPC116961	NPT483	3
NPC116961	NPT51	5
NPC116961	NPT537	1
NPC116961	NPT538	1
NPC116961	NPT539	1
NPC116961	NPT540	1
NPC116961	NPT543	2
NPC116961	NPT58	1
NPC116961	NPT6186	1
NPC116961	NPT628	1
NPC116961	NPT668	1
NPC116961	NPT713	1
NPC116961	NPT792	1
NPC116961	NPT796	1
NPC116961	NPT93	2
NPC116961	NPT940	1
NPC116961	NPT96	1
NPC116961	NPT98	7
NPC117032	NPT1603	1
NPC117032	NPT1604	1
NPC117032	NPT208	1
NPC117032	NPT92	1
NPC117048	NPT178	1
NPC117237	NPT2742	1
NPC117237	NPT94	1
NPC117445	NPT1283	1
NPC117445	NPT46	1
NPC117450	NPT1478	1
NPC117572	NPT1038	1
NPC117572	NPT106	1
NPC117572	NPT4030	1
NPC117572	NPT441	1
NPC117572	NPT546	1
NPC117572	NPT866	2
NPC117572	NPT94	1
NPC117572	NPT99	1
NPC117579	NPT261	1
NPC117713	NPT178	1
NPC118114	NPT178	1
NPC118154	NPT4355	1
NPC118162	NPT109	1
NPC118275	NPT204	1
NPC118288	NPT46	1
NPC118343	NPT1038	1
NPC118343	NPT2683	1
NPC118343	NPT50	1
NPC118522	NPT109	1
NPC118522	NPT151	1
NPC118522	NPT282	1
NPC118522	NPT46	1
NPC118522	NPT47	1
NPC118522	NPT48	1
NPC118522	NPT49	1
NPC118522	NPT50	3
NPC118522	NPT51	1
NPC118522	NPT58	1
NPC118633	NPT109	2
NPC118633	NPT483	1
NPC118633	NPT94	1
NPC118683	NPT109	1
NPC118683	NPT178	1
NPC118683	NPT741	1
NPC118683	NPT77	1
NPC118832	NPT110	6
NPC118832	NPT1540	1
NPC118832	NPT613	2
NPC118832	NPT668	3
NPC118832	NPT713	1
NPC118919	NPT1287	1
NPC118940	NPT273	1
NPC119036	NPT31	1
NPC119094	NPT143	1
NPC119133	NPT109	1
NPC119133	NPT282	1
NPC119133	NPT796	1
NPC119209	NPT2680	1
NPC119224	NPT282	1
NPC119224	NPT2892	1
NPC119224	NPT441	1
NPC119224	NPT48	1
NPC119224	NPT51	1
NPC119224	NPT58	1
NPC119224	NPT59	1
NPC119224	NPT865	1
NPC119271	NPT210	1
NPC119368	NPT539	1
NPC119631	NPT483	1
NPC119655	NPT1287	1
NPC119655	NPT1418	1
NPC119655	NPT232	1
NPC119818	NPT109	2
NPC119818	NPT110	4
NPC119818	NPT212	4
NPC119818	NPT213	4
NPC119914	NPT149	1
NPC119949	NPT109	1
NPC119949	NPT93	1
NPC119949	NPT94	1
NPC120021	NPT38	1
NPC120066	NPT149	1
NPC120066	NPT50	1
NPC120066	NPT94	1
NPC120075	NPT48	1
NPC120075	NPT524	1
NPC120097	NPT109	1
NPC120099	NPT280	1
NPC120163	NPT218	1
NPC120163	NPT48	1
NPC120163	NPT51	1
NPC120163	NPT59	1
NPC120167	NPT204	1
NPC12022	NPT109	1
NPC12022	NPT110	1
NPC12022	NPT208	1
NPC12022	NPT212	1
NPC12022	NPT213	1
NPC12022	NPT240	1
NPC12022	NPT241	1
NPC12022	NPT627	1
NPC12022	NPT628	1
NPC12022	NPT92	1
NPC120225	NPT77	1
NPC120239	NPT640	1
NPC120239	NPT641	1
NPC120464	NPT41	1
NPC120537	NPT151	1
NPC120537	NPT48	1
NPC120537	NPT483	1
NPC120537	NPT51	1
NPC120537	NPT94	1
NPC120671	NPT109	1
NPC120671	NPT110	1
NPC120671	NPT208	1
NPC120671	NPT210	1
NPC120671	NPT211	1
NPC120671	NPT212	1
NPC120671	NPT213	2
NPC120671	NPT483	1
NPC120840	NPT178	1
NPC121259	NPT1197	1
NPC121259	NPT51	1
NPC121259	NPT524	1
NPC121259	NPT94	1
NPC121510	NPT1371	1
NPC121517	NPT1006	1
NPC121522	NPT4380	1
NPC121522	NPT537	1
NPC121649	NPT740	1
NPC121910	NPT740	1
NPC122365	NPT178	1
NPC122436	NPT3114	1
NPC122471	NPT6507	1
NPC122493	NPT1157	1
NPC122504	NPT51	1
NPC12278	NPT570	1
NPC122793	NPT410	1
NPC123127	NPT233	1
NPC123127	NPT3101	1
NPC123127	NPT947	1
NPC123127	NPT948	1
NPC123127	NPT949	1
NPC123127	NPT955	1
NPC123273	NPT108	1
NPC123273	NPT109	1
NPC123273	NPT149	1
NPC123273	NPT211	1
NPC123273	NPT218	1
NPC123273	NPT222	1
NPC123273	NPT227	1
NPC123273	NPT228	1
NPC123273	NPT246	1
NPC123273	NPT292	1
NPC123273	NPT295	1
NPC123273	NPT298	1
NPC123273	NPT48	1
NPC123273	NPT483	1
NPC123273	NPT539	1
NPC123273	NPT94	2
NPC123526	NPT106	1
NPC123526	NPT866	1
NPC123526	NPT99	1
NPC12377	NPT149	1
NPC12377	NPT282	1
NPC12377	NPT48	1
NPC12377	NPT51	1
NPC12377	NPT537	1
NPC12377	NPT538	1
NPC12377	NPT539	1
NPC123948	NPT1603	1
NPC123948	NPT1604	1
NPC123948	NPT208	1
NPC123948	NPT366	1
NPC123965	NPT1038	1
NPC12402	NPT1197	1
NPC12402	NPT46	1
NPC12402	NPT47	1
NPC12402	NPT51	1
NPC12402	NPT58	2
NPC124289	NPT1210	1
NPC124289	NPT178	1
NPC124302	NPT109	1
NPC124302	NPT149	1
NPC124302	NPT48	1
NPC124302	NPT713	1
NPC124384	NPT204	1
NPC124436	NPT204	1
NPC124478	NPT949	1
NPC124478	NPT955	1
NPC124512	NPT163	1
NPC124512	NPT540	1
NPC12452	NPT1394	1
NPC124576	NPT1062	1
NPC124576	NPT1063	1
NPC124657	NPT145	1
NPC124802	NPT145	1
NPC125039	NPT1062	1
NPC125039	NPT1063	1
NPC125039	NPT1143	1
NPC125039	NPT1144	1
NPC125039	NPT1146	1
NPC125039	NPT233	1
NPC125039	NPT3101	1
NPC125039	NPT947	1
NPC125039	NPT948	1
NPC125039	NPT949	1
NPC125039	NPT954	1
NPC125039	NPT955	1
NPC125062	NPT1062	1
NPC125062	NPT1603	1
NPC125062	NPT1604	3
NPC125062	NPT208	1
NPC125062	NPT233	1
NPC125062	NPT949	1
NPC125062	NPT955	1
NPC125062	NPT967	1
NPC125106	NPT668	1
NPC125306	NPT210	1
NPC125306	NPT2520	1
NPC125416	NPT109	1
NPC125416	NPT110	1
NPC125416	NPT1197	1
NPC125416	NPT1274	1
NPC125416	NPT1283	1
NPC125416	NPT1540	1
NPC125416	NPT1546	1
NPC125416	NPT1557	1
NPC125416	NPT208	1
NPC125416	NPT210	1
NPC125416	NPT211	1
NPC125416	NPT212	1
NPC125416	NPT213	1
NPC125416	NPT259	1
NPC125416	NPT280	1
NPC125416	NPT2801	1
NPC125416	NPT282	1
NPC125416	NPT4034	1
NPC125416	NPT4036	1
NPC125416	NPT4037	1
NPC125416	NPT483	2
NPC125416	NPT539	1
NPC125416	NPT568	1
NPC125416	NPT61	1
NPC125416	NPT613	1
NPC125416	NPT792	1
NPC125417	NPT2230	1
NPC125449	NPT4407	1
NPC125449	NPT967	1
NPC125506	NPT47	1
NPC125575	NPT665	1
NPC125578	NPT570	1
NPC125579	NPT261	1
NPC125579	NPT30	2
NPC125579	NPT31	1
NPC125579	NPT582	1
NPC125732	NPT213	1
NPC125732	NPT242	1
NPC125732	NPT243	1
NPC125732	NPT425	1
NPC125732	NPT48	1
NPC125732	NPT864	1
NPC125732	NPT94	1
NPC125732	NPT976	2
NPC125828	NPT204	1
NPC125855	NPT178	1
NPC126029	NPT109	1
NPC126029	NPT1274	1
NPC126029	NPT149	2
NPC126029	NPT163	1
NPC126029	NPT210	1
NPC126029	NPT48	2
NPC126029	NPT60	1
NPC126029	NPT670	1
NPC126029	NPT798	1
NPC126029	NPT802	1
NPC126029	NPT920	1
NPC126293	NPT741	1
NPC12640	NPT178	1
NPC12640	NPT78	1
NPC12649	NPT178	1
NPC126519	NPT4163	1
NPC126664	NPT513	1
NPC126664	NPT60	3
NPC126681	NPT1006	1
NPC126681	NPT1517	1
NPC126681	NPT426	1
NPC126681	NPT646	1
NPC126759	NPT51	1
NPC126925	NPT1157	1
NPC127059	NPT740	1
NPC12714	NPT204	1
NPC127326	NPT109	1
NPC127326	NPT524	1
NPC127447	NPT109	1
NPC127447	NPT210	1
NPC127447	NPT212	1
NPC127447	NPT213	1
NPC127447	NPT51	2
NPC127447	NPT538	1
NPC127546	NPT1062	1
NPC127546	NPT233	1
NPC127546	NPT949	1
NPC127546	NPT955	1
NPC127624	NPT870	1
NPC127689	NPT178	2
NPC12774	NPT540	1
NPC127824	NPT3973	1
NPC127937	NPT570	1
NPC128019	NPT1274	1
NPC128208	NPT249	1
NPC128216	NPT109	1
NPC128216	NPT149	1
NPC128216	NPT151	1
NPC128216	NPT282	1
NPC128216	NPT45	1
NPC128216	NPT48	1
NPC128216	NPT483	1
NPC128216	NPT51	1
NPC128216	NPT539	1
NPC128216	NPT792	2
NPC128248	NPT3174	1
NPC128248	NPT546	1
NPC128248	NPT5981	1
NPC128248	NPT5983	1
NPC128335	NPT210	2
NPC128350	NPT94	1
NPC128428	NPT4441	2
NPC128496	NPT30	1
NPC128496	NPT31	1
NPC128529	NPT48	1
NPC128713	NPT282	1
NPC128816	NPT1197	1
NPC128825	NPT210	1
NPC128825	NPT483	1
NPC129217	NPT109	1
NPC129533	NPT1038	1
NPC129533	NPT282	1
NPC129533	NPT45	1
NPC129533	NPT47	1
NPC129533	NPT48	1
NPC129533	NPT50	1
NPC129533	NPT51	1
NPC129533	NPT57	1
NPC129533	NPT58	1
NPC129533	NPT59	1
NPC129533	NPT60	1
NPC129687	NPT110	1
NPC129687	NPT212	2
NPC129687	NPT213	1
NPC129889	NPT210	1
NPC129909	NPT10	1
NPC129909	NPT1028	1
NPC129909	NPT109	1
NPC129909	NPT1197	1
NPC129909	NPT143	18
NPC129909	NPT149	3
NPC129909	NPT151	4
NPC129909	NPT1608	1
NPC129909	NPT163	1
NPC129909	NPT208	2
NPC129909	NPT210	1
NPC129909	NPT211	2
NPC129909	NPT213	1
NPC129909	NPT291	1
NPC129909	NPT2930	2
NPC129909	NPT2944	1
NPC129909	NPT48	5
NPC129909	NPT483	2
NPC129909	NPT4907	1
NPC129909	NPT50	1
NPC129909	NPT501	5
NPC129909	NPT537	2
NPC129909	NPT539	2
NPC129909	NPT58	1
NPC129909	NPT60	1
NPC129909	NPT792	1
NPC129909	NPT796	1
NPC129909	NPT93	3
NPC129909	NPT94	4
NPC129909	NPT940	1
NPC129909	NPT96	1
NPC129976	NPT94	1
NPC13007	NPT1224	1
NPC130193	NPT4252	1
NPC130193	NPT591	1
NPC130193	NPT740	1
NPC130209	NPT94	1
NPC130230	NPT1038	1
NPC130230	NPT1338	1
NPC130230	NPT1385	1
NPC130230	NPT1603	1
NPC130230	NPT1604	1
NPC130230	NPT2266	1
NPC130230	NPT2715	1
NPC130230	NPT4088	1
NPC130230	NPT4675	1
NPC130230	NPT52	1
NPC130230	NPT6105	1
NPC130230	NPT675	1
NPC130230	NPT901	1
NPC130398	NPT210	1
NPC130520	NPT166	1
NPC130520	NPT203	1
NPC130577	NPT1210	1
NPC130577	NPT178	1
NPC13067	NPT109	1
NPC13067	NPT1226	1
NPC13067	NPT151	1
NPC13067	NPT277	1
NPC13067	NPT282	1
NPC13067	NPT48	1
NPC13067	NPT94	1
NPC130899	NPT178	1
NPC130931	NPT149	1
NPC130931	NPT94	1
NPC131039	NPT178	1
NPC131185	NPT78	1
NPC131192	NPT233	1
NPC131192	NPT947	1
NPC131192	NPT948	1
NPC131192	NPT949	1
NPC131192	NPT954	1
NPC131192	NPT955	1
NPC131450	NPT2818	1
NPC131530	NPT151	1
NPC131530	NPT47	1
NPC131530	NPT48	1
NPC131530	NPT483	1
NPC131530	NPT49	1
NPC131530	NPT50	1
NPC131530	NPT51	1
NPC131530	NPT58	1
NPC131530	NPT59	1
NPC131530	NPT796	1
NPC131530	NPT93	1
NPC131530	NPT94	1
NPC131568	NPT740	1
NPC131587	NPT109	1
NPC131587	NPT47	1
NPC131587	NPT94	1
NPC131623	NPT109	1
NPC131623	NPT792	1
NPC131624	NPT1371	1
NPC131624	NPT31	3
NPC131665	NPT178	1
NPC131684	NPT153	1
NPC131885	NPT151	1
NPC131885	NPT48	1
NPC131885	NPT94	1
NPC131981	NPT346	1
NPC131981	NPT483	1
NPC131981	NPT94	2
NPC132304	NPT1600	1
NPC132304	NPT274	1
NPC132304	NPT426	1
NPC132304	NPT4324	1
NPC132307	NPT1006	1
NPC132307	NPT483	1
NPC13249	NPT601	1
NPC132669	NPT1287	1
NPC132669	NPT232	1
NPC132847	NPT204	1
NPC132847	NPT439	1
NPC132858	NPT109	2
NPC132858	NPT48	2
NPC133003	NPT109	1
NPC133003	NPT1226	1
NPC133003	NPT151	1
NPC133003	NPT277	1
NPC133003	NPT48	1
NPC133003	NPT483	1
NPC133003	NPT92	1
NPC133003	NPT94	1
NPC133140	NPT109	2
NPC133140	NPT1416	1
NPC133140	NPT151	3
NPC133140	NPT211	1
NPC133140	NPT2755	1
NPC133140	NPT282	2
NPC133140	NPT45	1
NPC133140	NPT48	1
NPC133140	NPT483	2
NPC133140	NPT501	1
NPC133140	NPT51	1
NPC133140	NPT58	1
NPC133140	NPT796	1
NPC133140	NPT867	1
NPC133140	NPT93	2
NPC133140	NPT94	1
NPC133156	NPT601	1
NPC133162	NPT109	2
NPC133162	NPT110	6
NPC133162	NPT1197	1
NPC133162	NPT208	2
NPC133162	NPT210	1
NPC133162	NPT213	2
NPC133162	NPT221	1
NPC133162	NPT222	1
NPC133162	NPT223	1
NPC133162	NPT224	1
NPC133162	NPT228	2
NPC133162	NPT242	1
NPC133162	NPT244	1
NPC133162	NPT246	1
NPC133162	NPT251	1
NPC133162	NPT252	1
NPC133162	NPT262	1
NPC133162	NPT263	1
NPC133162	NPT264	1
NPC133162	NPT265	1
NPC133162	NPT266	1
NPC133162	NPT290	1
NPC133162	NPT291	1
NPC133162	NPT292	1
NPC133162	NPT294	2
NPC133162	NPT295	1
NPC133162	NPT3370	2
NPC133162	NPT483	2
NPC133162	NPT537	1
NPC133162	NPT538	1
NPC133162	NPT539	1
NPC133162	NPT628	1
NPC133162	NPT940	1
NPC133162	NPT96	1
NPC133183	NPT163	1
NPC133183	NPT210	1
NPC133183	NPT213	1
NPC133600	NPT346	1
NPC133671	NPT1062	1
NPC133671	NPT1356	1
NPC133671	NPT233	1
NPC133671	NPT41	1
NPC133671	NPT949	1
NPC133671	NPT955	1
NPC133758	NPT483	1
NPC133758	NPT58	1
NPC133771	NPT212	1
NPC133771	NPT483	1
NPC133792	NPT94	1
NPC133809	NPT1464	1
NPC133817	NPT271	1
NPC133836	NPT346	1
NPC134047	NPT1089	1
NPC134047	NPT1090	1
NPC134047	NPT280	1
NPC134047	NPT567	1
NPC134047	NPT568	1
NPC134047	NPT69	1
NPC13408	NPT441	1
NPC13426	NPT41	1
NPC134360	NPT741	1
NPC134532	NPT109	1
NPC134532	NPT48	1
NPC134532	NPT51	1
NPC134570	NPT1006	1
NPC134570	NPT1517	1
NPC134584	NPT210	1
NPC134584	NPT483	1
NPC134693	NPT740	1
NPC13470	NPT1037	2
NPC13470	NPT1237	4
NPC13470	NPT151	1
NPC13470	NPT282	1
NPC13470	NPT50	1
NPC13470	NPT51	1
NPC13470	NPT94	1
NPC134764	NPT109	1
NPC134764	NPT110	1
NPC134764	NPT246	1
NPC134825	NPT210	1
NPC134975	NPT2215	1
NPC134975	NPT59	1
NPC13504	NPT109	2
NPC13504	NPT149	2
NPC13504	NPT151	2
NPC13504	NPT48	4
NPC13504	NPT51	3
NPC13504	NPT60	1
NPC13504	NPT94	3
NPC135325	NPT178	1
NPC135334	NPT30	1
NPC135334	NPT31	1
NPC135391	NPT204	1
NPC135433	NPT208	1
NPC135433	NPT240	2
NPC135488	NPT1197	1
NPC135488	NPT483	1
NPC135539	NPT1006	1
NPC13554	NPT178	1
NPC135601	NPT1603	1
NPC135601	NPT1604	1
NPC135601	NPT208	1
NPC135639	NPT48	1
NPC135639	NPT94	1
NPC135730	NPT1044	1
NPC13575	NPT1255	1
NPC13575	NPT1256	1
NPC13575	NPT1257	1
NPC13575	NPT51	1
NPC135961	NPT106	1
NPC135961	NPT866	1
NPC135961	NPT99	1
NPC136014	NPT204	1
NPC136091	NPT3517	4
NPC136091	NPT3569	3
NPC136091	NPT3974	4
NPC136112	NPT110	2
NPC136112	NPT163	1
NPC136112	NPT208	2
NPC136112	NPT210	1
NPC136112	NPT225	1
NPC136112	NPT226	1
NPC136330	NPT109	1
NPC136330	NPT149	1
NPC136330	NPT151	1
NPC136330	NPT1547	1
NPC136330	NPT261	1
NPC136330	NPT282	1
NPC136330	NPT472	1
NPC136330	NPT48	1
NPC136330	NPT537	1
NPC136330	NPT538	1
NPC136330	NPT570	1
NPC136330	NPT582	2
NPC136330	NPT668	1
NPC136330	NPT93	1
NPC136330	NPT94	1
NPC136349	NPT218	1
NPC136349	NPT4059	1
NPC136349	NPT4545	1
NPC136349	NPT865	1
NPC136508	NPT1784	1
NPC136508	NPT1785	1
NPC136508	NPT242	1
NPC136508	NPT291	1
NPC136508	NPT294	1
NPC136508	NPT92	2
NPC136699	NPT864	1
NPC136826	NPT1464	1
NPC13696	NPT1259	2
NPC13696	NPT149	1
NPC13696	NPT151	1
NPC13696	NPT213	1
NPC13696	NPT48	1
NPC13696	NPT50	1
NPC13696	NPT94	2
NPC137050	NPT94	1
NPC137096	NPT163	1
NPC137096	NPT1788	3
NPC137096	NPT1789	2
NPC137096	NPT210	1
NPC137096	NPT211	1
NPC137096	NPT222	1
NPC137096	NPT224	1
NPC137096	NPT537	1
NPC137232	NPT178	2
NPC137396	NPT4309	1
NPC137419	NPT210	1
NPC137419	NPT48	1
NPC137537	NPT862	1
NPC137554	NPT61	2
NPC137567	NPT613	1
NPC13768	NPT109	1
NPC13768	NPT110	1
NPC13768	NPT149	1
NPC13768	NPT212	1
NPC13768	NPT213	1
NPC13768	NPT51	1
NPC137705	NPT1119	1
NPC137705	NPT792	1
NPC137847	NPT50	1
NPC137922	NPT1119	1
NPC137922	NPT41	1
NPC137922	NPT792	2
NPC137949	NPT109	1
NPC137949	NPT1226	2
NPC137949	NPT149	2
NPC137949	NPT151	3
NPC137949	NPT1551	1
NPC137949	NPT208	1
NPC137949	NPT211	1
NPC137949	NPT277	2
NPC137949	NPT30	1
NPC137949	NPT3904	1
NPC137949	NPT41	1
NPC137949	NPT48	3
NPC137949	NPT483	1
NPC137949	NPT501	3
NPC137949	NPT51	1
NPC137949	NPT57	1
NPC137949	NPT60	1
NPC137949	NPT792	1
NPC137949	NPT93	1
NPC137949	NPT94	3
NPC137949	NPT948	1
NPC137949	NPT949	1
NPC137949	NPT967	1
NPC137958	NPT1259	8
NPC137958	NPT1518	3
NPC137958	NPT1519	3
NPC137958	NPT1520	3
NPC137958	NPT1557	1
NPC137958	NPT208	1
NPC137958	NPT3549	8
NPC137958	NPT3737	2
NPC137958	NPT3741	6
NPC137958	NPT3742	7
NPC137958	NPT3743	5
NPC137958	NPT3744	3
NPC137958	NPT3745	3
NPC137958	NPT3746	2
NPC137958	NPT3757	4
NPC137958	NPT3758	3
NPC137958	NPT4562	4
NPC137958	NPT4563	13
NPC137958	NPT4565	8
NPC137958	NPT4566	3
NPC137958	NPT4567	2
NPC137958	NPT4576	1
NPC138056	NPT865	1
NPC138113	NPT210	1
NPC13818	NPT1270	1
NPC13818	NPT178	1
NPC13818	NPT41	1
NPC13818	NPT78	1
NPC13818	NPT862	1
NPC13826	NPT109	1
NPC13826	NPT1274	1
NPC13826	NPT48	1
NPC13826	NPT483	1
NPC13826	NPT51	1
NPC13826	NPT59	1
NPC13826	NPT60	1
NPC13826	NPT93	1
NPC138299	NPT151	1
NPC138299	NPT178	1
NPC138299	NPT244	1
NPC138299	NPT271	2
NPC138299	NPT279	1
NPC138299	NPT280	1
NPC138299	NPT292	1
NPC138299	NPT3172	1
NPC138299	NPT4581	1
NPC138299	NPT4582	1
NPC138299	NPT46	1
NPC138299	NPT51	1
NPC138299	NPT568	1
NPC138299	NPT57	1
NPC138299	NPT740	1
NPC138299	NPT78	1
NPC138299	NPT94	1
NPC138370	NPT1834	1
NPC138487	NPT109	1
NPC138487	NPT110	1
NPC138487	NPT208	1
NPC138487	NPT213	1
NPC138487	NPT483	1
NPC13879	NPT108	2
NPC13879	NPT155	1
NPC13879	NPT1587	1
NPC13879	NPT1588	1
NPC13879	NPT248	1
NPC138865	NPT346	1
NPC138927	NPT30	1
NPC138927	NPT31	1
NPC138942	NPT1287	1
NPC138942	NPT232	1
NPC138978	NPT282	1
NPC138978	NPT47	1
NPC138978	NPT48	1
NPC138978	NPT51	1
NPC138978	NPT57	1
NPC138978	NPT59	1
NPC138978	NPT60	1
NPC138978	NPT905	1
NPC139085	NPT109	1
NPC139085	NPT426	2
NPC139397	NPT1416	1
NPC139397	NPT149	1
NPC139397	NPT282	1
NPC139397	NPT441	2
NPC139397	NPT483	1
NPC139397	NPT58	1
NPC139397	NPT796	1
NPC139397	NPT894	1
NPC139397	NPT920	1
NPC139397	NPT93	2
NPC139397	NPT94	1
NPC139397	NPT958	3
NPC139416	NPT208	1
NPC139416	NPT240	2
NPC139416	NPT94	1
NPC139548	NPT3101	1
NPC139548	NPT41	1
NPC139548	NPT57	1
NPC139548	NPT947	1
NPC139548	NPT948	1
NPC139548	NPT949	1
NPC139548	NPT955	1
NPC139548	NPT967	1
NPC139658	NPT524	1
NPC139658	NPT976	1
NPC139813	NPT109	1
NPC139813	NPT1422	1
NPC139813	NPT213	1
NPC139813	NPT282	1
NPC139813	NPT483	1
NPC139813	NPT51	2
NPC139813	NPT78	1
NPC139813	NPT93	1
NPC139867	NPT1078	1
NPC139876	NPT204	1
NPC139891	NPT1062	2
NPC139891	NPT1063	1
NPC139891	NPT1143	1
NPC139891	NPT1144	1
NPC139891	NPT1146	1
NPC139891	NPT1224	1
NPC139891	NPT233	8
NPC139891	NPT483	1
NPC139891	NPT50	1
NPC139891	NPT57	1
NPC139891	NPT947	9
NPC139891	NPT948	1
NPC139891	NPT949	1
NPC139891	NPT954	1
NPC139891	NPT955	1
NPC13991	NPT210	1
NPC13991	NPT282	1
NPC14005	NPT1038	1
NPC14005	NPT1282	1
NPC14005	NPT1283	1
NPC14030	NPT1166	1
NPC14030	NPT1274	1
NPC14030	NPT143	1
NPC140300	NPT204	1
NPC140840	NPT1038	1
NPC140840	NPT1432	1
NPC140840	NPT1439	1
NPC140840	NPT1440	1
NPC140840	NPT1449	1
NPC140840	NPT1571	1
NPC140840	NPT1687	1
NPC140840	NPT1709	1
NPC140840	NPT1721	1
NPC140840	NPT2213	1
NPC140840	NPT2576	1
NPC140840	NPT261	1
NPC140840	NPT3230	1
NPC140840	NPT3236	1
NPC140840	NPT3240	1
NPC140840	NPT3246	1
NPC140840	NPT3312	1
NPC140840	NPT3347	1
NPC140840	NPT4627	1
NPC140840	NPT47	1
NPC140840	NPT48	1
NPC140840	NPT49	1
NPC140840	NPT51	1
NPC140840	NPT538	1
NPC140840	NPT57	1
NPC140840	NPT591	1
NPC140840	NPT60	1
NPC140840	NPT798	1
NPC140840	NPT801	1
NPC140840	NPT802	1
NPC140840	NPT833	1
NPC140872	NPT149	1
NPC141068	NPT947	1
NPC141068	NPT948	1
NPC141068	NPT949	1
NPC141068	NPT967	1
NPC141331	NPT3953	2
NPC141353	NPT1197	1
NPC141353	NPT151	1
NPC141353	NPT208	1
NPC141353	NPT213	1
NPC141353	NPT48	2
NPC141481	NPT182	1
NPC141523	NPT439	1
NPC141574	NPT41	1
NPC141612	NPT273	1
NPC141739	NPT225	2
NPC141739	NPT226	3
NPC141739	NPT483	1
NPC141739	NPT92	1
NPC141765	NPT106	1
NPC141765	NPT178	1
NPC141782	NPT918	1
NPC141791	NPT109	1
NPC141791	NPT110	1
NPC141791	NPT1119	1
NPC141791	NPT149	1
NPC141791	NPT163	1
NPC141791	NPT208	1
NPC141791	NPT210	1
NPC141791	NPT211	1
NPC141791	NPT212	1
NPC141791	NPT213	1
NPC141791	NPT282	1
NPC141791	NPT52	1
NPC141791	NPT539	1
NPC141791	NPT792	1
NPC141791	NPT96	1
NPC141953	NPT210	1
NPC142308	NPT178	1
NPC142308	NPT211	1
NPC142319	NPT741	5
NPC142330	NPT483	1
NPC142330	NPT50	1
NPC142330	NPT94	1
NPC142339	NPT178	1
NPC142339	NPT30	1
NPC142339	NPT31	1
NPC142339	NPT441	1
NPC142339	NPT861	1
NPC142339	NPT865	1
NPC14234	NPT1287	1
NPC14234	NPT232	1
NPC142361	NPT956	1
NPC142415	NPT1196	2
NPC142415	NPT1210	14
NPC142415	NPT1211	1
NPC142415	NPT1270	1
NPC142415	NPT166	1
NPC142415	NPT178	42
NPC142415	NPT1870	2
NPC142415	NPT205	2
NPC142415	NPT206	1
NPC142415	NPT287	1
NPC142415	NPT30	2
NPC142415	NPT31	3
NPC142415	NPT41	1
NPC142415	NPT540	1
NPC142415	NPT545	1
NPC142415	NPT59	4
NPC142415	NPT677	1
NPC142415	NPT721	1
NPC142415	NPT745	1
NPC142415	NPT911	1
NPC142754	NPT166	1
NPC142754	NPT203	1
NPC142860	NPT178	1
NPC142860	NPT2801	2
NPC142860	NPT441	1
NPC142860	NPT591	1
NPC142956	NPT279	1
NPC143022	NPT1210	1
NPC143022	NPT1211	1
NPC143022	NPT178	1
NPC143022	NPT287	1
NPC143168	NPT1080	1
NPC143168	NPT110	2
NPC143168	NPT1119	1
NPC143168	NPT149	1
NPC143168	NPT151	2
NPC143168	NPT212	1
NPC143168	NPT213	1
NPC143168	NPT282	1
NPC143168	NPT3167	1
NPC143168	NPT4309	4
NPC143168	NPT45	1
NPC143168	NPT48	2
NPC143168	NPT50	1
NPC143168	NPT51	3
NPC143168	NPT539	1
NPC143168	NPT570	1
NPC143168	NPT792	1
NPC143168	NPT94	3
NPC143168	NPT956	1
NPC14330	NPT94	1
NPC143402	NPT2944	1
NPC143402	NPT45	1
NPC143402	NPT46	1
NPC143402	NPT47	1
NPC143402	NPT50	1
NPC143402	NPT58	1
NPC143402	NPT864	1
NPC14353	NPT163	1
NPC14353	NPT721	1
NPC14353	NPT861	1
NPC14353	NPT865	1
NPC143649	NPT109	1
NPC143799	NPT261	1
NPC143809	NPT513	1
NPC143896	NPT178	1
NPC144258	NPT218	1
NPC144258	NPT246	1
NPC144258	NPT249	1
NPC144258	NPT281	1
NPC144258	NPT483	2
NPC144258	NPT51	2
NPC144258	NPT58	1
NPC144258	NPT894	1
NPC144258	NPT93	1
NPC144288	NPT740	1
NPC144407	NPT94	1
NPC144557	NPT1062	1
NPC144557	NPT949	1
NPC144557	NPT955	1
NPC14468	NPT640	1
NPC14468	NPT641	1
NPC144682	NPT233	1
NPC144682	NPT59	1
NPC144682	NPT93	1
NPC144682	NPT94	1
NPC144682	NPT947	1
NPC144939	NPT109	1
NPC144939	NPT1250	1
NPC144939	NPT210	1
NPC144939	NPT346	9
NPC144939	NPT472	1
NPC144956	NPT1028	1
NPC144956	NPT211	1
NPC144956	NPT249	1
NPC144956	NPT543	1
NPC144956	NPT713	1
NPC144995	NPT109	1
NPC145032	NPT1287	1
NPC145032	NPT232	1
NPC145038	NPT1356	1
NPC145038	NPT3835	1
NPC145038	NPT48	1
NPC145038	NPT60	1
NPC145038	NPT93	1
NPC145045	NPT208	1
NPC145047	NPT1119	1
NPC145052	NPT151	1
NPC145052	NPT48	1
NPC145052	NPT51	1
NPC145235	NPT48	1
NPC145235	NPT94	1
NPC145304	NPT48	1
NPC145304	NPT51	1
NPC145304	NPT94	1
NPC145638	NPT425	1
NPC145885	NPT59	1
NPC145885	NPT60	1
NPC145888	NPT1197	1
NPC145888	NPT46	1
NPC145888	NPT47	2
NPC145888	NPT48	1
NPC145888	NPT49	2
NPC145888	NPT50	2
NPC145888	NPT51	2
NPC145888	NPT58	2
NPC145888	NPT59	1
NPC145888	NPT94	1
NPC14622	NPT109	1
NPC146289	NPT210	1
NPC146316	NPT539	1
NPC146355	NPT570	1
NPC146373	NPT110	1
NPC146373	NPT208	1
NPC146373	NPT213	1
NPC146373	NPT240	3
NPC146422	NPT110	1
NPC146422	NPT149	2
NPC146422	NPT1811	2
NPC146422	NPT211	1
NPC146422	NPT226	1
NPC146422	NPT228	1
NPC146422	NPT242	13
NPC146422	NPT243	44
NPC146422	NPT244	26
NPC146422	NPT245	8
NPC146422	NPT246	1
NPC146422	NPT282	1
NPC146422	NPT4046	1
NPC146422	NPT4047	1
NPC146422	NPT47	2
NPC146422	NPT48	2
NPC146422	NPT49	1
NPC146422	NPT50	2
NPC146422	NPT51	2
NPC146422	NPT539	1
NPC146422	NPT792	1
NPC146422	NPT920	1
NPC146422	NPT94	2
NPC146422	NPT940	1
NPC146422	NPT96	1
NPC146703	NPT109	1
NPC146703	NPT149	1
NPC146703	NPT210	1
NPC146703	NPT213	1
NPC146703	NPT2562	3
NPC146703	NPT47	1
NPC146703	NPT50	2
NPC146703	NPT51	1
NPC146703	NPT58	1
NPC146703	NPT59	1
NPC146703	NPT796	1
NPC146703	NPT864	1
NPC146976	NPT1255	1
NPC146976	NPT1256	1
NPC146976	NPT1257	1
NPC146976	NPT4674	1
NPC146976	NPT4675	1
NPC146976	NPT864	1
NPC146976	NPT979	1
NPC147000	NPT109	1
NPC147000	NPT110	1
NPC147000	NPT1119	1
NPC147000	NPT149	1
NPC147000	NPT163	1
NPC147000	NPT210	1
NPC147000	NPT212	1
NPC147000	NPT213	1
NPC147000	NPT501	1
NPC147000	NPT52	1
NPC147000	NPT792	1
NPC147000	NPT96	1
NPC147030	NPT233	1
NPC147030	NPT947	1
NPC147030	NPT948	1
NPC147030	NPT949	1
NPC147030	NPT955	1
NPC147062	NPT204	1
NPC147212	NPT50	1
NPC147310	NPT31	1
NPC147363	NPT211	1
NPC147418	NPT109	1
NPC147418	NPT1274	1
NPC147418	NPT1424	1
NPC147418	NPT149	1
NPC147418	NPT151	1
NPC147418	NPT157	1
NPC147418	NPT1598	2
NPC147418	NPT282	1
NPC147418	NPT45	1
NPC147418	NPT46	1
NPC147418	NPT47	1
NPC147418	NPT48	1
NPC147418	NPT49	1
NPC147418	NPT491	1
NPC147418	NPT50	1
NPC147418	NPT51	1
NPC147418	NPT539	1
NPC147418	NPT792	1
NPC147418	NPT94	1
NPC147513	NPT204	1
NPC147513	NPT439	1
NPC147654	NPT78	1
NPC147686	NPT1663	1
NPC147686	NPT441	2
NPC147824	NPT947	1
NPC147824	NPT948	1
NPC147957	NPT4684	1
NPC147983	NPT149	2
NPC147983	NPT151	1
NPC147983	NPT210	1
NPC147983	NPT2926	1
NPC147983	NPT48	2
NPC147983	NPT50	1
NPC147983	NPT59	1
NPC147983	NPT60	1
NPC147983	NPT94	1
NPC148014	NPT110	3
NPC148014	NPT212	1
NPC148014	NPT213	1
NPC148183	NPT145	1
NPC148183	NPT1788	1
NPC148183	NPT1789	1
NPC148183	NPT221	1
NPC148183	NPT222	1
NPC148183	NPT223	1
NPC148183	NPT224	1
NPC148183	NPT271	1
NPC148183	NPT272	1
NPC148216	NPT1604	1
NPC148216	NPT792	1
NPC148391	NPT601	1
NPC148414	NPT956	1
NPC148523	NPT1210	1
NPC148523	NPT1591	1
NPC148523	NPT178	2
NPC148523	NPT570	2
NPC148523	NPT956	2
NPC148757	NPT1422	1
NPC148835	NPT3101	1
NPC148835	NPT947	1
NPC148835	NPT948	1
NPC148835	NPT949	1
NPC148835	NPT955	1
NPC148893	NPT204	1
NPC148938	NPT439	1
NPC148964	NPT178	1
NPC149155	NPT1157	1
NPC149155	NPT1197	1
NPC149155	NPT2818	1
NPC149155	NPT483	1
NPC149184	NPT106	1
NPC149184	NPT178	1
NPC149184	NPT866	1
NPC149184	NPT99	1
NPC149209	NPT684	1
NPC149209	NPT685	1
NPC149209	NPT686	1
NPC149209	NPT687	1
NPC149300	NPT1063	1
NPC149300	NPT13	1
NPC149300	NPT14	1
NPC149300	NPT208	1
NPC149300	NPT212	1
NPC149300	NPT233	1
NPC149300	NPT253	1
NPC149300	NPT273	1
NPC149300	NPT281	1
NPC149300	NPT282	1
NPC149300	NPT283	1
NPC149300	NPT300	1
NPC149300	NPT45	1
NPC149300	NPT72	1
NPC149300	NPT73	1
NPC149300	NPT864	1
NPC149300	NPT947	1
NPC149389	NPT178	1
NPC149436	NPT210	1
NPC149436	NPT94	1
NPC149545	NPT947	2
NPC149545	NPT948	2
NPC149545	NPT949	2
NPC149571	NPT108	32
NPC149571	NPT109	4
NPC149571	NPT110	2
NPC149571	NPT14	1
NPC149571	NPT145	1
NPC149571	NPT149	2
NPC149571	NPT163	1
NPC149571	NPT204	1
NPC149571	NPT210	1
NPC149571	NPT212	3
NPC149571	NPT213	2
NPC149571	NPT217	1
NPC149571	NPT221	1
NPC149571	NPT222	1
NPC149571	NPT223	1
NPC149571	NPT224	1
NPC149571	NPT228	1
NPC149571	NPT242	1
NPC149571	NPT243	1
NPC149571	NPT244	1
NPC149571	NPT246	1
NPC149571	NPT248	27
NPC149571	NPT271	1
NPC149571	NPT272	1
NPC149571	NPT2742	4
NPC149571	NPT290	1
NPC149571	NPT291	2
NPC149571	NPT292	1
NPC149571	NPT294	1
NPC149571	NPT295	1
NPC149571	NPT296	2
NPC149571	NPT298	1
NPC149571	NPT4110	1
NPC149571	NPT45	1
NPC149571	NPT4698	1
NPC149571	NPT4699	1
NPC149571	NPT47	1
NPC149571	NPT483	1
NPC149571	NPT50	2
NPC149571	NPT51	1
NPC149571	NPT539	1
NPC149571	NPT540	1
NPC149571	NPT543	1
NPC149571	NPT792	1
NPC149571	NPT94	2
NPC149571	NPT940	1
NPC149571	NPT96	1
NPC14958	NPT94	1
NPC149618	NPT109	1
NPC149618	NPT178	1
NPC149618	NPT956	1
NPC150026	NPT570	1
NPC150026	NPT956	1
NPC150048	NPT110	1
NPC150164	NPT1044	1
NPC1502	NPT282	1
NPC1502	NPT50	1
NPC1502	NPT94	1
NPC150323	NPT210	1
NPC150323	NPT2230	1
NPC150408	NPT178	3
NPC150506	NPT51	1
NPC150506	NPT93	1
NPC150592	NPT4717	1
NPC150592	NPT491	1
NPC150648	NPT1422	1
NPC150680	NPT60	1
NPC150809	NPT109	1
NPC150837	NPT204	1
NPC150908	NPT109	1
NPC150908	NPT149	1
NPC150908	NPT2930	1
NPC150908	NPT483	1
NPC150908	NPT51	1
NPC150908	NPT539	1
NPC150908	NPT740	1
NPC150908	NPT78	1
NPC150928	NPT1287	1
NPC150928	NPT232	1
NPC150928	NPT2982	1
NPC150950	NPT613	1
NPC150950	NPT918	1
NPC150978	NPT1197	1
NPC150978	NPT1283	1
NPC150978	NPT282	1
NPC150978	NPT2892	1
NPC150978	NPT3728	1
NPC150978	NPT4120	1
NPC150978	NPT4358	1
NPC150978	NPT51	1
NPC150978	NPT537	1
NPC150978	NPT538	1
NPC151004	NPT110	1
NPC151004	NPT483	1
NPC15109	NPT261	1
NPC151113	NPT109	1
NPC151113	NPT151	1
NPC151113	NPT50	1
NPC151113	NPT94	1
NPC151214	NPT1197	1
NPC151214	NPT1416	1
NPC151214	NPT2892	1
NPC151214	NPT483	1
NPC151214	NPT93	1
NPC15130	NPT865	1
NPC151781	NPT109	1
NPC151781	NPT1226	1
NPC151781	NPT143	1
NPC151781	NPT277	1
NPC151781	NPT2930	1
NPC151781	NPT93	1
NPC152152	NPT1384	1
NPC152152	NPT1495	1
NPC152301	NPT152	1
NPC152451	NPT1157	2
NPC152684	NPT439	1
NPC1527	NPT366	1
NPC152718	NPT204	1
NPC152718	NPT439	1
NPC152771	NPT151	1
NPC152771	NPT48	1
NPC152771	NPT6213	1
NPC152771	NPT94	1
NPC152942	NPT149	1
NPC152942	NPT48	1
NPC152942	NPT94	1
NPC153007	NPT204	1
NPC153007	NPT439	1
NPC153095	NPT152	1
NPC153556	NPT2969	1
NPC153580	NPT792	1
NPC153783	NPT109	1
NPC153783	NPT50	1
NPC153783	NPT93	1
NPC153979	NPT30	1
NPC154176	NPT3101	1
NPC154176	NPT48	1
NPC154176	NPT947	1
NPC154176	NPT948	1
NPC154176	NPT949	1
NPC154176	NPT955	1
NPC154245	NPT106	1
NPC154245	NPT4030	1
NPC154245	NPT866	2
NPC154245	NPT94	1
NPC154245	NPT99	1
NPC154256	NPT30	1
NPC154256	NPT31	1
NPC154256	NPT4734	1
NPC154256	NPT967	1
NPC154728	NPT3504	1
NPC154922	NPT640	1
NPC154922	NPT641	1
NPC154962	NPT93	1
NPC155087	NPT1391	1
NPC155087	NPT3826	1
NPC155087	NPT4712	5
NPC155144	NPT1464	2
NPC155144	NPT30	1
NPC155144	NPT31	1
NPC155144	NPT4735	1
NPC155144	NPT741	1
NPC15566	NPT1008	2
NPC15566	NPT109	1
NPC15566	NPT1324	1
NPC15566	NPT163	1
NPC15566	NPT210	1
NPC15566	NPT94	1
NPC155763	NPT48	1
NPC155763	NPT483	1
NPC155763	NPT51	1
NPC155763	NPT59	1
NPC155763	NPT60	1
NPC155763	NPT801	1
NPC155763	NPT94	1
NPC155882	NPT109	2
NPC155882	NPT151	1
NPC155882	NPT240	1
NPC155882	NPT51	1
NPC155882	NPT864	1
NPC155882	NPT94	1
NPC155900	NPT210	1
NPC155900	NPT94	1
NPC155986	NPT103	4
NPC155986	NPT1794	1
NPC155986	NPT2222	1
NPC155986	NPT253	2
NPC155986	NPT4185	1
NPC156018	NPT346	1
NPC156018	NPT570	1
NPC156018	NPT93	1
NPC156021	NPT1078	1
NPC156021	NPT109	1
NPC156021	NPT151	1
NPC156021	NPT282	1
NPC156021	NPT3997	1
NPC156021	NPT48	2
NPC156021	NPT51	2
NPC156021	NPT94	2
NPC156092	NPT668	1
NPC156222	NPT1479	1
NPC156222	NPT271	1
NPC156222	NPT51	1
NPC156222	NPT537	1
NPC156222	NPT538	1
NPC156222	NPT59	1
NPC156313	NPT208	1
NPC156313	NPT240	2
NPC156313	NPT901	1
NPC156432	NPT163	1
NPC156432	NPT721	1
NPC156457	NPT48	1
NPC156457	NPT94	1
NPC156461	NPT1224	4
NPC156461	NPT1291	1
NPC156461	NPT1620	1
NPC156461	NPT216	6
NPC156461	NPT217	8
NPC156461	NPT218	6
NPC156461	NPT282	1
NPC156461	NPT285	1
NPC156461	NPT2875	1
NPC156461	NPT2876	1
NPC156461	NPT2877	1
NPC156461	NPT2878	1
NPC156461	NPT2879	1
NPC156461	NPT3838	1
NPC156461	NPT4059	6
NPC156461	NPT6098	1
NPC156461	NPT760	1
NPC156461	NPT93	1
NPC15658	NPT740	1
NPC156590	NPT178	1
NPC156590	NPT204	1
NPC156590	NPT2680	1
NPC156590	NPT439	1
NPC156590	NPT740	1
NPC156654	NPT1062	1
NPC156654	NPT1063	2
NPC156654	NPT233	1
NPC156654	NPT48	1
NPC156654	NPT51	1
NPC156654	NPT59	1
NPC156654	NPT60	1
NPC156654	NPT864	1
NPC156654	NPT947	1
NPC156654	NPT948	1
NPC156654	NPT949	1
NPC156654	NPT954	1
NPC156654	NPT955	1
NPC156840	NPT346	1
NPC156955	NPT178	1
NPC157212	NPT668	1
NPC157284	NPT1046	1
NPC157284	NPT1158	1
NPC157284	NPT1337	1
NPC157284	NPT3732	1
NPC157338	NPT30	1
NPC157338	NPT582	1
NPC157340	NPT483	1
NPC157340	NPT94	1
NPC157479	NPT204	1
NPC157479	NPT439	1
NPC157497	NPT3953	1
NPC157522	NPT1603	1
NPC157522	NPT1604	1
NPC157727	NPT38	1
NPC157781	NPT38	1
NPC157781	NPT410	1
NPC157931	NPT1038	1
NPC157931	NPT108	1
NPC157931	NPT151	1
NPC157931	NPT1603	2
NPC157931	NPT1604	2
NPC157931	NPT208	1
NPC157931	NPT37	1
NPC157931	NPT48	1
NPC157931	NPT51	1
NPC157931	NPT537	1
NPC157931	NPT538	1
NPC157931	NPT539	1
NPC157931	NPT59	1
NPC157931	NPT93	1
NPC157931	NPT94	1
NPC157944	NPT210	1
NPC157944	NPT48	1
NPC157944	NPT50	1
NPC157944	NPT94	1
NPC158020	NPT668	1
NPC158028	NPT208	1
NPC158028	NPT210	1
NPC158028	NPT240	2
NPC158059	NPT178	1
NPC158088	NPT1211	1
NPC158088	NPT2570	1
NPC158157	NPT1338	1
NPC158179	NPT1119	1
NPC158179	NPT151	1
NPC158179	NPT2570	1
NPC158179	NPT45	1
NPC158179	NPT47	2
NPC158179	NPT48	1
NPC158179	NPT50	3
NPC158179	NPT51	2
NPC158179	NPT57	1
NPC158179	NPT58	1
NPC158179	NPT59	1
NPC158179	NPT93	1
NPC158179	NPT94	1
NPC158222	NPT410	1
NPC158285	NPT2601	1
NPC158329	NPT178	1
NPC158329	NPT4786	1
NPC158329	NPT4787	1
NPC158329	NPT57	1
NPC158329	NPT918	1
NPC158329	NPT981	1
NPC158526	NPT109	1
NPC158526	NPT51	1
NPC15864	NPT1006	1
NPC15864	NPT52	1
NPC158654	NPT233	1
NPC158654	NPT947	1
NPC158654	NPT948	1
NPC158654	NPT949	1
NPC158654	NPT954	1
NPC158654	NPT955	1
NPC158654	NPT967	1
NPC158707	NPT862	1
NPC158737	NPT109	1
NPC158853	NPT1566	1
NPC158853	NPT48	2
NPC158853	NPT483	1
NPC158949	NPT92	1
NPC158994	NPT210	1
NPC159046	NPT956	1
NPC1591	NPT262	9
NPC1591	NPT263	5
NPC1591	NPT264	5
NPC1591	NPT265	5
NPC1591	NPT266	5
NPC1591	NPT410	8
NPC1591	NPT93	1
NPC159188	NPT178	1
NPC159508	NPT211	1
NPC159579	NPT109	1
NPC159589	NPT94	1
NPC159815	NPT262	1
NPC159815	NPT93	1
NPC159866	NPT1119	2
NPC159866	NPT792	2
NPC160100	NPT2629	1
NPC160100	NPT48	1
NPC160113	NPT640	1
NPC160113	NPT641	1
NPC160179	NPT2562	1
NPC160193	NPT228	1
NPC160193	NPT261	1
NPC160193	NPT295	1
NPC160193	NPT582	1
NPC16031	NPT1119	1
NPC16031	NPT1226	1
NPC16031	NPT149	1
NPC16031	NPT151	1
NPC16031	NPT282	1
NPC16031	NPT47	1
NPC16031	NPT48	1
NPC16031	NPT49	1
NPC16031	NPT50	1
NPC16031	NPT51	1
NPC16031	NPT58	1
NPC16031	NPT792	1
NPC16031	NPT94	1
NPC160380	NPT233	1
NPC160380	NPT249	1
NPC160380	NPT947	1
NPC160512	NPT1187	1
NPC160512	NPT1274	1
NPC160512	NPT1287	1
NPC160512	NPT1336	1
NPC160512	NPT1337	1
NPC160512	NPT232	1
NPC160512	NPT283	1
NPC160512	NPT72	1
NPC160512	NPT73	1
NPC160512	NPT920	1
NPC160512	NPT980	2
NPC160548	NPT483	1
NPC160661	NPT213	1
NPC160661	NPT46	1
NPC160661	NPT483	1
NPC160854	NPT106	1
NPC160900	NPT1038	1
NPC160900	NPT1079	2
NPC160900	NPT109	2
NPC160900	NPT1119	1
NPC160900	NPT1187	1
NPC160900	NPT1197	1
NPC160900	NPT1226	1
NPC160900	NPT1416	1
NPC160900	NPT149	2
NPC160900	NPT151	2
NPC160900	NPT152	1
NPC160900	NPT1566	1
NPC160900	NPT157	2
NPC160900	NPT1588	1
NPC160900	NPT1834	1
NPC160900	NPT210	1
NPC160900	NPT211	1
NPC160900	NPT2553	1
NPC160900	NPT261	2
NPC160900	NPT277	2
NPC160900	NPT282	2
NPC160900	NPT285	1
NPC160900	NPT2930	1
NPC160900	NPT3120	1
NPC160900	NPT4252	1
NPC160900	NPT46	1
NPC160900	NPT48	2
NPC160900	NPT483	2
NPC160900	NPT50	3
NPC160900	NPT51	4
NPC160900	NPT52	1
NPC160900	NPT539	1
NPC160900	NPT570	1
NPC160900	NPT582	2
NPC160900	NPT584	1
NPC160900	NPT59	1
NPC160900	NPT591	1
NPC160900	NPT60	1
NPC160900	NPT677	1
NPC160900	NPT684	1
NPC160900	NPT685	1
NPC160900	NPT687	1
NPC160900	NPT740	1
NPC160900	NPT741	1
NPC160900	NPT78	20
NPC160900	NPT792	2
NPC160900	NPT920	1
NPC160900	NPT94	2
NPC160900	NPT956	3
NPC160931	NPT497	1
NPC160951	NPT1432	1
NPC160951	NPT1433	1
NPC160951	NPT1478	1
NPC160951	NPT1603	1
NPC160951	NPT1604	2
NPC160972	NPT1038	1
NPC160972	NPT1197	1
NPC160972	NPT2892	1
NPC160972	NPT483	1
NPC160972	NPT51	1
NPC160972	NPT537	1
NPC160972	NPT538	1
NPC16107	NPT109	1
NPC16107	NPT296	1
NPC16107	NPT677	1
NPC161187	NPT178	1
NPC1612	NPT441	1
NPC161423	NPT109	1
NPC161423	NPT149	1
NPC161423	NPT153	10
NPC161423	NPT1604	1
NPC161423	NPT210	1
NPC161423	NPT2217	1
NPC161423	NPT249	1
NPC161423	NPT2691	1
NPC161423	NPT296	1
NPC161423	NPT441	1
NPC161423	NPT483	1
NPC161423	NPT713	1
NPC161423	NPT745	1
NPC161423	NPT894	1
NPC161423	NPT895	1
NPC161423	NPT920	1
NPC161557	NPT106	1
NPC161557	NPT99	1
NPC161571	NPT1046	2
NPC161571	NPT1062	1
NPC161571	NPT1063	1
NPC161571	NPT108	1
NPC161571	NPT109	4
NPC161571	NPT1143	1
NPC161571	NPT1144	1
NPC161571	NPT1146	1
NPC161571	NPT1197	1
NPC161571	NPT13	1
NPC161571	NPT144	1
NPC161571	NPT1444	1
NPC161571	NPT149	2
NPC161571	NPT151	5
NPC161571	NPT152	1
NPC161571	NPT1547	1
NPC161571	NPT1592	1
NPC161571	NPT1603	2
NPC161571	NPT1604	3
NPC161571	NPT182	1
NPC161571	NPT208	1
NPC161571	NPT211	1
NPC161571	NPT212	1
NPC161571	NPT213	1
NPC161571	NPT2215	1
NPC161571	NPT228	1
NPC161571	NPT233	1
NPC161571	NPT2520	1
NPC161571	NPT261	3
NPC161571	NPT2629	1
NPC161571	NPT2680	1
NPC161571	NPT2796	1
NPC161571	NPT30	6
NPC161571	NPT31	9
NPC161571	NPT3101	1
NPC161571	NPT3120	1
NPC161571	NPT3376	1
NPC161571	NPT346	1
NPC161571	NPT366	8
NPC161571	NPT3960	1
NPC161571	NPT3962	1
NPC161571	NPT441	4
NPC161571	NPT46	1
NPC161571	NPT48	4
NPC161571	NPT483	2
NPC161571	NPT51	5
NPC161571	NPT537	2
NPC161571	NPT538	2
NPC161571	NPT539	2
NPC161571	NPT570	1
NPC161571	NPT58	1
NPC161571	NPT582	2
NPC161571	NPT59	1
NPC161571	NPT60	1
NPC161571	NPT668	1
NPC161571	NPT721	2
NPC161571	NPT741	3
NPC161571	NPT78	9
NPC161571	NPT796	1
NPC161571	NPT93	4
NPC161571	NPT94	5
NPC161571	NPT940	1
NPC161571	NPT947	1
NPC161571	NPT948	1
NPC161571	NPT949	1
NPC161571	NPT954	1
NPC161571	NPT955	1
NPC161593	NPT1157	1
NPC161593	NPT1237	1
NPC161593	NPT13	1
NPC161593	NPT14	1
NPC161593	NPT149	2
NPC161593	NPT211	1
NPC161593	NPT285	2
NPC161593	NPT45	1
NPC161593	NPT47	1
NPC161593	NPT48	1
NPC161593	NPT50	1
NPC161593	NPT741	1
NPC161593	NPT792	1
NPC161659	NPT483	1
NPC161659	NPT94	1
NPC161749	NPT2732	3
NPC161749	NPT537	1
NPC161749	NPT538	1
NPC161749	NPT93	1
NPC161768	NPT50	1
NPC161768	NPT864	1
NPC161768	NPT94	1
NPC161928	NPT3820	2
NPC16194	NPT1356	1
NPC161957	NPT1197	1
NPC161957	NPT2892	1
NPC161957	NPT3728	1
NPC161957	NPT51	1
NPC161957	NPT537	1
NPC161957	NPT538	1
NPC162045	NPT210	1
NPC162045	NPT4884	1
NPC162045	NPT524	2
NPC162071	NPT99	1
NPC162169	NPT2533	1
NPC162268	NPT1608	5
NPC162268	NPT1680	4
NPC162268	NPT282	2
NPC162268	NPT491	1
NPC162484	NPT2797	1
NPC162547	NPT50	1
NPC162612	NPT441	1
NPC162612	NPT741	1
NPC162620	NPT1157	1
NPC162620	NPT483	1
NPC162939	NPT48	1
NPC162939	NPT51	1
NPC162939	NPT59	1
NPC163029	NPT956	1
NPC163076	NPT1062	1
NPC163076	NPT1063	1
NPC163076	NPT233	7
NPC163076	NPT947	7
NPC163076	NPT948	1
NPC163076	NPT955	1
NPC163099	NPT163	1
NPC163099	NPT208	1
NPC163099	NPT261	1
NPC163099	NPT582	1
NPC163099	NPT613	1
NPC163099	NPT792	1
NPC163200	NPT204	1
NPC163398	NPT41	1
NPC163398	NPT57	1
NPC163398	NPT948	2
NPC163398	NPT949	2
NPC163524	NPT967	1
NPC163556	NPT149	1
NPC163556	NPT94	1
NPC163557	NPT1224	1
NPC163707	NPT483	1
NPC163707	NPT94	1
NPC163751	NPT472	1
NPC163846	NPT99	2
NPC163984	NPT94	2
NPC164269	NPT668	1
NPC164272	NPT279	1
NPC164340	NPT48	1
NPC164386	NPT92	1
NPC164514	NPT222	1
NPC16452	NPT1079	1
NPC16452	NPT110	1
NPC16452	NPT178	1
NPC16452	NPT204	1
NPC16452	NPT211	1
NPC16452	NPT483	1
NPC164646	NPT210	1
NPC164664	NPT1699	1
NPC164664	NPT2562	3
NPC164664	NPT5106	1
NPC164664	NPT792	1
NPC164664	NPT93	1
NPC164664	NPT948	1
NPC164664	NPT949	1
NPC164697	NPT109	1
NPC164697	NPT157	1
NPC164697	NPT212	1
NPC164697	NPT50	1
NPC164697	NPT792	1
NPC164697	NPT94	1
NPC164778	NPT109	2
NPC164778	NPT110	1
NPC164778	NPT208	1
NPC164778	NPT212	1
NPC164778	NPT213	1
NPC164778	NPT240	1
NPC164778	NPT241	1
NPC164778	NPT2520	1
NPC164778	NPT472	1
NPC164778	NPT570	1
NPC164778	NPT627	1
NPC164778	NPT628	1
NPC164778	NPT92	1
NPC164802	NPT204	1
NPC164804	NPT537	1
NPC164804	NPT538	1
NPC164804	NPT918	1
NPC164859	NPT1166	2
NPC164859	NPT1237	1
NPC164894	NPT570	1
NPC164894	NPT956	1
NPC165133	NPT77	1
NPC165204	NPT967	1
NPC165212	NPT210	1
NPC165386	NPT204	1
NPC165396	NPT204	1
NPC165396	NPT439	1
NPC165549	NPT109	1
NPC165549	NPT110	1
NPC165549	NPT204	1
NPC165549	NPT208	1
NPC165549	NPT210	1
NPC165549	NPT213	1
NPC165549	NPT51	1
NPC165549	NPT539	1
NPC165549	NPT918	1
NPC165711	NPT568	1
NPC16577	NPT1287	4
NPC16577	NPT1603	1
NPC16577	NPT1604	1
NPC16577	NPT208	1
NPC16577	NPT232	3
NPC16577	NPT472	1
NPC165770	NPT30	1
NPC165770	NPT31	1
NPC165846	NPT50	1
NPC166036	NPT178	1
NPC166287	NPT160	1
NPC166287	NPT204	1
NPC166287	NPT31	1
NPC166287	NPT46	1
NPC166287	NPT483	1
NPC166287	NPT50	1
NPC166287	NPT543	1
NPC166287	NPT58	1
NPC166287	NPT796	1
NPC166424	NPT410	1
NPC166424	NPT59	1
NPC166424	NPT93	1
NPC166458	NPT204	1
NPC166689	NPT2584	1
NPC166788	NPT3414	1
NPC166788	NPT831	1
NPC166791	NPT210	1
NPC166851	NPT2533	1
NPC166858	NPT1044	1
NPC166858	NPT261	1
NPC166858	NPT582	1
NPC166884	NPT108	1
NPC166934	NPT1422	1
NPC167096	NPT472	1
NPC167096	NPT537	1
NPC167096	NPT538	1
NPC167323	NPT108	1
NPC167323	NPT248	1
NPC167383	NPT677	1
NPC167400	NPT4904	1
NPC167400	NPT525	28
NPC167400	NPT60	1
NPC167400	NPT645	1
NPC167400	NPT647	1
NPC167400	NPT78	1
NPC167400	NPT94	1
NPC167400	NPT967	1
NPC167479	NPT1603	1
NPC167479	NPT1604	1
NPC167546	NPT1038	1
NPC167546	NPT1274	1
NPC167546	NPT48	1
NPC167546	NPT483	1
NPC167546	NPT4907	1
NPC167546	NPT51	1
NPC167546	NPT59	1
NPC167546	NPT867	1
NPC167571	NPT109	1
NPC167576	NPT1119	1
NPC167576	NPT1464	1
NPC167576	NPT4735	1
NPC167576	NPT570	1
NPC167576	NPT792	1
NPC167944	NPT109	1
NPC167944	NPT1197	1
NPC167944	NPT483	1
NPC167944	NPT51	1
NPC167944	NPT60	1
NPC167944	NPT668	2
NPC167986	NPT483	1
NPC167986	NPT94	1
NPC168105	NPT483	1
NPC168105	NPT51	1
NPC168409	NPT741	1
NPC168579	NPT1592	1
NPC168579	NPT870	1
NPC168657	NPT31	1
NPC168799	NPT1089	1
NPC168799	NPT1090	1
NPC168799	NPT280	1
NPC168799	NPT567	1
NPC168799	NPT568	1
NPC168799	NPT69	2
NPC168829	NPT1287	2
NPC168829	NPT232	2
NPC168829	NPT51	1
NPC168829	NPT546	1
NPC168829	NPT570	1
NPC168829	NPT59	1
NPC168829	NPT60	1
NPC169050	NPT208	1
NPC169050	NPT211	1
NPC169050	NPT213	1
NPC169056	NPT210	1
NPC169089	NPT149	1
NPC169089	NPT212	1
NPC169162	NPT178	1
NPC169207	NPT151	1
NPC169207	NPT1788	4
NPC169207	NPT1789	1
NPC169207	NPT222	8
NPC169207	NPT223	3
NPC169207	NPT224	5
NPC169207	NPT226	2
NPC169207	NPT227	1
NPC169207	NPT243	2
NPC169207	NPT47	2
NPC169207	NPT483	1
NPC169207	NPT49	1
NPC169207	NPT50	3
NPC169207	NPT51	3
NPC169207	NPT58	1
NPC169250	NPT178	2
NPC16935	NPT108	1
NPC169433	NPT109	1
NPC16947	NPT210	1
NPC169471	NPT178	1
NPC169479	NPT261	1
NPC169479	NPT865	1
NPC169485	NPT163	2
NPC169510	NPT151	1
NPC169510	NPT48	1
NPC169510	NPT94	1
NPC169591	NPT166	1
NPC169591	NPT203	1
NPC169591	NPT50	1
NPC169591	NPT99	1
NPC169749	NPT1038	1
NPC169749	NPT1044	1
NPC169749	NPT109	3
NPC169749	NPT110	1
NPC169749	NPT1119	1
NPC169749	NPT1187	1
NPC169749	NPT1226	1
NPC169749	NPT1265	1
NPC169749	NPT1338	1
NPC169749	NPT1429	1
NPC169749	NPT1434	1
NPC169749	NPT1445	1
NPC169749	NPT1449	1
NPC169749	NPT149	4
NPC169749	NPT151	3
NPC169749	NPT1566	3
NPC169749	NPT1592	1
NPC169749	NPT1594	2
NPC169749	NPT1603	1
NPC169749	NPT1604	2
NPC169749	NPT1627	1
NPC169749	NPT1650	1
NPC169749	NPT1721	1
NPC169749	NPT204	2
NPC169749	NPT208	2
NPC169749	NPT211	1
NPC169749	NPT212	3
NPC169749	NPT213	3
NPC169749	NPT2574	1
NPC169749	NPT2626	1
NPC169749	NPT41	1
NPC169749	NPT439	1
NPC169749	NPT441	1
NPC169749	NPT45	2
NPC169749	NPT47	4
NPC169749	NPT4717	1
NPC169749	NPT477	1
NPC169749	NPT48	5
NPC169749	NPT4897	1
NPC169749	NPT49	3
NPC169749	NPT4918	1
NPC169749	NPT50	4
NPC169749	NPT51	4
NPC169749	NPT58	4
NPC169749	NPT59	1
NPC169749	NPT612	1
NPC169749	NPT740	1
NPC169749	NPT78	5
NPC169749	NPT792	3
NPC169749	NPT796	1
NPC169749	NPT798	1
NPC169749	NPT802	1
NPC169749	NPT864	1
NPC169749	NPT867	1
NPC169749	NPT870	1
NPC169749	NPT920	1
NPC169749	NPT94	3
NPC169749	NPT940	1
NPC169749	NPT96	1
NPC169749	NPT967	1
NPC170018	NPT3910	1
NPC170018	NPT4034	1
NPC170018	NPT45	1
NPC170018	NPT4581	1
NPC170018	NPT4920	1
NPC170018	NPT864	1
NPC170026	NPT178	1
NPC170103	NPT149	1
NPC170103	NPT208	1
NPC170103	NPT792	1
NPC170172	NPT497	1
NPC170172	NPT60	1
NPC170303	NPT3971	1
NPC170333	NPT601	1
NPC17042	NPT178	1
NPC170475	NPT1356	1
NPC170739	NPT1157	1
NPC170749	NPT1038	1
NPC170749	NPT49	1
NPC170749	NPT524	1
NPC170749	NPT59	1
NPC170812	NPT109	1
NPC170812	NPT149	1
NPC170812	NPT48	1
NPC170812	NPT50	1
NPC170812	NPT72	1
NPC170812	NPT73	1
NPC170812	NPT94	1
NPC171116	NPT907	1
NPC171171	NPT292	1
NPC171171	NPT295	1
NPC171188	NPT210	2
NPC171188	NPT96	1
NPC171426	NPT249	1
NPC171426	NPT713	1
NPC171426	NPT745	2
NPC171426	NPT748	1
NPC171426	NPT754	1
NPC17170	NPT178	1
NPC171713	NPT152	1
NPC171736	NPT106	1
NPC171736	NPT866	1
NPC171736	NPT99	1
NPC171850	NPT51	1
NPC171882	NPT1371	1
NPC171905	NPT182	3
NPC171905	NPT3124	1
NPC171905	NPT760	1
NPC171905	NPT761	1
NPC171905	NPT880	1
NPC171905	NPT881	2
NPC171905	NPT887	1
NPC171916	NPT178	1
NPC172053	NPT483	1
NPC172064	NPT346	1
NPC172066	NPT94	1
NPC172250	NPT178	1
NPC172262	NPT109	1
NPC172262	NPT1338	1
NPC172262	NPT149	1
NPC172262	NPT151	1
NPC172262	NPT1634	1
NPC172262	NPT282	1
NPC172262	NPT3117	1
NPC172262	NPT441	1
NPC172262	NPT48	1
NPC172262	NPT93	1
NPC172262	NPT94	1
NPC172361	NPT570	1
NPC172361	NPT792	1
NPC17244	NPT1375	1
NPC17244	NPT1379	1
NPC172676	NPT274	1
NPC17273	NPT273	1
NPC172770	NPT1214	1
NPC172770	NPT2584	1
NPC172925	NPT50	1
NPC173019	NPT1592	1
NPC173149	NPT47	1
NPC173295	NPT48	1
NPC173295	NPT524	1
NPC173295	NPT59	1
NPC173343	NPT644	1
NPC173350	NPT1464	1
NPC173555	NPT103	5
NPC173555	NPT1283	1
NPC173555	NPT38	1
NPC173555	NPT47	1
NPC173555	NPT483	2
NPC173555	NPT4947	1
NPC173555	NPT501	1
NPC173555	NPT537	2
NPC173555	NPT538	2
NPC173555	NPT539	1
NPC173555	NPT713	1
NPC173555	NPT72	1
NPC173555	NPT73	1
NPC173637	NPT1356	1
NPC173637	NPT1700	1
NPC173637	NPT41	2
NPC173637	NPT862	1
NPC173637	NPT864	1
NPC173637	NPT967	1
NPC173991	NPT109	1
NPC173991	NPT46	1
NPC173991	NPT50	1
NPC173991	NPT539	1
NPC173991	NPT792	1
NPC173991	NPT93	1
NPC173996	NPT51	1
NPC174086	NPT864	1
NPC174099	NPT210	1
NPC174246	NPT1006	1
NPC174246	NPT1157	2
NPC174304	NPT1566	1
NPC174304	NPT4948	1
NPC174367	NPT670	1
NPC174421	NPT109	1
NPC174447	NPT48	1
NPC174486	NPT144	1
NPC174783	NPT145	1
NPC174783	NPT271	1
NPC174783	NPT272	1
NPC174802	NPT1429	1
NPC174802	NPT1441	1
NPC174802	NPT2604	1
NPC174802	NPT2654	1
NPC174802	NPT2674	1
NPC174802	NPT2675	1
NPC174802	NPT2757	1
NPC174802	NPT3825	6
NPC174802	NPT3826	6
NPC174802	NPT3827	1
NPC174802	NPT3829	5
NPC174802	NPT4505	1
NPC174802	NPT483	1
NPC174802	NPT4848	1
NPC174802	NPT4954	2
NPC174802	NPT4961	1
NPC174802	NPT918	1
NPC175013	NPT109	1
NPC175013	NPT1265	1
NPC175013	NPT1338	1
NPC175013	NPT149	1
NPC175013	NPT151	1
NPC175013	NPT1619	1
NPC175013	NPT2715	1
NPC175013	NPT2930	1
NPC175013	NPT47	1
NPC175013	NPT48	1
NPC175013	NPT51	1
NPC175013	NPT58	1
NPC175013	NPT792	1
NPC175013	NPT94	1
NPC175159	NPT3101	1
NPC175159	NPT947	1
NPC175159	NPT948	1
NPC175159	NPT949	1
NPC175159	NPT955	1
NPC17525	NPT677	1
NPC175342	NPT41	1
NPC175852	NPT178	1
NPC175899	NPT3114	1
NPC176309	NPT346	1
NPC176309	NPT5259	1
NPC176500	NPT208	1
NPC176740	NPT107	1
NPC176740	NPT1592	1
NPC176740	NPT204	1
NPC176740	NPT222	1
NPC176740	NPT224	1
NPC176740	NPT282	1
NPC176740	NPT439	1
NPC176740	NPT48	1
NPC176740	NPT51	1
NPC176740	NPT59	1
NPC176740	NPT60	1
NPC176740	NPT862	1
NPC176740	NPT967	1
NPC176775	NPT282	1
NPC176775	NPT94	1
NPC176814	NPT109	1
NPC176814	NPT208	1
NPC176814	NPT212	1
NPC176814	NPT213	1
NPC176814	NPT282	1
NPC176814	NPT491	1
NPC176930	NPT1422	1
NPC176930	NPT3803	1
NPC177013	NPT38	1
NPC177281	NPT109	1
NPC177281	NPT1416	1
NPC177281	NPT149	2
NPC177281	NPT151	2
NPC177281	NPT210	1
NPC177281	NPT282	1
NPC177281	NPT48	2
NPC177281	NPT483	1
NPC177281	NPT94	2
NPC177940	NPT668	1
NPC177996	NPT151	1
NPC177996	NPT501	1
NPC178014	NPT109	1
NPC17810	NPT483	1
NPC17810	NPT713	1
NPC17810	NPT72	1
NPC17810	NPT73	1
NPC17810	NPT94	1
NPC178134	NPT1038	1
NPC178134	NPT1062	1
NPC178134	NPT1063	1
NPC178134	NPT1143	1
NPC178134	NPT1144	1
NPC178134	NPT1146	1
NPC178134	NPT1166	1
NPC178134	NPT1211	1
NPC178134	NPT1224	1
NPC178134	NPT1250	1
NPC178134	NPT1337	1
NPC178134	NPT1432	1
NPC178134	NPT1433	1
NPC178134	NPT1434	1
NPC178134	NPT1436	1
NPC178134	NPT1438	1
NPC178134	NPT1478	1
NPC178134	NPT149	3
NPC178134	NPT151	3
NPC178134	NPT154	1
NPC178134	NPT1557	1
NPC178134	NPT1598	2
NPC178134	NPT1627	1
NPC178134	NPT1660	1
NPC178134	NPT1702	1
NPC178134	NPT212	1
NPC178134	NPT213	1
NPC178134	NPT233	1
NPC178134	NPT2571	1
NPC178134	NPT2572	1
NPC178134	NPT2573	1
NPC178134	NPT2574	1
NPC178134	NPT2575	1
NPC178134	NPT2576	1
NPC178134	NPT2604	1
NPC178134	NPT261	1
NPC178134	NPT282	1
NPC178134	NPT285	1
NPC178134	NPT286	1
NPC178134	NPT2930	1
NPC178134	NPT3101	1
NPC178134	NPT36	2
NPC178134	NPT41	1
NPC178134	NPT4218	1
NPC178134	NPT45	1
NPC178134	NPT46	2
NPC178134	NPT47	3
NPC178134	NPT48	3
NPC178134	NPT483	1
NPC178134	NPT4848	1
NPC178134	NPT49	1
NPC178134	NPT50	3
NPC178134	NPT5009	1
NPC178134	NPT5011	1
NPC178134	NPT51	3
NPC178134	NPT524	1
NPC178134	NPT539	2
NPC178134	NPT58	3
NPC178134	NPT5802	2
NPC178134	NPT59	1
NPC178134	NPT591	1
NPC178134	NPT60	1
NPC178134	NPT665	1
NPC178134	NPT728	1
NPC178134	NPT740	1
NPC178134	NPT78	1
NPC178134	NPT792	1
NPC178134	NPT8	1
NPC178134	NPT831	1
NPC178134	NPT862	1
NPC178134	NPT9	1
NPC178134	NPT947	2
NPC178134	NPT948	2
NPC178134	NPT949	2
NPC178134	NPT954	1
NPC178134	NPT955	2
NPC178134	NPT981	1
NPC178202	NPT441	2
NPC178263	NPT212	1
NPC178263	NPT483	1
NPC178290	NPT567	1
NPC178306	NPT210	1
NPC178306	NPT94	1
NPC178382	NPT570	1
NPC178383	NPT1044	1
NPC178383	NPT4218	1
NPC178383	NPT540	1
NPC178383	NPT721	1
NPC17848	NPT864	1
NPC17848	NPT94	1
NPC178902	NPT48	1
NPC17892	NPT1394	1
NPC179015	NPT740	1
NPC179092	NPT149	1
NPC179092	NPT2652	1
NPC179092	NPT48	1
NPC179092	NPT51	1
NPC179092	NPT568	1
NPC179092	NPT792	1
NPC179198	NPT273	1
NPC179271	NPT1038	1
NPC179271	NPT59	1
NPC179271	NPT60	1
NPC179464	NPT109	1
NPC179464	NPT149	1
NPC179464	NPT151	2
NPC179464	NPT48	2
NPC179464	NPT483	1
NPC179464	NPT93	2
NPC179464	NPT94	2
NPC179704	NPT1592	1
NPC179787	NPT109	1
NPC179787	NPT110	4
NPC179787	NPT1416	1
NPC179787	NPT149	3
NPC179787	NPT151	5
NPC179787	NPT163	1
NPC179787	NPT208	2
NPC179787	NPT210	1
NPC179787	NPT282	1
NPC179787	NPT48	5
NPC179787	NPT49	1
NPC179787	NPT51	1
NPC179787	NPT58	1
NPC179787	NPT94	6
NPC179860	NPT210	1
NPC179950	NPT1062	1
NPC179950	NPT233	1
NPC179950	NPT41	1
NPC179950	NPT48	1
NPC179950	NPT51	1
NPC179950	NPT59	1
NPC179950	NPT60	1
NPC179950	NPT801	1
NPC179950	NPT802	1
NPC179950	NPT862	1
NPC179950	NPT949	1
NPC179950	NPT955	1
NPC179950	NPT967	2
NPC180006	NPT109	1
NPC180006	NPT149	1
NPC180006	NPT151	2
NPC180006	NPT282	1
NPC180006	NPT4046	1
NPC180006	NPT48	2
NPC180006	NPT50	2
NPC180006	NPT501	1
NPC180006	NPT51	1
NPC180006	NPT524	1
NPC180006	NPT740	1
NPC180006	NPT792	1
NPC180006	NPT864	1
NPC180006	NPT94	3
NPC180204	NPT178	1
NPC180261	NPT78	1
NPC180493	NPT4059	1
NPC180504	NPT1430	1
NPC180504	NPT2546	1
NPC180504	NPT728	4
NPC180508	NPT1603	2
NPC180508	NPT1604	3
NPC180508	NPT2629	1
NPC180508	NPT282	1
NPC180508	NPT30	1
NPC180508	NPT31	1
NPC180508	NPT366	1
NPC180508	NPT3960	1
NPC180508	NPT48	1
NPC180508	NPT51	1
NPC180508	NPT537	1
NPC180508	NPT538	1
NPC180508	NPT570	2
NPC180508	NPT60	1
NPC180508	NPT668	1
NPC180534	NPT1028	1
NPC180534	NPT483	1
NPC180534	NPT51	1
NPC180662	NPT78	1
NPC180756	NPT145	1
NPC180862	NPT152	1
NPC180862	NPT543	1
NPC180862	NPT741	1
NPC180871	NPT425	1
NPC180872	NPT483	1
NPC180872	NPT539	1
NPC180872	NPT94	1
NPC180905	NPT109	1
NPC180905	NPT151	1
NPC181153	NPT3731	3
NPC181209	NPT178	1
NPC181209	NPT99	1
NPC181225	NPT1196	1
NPC181225	NPT178	1
NPC181225	NPT1870	1
NPC181390	NPT233	1
NPC181390	NPT948	1
NPC181464	NPT570	1
NPC181465	NPT967	1
NPC181510	NPT48	1
NPC181516	NPT483	1
NPC181588	NPT208	1
NPC181594	NPT1197	1
NPC181594	NPT1283	1
NPC181594	NPT483	1
NPC181594	NPT51	1
NPC181594	NPT524	1
NPC181594	NPT537	1
NPC181594	NPT93	1
NPC181653	NPT204	1
NPC181653	NPT93	1
NPC181718	NPT225	1
NPC181718	NPT226	1
NPC181786	NPT1418	1
NPC181786	NPT279	1
NPC181786	NPT6588	1
NPC181796	NPT204	1
NPC18188	NPT1006	1
NPC18188	NPT1008	6
NPC18188	NPT1038	1
NPC18188	NPT1407	1
NPC18188	NPT1416	1
NPC18188	NPT208	1
NPC18188	NPT210	1
NPC18188	NPT46	1
NPC18188	NPT483	2
NPC18188	NPT58	1
NPC18188	NPT808	4
NPC18188	NPT810	3
NPC18188	NPT811	3
NPC18188	NPT817	1
NPC18205	NPT94	1
NPC18223	NPT1157	1
NPC18223	NPT94	1
NPC18224	NPT483	1
NPC182257	NPT109	2
NPC182570	NPT109	1
NPC182570	NPT208	1
NPC182570	NPT240	4
NPC182570	NPT2599	1
NPC182570	NPT346	2
NPC182570	NPT410	23
NPC182570	NPT424	2
NPC182570	NPT5033	2
NPC182570	NPT51	1
NPC182570	NPT94	3
NPC182570	NPT98	5
NPC18259	NPT240	2
NPC18259	NPT483	1
NPC18260	NPT1422	1
NPC182606	NPT210	1
NPC182606	NPT94	1
NPC182646	NPT1197	1
NPC182646	NPT1282	1
NPC182646	NPT4674	1
NPC182646	NPT483	1
NPC182646	NPT51	1
NPC182646	NPT94	1
NPC18297	NPT78	1
NPC183307	NPT261	1
NPC18335	NPT1423	1
NPC18335	NPT483	1
NPC18335	NPT967	1
NPC183655	NPT109	1
NPC183655	NPT149	1
NPC183655	NPT151	1
NPC183655	NPT47	1
NPC183655	NPT48	1
NPC183655	NPT483	1
NPC183655	NPT51	1
NPC18380	NPT178	1
NPC183845	NPT3757	2
NPC183845	NPT4563	2
NPC183845	NPT58	1
NPC183950	NPT1038	1
NPC183950	NPT1594	1
NPC183950	NPT1603	2
NPC183950	NPT1604	2
NPC183950	NPT208	1
NPC183950	NPT51	1
NPC183950	NPT59	1
NPC183950	NPT94	1
NPC184006	NPT1139	1
NPC184006	NPT956	1
NPC184014	NPT1287	1
NPC184014	NPT232	1
NPC184014	NPT346	1
NPC184014	NPT472	1
NPC18402	NPT204	1
NPC184026	NPT1811	1
NPC184026	NPT242	2
NPC184026	NPT243	2
NPC184026	NPT244	1
NPC184026	NPT677	1
NPC184026	NPT92	1
NPC184150	NPT503	1
NPC184203	NPT109	1
NPC184203	NPT151	1
NPC184203	NPT346	1
NPC184203	NPT792	1
NPC184203	NPT94	1
NPC184326	NPT178	2
NPC18433	NPT48	1
NPC18457	NPT178	1
NPC18457	NPT741	1
NPC184579	NPT1079	2
NPC184579	NPT1080	3
NPC184579	NPT2653	1
NPC184579	NPT4248	2
NPC184593	NPT483	1
NPC184641	NPT59	1
NPC184658	NPT233	1
NPC184658	NPT947	1
NPC184964	NPT1416	1
NPC184964	NPT410	1
NPC184964	NPT45	1
NPC184964	NPT60	1
NPC184964	NPT792	1
NPC18509	NPT1038	1
NPC18509	NPT109	1
NPC18509	NPT149	1
NPC18509	NPT163	1
NPC18509	NPT211	1
NPC18509	NPT249	1
NPC18509	NPT51	1
NPC18509	NPT713	1
NPC18509	NPT894	1
NPC18509	NPT93	1
NPC185258	NPT1214	1
NPC185258	NPT2584	1
NPC185392	NPT3517	1
NPC185498	NPT1044	18
NPC185498	NPT322	2
NPC185498	NPT612	1
NPC185498	NPT6327	1
NPC185498	NPT6574	1
NPC185498	NPT668	2
NPC185498	NPT72	1
NPC185498	NPT979	1
NPC185607	NPT51	1
NPC185607	NPT537	1
NPC185607	NPT538	1
NPC185634	NPT543	1
NPC185634	NPT570	1
NPC185639	NPT1274	1
NPC185680	NPT4884	2
NPC185680	NPT524	1
NPC185738	NPT152	1
NPC185838	NPT149	1
NPC185838	NPT48	1
NPC185838	NPT792	1
NPC185838	NPT94	1
NPC185903	NPT110	1
NPC185903	NPT212	1
NPC185903	NPT213	1
NPC185908	NPT109	2
NPC185936	NPT483	1
NPC185936	NPT51	1
NPC185936	NPT58	1
NPC185936	NPT93	1
NPC185991	NPT216	1
NPC185991	NPT2266	11
NPC185991	NPT36	1
NPC185991	NPT3825	2
NPC185991	NPT3826	2
NPC185991	NPT3829	1
NPC185991	NPT4219	1
NPC185991	NPT4506	2
NPC185991	NPT5047	1
NPC185991	NPT93	1
NPC186098	NPT109	1
NPC186098	NPT151	1
NPC186098	NPT282	1
NPC186098	NPT94	1
NPC186385	NPT1287	1
NPC186686	NPT178	1
NPC187022	NPT222	1
NPC187022	NPT224	1
NPC187022	NPT5051	1
NPC187022	NPT537	1
NPC187022	NPT538	1
NPC187022	NPT668	1
NPC187022	NPT940	1
NPC187022	NPT942	1
NPC187095	NPT210	1
NPC187095	NPT483	1
NPC187145	NPT1038	1
NPC187145	NPT1197	1
NPC187145	NPT1226	1
NPC187145	NPT1416	1
NPC187145	NPT157	1
NPC187145	NPT277	1
NPC187145	NPT2930	1
NPC187145	NPT3263	1
NPC187145	NPT45	1
NPC187145	NPT483	1
NPC187145	NPT51	1
NPC187145	NPT524	1
NPC187145	NPT537	1
NPC187145	NPT538	1
NPC187145	NPT539	1
NPC187145	NPT59	1
NPC187282	NPT1422	1
NPC187398	NPT1592	1
NPC187432	NPT1062	1
NPC187432	NPT109	1
NPC187432	NPT110	1
NPC187432	NPT1603	1
NPC187432	NPT1604	2
NPC187432	NPT204	2
NPC187432	NPT208	1
NPC187432	NPT212	1
NPC187432	NPT213	1
NPC187432	NPT217	1
NPC187432	NPT218	2
NPC187432	NPT261	1
NPC187432	NPT439	1
NPC187432	NPT441	1
NPC187432	NPT51	1
NPC187432	NPT582	1
NPC187432	NPT949	1
NPC187432	NPT955	1
NPC187432	NPT967	1
NPC187770	NPT223	1
NPC187770	NPT741	1
NPC187913	NPT1063	1
NPC187913	NPT233	1
NPC187913	NPT4161	1
NPC187913	NPT525	1
NPC187913	NPT947	1
NPC187913	NPT948	1
NPC187913	NPT949	1
NPC187993	NPT483	1
NPC188010	NPT277	1
NPC188010	NPT567	1
NPC188104	NPT1627	1
NPC188163	NPT110	2
NPC188163	NPT483	1
NPC188231	NPT48	1
NPC188327	NPT1224	1
NPC188341	NPT109	1
NPC188341	NPT1214	1
NPC188341	NPT1418	1
NPC188341	NPT208	1
NPC188341	NPT213	1
NPC188341	NPT539	1
NPC188380	NPT109	1
NPC188380	NPT149	1
NPC188380	NPT151	1
NPC188380	NPT48	1
NPC188380	NPT51	1
NPC188380	NPT94	1
NPC188433	NPT48	1
NPC188433	NPT51	1
NPC188433	NPT93	1
NPC188646	NPT1038	1
NPC188646	NPT109	1
NPC188646	NPT149	1
NPC188646	NPT51	2
NPC188646	NPT524	1
NPC188646	NPT539	1
NPC188814	NPT204	1
NPC188844	NPT920	1
NPC188867	NPT1157	1
NPC188871	NPT1606	1
NPC188871	NPT1720	1
NPC188895	NPT94	1
NPC188947	NPT582	1
NPC189087	NPT204	1
NPC189087	NPT439	1
NPC189087	NPT740	1
NPC189142	NPT50	1
NPC189142	NPT864	1
NPC189248	NPT109	1
NPC189266	NPT1811	1
NPC189266	NPT242	5
NPC189266	NPT243	5
NPC189266	NPT244	3
NPC189266	NPT245	1
NPC189266	NPT677	1
NPC189314	NPT151	1
NPC189314	NPT2930	1
NPC189314	NPT30	1
NPC189314	NPT48	1
NPC189314	NPT50	1
NPC189314	NPT539	1
NPC189314	NPT93	1
NPC189314	NPT94	1
NPC189470	NPT4163	1
NPC189588	NPT1283	1
NPC189588	NPT3812	1
NPC189588	NPT50	1
NPC189588	NPT537	1
NPC189588	NPT538	1
NPC189588	NPT539	1
NPC189689	NPT178	1
NPC18982	NPT4581	1
NPC189823	NPT109	1
NPC189844	NPT1674	1
NPC189844	NPT31	1
NPC189844	NPT4252	1
NPC189844	NPT740	1
NPC190043	NPT178	1
NPC190117	NPT94	1
NPC190184	NPT109	1
NPC190184	NPT210	1
NPC190184	NPT211	1
NPC190184	NPT483	1
NPC190204	NPT740	1
NPC190217	NPT109	1
NPC190296	NPT208	1
NPC190296	NPT210	1
NPC190296	NPT213	1
NPC190296	NPT483	1
NPC190296	NPT52	1
NPC190296	NPT58	1
NPC19044	NPT93	1
NPC190442	NPT178	1
NPC190454	NPT1721	1
NPC190454	NPT870	1
NPC190461	NPT109	1
NPC190461	NPT110	1
NPC190461	NPT1119	1
NPC190461	NPT1226	1
NPC190461	NPT149	2
NPC190461	NPT151	1
NPC190461	NPT210	1
NPC190461	NPT212	1
NPC190461	NPT213	1
NPC190461	NPT277	1
NPC190461	NPT282	1
NPC190461	NPT46	1
NPC190461	NPT47	1
NPC190461	NPT48	1
NPC190461	NPT50	1
NPC190461	NPT501	1
NPC190461	NPT51	1
NPC190461	NPT539	1
NPC190461	NPT58	1
NPC190461	NPT94	1
NPC190501	NPT108	7
NPC190501	NPT109	1
NPC190501	NPT1422	1
NPC190501	NPT149	2
NPC190501	NPT1587	5
NPC190501	NPT163	1
NPC190501	NPT1731	1
NPC190501	NPT208	1
NPC190501	NPT211	2
NPC190501	NPT248	5
NPC190501	NPT291	1
NPC190501	NPT295	1
NPC190501	NPT441	1
NPC190501	NPT483	2
NPC190501	NPT58	1
NPC190501	NPT796	1
NPC190501	NPT894	1
NPC190501	NPT920	1
NPC190572	NPT109	1
NPC190572	NPT151	1
NPC190572	NPT218	1
NPC190572	NPT282	1
NPC190572	NPT46	1
NPC190753	NPT31	1
NPC190817	NPT178	1
NPC190931	NPT1283	1
NPC190931	NPT543	1
NPC190945	NPT10	1
NPC190945	NPT1028	1
NPC190945	NPT1038	2
NPC190945	NPT109	7
NPC190945	NPT110	1
NPC190945	NPT1119	2
NPC190945	NPT1463	1
NPC190945	NPT149	4
NPC190945	NPT151	3
NPC190945	NPT1557	1
NPC190945	NPT163	1
NPC190945	NPT208	4
NPC190945	NPT210	1
NPC190945	NPT211	3
NPC190945	NPT212	3
NPC190945	NPT213	3
NPC190945	NPT216	1
NPC190945	NPT217	1
NPC190945	NPT218	4
NPC190945	NPT234	1
NPC190945	NPT2592	1
NPC190945	NPT2626	1
NPC190945	NPT2691	2
NPC190945	NPT282	2
NPC190945	NPT292	1
NPC190945	NPT300	1
NPC190945	NPT3839	1
NPC190945	NPT48	5
NPC190945	NPT483	2
NPC190945	NPT50	6
NPC190945	NPT5071	1
NPC190945	NPT51	6
NPC190945	NPT539	1
NPC190945	NPT58	1
NPC190945	NPT668	2
NPC190945	NPT713	4
NPC190945	NPT796	1
NPC190945	NPT93	3
NPC190945	NPT94	7
NPC190945	NPT940	1
NPC190945	NPT96	1
NPC190945	NPT98	6
NPC191104	NPT109	2
NPC191104	NPT110	1
NPC191104	NPT1604	1
NPC191104	NPT210	1
NPC191104	NPT212	1
NPC191104	NPT213	1
NPC191104	NPT241	1
NPC191104	NPT4023	1
NPC191104	NPT50	1
NPC191104	NPT627	1
NPC191104	NPT740	1
NPC191136	NPT483	1
NPC191146	NPT721	1
NPC191194	NPT1119	1
NPC191194	NPT792	1
NPC191310	NPT1416	1
NPC191310	NPT151	1
NPC191310	NPT48	1
NPC191310	NPT483	1
NPC191310	NPT51	1
NPC191310	NPT537	1
NPC191310	NPT538	1
NPC191310	NPT60	1
NPC191310	NPT93	1
NPC191310	NPT94	1
NPC191337	NPT30	1
NPC191337	NPT570	1
NPC191444	NPT109	1
NPC191444	NPT50	1
NPC191444	NPT539	1
NPC191444	NPT94	1
NPC19149	NPT967	1
NPC191693	NPT713	1
NPC19174	NPT10	1
NPC19174	NPT1038	1
NPC19174	NPT108	1
NPC19174	NPT109	2
NPC19174	NPT1187	1
NPC19174	NPT1416	1
NPC19174	NPT151	1
NPC19174	NPT1587	1
NPC19174	NPT1588	1
NPC19174	NPT212	1
NPC19174	NPT213	1
NPC19174	NPT248	1
NPC19174	NPT41	1
NPC19174	NPT410	1
NPC19174	NPT441	1
NPC19174	NPT483	2
NPC19174	NPT50	1
NPC19174	NPT51	5
NPC19174	NPT58	1
NPC19174	NPT584	2
NPC19174	NPT61	1
NPC19174	NPT740	2
NPC19174	NPT78	1
NPC19174	NPT796	1
NPC19174	NPT940	1
NPC191768	NPT59	1
NPC191774	NPT1720	1
NPC191774	NPT214	6
NPC191774	NPT3579	1
NPC191774	NPT3595	1
NPC191774	NPT469	1
NPC191774	NPT5075	1
NPC191774	NPT5079	1
NPC191774	NPT5080	2
NPC191774	NPT5085	2
NPC191774	NPT5086	1
NPC191774	NPT5087	1
NPC192040	NPT472	1
NPC192065	NPT483	2
NPC19240	NPT1062	1
NPC19240	NPT109	1
NPC19240	NPT949	1
NPC19240	NPT955	1
NPC19241	NPT210	1
NPC19241	NPT792	1
NPC192521	NPT3741	1
NPC192521	NPT3742	1
NPC192521	NPT3743	1
NPC192521	NPT3745	1
NPC192521	NPT4576	1
NPC192533	NPT1197	1
NPC192533	NPT282	1
NPC192533	NPT483	1
NPC192533	NPT51	1
NPC192533	NPT537	1
NPC192533	NPT538	1
NPC192533	NPT864	1
NPC192533	NPT93	1
NPC192533	NPT94	1
NPC19256	NPT911	1
NPC192577	NPT1078	1
NPC192638	NPT1044	1
NPC192638	NPT166	1
NPC192638	NPT178	1
NPC192638	NPT203	1
NPC192686	NPT2680	1
NPC192744	NPT483	1
NPC192744	NPT540	1
NPC192744	NPT745	1
NPC192744	NPT93	1
NPC192831	NPT178	1
NPC193238	NPT483	1
NPC193471	NPT47	1
NPC193484	NPT109	1
NPC193484	NPT210	1
NPC193484	NPT539	1
NPC193484	NPT93	1
NPC193484	NPT94	1
NPC193536	NPT1062	1
NPC193536	NPT1063	1
NPC193536	NPT1143	1
NPC193536	NPT1144	1
NPC193536	NPT1146	1
NPC193536	NPT208	1
NPC193536	NPT210	1
NPC193536	NPT212	1
NPC193536	NPT233	1
NPC193536	NPT792	1
NPC193536	NPT940	1
NPC193536	NPT947	1
NPC193536	NPT948	1
NPC193536	NPT949	1
NPC193536	NPT954	1
NPC193536	NPT955	1
NPC193536	NPT96	1
NPC193578	NPT208	1
NPC193578	NPT240	2
NPC193666	NPT106	1
NPC193666	NPT99	1
NPC193805	NPT153	1
NPC193805	NPT3504	1
NPC193805	NPT3505	1
NPC193805	NPT3507	1
NPC193881	NPT740	1
NPC193949	NPT242	1
NPC193949	NPT243	1
NPC193949	NPT4674	1
NPC193949	NPT864	1
NPC193976	NPT178	1
NPC193976	NPT211	1
NPC194040	NPT48	1
NPC194277	NPT204	1
NPC194432	NPT441	1
NPC194465	NPT210	1
NPC194562	NPT1038	1
NPC194562	NPT149	2
NPC194562	NPT151	2
NPC194562	NPT155	1
NPC194562	NPT1627	5
NPC194562	NPT208	1
NPC194562	NPT213	1
NPC194562	NPT282	1
NPC194562	NPT410	1
NPC194562	NPT48	3
NPC194562	NPT501	1
NPC194562	NPT60	1
NPC194562	NPT94	1
NPC194593	NPT740	1
NPC194593	NPT78	1
NPC194764	NPT178	2
NPC194764	NPT497	1
NPC194764	NPT967	1
NPC194856	NPT1166	1
NPC194856	NPT261	1
NPC194856	NPT69	1
NPC194856	NPT865	1
NPC194857	NPT211	1
NPC194857	NPT212	1
NPC195140	NPT218	1
NPC195268	NPT1028	1
NPC195268	NPT109	2
NPC195268	NPT110	3
NPC195268	NPT1119	1
NPC195268	NPT1464	1
NPC195268	NPT163	1
NPC195268	NPT1834	2
NPC195268	NPT204	1
NPC195268	NPT208	2
NPC195268	NPT210	3
NPC195268	NPT211	2
NPC195268	NPT212	2
NPC195268	NPT213	4
NPC195268	NPT273	1
NPC195268	NPT2761	1
NPC195268	NPT282	2
NPC195268	NPT45	1
NPC195268	NPT483	1
NPC195268	NPT5100	2
NPC195268	NPT5104	5
NPC195268	NPT5105	2
NPC195268	NPT5106	13
NPC195268	NPT537	1
NPC195268	NPT713	1
NPC195268	NPT792	1
NPC195268	NPT93	1
NPC195268	NPT94	1
NPC195268	NPT96	1
NPC195268	NPT98	1
NPC195343	NPT1197	1
NPC195343	NPT151	1
NPC195343	NPT48	1
NPC195343	NPT59	1
NPC195343	NPT94	1
NPC195448	NPT1006	1
NPC19545	NPT684	1
NPC19545	NPT685	1
NPC19545	NPT692	1
NPC195461	NPT1788	1
NPC195461	NPT1789	2
NPC195461	NPT221	2
NPC195461	NPT222	1
NPC195461	NPT223	1
NPC195461	NPT224	2
NPC19576	NPT483	1
NPC195763	NPT149	1
NPC195763	NPT151	1
NPC195763	NPT47	1
NPC195763	NPT48	1
NPC195763	NPT50	1
NPC195763	NPT51	1
NPC195763	NPT792	1
NPC195763	NPT94	1
NPC195785	NPT94	1
NPC195788	NPT109	1
NPC195788	NPT1594	1
NPC195788	NPT300	1
NPC195788	NPT612	1
NPC195788	NPT668	10
NPC195788	NPT713	1
NPC195788	NPT72	1
NPC195788	NPT73	1
NPC195796	NPT204	1
NPC195796	NPT279	1
NPC196034	NPT588	1
NPC196179	NPT78	1
NPC19622	NPT30	1
NPC19622	NPT31	1
NPC196231	NPT271	1
NPC196277	NPT1166	1
NPC196359	NPT1006	1
NPC196420	NPT247	1
NPC196447	NPT110	1
NPC196447	NPT149	1
NPC196447	NPT151	1
NPC196447	NPT208	1
NPC196447	NPT211	1
NPC196447	NPT94	1
NPC196449	NPT10	1
NPC196449	NPT1197	1
NPC196449	NPT1416	2
NPC196449	NPT151	1
NPC196449	NPT282	2
NPC196449	NPT2892	1
NPC196449	NPT47	1
NPC196449	NPT48	2
NPC196449	NPT483	1
NPC196449	NPT50	1
NPC196449	NPT51	2
NPC196449	NPT524	1
NPC196449	NPT537	2
NPC196449	NPT538	2
NPC196449	NPT58	1
NPC196449	NPT60	1
NPC196449	NPT796	1
NPC196449	NPT918	1
NPC196449	NPT93	1
NPC196449	NPT94	1
NPC196449	NPT940	1
NPC196753	NPT570	1
NPC196937	NPT109	2
NPC196976	NPT204	1
NPC197087	NPT1038	1
NPC197087	NPT58	1
NPC197087	NPT792	1
NPC197087	NPT796	1
NPC19721	NPT78	1
NPC197239	NPT3812	1
NPC197239	NPT46	2
NPC197239	NPT483	1
NPC197239	NPT540	1
NPC197239	NPT543	1
NPC197239	NPT546	1
NPC197239	NPT5682	1
NPC197239	NPT77	2
NPC197239	NPT901	1
NPC197239	NPT99	1
NPC197316	NPT182	1
NPC197316	NPT864	1
NPC197381	NPT109	1
NPC197381	NPT1540	1
NPC197381	NPT1546	1
NPC197381	NPT204	1
NPC197381	NPT4036	1
NPC197381	NPT4037	1
NPC197381	NPT613	1
NPC197425	NPT109	2
NPC197425	NPT153	2
NPC197425	NPT1603	1
NPC197425	NPT1604	1
NPC197425	NPT208	1
NPC197425	NPT51	1
NPC197425	NPT792	1
NPC197425	NPT93	1
NPC197425	NPT94	1
NPC197596	NPT1250	2
NPC197896	NPT151	1
NPC197896	NPT483	1
NPC197896	NPT537	1
NPC197896	NPT538	1
NPC197896	NPT93	1
NPC198154	NPT178	1
NPC19841	NPT59	1
NPC19890	NPT109	2
NPC19890	NPT110	1
NPC19890	NPT228	1
NPC19890	NPT246	1
NPC19890	NPT295	1
NPC19890	NPT808	1
NPC198988	NPT48	1
NPC199023	NPT51	1
NPC199072	NPT4897	1
NPC199100	NPT261	1
NPC199106	NPT226	1
NPC199357	NPT862	1
NPC199463	NPT862	1
NPC199851	NPT110	1
NPC199851	NPT50	1
NPC200060	NPT149	1
NPC200060	NPT151	1
NPC200060	NPT48	1
NPC200060	NPT94	1
NPC200085	NPT208	1
NPC200085	NPT213	1
NPC200237	NPT31	1
NPC200333	NPT483	1
NPC200412	NPT109	1
NPC200694	NPT441	1
NPC200740	NPT1592	1
NPC200740	NPT967	1
NPC200745	NPT78	1
NPC200761	NPT178	1
NPC200772	NPT502	1
NPC200845	NPT109	1
NPC200845	NPT149	1
NPC200845	NPT210	1
NPC200845	NPT50	1
NPC200845	NPT792	1
NPC200845	NPT94	1
NPC201055	NPT110	1
NPC201055	NPT145	25
NPC201055	NPT271	29
NPC201055	NPT272	17
NPC201055	NPT713	1
NPC201404	NPT47	1
NPC201419	NPT31	1
NPC201547	NPT1422	1
NPC201547	NPT668	1
NPC201562	NPT211	1
NPC201658	NPT1283	1
NPC201662	NPT1287	2
NPC201662	NPT232	2
NPC201662	NPT472	1
NPC201662	NPT99	1
NPC201667	NPT1464	1
NPC201728	NPT178	1
NPC201728	NPT206	1
NPC201731	NPT109	1
NPC201731	NPT1197	1
NPC201731	NPT1416	1
NPC201731	NPT178	1
NPC201731	NPT282	2
NPC201731	NPT45	1
NPC201731	NPT483	1
NPC201731	NPT51	2
NPC201731	NPT539	1
NPC201731	NPT59	1
NPC201731	NPT60	1
NPC201731	NPT792	1
NPC201731	NPT93	2
NPC201731	NPT94	2
NPC201777	NPT109	1
NPC201777	NPT208	1
NPC201777	NPT212	1
NPC201777	NPT213	1
NPC201777	NPT627	1
NPC201777	NPT628	1
NPC201814	NPT1166	1
NPC201844	NPT106	1
NPC201844	NPT210	2
NPC201844	NPT4003	1
NPC201844	NPT866	1
NPC201844	NPT869	2
NPC201844	NPT94	1
NPC201844	NPT99	1
NPC202146	NPT282	1
NPC202146	NPT46	1
NPC202146	NPT483	1
NPC202146	NPT792	1
NPC202146	NPT94	1
NPC20235	NPT178	1
NPC202389	NPT204	1
NPC202433	NPT78	1
NPC202474	NPT1566	1
NPC202474	NPT582	1
NPC202605	NPT109	1
NPC202651	NPT178	1
NPC202666	NPT1137	4
NPC202666	NPT1138	4
NPC202666	NPT72	1
NPC202666	NPT73	1
NPC202768	NPT1416	1
NPC202768	NPT151	1
NPC202768	NPT48	1
NPC202768	NPT483	1
NPC202768	NPT51	1
NPC202768	NPT59	1
NPC202768	NPT93	1
NPC202768	NPT94	1
NPC202771	NPT109	1
NPC202771	NPT1540	1
NPC202771	NPT208	1
NPC202771	NPT212	2
NPC202771	NPT213	2
NPC202771	NPT282	1
NPC202771	NPT4037	1
NPC202771	NPT537	1
NPC202839	NPT5136	1
NPC20287	NPT109	1
NPC20287	NPT208	1
NPC20287	NPT212	1
NPC20287	NPT213	1
NPC20287	NPT30	1
NPC20287	NPT31	1
NPC20287	NPT627	1
NPC20287	NPT628	1
NPC203005	NPT204	1
NPC203063	NPT57	2
NPC203063	NPT980	2
NPC203076	NPT280	1
NPC203076	NPT47	1
NPC203076	NPT568	1
NPC203076	NPT59	1
NPC203076	NPT69	1
NPC203077	NPT178	2
NPC203259	NPT1356	1
NPC203468	NPT1038	1
NPC203468	NPT1078	1
NPC203468	NPT1157	2
NPC203468	NPT1634	1
NPC203468	NPT210	1
NPC203468	NPT211	1
NPC203468	NPT2818	1
NPC203468	NPT2961	1
NPC203468	NPT48	1
NPC203468	NPT483	1
NPC203468	NPT51	1
NPC203468	NPT58	1
NPC203468	NPT796	1
NPC203719	NPT151	1
NPC203719	NPT2556	1
NPC203719	NPT50	1
NPC203719	NPT674	1
NPC203719	NPT675	1
NPC203719	NPT94	2
NPC203891	NPT51	1
NPC203891	NPT52	1
NPC203891	NPT967	1
NPC20404	NPT2520	1
NPC20404	NPT472	1
NPC204210	NPT50	1
NPC204210	NPT539	1
NPC204251	NPT31	1
NPC204450	NPT41	1
NPC204617	NPT50	1
NPC204709	NPT503	8
NPC204709	NPT5152	1
NPC204717	NPT110	1
NPC204717	NPT292	1
NPC204717	NPT48	1
NPC204828	NPT242	1
NPC204867	NPT1197	1
NPC204867	NPT51	1
NPC204932	NPT10	1
NPC204932	NPT1062	3
NPC204932	NPT1063	3
NPC204932	NPT109	1
NPC204932	NPT1143	2
NPC204932	NPT1144	2
NPC204932	NPT1146	2
NPC204932	NPT14	1
NPC204932	NPT1444	1
NPC204932	NPT149	2
NPC204932	NPT151	2
NPC204932	NPT163	1
NPC204932	NPT211	1
NPC204932	NPT233	6
NPC204932	NPT280	1
NPC204932	NPT285	1
NPC204932	NPT47	1
NPC204932	NPT48	1
NPC204932	NPT483	1
NPC204932	NPT49	1
NPC204932	NPT50	1
NPC204932	NPT51	1
NPC204932	NPT537	1
NPC204932	NPT538	1
NPC204932	NPT58	1
NPC204932	NPT59	1
NPC204932	NPT792	1
NPC204932	NPT796	1
NPC204932	NPT864	1
NPC204932	NPT93	1
NPC204932	NPT94	2
NPC204932	NPT940	1
NPC204932	NPT947	6
NPC204932	NPT948	3
NPC204932	NPT949	2
NPC204932	NPT954	2
NPC204932	NPT955	2
NPC204932	NPT96	1
NPC204985	NPT178	2
NPC204985	NPT282	1
NPC204985	NPT51	1
NPC205034	NPT50	1
NPC205046	NPT178	1
NPC205167	NPT204	1
NPC205195	NPT182	1
NPC205213	NPT151	1
NPC205213	NPT1581	1
NPC205213	NPT483	1
NPC205213	NPT51	1
NPC205213	NPT77	1
NPC205213	NPT888	1
NPC205213	NPT918	1
NPC205265	NPT918	1
NPC20535	NPT1546	2
NPC205412	NPT4418	1
NPC205421	NPT109	1
NPC205421	NPT149	1
NPC205421	NPT208	1
NPC205421	NPT212	1
NPC205421	NPT48	2
NPC205766	NPT3585	1
NPC205797	NPT59	1
NPC2058	NPT211	1
NPC205864	NPT31	1
NPC205934	NPT2797	1
NPC205934	NPT51	1
NPC206061	NPT163	2
NPC206061	NPT3820	1
NPC206061	NPT721	6
NPC206095	NPT178	1
NPC206095	NPT78	1
NPC20610	NPT1547	1
NPC206148	NPT2854	1
NPC206148	NPT3568	1
NPC206148	NPT3839	1
NPC206148	NPT3840	1
NPC206148	NPT491	1
NPC206264	NPT1226	1
NPC206264	NPT149	1
NPC206264	NPT151	1
NPC206264	NPT277	1
NPC206264	NPT48	1
NPC206264	NPT94	1
NPC206341	NPT1062	1
NPC206341	NPT1063	1
NPC206341	NPT1143	1
NPC206341	NPT1144	1
NPC206341	NPT1270	1
NPC206341	NPT41	1
NPC206341	NPT948	1
NPC206341	NPT949	1
NPC206341	NPT954	1
NPC206341	NPT955	1
NPC206372	NPT1785	1
NPC206372	NPT1788	13
NPC206372	NPT1789	12
NPC206372	NPT221	12
NPC206372	NPT222	2
NPC206372	NPT224	1
NPC206372	NPT243	1
NPC206372	NPT244	1
NPC206372	NPT92	1
NPC206515	NPT2520	1
NPC206614	NPT99	1
NPC206737	NPT50	1
NPC206737	NPT524	1
NPC206800	NPT525	1
NPC206876	NPT1062	2
NPC206876	NPT1063	2
NPC206876	NPT233	2
NPC206876	NPT947	2
NPC206876	NPT948	1
NPC206876	NPT949	1
NPC206876	NPT954	1
NPC206876	NPT955	1
NPC206924	NPT210	1
NPC206949	NPT261	1
NPC206949	NPT582	1
NPC207002	NPT204	1
NPC207002	NPT261	3
NPC207204	NPT570	1
NPC207428	NPT149	1
NPC207428	NPT204	2
NPC207428	NPT208	1
NPC207428	NPT4034	1
NPC207428	NPT439	2
NPC207428	NPT45	1
NPC207428	NPT48	1
NPC207428	NPT50	1
NPC207428	NPT792	1
NPC207428	NPT864	1
NPC207428	NPT94	1
NPC207541	NPT472	1
NPC207554	NPT1038	1
NPC207554	NPT1078	3
NPC207554	NPT1197	1
NPC207554	NPT2961	2
NPC207554	NPT31	3
NPC207554	NPT483	1
NPC207554	NPT51	1
NPC207554	NPT537	1
NPC207554	NPT538	1
NPC207554	NPT570	2
NPC207702	NPT524	1
NPC207729	NPT1166	1
NPC207757	NPT242	1
NPC207757	NPT243	1
NPC207845	NPT38	1
NPC20791	NPT1028	1
NPC20791	NPT1038	1
NPC20791	NPT1062	1
NPC20791	NPT1063	1
NPC20791	NPT1089	1
NPC20791	NPT109	2
NPC20791	NPT1090	1
NPC20791	NPT110	3
NPC20791	NPT1119	3
NPC20791	NPT1143	1
NPC20791	NPT1144	1
NPC20791	NPT1146	1
NPC20791	NPT1187	1
NPC20791	NPT1265	4
NPC20791	NPT13	2
NPC20791	NPT1337	1
NPC20791	NPT1338	1
NPC20791	NPT1371	1
NPC20791	NPT1416	1
NPC20791	NPT1422	4
NPC20791	NPT1423	1
NPC20791	NPT1433	1
NPC20791	NPT1434	1
NPC20791	NPT1436	1
NPC20791	NPT1438	1
NPC20791	NPT1445	1
NPC20791	NPT1449	1
NPC20791	NPT1478	2
NPC20791	NPT149	4
NPC20791	NPT151	3
NPC20791	NPT1551	2
NPC20791	NPT1557	1
NPC20791	NPT1566	2
NPC20791	NPT1569	1
NPC20791	NPT1571	2
NPC20791	NPT1575	1
NPC20791	NPT1588	2
NPC20791	NPT1591	1
NPC20791	NPT1592	3
NPC20791	NPT1594	2
NPC20791	NPT1598	2
NPC20791	NPT1599	1
NPC20791	NPT1603	4
NPC20791	NPT1604	5
NPC20791	NPT1606	1
NPC20791	NPT1619	1
NPC20791	NPT1620	1
NPC20791	NPT1627	1
NPC20791	NPT163	1
NPC20791	NPT1630	1
NPC20791	NPT1634	3
NPC20791	NPT1647	1
NPC20791	NPT1650	1
NPC20791	NPT1654	1
NPC20791	NPT1656	1
NPC20791	NPT1657	1
NPC20791	NPT1658	1
NPC20791	NPT1659	1
NPC20791	NPT1660	1
NPC20791	NPT1661	1
NPC20791	NPT1663	1
NPC20791	NPT1667	1
NPC20791	NPT1721	1
NPC20791	NPT178	2
NPC20791	NPT204	2
NPC20791	NPT208	3
NPC20791	NPT210	3
NPC20791	NPT211	1
NPC20791	NPT212	5
NPC20791	NPT213	3
NPC20791	NPT218	1
NPC20791	NPT233	1
NPC20791	NPT235	1
NPC20791	NPT237	1
NPC20791	NPT245	1
NPC20791	NPT261	2
NPC20791	NPT279	1
NPC20791	NPT280	1
NPC20791	NPT282	2
NPC20791	NPT285	3
NPC20791	NPT31	1
NPC20791	NPT3370	1
NPC20791	NPT36	2
NPC20791	NPT41	5
NPC20791	NPT439	2
NPC20791	NPT441	2
NPC20791	NPT45	2
NPC20791	NPT46	1
NPC20791	NPT47	6
NPC20791	NPT48	4
NPC20791	NPT483	1
NPC20791	NPT49	1
NPC20791	NPT50	2
NPC20791	NPT51	7
NPC20791	NPT539	1
NPC20791	NPT545	1
NPC20791	NPT567	1
NPC20791	NPT568	1
NPC20791	NPT570	5
NPC20791	NPT58	3
NPC20791	NPT582	2
NPC20791	NPT5886	1
NPC20791	NPT59	1
NPC20791	NPT591	1
NPC20791	NPT607	1
NPC20791	NPT628	5
NPC20791	NPT668	1
NPC20791	NPT670	1
NPC20791	NPT728	1
NPC20791	NPT740	4
NPC20791	NPT78	3
NPC20791	NPT792	2
NPC20791	NPT796	1
NPC20791	NPT831	2
NPC20791	NPT862	1
NPC20791	NPT870	1
NPC20791	NPT920	1
NPC20791	NPT93	1
NPC20791	NPT94	7
NPC20791	NPT947	1
NPC20791	NPT948	1
NPC20791	NPT949	1
NPC20791	NPT954	1
NPC20791	NPT955	1
NPC20791	NPT967	4
NPC208022	NPT1038	1
NPC208022	NPT1224	1
NPC208022	NPT47	1
NPC208022	NPT48	1
NPC208022	NPT51	1
NPC208022	NPT537	1
NPC208022	NPT59	1
NPC208022	NPT798	1
NPC208022	NPT801	1
NPC208022	NPT802	1
NPC208022	NPT864	1
NPC208022	NPT94	1
NPC208193	NPT51	1
NPC208280	NPT1028	1
NPC208280	NPT109	3
NPC208280	NPT110	1
NPC208280	NPT1249	1
NPC208280	NPT1422	1
NPC208280	NPT208	1
NPC208280	NPT210	1
NPC208280	NPT211	2
NPC208280	NPT212	4
NPC208280	NPT213	1
NPC208280	NPT2683	1
NPC208280	NPT3116	1
NPC208280	NPT483	1
NPC208280	NPT51	1
NPC208280	NPT58	1
NPC208280	NPT584	1
NPC208280	NPT713	8
NPC208280	NPT73	1
NPC208280	NPT796	1
NPC208280	NPT94	1
NPC208280	NPT98	4
NPC208280	NPT99	1
NPC208284	NPT1038	1
NPC208284	NPT1274	1
NPC208284	NPT1416	1
NPC208284	NPT1479	1
NPC208284	NPT249	1
NPC208284	NPT47	1
NPC208284	NPT48	1
NPC208284	NPT51	1
NPC208284	NPT52	1
NPC208284	NPT537	1
NPC208284	NPT59	1
NPC20829	NPT178	1
NPC208362	NPT1600	1
NPC208553	NPT10	1
NPC208553	NPT109	1
NPC208553	NPT14	1
NPC208553	NPT1416	1
NPC208553	NPT149	1
NPC208553	NPT208	1
NPC208553	NPT211	1
NPC208553	NPT212	1
NPC208553	NPT239	1
NPC208553	NPT260	1
NPC208553	NPT271	1
NPC208553	NPT286	1
NPC208553	NPT298	1
NPC208553	NPT3320	1
NPC208553	NPT45	1
NPC208553	NPT46	1
NPC208553	NPT47	1
NPC208553	NPT483	4
NPC208553	NPT51	2
NPC208553	NPT5199	3
NPC208553	NPT537	1
NPC208553	NPT538	2
NPC208553	NPT539	1
NPC208553	NPT5406	1
NPC208553	NPT58	1
NPC208553	NPT668	3
NPC208553	NPT713	4
NPC208553	NPT72	1
NPC208553	NPT73	1
NPC208553	NPT796	1
NPC208553	NPT93	1
NPC208553	NPT940	1
NPC208553	NPT96	1
NPC208760	NPT483	1
NPC208793	NPT1518	1
NPC208793	NPT1519	1
NPC208793	NPT1520	1
NPC208793	NPT208	1
NPC208793	NPT213	1
NPC208793	NPT483	1
NPC208793	NPT50	2
NPC208793	NPT58	1
NPC208793	NPT94	2
NPC2088	NPT144	1
NPC2088	NPT214	1
NPC2088	NPT346	1
NPC2088	NPT469	1
NPC208806	NPT13	2
NPC208806	NPT3242	1
NPC208806	NPT46	1
NPC208806	NPT501	1
NPC208806	NPT51	2
NPC208806	NPT94	2
NPC208936	NPT210	1
NPC208936	NPT94	1
NPC20903	NPT483	1
NPC209278	NPT261	1
NPC209296	NPT1038	1
NPC209296	NPT59	1
NPC209296	NPT981	1
NPC209364	NPT1416	1
NPC209364	NPT483	1
NPC209364	NPT51	1
NPC209364	NPT93	1
NPC209389	NPT1371	1
NPC209389	NPT155	1
NPC209389	NPT36	1
NPC209389	NPT50	1
NPC209389	NPT607	1
NPC209389	NPT94	1
NPC209463	NPT3903	1
NPC209463	NPT3904	1
NPC209560	NPT109	1
NPC209560	NPT110	1
NPC209560	NPT149	3
NPC209560	NPT151	2
NPC209560	NPT1603	1
NPC209560	NPT1604	1
NPC209560	NPT212	1
NPC209560	NPT213	1
NPC209560	NPT261	1
NPC209560	NPT48	2
NPC209560	NPT51	1
NPC209560	NPT539	2
NPC209560	NPT582	1
NPC209560	NPT93	1
NPC209560	NPT94	1
NPC209614	NPT279	1
NPC209614	NPT570	1
NPC209666	NPT109	1
NPC209666	NPT1197	1
NPC209666	NPT483	1
NPC209666	NPT539	1
NPC209666	NPT93	1
NPC209666	NPT94	1
NPC209846	NPT41	1
NPC209944	NPT178	1
NPC209970	NPT106	1
NPC209970	NPT149	1
NPC209970	NPT178	1
NPC209970	NPT210	1
NPC209970	NPT50	1
NPC209970	NPT792	1
NPC209970	NPT866	1
NPC209970	NPT99	1
NPC210073	NPT2725	1
NPC210073	NPT532	1
NPC210148	NPT109	1
NPC210148	NPT92	1
NPC210354	NPT109	2
NPC210354	NPT110	1
NPC210437	NPT1811	1
NPC210437	NPT242	3
NPC210437	NPT243	2
NPC210437	NPT244	1
NPC210437	NPT677	1
NPC210460	NPT1603	1
NPC210460	NPT1604	1
NPC210460	NPT208	1
NPC210460	NPT51	1
NPC210460	NPT668	1
NPC210460	NPT740	1
NPC210529	NPT178	1
NPC210826	NPT178	2
NPC21100	NPT41	1
NPC21100	NPT60	1
NPC211179	NPT1287	1
NPC211179	NPT232	1
NPC211237	NPT210	1
NPC211322	NPT204	1
NPC21142	NPT1416	1
NPC21145	NPT57	1
NPC211453	NPT50	1
NPC211453	NPT94	1
NPC211468	NPT243	1
NPC211468	NPT245	1
NPC211561	NPT30	1
NPC21157	NPT1006	1
NPC211820	NPT1289	2
NPC211820	NPT1291	1
NPC21209	NPT1728	1
NPC21209	NPT1729	1
NPC21211	NPT208	1
NPC212290	NPT862	1
NPC212415	NPT10	1
NPC212415	NPT1078	4
NPC212415	NPT109	1
NPC212415	NPT110	1
NPC212415	NPT1416	1
NPC212415	NPT163	1
NPC212415	NPT166	1
NPC212415	NPT203	1
NPC212415	NPT208	1
NPC212415	NPT211	1
NPC212415	NPT212	1
NPC212415	NPT213	1
NPC212415	NPT282	2
NPC212415	NPT2936	1
NPC212415	NPT46	2
NPC212415	NPT47	2
NPC212415	NPT48	3
NPC212415	NPT483	1
NPC212415	NPT4907	1
NPC212415	NPT50	1
NPC212415	NPT501	1
NPC212415	NPT51	3
NPC212415	NPT5220	1
NPC212415	NPT537	1
NPC212415	NPT539	1
NPC212415	NPT58	2
NPC212415	NPT792	1
NPC212415	NPT796	1
NPC212415	NPT93	3
NPC212415	NPT935	2
NPC212415	NPT94	2
NPC212415	NPT940	1
NPC212415	NPT96	1
NPC212551	NPT10	1
NPC212551	NPT1038	1
NPC212551	NPT1416	1
NPC212551	NPT161	3
NPC212551	NPT46	1
NPC212551	NPT483	1
NPC212551	NPT58	1
NPC212631	NPT212	1
NPC212631	NPT213	1
NPC212643	NPT48	1
NPC212643	NPT94	1
NPC212670	NPT3904	1
NPC212733	NPT178	1
NPC212794	NPT109	1
NPC212794	NPT110	1
NPC212794	NPT1226	1
NPC212794	NPT149	2
NPC212794	NPT151	1
NPC212794	NPT212	1
NPC212794	NPT213	1
NPC212794	NPT277	1
NPC212794	NPT47	1
NPC212794	NPT48	1
NPC212794	NPT51	1
NPC212794	NPT539	1
NPC212794	NPT94	1
NPC212866	NPT1197	1
NPC212866	NPT1416	1
NPC212866	NPT282	1
NPC212866	NPT51	1
NPC212866	NPT524	1
NPC212866	NPT537	1
NPC212866	NPT538	1
NPC212932	NPT1422	1
NPC213	NPT107	1
NPC213	NPT50	1
NPC213	NPT58	1
NPC213	NPT92	1
NPC213	NPT93	1
NPC213	NPT94	1
NPC213	NPT96	1
NPC213052	NPT862	1
NPC213058	NPT677	1
NPC213178	NPT745	1
NPC213178	NPT894	1
NPC213178	NPT958	3
NPC213197	NPT3101	1
NPC213197	NPT947	1
NPC213197	NPT948	1
NPC213197	NPT949	1
NPC213197	NPT955	1
NPC213216	NPT109	1
NPC213216	NPT110	1
NPC213216	NPT1338	1
NPC213216	NPT212	1
NPC213216	NPT213	1
NPC213216	NPT282	1
NPC213216	NPT51	1
NPC213216	NPT539	1
NPC213222	NPT4166	8
NPC213222	NPT4170	1
NPC213222	NPT4409	1
NPC213222	NPT543	1
NPC213222	NPT668	1
NPC213222	NPT713	1
NPC213222	NPT73	1
NPC213222	NPT940	7
NPC213552	NPT1062	1
NPC213552	NPT1063	1
NPC213552	NPT1143	1
NPC213552	NPT1144	1
NPC213552	NPT1337	1
NPC213552	NPT1785	1
NPC213552	NPT948	1
NPC213552	NPT949	1
NPC213552	NPT954	1
NPC213552	NPT955	1
NPC213570	NPT208	1
NPC213570	NPT240	2
NPC213603	NPT109	1
NPC213603	NPT51	1
NPC213603	NPT99	1
NPC213608	NPT545	1
NPC213761	NPT537	1
NPC213761	NPT538	1
NPC213896	NPT204	1
NPC213896	NPT279	1
NPC213896	NPT31	1
NPC213896	NPT570	1
NPC213936	NPT439	1
NPC214036	NPT109	1
NPC214036	NPT1282	1
NPC214036	NPT1283	1
NPC214036	NPT149	1
NPC214036	NPT282	1
NPC214036	NPT38	1
NPC214036	NPT51	1
NPC214036	NPT537	1
NPC214036	NPT538	1
NPC214036	NPT539	1
NPC214036	NPT6255	2
NPC214036	NPT93	1
NPC214036	NPT94	1
NPC214067	NPT210	1
NPC214067	NPT94	1
NPC214166	NPT178	1
NPC214289	NPT740	1
NPC21429	NPT109	2
NPC21429	NPT149	1
NPC21429	NPT1603	1
NPC21429	NPT1604	2
NPC21429	NPT208	2
NPC21429	NPT210	1
NPC21429	NPT211	1
NPC21429	NPT273	1
NPC21429	NPT30	2
NPC21429	NPT31	2
NPC21429	NPT48	1
NPC21429	NPT483	1
NPC21429	NPT52	1
NPC21429	NPT537	2
NPC21429	NPT538	2
NPC21429	NPT539	1
NPC21429	NPT58	1
NPC21429	NPT59	1
NPC21429	NPT796	1
NPC21429	NPT93	1
NPC21429	NPT94	2
NPC21429	NPT940	1
NPC21429	NPT96	1
NPC214553	NPT178	1
NPC21461	NPT1770	1
NPC214610	NPT163	1
NPC214610	NPT210	1
NPC214610	NPT483	2
NPC214610	NPT796	1
NPC214629	NPT145	1
NPC214702	NPT261	1
NPC214702	NPT582	1
NPC214919	NPT2680	1
NPC215008	NPT1078	3
NPC215008	NPT261	1
NPC215008	NPT491	1
NPC215008	NPT5	1
NPC215008	NPT5731	1
NPC215008	NPT582	1
NPC215008	NPT728	1
NPC215008	NPT755	1
NPC215008	NPT911	1
NPC215008	NPT920	1
NPC215474	NPT204	1
NPC215519	NPT208	1
NPC215519	NPT240	2
NPC215584	NPT10	1
NPC215584	NPT1038	2
NPC215584	NPT1044	1
NPC215584	NPT109	2
NPC215584	NPT110	2
NPC215584	NPT1119	1
NPC215584	NPT1226	2
NPC215584	NPT13	1
NPC215584	NPT1416	1
NPC215584	NPT1479	1
NPC215584	NPT149	2
NPC215584	NPT151	2
NPC215584	NPT1603	1
NPC215584	NPT1620	3
NPC215584	NPT163	1
NPC215584	NPT208	1
NPC215584	NPT210	1
NPC215584	NPT211	3
NPC215584	NPT212	2
NPC215584	NPT213	2
NPC215584	NPT249	1
NPC215584	NPT277	1
NPC215584	NPT282	1
NPC215584	NPT2930	2
NPC215584	NPT47	3
NPC215584	NPT48	3
NPC215584	NPT483	3
NPC215584	NPT49	1
NPC215584	NPT50	3
NPC215584	NPT51	2
NPC215584	NPT5232	1
NPC215584	NPT537	1
NPC215584	NPT538	2
NPC215584	NPT539	2
NPC215584	NPT58	1
NPC215584	NPT59	2
NPC215584	NPT60	1
NPC215584	NPT796	1
NPC215584	NPT93	3
NPC215584	NPT94	3
NPC215584	NPT940	1
NPC215584	NPT96	1
NPC215711	NPT3442	1
NPC215711	NPT721	1
NPC215932	NPT1422	1
NPC215932	NPT668	2
NPC216092	NPT109	1
NPC216092	NPT151	1
NPC216092	NPT48	1
NPC216092	NPT50	1
NPC216092	NPT740	1
NPC216092	NPT792	1
NPC216092	NPT94	1
NPC216122	NPT210	1
NPC216122	NPT277	1
NPC216122	NPT93	1
NPC216130	NPT483	1
NPC216159	NPT3078	1
NPC216318	NPT1038	1
NPC216318	NPT1224	1
NPC216318	NPT4407	1
NPC216318	NPT47	1
NPC216318	NPT48	1
NPC216318	NPT49	1
NPC216318	NPT50	1
NPC216318	NPT51	1
NPC216318	NPT52	1
NPC216318	NPT57	1
NPC216318	NPT58	1
NPC216318	NPT59	1
NPC216318	NPT60	1
NPC216318	NPT798	1
NPC216318	NPT801	1
NPC216318	NPT802	1
NPC216318	NPT864	1
NPC216361	NPT1038	1
NPC216361	NPT109	1
NPC216361	NPT1226	1
NPC216361	NPT1385	1
NPC216361	NPT1422	1
NPC216361	NPT1449	1
NPC216361	NPT149	2
NPC216361	NPT151	2
NPC216361	NPT1566	1
NPC216361	NPT1627	1
NPC216361	NPT163	1
NPC216361	NPT1663	1
NPC216361	NPT1670	1
NPC216361	NPT1721	1
NPC216361	NPT212	1
NPC216361	NPT218	1
NPC216361	NPT248	1
NPC216361	NPT2715	1
NPC216361	NPT277	1
NPC216361	NPT45	1
NPC216361	NPT47	4
NPC216361	NPT48	4
NPC216361	NPT49	1
NPC216361	NPT50	1
NPC216361	NPT51	4
NPC216361	NPT5234	1
NPC216361	NPT539	1
NPC216361	NPT57	1
NPC216361	NPT58	1
NPC216361	NPT59	2
NPC216361	NPT60	1
NPC216361	NPT740	2
NPC216361	NPT78	2
NPC216361	NPT792	1
NPC216361	NPT831	1
NPC216361	NPT94	1
NPC216361	NPT96	1
NPC216361	NPT967	1
NPC21638	NPT282	1
NPC21638	NPT48	1
NPC21638	NPT51	1
NPC21638	NPT94	1
NPC216420	NPT1794	1
NPC216459	NPT1788	1
NPC216459	NPT1811	1
NPC216459	NPT242	2
NPC216459	NPT243	2
NPC216459	NPT244	1
NPC216459	NPT245	1
NPC216496	NPT109	1
NPC216630	NPT106	1
NPC216630	NPT142	2
NPC216630	NPT178	1
NPC216630	NPT4001	1
NPC216630	NPT5155	1
NPC216630	NPT5235	2
NPC216630	NPT5236	1
NPC216630	NPT866	2
NPC216630	NPT99	1
NPC216826	NPT38	1
NPC216921	NPT109	1
NPC216921	NPT1896	1
NPC216921	NPT5108	1
NPC21696	NPT178	1
NPC217052	NPT149	1
NPC217052	NPT50	1
NPC217052	NPT539	1
NPC217052	NPT792	1
NPC217083	NPT204	1
NPC217083	NPT439	1
NPC217083	NPT740	1
NPC217176	NPT48	1
NPC217226	NPT94	1
NPC2173	NPT713	1
NPC217574	NPT582	1
NPC217602	NPT38	1
NPC217635	NPT684	1
NPC21773	NPT204	1
NPC217748	NPT30	1
NPC217748	NPT60	1
NPC21781	NPT204	1
NPC21781	NPT439	1
NPC218161	NPT1062	1
NPC218161	NPT233	1
NPC218161	NPT949	1
NPC218161	NPT955	1
NPC218303	NPT3114	1
NPC218357	NPT210	1
NPC218357	NPT93	1
NPC21848	NPT280	1
NPC218530	NPT109	2
NPC218530	NPT110	2
NPC218530	NPT1416	1
NPC218530	NPT208	1
NPC218530	NPT210	1
NPC218530	NPT212	2
NPC218530	NPT213	2
NPC218530	NPT58	1
NPC218530	NPT59	1
NPC218530	NPT796	1
NPC218614	NPT3504	1
NPC218753	NPT1287	1
NPC218753	NPT232	1
NPC218866	NPT862	1
NPC219143	NPT1006	1
NPC219143	NPT208	1
NPC219143	NPT48	2
NPC219246	NPT606	1
NPC219313	NPT218	1
NPC219330	NPT668	1
NPC219848	NPT94	1
NPC219867	NPT1214	1
NPC219867	NPT2584	1
NPC219876	NPT1416	1
NPC219876	NPT149	1
NPC219876	NPT30	2
NPC219876	NPT31	2
NPC219876	NPT47	1
NPC219876	NPT48	2
NPC219876	NPT49	1
NPC219876	NPT51	1
NPC219876	NPT58	1
NPC219876	NPT59	1
NPC219876	NPT670	1
NPC219876	NPT740	1
NPC219876	NPT796	1
NPC219876	NPT93	1
NPC219876	NPT94	1
NPC219913	NPT674	1
NPC219913	NPT675	1
NPC22005	NPT1422	1
NPC220062	NPT108	1
NPC220062	NPT1464	1
NPC220062	NPT248	1
NPC220062	NPT273	1
NPC220140	NPT109	1
NPC220140	NPT151	1
NPC220140	NPT346	1
NPC220140	NPT94	1
NPC220217	NPT537	1
NPC220221	NPT109	1
NPC220313	NPT1214	1
NPC220313	NPT2584	1
NPC220498	NPT1896	2
NPC220498	NPT721	1
NPC220540	NPT233	1
NPC220540	NPT947	1
NPC220547	NPT713	1
NPC220582	NPT211	2
NPC220596	NPT3174	1
NPC220765	NPT109	2
NPC220765	NPT110	1
NPC220765	NPT1784	10
NPC220765	NPT1785	23
NPC220765	NPT208	2
NPC220765	NPT210	1
NPC220765	NPT212	1
NPC220765	NPT243	1
NPC220765	NPT244	1
NPC220765	NPT2776	2
NPC220765	NPT290	28
NPC220765	NPT291	18
NPC220765	NPT292	25
NPC220765	NPT294	20
NPC220765	NPT4011	5
NPC220765	NPT425	2
NPC220765	NPT47	1
NPC220765	NPT5256	1
NPC220765	NPT92	42
NPC220765	NPT973	15
NPC220765	NPT974	10
NPC22079	NPT1784	1
NPC22079	NPT1785	1
NPC22079	NPT1791	1
NPC22079	NPT226	1
NPC22079	NPT292	1
NPC22079	NPT294	1
NPC22079	NPT48	1
NPC22079	NPT51	1
NPC22079	NPT59	1
NPC220825	NPT1187	1
NPC220825	NPT1274	2
NPC220825	NPT1287	1
NPC220825	NPT232	1
NPC220825	NPT920	1
NPC220922	NPT483	1
NPC220922	NPT61	1
NPC220974	NPT670	1
NPC221046	NPT204	1
NPC22105	NPT103	2
NPC221144	NPT2536	1
NPC221231	NPT178	1
NPC22130	NPT1197	1
NPC22130	NPT1416	1
NPC22130	NPT151	1
NPC22130	NPT48	1
NPC22130	NPT483	1
NPC22130	NPT51	1
NPC22130	NPT94	1
NPC221383	NPT280	1
NPC221432	NPT178	1
NPC221432	NPT441	1
NPC221758	NPT483	1
NPC221758	NPT894	1
NPC221758	NPT905	1
NPC221777	NPT178	1
NPC221792	NPT178	1
NPC221868	NPT178	1
NPC222078	NPT109	1
NPC222185	NPT668	1
NPC222327	NPT1519	1
NPC222341	NPT178	1
NPC222342	NPT1338	1
NPC222342	NPT3971	1
NPC222534	NPT109	3
NPC222534	NPT1249	1
NPC222534	NPT1422	3
NPC222534	NPT1594	11
NPC222534	NPT212	1
NPC222534	NPT213	1
NPC222534	NPT284	1
NPC222534	NPT4166	1
NPC222534	NPT4171	1
NPC222534	NPT4371	1
NPC222534	NPT5887	17
NPC222534	NPT612	6
NPC222534	NPT622	1
NPC222534	NPT668	41
NPC222534	NPT713	8
NPC222534	NPT72	1
NPC222534	NPT73	5
NPC222534	NPT748	1
NPC222534	NPT754	1
NPC222689	NPT441	1
NPC222713	NPT178	1
NPC222713	NPT4717	1
NPC223004	NPT233	1
NPC223004	NPT947	1
NPC223004	NPT948	1
NPC223004	NPT949	1
NPC223004	NPT954	1
NPC223004	NPT955	1
NPC223125	NPT1044	1
NPC223125	NPT143	1
NPC223125	NPT204	1
NPC223169	NPT5270	1
NPC223336	NPT537	1
NPC223336	NPT538	1
NPC223336	NPT93	1
NPC223354	NPT109	1
NPC223354	NPT149	1
NPC223354	NPT48	1
NPC223354	NPT537	1
NPC223354	NPT538	1
NPC223354	NPT94	1
NPC223386	NPT6631	1
NPC223393	NPT13	1
NPC223424	NPT1356	1
NPC223451	NPT30	1
NPC223451	NPT31	1
NPC223468	NPT346	2
NPC223468	NPT5259	2
NPC223476	NPT741	1
NPC223548	NPT78	1
NPC223616	NPT211	1
NPC223812	NPT5052	1
NPC223812	NPT640	1
NPC223812	NPT641	1
NPC223812	NPT740	1
NPC223988	NPT178	1
NPC224165	NPT48	1
NPC224165	NPT740	1
NPC224270	NPT918	1
NPC224273	NPT410	1
NPC224389	NPT1270	1
NPC224389	NPT178	1
NPC224389	NPT41	1
NPC224389	NPT78	1
NPC224475	NPT48	1
NPC224543	NPT48	1
NPC224632	NPT2562	1
NPC224632	NPT48	1
NPC224632	NPT948	1
NPC224632	NPT949	1
NPC224651	NPT1510	1
NPC224651	NPT210	1
NPC224651	NPT2883	2
NPC224652	NPT441	1
NPC224774	NPT272	1
NPC224774	NPT48	1
NPC224814	NPT110	1
NPC224814	NPT1137	1
NPC224814	NPT152	2
NPC224814	NPT208	1
NPC224814	NPT38	1
NPC224814	NPT570	1
NPC225049	NPT5282	1
NPC225312	NPT862	1
NPC225434	NPT862	1
NPC225464	NPT108	1
NPC225464	NPT109	1
NPC225464	NPT248	1
NPC225464	NPT94	1
NPC225539	NPT282	1
NPC225539	NPT50	1
NPC225585	NPT178	1
NPC225710	NPT1062	1
NPC225710	NPT1063	1
NPC225710	NPT1143	1
NPC225710	NPT1144	1
NPC225710	NPT1146	1
NPC225710	NPT1166	1
NPC225710	NPT1187	1
NPC225710	NPT1224	1
NPC225710	NPT149	1
NPC225710	NPT151	1
NPC225710	NPT1592	1
NPC225710	NPT233	1
NPC225710	NPT282	2
NPC225710	NPT3017	1
NPC225710	NPT3018	1
NPC225710	NPT48	1
NPC225710	NPT483	1
NPC225710	NPT50	2
NPC225710	NPT51	1
NPC225710	NPT5283	1
NPC225710	NPT5284	1
NPC225710	NPT539	1
NPC225710	NPT920	1
NPC225710	NPT93	1
NPC225710	NPT94	2
NPC225710	NPT947	1
NPC225710	NPT948	1
NPC225710	NPT949	1
NPC225710	NPT954	1
NPC225710	NPT955	1
NPC225731	NPT2266	1
NPC225884	NPT956	1
NPC226066	NPT109	1
NPC226066	NPT149	1
NPC226066	NPT151	1
NPC226066	NPT50	1
NPC226066	NPT51	2
NPC226066	NPT72	1
NPC226066	NPT73	1
NPC226066	NPT94	3
NPC22611	NPT410	1
NPC226143	NPT151	1
NPC226143	NPT51	1
NPC226143	NPT94	1
NPC226226	NPT50	1
NPC226226	NPT93	1
NPC226250	NPT77	1
NPC226250	NPT78	1
NPC226265	NPT1006	1
NPC226265	NPT483	1
NPC226265	NPT58	1
NPC226331	NPT1566	1
NPC226331	NPT1592	1
NPC226331	NPT920	1
NPC226453	NPT163	1
NPC226453	NPT208	1
NPC226453	NPT210	1
NPC226453	NPT213	1
NPC226453	NPT49	1
NPC226453	NPT501	1
NPC226509	NPT204	1
NPC226509	NPT439	1
NPC226547	NPT109	1
NPC226547	NPT110	1
NPC226578	NPT38	1
NPC226644	NPT178	1
NPC226699	NPT674	1
NPC226699	NPT675	1
NPC226699	NPT958	1
NPC226712	NPT50	1
NPC226794	NPT149	1
NPC226794	NPT94	1
NPC226809	NPT280	1
NPC226809	NPT568	1
NPC226855	NPT233	1
NPC226855	NPT947	1
NPC226855	NPT948	1
NPC226855	NPT949	1
NPC226855	NPT954	1
NPC226855	NPT955	1
NPC226941	NPT10	1
NPC226941	NPT109	1
NPC226941	NPT110	1
NPC226941	NPT1265	1
NPC226941	NPT1283	1
NPC226941	NPT1416	1
NPC226941	NPT1546	1
NPC226941	NPT1834	1
NPC226941	NPT208	1
NPC226941	NPT210	2
NPC226941	NPT212	1
NPC226941	NPT213	1
NPC226941	NPT277	1
NPC226941	NPT483	2
NPC226941	NPT537	2
NPC226941	NPT539	1
NPC226941	NPT6402	2
NPC226941	NPT713	1
NPC226941	NPT96	1
NPC226944	NPT497	1
NPC227579	NPT178	1
NPC227622	NPT109	3
NPC227622	NPT1604	1
NPC227622	NPT2742	1
NPC227622	NPT5301	6
NPC227622	NPT668	2
NPC227622	NPT98	2
NPC227683	NPT204	1
NPC22774	NPT46	1
NPC22774	NPT503	3
NPC22774	NPT505	1
NPC22774	NPT60	1
NPC227814	NPT109	1
NPC22783	NPT13	1
NPC22783	NPT48	1
NPC22783	NPT50	1
NPC22783	NPT537	1
NPC22783	NPT538	1
NPC22783	NPT588	1
NPC22783	NPT59	1
NPC22783	NPT93	1
NPC227841	NPT109	1
NPC227841	NPT1119	1
NPC227841	NPT151	1
NPC227841	NPT244	1
NPC227841	NPT46	2
NPC227841	NPT47	2
NPC227841	NPT4717	1
NPC227841	NPT50	2
NPC227841	NPT51	2
NPC227841	NPT5318	1
NPC227841	NPT58	1
NPC227841	NPT5802	1
NPC227841	NPT5876	1
NPC227841	NPT920	1
NPC227841	NPT93	1
NPC227841	NPT94	1
NPC227986	NPT210	1
NPC228343	NPT108	1
NPC228343	NPT109	1
NPC228343	NPT1119	7
NPC228343	NPT1139	2
NPC228343	NPT1438	1
NPC228343	NPT149	1
NPC228343	NPT151	2
NPC228343	NPT153	1
NPC228343	NPT1587	1
NPC228343	NPT1588	1
NPC228343	NPT211	1
NPC228343	NPT282	1
NPC228343	NPT3068	1
NPC228343	NPT346	1
NPC228343	NPT441	1
NPC228343	NPT47	2
NPC228343	NPT48	2
NPC228343	NPT50	1
NPC228343	NPT51	2
NPC228343	NPT539	1
NPC228343	NPT570	12
NPC228343	NPT77	1
NPC228343	NPT792	9
NPC228343	NPT920	1
NPC228343	NPT94	2
NPC228383	NPT1600	1
NPC228400	NPT48	1
NPC228400	NPT94	1
NPC228504	NPT204	1
NPC228504	NPT31	1
NPC228644	NPT1046	1
NPC228644	NPT1158	1
NPC228644	NPT228	1
NPC228644	NPT246	1
NPC228644	NPT295	1
NPC228644	NPT956	1
NPC228661	NPT48	1
NPC228661	NPT94	1
NPC228785	NPT109	2
NPC228785	NPT110	1
NPC228785	NPT1119	2
NPC228785	NPT1464	1
NPC228785	NPT149	2
NPC228785	NPT151	2
NPC228785	NPT156	2
NPC228785	NPT178	1
NPC228785	NPT212	1
NPC228785	NPT213	1
NPC228785	NPT282	1
NPC228785	NPT3318	1
NPC228785	NPT441	1
NPC228785	NPT45	1
NPC228785	NPT48	2
NPC228785	NPT51	3
NPC228785	NPT539	3
NPC228785	NPT721	1
NPC228785	NPT792	2
NPC228785	NPT861	1
NPC228785	NPT865	1
NPC228785	NPT94	1
NPC228940	NPT74	1
NPC228978	NPT94	1
NPC228994	NPT2222	1
NPC229046	NPT741	2
NPC229113	NPT109	1
NPC229113	NPT1627	2
NPC229113	NPT208	1
NPC229113	NPT210	1
NPC229113	NPT212	4
NPC229113	NPT213	1
NPC229113	NPT282	1
NPC229113	NPT483	1
NPC229113	NPT539	1
NPC229113	NPT620	1
NPC229113	NPT713	1
NPC229113	NPT935	4
NPC229113	NPT94	1
NPC229147	NPT108	1
NPC229147	NPT248	1
NPC229147	NPT441	1
NPC229235	NPT240	1
NPC229235	NPT290	2
NPC229235	NPT93	1
NPC229235	NPT976	4
NPC229281	NPT178	1
NPC229387	NPT94	1
NPC229415	NPT178	1
NPC229477	NPT149	1
NPC229505	NPT30	1
NPC229649	NPT865	1
NPC229804	NPT3267	1
NPC229871	NPT540	1
NPC229976	NPT178	1
NPC230002	NPT2817	2
NPC230068	NPT210	1
NPC230068	NPT539	1
NPC230085	NPT45	1
NPC230087	NPT2818	1
NPC230151	NPT59	1
NPC230301	NPT1592	1
NPC230301	NPT59	1
NPC230301	NPT670	1
NPC230677	NPT204	1
NPC230677	NPT439	1
NPC230713	NPT30	1
NPC230713	NPT31	1
NPC230775	NPT1540	1
NPC230775	NPT1592	1
NPC230775	NPT2818	1
NPC230775	NPT4037	1
NPC230775	NPT483	1
NPC230775	NPT613	2
NPC230942	NPT110	1
NPC230942	NPT204	44
NPC230942	NPT439	28
NPC230942	NPT48	1
NPC230942	NPT483	1
NPC230942	NPT58	1
NPC230942	NPT93	1
NPC230942	NPT94	1
NPC231013	NPT538	1
NPC231013	NPT741	1
NPC231063	NPT540	1
NPC231063	NPT570	1
NPC231149	NPT109	1
NPC231149	NPT149	1
NPC231149	NPT151	1
NPC231149	NPT1592	1
NPC231149	NPT48	2
NPC231149	NPT50	1
NPC231149	NPT51	1
NPC231149	NPT59	1
NPC231149	NPT94	2
NPC231254	NPT178	1
NPC2314	NPT483	1
NPC23155	NPT282	1
NPC23155	NPT51	1
NPC231607	NPT106	1
NPC231710	NPT38	1
NPC231772	NPT109	3
NPC231772	NPT110	1
NPC231772	NPT1603	3
NPC231772	NPT1604	4
NPC231772	NPT208	3
NPC231772	NPT211	1
NPC231772	NPT212	1
NPC231772	NPT213	1
NPC231772	NPT261	3
NPC231772	NPT282	1
NPC231772	NPT3324	1
NPC231772	NPT3347	1
NPC231772	NPT3839	1
NPC231772	NPT45	1
NPC231772	NPT483	1
NPC231772	NPT50	1
NPC231772	NPT51	2
NPC231772	NPT537	1
NPC231772	NPT538	1
NPC231772	NPT539	1
NPC231772	NPT582	1
NPC231772	NPT5891	1
NPC231772	NPT93	2
NPC231772	NPT94	2
NPC231772	NPT98	1
NPC231884	NPT109	4
NPC231884	NPT208	2
NPC231884	NPT210	3
NPC231884	NPT212	1
NPC231884	NPT213	1
NPC231884	NPT282	1
NPC231884	NPT668	2
NPC232178	NPT1603	1
NPC232178	NPT208	1
NPC232178	NPT911	1
NPC232247	NPT210	1
NPC232247	NPT539	1
NPC232311	NPT1006	1
NPC232340	NPT204	1
NPC232533	NPT145	49
NPC232533	NPT271	40
NPC232533	NPT272	31
NPC232533	NPT613	2
NPC232533	NPT98	1
NPC232654	NPT109	1
NPC232654	NPT51	1
NPC232692	NPT1078	1
NPC232692	NPT3101	1
NPC232692	NPT947	1
NPC232692	NPT948	1
NPC232692	NPT949	1
NPC232692	NPT955	1
NPC232727	NPT109	3
NPC232727	NPT110	2
NPC232727	NPT1422	1
NPC232727	NPT149	3
NPC232727	NPT151	4
NPC232727	NPT1681	6
NPC232727	NPT1701	1
NPC232727	NPT1785	1
NPC232727	NPT1791	1
NPC232727	NPT208	1
NPC232727	NPT211	1
NPC232727	NPT222	1
NPC232727	NPT223	1
NPC232727	NPT224	1
NPC232727	NPT228	1
NPC232727	NPT261	3
NPC232727	NPT292	1
NPC232727	NPT294	1
NPC232727	NPT3114	19
NPC232727	NPT3266	1
NPC232727	NPT3274	6
NPC232727	NPT3399	8
NPC232727	NPT3459	3
NPC232727	NPT3460	5
NPC232727	NPT4093	1
NPC232727	NPT48	4
NPC232727	NPT582	1
NPC232727	NPT93	2
NPC232727	NPT94	5
NPC232924	NPT1788	1
NPC232924	NPT1789	1
NPC232924	NPT221	1
NPC232924	NPT50	1
NPC233108	NPT262	1
NPC233108	NPT264	1
NPC233108	NPT265	1
NPC233108	NPT266	1
NPC233118	NPT109	1
NPC233118	NPT149	1
NPC233118	NPT249	1
NPC233118	NPT2592	1
NPC233118	NPT4037	1
NPC233118	NPT713	1
NPC233118	NPT796	1
NPC233118	NPT894	1
NPC233118	NPT93	1
NPC233118	NPT94	1
NPC233224	NPT1427	1
NPC233267	NPT109	1
NPC233267	NPT1416	1
NPC233267	NPT151	1
NPC233267	NPT2629	1
NPC233267	NPT50	1
NPC233267	NPT51	2
NPC233267	NPT59	1
NPC233282	NPT50	2
NPC233380	NPT491	1
NPC233455	NPT109	1
NPC233455	NPT1137	9
NPC233455	NPT1138	5
NPC233455	NPT1270	1
NPC233455	NPT166	1
NPC233455	NPT178	1
NPC233455	NPT203	1
NPC233455	NPT205	1
NPC233455	NPT206	1
NPC233455	NPT41	1
NPC233455	NPT483	1
NPC233455	NPT51	2
NPC233455	NPT570	1
NPC233455	NPT72	1
NPC233455	NPT73	1
NPC233650	NPT74	1
NPC233780	NPT48	1
NPC233780	NPT483	1
NPC233791	NPT50	1
NPC233827	NPT1078	1
NPC233836	NPT956	1
NPC234053	NPT109	1
NPC234053	NPT149	1
NPC234053	NPT151	1
NPC234053	NPT210	1
NPC234053	NPT2217	1
NPC234053	NPT48	1
NPC234053	NPT613	1
NPC234053	NPT93	1
NPC234053	NPT94	2
NPC234078	NPT110	1
NPC234084	NPT208	1
NPC234084	NPT947	1
NPC234084	NPT948	1
NPC234109	NPT151	1
NPC234109	NPT48	1
NPC234109	NPT483	1
NPC234109	NPT537	1
NPC234109	NPT60	1
NPC234109	NPT94	1
NPC234133	NPT3213	1
NPC234196	NPT1834	1
NPC234196	NPT2816	2
NPC234196	NPT63	1
NPC234255	NPT2680	1
NPC234306	NPT210	1
NPC234333	NPT30	1
NPC234536	NPT109	1
NPC234536	NPT151	1
NPC234536	NPT1603	1
NPC234536	NPT1604	2
NPC234536	NPT208	1
NPC234536	NPT48	1
NPC234536	NPT59	1
NPC234560	NPT1062	1
NPC234560	NPT108	4
NPC234560	NPT109	2
NPC234560	NPT110	1
NPC234560	NPT1270	1
NPC234560	NPT149	3
NPC234560	NPT151	4
NPC234560	NPT163	1
NPC234560	NPT208	1
NPC234560	NPT212	1
NPC234560	NPT213	1
NPC234560	NPT248	5
NPC234560	NPT2732	2
NPC234560	NPT41	1
NPC234560	NPT441	1
NPC234560	NPT48	4
NPC234560	NPT483	1
NPC234560	NPT50	1
NPC234560	NPT51	2
NPC234560	NPT52	1
NPC234560	NPT537	1
NPC234560	NPT538	1
NPC234560	NPT539	2
NPC234560	NPT58	1
NPC234560	NPT77	1
NPC234560	NPT796	1
NPC234560	NPT901	1
NPC234560	NPT93	4
NPC234560	NPT94	7
NPC234560	NPT949	1
NPC234560	NPT955	1
NPC234560	NPT96	1
NPC234560	NPT967	1
NPC234644	NPT3201	1
NPC234822	NPT110	1
NPC234822	NPT149	1
NPC234822	NPT213	1
NPC234952	NPT108	1
NPC234952	NPT248	1
NPC234956	NPT50	1
NPC235059	NPT282	1
NPC235059	NPT31	1
NPC235059	NPT346	4
NPC235059	NPT483	1
NPC235059	NPT570	1
NPC235059	NPT94	2
NPC23508	NPT149	1
NPC23508	NPT483	1
NPC23508	NPT94	1
NPC235165	NPT537	1
NPC235165	NPT538	1
NPC235190	NPT50	1
NPC235190	NPT792	1
NPC235217	NPT740	1
NPC235239	NPT178	1
NPC235289	NPT1157	1
NPC23559	NPT109	1
NPC23559	NPT149	1
NPC23559	NPT151	1
NPC23559	NPT157	1
NPC23559	NPT203	1
NPC23559	NPT58	1
NPC23559	NPT792	1
NPC23559	NPT94	1
NPC235767	NPT346	1
NPC235797	NPT210	1
NPC235797	NPT346	3
NPC235797	NPT94	1
NPC235900	NPT1038	1
NPC235900	NPT1197	1
NPC235900	NPT1416	1
NPC235900	NPT51	1
NPC236176	NPT5373	1
NPC236189	NPT178	1
NPC236202	NPT920	1
NPC236347	NPT109	1
NPC236347	NPT110	1
NPC236347	NPT1119	1
NPC236347	NPT149	1
NPC236347	NPT1788	1
NPC236347	NPT1789	1
NPC236347	NPT208	1
NPC236347	NPT210	1
NPC236347	NPT211	1
NPC236347	NPT221	1
NPC236347	NPT222	2
NPC236347	NPT223	1
NPC236347	NPT224	1
NPC236347	NPT225	1
NPC236347	NPT226	2
NPC236347	NPT227	1
NPC236347	NPT243	1
NPC236347	NPT282	1
NPC236347	NPT47	1
NPC236347	NPT48	1
NPC236347	NPT50	2
NPC236347	NPT51	2
NPC236347	NPT94	1
NPC236347	NPT940	1
NPC236522	NPT109	1
NPC236637	NPT1603	2
NPC236637	NPT1604	3
NPC236637	NPT208	2
NPC23667	NPT1794	1
NPC23668	NPT441	1
NPC236709	NPT2883	2
NPC236709	NPT483	1
NPC236769	NPT1422	2
NPC236769	NPT1594	1
NPC236769	NPT668	1
NPC236795	NPT3133	1
NPC237044	NPT109	1
NPC237044	NPT204	2
NPC23717	NPT178	1
NPC237202	NPT740	1
NPC237208	NPT956	1
NPC237435	NPT1591	2
NPC237435	NPT1592	1
NPC237435	NPT208	1
NPC237503	NPT677	1
NPC237812	NPT109	1
NPC237812	NPT1157	2
NPC237901	NPT1028	1
NPC237901	NPT1185	1
NPC237901	NPT1186	1
NPC237901	NPT1187	1
NPC237946	NPT109	2
NPC237946	NPT1283	1
NPC237946	NPT211	1
NPC237946	NPT212	1
NPC237946	NPT213	1
NPC237946	NPT249	1
NPC237946	NPT483	2
NPC237946	NPT537	1
NPC237946	NPT538	1
NPC237946	NPT585	1
NPC237946	NPT93	1
NPC237946	NPT94	1
NPC238023	NPT204	1
NPC238023	NPT210	1
NPC238279	NPT178	1
NPC23837	NPT233	1
NPC23837	NPT947	1
NPC23837	NPT948	1
NPC23837	NPT949	1
NPC23837	NPT954	1
NPC23837	NPT955	1
NPC238419	NPT862	1
NPC238530	NPT242	1
NPC238530	NPT677	1
NPC238629	NPT109	2
NPC238629	NPT1119	1
NPC238629	NPT149	2
NPC238629	NPT151	2
NPC238629	NPT157	2
NPC238629	NPT1603	1
NPC238629	NPT1604	1
NPC238629	NPT261	3
NPC238629	NPT282	2
NPC238629	NPT4015	1
NPC238629	NPT47	2
NPC238629	NPT48	2
NPC238629	NPT50	1
NPC238629	NPT51	2
NPC238629	NPT792	2
NPC238629	NPT864	1
NPC238629	NPT94	2
NPC23870	NPT1422	1
NPC23870	NPT1594	1
NPC23870	NPT178	3
NPC23870	NPT668	1
NPC23870	NPT861	1
NPC23870	NPT901	1
NPC238861	NPT109	1
NPC238861	NPT1226	1
NPC238861	NPT149	1
NPC238861	NPT151	2
NPC238861	NPT47	1
NPC238861	NPT48	1
NPC238861	NPT50	2
NPC238861	NPT51	2
NPC238861	NPT58	1
NPC238861	NPT94	2
NPC238937	NPT410	1
NPC238992	NPT178	1
NPC239185	NPT166	2
NPC239185	NPT203	1
NPC239312	NPT109	2
NPC239312	NPT110	1
NPC239312	NPT1119	3
NPC239312	NPT1338	1
NPC239312	NPT149	2
NPC239312	NPT151	3
NPC239312	NPT1566	1
NPC239312	NPT1591	1
NPC239312	NPT1603	1
NPC239312	NPT1604	1
NPC239312	NPT1627	1
NPC239312	NPT1663	1
NPC239312	NPT1721	1
NPC239312	NPT208	1
NPC239312	NPT212	1
NPC239312	NPT213	1
NPC239312	NPT2266	1
NPC239312	NPT2715	1
NPC239312	NPT2930	1
NPC239312	NPT4088	1
NPC239312	NPT45	1
NPC239312	NPT46	1
NPC239312	NPT47	3
NPC239312	NPT48	5
NPC239312	NPT49	1
NPC239312	NPT51	3
NPC239312	NPT511	2
NPC239312	NPT5386	1
NPC239312	NPT539	1
NPC239312	NPT58	2
NPC239312	NPT60	1
NPC239312	NPT668	1
NPC239312	NPT674	1
NPC239312	NPT792	3
NPC239312	NPT864	1
NPC239312	NPT901	1
NPC239312	NPT920	1
NPC239312	NPT93	1
NPC239312	NPT94	2
NPC239312	NPT958	1
NPC239312	NPT967	1
NPC239854	NPT243	3
NPC239854	NPT92	2
NPC240084	NPT149	1
NPC240084	NPT48	1
NPC240084	NPT483	1
NPC240084	NPT501	1
NPC240084	NPT796	1
NPC240084	NPT94	1
NPC2401	NPT78	1
NPC240108	NPT1270	1
NPC240108	NPT41	1
NPC240108	NPT78	1
NPC24019	NPT1038	1
NPC24019	NPT109	1
NPC24019	NPT110	1
NPC24019	NPT1197	1
NPC24019	NPT151	2
NPC24019	NPT1834	1
NPC24019	NPT212	1
NPC24019	NPT213	1
NPC24019	NPT277	1
NPC24019	NPT282	1
NPC24019	NPT48	2
NPC24019	NPT483	1
NPC24019	NPT50	1
NPC24019	NPT51	2
NPC24019	NPT59	1
NPC240431	NPT862	1
NPC240593	NPT582	2
NPC240664	NPT2230	1
NPC240684	NPT1371	1
NPC240722	NPT57	1
NPC240841	NPT98	1
NPC241089	NPT210	2
NPC241089	NPT233	1
NPC241089	NPT94	1
NPC241089	NPT947	1
NPC241089	NPT948	1
NPC241089	NPT949	1
NPC241089	NPT954	1
NPC241089	NPT955	1
NPC241165	NPT233	1
NPC241165	NPT3101	1
NPC241165	NPT947	1
NPC241165	NPT948	1
NPC241165	NPT949	1
NPC241165	NPT955	1
NPC241290	NPT178	1
NPC2413	NPT242	1
NPC241349	NPT143	1
NPC241349	NPT2584	1
NPC24136	NPT1422	1
NPC241392	NPT211	1
NPC241392	NPT48	1
NPC241392	NPT50	1
NPC2414	NPT282	1
NPC2414	NPT491	1
NPC241498	NPT1265	2
NPC241498	NPT2629	1
NPC241498	NPT3213	1
NPC241498	NPT3283	1
NPC241498	NPT50	2
NPC241498	NPT51	1
NPC241498	NPT524	1
NPC241498	NPT537	1
NPC241498	NPT538	1
NPC241498	NPT59	1
NPC241838	NPT1603	2
NPC241838	NPT1604	2
NPC241838	NPT208	2
NPC241838	NPT261	1
NPC241846	NPT1214	2
NPC241854	NPT1794	1
NPC241875	NPT203	1
NPC241875	NPT540	1
NPC241879	NPT204	1
NPC24193	NPT570	1
NPC242136	NPT1197	1
NPC242294	NPT1422	1
NPC242372	NPT92	1
NPC242580	NPT483	1
NPC242580	NPT5009	1
NPC242580	NPT51	1
NPC242692	NPT204	1
NPC242692	NPT439	1
NPC242885	NPT1587	1
NPC242885	NPT1588	1
NPC242885	NPT233	1
NPC242885	NPT249	1
NPC242885	NPT947	1
NPC242893	NPT1250	4
NPC242893	NPT1721	1
NPC242893	NPT967	1
NPC242895	NPT1038	1
NPC242895	NPT108	1
NPC242895	NPT109	3
NPC242895	NPT110	2
NPC242895	NPT149	1
NPC242895	NPT151	3
NPC242895	NPT208	1
NPC242895	NPT210	2
NPC242895	NPT212	2
NPC242895	NPT213	2
NPC242895	NPT282	2
NPC242895	NPT285	1
NPC242895	NPT2875	1
NPC242895	NPT46	1
NPC242895	NPT47	1
NPC242895	NPT48	3
NPC242895	NPT483	1
NPC242895	NPT50	1
NPC242895	NPT51	4
NPC242895	NPT524	1
NPC242895	NPT539	1
NPC242895	NPT5403	1
NPC242895	NPT59	2
NPC242895	NPT60	1
NPC242895	NPT640	2
NPC242895	NPT641	1
NPC242895	NPT796	1
NPC242895	NPT874	1
NPC242895	NPT94	2
NPC242895	NPT942	1
NPC242930	NPT1287	8
NPC242930	NPT1418	2
NPC242930	NPT232	17
NPC242930	NPT472	4
NPC242930	NPT58	1
NPC242930	NPT94	1
NPC243083	NPT1265	1
NPC243083	NPT1603	1
NPC243083	NPT1604	1
NPC243083	NPT208	1
NPC243083	NPT441	1
NPC243171	NPT178	1
NPC2432	NPT510	1
NPC2432	NPT511	1
NPC2432	NPT513	1
NPC243272	NPT3167	1
NPC243272	NPT570	1
NPC243319	NPT1416	1
NPC243319	NPT48	1
NPC243319	NPT58	1
NPC243475	NPT295	1
NPC243475	NPT4735	1
NPC243483	NPT145	2
NPC243483	NPT271	1
NPC243483	NPT272	2
NPC243483	NPT296	2
NPC243509	NPT109	1
NPC243509	NPT1604	1
NPC243509	NPT60	1
NPC243509	NPT668	1
NPC243509	NPT740	2
NPC243509	NPT94	1
NPC243532	NPT4003	1
NPC243532	NPT869	1
NPC243635	NPT110	1
NPC243677	NPT1270	1
NPC243677	NPT3120	1
NPC243677	NPT3504	1
NPC243677	NPT41	1
NPC243728	NPT59	1
NPC24394	NPT178	2
NPC244246	NPT59	1
NPC244246	NPT60	1
NPC244256	NPT149	1
NPC244293	NPT50	1
NPC244336	NPT1720	1
NPC244336	NPT670	1
NPC244364	NPT2680	1
NPC244441	NPT204	1
NPC244495	NPT261	1
NPC244495	NPT30	1
NPC244509	NPT1720	1
NPC244509	NPT670	1
NPC244738	NPT1250	1
NPC244738	NPT240	1
NPC244738	NPT241	2
NPC244738	NPT2599	1
NPC244738	NPT346	2
NPC244738	NPT472	1
NPC244799	NPT149	1
NPC244799	NPT151	1
NPC244799	NPT3101	1
NPC244799	NPT48	1
NPC244799	NPT94	1
NPC244799	NPT947	1
NPC244799	NPT948	1
NPC244799	NPT949	1
NPC244799	NPT955	1
NPC244888	NPT178	1
NPC245027	NPT1006	1
NPC245027	NPT1157	2
NPC245187	NPT346	1
NPC245187	NPT524	1
NPC245223	NPT204	1
NPC245223	NPT439	1
NPC245244	NPT110	1
NPC245244	NPT212	1
NPC245244	NPT213	1
NPC245531	NPT109	1
NPC245531	NPT151	1
NPC245531	NPT282	1
NPC245531	NPT51	1
NPC245531	NPT539	1
NPC245531	NPT93	1
NPC245531	NPT94	1
NPC245896	NPT109	1
NPC245896	NPT149	1
NPC245896	NPT151	1
NPC245896	NPT1603	2
NPC245896	NPT1604	2
NPC245896	NPT208	1
NPC245896	NPT210	1
NPC245896	NPT94	1
NPC245966	NPT728	1
NPC246162	NPT1062	1
NPC246162	NPT1089	1
NPC246162	NPT1090	1
NPC246162	NPT1479	1
NPC246162	NPT280	1
NPC246162	NPT47	1
NPC246162	NPT48	1
NPC246162	NPT51	1
NPC246162	NPT567	1
NPC246162	NPT568	1
NPC246162	NPT59	1
NPC246162	NPT60	1
NPC246162	NPT78	1
NPC246162	NPT949	1
NPC246162	NPT955	1
NPC246214	NPT155	1
NPC246358	NPT346	1
NPC246597	NPT204	1
NPC246679	NPT1062	1
NPC246679	NPT1144	1
NPC246679	NPT163	1
NPC246679	NPT233	3
NPC246679	NPT947	3
NPC246693	NPT1214	1
NPC246693	NPT1385	1
NPC246693	NPT143	1
NPC246693	NPT178	1
NPC246693	NPT2584	1
NPC246693	NPT285	1
NPC246693	NPT3060	1
NPC246693	NPT46	1
NPC246693	NPT47	1
NPC246693	NPT51	1
NPC246693	NPT52	3
NPC246693	NPT6230	2
NPC246693	NPT911	1
NPC246693	NPT93	1
NPC246693	NPT94	1
NPC246708	NPT178	2
NPC246903	NPT163	1
NPC246903	NPT261	1
NPC246903	NPT582	1
NPC246904	NPT204	1
NPC246904	NPT439	1
NPC246943	NPT1044	1
NPC246943	NPT143	1
NPC246956	NPT540	1
NPC247060	NPT439	1
NPC24748	NPT211	1
NPC247553	NPT1224	1
NPC247553	NPT1226	1
NPC247553	NPT149	1
NPC247553	NPT151	1
NPC247553	NPT1551	1
NPC247553	NPT204	1
NPC247553	NPT277	1
NPC247553	NPT3904	1
NPC247553	NPT41	1
NPC247553	NPT48	1
NPC247553	NPT50	1
NPC247553	NPT501	1
NPC247553	NPT57	1
NPC247553	NPT60	1
NPC247553	NPT741	1
NPC247553	NPT94	1
NPC247553	NPT947	3
NPC247553	NPT948	4
NPC247553	NPT949	3
NPC247553	NPT967	1
NPC2476	NPT109	1
NPC2476	NPT282	1
NPC2476	NPT45	1
NPC2476	NPT483	1
NPC2476	NPT51	1
NPC2476	NPT94	1
NPC247779	NPT214	1
NPC247779	NPT469	1
NPC247779	NPT50	1
NPC247871	NPT109	1
NPC248007	NPT876	1
NPC248041	NPT48	1
NPC248102	NPT1166	1
NPC24824	NPT792	1
NPC24824	NPT94	1
NPC248355	NPT30	1
NPC248573	NPT109	2
NPC248573	NPT110	2
NPC248573	NPT149	4
NPC248573	NPT151	2
NPC248573	NPT208	2
NPC248573	NPT211	2
NPC248573	NPT212	3
NPC248573	NPT213	2
NPC248573	NPT45	1
NPC248573	NPT48	2
NPC248573	NPT483	1
NPC248573	NPT50	1
NPC248573	NPT51	1
NPC248573	NPT52	1
NPC248573	NPT539	2
NPC248573	NPT582	1
NPC248573	NPT792	1
NPC248573	NPT93	1
NPC248573	NPT94	2
NPC248573	NPT96	1
NPC248884	NPT1785	1
NPC248884	NPT272	1
NPC248884	NPT30	1
NPC248884	NPT99	1
NPC248944	NPT72	1
NPC248944	NPT73	1
NPC248956	NPT282	1
NPC248970	NPT163	1
NPC248970	NPT46	1
NPC248970	NPT47	1
NPC248970	NPT48	1
NPC248970	NPT51	2
NPC248970	NPT58	1
NPC248970	NPT792	1
NPC248970	NPT93	1
NPC248970	NPT96	1
NPC249067	NPT1444	1
NPC249067	NPT166	3
NPC249067	NPT203	3
NPC249067	NPT483	1
NPC249435	NPT1592	1
NPC249606	NPT1699	1
NPC249606	NPT570	1
NPC249797	NPT109	1
NPC249797	NPT110	1
NPC249797	NPT208	1
NPC249797	NPT213	1
NPC249797	NPT242	1
NPC249797	NPT277	1
NPC249797	NPT48	1
NPC249797	NPT483	1
NPC250266	NPT109	1
NPC250266	NPT110	1
NPC250266	NPT149	2
NPC250266	NPT151	1
NPC250266	NPT212	1
NPC250266	NPT213	1
NPC250266	NPT48	1
NPC250266	NPT51	1
NPC250266	NPT539	1
NPC250266	NPT94	1
NPC250361	NPT149	1
NPC250361	NPT94	1
NPC250432	NPT1478	1
NPC250432	NPT1566	1
NPC250432	NPT285	1
NPC250432	NPT920	1
NPC250436	NPT1079	2
NPC250436	NPT1080	2
NPC250436	NPT1187	1
NPC250436	NPT1274	2
NPC250436	NPT1287	1
NPC250436	NPT1336	1
NPC250436	NPT1337	1
NPC250436	NPT1429	1
NPC250436	NPT144	2
NPC250436	NPT1592	1
NPC250436	NPT1612	1
NPC250436	NPT1834	2
NPC250436	NPT232	2
NPC250436	NPT2752	1
NPC250436	NPT279	1
NPC250436	NPT283	1
NPC250436	NPT3114	3
NPC250436	NPT4015	1
NPC250436	NPT4016	1
NPC250436	NPT4248	2
NPC250436	NPT47	1
NPC250436	NPT48	1
NPC250436	NPT50	1
NPC250436	NPT51	2
NPC250436	NPT52	1
NPC250436	NPT568	1
NPC250436	NPT59	1
NPC250436	NPT60	1
NPC250436	NPT668	1
NPC250436	NPT713	1
NPC250436	NPT740	1
NPC250436	NPT755	1
NPC250436	NPT78	3
NPC250436	NPT865	1
NPC250436	NPT956	1
NPC250436	NPT980	2
NPC250769	NPT483	1
NPC250769	NPT94	1
NPC250822	NPT109	1
NPC250822	NPT94	1
NPC250834	NPT282	1
NPC250834	NPT3517	1
NPC250834	NPT3569	1
NPC250834	NPT3974	1
NPC250999	NPT1062	1
NPC250999	NPT1063	1
NPC250999	NPT1143	1
NPC250999	NPT1144	1
NPC250999	NPT1146	1
NPC250999	NPT1224	1
NPC250999	NPT149	1
NPC250999	NPT151	1
NPC250999	NPT282	1
NPC250999	NPT3101	1
NPC250999	NPT45	1
NPC250999	NPT48	1
NPC250999	NPT50	1
NPC250999	NPT51	1
NPC250999	NPT539	1
NPC250999	NPT792	1
NPC250999	NPT93	1
NPC250999	NPT94	1
NPC250999	NPT948	1
NPC250999	NPT949	1
NPC250999	NPT954	1
NPC250999	NPT955	1
NPC25110	NPT439	1
NPC251336	NPT178	1
NPC251407	NPT13	1
NPC251407	NPT36	1
NPC251779	NPT178	1
NPC2518	NPT233	1
NPC2518	NPT46	1
NPC2518	NPT524	1
NPC2518	NPT948	1
NPC251866	NPT93	1
NPC252067	NPT741	1
NPC252107	NPT472	1
NPC252154	NPT210	1
NPC252281	NPT1197	1
NPC252281	NPT59	1
NPC252433	NPT47	1
NPC252603	NPT1444	1
NPC252603	NPT1445	2
NPC252603	NPT1446	1
NPC252603	NPT211	1
NPC252603	NPT216	18
NPC252603	NPT217	21
NPC252603	NPT218	18
NPC252603	NPT3376	1
NPC252603	NPT4059	13
NPC252603	NPT5100	1
NPC252603	NPT5454	1
NPC252603	NPT802	1
NPC252860	NPT483	1
NPC253423	NPT2230	1
NPC253423	NPT93	1
NPC253423	NPT94	1
NPC253429	NPT210	1
NPC253574	NPT538	1
NPC253616	NPT48	1
NPC253616	NPT483	1
NPC253645	NPT296	1
NPC253662	NPT1606	1
NPC253662	NPT224	1
NPC253703	NPT109	1
NPC253703	NPT3133	1
NPC253703	NPT3820	1
NPC253703	NPT4166	1
NPC253703	NPT4371	1
NPC253703	NPT537	1
NPC253703	NPT538	1
NPC253703	NPT539	1
NPC253703	NPT5457	1
NPC253703	NPT5458	1
NPC253703	NPT5459	1
NPC253703	NPT918	1
NPC253703	NPT93	2
NPC253703	NPT94	1
NPC253703	NPT942	1
NPC253746	NPT233	1
NPC253746	NPT741	2
NPC253746	NPT947	1
NPC253746	NPT948	1
NPC253746	NPT949	1
NPC253746	NPT954	1
NPC253746	NPT955	1
NPC253810	NPT645	1
NPC254010	NPT537	1
NPC254010	NPT538	1
NPC254240	NPT222	1
NPC254240	NPT223	1
NPC254240	NPT224	1
NPC254275	NPT106	1
NPC254449	NPT865	1
NPC254482	NPT1006	1
NPC254482	NPT5463	1
NPC254610	NPT537	1
NPC254610	NPT538	1
NPC254659	NPT50	1
NPC254698	NPT261	7
NPC254698	NPT582	19
NPC254847	NPT10	1
NPC254847	NPT108	1
NPC254847	NPT109	1
NPC254847	NPT110	2
NPC254847	NPT1185	1
NPC254847	NPT1186	1
NPC254847	NPT1187	1
NPC254847	NPT1265	1
NPC254847	NPT1338	1
NPC254847	NPT149	1
NPC254847	NPT1598	3
NPC254847	NPT1603	1
NPC254847	NPT208	1
NPC254847	NPT210	3
NPC254847	NPT211	1
NPC254847	NPT212	2
NPC254847	NPT213	2
NPC254847	NPT248	1
NPC254847	NPT279	1
NPC254847	NPT282	2
NPC254847	NPT41	1
NPC254847	NPT46	1
NPC254847	NPT483	1
NPC254847	NPT49	1
NPC254847	NPT50	3
NPC254847	NPT51	2
NPC254847	NPT538	1
NPC254847	NPT539	1
NPC254847	NPT5467	1
NPC254847	NPT58	1
NPC254847	NPT59	1
NPC254847	NPT792	1
NPC254847	NPT862	1
NPC254847	NPT94	3
NPC254847	NPT96	1
NPC25496	NPT59	1
NPC254994	NPT1416	1
NPC254994	NPT2944	1
NPC255042	NPT109	1
NPC255042	NPT5259	1
NPC255042	NPT792	1
NPC255073	NPT94	1
NPC255253	NPT296	1
NPC255253	NPT4110	1
NPC255253	NPT861	1
NPC255253	NPT98	1
NPC255345	NPT149	1
NPC255345	NPT210	1
NPC255345	NPT282	1
NPC255345	NPT524	1
NPC255345	NPT864	1
NPC255345	NPT94	1
NPC255387	NPT178	1
NPC255550	NPT109	1
NPC255550	NPT149	1
NPC255550	NPT208	1
NPC255550	NPT2592	1
NPC255550	NPT282	1
NPC255550	NPT30	2
NPC255550	NPT472	16
NPC255550	NPT483	1
NPC255550	NPT51	1
NPC255550	NPT5472	1
NPC255550	NPT570	1
NPC255550	NPT713	1
NPC255550	NPT792	1
NPC255550	NPT93	1
NPC255550	NPT94	5
NPC255566	NPT106	1
NPC255566	NPT99	1
NPC255607	NPT145	1
NPC255615	NPT864	1
NPC255801	NPT741	1
NPC25581	NPT149	1
NPC25581	NPT151	1
NPC25581	NPT47	1
NPC25581	NPT48	2
NPC25581	NPT50	2
NPC25581	NPT51	1
NPC25581	NPT59	1
NPC25581	NPT60	1
NPC255817	NPT109	1
NPC255817	NPT110	1
NPC255817	NPT149	1
NPC255817	NPT151	1
NPC255817	NPT208	1
NPC255817	NPT210	1
NPC255817	NPT48	1
NPC255817	NPT483	1
NPC255817	NPT539	1
NPC255817	NPT93	1
NPC255817	NPT94	1
NPC256042	NPT78	1
NPC256188	NPT143	1
NPC256406	NPT178	1
NPC256463	NPT1214	1
NPC256463	NPT143	1
NPC256463	NPT2584	1
NPC256838	NPT233	1
NPC256838	NPT50	1
NPC256838	NPT94	1
NPC256838	NPT947	1
NPC256838	NPT948	1
NPC256838	NPT949	1
NPC256838	NPT954	1
NPC256838	NPT955	1
NPC256849	NPT1444	1
NPC256849	NPT1445	2
NPC256849	NPT1446	1
NPC256849	NPT204	1
NPC256849	NPT216	12
NPC256849	NPT217	17
NPC256849	NPT218	6
NPC256849	NPT2556	1
NPC256849	NPT3376	1
NPC256849	NPT3783	1
NPC256849	NPT4059	14
NPC256849	NPT4884	1
NPC256849	NPT524	1
NPC256849	NPT582	2
NPC256849	NPT59	1
NPC256849	NPT876	1
NPC256849	NPT940	1
NPC256853	NPT109	1
NPC256853	NPT2608	1
NPC256853	NPT48	1
NPC2569	NPT47	1
NPC2569	NPT59	1
NPC2569	NPT60	1
NPC257003	NPT1214	1
NPC257003	NPT2584	1
NPC257025	NPT801	1
NPC257025	NPT802	1
NPC257025	NPT864	1
NPC257097	NPT441	1
NPC257124	NPT109	1
NPC257124	NPT153	1
NPC257124	NPT2691	1
NPC257124	NPT30	1
NPC257124	NPT31	2
NPC257124	NPT346	2
NPC257124	NPT570	1
NPC257124	NPT94	1
NPC257182	NPT645	1
NPC257182	NPT646	1
NPC257188	NPT1224	1
NPC257188	NPT149	1
NPC257188	NPT151	1
NPC257188	NPT204	1
NPC257188	NPT3101	1
NPC257188	NPT48	2
NPC257188	NPT51	1
NPC257188	NPT537	1
NPC257188	NPT538	1
NPC257188	NPT539	1
NPC257188	NPT59	1
NPC257188	NPT93	1
NPC257188	NPT94	1
NPC257188	NPT947	1
NPC257188	NPT948	1
NPC257188	NPT949	1
NPC257188	NPT955	1
NPC257236	NPT10	1
NPC257236	NPT1344	1
NPC257236	NPT1416	1
NPC257236	NPT1441	1
NPC257236	NPT1612	2
NPC257236	NPT47	4
NPC257236	NPT48	2
NPC257236	NPT483	1
NPC257236	NPT50	3
NPC257236	NPT51	4
NPC257236	NPT58	1
NPC257236	NPT59	1
NPC257236	NPT607	1
NPC257236	NPT796	1
NPC257236	NPT881	1
NPC257236	NPT93	3
NPC257236	NPT94	4
NPC257390	NPT3579	1
NPC257424	NPT38	1
NPC257490	NPT151	1
NPC257582	NPT109	1
NPC257682	NPT178	1
NPC257756	NPT3579	1
NPC258046	NPT1529	3
NPC258046	NPT261	1
NPC258046	NPT582	1
NPC258046	NPT6527	1
NPC258048	NPT273	2
NPC258096	NPT48	1
NPC258096	NPT524	1
NPC258096	NPT796	1
NPC258469	NPT178	1
NPC258630	NPT178	2
NPC258630	NPT545	1
NPC258773	NPT366	1
NPC259134	NPT109	1
NPC259134	NPT210	1
NPC259134	NPT483	1
NPC259134	NPT539	1
NPC259182	NPT151	1
NPC259182	NPT2875	1
NPC259182	NPT2876	1
NPC259182	NPT2877	1
NPC259182	NPT5493	1
NPC259182	NPT640	19
NPC259182	NPT641	20
NPC259182	NPT862	1
NPC259252	NPT204	1
NPC259347	NPT182	1
NPC259512	NPT2691	1
NPC259512	NPT346	4
NPC259512	NPT483	1
NPC259545	NPT204	1
NPC2596	NPT51	1
NPC2596	NPT537	1
NPC2596	NPT538	1
NPC2596	NPT93	1
NPC259665	NPT272	1
NPC259767	NPT1592	1
NPC259767	NPT41	1
NPC259788	NPT1137	1
NPC259957	NPT109	1
NPC25998	NPT143	1
NPC260000	NPT153	1
NPC260491	NPT47	1
NPC260491	NPT48	1
NPC260491	NPT51	1
NPC260491	NPT59	1
NPC260491	NPT60	1
NPC26051	NPT178	1
NPC26051	NPT204	1
NPC260582	NPT78	1
NPC260842	NPT1214	2
NPC260842	NPT2584	2
NPC260909	NPT1197	1
NPC260909	NPT1594	1
NPC260909	NPT483	1
NPC260909	NPT612	1
NPC260909	NPT668	1
NPC260909	NPT72	2
NPC260909	NPT73	1
NPC260977	NPT109	1
NPC260977	NPT208	1
NPC260977	NPT543	1
NPC260977	NPT627	1
NPC260977	NPT94	1
NPC261012	NPT1028	1
NPC261012	NPT1044	5
NPC261012	NPT13	1
NPC261012	NPT14	1
NPC261012	NPT143	1
NPC261012	NPT1432	1
NPC261012	NPT144	1
NPC261012	NPT1594	1
NPC261012	NPT262	1
NPC261012	NPT277	1
NPC261012	NPT2796	1
NPC261012	NPT286	1
NPC261012	NPT322	3
NPC261012	NPT568	1
NPC261012	NPT622	1
NPC261012	NPT668	1
NPC261012	NPT72	1
NPC261012	NPT73	1
NPC261012	NPT980	1
NPC261063	NPT279	1
NPC261181	NPT483	1
NPC261195	NPT524	1
NPC261351	NPT41	1
NPC261411	NPT2533	1
NPC261453	NPT77	1
NPC261484	NPT204	1
NPC261548	NPT109	1
NPC261548	NPT1226	1
NPC261548	NPT277	1
NPC261548	NPT48	1
NPC261548	NPT483	1
NPC261548	NPT51	1
NPC261548	NPT539	1
NPC261619	NPT740	2
NPC261759	NPT1890	3
NPC261831	NPT1038	1
NPC261831	NPT106	1
NPC261831	NPT1418	1
NPC261831	NPT142	3
NPC261831	NPT143	1
NPC261831	NPT144	1
NPC261831	NPT149	1
NPC261831	NPT178	1
NPC261831	NPT441	1
NPC261831	NPT51	1
NPC261831	NPT5235	1
NPC261831	NPT524	1
NPC261831	NPT58	1
NPC261831	NPT866	2
NPC261831	NPT98	1
NPC261831	NPT99	1
NPC261935	NPT570	1
NPC262253	NPT1540	1
NPC262253	NPT5136	3
NPC262253	NPT5199	3
NPC262253	NPT622	1
NPC262253	NPT665	1
NPC262253	NPT668	2
NPC262253	NPT669	1
NPC262253	NPT72	1
NPC262359	NPT109	1
NPC262359	NPT1422	1
NPC262359	NPT149	1
NPC262359	NPT151	1
NPC262359	NPT282	1
NPC262359	NPT483	1
NPC262359	NPT51	1
NPC262359	NPT539	1
NPC262359	NPT792	1
NPC262359	NPT94	1
NPC26244	NPT108	1
NPC26244	NPT109	1
NPC26244	NPT1119	1
NPC26244	NPT211	1
NPC26244	NPT483	1
NPC26244	NPT51	2
NPC26244	NPT539	1
NPC26244	NPT60	1
NPC26244	NPT792	1
NPC262635	NPT109	2
NPC262635	NPT208	1
NPC262635	NPT217	1
NPC262635	NPT261	1
NPC262635	NPT282	1
NPC262635	NPT292	1
NPC262635	NPT48	2
NPC262635	NPT94	1
NPC262671	NPT109	1
NPC262926	NPT1755	1
NPC262926	NPT51	1
NPC262962	NPT210	1
NPC262962	NPT94	1
NPC263065	NPT1038	1
NPC263065	NPT2725	1
NPC263382	NPT3167	1
NPC263382	NPT570	1
NPC263386	NPT10	1
NPC263386	NPT108	1
NPC263386	NPT109	1
NPC263386	NPT1119	1
NPC263386	NPT1270	2
NPC263386	NPT13	1
NPC263386	NPT14	1
NPC263386	NPT149	1
NPC263386	NPT151	2
NPC263386	NPT228	1
NPC263386	NPT282	1
NPC263386	NPT285	1
NPC263386	NPT286	1
NPC263386	NPT30	2
NPC263386	NPT31	1
NPC263386	NPT3504	2
NPC263386	NPT3505	2
NPC263386	NPT3506	2
NPC263386	NPT3507	2
NPC263386	NPT41	2
NPC263386	NPT48	2
NPC263386	NPT483	1
NPC263386	NPT50	1
NPC263386	NPT51	3
NPC263386	NPT570	1
NPC263386	NPT58	1
NPC263386	NPT77	1
NPC263386	NPT78	1
NPC263386	NPT792	2
NPC263386	NPT796	1
NPC263386	NPT93	3
NPC263386	NPT94	2
NPC263386	NPT940	1
NPC2634	NPT153	1
NPC2634	NPT211	1
NPC2634	NPT249	1
NPC2634	NPT540	7
NPC2634	NPT541	1
NPC2634	NPT542	1
NPC2634	NPT543	1
NPC2634	NPT93	1
NPC2634	NPT94	1
NPC263548	NPT1270	1
NPC263548	NPT41	1
NPC263548	NPT540	1
NPC263670	NPT1592	1
NPC263676	NPT1603	1
NPC263676	NPT1604	1
NPC263676	NPT668	1
NPC263977	NPT5270	1
NPC264005	NPT166	1
NPC264005	NPT203	1
NPC26413	NPT1591	1
NPC26413	NPT570	2
NPC26413	NPT755	2
NPC26413	NPT956	2
NPC264145	NPT2629	1
NPC264145	NPT48	1
NPC264145	NPT483	1
NPC264145	NPT50	1
NPC264145	NPT5283	1
NPC264145	NPT59	1
NPC264145	NPT60	1
NPC264145	NPT864	1
NPC264145	NPT967	1
NPC264166	NPT1028	1
NPC264166	NPT109	2
NPC264166	NPT110	47
NPC264166	NPT210	1
NPC264166	NPT212	1
NPC264166	NPT2691	1
NPC264166	NPT2856	2
NPC264166	NPT3839	1
NPC264166	NPT4037	1
NPC264166	NPT439	1
NPC264166	NPT50	1
NPC264166	NPT613	3
NPC264166	NPT668	9
NPC264166	NPT94	1
NPC264166	NPT98	6
NPC264192	NPT1896	1
NPC264192	NPT2601	1
NPC264192	NPT861	1
NPC264196	NPT166	1
NPC264196	NPT204	1
NPC264196	NPT439	1
NPC264293	NPT109	2
NPC264293	NPT110	1
NPC264293	NPT151	2
NPC264293	NPT1603	1
NPC264293	NPT1604	1
NPC264293	NPT208	2
NPC264293	NPT213	1
NPC264293	NPT282	1
NPC264293	NPT93	1
NPC264293	NPT94	1
NPC264317	NPT1270	1
NPC264317	NPT1592	1
NPC264317	NPT1896	2
NPC264317	NPT41	1
NPC264317	NPT540	1
NPC264317	NPT59	3
NPC264317	NPT745	1
NPC264391	NPT1472	1
NPC264391	NPT51	1
NPC264391	NPT665	2
NPC264391	NPT669	1
NPC264400	NPT645	1
NPC264477	NPT31	1
NPC264779	NPT346	1
NPC264938	NPT13	1
NPC264938	NPT1371	10
NPC264938	NPT1423	9
NPC264938	NPT1571	4
NPC264938	NPT182	1
NPC264938	NPT2213	8
NPC264938	NPT281	1
NPC264938	NPT285	3
NPC264938	NPT286	1
NPC264938	NPT3240	3
NPC264938	NPT3346	3
NPC264938	NPT3347	7
NPC264938	NPT36	1
NPC264938	NPT3783	1
NPC264938	NPT591	1
NPC264938	NPT761	1
NPC264938	NPT881	1
NPC265051	NPT1224	1
NPC265181	NPT38	3
NPC265480	NPT41	1
NPC265547	NPT1062	1
NPC265547	NPT1063	1
NPC265547	NPT1143	1
NPC265547	NPT1146	1
NPC265547	NPT149	1
NPC265547	NPT151	2
NPC265547	NPT1551	1
NPC265547	NPT41	2
NPC265547	NPT48	2
NPC265547	NPT94	2
NPC265547	NPT947	1
NPC265547	NPT948	1
NPC265547	NPT949	1
NPC265547	NPT954	1
NPC265547	NPT955	1
NPC265557	NPT110	1
NPC265605	NPT240	1
NPC265605	NPT483	1
NPC265605	NPT50	1
NPC265605	NPT94	1
NPC265624	NPT740	1
NPC265624	NPT78	1
NPC265789	NPT204	1
NPC265789	NPT439	1
NPC265885	NPT47	1
NPC265885	NPT49	1
NPC265885	NPT59	1
NPC265885	NPT60	1
NPC265885	NPT864	1
NPC266113	NPT346	1
NPC266116	NPT151	1
NPC266116	NPT1551	1
NPC266116	NPT41	1
NPC266116	NPT645	2
NPC266116	NPT647	1
NPC266116	NPT741	1
NPC266116	NPT967	1
NPC26617	NPT151	1
NPC26617	NPT51	2
NPC26617	NPT537	1
NPC26617	NPT538	1
NPC26617	NPT940	1
NPC266176	NPT204	1
NPC266347	NPT346	1
NPC266347	NPT472	1
NPC266572	NPT178	1
NPC266597	NPT109	1
NPC266597	NPT212	1
NPC266597	NPT213	1
NPC266597	NPT2563	1
NPC266597	NPT539	1
NPC266597	NPT588	1
NPC266689	NPT483	1
NPC266689	NPT51	1
NPC266689	NPT60	1
NPC266689	NPT94	1
NPC266743	NPT1197	1
NPC26697	NPT1588	1
NPC26697	NPT285	2
NPC26697	NPT36	2
NPC267340	NPT1287	1
NPC267340	NPT232	1
NPC267375	NPT1214	1
NPC267375	NPT178	1
NPC267375	NPT2584	1
NPC267375	NPT3997	1
NPC267509	NPT261	2
NPC267552	NPT741	1
NPC267627	NPT3101	1
NPC267627	NPT947	1
NPC267627	NPT948	1
NPC267627	NPT949	1
NPC267627	NPT955	1
NPC267691	NPT1210	1
NPC267691	NPT178	3
NPC267691	NPT3517	1
NPC267691	NPT677	1
NPC268032	NPT13	1
NPC268238	NPT2892	1
NPC268238	NPT537	1
NPC268238	NPT538	1
NPC268342	NPT30	1
NPC268342	NPT740	1
NPC268342	NPT920	1
NPC26850	NPT151	1
NPC26850	NPT483	1
NPC26850	NPT93	1
NPC268503	NPT98	1
NPC268533	NPT1785	1
NPC268718	NPT109	1
NPC268718	NPT93	1
NPC268763	NPT296	25
NPC268829	NPT1283	1
NPC268917	NPT178	1
NPC268922	NPT503	1
NPC268927	NPT1006	1
NPC26906	NPT483	1
NPC269166	NPT524	1
NPC269206	NPT144	1
NPC269451	NPT285	1
NPC269492	NPT5270	1
NPC26960	NPT178	1
NPC269677	NPT178	1
NPC269800	NPT1287	1
NPC269800	NPT232	1
NPC269823	NPT51	1
NPC269823	NPT94	1
NPC269877	NPT109	1
NPC269877	NPT149	1
NPC269877	NPT151	1
NPC269877	NPT198	1
NPC269877	NPT426	1
NPC269877	NPT51	1
NPC269877	NPT792	1
NPC269877	NPT93	1
NPC269877	NPT94	2
NPC269919	NPT149	1
NPC269919	NPT151	1
NPC269919	NPT48	1
NPC269919	NPT94	1
NPC270030	NPT2680	1
NPC270094	NPT1062	1
NPC270094	NPT1063	1
NPC270094	NPT109	1
NPC270094	NPT1143	1
NPC270094	NPT1144	1
NPC270094	NPT1146	1
NPC270094	NPT149	1
NPC270094	NPT233	3
NPC270094	NPT483	1
NPC270094	NPT94	1
NPC270094	NPT947	3
NPC270094	NPT948	1
NPC270094	NPT949	1
NPC270094	NPT954	1
NPC270094	NPT955	1
NPC270465	NPT1606	1
NPC270620	NPT1422	2
NPC270620	NPT1594	1
NPC270620	NPT668	1
NPC270768	NPT677	1
NPC270768	NPT72	1
NPC270768	NPT73	1
NPC270796	NPT4030	1
NPC270796	NPT441	1
NPC270796	NPT51	2
NPC270796	NPT546	1
NPC270796	NPT869	2
NPC270796	NPT94	3
NPC270883	NPT178	1
NPC271208	NPT1427	1
NPC271208	NPT283	1
NPC271215	NPT3166	1
NPC271270	NPT178	1
NPC271282	NPT1785	1
NPC271385	NPT108	1
NPC271385	NPT248	1
NPC271440	NPT149	1
NPC271440	NPT151	1
NPC271440	NPT94	1
NPC271614	NPT864	1
NPC271732	NPT210	1
NPC271755	NPT3820	1
NPC27208	NPT1274	1
NPC27208	NPT151	1
NPC27208	NPT1721	1
NPC27208	NPT2266	1
NPC27208	NPT441	1
NPC27208	NPT48	1
NPC27208	NPT49	1
NPC27208	NPT501	1
NPC27208	NPT51	2
NPC27208	NPT78	1
NPC27208	NPT792	1
NPC27208	NPT94	1
NPC272396	NPT514	1
NPC2724	NPT210	1
NPC2724	NPT94	1
NPC272426	NPT151	1
NPC272426	NPT210	1
NPC272426	NPT282	1
NPC272426	NPT47	1
NPC272426	NPT483	1
NPC272426	NPT501	1
NPC272426	NPT862	1
NPC272614	NPT1006	1
NPC272614	NPT50	1
NPC272721	NPT261	1
NPC272732	NPT204	1
NPC273023	NPT1287	2
NPC273023	NPT232	1
NPC273033	NPT1078	1
NPC273033	NPT214	1
NPC273033	NPT94	1
NPC273037	NPT109	1
NPC273037	NPT1259	2
NPC273037	NPT163	1
NPC273037	NPT208	1
NPC273037	NPT282	1
NPC273037	NPT3549	3
NPC273037	NPT3757	1
NPC273037	NPT4562	1
NPC273037	NPT4563	1
NPC273037	NPT4565	2
NPC273037	NPT4576	1
NPC273037	NPT48	2
NPC273037	NPT50	1
NPC273037	NPT5463	1
NPC273037	NPT58	1
NPC273037	NPT94	1
NPC273330	NPT109	1
NPC273330	NPT110	1
NPC273330	NPT208	1
NPC273330	NPT52	1
NPC273410	NPT178	1
NPC273538	NPT273	1
NPC27359	NPT1871	1
NPC273657	NPT109	1
NPC273709	NPT108	1
NPC273709	NPT248	1
NPC273758	NPT109	1
NPC273758	NPT151	1
NPC273758	NPT166	1
NPC273758	NPT282	1
NPC273758	NPT48	1
NPC273758	NPT50	1
NPC273758	NPT51	1
NPC273758	NPT792	1
NPC273758	NPT93	1
NPC273932	NPT967	1
NPC274046	NPT540	1
NPC274079	NPT2533	2
NPC274121	NPT178	1
NPC274121	NPT30	1
NPC274121	NPT3997	1
NPC274121	NPT740	1
NPC274121	NPT741	1
NPC274356	NPT51	1
NPC274356	NPT524	1
NPC274356	NPT60	1
NPC274443	NPT109	1
NPC274443	NPT1566	1
NPC274443	NPT1627	1
NPC274443	NPT3060	1
NPC274443	NPT48	2
NPC274443	NPT51	2
NPC274443	NPT539	1
NPC274443	NPT911	1
NPC274443	NPT93	2
NPC274443	NPT94	1
NPC274455	NPT163	1
NPC274455	NPT204	1
NPC274455	NPT212	1
NPC274455	NPT2818	1
NPC274455	NPT30	12
NPC274455	NPT31	33
NPC274455	NPT3504	2
NPC274455	NPT439	1
NPC274455	NPT483	1
NPC274455	NPT570	1
NPC274455	NPT604	1
NPC274455	NPT665	1
NPC274455	NPT669	1
NPC274455	NPT713	1
NPC274499	NPT210	1
NPC274550	NPT5640	1
NPC274721	NPT109	1
NPC274721	NPT149	1
NPC274721	NPT151	1
NPC274721	NPT282	1
NPC274721	NPT46	1
NPC274721	NPT48	1
NPC274721	NPT51	1
NPC274721	NPT792	1
NPC274721	NPT94	1
NPC274784	NPT1603	1
NPC274784	NPT1604	1
NPC274784	NPT208	1
NPC27501	NPT208	1
NPC275053	NPT1062	1
NPC275053	NPT1063	1
NPC275053	NPT1143	1
NPC275053	NPT1144	1
NPC275053	NPT1146	1
NPC275053	NPT233	1
NPC275053	NPT3101	1
NPC275053	NPT947	1
NPC275053	NPT948	1
NPC275053	NPT949	1
NPC275053	NPT954	1
NPC275053	NPT955	1
NPC275055	NPT261	1
NPC275055	NPT582	2
NPC275462	NPT210	1
NPC275627	NPT60	1
NPC275627	NPT94	1
NPC275727	NPT514	1
NPC275766	NPT570	1
NPC275780	NPT1464	1
NPC275780	NPT865	1
NPC275839	NPT204	1
NPC275839	NPT439	1
NPC275903	NPT441	1
NPC275960	NPT1197	1
NPC275960	NPT144	1
NPC275960	NPT282	1
NPC275960	NPT2892	1
NPC275960	NPT3728	1
NPC275960	NPT4120	1
NPC275960	NPT4358	1
NPC275960	NPT50	1
NPC275960	NPT501	1
NPC275960	NPT51	2
NPC275960	NPT537	1
NPC275960	NPT538	1
NPC275960	NPT59	1
NPC275960	NPT93	1
NPC275960	NPT94	1
NPC276014	NPT1079	1
NPC276014	NPT163	1
NPC276014	NPT5406	1
NPC276014	NPT74	1
NPC276061	NPT228	1
NPC27633	NPT108	1
NPC27633	NPT233	1
NPC27633	NPT248	1
NPC27633	NPT947	1
NPC27633	NPT948	1
NPC27633	NPT949	1
NPC27633	NPT954	1
NPC27633	NPT955	1
NPC276332	NPT210	1
NPC276377	NPT1044	1
NPC276377	NPT143	1
NPC276409	NPT47	1
NPC276409	NPT48	1
NPC276409	NPT51	1
NPC276409	NPT59	1
NPC27643	NPT178	2
NPC276506	NPT5645	1
NPC276588	NPT242	1
NPC276588	NPT243	1
NPC276588	NPT677	1
NPC276661	NPT109	1
NPC276661	NPT1422	1
NPC276661	NPT143	3
NPC276661	NPT901	1
NPC276905	NPT1422	1
NPC276928	NPT1006	1
NPC276928	NPT3580	1
NPC276930	NPT261	1
NPC276944	NPT677	1
NPC27699	NPT2608	1
NPC277021	NPT109	1
NPC277021	NPT149	1
NPC277021	NPT151	1
NPC277021	NPT1551	1
NPC277021	NPT41	1
NPC277021	NPT46	1
NPC277021	NPT48	1
NPC277021	NPT57	1
NPC277021	NPT94	1
NPC277021	NPT967	1
NPC2771	NPT109	1
NPC2771	NPT149	1
NPC2771	NPT151	1
NPC2771	NPT3839	1
NPC2771	NPT46	1
NPC2771	NPT48	2
NPC2771	NPT483	1
NPC2771	NPT501	1
NPC2771	NPT51	2
NPC2771	NPT537	1
NPC2771	NPT538	1
NPC2771	NPT539	1
NPC2771	NPT582	1
NPC2771	NPT584	1
NPC2771	NPT588	1
NPC2771	NPT93	1
NPC2771	NPT94	1
NPC2771	NPT98	1
NPC277174	NPT51	1
NPC277174	NPT59	1
NPC277174	NPT60	1
NPC277174	NPT864	1
NPC27723	NPT346	1
NPC277475	NPT503	2
NPC277475	NPT5646	1
NPC277510	NPT1265	1
NPC277510	NPT1337	1
NPC277510	NPT1433	1
NPC277510	NPT1436	1
NPC277510	NPT1438	1
NPC277510	NPT1478	1
NPC277510	NPT1656	1
NPC277510	NPT1657	1
NPC277510	NPT1658	1
NPC277510	NPT1659	1
NPC277510	NPT1660	1
NPC277510	NPT1661	1
NPC277510	NPT36	1
NPC277510	NPT5648	1
NPC277510	NPT5649	1
NPC277510	NPT684	1
NPC277510	NPT685	1
NPC277510	NPT686	1
NPC277510	NPT687	1
NPC277510	NPT692	1
NPC277510	NPT728	1
NPC277510	NPT831	1
NPC27765	NPT178	1
NPC27765	NPT540	1
NPC277704	NPT1119	1
NPC277704	NPT204	1
NPC277704	NPT210	1
NPC277704	NPT483	1
NPC278010	NPT46	1
NPC278010	NPT48	1
NPC278010	NPT59	1
NPC278010	NPT94	1
NPC278028	NPT46	1
NPC278028	NPT792	1
NPC278028	NPT93	1
NPC278068	NPT178	1
NPC278102	NPT48	1
NPC278102	NPT537	1
NPC278175	NPT109	1
NPC278175	NPT1119	1
NPC278175	NPT149	2
NPC278175	NPT151	1
NPC278175	NPT163	1
NPC278175	NPT208	1
NPC278175	NPT212	1
NPC278175	NPT213	1
NPC278175	NPT45	1
NPC278175	NPT48	1
NPC278175	NPT50	1
NPC278175	NPT51	1
NPC278175	NPT539	1
NPC278175	NPT792	1
NPC278175	NPT94	1
NPC278175	NPT96	1
NPC278308	NPT109	1
NPC278308	NPT110	1
NPC278308	NPT212	1
NPC278308	NPT213	1
NPC278308	NPT240	1
NPC278308	NPT41	1
NPC278308	NPT627	1
NPC278308	NPT628	1
NPC278308	NPT92	1
NPC27836	NPT1006	1
NPC27836	NPT1038	1
NPC278419	NPT273	1
NPC278427	NPT721	1
NPC278525	NPT4163	1
NPC278552	NPT30	2
NPC278552	NPT31	1
NPC278556	NPT1422	1
NPC278556	NPT48	1
NPC278556	NPT537	1
NPC278556	NPT538	1
NPC278556	NPT94	1
NPC278758	NPT1443	2
NPC278758	NPT483	1
NPC278758	NPT6365	1
NPC278778	NPT204	1
NPC278778	NPT279	1
NPC278787	NPT261	1
NPC278787	NPT741	1
NPC278799	NPT242	1
NPC278821	NPT1006	1
NPC278877	NPT1603	1
NPC278877	NPT1604	1
NPC278968	NPT178	1
NPC279026	NPT106	1
NPC279026	NPT210	1
NPC279026	NPT866	1
NPC279026	NPT99	2
NPC279118	NPT178	1
NPC279121	NPT1062	1
NPC279121	NPT1089	1
NPC279121	NPT109	2
NPC279121	NPT1090	1
NPC279121	NPT110	1
NPC279121	NPT1119	2
NPC279121	NPT1187	1
NPC279121	NPT1270	1
NPC279121	NPT1338	1
NPC279121	NPT1371	1
NPC279121	NPT1385	1
NPC279121	NPT1422	1
NPC279121	NPT1449	1
NPC279121	NPT149	2
NPC279121	NPT151	1
NPC279121	NPT1566	1
NPC279121	NPT1592	1
NPC279121	NPT1603	3
NPC279121	NPT1604	3
NPC279121	NPT1606	1
NPC279121	NPT1619	1
NPC279121	NPT1627	1
NPC279121	NPT1650	1
NPC279121	NPT1663	1
NPC279121	NPT1721	1
NPC279121	NPT204	1
NPC279121	NPT208	2
NPC279121	NPT210	1
NPC279121	NPT211	1
NPC279121	NPT212	1
NPC279121	NPT213	1
NPC279121	NPT233	1
NPC279121	NPT2562	1
NPC279121	NPT2563	1
NPC279121	NPT261	1
NPC279121	NPT279	1
NPC279121	NPT280	1
NPC279121	NPT3213	1
NPC279121	NPT3283	1
NPC279121	NPT41	2
NPC279121	NPT439	1
NPC279121	NPT46	1
NPC279121	NPT47	5
NPC279121	NPT48	3
NPC279121	NPT483	1
NPC279121	NPT50	2
NPC279121	NPT501	1
NPC279121	NPT51	2
NPC279121	NPT539	2
NPC279121	NPT567	1
NPC279121	NPT568	1
NPC279121	NPT570	1
NPC279121	NPT58	3
NPC279121	NPT582	1
NPC279121	NPT588	1
NPC279121	NPT59	1
NPC279121	NPT591	1
NPC279121	NPT60	1
NPC279121	NPT668	1
NPC279121	NPT741	1
NPC279121	NPT77	2
NPC279121	NPT78	1
NPC279121	NPT792	3
NPC279121	NPT865	1
NPC279121	NPT870	1
NPC279121	NPT920	1
NPC279121	NPT93	1
NPC279121	NPT94	2
NPC279121	NPT949	1
NPC279121	NPT955	1
NPC279121	NPT967	4
NPC279209	NPT622	1
NPC279209	NPT72	1
NPC279209	NPT73	1
NPC279401	NPT483	1
NPC279401	NPT58	1
NPC279406	NPT280	1
NPC279406	NPT568	1
NPC279463	NPT178	1
NPC279666	NPT546	1
NPC279666	NPT5981	1
NPC279666	NPT5983	1
NPC279916	NPT261	1
NPC279916	NPT582	1
NPC280026	NPT109	1
NPC280026	NPT1210	1
NPC280026	NPT1226	1
NPC280026	NPT149	1
NPC280026	NPT157	1
NPC280026	NPT178	1
NPC280026	NPT198	1
NPC280026	NPT210	1
NPC280026	NPT211	1
NPC280026	NPT282	1
NPC280026	NPT3225	1
NPC280026	NPT3938	1
NPC280026	NPT50	1
NPC280026	NPT51	1
NPC280026	NPT540	3
NPC280026	NPT5655	1
NPC280026	NPT58	1
NPC280026	NPT745	5
NPC280135	NPT208	1
NPC280135	NPT240	2
NPC280135	NPT50	1
NPC280254	NPT1063	1
NPC280254	NPT14	1
NPC280254	NPT149	1
NPC280254	NPT151	1
NPC280254	NPT233	1
NPC280254	NPT285	1
NPC280254	NPT31	1
NPC280254	NPT47	1
NPC280254	NPT483	1
NPC280254	NPT50	1
NPC280254	NPT792	1
NPC280254	NPT94	1
NPC280254	NPT947	1
NPC280606	NPT1603	2
NPC280606	NPT1604	3
NPC280664	NPT5212	1
NPC280807	NPT4169	1
NPC280807	NPT51	1
NPC280807	NPT5648	14
NPC280807	NPT5649	21
NPC280807	NPT5847	1
NPC280807	NPT677	1
NPC280807	NPT684	81
NPC280807	NPT685	40
NPC280807	NPT686	24
NPC280807	NPT687	44
NPC280807	NPT688	27
NPC280807	NPT689	13
NPC280807	NPT690	12
NPC280807	NPT691	10
NPC280807	NPT692	67
NPC280807	NPT93	2
NPC280807	NPT94	1
NPC280869	NPT153	1
NPC280945	NPT670	1
NPC281014	NPT864	1
NPC281020	NPT163	1
NPC281020	NPT210	1
NPC281020	NPT50	1
NPC281020	NPT60	1
NPC281020	NPT94	1
NPC281094	NPT178	1
NPC281104	NPT228	28
NPC281104	NPT246	35
NPC281104	NPT295	31
NPC281104	NPT296	1
NPC281104	NPT98	6
NPC281131	NPT282	1
NPC281131	NPT41	1
NPC281131	NPT48	1
NPC281131	NPT483	1
NPC281131	NPT501	1
NPC281131	NPT51	1
NPC281131	NPT59	1
NPC281131	NPT60	1
NPC281131	NPT862	1
NPC281356	NPT4046	1
NPC281356	NPT48	1
NPC281356	NPT94	1
NPC281398	NPT1119	1
NPC281398	NPT144	1
NPC281398	NPT149	1
NPC281398	NPT151	2
NPC281398	NPT166	1
NPC281398	NPT203	1
NPC281398	NPT205	1
NPC281398	NPT206	1
NPC281398	NPT282	2
NPC281398	NPT3000	1
NPC281398	NPT41	1
NPC281398	NPT4674	1
NPC281398	NPT47	2
NPC281398	NPT48	3
NPC281398	NPT483	1
NPC281398	NPT50	3
NPC281398	NPT51	4
NPC281398	NPT539	1
NPC281398	NPT59	1
NPC281398	NPT864	1
NPC281398	NPT94	4
NPC281521	NPT31	1
NPC281558	NPT59	1
NPC281604	NPT51	1
NPC28169	NPT1890	3
NPC281883	NPT483	1
NPC281883	NPT539	1
NPC281972	NPT144	1
NPC281986	NPT109	1
NPC281986	NPT50	1
NPC281986	NPT539	1
NPC281986	NPT78	1
NPC281986	NPT792	1
NPC281986	NPT920	1
NPC281986	NPT94	1
NPC282009	NPT204	1
NPC282267	NPT1464	1
NPC282294	NPT1197	1
NPC282294	NPT1249	1
NPC282294	NPT1416	1
NPC282294	NPT1691	1
NPC282294	NPT210	1
NPC282294	NPT211	2
NPC282294	NPT212	1
NPC282294	NPT47	1
NPC282294	NPT483	3
NPC282294	NPT5009	2
NPC282294	NPT51	2
NPC282294	NPT524	1
NPC282294	NPT539	1
NPC282294	NPT5689	1
NPC282294	NPT5690	1
NPC282294	NPT5691	1
NPC282294	NPT612	1
NPC282294	NPT94	2
NPC282300	NPT218	1
NPC282307	NPT109	1
NPC282307	NPT1226	1
NPC282307	NPT211	1
NPC282307	NPT212	1
NPC282307	NPT213	1
NPC282307	NPT282	1
NPC282307	NPT45	1
NPC282307	NPT48	1
NPC282307	NPT51	1
NPC282307	NPT539	1
NPC282307	NPT792	2
NPC282307	NPT918	1
NPC282307	NPT93	1
NPC282307	NPT94	2
NPC282454	NPT211	1
NPC28280	NPT1099	4
NPC28280	NPT1896	1
NPC28280	NPT1898	1
NPC282895	NPT792	1
NPC282895	NPT94	1
NPC282923	NPT109	1
NPC282923	NPT157	1
NPC282923	NPT210	1
NPC282923	NPT279	1
NPC282923	NPT282	1
NPC282923	NPT45	1
NPC282923	NPT47	1
NPC282923	NPT48	1
NPC282923	NPT50	1
NPC282923	NPT51	3
NPC282923	NPT94	1
NPC283130	NPT439	1
NPC283245	NPT178	1
NPC28337	NPT109	1
NPC28337	NPT483	1
NPC28337	NPT51	1
NPC283468	NPT280	1
NPC283468	NPT568	1
NPC283468	NPT69	1
NPC283655	NPT346	1
NPC283682	NPT94	1
NPC283823	NPT2230	1
NPC283908	NPT212	1
NPC283908	NPT213	1
NPC283949	NPT109	1
NPC28425	NPT1371	2
NPC28425	NPT1423	2
NPC28425	NPT1432	1
NPC28425	NPT1433	1
NPC28425	NPT2213	2
NPC284409	NPT862	1
NPC284424	NPT588	1
NPC284472	NPT741	1
NPC284475	NPT282	1
NPC284475	NPT51	1
NPC284475	NPT920	1
NPC284685	NPT864	1
NPC284810	NPT2752	1
NPC284810	NPT50	1
NPC284810	NPT864	1
NPC284820	NPT2680	1
NPC28510	NPT145	2
NPC28510	NPT271	2
NPC28510	NPT272	1
NPC285254	NPT601	1
NPC285322	NPT210	1
NPC285364	NPT5646	1
NPC285394	NPT290	1
NPC285394	NPT410	1
NPC285394	NPT483	1
NPC285480	NPT1197	1
NPC285555	NPT1078	1
NPC285635	NPT366	1
NPC285635	NPT48	1
NPC285635	NPT483	1
NPC285635	NPT537	1
NPC285635	NPT538	1
NPC285635	NPT59	1
NPC285635	NPT93	1
NPC285635	NPT94	1
NPC285659	NPT3953	1
NPC285716	NPT204	1
NPC285716	NPT38	1
NPC285773	NPT41	1
NPC285776	NPT1062	1
NPC285776	NPT1063	1
NPC285776	NPT2230	1
NPC285776	NPT233	1
NPC285776	NPT947	1
NPC285776	NPT948	1
NPC285776	NPT949	1
NPC285776	NPT954	1
NPC285776	NPT955	1
NPC285829	NPT1079	3
NPC285829	NPT1080	1
NPC285829	NPT109	1
NPC285829	NPT1226	1
NPC285829	NPT1424	1
NPC285829	NPT149	2
NPC285829	NPT151	1
NPC285829	NPT1603	1
NPC285829	NPT1604	1
NPC285829	NPT208	1
NPC285829	NPT277	2
NPC285829	NPT282	2
NPC285829	NPT286	1
NPC285829	NPT3060	1
NPC285829	NPT346	1
NPC285829	NPT47	1
NPC285829	NPT48	2
NPC285829	NPT491	1
NPC285829	NPT50	1
NPC285829	NPT51	2
NPC285829	NPT539	2
NPC285829	NPT58	1
NPC285829	NPT792	1
NPC285829	NPT911	1
NPC285829	NPT93	1
NPC285829	NPT94	2
NPC285923	NPT1028	1
NPC285923	NPT483	1
NPC285973	NPT695	1
NPC285973	NPT699	1
NPC285973	NPT703	1
NPC285973	NPT901	1
NPC285973	NPT903	1
NPC286006	NPT48	1
NPC286006	NPT51	1
NPC286006	NPT94	1
NPC286233	NPT1029	1
NPC286342	NPT1197	1
NPC286342	NPT149	1
NPC286342	NPT47	1
NPC286342	NPT48	2
NPC286342	NPT49	1
NPC286342	NPT51	2
NPC286342	NPT58	1
NPC286342	NPT59	1
NPC286342	NPT60	1
NPC28657	NPT103	2
NPC28657	NPT483	1
NPC28657	NPT668	1
NPC286608	NPT94	1
NPC286641	NPT149	1
NPC286641	NPT50	1
NPC286641	NPT792	1
NPC286641	NPT94	1
NPC287063	NPT206	1
NPC287105	NPT540	1
NPC287118	NPT1591	1
NPC287152	NPT366	1
NPC287152	NPT441	1
NPC287182	NPT1197	1
NPC287182	NPT483	1
NPC287182	NPT93	1
NPC287231	NPT483	1
NPC287328	NPT204	1
NPC287331	NPT210	1
NPC287331	NPT282	1
NPC287331	NPT425	1
NPC287331	NPT47	1
NPC287331	NPT483	1
NPC287331	NPT51	1
NPC287597	NPT182	1
NPC287597	NPT441	1
NPC287638	NPT110	1
NPC287638	NPT149	1
NPC287789	NPT1197	1
NPC287789	NPT46	1
NPC287789	NPT51	1
NPC287789	NPT58	1
NPC287789	NPT59	1
NPC287876	NPT204	1
NPC287876	NPT876	1
NPC287895	NPT1078	1
NPC287895	NPT149	1
NPC287895	NPT94	1
NPC288089	NPT109	1
NPC288089	NPT1119	1
NPC288089	NPT1226	1
NPC288089	NPT1338	1
NPC288089	NPT149	1
NPC288089	NPT151	1
NPC288089	NPT210	1
NPC288089	NPT211	1
NPC288089	NPT2570	1
NPC288089	NPT277	1
NPC288089	NPT439	2
NPC288089	NPT46	1
NPC288089	NPT47	1
NPC288089	NPT48	2
NPC288089	NPT483	1
NPC288089	NPT50	1
NPC288089	NPT51	2
NPC288089	NPT5718	1
NPC288089	NPT58	1
NPC288089	NPT59	1
NPC288089	NPT792	1
NPC288089	NPT93	1
NPC288089	NPT94	2
NPC288240	NPT1197	1
NPC288240	NPT47	1
NPC288240	NPT48	1
NPC288240	NPT50	1
NPC288240	NPT51	1
NPC288240	NPT52	1
NPC288240	NPT524	1
NPC288240	NPT537	1
NPC288240	NPT538	1
NPC288240	NPT59	1
NPC288349	NPT524	1
NPC288350	NPT218	1
NPC288350	NPT2675	1
NPC288350	NPT6625	1
NPC288411	NPT1287	1
NPC288411	NPT1416	1
NPC288411	NPT151	1
NPC288411	NPT232	1
NPC288411	NPT48	1
NPC288411	NPT51	2
NPC288411	NPT60	1
NPC288411	NPT94	2
NPC288430	NPT49	1
NPC288813	NPT3201	1
NPC288838	NPT109	1
NPC288838	NPT50	1
NPC288838	NPT51	3
NPC288840	NPT109	1
NPC288840	NPT178	1
NPC288840	NPT47	1
NPC288840	NPT48	1
NPC288840	NPT49	1
NPC288840	NPT51	1
NPC288840	NPT52	1
NPC288840	NPT57	1
NPC288840	NPT58	1
NPC288840	NPT59	1
NPC288943	NPT149	1
NPC289004	NPT524	1
NPC289004	NPT59	1
NPC289086	NPT497	1
NPC289322	NPT1187	1
NPC289322	NPT1336	1
NPC289322	NPT740	1
NPC289322	NPT920	1
NPC289358	NPT214	1
NPC289358	NPT278	1
NPC289388	NPT792	1
NPC289432	NPT1078	1
NPC289432	NPT109	1
NPC289432	NPT149	1
NPC289432	NPT151	1
NPC289432	NPT282	1
NPC289432	NPT46	1
NPC289432	NPT47	1
NPC289432	NPT48	1
NPC289432	NPT483	1
NPC289432	NPT50	1
NPC289432	NPT51	1
NPC289432	NPT539	1
NPC289432	NPT58	1
NPC289432	NPT94	1
NPC289459	NPT1062	1
NPC289459	NPT1063	1
NPC289459	NPT1143	1
NPC289459	NPT1144	1
NPC289459	NPT948	1
NPC289459	NPT949	1
NPC289459	NPT954	1
NPC289459	NPT955	1
NPC28959	NPT61	1
NPC289660	NPT2266	1
NPC289702	NPT1038	1
NPC289702	NPT2944	1
NPC289702	NPT543	1
NPC289702	NPT5446	1
NPC289702	NPT585	1
NPC289702	NPT668	1
NPC289758	NPT2824	5
NPC289769	NPT233	1
NPC289769	NPT947	1
NPC289774	NPT50	1
NPC289883	NPT279	1
NPC289955	NPT38	1
NPC289979	NPT109	1
NPC289979	NPT282	1
NPC289979	NPT45	1
NPC289979	NPT51	1
NPC289979	NPT539	1
NPC289979	NPT94	1
NPC290005	NPT1197	1
NPC290005	NPT1274	1
NPC290005	NPT1784	1
NPC290005	NPT271	1
NPC290005	NPT51	1
NPC290030	NPT3595	1
NPC290106	NPT503	1
NPC290160	NPT178	2
NPC290466	NPT865	1
NPC2905	NPT601	1
NPC290515	NPT1788	1
NPC290550	NPT109	1
NPC290550	NPT151	1
NPC290550	NPT282	2
NPC290550	NPT47	1
NPC290550	NPT49	1
NPC290550	NPT50	2
NPC290550	NPT51	2
NPC290550	NPT52	1
NPC290550	NPT59	1
NPC290550	NPT864	1
NPC290550	NPT94	2
NPC290563	NPT106	1
NPC290563	NPT50	1
NPC290563	NPT866	1
NPC290563	NPT99	1
NPC290566	NPT163	1
NPC290566	NPT210	2
NPC290566	NPT211	2
NPC290605	NPT3101	1
NPC290605	NPT947	1
NPC290605	NPT948	1
NPC290605	NPT949	1
NPC290605	NPT955	1
NPC290803	NPT2982	1
NPC290803	NPT4445	1
NPC290830	NPT740	1
NPC290971	NPT109	1
NPC290971	NPT204	1
NPC290971	NPT210	2
NPC290971	NPT483	1
NPC290971	NPT792	1
NPC290971	NPT94	1
NPC291027	NPT264	1
NPC291066	NPT1119	1
NPC291066	NPT208	1
NPC291066	NPT240	2
NPC291158	NPT483	1
NPC291305	NPT1090	1
NPC291305	NPT2570	1
NPC291305	NPT2755	1
NPC291305	NPT567	1
NPC291305	NPT568	1
NPC291305	NPT569	1
NPC291305	NPT920	1
NPC291389	NPT1038	1
NPC291389	NPT1078	1
NPC291389	NPT109	1
NPC291389	NPT110	2
NPC291389	NPT149	2
NPC291389	NPT151	1
NPC291389	NPT212	1
NPC291389	NPT213	1
NPC291389	NPT3399	1
NPC291389	NPT4093	1
NPC291389	NPT48	2
NPC291389	NPT483	1
NPC291389	NPT501	2
NPC291389	NPT539	1
NPC291389	NPT59	1
NPC291389	NPT94	2
NPC291426	NPT2230	1
NPC291449	NPT1287	1
NPC291449	NPT1418	1
NPC291454	NPT261	1
NPC291454	NPT582	1
NPC291508	NPT178	2
NPC291638	NPT668	1
NPC291746	NPT178	1
NPC291789	NPT13	1
NPC291799	NPT1078	1
NPC291878	NPT1422	1
NPC291957	NPT1274	1
NPC292133	NPT591	1
NPC292213	NPT178	1
NPC292233	NPT30	1
NPC292265	NPT1044	1
NPC292265	NPT149	2
NPC292265	NPT151	1
NPC292265	NPT208	1
NPC292265	NPT212	1
NPC292265	NPT48	2
NPC292265	NPT483	1
NPC292265	NPT94	1
NPC292265	NPT98	5
NPC29231	NPT261	1
NPC292366	NPT1250	1
NPC292366	NPT152	4
NPC292366	NPT285	1
NPC292452	NPT1603	1
NPC292452	NPT1604	2
NPC292452	NPT178	1
NPC292452	NPT208	1
NPC292452	NPT30	1
NPC292452	NPT31	1
NPC292452	NPT3997	1
NPC292452	NPT439	1
NPC292452	NPT568	1
NPC292452	NPT570	1
NPC292452	NPT741	2
NPC292758	NPT110	1
NPC292758	NPT208	1
NPC292758	NPT211	1
NPC292792	NPT106	1
NPC292792	NPT866	1
NPC292792	NPT94	1
NPC292792	NPT99	1
NPC292803	NPT426	1
NPC292803	NPT4324	1
NPC292998	NPT208	1
NPC292998	NPT212	1
NPC292998	NPT213	1
NPC292998	NPT94	1
NPC293053	NPT441	1
NPC293163	NPT876	1
NPC293183	NPT1650	1
NPC293183	NPT5386	1
NPC293255	NPT1197	1
NPC293255	NPT60	1
NPC293255	NPT94	1
NPC293378	NPT1510	1
NPC293378	NPT5790	1
NPC293378	NPT94	1
NPC293454	NPT109	1
NPC293454	NPT1119	1
NPC293454	NPT1384	1
NPC293454	NPT151	1
NPC293454	NPT212	1
NPC293454	NPT2797	1
NPC293454	NPT51	1
NPC293454	NPT94	1
NPC293454	NPT956	2
NPC293551	NPT210	1
NPC293551	NPT262	2
NPC293551	NPT263	3
NPC293551	NPT265	2
NPC293624	NPT271	1
NPC293641	NPT109	1
NPC293757	NPT109	1
NPC293799	NPT1407	1
NPC293799	NPT208	1
NPC293799	NPT212	1
NPC293799	NPT213	1
NPC293799	NPT50	1
NPC293871	NPT204	1
NPC294193	NPT684	1
NPC294226	NPT109	2
NPC294226	NPT1119	1
NPC294226	NPT149	2
NPC294226	NPT151	2
NPC294226	NPT1604	1
NPC294226	NPT261	1
NPC294226	NPT282	2
NPC294226	NPT4245	1
NPC294226	NPT47	1
NPC294226	NPT48	2
NPC294226	NPT49	1
NPC294226	NPT51	2
NPC294226	NPT57	1
NPC294226	NPT792	2
NPC294226	NPT93	1
NPC294226	NPT94	2
NPC294226	NPT980	1
NPC294249	NPT110	1
NPC294249	NPT149	1
NPC294304	NPT109	1
NPC294409	NPT1062	1
NPC294409	NPT109	1
NPC294409	NPT110	1
NPC294409	NPT1119	1
NPC294409	NPT1270	1
NPC294409	NPT149	1
NPC294409	NPT151	1
NPC294409	NPT153	1
NPC294409	NPT1581	1
NPC294409	NPT1588	2
NPC294409	NPT1604	1
NPC294409	NPT211	1
NPC294409	NPT212	1
NPC294409	NPT213	1
NPC294409	NPT282	1
NPC294409	NPT41	1
NPC294409	NPT441	6
NPC294409	NPT47	1
NPC294409	NPT48	2
NPC294409	NPT483	1
NPC294409	NPT51	3
NPC294409	NPT537	1
NPC294409	NPT538	1
NPC294409	NPT539	1
NPC294409	NPT93	2
NPC294409	NPT94	1
NPC294409	NPT949	1
NPC294409	NPT955	1
NPC294548	NPT106	1
NPC294548	NPT109	1
NPC294548	NPT149	1
NPC294548	NPT151	2
NPC294548	NPT30	1
NPC294548	NPT4003	2
NPC294548	NPT441	1
NPC294548	NPT47	2
NPC294548	NPT48	1
NPC294548	NPT483	1
NPC294548	NPT50	2
NPC294548	NPT51	3
NPC294548	NPT543	1
NPC294548	NPT545	1
NPC294548	NPT58	1
NPC294548	NPT5802	1
NPC294548	NPT792	1
NPC294548	NPT864	1
NPC294548	NPT866	2
NPC294548	NPT869	4
NPC294548	NPT94	3
NPC294548	NPT99	1
NPC294703	NPT94	1
NPC294830	NPT273	2
NPC294852	NPT1062	1
NPC294852	NPT1187	1
NPC294852	NPT1603	1
NPC294852	NPT1604	1
NPC294852	NPT204	1
NPC294852	NPT208	1
NPC294852	NPT949	1
NPC294852	NPT955	1
NPC294858	NPT94	1
NPC294883	NPT46	1
NPC294883	NPT60	1
NPC294902	NPT1062	1
NPC294902	NPT1063	1
NPC294902	NPT109	1
NPC294902	NPT1143	1
NPC294902	NPT1144	1
NPC294902	NPT1146	1
NPC294902	NPT1270	1
NPC294902	NPT149	1
NPC294902	NPT151	3
NPC294902	NPT1592	1
NPC294902	NPT163	1
NPC294902	NPT178	1
NPC294902	NPT233	1
NPC294902	NPT280	1
NPC294902	NPT282	2
NPC294902	NPT285	2
NPC294902	NPT31	1
NPC294902	NPT41	1
NPC294902	NPT46	1
NPC294902	NPT48	5
NPC294902	NPT483	1
NPC294902	NPT49	1
NPC294902	NPT50	3
NPC294902	NPT501	1
NPC294902	NPT51	3
NPC294902	NPT568	1
NPC294902	NPT570	3
NPC294902	NPT59	1
NPC294902	NPT60	1
NPC294902	NPT69	1
NPC294902	NPT77	1
NPC294902	NPT78	3
NPC294902	NPT796	1
NPC294902	NPT94	2
NPC294902	NPT947	1
NPC294902	NPT948	1
NPC294902	NPT949	2
NPC294902	NPT954	2
NPC294902	NPT955	1
NPC294909	NPT109	2
NPC294909	NPT110	3
NPC294909	NPT208	2
NPC294909	NPT211	1
NPC294909	NPT212	1
NPC294909	NPT213	1
NPC294909	NPT222	1
NPC294909	NPT223	1
NPC294909	NPT224	1
NPC294909	NPT2930	1
NPC294909	NPT48	1
NPC294909	NPT483	2
NPC294941	NPT149	1
NPC294941	NPT151	3
NPC294941	NPT282	1
NPC294941	NPT48	3
NPC294941	NPT792	1
NPC294941	NPT93	1
NPC294941	NPT94	1
NPC294965	NPT1422	1
NPC295021	NPT935	1
NPC295110	NPT1283	1
NPC295110	NPT3969	1
NPC295110	NPT537	1
NPC295110	NPT538	1
NPC295204	NPT1197	1
NPC295204	NPT1282	1
NPC295204	NPT1283	1
NPC295204	NPT51	1
NPC295204	NPT537	1
NPC295204	NPT538	1
NPC295261	NPT30	1
NPC295261	NPT31	1
NPC295317	NPT210	1
NPC295317	NPT94	1
NPC29536	NPT668	1
NPC295608	NPT740	1
NPC295643	NPT166	1
NPC295643	NPT203	1
NPC295691	NPT242	1
NPC295691	NPT243	1
NPC295691	NPT244	1
NPC295691	NPT296	1
NPC295898	NPT178	1
NPC295941	NPT30	1
NPC295941	NPT31	1
NPC29599	NPT109	1
NPC29599	NPT110	1
NPC29601	NPT674	1
NPC296030	NPT570	1
NPC296163	NPT144	2
NPC296377	NPT151	1
NPC296377	NPT204	1
NPC296377	NPT60	1
NPC296377	NPT864	1
NPC296377	NPT94	1
NPC296482	NPT109	2
NPC296482	NPT110	1
NPC296482	NPT1197	1
NPC296482	NPT1274	2
NPC296482	NPT1591	2
NPC296482	NPT204	4
NPC296482	NPT210	1
NPC296482	NPT223	1
NPC296482	NPT224	1
NPC296482	NPT262	1
NPC296482	NPT291	1
NPC296482	NPT296	1
NPC296482	NPT3284	1
NPC296482	NPT439	2
NPC296482	NPT483	2
NPC296482	NPT51	2
NPC296482	NPT93	3
NPC296482	NPT94	1
NPC296482	NPT98	1
NPC296490	NPT441	1
NPC296490	NPT741	1
NPC296540	NPT204	1
NPC296697	NPT30	1
NPC296742	NPT1371	1
NPC296915	NPT178	1
NPC296920	NPT1119	1
NPC296920	NPT1603	2
NPC296920	NPT1604	3
NPC296920	NPT30	1
NPC296920	NPT31	1
NPC296920	NPT48	1
NPC296920	NPT483	1
NPC296998	NPT1214	1
NPC296998	NPT2584	1
NPC297186	NPT109	1
NPC297186	NPT149	1
NPC297186	NPT151	1
NPC297186	NPT282	1
NPC297186	NPT46	1
NPC297186	NPT48	1
NPC297186	NPT50	1
NPC297186	NPT51	1
NPC297186	NPT792	1
NPC297186	NPT93	1
NPC297186	NPT94	1
NPC29721	NPT426	1
NPC297322	NPT145	1
NPC297322	NPT271	2
NPC297358	NPT483	1
NPC297363	NPT645	1
NPC297503	NPT862	1
NPC297531	NPT178	1
NPC297531	NPT211	1
NPC29771	NPT143	1
NPC298093	NPT10	1
NPC298093	NPT109	1
NPC298093	NPT1416	1
NPC298093	NPT210	1
NPC298093	NPT212	1
NPC298093	NPT213	2
NPC298093	NPT294	1
NPC298093	NPT4266	1
NPC298093	NPT47	1
NPC298093	NPT48	1
NPC298093	NPT483	2
NPC298093	NPT50	1
NPC298093	NPT51	1
NPC298093	NPT537	1
NPC298093	NPT538	1
NPC298093	NPT58	1
NPC298093	NPT59	1
NPC298093	NPT713	1
NPC298093	NPT796	1
NPC298093	NPT93	1
NPC298093	NPT94	1
NPC298093	NPT940	1
NPC298257	NPT109	1
NPC298257	NPT149	1
NPC298257	NPT282	1
NPC298257	NPT792	1
NPC298257	NPT94	1
NPC298268	NPT94	1
NPC298486	NPT524	1
NPC298486	NPT59	1
NPC298796	NPT109	1
NPC298796	NPT149	1
NPC298796	NPT151	1
NPC298796	NPT48	1
NPC298796	NPT501	1
NPC298796	NPT864	1
NPC298796	NPT94	1
NPC29883	NPT1062	2
NPC29883	NPT1063	2
NPC29883	NPT1143	2
NPC29883	NPT1144	2
NPC29883	NPT1146	2
NPC29883	NPT2230	1
NPC29883	NPT233	3
NPC29883	NPT242	1
NPC29883	NPT741	1
NPC29883	NPT947	3
NPC29883	NPT948	2
NPC29883	NPT949	2
NPC29883	NPT954	2
NPC29883	NPT955	2
NPC2989	NPT149	1
NPC2989	NPT212	1
NPC2989	NPT48	1
NPC2989	NPT620	1
NPC2989	NPT713	1
NPC2989	NPT94	1
NPC299090	NPT42	1
NPC299134	NPT109	1
NPC299134	NPT1250	3
NPC299134	NPT151	1
NPC299134	NPT346	3
NPC299134	NPT472	1
NPC299134	NPT94	1
NPC299235	NPT109	1
NPC299369	NPT483	1
NPC299379	NPT109	1
NPC299379	NPT1226	1
NPC299379	NPT149	1
NPC299379	NPT277	1
NPC299379	NPT48	1
NPC299379	NPT51	1
NPC299379	NPT792	1
NPC299405	NPT1214	1
NPC299405	NPT143	1
NPC299405	NPT144	1
NPC299405	NPT2584	1
NPC299406	NPT153	1
NPC299406	NPT2691	1
NPC299484	NPT210	1
NPC299568	NPT109	1
NPC299568	NPT110	1
NPC299568	NPT1287	4
NPC299568	NPT145	1
NPC299568	NPT1603	2
NPC299568	NPT1604	1
NPC299568	NPT208	1
NPC299568	NPT212	1
NPC299568	NPT213	1
NPC299568	NPT223	1
NPC299568	NPT224	1
NPC299568	NPT232	4
NPC299568	NPT240	1
NPC299568	NPT242	1
NPC299568	NPT271	1
NPC299568	NPT272	1
NPC299568	NPT292	1
NPC299568	NPT4023	1
NPC299568	NPT4120	1
NPC299568	NPT472	1
NPC299568	NPT627	1
NPC299568	NPT92	1
NPC299568	NPT987	1
NPC299590	NPT31	1
NPC299590	NPT4559	1
NPC299590	NPT483	1
NPC299590	NPT537	1
NPC299590	NPT538	1
NPC299590	NPT5825	4
NPC299741	NPT178	1
NPC299781	NPT2824	1
NPC29980	NPT665	1
NPC29980	NPT669	1
NPC299923	NPT1422	1
NPC299939	NPT792	1
NPC299990	NPT109	1
NPC299990	NPT282	1
NPC299990	NPT45	1
NPC299990	NPT50	1
NPC299996	NPT178	1
NPC300017	NPT233	1
NPC300017	NPT947	1
NPC300020	NPT261	1
NPC300059	NPT1006	1
NPC300059	NPT213	1
NPC300059	NPT483	1
NPC300059	NPT58	1
NPC300205	NPT166	2
NPC300205	NPT203	2
NPC300267	NPT956	1
NPC300325	NPT204	1
NPC300326	NPT30	1
NPC300326	NPT31	1
NPC300596	NPT1371	2
NPC300596	NPT1423	1
NPC300596	NPT282	1
NPC300596	NPT36	1
NPC300596	NPT51	4
NPC300596	NPT537	1
NPC300596	NPT591	3
NPC300596	NPT607	1
NPC300596	NPT93	1
NPC300657	NPT640	1
NPC300657	NPT641	1
NPC300776	NPT537	1
NPC300776	NPT538	1
NPC300798	NPT282	1
NPC300798	NPT50	1
NPC300798	NPT51	1
NPC300845	NPT1187	1
NPC300845	NPT1336	1
NPC300845	NPT1337	1
NPC300845	NPT1429	1
NPC300845	NPT920	1
NPC300845	NPT980	1
NPC300894	NPT31	1
NPC300940	NPT1210	1
NPC300940	NPT178	1
NPC300984	NPT1038	1
NPC300984	NPT109	1
NPC300984	NPT149	1
NPC300984	NPT1627	1
NPC300984	NPT178	2
NPC300984	NPT282	1
NPC300984	NPT47	1
NPC300984	NPT51	1
NPC300984	NPT59	1
NPC300984	NPT72	1
NPC300984	NPT73	1
NPC301217	NPT178	1
NPC301585	NPT106	1
NPC301585	NPT50	1
NPC301585	NPT5236	1
NPC301585	NPT866	1
NPC301585	NPT99	1
NPC301696	NPT1472	1
NPC301696	NPT210	1
NPC301696	NPT483	1
NPC301696	NPT665	1
NPC301696	NPT669	1
NPC301696	NPT94	1
NPC301702	NPT233	1
NPC301702	NPT48	1
NPC301702	NPT51	1
NPC301702	NPT947	1
NPC301874	NPT51	1
NPC302003	NPT1006	1
NPC302159	NPT1006	1
NPC302159	NPT2807	2
NPC302159	NPT483	1
NPC302159	NPT864	1
NPC302171	NPT243	1
NPC302171	NPT245	1
NPC302188	NPT208	1
NPC302188	NPT210	1
NPC302188	NPT45	1
NPC302188	NPT483	1
NPC302188	NPT58	1
NPC302188	NPT5836	1
NPC302188	NPT93	1
NPC302188	NPT94	1
NPC302191	NPT542	1
NPC302408	NPT668	1
NPC302426	NPT441	1
NPC302449	NPT145	1
NPC302449	NPT271	1
NPC302449	NPT272	1
NPC302527	NPT1788	1
NPC302857	NPT1210	1
NPC302857	NPT1270	1
NPC302857	NPT178	1
NPC302857	NPT41	2
NPC302857	NPT5403	1
NPC302857	NPT78	1
NPC302950	NPT1062	1
NPC302950	NPT109	2
NPC302950	NPT110	2
NPC302950	NPT149	2
NPC302950	NPT1592	1
NPC302950	NPT1603	1
NPC302950	NPT1604	1
NPC302950	NPT204	1
NPC302950	NPT208	2
NPC302950	NPT210	1
NPC302950	NPT211	1
NPC302950	NPT212	2
NPC302950	NPT213	2
NPC302950	NPT282	1
NPC302950	NPT524	1
NPC302950	NPT537	1
NPC302950	NPT538	1
NPC302950	NPT539	1
NPC302950	NPT591	1
NPC302950	NPT94	1
NPC302950	NPT949	1
NPC302950	NPT955	1
NPC303141	NPT1270	1
NPC303141	NPT3504	3
NPC303141	NPT3507	3
NPC303141	NPT41	1
NPC30324	NPT1157	1
NPC30326	NPT2266	1
NPC30326	NPT476	1
NPC303264	NPT741	1
NPC303422	NPT282	1
NPC303422	NPT48	1
NPC303422	NPT51	1
NPC303422	NPT59	1
NPC303422	NPT60	1
NPC303460	NPT1214	1
NPC303460	NPT2584	1
NPC303485	NPT4717	1
NPC303485	NPT740	1
NPC303485	NPT78	1
NPC303522	NPT30	1
NPC303581	NPT110	1
NPC303581	NPT213	1
NPC303581	NPT48	1
NPC303633	NPT1464	1
NPC303644	NPT2732	1
NPC303777	NPT540	1
NPC303798	NPT503	1
NPC304008	NPT918	1
NPC304074	NPT5645	1
NPC304079	NPT48	1
NPC304079	NPT524	1
NPC30421	NPT441	1
NPC304223	NPT1287	1
NPC304295	NPT497	1
NPC304351	NPT3953	1
NPC304443	NPT109	1
NPC304443	NPT48	1
NPC304443	NPT51	1
NPC304443	NPT94	2
NPC304638	NPT233	1
NPC304638	NPT947	1
NPC304638	NPT948	1
NPC304638	NPT949	1
NPC304638	NPT954	1
NPC304638	NPT955	1
NPC304795	NPT30	1
NPC304836	NPT50	1
NPC304836	NPT94	1
NPC304837	NPT640	1
NPC304837	NPT641	1
NPC304839	NPT211	1
NPC304929	NPT967	1
NPC304954	NPT1038	1
NPC304954	NPT45	1
NPC304954	NPT47	1
NPC304954	NPT48	1
NPC304954	NPT51	1
NPC304954	NPT537	1
NPC304954	NPT538	1
NPC304954	NPT59	1
NPC304954	NPT60	1
NPC304956	NPT42	1
NPC305016	NPT109	1
NPC305016	NPT668	1
NPC305039	NPT1197	1
NPC305039	NPT1416	1
NPC305039	NPT211	1
NPC305039	NPT483	1
NPC305039	NPT51	1
NPC305039	NPT93	1
NPC30506	NPT2520	1
NPC305464	NPT178	2
NPC305518	NPT109	1
NPC305518	NPT282	1
NPC305518	NPT45	1
NPC305518	NPT93	1
NPC305542	NPT601	1
NPC305648	NPT2856	1
NPC305648	NPT3708	1
NPC305648	NPT3712	1
NPC305648	NPT3713	1
NPC305648	NPT3714	1
NPC305648	NPT3715	1
NPC305648	NPT3716	1
NPC30583	NPT540	1
NPC30583	NPT745	1
NPC305847	NPT145	1
NPC305847	NPT272	1
NPC305912	NPT109	1
NPC305912	NPT94	1
NPC30594	NPT1785	1
NPC30594	NPT346	1
NPC305985	NPT204	1
NPC306001	NPT537	1
NPC306001	NPT538	1
NPC306009	NPT210	1
NPC306074	NPT210	1
NPC306074	NPT50	1
NPC306074	NPT94	1
NPC306195	NPT109	1
NPC306195	NPT282	1
NPC306195	NPT792	1
NPC306238	NPT149	1
NPC306238	NPT282	1
NPC306238	NPT48	1
NPC306238	NPT51	1
NPC306238	NPT792	1
NPC306277	NPT1062	1
NPC306277	NPT1063	1
NPC306277	NPT1143	1
NPC306277	NPT1144	1
NPC306277	NPT1146	1
NPC306277	NPT233	1
NPC306277	NPT947	1
NPC306277	NPT948	1
NPC306277	NPT949	1
NPC306277	NPT954	1
NPC306277	NPT955	1
NPC306397	NPT1046	12
NPC306397	NPT1158	13
NPC306397	NPT2562	5
NPC306397	NPT4542	7
NPC306397	NPT5847	2
NPC306397	NPT707	1
NPC306462	NPT1057	3
NPC306462	NPT497	3
NPC306462	NPT498	1
NPC306462	NPT501	2
NPC306462	NPT503	1
NPC306462	NPT511	1
NPC306462	NPT512	1
NPC306462	NPT513	4
NPC306462	NPT514	1
NPC306462	NPT5849	1
NPC306462	NPT60	7
NPC306462	NPT61	7
NPC30647	NPT30	1
NPC30647	NPT31	1
NPC306488	NPT178	1
NPC306541	NPT178	1
NPC30677	NPT540	1
NPC306788	NPT1603	1
NPC306788	NPT1604	1
NPC306788	NPT208	1
NPC306835	NPT1214	1
NPC306835	NPT143	1
NPC306835	NPT2584	1
NPC306843	NPT109	1
NPC306843	NPT110	2
NPC306843	NPT149	2
NPC306843	NPT151	1
NPC306843	NPT208	1
NPC306843	NPT211	1
NPC306843	NPT212	1
NPC306843	NPT410	1
NPC306843	NPT48	1
NPC306843	NPT483	1
NPC306843	NPT94	1
NPC306856	NPT1283	1
NPC306902	NPT1226	1
NPC306902	NPT4163	1
NPC306902	NPT4674	1
NPC306902	NPT537	1
NPC306902	NPT59	1
NPC306902	NPT60	1
NPC306902	NPT867	1
NPC30691	NPT94	1
NPC307006	NPT1416	1
NPC307006	NPT58	1
NPC307050	NPT110	1
NPC307063	NPT540	1
NPC307123	NPT225	10
NPC307123	NPT226	2
NPC307123	NPT483	1
NPC307123	NPT50	1
NPC307174	NPT1265	1
NPC307176	NPT109	2
NPC307176	NPT1214	1
NPC307176	NPT1416	1
NPC307176	NPT1422	1
NPC307176	NPT153	9
NPC307176	NPT1540	1
NPC307176	NPT1546	1
NPC307176	NPT210	2
NPC307176	NPT211	1
NPC307176	NPT212	1
NPC307176	NPT249	7
NPC307176	NPT2675	1
NPC307176	NPT282	2
NPC307176	NPT296	2
NPC307176	NPT48	1
NPC307176	NPT483	3
NPC307176	NPT51	1
NPC307176	NPT5155	1
NPC307176	NPT537	1
NPC307176	NPT541	5
NPC307176	NPT542	23
NPC307176	NPT613	1
NPC307176	NPT668	4
NPC307176	NPT713	3
NPC307176	NPT745	1
NPC307176	NPT796	1
NPC307176	NPT894	1
NPC307176	NPT93	3
NPC307176	NPT94	3
NPC307176	NPT96	1
NPC307412	NPT151	1
NPC307412	NPT48	1
NPC307412	NPT94	1
NPC307426	NPT166	1
NPC307426	NPT203	1
NPC307426	NPT570	1
NPC307435	NPT106	1
NPC307435	NPT866	1
NPC307435	NPT99	1
NPC307594	NPT50	1
NPC307594	NPT94	1
NPC307672	NPT1078	1
NPC307699	NPT38	1
NPC307739	NPT1029	1
NPC307963	NPT109	1
NPC307963	NPT110	1
NPC307963	NPT149	1
NPC307963	NPT151	1
NPC307963	NPT1603	1
NPC307963	NPT1604	1
NPC307963	NPT1634	1
NPC307963	NPT208	2
NPC307963	NPT366	7
NPC307963	NPT4046	64
NPC307963	NPT4047	55
NPC307963	NPT48	1
NPC307963	NPT483	1
NPC307963	NPT50	1
NPC307963	NPT537	1
NPC307963	NPT58	1
NPC307963	NPT796	1
NPC307963	NPT94	1
NPC307963	NPT987	1
NPC307965	NPT51	1
NPC307965	NPT792	1
NPC307965	NPT94	1
NPC308191	NPT881	1
NPC308267	NPT109	1
NPC308267	NPT110	1
NPC308267	NPT210	1
NPC308267	NPT213	1
NPC308267	NPT48	1
NPC308301	NPT109	1
NPC308301	NPT210	1
NPC308301	NPT50	1
NPC308301	NPT524	1
NPC308885	NPT109	3
NPC308885	NPT110	3
NPC308885	NPT208	3
NPC308885	NPT212	4
NPC308885	NPT213	3
NPC308885	NPT277	1
NPC308885	NPT472	1
NPC308885	NPT48	1
NPC308885	NPT539	1
NPC308885	NPT60	1
NPC308885	NPT94	3
NPC308976	NPT31	1
NPC308976	NPT570	1
NPC309203	NPT665	1
NPC309203	NPT669	1
NPC309330	NPT163	1
NPC309335	NPT204	1
NPC309367	NPT109	1
NPC309367	NPT1119	1
NPC309367	NPT1197	1
NPC309367	NPT1224	1
NPC309367	NPT1416	1
NPC309367	NPT1418	1
NPC309367	NPT149	1
NPC309367	NPT151	2
NPC309367	NPT2266	1
NPC309367	NPT282	1
NPC309367	NPT2882	1
NPC309367	NPT3000	1
NPC309367	NPT3246	1
NPC309367	NPT3728	1
NPC309367	NPT48	2
NPC309367	NPT483	1
NPC309367	NPT5	1
NPC309367	NPT50	1
NPC309367	NPT51	2
NPC309367	NPT52	1
NPC309367	NPT539	1
NPC309367	NPT5731	1
NPC309367	NPT792	1
NPC309367	NPT864	1
NPC309367	NPT918	1
NPC309367	NPT93	1
NPC309367	NPT94	3
NPC309399	NPT483	1
NPC309399	NPT72	1
NPC309399	NPT73	1
NPC310220	NPT253	1
NPC310259	NPT109	1
NPC310259	NPT1422	1
NPC310259	NPT1594	1
NPC310259	NPT282	2
NPC310259	NPT48	2
NPC310259	NPT50	1
NPC310259	NPT668	1
NPC310259	NPT94	1
NPC31034	NPT2533	1
NPC310349	NPT178	1
NPC310370	NPT178	1
NPC310373	NPT149	1
NPC310373	NPT151	1
NPC310373	NPT292	1
NPC310373	NPT48	1
NPC310373	NPT92	1
NPC310373	NPT94	1
NPC311078	NPT178	1
NPC311164	NPT204	1
NPC311219	NPT149	1
NPC311219	NPT151	2
NPC311219	NPT1634	1
NPC311219	NPT210	1
NPC311219	NPT233	1
NPC311219	NPT30	9
NPC311219	NPT31	18
NPC311219	NPT48	2
NPC311219	NPT50	1
NPC311219	NPT58	1
NPC311219	NPT5871	1
NPC311219	NPT94	1
NPC311219	NPT947	1
NPC311256	NPT967	1
NPC311339	NPT1603	1
NPC311343	NPT50	1
NPC311343	NPT501	1
NPC311612	NPT2536	1
NPC311660	NPT210	1
NPC311660	NPT792	1
NPC311668	NPT1667	1
NPC311668	NPT497	1
NPC311668	NPT513	1
NPC311668	NPT514	2
NPC311706	NPT721	1
NPC31171	NPT282	1
NPC31171	NPT483	1
NPC31171	NPT537	1
NPC31171	NPT538	1
NPC311753	NPT483	1
NPC311881	NPT582	1
NPC311881	NPT78	1
NPC312132	NPT204	1
NPC312132	NPT2691	1
NPC312132	NPT30	1
NPC312132	NPT346	2
NPC312404	NPT92	1
NPC31279	NPT109	1
NPC31279	NPT208	1
NPC31279	NPT51	1
NPC312800	NPT233	2
NPC312800	NPT570	1
NPC312800	NPT947	1
NPC312800	NPT948	1
NPC312800	NPT949	1
NPC312800	NPT954	1
NPC312800	NPT955	1
NPC312826	NPT1287	1
NPC312826	NPT232	1
NPC312870	NPT1197	1
NPC312870	NPT1226	1
NPC312870	NPT149	1
NPC312870	NPT277	1
NPC312918	NPT1038	1
NPC312918	NPT1197	1
NPC312918	NPT151	1
NPC312918	NPT48	1
NPC312918	NPT483	1
NPC312918	NPT51	1
NPC312918	NPT57	1
NPC312918	NPT59	1
NPC312918	NPT864	1
NPC312918	NPT93	1
NPC312918	NPT94	1
NPC312929	NPT151	1
NPC312929	NPT279	1
NPC312929	NPT48	1
NPC312929	NPT501	1
NPC312929	NPT51	1
NPC312929	NPT792	1
NPC312929	NPT94	1
NPC31344	NPT895	1
NPC313449	NPT109	3
NPC313449	NPT110	3
NPC313449	NPT1197	1
NPC313449	NPT149	3
NPC313449	NPT208	2
NPC313449	NPT210	1
NPC313449	NPT211	2
NPC313449	NPT47	1
NPC313449	NPT48	1
NPC313449	NPT483	1
NPC313449	NPT50	2
NPC313449	NPT51	1
NPC313449	NPT537	1
NPC313449	NPT538	1
NPC313449	NPT539	1
NPC313449	NPT792	2
NPC313449	NPT93	1
NPC313449	NPT94	1
NPC313449	NPT940	1
NPC313449	NPT96	1
NPC313528	NPT483	1
NPC313673	NPT292	3
NPC313882	NPT5830	1
NPC313921	NPT918	1
NPC313981	NPT109	1
NPC313981	NPT163	1
NPC313981	NPT483	1
NPC313981	NPT58	1
NPC313985	NPT48	1
NPC313985	NPT51	1
NPC314192	NPT262	1
NPC314192	NPT263	1
NPC314192	NPT264	1
NPC314192	NPT265	1
NPC314192	NPT266	1
NPC314192	NPT2691	1
NPC314192	NPT2856	1
NPC314192	NPT5891	1
NPC314192	NPT98	1
NPC314329	NPT149	1
NPC314329	NPT153	1
NPC314329	NPT218	1
NPC314329	NPT441	4
NPC314329	NPT48	1
NPC314329	NPT582	1
NPC31433	NPT1098	1
NPC314333	NPT50	1
NPC314350	NPT497	1
NPC314350	NPT60	1
NPC314743	NPT222	1
NPC314940	NPT1078	1
NPC314940	NPT210	2
NPC314940	NPT4546	1
NPC314940	NPT5373	3
NPC314940	NPT5374	2
NPC314940	NPT568	1
NPC314940	NPT687	1
NPC31496	NPT864	1
NPC315257	NPT110	1
NPC315257	NPT208	1
NPC315257	NPT243	1
NPC315257	NPT290	1
NPC315257	NPT51	1
NPC315257	NPT543	1
NPC315498	NPT48	1
NPC315634	NPT109	1
NPC315634	NPT48	1
NPC315634	NPT50	2
NPC315634	NPT51	1
NPC316181	NPT48	1
NPC316181	NPT93	1
NPC316181	NPT94	1
NPC316906	NPT109	1
NPC316906	NPT110	4
NPC316906	NPT1119	1
NPC316906	NPT1197	1
NPC316906	NPT145	2
NPC316906	NPT203	3
NPC316906	NPT208	1
NPC316906	NPT210	2
NPC316906	NPT226	1
NPC316906	NPT244	1
NPC316906	NPT252	1
NPC316906	NPT271	2
NPC316906	NPT272	1
NPC316906	NPT2856	1
NPC316906	NPT291	1
NPC316906	NPT295	1
NPC316906	NPT296	1
NPC316906	NPT45	1
NPC316906	NPT483	2
NPC316906	NPT4999	1
NPC316906	NPT537	1
NPC316906	NPT539	2
NPC316906	NPT613	1
NPC316906	NPT668	1
NPC316906	NPT713	1
NPC316906	NPT792	1
NPC316906	NPT93	1
NPC316906	NPT940	1
NPC316906	NPT96	1
NPC316906	NPT98	1
NPC317145	NPT45	1
NPC317145	NPT50	1
NPC317177	NPT10	1
NPC317177	NPT103	2
NPC317177	NPT109	1
NPC317177	NPT1159	27
NPC317177	NPT211	1
NPC317177	NPT218	1
NPC317177	NPT282	1
NPC317177	NPT291	1
NPC317177	NPT3201	28
NPC317177	NPT47	1
NPC317177	NPT48	1
NPC317177	NPT51	5
NPC317177	NPT546	10
NPC317177	NPT58	1
NPC317177	NPT598	2
NPC317177	NPT5980	27
NPC317177	NPT5981	8
NPC317177	NPT5983	8
NPC317177	NPT599	1
NPC317177	NPT713	1
NPC317177	NPT755	2
NPC317177	NPT78	1
NPC317177	NPT920	1
NPC317177	NPT93	1
NPC317177	NPT94	3
NPC317305	NPT472	1
NPC317474	NPT221	1
NPC317474	NPT262	8
NPC317474	NPT263	10
NPC317474	NPT264	5
NPC317474	NPT265	6
NPC317474	NPT266	7
NPC317474	NPT292	1
NPC317474	NPT613	1
NPC317642	NPT1654	1
NPC317642	NPT4106	1
NPC317642	NPT94	1
NPC317651	NPT211	1
NPC317651	NPT483	1
NPC317651	NPT50	1
NPC317727	NPT2755	1
NPC318107	NPT1062	1
NPC318107	NPT1143	1
NPC318107	NPT233	2
NPC318107	NPT947	1
NPC318325	NPT108	1
NPC318325	NPT13	1
NPC318325	NPT204	1
NPC318325	NPT217	1
NPC318325	NPT218	1
NPC318325	NPT222	1
NPC318325	NPT223	1
NPC318325	NPT224	1
NPC318325	NPT228	1
NPC318325	NPT246	1
NPC318325	NPT262	1
NPC318325	NPT263	1
NPC318325	NPT264	1
NPC318325	NPT266	1
NPC318325	NPT283	1
NPC318325	NPT285	1
NPC318325	NPT295	1
NPC318325	NPT298	1
NPC318325	NPT30	1
NPC318325	NPT300	1
NPC318325	NPT31	1
NPC318552	NPT51	1
NPC318591	NPT110	3
NPC318591	NPT208	1
NPC318591	NPT225	6
NPC318591	NPT226	6
NPC318591	NPT227	1
NPC318591	NPT2691	1
NPC318591	NPT2856	1
NPC318591	NPT290	1
NPC318591	NPT291	1
NPC318591	NPT292	1
NPC318591	NPT294	1
NPC318591	NPT295	1
NPC318591	NPT296	1
NPC318591	NPT613	1
NPC318591	NPT668	1
NPC318591	NPT748	1
NPC318591	NPT92	1
NPC318591	NPT98	1
NPC31872	NPT30	1
NPC31872	NPT31	1
NPC318935	NPT645	1
NPC318935	NPT684	1
NPC319140	NPT210	1
NPC319140	NPT60	1
NPC319238	NPT2533	1
NPC319549	NPT109	1
NPC319549	NPT1197	1
NPC319628	NPT282	1
NPC319628	NPT4675	1
NPC319628	NPT48	1
NPC319628	NPT52	1
NPC319628	NPT59	1
NPC319628	NPT60	1
NPC319628	NPT864	1
NPC319972	NPT233	3
NPC319972	NPT48	1
NPC319972	NPT568	1
NPC319972	NPT684	2
NPC320147	NPT263	1
NPC320223	NPT48	1
NPC320223	NPT483	1
NPC320242	NPT110	1
NPC320242	NPT1463	1
NPC320242	NPT225	2
NPC320242	NPT226	2
NPC320242	NPT668	1
NPC320287	NPT483	1
NPC320287	NPT50	1
NPC320287	NPT524	1
NPC320287	NPT864	1
NPC320833	NPT483	1
NPC321011	NPT109	1
NPC321011	NPT149	1
NPC321011	NPT151	1
NPC321011	NPT282	1
NPC321011	NPT47	1
NPC321011	NPT48	2
NPC321011	NPT49	1
NPC321011	NPT51	1
NPC321011	NPT52	1
NPC321011	NPT539	1
NPC321011	NPT59	1
NPC321011	NPT60	1
NPC321011	NPT792	1
NPC321011	NPT798	1
NPC321011	NPT801	1
NPC321011	NPT802	1
NPC321011	NPT94	1
NPC321053	NPT212	2
NPC321053	NPT233	22
NPC321053	NPT46	1
NPC321053	NPT483	2
NPC321053	NPT49	1
NPC321053	NPT604	1
NPC321053	NPT796	1
NPC321053	NPT93	1
NPC321053	NPT947	18
NPC321184	NPT441	1
NPC321638	NPT441	1
NPC321779	NPT279	1
NPC321929	NPT210	1
NPC321929	NPT483	1
NPC321929	NPT537	1
NPC321929	NPT58	1
NPC321929	NPT93	1
NPC321929	NPT967	36
NPC322091	NPT109	1
NPC322091	NPT163	1
NPC322091	NPT47	1
NPC322091	NPT483	1
NPC322091	NPT58	1
NPC322091	NPT93	1
NPC322283	NPT1211	1
NPC322283	NPT206	1
NPC322283	NPT4245	1
NPC322283	NPT4675	1
NPC322283	NPT6069	1
NPC322283	NPT867	1
NPC322301	NPT570	1
NPC322301	NPT956	1
NPC322366	NPT226	1
NPC3224	NPT51	1
NPC3224	NPT94	1
NPC32279	NPT210	1
NPC32298	NPT109	1
NPC32298	NPT1422	1
NPC32298	NPT151	1
NPC32298	NPT153	1
NPC32298	NPT1592	1
NPC32298	NPT1604	1
NPC32298	NPT218	2
NPC32298	NPT233	1
NPC32298	NPT2562	1
NPC32298	NPT2563	1
NPC32298	NPT441	3
NPC32298	NPT537	1
NPC32298	NPT538	1
NPC32298	NPT539	1
NPC32298	NPT588	2
NPC32298	NPT93	1
NPC32298	NPT947	1
NPC32298	NPT948	1
NPC32298	NPT949	1
NPC323443	NPT864	1
NPC323552	NPT233	1
NPC323626	NPT108	1
NPC323644	NPT6080	2
NPC324001	NPT540	1
NPC324233	NPT108	1
NPC324341	NPT303	1
NPC324341	NPT5015	1
NPC324386	NPT3938	1
NPC324386	NPT47	1
NPC324386	NPT49	1
NPC324386	NPT57	1
NPC324386	NPT59	1
NPC324386	NPT864	1
NPC32441	NPT1062	1
NPC32441	NPT108	1
NPC32441	NPT109	1
NPC32441	NPT1187	1
NPC32441	NPT149	1
NPC32441	NPT1566	1
NPC32441	NPT1581	1
NPC32441	NPT1587	1
NPC32441	NPT1588	2
NPC32441	NPT1592	1
NPC32441	NPT1594	2
NPC32441	NPT1603	1
NPC32441	NPT1604	1
NPC32441	NPT178	1
NPC32441	NPT204	1
NPC32441	NPT208	2
NPC32441	NPT212	1
NPC32441	NPT213	2
NPC32441	NPT248	1
NPC32441	NPT261	1
NPC32441	NPT41	1
NPC32441	NPT441	9
NPC32441	NPT50	1
NPC32441	NPT582	1
NPC32441	NPT591	1
NPC32441	NPT949	1
NPC32441	NPT955	1
NPC324624	NPT178	1
NPC324624	NPT591	3
NPC324742	NPT59	1
NPC324772	NPT198	32
NPC324772	NPT282	1
NPC324772	NPT51	1
NPC324772	NPT713	1
NPC324786	NPT94	1
NPC324835	NPT1038	1
NPC324835	NPT1197	1
NPC324835	NPT3246	1
NPC324835	NPT483	1
NPC324835	NPT51	1
NPC324835	NPT537	1
NPC325599	NPT1406	1
NPC325599	NPT2777	1
NPC325599	NPT3504	1
NPC325599	NPT3505	1
NPC325599	NPT3507	1
NPC325599	NPT6140	1
NPC325599	NPT6141	1
NPC325599	NPT6142	1
NPC325646	NPT109	1
NPC325646	NPT48	1
NPC325646	NPT51	1
NPC325646	NPT792	1
NPC325871	NPT1255	1
NPC325871	NPT1256	1
NPC325871	NPT1257	1
NPC325871	NPT1274	1
NPC325871	NPT149	1
NPC325871	NPT48	1
NPC325871	NPT4907	1
NPC325871	NPT51	1
NPC325871	NPT94	1
NPC325871	NPT979	1
NPC326200	NPT210	1
NPC326200	NPT94	1
NPC32630	NPT108	1
NPC32630	NPT248	1
NPC32641	NPT143	1
NPC326592	NPT49	1
NPC326592	NPT59	1
NPC326592	NPT60	1
NPC32674	NPT208	1
NPC32674	NPT240	2
NPC326758	NPT214	1
NPC326758	NPT469	1
NPC326808	NPT483	1
NPC326808	NPT50	1
NPC32694	NPT1214	1
NPC32694	NPT2584	1
NPC32723	NPT30	1
NPC32723	NPT31	1
NPC327269	NPT178	1
NPC32739	NPT108	2
NPC32739	NPT1422	1
NPC32739	NPT248	1
NPC32739	NPT261	1
NPC32739	NPT5052	1
NPC327481	NPT2553	1
NPC32749	NPT1214	1
NPC32749	NPT2584	1
NPC328102	NPT108	1
NPC328267	NPT110	1
NPC328267	NPT1197	1
NPC328267	NPT1604	1
NPC328267	NPT204	1
NPC328267	NPT213	2
NPC328267	NPT222	1
NPC328267	NPT223	1
NPC328267	NPT228	14
NPC328267	NPT246	11
NPC328267	NPT262	1
NPC328267	NPT264	1
NPC328267	NPT266	1
NPC328267	NPT2691	1
NPC328267	NPT290	2
NPC328267	NPT292	2
NPC328267	NPT294	1
NPC328267	NPT295	44
NPC328267	NPT296	2
NPC328267	NPT483	1
NPC328267	NPT537	1
NPC328267	NPT538	1
NPC328267	NPT5559	1
NPC328267	NPT628	1
NPC328267	NPT668	1
NPC328267	NPT713	1
NPC328267	NPT940	1
NPC328267	NPT98	7
NPC328267	NPT987	4
NPC328273	NPT441	1
NPC328593	NPT78	1
NPC328688	NPT94	1
NPC328700	NPT109	1
NPC328740	NPT3735	1
NPC328740	NPT47	1
NPC328740	NPT48	1
NPC328740	NPT49	1
NPC328740	NPT59	1
NPC328740	NPT60	1
NPC328740	NPT864	1
NPC328740	NPT94	1
NPC328750	NPT149	1
NPC328750	NPT282	1
NPC328750	NPT48	1
NPC328750	NPT483	1
NPC328750	NPT94	1
NPC328824	NPT204	1
NPC328877	NPT109	1
NPC328877	NPT1119	2
NPC328877	NPT204	1
NPC328877	NPT208	1
NPC328877	NPT218	1
NPC328877	NPT228	1
NPC328877	NPT232	1
NPC328877	NPT246	1
NPC328877	NPT261	1
NPC328877	NPT292	1
NPC328877	NPT30	1
NPC328877	NPT31	1
NPC328877	NPT439	1
NPC328877	NPT483	1
NPC328877	NPT50	1
NPC328877	NPT51	1
NPC328877	NPT59	1
NPC328877	NPT60	1
NPC328877	NPT6188	2
NPC328877	NPT792	1
NPC328877	NPT920	1
NPC329043	NPT149	1
NPC329203	NPT218	2
NPC329203	NPT50	1
NPC329203	NPT51	1
NPC329203	NPT524	1
NPC329203	NPT94	1
NPC3293	NPT967	1
NPC32955	NPT210	1
NPC32955	NPT3372	1
NPC32955	NPT94	2
NPC329669	NPT1214	1
NPC329669	NPT2584	1
NPC329708	NPT46	1
NPC329793	NPT296	1
NPC329858	NPT346	1
NPC329858	NPT472	1
NPC330326	NPT109	3
NPC330326	NPT110	1
NPC330326	NPT1634	1
NPC330326	NPT208	2
NPC330326	NPT213	1
NPC330326	NPT240	1
NPC330326	NPT48	3
NPC330326	NPT628	1
NPC33051	NPT721	1
NPC330559	NPT109	5
NPC330559	NPT110	1
NPC330559	NPT1647	1
NPC330559	NPT208	1
NPC330559	NPT212	1
NPC330559	NPT213	1
NPC330559	NPT2217	1
NPC330559	NPT235	1
NPC330559	NPT237	1
NPC330559	NPT2683	1
NPC330559	NPT2691	1
NPC330559	NPT2854	1
NPC330559	NPT3159	1
NPC330559	NPT3604	1
NPC330559	NPT441	1
NPC330559	NPT4506	1
NPC330559	NPT4582	1
NPC330559	NPT540	1
NPC330559	NPT613	1
NPC330559	NPT628	1
NPC330559	NPT668	2
NPC330559	NPT713	2
NPC330559	NPT98	1
NPC330590	NPT483	1
NPC330683	NPT149	2
NPC330683	NPT151	2
NPC330683	NPT48	4
NPC330683	NPT94	3
NPC330683	NPT98	5
NPC331129	NPT109	4
NPC331129	NPT212	2
NPC331129	NPT3160	1
NPC331129	NPT3161	1
NPC331129	NPT441	1
NPC331425	NPT713	2
NPC331425	NPT866	3
NPC331425	NPT99	1
NPC331613	NPT153	1
NPC331613	NPT249	48
NPC331613	NPT541	10
NPC331613	NPT542	3
NPC331613	NPT713	2
NPC331654	NPT2818	78
NPC331654	NPT2926	8
NPC331654	NPT4519	3
NPC331654	NPT476	1
NPC331672	NPT102	1
NPC331672	NPT1028	1
NPC331672	NPT1249	1
NPC331672	NPT153	1
NPC331672	NPT1566	2
NPC331672	NPT1594	2
NPC331672	NPT30	62
NPC331672	NPT300	1
NPC331672	NPT31	91
NPC331672	NPT3504	5
NPC331672	NPT3505	2
NPC331672	NPT3506	1
NPC331672	NPT3507	4
NPC331672	NPT41	1
NPC331672	NPT4734	1
NPC331672	NPT570	1
NPC331672	NPT5976	2
NPC331672	NPT604	1
NPC331672	NPT612	1
NPC331672	NPT622	1
NPC331672	NPT665	1
NPC331672	NPT668	1
NPC331672	NPT669	1
NPC331672	NPT713	3
NPC331672	NPT72	1
NPC331672	NPT73	1
NPC331672	NPT956	1
NPC331672	NPT98	1
NPC331672	NPT99	1
NPC331840	NPT1463	1
NPC332914	NPT143	1
NPC332914	NPT216	1
NPC33320	NPT109	3
NPC33320	NPT110	1
NPC33320	NPT204	2
NPC33320	NPT208	2
NPC33320	NPT210	1
NPC33320	NPT213	1
NPC33320	NPT240	2
NPC33320	NPT2599	1
NPC33320	NPT261	1
NPC33320	NPT282	1
NPC33338	NPT149	1
NPC33338	NPT210	1
NPC33338	NPT211	1
NPC33338	NPT212	1
NPC33338	NPT243	1
NPC33338	NPT244	1
NPC33338	NPT48	1
NPC333691	NPT109	1
NPC333691	NPT46	1
NPC333691	NPT483	1
NPC333691	NPT51	1
NPC333691	NPT539	1
NPC333691	NPT93	1
NPC333691	NPT94	1
NPC33378	NPT1896	1
NPC33378	NPT2601	1
NPC334061	NPT153	4
NPC334061	NPT249	31
NPC334061	NPT541	9
NPC334061	NPT542	2
NPC334061	NPT713	1
NPC334061	NPT745	1
NPC334061	NPT894	1
NPC3343	NPT646	3
NPC3343	NPT647	2
NPC33721	NPT2608	2
NPC33728	NPT866	1
NPC33728	NPT99	1
NPC33749	NPT78	1
NPC33768	NPT1044	1
NPC33913	NPT178	1
NPC33986	NPT151	1
NPC33986	NPT48	1
NPC33986	NPT60	1
NPC33986	NPT94	1
NPC34070	NPT144	1
NPC346034	NPT261	65
NPC346034	NPT582	102
NPC346034	NPT920	1
NPC34622	NPT31	1
NPC34622	NPT570	1
NPC347588	NPT261	97
NPC347588	NPT582	60
NPC34764	NPT483	1
NPC34770	NPT109	2
NPC34770	NPT110	1
NPC34770	NPT149	3
NPC34770	NPT151	2
NPC34770	NPT208	1
NPC34770	NPT210	1
NPC34770	NPT213	1
NPC34770	NPT48	3
NPC34770	NPT483	1
NPC34770	NPT539	1
NPC34770	NPT94	3
NPC34864	NPT10	1
NPC34864	NPT1119	1
NPC34864	NPT13	4
NPC34864	NPT1449	4
NPC34864	NPT151	2
NPC34864	NPT1566	1
NPC34864	NPT2542	1
NPC34864	NPT2626	2
NPC34864	NPT2629	1
NPC34864	NPT46	1
NPC34864	NPT48	1
NPC34864	NPT483	1
NPC34864	NPT50	1
NPC34864	NPT51	4
NPC34864	NPT537	1
NPC34864	NPT538	1
NPC34864	NPT570	1
NPC34864	NPT58	1
NPC34864	NPT59	1
NPC34864	NPT796	1
NPC34864	NPT864	1
NPC34864	NPT93	3
NPC34864	NPT94	4
NPC34864	NPT940	1
NPC349899	NPT213	1
NPC349899	NPT627	2
NPC35	NPT3595	1
NPC35167	NPT862	1
NPC35185	NPT38	1
NPC35268	NPT410	1
NPC35341	NPT1464	1
NPC35341	NPT178	2
NPC35344	NPT1287	1
NPC35344	NPT570	1
NPC35410	NPT1291	2
NPC35544	NPT106	1
NPC35544	NPT866	3
NPC35544	NPT99	3
NPC35630	NPT178	1
NPC35744	NPT109	1
NPC35744	NPT1226	1
NPC35744	NPT149	1
NPC35744	NPT151	1
NPC35744	NPT261	1
NPC35744	NPT277	1
NPC35744	NPT48	1
NPC35744	NPT501	1
NPC35744	NPT51	1
NPC35744	NPT741	1
NPC35744	NPT93	1
NPC35744	NPT94	1
NPC35856	NPT1079	4
NPC35856	NPT1080	4
NPC35856	NPT2652	1
NPC35856	NPT2653	2
NPC35856	NPT4248	1
NPC36061	NPT106	1
NPC36061	NPT178	1
NPC36061	NPT866	2
NPC36061	NPT99	1
NPC36108	NPT346	1
NPC36229	NPT109	2
NPC36229	NPT1274	1
NPC36229	NPT282	1
NPC36229	NPT48	1
NPC36229	NPT51	1
NPC36321	NPT1569	1
NPC36321	NPT606	1
NPC36321	NPT670	2
NPC36490	NPT568	1
NPC36497	NPT439	1
NPC36498	NPT1196	1
NPC36498	NPT2670	1
NPC36498	NPT2674	1
NPC36661	NPT2680	1
NPC36835	NPT10	1
NPC36835	NPT109	1
NPC36835	NPT151	1
NPC36835	NPT218	1
NPC36835	NPT47	1
NPC36835	NPT48	2
NPC36835	NPT51	1
NPC36835	NPT58	1
NPC36835	NPT59	1
NPC36835	NPT796	1
NPC36835	NPT93	1
NPC36836	NPT1028	1
NPC36836	NPT109	2
NPC36836	NPT110	2
NPC36836	NPT1422	1
NPC36836	NPT1463	1
NPC36836	NPT208	1
NPC36836	NPT212	3
NPC36836	NPT213	2
NPC36836	NPT218	1
NPC36836	NPT2683	1
NPC36836	NPT2691	1
NPC36836	NPT483	1
NPC36836	NPT50	2
NPC36836	NPT51	2
NPC36836	NPT537	1
NPC36836	NPT538	1
NPC36836	NPT628	1
NPC36836	NPT668	7
NPC36836	NPT713	5
NPC36836	NPT93	1
NPC36836	NPT940	1
NPC36916	NPT109	2
NPC36916	NPT151	1
NPC36916	NPT1654	1
NPC36916	NPT211	1
NPC36916	NPT212	1
NPC36916	NPT51	1
NPC36916	NPT539	1
NPC36916	NPT60	1
NPC36916	NPT670	1
NPC36916	NPT72	1
NPC36916	NPT73	1
NPC36916	NPT792	1
NPC3693	NPT94	1
NPC37135	NPT178	1
NPC37135	NPT721	1
NPC37139	NPT78	1
NPC37208	NPT178	1
NPC37226	NPT178	1
NPC37299	NPT2982	1
NPC37331	NPT178	1
NPC37333	NPT967	1
NPC37423	NPT109	1
NPC37423	NPT110	1
NPC37423	NPT149	1
NPC37423	NPT151	1
NPC37423	NPT208	1
NPC37423	NPT211	1
NPC37423	NPT48	1
NPC37423	NPT94	1
NPC37440	NPT1464	1
NPC37479	NPT94	1
NPC37493	NPT210	1
NPC37493	NPT94	1
NPC37496	NPT109	1
NPC37496	NPT110	1
NPC37496	NPT204	1
NPC37496	NPT212	1
NPC37496	NPT213	1
NPC37502	NPT721	1
NPC37506	NPT2520	1
NPC375265	NPT108	3
NPC375265	NPT109	4
NPC375265	NPT153	21
NPC375265	NPT212	1
NPC375265	NPT248	1
NPC375265	NPT249	41
NPC375265	NPT541	8
NPC375265	NPT542	37
NPC375265	NPT628	2
NPC375265	NPT713	1
NPC37543	NPT862	1
NPC37787	NPT203	1
NPC37787	NPT540	1
NPC38059	NPT3517	12
NPC38059	NPT3569	8
NPC38059	NPT3974	11
NPC3825	NPT728	1
NPC38350	NPT1591	1
NPC38350	NPT540	1
NPC38350	NPT956	1
NPC38468	NPT94	1
NPC38473	NPT1062	1
NPC38473	NPT13	1
NPC38473	NPT233	1
NPC38473	NPT36	1
NPC38473	NPT949	1
NPC38473	NPT955	1
NPC38604	NPT1287	1
NPC38604	NPT232	1
NPC38664	NPT741	1
NPC38779	NPT204	1
NPC38790	NPT99	1
NPC38874	NPT1551	1
NPC38874	NPT41	1
NPC38874	NPT57	1
NPC38891	NPT2724	1
NPC38891	NPT2725	1
NPC38891	NPT532	1
NPC38996	NPT233	1
NPC38996	NPT947	1
NPC39351	NPT178	1
NPC39426	NPT108	23
NPC39426	NPT109	2
NPC39426	NPT1187	1
NPC39426	NPT1338	1
NPC39426	NPT14	1
NPC39426	NPT1422	1
NPC39426	NPT1449	1
NPC39426	NPT151	5
NPC39426	NPT153	1
NPC39426	NPT1587	1
NPC39426	NPT1588	2
NPC39426	NPT1592	1
NPC39426	NPT1721	1
NPC39426	NPT1746	1
NPC39426	NPT1794	1
NPC39426	NPT208	1
NPC39426	NPT210	1
NPC39426	NPT211	1
NPC39426	NPT212	1
NPC39426	NPT213	2
NPC39426	NPT216	1
NPC39426	NPT217	1
NPC39426	NPT246	1
NPC39426	NPT248	23
NPC39426	NPT261	3
NPC39426	NPT2680	1
NPC39426	NPT2729	1
NPC39426	NPT2736	1
NPC39426	NPT2737	1
NPC39426	NPT2742	1
NPC39426	NPT2750	1
NPC39426	NPT2752	1
NPC39426	NPT282	2
NPC39426	NPT285	5
NPC39426	NPT290	1
NPC39426	NPT292	1
NPC39426	NPT30	1
NPC39426	NPT300	1
NPC39426	NPT3319	1
NPC39426	NPT36	1
NPC39426	NPT38	1
NPC39426	NPT41	1
NPC39426	NPT441	2
NPC39426	NPT483	2
NPC39426	NPT497	1
NPC39426	NPT50	1
NPC39426	NPT51	5
NPC39426	NPT52	1
NPC39426	NPT537	2
NPC39426	NPT538	2
NPC39426	NPT539	2
NPC39426	NPT58	1
NPC39426	NPT582	1
NPC39426	NPT59	1
NPC39426	NPT72	1
NPC39426	NPT73	1
NPC39426	NPT77	1
NPC39426	NPT792	2
NPC39426	NPT796	1
NPC39426	NPT93	3
NPC39426	NPT94	2
NPC39426	NPT942	1
NPC39426	NPT96	1
NPC39426	NPT967	1
NPC39600	NPT210	1
NPC39600	NPT94	1
NPC39664	NPT4717	1
NPC39752	NPT178	1
NPC39753	NPT291	1
NPC39753	NPT425	1
NPC39793	NPT967	1
NPC39799	NPT208	1
NPC39799	NPT240	2
NPC3980	NPT178	1
NPC39929	NPT570	1
NPC39929	NPT956	1
NPC40033	NPT2680	1
NPC40209	NPT210	1
NPC40209	NPT50	1
NPC40209	NPT94	1
NPC40302	NPT1119	1
NPC40302	NPT792	2
NPC40352	NPT109	2
NPC40352	NPT110	1
NPC4036	NPT178	1
NPC40394	NPT178	1
NPC40394	NPT540	1
NPC40394	NPT570	1
NPC40488	NPT439	1
NPC40491	NPT156	1
NPC40511	NPT1006	1
NPC40663	NPT93	1
NPC40702	NPT151	1
NPC40702	NPT47	1
NPC40702	NPT48	1
NPC40702	NPT49	1
NPC40702	NPT50	1
NPC40702	NPT51	1
NPC40702	NPT58	1
NPC40702	NPT94	1
NPC40818	NPT109	1
NPC40818	NPT1422	1
NPC40818	NPT46	1
NPC40818	NPT668	1
NPC40818	NPT94	1
NPC41121	NPT366	1
NPC41178	NPT677	1
NPC41263	NPT1038	1
NPC41263	NPT59	1
NPC41326	NPT108	3
NPC41326	NPT151	1
NPC41326	NPT1598	1
NPC41326	NPT211	1
NPC41326	NPT248	3
NPC41326	NPT46	1
NPC41326	NPT47	2
NPC41326	NPT48	1
NPC41326	NPT483	1
NPC41326	NPT50	1
NPC41326	NPT501	1
NPC41326	NPT51	1
NPC41326	NPT543	1
NPC41326	NPT58	1
NPC41326	NPT59	1
NPC41326	NPT60	2
NPC41326	NPT94	1
NPC41376	NPT2801	1
NPC41409	NPT525	1
NPC4154	NPT740	1
NPC41594	NPT204	1
NPC41594	NPT94	1
NPC416184	NPT582	1
NPC41719	NPT109	1
NPC41719	NPT110	1
NPC41719	NPT149	1
NPC41719	NPT151	1
NPC41719	NPT1603	1
NPC41719	NPT1604	1
NPC41719	NPT210	1
NPC41719	NPT212	1
NPC41719	NPT213	1
NPC41719	NPT282	1
NPC41719	NPT48	1
NPC41719	NPT51	1
NPC41719	NPT94	1
NPC41721	NPT109	1
NPC41721	NPT149	1
NPC41721	NPT151	1
NPC41721	NPT153	1
NPC41721	NPT48	1
NPC41721	NPT51	1
NPC41721	NPT539	1
NPC41721	NPT94	1
NPC417745	NPT144	1
NPC417745	NPT166	2
NPC417745	NPT203	1
NPC417745	NPT287	1
NPC417745	NPT439	1
NPC418074	NPT166	8
NPC418074	NPT203	6
NPC42017	NPT2608	1
NPC42017	NPT2816	1
NPC42060	NPT745	1
NPC42300	NPT109	1
NPC42300	NPT110	1
NPC42372	NPT240	1
NPC42372	NPT2817	1
NPC42383	NPT976	1
NPC42384	NPT3732	1
NPC42503	NPT2824	1
NPC42586	NPT253	1
NPC42675	NPT741	1
NPC42716	NPT261	1
NPC42716	NPT582	1
NPC42760	NPT740	1
NPC42793	NPT109	6
NPC42793	NPT110	1
NPC42793	NPT1422	4
NPC42793	NPT1463	1
NPC42793	NPT1594	9
NPC42793	NPT213	1
NPC42793	NPT222	1
NPC42793	NPT244	1
NPC42793	NPT252	1
NPC42793	NPT2691	2
NPC42793	NPT2854	1
NPC42793	NPT2856	1
NPC42793	NPT290	1
NPC42793	NPT291	1
NPC42793	NPT292	1
NPC42793	NPT295	1
NPC42793	NPT613	2
NPC42793	NPT628	1
NPC42793	NPT668	58
NPC42793	NPT713	1
NPC42793	NPT73	1
NPC42793	NPT98	13
NPC43053	NPT30	1
NPC43069	NPT110	1
NPC43069	NPT145	3
NPC43069	NPT271	1
NPC43069	NPT272	2
NPC43069	NPT613	1
NPC43069	NPT98	1
NPC43158	NPT1089	1
NPC43158	NPT1090	1
NPC43158	NPT280	1
NPC43158	NPT567	1
NPC43158	NPT568	1
NPC43158	NPT69	1
NPC43169	NPT646	1
NPC43211	NPT1422	1
NPC43211	NPT1785	1
NPC43211	NPT612	1
NPC43211	NPT622	1
NPC43211	NPT699	1
NPC43211	NPT901	1
NPC43246	NPT2608	1
NPC43246	NPT2871	1
NPC43246	NPT2875	1
NPC43246	NPT2876	1
NPC43246	NPT2877	1
NPC43246	NPT2878	1
NPC43246	NPT2879	1
NPC43264	NPT2724	2
NPC43264	NPT2725	1
NPC43264	NPT2886	1
NPC43264	NPT2887	2
NPC43264	NPT2889	1
NPC43300	NPT540	1
NPC43319	NPT178	1
NPC434	NPT109	1
NPC434	NPT149	1
NPC434	NPT151	1
NPC434	NPT94	1
NPC4341	NPT668	1
NPC4344	NPT540	1
NPC43490	NPT178	1
NPC43525	NPT30	1
NPC43525	NPT31	1
NPC43587	NPT1592	1
NPC4370	NPT346	1
NPC43787	NPT2892	1
NPC43787	NPT51	1
NPC43787	NPT537	1
NPC43787	NPT538	1
NPC43787	NPT59	1
NPC43945	NPT1078	3
NPC43945	NPT109	1
NPC43945	NPT110	1
NPC43945	NPT1224	1
NPC43945	NPT151	1
NPC43945	NPT1557	1
NPC43945	NPT208	1
NPC43945	NPT211	1
NPC43945	NPT212	1
NPC43945	NPT213	1
NPC43945	NPT261	1
NPC43945	NPT2662	1
NPC43945	NPT2663	1
NPC43945	NPT2742	3
NPC43945	NPT282	2
NPC43945	NPT2927	2
NPC43945	NPT2930	1
NPC43945	NPT3060	1
NPC43945	NPT45	1
NPC43945	NPT483	3
NPC43945	NPT51	2
NPC43945	NPT52	1
NPC43945	NPT524	1
NPC43945	NPT539	2
NPC43945	NPT58	1
NPC43945	NPT582	1
NPC43945	NPT60	1
NPC43945	NPT911	3
NPC43945	NPT920	1
NPC43945	NPT93	1
NPC43945	NPT94	2
NPC44063	NPT211	1
NPC44101	NPT1604	1
NPC44193	NPT1287	1
NPC44193	NPT232	1
NPC44270	NPT1197	1
NPC44270	NPT151	1
NPC44270	NPT483	1
NPC44270	NPT51	1
NPC44270	NPT524	1
NPC44270	NPT93	1
NPC44328	NPT50	1
NPC44363	NPT1418	2
NPC44437	NPT57	1
NPC44437	NPT980	1
NPC44649	NPT204	1
NPC44830	NPT2944	1
NPC44830	NPT51	1
NPC44963	NPT109	1
NPC44963	NPT51	1
NPC44963	NPT543	2
NPC44963	NPT93	1
NPC45040	NPT108	2
NPC45040	NPT248	1
NPC45040	NPT4046	1
NPC45040	NPT4047	1
NPC45124	NPT211	2
NPC45165	NPT537	1
NPC45165	NPT538	1
NPC45255	NPT1078	1
NPC45256	NPT149	1
NPC45256	NPT151	1
NPC45256	NPT94	1
NPC45404	NPT282	1
NPC45404	NPT94	1
NPC45459	NPT1038	1
NPC45459	NPT109	1
NPC45459	NPT1416	1
NPC45459	NPT149	2
NPC45459	NPT163	1
NPC45459	NPT1785	1
NPC45459	NPT210	1
NPC45459	NPT290	2
NPC45459	NPT291	1
NPC45459	NPT292	1
NPC45459	NPT48	1
NPC45459	NPT483	1
NPC45459	NPT51	2
NPC45459	NPT58	1
NPC45459	NPT792	1
NPC45459	NPT796	1
NPC45459	NPT92	2
NPC45459	NPT94	2
NPC45459	NPT940	1
NPC45536	NPT346	1
NPC45613	NPT50	1
NPC45613	NPT792	1
NPC45618	NPT149	1
NPC45618	NPT151	1
NPC45618	NPT48	1
NPC45618	NPT50	1
NPC45618	NPT51	1
NPC45618	NPT94	1
NPC457	NPT862	1
NPC45849	NPT31	1
NPC45849	NPT570	1
NPC460	NPT869	1
NPC46080	NPT178	1
NPC461214	NPT166	2
NPC461214	NPT203	1
NPC461214	NPT439	1
NPC461214	NPT57	1
NPC46190	NPT72	1
NPC462686	NPT1265	3
NPC462686	NPT1444	21
NPC462686	NPT1445	17
NPC462686	NPT1446	13
NPC462686	NPT1575	1
NPC462686	NPT1701	1
NPC462686	NPT2556	12
NPC462686	NPT2816	1
NPC462686	NPT3358	1
NPC462686	NPT3376	16
NPC462686	NPT3392	4
NPC462686	NPT3898	1
NPC462686	NPT3899	1
NPC462686	NPT5100	1
NPC462686	NPT591	1
NPC462686	NPT831	2
NPC462686	NPT940	9
NPC46274	NPT1721	1
NPC46274	NPT1746	1
NPC46274	NPT1794	1
NPC46274	NPT30	2
NPC46274	NPT31	2
NPC46274	NPT670	1
NPC46274	NPT870	1
NPC46335	NPT280	1
NPC46335	NPT568	1
NPC46358	NPT94	1
NPC46451	NPT109	2
NPC46451	NPT110	2
NPC46451	NPT1119	2
NPC46451	NPT1197	1
NPC46451	NPT149	2
NPC46451	NPT151	2
NPC46451	NPT1620	1
NPC46451	NPT163	1
NPC46451	NPT204	1
NPC46451	NPT208	2
NPC46451	NPT210	2
NPC46451	NPT211	2
NPC46451	NPT212	1
NPC46451	NPT213	2
NPC46451	NPT282	3
NPC46451	NPT2968	1
NPC46451	NPT2969	1
NPC46451	NPT2970	1
NPC46451	NPT439	1
NPC46451	NPT45	1
NPC46451	NPT48	2
NPC46451	NPT483	1
NPC46451	NPT51	1
NPC46451	NPT52	1
NPC46451	NPT537	1
NPC46451	NPT538	1
NPC46451	NPT539	2
NPC46451	NPT792	2
NPC46451	NPT93	2
NPC46451	NPT94	1
NPC46451	NPT940	1
NPC46451	NPT96	1
NPC46565	NPT109	1
NPC46565	NPT1119	1
NPC46565	NPT1197	1
NPC46565	NPT151	1
NPC46565	NPT48	2
NPC46565	NPT50	1
NPC46565	NPT51	3
NPC46565	NPT539	1
NPC46565	NPT685	1
NPC46565	NPT687	1
NPC46565	NPT741	2
NPC46565	NPT792	1
NPC46565	NPT93	1
NPC46565	NPT94	1
NPC4665	NPT149	1
NPC4665	NPT151	1
NPC4665	NPT163	1
NPC4665	NPT210	1
NPC4665	NPT211	1
NPC4665	NPT48	2
NPC4665	NPT483	1
NPC4665	NPT49	1
NPC4665	NPT50	1
NPC4665	NPT51	3
NPC4665	NPT58	1
NPC4665	NPT59	2
NPC4665	NPT60	1
NPC4665	NPT796	1
NPC4665	NPT96	1
NPC4668	NPT210	1
NPC4668	NPT808	2
NPC4668	NPT810	2
NPC4668	NPT811	1
NPC4668	NPT817	1
NPC468984	NPT1037	1
NPC468984	NPT1237	3
NPC468984	NPT151	1
NPC468984	NPT47	1
NPC468984	NPT48	1
NPC468984	NPT59	1
NPC468994	NPT1044	1
NPC468994	NPT668	1
NPC469330	NPT109	1
NPC469330	NPT163	1
NPC469330	NPT3517	2
NPC469330	NPT3569	2
NPC469330	NPT3974	2
NPC46940	NPT669	1
NPC469520	NPT144	1
NPC469557	NPT178	1
NPC46958	NPT862	1
NPC469772	NPT30	1
NPC469772	NPT31	1
NPC469773	NPT30	1
NPC469773	NPT31	1
NPC469774	NPT30	1
NPC469774	NPT31	1
NPC469775	NPT30	1
NPC469775	NPT31	1
NPC469776	NPT30	1
NPC469776	NPT31	1
NPC469777	NPT30	1
NPC469777	NPT31	1
NPC469778	NPT30	1
NPC469778	NPT31	1
NPC469808	NPT151	1
NPC469808	NPT48	1
NPC469808	NPT582	1
NPC469808	NPT94	1
NPC469895	NPT668	1
NPC469958	NPT204	1
NPC469968	NPT204	1
NPC469970	NPT204	1
NPC469972	NPT483	1
NPC469972	NPT51	1
NPC469977	NPT582	1
NPC469978	NPT151	1
NPC469978	NPT582	1
NPC469978	NPT94	1
NPC470003	NPT109	1
NPC470003	NPT143	1
NPC470003	NPT149	1
NPC470003	NPT151	1
NPC470003	NPT208	1
NPC470003	NPT211	1
NPC470003	NPT94	1
NPC470019	NPT261	1
NPC470020	NPT261	1
NPC470088	NPT582	1
NPC470090	NPT1038	1
NPC470090	NPT109	1
NPC470090	NPT110	1
NPC470090	NPT1226	1
NPC470090	NPT1265	1
NPC470090	NPT13	1
NPC470090	NPT1337	1
NPC470090	NPT1371	1
NPC470090	NPT1423	1
NPC470090	NPT1426	6
NPC470090	NPT1427	4
NPC470090	NPT1433	1
NPC470090	NPT1435	1
NPC470090	NPT1437	1
NPC470090	NPT1440	1
NPC470090	NPT1449	1
NPC470090	NPT1478	1
NPC470090	NPT1479	1
NPC470090	NPT1480	1
NPC470090	NPT149	1
NPC470090	NPT1598	1
NPC470090	NPT1608	1
NPC470090	NPT1611	1
NPC470090	NPT1630	1
NPC470090	NPT1650	1
NPC470090	NPT1658	1
NPC470090	NPT1675	1
NPC470090	NPT1676	1
NPC470090	NPT1680	1
NPC470090	NPT1682	1
NPC470090	NPT1685	1
NPC470090	NPT1686	1
NPC470090	NPT1687	1
NPC470090	NPT1699	1
NPC470090	NPT1700	1
NPC470090	NPT1701	1
NPC470090	NPT1702	1
NPC470090	NPT1705	1
NPC470090	NPT1706	1
NPC470090	NPT1709	1
NPC470090	NPT1713	1
NPC470090	NPT208	1
NPC470090	NPT210	1
NPC470090	NPT211	1
NPC470090	NPT212	2
NPC470090	NPT2573	1
NPC470090	NPT2574	1
NPC470090	NPT277	1
NPC470090	NPT282	2
NPC470090	NPT301	1
NPC470090	NPT3107	1
NPC470090	NPT3111	1
NPC470090	NPT3114	1
NPC470090	NPT3168	1
NPC470090	NPT3204	1
NPC470090	NPT3207	5
NPC470090	NPT3213	1
NPC470090	NPT3223	1
NPC470090	NPT3227	1
NPC470090	NPT3231	1
NPC470090	NPT3238	2
NPC470090	NPT3239	1
NPC470090	NPT3240	1
NPC470090	NPT3244	1
NPC470090	NPT3258	1
NPC470090	NPT3266	1
NPC470090	NPT3267	1
NPC470090	NPT3270	1
NPC470090	NPT3271	1
NPC470090	NPT3276	1
NPC470090	NPT3277	1
NPC470090	NPT3280	1
NPC470090	NPT3282	1
NPC470090	NPT3312	1
NPC470090	NPT3315	1
NPC470090	NPT3316	1
NPC470090	NPT3331	1
NPC470090	NPT3365	1
NPC470090	NPT3366	1
NPC470090	NPT3369	1
NPC470090	NPT3370	1
NPC470090	NPT3381	1
NPC470090	NPT3388	1
NPC470090	NPT3396	1
NPC470090	NPT3406	1
NPC470090	NPT3425	1
NPC470090	NPT3431	1
NPC470090	NPT3432	1
NPC470090	NPT3439	1
NPC470090	NPT3456	1
NPC470090	NPT3458	1
NPC470090	NPT3460	1
NPC470090	NPT4355	1
NPC470090	NPT48	1
NPC470090	NPT483	1
NPC470090	NPT49	1
NPC470090	NPT51	3
NPC470090	NPT538	1
NPC470090	NPT59	1
NPC470090	NPT591	1
NPC470090	NPT592	1
NPC470090	NPT676	1
NPC470090	NPT796	1
NPC470090	NPT880	1
NPC470090	NPT94	4
NPC470090	NPT940	1
NPC470090	NPT96	1
NPC470326	NPT204	1
NPC470327	NPT204	1
NPC470328	NPT204	1
NPC470588	NPT178	1
NPC470589	NPT178	1
NPC47059	NPT109	1
NPC47059	NPT149	1
NPC47059	NPT151	1
NPC47059	NPT48	1
NPC47059	NPT94	1
NPC470590	NPT178	1
NPC470629	NPT178	1
NPC470694	NPT1214	1
NPC470694	NPT2584	1
NPC470706	NPT582	1
NPC470707	NPT582	1
NPC470831	NPT3732	1
NPC470887	NPT249	1
NPC470890	NPT178	1
NPC470945	NPT1210	1
NPC470945	NPT178	1
NPC470947	NPT1210	1
NPC470947	NPT178	1
NPC471083	NPT204	1
NPC471108	NPT537	1
NPC471108	NPT538	1
NPC471108	NPT940	1
NPC47113	NPT670	1
NPC471209	NPT279	1
NPC471213	NPT279	1
NPC47135	NPT232	2
NPC47135	NPT2797	2
NPC47135	NPT28	1
NPC47135	NPT2982	4
NPC47135	NPT2983	2
NPC47135	NPT2993	2
NPC47135	NPT2994	3
NPC47135	NPT3004	2
NPC47135	NPT3066	1
NPC47135	NPT3067	1
NPC47135	NPT51	1
NPC47135	NPT543	1
NPC47135	NPT865	3
NPC471473	NPT670	1
NPC471518	NPT670	1
NPC471522	NPT670	1
NPC471523	NPT670	1
NPC471593	NPT109	1
NPC471593	NPT1416	1
NPC471593	NPT208	1
NPC471593	NPT210	1
NPC471593	NPT211	1
NPC471593	NPT212	1
NPC471593	NPT213	1
NPC471593	NPT30	7
NPC471593	NPT31	4
NPC471593	NPT58	1
NPC471593	NPT796	1
NPC471593	NPT96	1
NPC471602	NPT1214	1
NPC471602	NPT143	1
NPC471602	NPT2584	1
NPC471603	NPT10	1
NPC471603	NPT109	1
NPC471603	NPT110	2
NPC471603	NPT1426	1
NPC471603	NPT1427	1
NPC471603	NPT1438	1
NPC471603	NPT149	1
NPC471603	NPT151	2
NPC471603	NPT1616	4
NPC471603	NPT163	1
NPC471603	NPT1703	1
NPC471603	NPT1814	1
NPC471603	NPT208	1
NPC471603	NPT210	2
NPC471603	NPT212	2
NPC471603	NPT213	2
NPC471603	NPT2816	3
NPC471603	NPT282	2
NPC471603	NPT283	13
NPC471603	NPT3168	1
NPC471603	NPT3207	1
NPC471603	NPT3231	1
NPC471603	NPT3266	1
NPC471603	NPT3270	1
NPC471603	NPT3271	1
NPC471603	NPT3316	1
NPC471603	NPT3366	1
NPC471603	NPT3373	1
NPC471603	NPT4447	1
NPC471603	NPT48	2
NPC471603	NPT483	1
NPC471603	NPT50	1
NPC471603	NPT51	4
NPC471603	NPT570	1
NPC471603	NPT58	1
NPC471603	NPT792	1
NPC471603	NPT796	1
NPC471603	NPT94	4
NPC471603	NPT96	1
NPC471615	NPT109	1
NPC471615	NPT110	1
NPC471615	NPT543	1
NPC471617	NPT4054	1
NPC471617	NPT668	1
NPC471628	NPT2818	1
NPC471749	NPT74	1
NPC471750	NPT74	1
NPC471762	NPT1603	1
NPC471762	NPT1604	2
NPC471762	NPT208	1
NPC471762	NPT273	1
NPC471780	NPT6631	1
NPC471892	NPT503	1
NPC471896	NPT956	1
NPC471898	NPT956	1
NPC471900	NPT956	1
NPC471901	NPT956	1
NPC471902	NPT956	1
NPC472264	NPT1210	1
NPC472264	NPT178	1
NPC472264	NPT911	1
NPC472265	NPT178	1
NPC472271	NPT78	1
NPC472359	NPT204	1
NPC472369	NPT178	1
NPC472370	NPT178	1
NPC472398	NPT31	1
NPC472458	NPT204	1
NPC472570	NPT668	1
NPC472571	NPT668	1
NPC472573	NPT668	2
NPC472574	NPT668	1
NPC472626	NPT31	1
NPC472633	NPT570	1
NPC472675	NPT204	1
NPC472676	NPT204	1
NPC472679	NPT204	1
NPC472683	NPT204	1
NPC472718	NPT38	1
NPC472719	NPT38	1
NPC472795	NPT1287	1
NPC472795	NPT232	1
NPC472796	NPT1287	1
NPC472796	NPT232	1
NPC472797	NPT1287	1
NPC472797	NPT232	1
NPC472798	NPT1287	1
NPC472798	NPT232	1
NPC472799	NPT1287	1
NPC472799	NPT232	1
NPC472800	NPT1287	1
NPC472800	NPT232	1
NPC47298	NPT204	4
NPC473206	NPT109	2
NPC473206	NPT110	2
NPC473206	NPT1620	1
NPC473206	NPT208	2
NPC473206	NPT210	2
NPC473206	NPT212	2
NPC473206	NPT213	2
NPC473206	NPT282	1
NPC473206	NPT537	1
NPC473206	NPT538	1
NPC473206	NPT539	2
NPC473206	NPT93	1
NPC473206	NPT94	2
NPC473206	NPT940	1
NPC473206	NPT96	1
NPC473210	NPT865	1
NPC473211	NPT865	1
NPC473212	NPT865	1
NPC473213	NPT865	1
NPC473240	NPT178	1
NPC473242	NPT178	1
NPC473249	NPT1429	3
NPC473249	NPT211	2
NPC473249	NPT918	2
NPC473264	NPT249	1
NPC473272	NPT178	1
NPC473309	NPT670	1
NPC473391	NPT1422	1
NPC473411	NPT366	1
NPC473411	NPT570	1
NPC473411	NPT935	1
NPC473413	NPT178	1
NPC473417	NPT109	2
NPC473417	NPT110	3
NPC473417	NPT1274	1
NPC473417	NPT149	1
NPC473417	NPT163	1
NPC473417	NPT208	2
NPC473417	NPT210	1
NPC473417	NPT213	3
NPC473417	NPT2556	1
NPC473417	NPT282	1
NPC473417	NPT296	1
NPC473417	NPT4110	1
NPC473417	NPT483	1
NPC473417	NPT51	2
NPC473417	NPT537	1
NPC473417	NPT538	1
NPC473417	NPT539	1
NPC473417	NPT6513	1
NPC473417	NPT668	2
NPC473417	NPT713	2
NPC473417	NPT792	1
NPC473417	NPT93	1
NPC473417	NPT94	1
NPC473417	NPT940	1
NPC473417	NPT96	1
NPC473417	NPT98	1
NPC473429	NPT1569	1
NPC473429	NPT4219	1
NPC473429	NPT4418	1
NPC473429	NPT502	1
NPC473429	NPT6245	1
NPC473429	NPT78	2
NPC473442	NPT204	1
NPC473451	NPT31	1
NPC473451	NPT570	1
NPC473466	NPT279	1
NPC473579	NPT4581	1
NPC47363	NPT483	1
NPC473680	NPT4581	1
NPC473690	NPT1591	1
NPC473718	NPT30	2
NPC473718	NPT570	1
NPC47398	NPT283	1
NPC47398	NPT30	1
NPC473990	NPT178	1
NPC473996	NPT441	1
NPC474021	NPT178	1
NPC474023	NPT178	1
NPC474024	NPT178	1
NPC474148	NPT228	1
NPC474192	NPT346	1
NPC47422	NPT94	1
NPC474234	NPT967	1
NPC474276	NPT30	1
NPC474276	NPT31	1
NPC474324	NPT109	1
NPC474409	NPT1078	1
NPC474468	NPT61	1
NPC474565	NPT1603	1
NPC474565	NPT30	1
NPC474565	NPT31	1
NPC474926	NPT109	1
NPC474926	NPT300	1
NPC474926	NPT3159	1
NPC474926	NPT441	34
NPC474926	NPT6540	1
NPC474926	NPT796	1
NPC474989	NPT1044	1
NPC475042	NPT1255	1
NPC475042	NPT1256	1
NPC475042	NPT1257	1
NPC475042	NPT979	1
NPC475052	NPT3595	1
NPC475085	NPT1038	1
NPC475085	NPT1416	1
NPC475085	NPT2892	1
NPC475085	NPT4897	1
NPC475085	NPT51	1
NPC475085	NPT59	1
NPC475085	NPT60	1
NPC475112	NPT1416	1
NPC475112	NPT282	1
NPC475112	NPT51	1
NPC475112	NPT524	1
NPC475112	NPT60	1
NPC475224	NPT216	1
NPC475311	NPT4581	1
NPC475346	NPT4581	1
NPC475454	NPT4581	1
NPC475457	NPT4581	1
NPC475524	NPT1197	1
NPC475524	NPT211	1
NPC475524	NPT2536	1
NPC475524	NPT38	1
NPC475524	NPT483	1
NPC475524	NPT51	1
NPC475524	NPT524	1
NPC475524	NPT537	1
NPC475524	NPT538	1
NPC475524	NPT93	1
NPC475553	NPT570	1
NPC475553	NPT956	1
NPC475627	NPT4581	1
NPC475784	NPT178	1
NPC475824	NPT967	1
NPC475875	NPT967	1
NPC476347	NPT1592	1
NPC476440	NPT10	1
NPC476440	NPT109	1
NPC476440	NPT1197	1
NPC476440	NPT1416	2
NPC476440	NPT151	2
NPC476440	NPT163	1
NPC476440	NPT208	1
NPC476440	NPT210	1
NPC476440	NPT211	1
NPC476440	NPT212	1
NPC476440	NPT213	1
NPC476440	NPT2755	1
NPC476440	NPT278	1
NPC476440	NPT282	1
NPC476440	NPT483	2
NPC476440	NPT5013	1
NPC476440	NPT51	3
NPC476440	NPT537	1
NPC476440	NPT539	1
NPC476440	NPT58	1
NPC476440	NPT796	1
NPC476440	NPT93	3
NPC476440	NPT94	3
NPC476440	NPT940	1
NPC476440	NPT96	1
NPC476443	NPT271	1
NPC476464	NPT1028	1
NPC476464	NPT109	1
NPC476464	NPT222	1
NPC476464	NPT223	1
NPC476464	NPT224	1
NPC476464	NPT262	1
NPC476464	NPT263	1
NPC476464	NPT264	1
NPC476464	NPT265	1
NPC476464	NPT266	1
NPC476464	NPT2852	1
NPC476464	NPT296	1
NPC476464	NPT366	1
NPC476464	NPT740	1
NPC476464	NPT78	1
NPC476464	NPT98	6
NPC476473	NPT1214	1
NPC476473	NPT143	1
NPC476473	NPT2584	1
NPC476477	NPT1214	1
NPC476477	NPT143	1
NPC476477	NPT2584	1
NPC47653	NPT1210	1
NPC47653	NPT1211	3
NPC47653	NPT178	21
NPC47653	NPT3012	1
NPC476737	NPT1137	1
NPC476737	NPT1138	1
NPC476757	NPT204	1
NPC477185	NPT3207	1
NPC477186	NPT3207	1
NPC477267	NPT967	1
NPC477281	NPT163	1
NPC477281	NPT236	1
NPC477581	NPT178	1
NPC477582	NPT178	1
NPC477583	NPT178	1
NPC477584	NPT178	1
NPC477628	NPT967	1
NPC477878	NPT546	1
NPC477919	NPT1137	1
NPC477957	NPT546	1
NPC477958	NPT546	1
NPC478136	NPT178	1
NPC478140	NPT178	1
NPC478418	NPT1444	14
NPC478418	NPT1445	24
NPC478418	NPT1446	25
NPC478418	NPT2556	2
NPC478418	NPT3376	17
NPC478504	NPT101	3
NPC478514	NPT204	1
NPC478514	NPT439	1
NPC478514	NPT740	1
NPC478516	NPT274	1
NPC47857	NPT109	1
NPC47857	NPT47	1
NPC478578	NPT1037	1
NPC478578	NPT1237	2
NPC478609	NPT862	1
NPC478610	NPT862	1
NPC478611	NPT862	1
NPC478612	NPT862	1
NPC478613	NPT862	1
NPC478614	NPT862	1
NPC478615	NPT570	1
NPC478615	NPT862	26
NPC478658	NPT212	1
NPC478658	NPT30	1
NPC478658	NPT31	1
NPC478658	NPT669	1
NPC478668	NPT204	1
NPC478668	NPT30	1
NPC478668	NPT31	2
NPC478715	NPT1547	12
NPC478715	NPT214	1
NPC478715	NPT469	1
NPC478715	NPT6510	5
NPC478715	NPT6515	1
NPC478715	NPT6544	12
NPC478721	NPT1384	14
NPC478721	NPT1495	3
NPC478721	NPT233	2
NPC478721	NPT280	1
NPC478721	NPT4015	1
NPC478721	NPT568	2
NPC478721	NPT569	1
NPC478721	NPT948	2
NPC478721	NPT949	2
NPC478721	NPT954	2
NPC478793	NPT1755	2
NPC478793	NPT697	1
NPC478794	NPT2856	1
NPC478794	NPT5891	1
NPC478794	NPT901	1
NPC478794	NPT98	1
NPC478816	NPT1044	1
NPC478816	NPT110	1
NPC478816	NPT1422	1
NPC478816	NPT1540	1
NPC478816	NPT1546	1
NPC478816	NPT1594	2
NPC478816	NPT160	1
NPC478816	NPT3373	1
NPC478816	NPT4036	1
NPC478816	NPT4037	1
NPC478816	NPT613	1
NPC478816	NPT668	1
NPC478816	NPT72	1
NPC478816	NPT833	1
NPC478850	NPT3517	11
NPC478850	NPT3569	10
NPC478850	NPT3974	10
NPC478878	NPT178	1
NPC478879	NPT178	1
NPC478880	NPT178	1
NPC478881	NPT178	1
NPC478882	NPT178	1
NPC478883	NPT178	1
NPC478886	NPT178	1
NPC478921	NPT1166	9
NPC478921	NPT1237	2
NPC478922	NPT1028	1
NPC478922	NPT1249	1
NPC478922	NPT247	1
NPC478922	NPT4358	7
NPC478922	NPT713	3
NPC478922	NPT748	1
NPC478922	NPT98	1
NPC478930	NPT109	1
NPC478930	NPT110	1
NPC478931	NPT3060	1
NPC478931	NPT728	1
NPC479033	NPT178	1
NPC479034	NPT178	1
NPC479035	NPT178	1
NPC479036	NPT178	1
NPC479037	NPT178	1
NPC479038	NPT178	1
NPC479039	NPT178	5
NPC479039	NPT206	1
NPC479062	NPT178	1
NPC479063	NPT178	1
NPC479064	NPT178	1
NPC479095	NPT3114	1
NPC479118	NPT1028	1
NPC479118	NPT178	1
NPC479118	NPT582	3
NPC479118	NPT713	6
NPC479118	NPT866	3
NPC479118	NPT869	1
NPC479118	NPT99	41
NPC479190	NPT1028	1
NPC479190	NPT109	19
NPC479190	NPT110	1
NPC479190	NPT208	1
NPC479190	NPT212	1
NPC479190	NPT213	1
NPC479190	NPT3159	1
NPC479190	NPT3161	1
NPC479190	NPT441	1
NPC479190	NPT6124	2
NPC479190	NPT613	1
NPC479190	NPT628	1
NPC479190	NPT6441	1
NPC479190	NPT713	5
NPC479190	NPT901	1
NPC47936	NPT109	1
NPC47936	NPT210	1
NPC47936	NPT483	1
NPC47936	NPT51	1
NPC47936	NPT58	1
NPC47936	NPT796	1
NPC47936	NPT94	1
NPC479379	NPT1028	1
NPC479379	NPT109	1
NPC479379	NPT1540	1
NPC479379	NPT204	151
NPC479379	NPT208	2
NPC479379	NPT228	1
NPC479379	NPT262	1
NPC479379	NPT263	1
NPC479379	NPT4037	1
NPC479379	NPT439	108
NPC479379	NPT613	2
NPC479379	NPT6226	2
NPC479379	NPT78	1
NPC479399	NPT1028	1
NPC479399	NPT106	1
NPC479399	NPT178	1
NPC479399	NPT261	1
NPC479399	NPT582	2
NPC479399	NPT713	6
NPC479399	NPT748	1
NPC479399	NPT866	15
NPC479399	NPT869	1
NPC479399	NPT98	1
NPC479399	NPT99	137
NPC479427	NPT109	1
NPC47946	NPT792	1
NPC47946	NPT94	1
NPC479624	NPT204	1
NPC479629	NPT204	1
NPC479770	NPT30	5
NPC479770	NPT31	22
NPC479770	NPT441	2
NPC479770	NPT956	3
NPC479956	NPT4999	2
NPC480192	NPT426	1
NPC480192	NPT98	4
NPC480220	NPT13	1
NPC480220	NPT1337	1
NPC480220	NPT1424	25
NPC480220	NPT1432	4
NPC480220	NPT1434	42
NPC480220	NPT1447	1
NPC480220	NPT1478	62
NPC480220	NPT1479	6
NPC480220	NPT1480	4
NPC480220	NPT1571	1
NPC480220	NPT1650	12
NPC480220	NPT1784	1
NPC480220	NPT1785	1
NPC480220	NPT2572	6
NPC480220	NPT2573	3
NPC480220	NPT2574	1
NPC480220	NPT2575	7
NPC480220	NPT2576	5
NPC480220	NPT2729	2
NPC480220	NPT281	1
NPC480220	NPT282	1
NPC480220	NPT283	5
NPC480220	NPT285	5
NPC480220	NPT290	1
NPC480220	NPT291	1
NPC480220	NPT292	1
NPC480220	NPT294	1
NPC480220	NPT301	3
NPC480220	NPT3020	1
NPC480220	NPT3168	1
NPC480220	NPT3205	1
NPC480220	NPT3213	1
NPC480220	NPT3267	2
NPC480220	NPT3303	1
NPC480220	NPT3320	1
NPC480220	NPT3323	1
NPC480220	NPT3324	2
NPC480220	NPT3370	3
NPC480220	NPT3371	1
NPC480220	NPT3409	1
NPC480220	NPT3432	1
NPC480220	NPT3439	1
NPC480220	NPT3444	1
NPC480220	NPT36	1
NPC480220	NPT3960	1
NPC480220	NPT591	1
NPC480220	NPT713	3
NPC480220	NPT862	1
NPC480220	NPT92	1
NPC480220	NPT955	1
NPC480239	NPT109	1
NPC480239	NPT668	1
NPC480239	NPT72	1
NPC480239	NPT73	1
NPC480239	NPT98	4
NPC480243	NPT1119	1
NPC480243	NPT208	1
NPC480243	NPT2520	1
NPC480243	NPT3068	1
NPC480243	NPT3896	2
NPC480243	NPT570	62
NPC480243	NPT792	1
NPC480243	NPT862	1
NPC480243	NPT956	1
NPC480254	NPT5373	5
NPC480265	NPT2691	2
NPC480265	NPT2856	1
NPC480265	NPT98	9
NPC480387	NPT721	1
NPC480590	NPT1591	1
NPC480590	NPT204	1
NPC480591	NPT439	1
NPC480592	NPT204	1
NPC480592	NPT439	1
NPC480593	NPT1591	4
NPC480593	NPT6363	1
NPC480594	NPT1591	1
NPC480848	NPT2879	1
NPC48093	NPT109	1
NPC481151	NPT102	1
NPC481151	NPT109	1
NPC481151	NPT1270	1
NPC481151	NPT237	1
NPC481151	NPT2818	1
NPC481151	NPT30	9
NPC481151	NPT31	18
NPC481151	NPT346	1
NPC481151	NPT5976	1
NPC481151	NPT604	1
NPC481151	NPT665	1
NPC481151	NPT699	1
NPC481151	NPT702	1
NPC481151	NPT703	1
NPC481151	NPT713	2
NPC481151	NPT77	1
NPC481151	NPT901	1
NPC481151	NPT903	1
NPC481152	NPT713	1
NPC481152	NPT866	2
NPC481153	NPT151	1
NPC481153	NPT543	1
NPC481153	NPT582	1
NPC481153	NPT713	2
NPC481153	NPT99	3
NPC481178	NPT109	1
NPC481178	NPT110	1
NPC481178	NPT1463	1
NPC481178	NPT208	1
NPC481178	NPT212	1
NPC481178	NPT213	1
NPC481178	NPT218	1
NPC481178	NPT2691	1
NPC481178	NPT540	1
NPC481178	NPT543	1
NPC481178	NPT713	1
NPC481212	NPT78	1
NPC481215	NPT78	1
NPC481271	NPT582	1
NPC48130	NPT862	1
NPC481442	NPT204	1
NPC481444	NPT204	1
NPC481447	NPT204	1
NPC481448	NPT204	1
NPC481457	NPT203	1
NPC481458	NPT203	1
NPC481461	NPT203	1
NPC481462	NPT203	1
NPC481463	NPT203	1
NPC481464	NPT203	1
NPC481465	NPT203	1
NPC481466	NPT203	1
NPC481840	NPT1185	8
NPC481840	NPT1186	7
NPC481840	NPT1187	10
NPC481840	NPT214	2
NPC481840	NPT2601	1
NPC481840	NPT3595	1
NPC481841	NPT2742	1
NPC481841	NPT2852	1
NPC481841	NPT3172	1
NPC481841	NPT668	1
NPC481841	NPT713	1
NPC481992	NPT261	12
NPC481992	NPT582	27
NPC482098	NPT178	1
NPC482099	NPT178	1
NPC482100	NPT178	1
NPC482101	NPT178	1
NPC482102	NPT178	1
NPC482103	NPT178	1
NPC482104	NPT178	1
NPC482105	NPT178	1
NPC482106	NPT178	1
NPC482107	NPT178	1
NPC482174	NPT178	1
NPC482175	NPT178	1
NPC482176	NPT178	1
NPC482177	NPT178	1
NPC482178	NPT178	1
NPC482179	NPT178	1
NPC482180	NPT178	1
NPC482181	NPT178	1
NPC482182	NPT178	1
NPC482183	NPT178	1
NPC482184	NPT178	1
NPC482185	NPT178	1
NPC482186	NPT178	1
NPC482187	NPT178	1
NPC482188	NPT178	1
NPC482189	NPT178	1
NPC482190	NPT178	1
NPC482191	NPT178	1
NPC482192	NPT178	1
NPC482193	NPT178	1
NPC482194	NPT178	1
NPC482195	NPT178	1
NPC482298	NPT3517	4
NPC482298	NPT3569	3
NPC482298	NPT3974	3
NPC482602	NPT865	1
NPC482626	NPT967	1
NPC482686	NPT1681	1
NPC482686	NPT3114	1
NPC482687	NPT1423	1
NPC482687	NPT1681	1
NPC482687	NPT1682	1
NPC482687	NPT1683	1
NPC482687	NPT3114	1
NPC482687	NPT3231	1
NPC482687	NPT3240	1
NPC482687	NPT3274	1
NPC482687	NPT3399	1
NPC482687	NPT3460	1
NPC482688	NPT1423	2
NPC482688	NPT1432	1
NPC482688	NPT1433	1
NPC482688	NPT1681	2
NPC482688	NPT3114	1
NPC482688	NPT3206	1
NPC482688	NPT3240	3
NPC482688	NPT3369	1
NPC482688	NPT3399	1
NPC482688	NPT540	1
NPC482688	NPT570	1
NPC482688	NPT591	1
NPC482688	NPT676	1
NPC482701	NPT741	1
NPC482703	NPT741	1
NPC482707	NPT144	1
NPC482713	NPT108	2
NPC482714	NPT108	6
NPC482714	NPT248	7
NPC482753	NPT1237	1
NPC482757	NPT178	1
NPC482759	NPT178	1
NPC482761	NPT178	1
NPC482762	NPT178	1
NPC482833	NPT497	1
NPC482922	NPT31	2
NPC482940	NPT410	1
NPC482940	NPT424	1
NPC482954	NPT204	18
NPC482954	NPT439	1
NPC483027	NPT1028	1
NPC483051	NPT204	1
NPC483052	NPT204	1
NPC483053	NPT204	1
NPC483054	NPT204	1
NPC483055	NPT204	1
NPC483056	NPT204	1
NPC483057	NPT204	1
NPC483058	NPT204	1
NPC483059	NPT204	1
NPC483060	NPT204	1
NPC483061	NPT204	1
NPC483062	NPT204	1
NPC483063	NPT204	1
NPC483064	NPT204	1
NPC483081	NPT228	1
NPC483081	NPT246	1
NPC483081	NPT295	1
NPC483291	NPT225	19
NPC483291	NPT226	23
NPC483291	NPT227	23
NPC483291	NPT243	1
NPC483291	NPT244	1
NPC483291	NPT245	1
NPC483294	NPT6127	1
NPC483359	NPT665	1
NPC483359	NPT669	1
NPC483360	NPT665	1
NPC483360	NPT669	1
NPC483361	NPT669	1
NPC483362	NPT665	1
NPC483362	NPT669	1
NPC483363	NPT1472	4
NPC483363	NPT233	3
NPC483363	NPT2773	2
NPC483363	NPT346	1
NPC483363	NPT5234	3
NPC483363	NPT612	1
NPC483363	NPT665	7
NPC483363	NPT669	5
NPC483363	NPT699	1
NPC483363	NPT702	1
NPC483363	NPT703	1
NPC483363	NPT713	2
NPC483363	NPT901	1
NPC483363	NPT903	1
NPC483363	NPT948	3
NPC483363	NPT949	3
NPC48342	NPT108	106
NPC48342	NPT109	1
NPC48342	NPT149	1
NPC48342	NPT153	3
NPC48342	NPT1546	1
NPC48342	NPT1604	1
NPC48342	NPT1731	2
NPC48342	NPT210	1
NPC48342	NPT246	1
NPC48342	NPT248	86
NPC48342	NPT249	1
NPC48342	NPT2691	1
NPC48342	NPT2736	3
NPC48342	NPT2737	3
NPC48342	NPT2742	2
NPC48342	NPT295	1
NPC48342	NPT3037	3
NPC48342	NPT47	1
NPC48342	NPT483	3
NPC48342	NPT51	2
NPC48342	NPT58	1
NPC48342	NPT613	1
NPC48342	NPT627	1
NPC48342	NPT745	1
NPC48342	NPT796	1
NPC48342	NPT894	1
NPC48342	NPT895	1
NPC48342	NPT920	1
NPC48342	NPT93	2
NPC48342	NPT94	1
NPC483487	NPT1788	3
NPC483487	NPT1789	2
NPC483487	NPT1791	1
NPC483487	NPT221	2
NPC483487	NPT222	3
NPC483487	NPT223	2
NPC483487	NPT224	2
NPC483487	NPT251	1
NPC483487	NPT296	1
NPC48366	NPT967	1
NPC483990	NPT1166	30
NPC483990	NPT2520	4
NPC483990	NPT30	1
NPC483990	NPT31	1
NPC483990	NPT5879	1
NPC483990	NPT6544	1
NPC483990	NPT670	1
NPC484271	NPT99	1
NPC484272	NPT99	1
NPC484273	NPT99	1
NPC484274	NPT99	2
NPC484275	NPT99	1
NPC484296	NPT5836	1
NPC484817	NPT1464	1
NPC484818	NPT1464	5
NPC484818	NPT4735	4
NPC484989	NPT226	1
NPC484990	NPT226	1
NPC485093	NPT472	1
NPC485099	NPT178	1
NPC485100	NPT178	1
NPC485101	NPT178	1
NPC485102	NPT178	1
NPC485103	NPT178	1
NPC485104	NPT178	1
NPC485105	NPT178	1
NPC485106	NPT178	1
NPC485107	NPT178	1
NPC485108	NPT178	1
NPC485314	NPT145	6
NPC485314	NPT271	8
NPC485314	NPT272	35
NPC485341	NPT166	4
NPC485341	NPT203	3
NPC485342	NPT166	2
NPC485342	NPT203	1
NPC485342	NPT439	1
NPC485343	NPT166	2
NPC485343	NPT203	1
NPC485343	NPT439	1
NPC485344	NPT166	2
NPC485344	NPT203	2
NPC485345	NPT166	2
NPC485345	NPT203	2
NPC485346	NPT166	2
NPC485346	NPT203	2
NPC485347	NPT166	2
NPC485347	NPT203	2
NPC485458	NPT1464	41
NPC485458	NPT2608	1
NPC485458	NPT273	2
NPC485458	NPT2761	14
NPC485458	NPT4735	43
NPC485458	NPT516	2
NPC485527	NPT1464	1
NPC485528	NPT1464	1
NPC485529	NPT1464	1
NPC485530	NPT1464	1
NPC485532	NPT1464	1
NPC485533	NPT1464	1
NPC485534	NPT1464	1
NPC485535	NPT1464	1
NPC485536	NPT1464	1
NPC485537	NPT1464	1
NPC485538	NPT1464	1
NPC485539	NPT1464	1
NPC485620	NPT261	1
NPC485620	NPT582	1
NPC48564	NPT109	2
NPC48564	NPT240	2
NPC48564	NPT410	1
NPC48564	NPT98	1
NPC485642	NPT441	3
NPC485642	NPT582	1
NPC485883	NPT1440	4
NPC485883	NPT1689	6
NPC485883	NPT3246	7
NPC485883	NPT3276	4
NPC486218	NPT4736	1
NPC486219	NPT4736	1
NPC486220	NPT4736	1
NPC486221	NPT4736	1
NPC486222	NPT4736	2
NPC486223	NPT4736	1
NPC486224	NPT4736	1
NPC486225	NPT4736	1
NPC486226	NPT4736	1
NPC48641	NPT443	2
NPC486443	NPT92	1
NPC486444	NPT92	1
NPC486445	NPT92	1
NPC486446	NPT92	1
NPC486447	NPT92	1
NPC486448	NPT92	1
NPC486455	NPT92	1
NPC486662	NPT1287	1
NPC486662	NPT232	1
NPC486821	NPT166	1
NPC486822	NPT166	1
NPC486822	NPT204	1
NPC486822	NPT439	1
NPC486823	NPT166	1
NPC486823	NPT204	1
NPC486823	NPT439	1
NPC488012	NPT109	2
NPC488012	NPT110	2
NPC488012	NPT208	2
NPC488012	NPT212	2
NPC488012	NPT213	1
NPC488012	NPT5968	1
NPC488012	NPT628	2
NPC488012	NPT98	1
NPC488034	NPT271	1
NPC488035	NPT271	1
NPC488036	NPT271	1
NPC488037	NPT271	1
NPC488038	NPT271	1
NPC488039	NPT271	1
NPC488040	NPT145	3
NPC488040	NPT271	43
NPC488041	NPT145	80
NPC488041	NPT271	13
NPC488041	NPT272	5
NPC488041	NPT4729	1
NPC488169	NPT30	1
NPC488169	NPT31	5
NPC488169	NPT3504	1
NPC488278	NPT1137	1
NPC488280	NPT1137	1
NPC488284	NPT1137	1
NPC488286	NPT1137	1
NPC488442	NPT99	1
NPC488449	NPT204	1
NPC488451	NPT204	1
NPC488458	NPT38	1
NPC488459	NPT38	1
NPC488460	NPT38	1
NPC488461	NPT38	1
NPC488462	NPT38	1
NPC488463	NPT38	1
NPC488464	NPT38	1
NPC488465	NPT38	1
NPC488467	NPT38	1
NPC488468	NPT38	1
NPC488469	NPT38	1
NPC488470	NPT38	1
NPC488479	NPT144	11
NPC488548	NPT570	1
NPC488549	NPT570	1
NPC488550	NPT31	1
NPC488551	NPT279	1
NPC488552	NPT279	1
NPC488554	NPT279	1
NPC488555	NPT279	1
NPC488556	NPT279	1
NPC488557	NPT279	1
NPC488558	NPT279	1
NPC488871	NPT1046	7
NPC488871	NPT1158	2
NPC488871	NPT1391	1
NPC488871	NPT2556	1
NPC488871	NPT2654	1
NPC488871	NPT2675	1
NPC488871	NPT3826	2
NPC488871	NPT3829	2
NPC488871	NPT4245	2
NPC488871	NPT543	1
NPC488871	NPT707	4
NPC49009	NPT109	2
NPC49074	NPT30	1
NPC49075	NPT109	1
NPC49075	NPT149	1
NPC49075	NPT3047	1
NPC49130	NPT30	1
NPC49196	NPT110	3
NPC49196	NPT143	1
NPC49196	NPT1788	1
NPC49196	NPT1789	2
NPC49196	NPT221	3
NPC49196	NPT222	8
NPC49196	NPT223	6
NPC49196	NPT224	6
NPC49196	NPT243	1
NPC49196	NPT291	1
NPC49196	NPT294	1
NPC49196	NPT3060	1
NPC49196	NPT713	1
NPC49196	NPT940	1
NPC49422	NPT109	1
NPC4962	NPT203	1
NPC50063	NPT14	1
NPC50063	NPT155	2
NPC50063	NPT204	1
NPC50063	NPT208	1
NPC50063	NPT261	1
NPC50063	NPT286	1
NPC50362	NPT277	1
NPC50362	NPT31	1
NPC50511	NPT208	1
NPC50511	NPT210	1
NPC50511	NPT211	1
NPC50511	NPT539	1
NPC50511	NPT792	1
NPC50511	NPT93	1
NPC50583	NPT240	1
NPC50720	NPT3101	1
NPC50720	NPT947	1
NPC50720	NPT948	1
NPC50720	NPT949	1
NPC50720	NPT955	1
NPC5079	NPT483	1
NPC5079	NPT51	1
NPC5079	NPT93	1
NPC50815	NPT204	1
NPC50898	NPT10	1
NPC50898	NPT108	1
NPC50898	NPT109	3
NPC50898	NPT110	2
NPC50898	NPT1187	1
NPC50898	NPT1270	1
NPC50898	NPT1338	1
NPC50898	NPT1416	1
NPC50898	NPT1422	1
NPC50898	NPT1449	1
NPC50898	NPT149	2
NPC50898	NPT151	4
NPC50898	NPT153	1
NPC50898	NPT1571	2
NPC50898	NPT1587	1
NPC50898	NPT1592	1
NPC50898	NPT1594	2
NPC50898	NPT1598	3
NPC50898	NPT1603	2
NPC50898	NPT1604	3
NPC50898	NPT1606	1
NPC50898	NPT163	1
NPC50898	NPT1634	1
NPC50898	NPT1650	1
NPC50898	NPT1721	1
NPC50898	NPT204	2
NPC50898	NPT208	3
NPC50898	NPT210	1
NPC50898	NPT211	2
NPC50898	NPT212	2
NPC50898	NPT213	2
NPC50898	NPT248	1
NPC50898	NPT2562	1
NPC50898	NPT2563	1
NPC50898	NPT261	5
NPC50898	NPT279	1
NPC50898	NPT282	1
NPC50898	NPT2930	1
NPC50898	NPT31	1
NPC50898	NPT3116	1
NPC50898	NPT3213	1
NPC50898	NPT41	1
NPC50898	NPT439	1
NPC50898	NPT441	4
NPC50898	NPT45	1
NPC50898	NPT46	1
NPC50898	NPT48	1
NPC50898	NPT483	2
NPC50898	NPT49	1
NPC50898	NPT50	4
NPC50898	NPT51	5
NPC50898	NPT52	1
NPC50898	NPT538	1
NPC50898	NPT539	2
NPC50898	NPT582	2
NPC50898	NPT584	1
NPC50898	NPT588	1
NPC50898	NPT591	1
NPC50898	NPT740	2
NPC50898	NPT77	3
NPC50898	NPT78	1
NPC50898	NPT792	1
NPC50898	NPT796	1
NPC50898	NPT93	5
NPC50898	NPT94	6
NPC50898	NPT96	1
NPC50898	NPT967	3
NPC51146	NPT109	1
NPC51146	NPT110	1
NPC51146	NPT149	2
NPC51146	NPT163	1
NPC51146	NPT204	1
NPC51146	NPT212	1
NPC51146	NPT213	1
NPC51146	NPT240	1
NPC51146	NPT261	1
NPC51146	NPT48	1
NPC51198	NPT182	1
NPC51198	NPT3124	1
NPC51198	NPT760	1
NPC51198	NPT761	1
NPC51198	NPT880	1
NPC51198	NPT881	1
NPC51198	NPT887	1
NPC51314	NPT668	1
NPC51329	NPT94	1
NPC51443	NPT109	2
NPC51443	NPT1119	2
NPC51443	NPT1226	2
NPC51443	NPT1371	1
NPC51443	NPT1449	1
NPC51443	NPT149	4
NPC51443	NPT151	2
NPC51443	NPT1566	1
NPC51443	NPT1571	2
NPC51443	NPT1598	1
NPC51443	NPT1834	2
NPC51443	NPT204	2
NPC51443	NPT212	2
NPC51443	NPT277	2
NPC51443	NPT282	1
NPC51443	NPT2930	1
NPC51443	NPT439	1
NPC51443	NPT47	1
NPC51443	NPT48	1
NPC51443	NPT483	1
NPC51443	NPT49	1
NPC51443	NPT51	2
NPC51443	NPT539	2
NPC51443	NPT792	3
NPC51443	NPT94	1
NPC51443	NPT967	1
NPC51641	NPT956	1
NPC5167	NPT109	1
NPC5167	NPT110	1
NPC5167	NPT149	1
NPC5167	NPT151	1
NPC5167	NPT208	1
NPC5167	NPT211	1
NPC5167	NPT213	1
NPC5167	NPT48	2
NPC5167	NPT483	1
NPC5167	NPT94	2
NPC51695	NPT1197	1
NPC51695	NPT211	1
NPC51695	NPT2892	1
NPC51695	NPT3133	1
NPC51695	NPT483	1
NPC51695	NPT537	1
NPC51695	NPT538	1
NPC51695	NPT918	1
NPC51695	NPT93	1
NPC51695	NPT94	1
NPC51700	NPT103	2
NPC51700	NPT1137	1
NPC51700	NPT1196	1
NPC51700	NPT1210	3
NPC51700	NPT1270	1
NPC51700	NPT1547	1
NPC51700	NPT166	1
NPC51700	NPT178	39
NPC51700	NPT1870	1
NPC51700	NPT205	1
NPC51700	NPT30	1
NPC51700	NPT31	2
NPC51700	NPT41	1
NPC51700	NPT441	1
NPC51700	NPT47	1
NPC51700	NPT4886	1
NPC51700	NPT540	1
NPC51700	NPT59	1
NPC51700	NPT72	1
NPC51700	NPT721	1
NPC51700	NPT73	1
NPC51700	NPT745	1
NPC51700	NPT866	1
NPC51700	NPT910	1
NPC51758	NPT792	1
NPC51956	NPT483	1
NPC51957	NPT210	1
NPC51957	NPT483	1
NPC52005	NPT1594	1
NPC52005	NPT1603	2
NPC52005	NPT1604	3
NPC52005	NPT208	1
NPC52021	NPT178	1
NPC52247	NPT1226	1
NPC52247	NPT149	1
NPC52247	NPT151	1
NPC52247	NPT1551	1
NPC52247	NPT163	1
NPC52247	NPT208	1
NPC52247	NPT212	1
NPC52247	NPT277	1
NPC52247	NPT41	1
NPC52247	NPT48	1
NPC52247	NPT483	1
NPC52247	NPT501	1
NPC52247	NPT57	1
NPC52247	NPT582	1
NPC52247	NPT60	1
NPC52247	NPT901	1
NPC52247	NPT94	1
NPC52247	NPT948	1
NPC52247	NPT949	1
NPC52247	NPT958	1
NPC5238	NPT1811	1
NPC5238	NPT242	2
NPC5238	NPT243	1
NPC5238	NPT244	1
NPC52382	NPT1356	1
NPC52403	NPT93	1
NPC52464	NPT109	1
NPC52464	NPT253	1
NPC52472	NPT233	1
NPC52472	NPT947	1
NPC52634	NPT670	1
NPC52700	NPT208	1
NPC52764	NPT109	1
NPC52764	NPT210	1
NPC52764	NPT213	1
NPC52764	NPT3160	1
NPC52764	NPT3161	1
NPC52764	NPT441	33
NPC52764	NPT713	1
NPC52831	NPT151	1
NPC52831	NPT2742	1
NPC52831	NPT48	1
NPC52831	NPT483	1
NPC52831	NPT94	1
NPC53069	NPT109	1
NPC53069	NPT110	1
NPC53069	NPT144	1
NPC53069	NPT1591	1
NPC53069	NPT1604	2
NPC53069	NPT178	1
NPC53069	NPT204	2
NPC53069	NPT208	1
NPC53069	NPT210	1
NPC53069	NPT211	1
NPC53069	NPT3504	2
NPC53069	NPT3507	1
NPC53069	NPT439	2
NPC53069	NPT51	1
NPC53069	NPT93	1
NPC53069	NPT94	1
NPC53069	NPT98	1
NPC53109	NPT3167	1
NPC53109	NPT570	1
NPC53139	NPT862	1
NPC53144	NPT591	1
NPC5319	NPT273	1
NPC5319	NPT59	1
NPC53276	NPT204	1
NPC53276	NPT439	1
NPC53463	NPT1038	1
NPC53545	NPT41	1
NPC53545	NPT50	1
NPC53545	NPT864	1
NPC53744	NPT1044	1
NPC53889	NPT4015	1
NPC53889	NPT568	1
NPC53986	NPT741	1
NPC54016	NPT346	1
NPC54123	NPT441	5
NPC5413	NPT106	1
NPC5413	NPT864	1
NPC5413	NPT866	2
NPC5413	NPT867	1
NPC5413	NPT868	2
NPC5413	NPT869	1
NPC5413	NPT99	1
NPC54243	NPT99	1
NPC54320	NPT912	1
NPC54320	NPT93	1
NPC54321	NPT178	1
NPC54321	NPT204	1
NPC54379	NPT1811	1
NPC54379	NPT242	2
NPC54379	NPT243	2
NPC54379	NPT244	1
NPC54379	NPT245	1
NPC54394	NPT1603	1
NPC54394	NPT1604	1
NPC54394	NPT208	1
NPC54460	NPT3178	1
NPC5447	NPT870	1
NPC54542	NPT106	1
NPC54542	NPT866	1
NPC54542	NPT99	1
NPC54830	NPT1600	1
NPC55018	NPT728	1
NPC55068	NPT10	1
NPC55068	NPT1110	1
NPC55068	NPT1111	1
NPC55068	NPT2801	1
NPC55068	NPT282	1
NPC55068	NPT3193	1
NPC55068	NPT3194	1
NPC55068	NPT46	1
NPC55068	NPT483	1
NPC55068	NPT501	1
NPC55068	NPT51	1
NPC55068	NPT58	1
NPC55068	NPT59	1
NPC55068	NPT910	1
NPC55149	NPT151	1
NPC55149	NPT48	1
NPC55149	NPT483	1
NPC55149	NPT94	1
NPC55162	NPT109	1
NPC55162	NPT149	1
NPC55162	NPT151	1
NPC55162	NPT48	1
NPC55162	NPT94	1
NPC55384	NPT862	1
NPC55412	NPT109	1
NPC55412	NPT210	1
NPC55412	NPT282	1
NPC55412	NPT45	1
NPC55412	NPT51	2
NPC55412	NPT78	1
NPC55412	NPT792	1
NPC55412	NPT920	1
NPC55412	NPT94	3
NPC55422	NPT109	1
NPC55422	NPT149	1
NPC55422	NPT151	1
NPC55422	NPT282	1
NPC55422	NPT48	1
NPC55422	NPT51	1
NPC55422	NPT539	1
NPC55422	NPT58	1
NPC55422	NPT792	1
NPC55422	NPT93	1
NPC55462	NPT204	1
NPC55462	NPT439	1
NPC55832	NPT178	2
NPC56085	NPT156	1
NPC56271	NPT1028	1
NPC56271	NPT1265	2
NPC56271	NPT13	2
NPC56271	NPT1422	3
NPC56271	NPT1427	2
NPC56271	NPT1434	2
NPC56271	NPT1435	3
NPC56271	NPT1447	1
NPC56271	NPT1478	4
NPC56271	NPT1659	2
NPC56271	NPT1675	2
NPC56271	NPT1676	2
NPC56271	NPT1680	2
NPC56271	NPT1701	2
NPC56271	NPT1706	2
NPC56271	NPT2572	1
NPC56271	NPT2573	2
NPC56271	NPT2729	1
NPC56271	NPT283	2
NPC56271	NPT285	110
NPC56271	NPT286	20
NPC56271	NPT3109	2
NPC56271	NPT3111	2
NPC56271	NPT3204	2
NPC56271	NPT3205	3
NPC56271	NPT3207	2
NPC56271	NPT3213	2
NPC56271	NPT3215	1
NPC56271	NPT3221	1
NPC56271	NPT3223	2
NPC56271	NPT3242	2
NPC56271	NPT3245	1
NPC56271	NPT3266	2
NPC56271	NPT3290	2
NPC56271	NPT3312	2
NPC56271	NPT3315	2
NPC56271	NPT3316	2
NPC56271	NPT3365	2
NPC56271	NPT3366	2
NPC56271	NPT3370	1
NPC56271	NPT3381	3
NPC56271	NPT3386	2
NPC56271	NPT3425	2
NPC56271	NPT3439	2
NPC56271	NPT36	1
NPC56271	NPT483	1
NPC56271	NPT51	1
NPC56271	NPT713	3
NPC56271	NPT721	1
NPC56271	NPT740	1
NPC56540	NPT204	1
NPC57051	NPT240	1
NPC57051	NPT2599	1
NPC5707	NPT669	1
NPC5707	NPT876	1
NPC57279	NPT210	1
NPC57279	NPT47	1
NPC57463	NPT31	1
NPC57463	NPT570	1
NPC57565	NPT110	1
NPC57565	NPT210	1
NPC57565	NPT2592	1
NPC57565	NPT282	1
NPC57565	NPT483	1
NPC57565	NPT51	1
NPC57565	NPT93	1
NPC57565	NPT94	1
NPC57565	NPT98	2
NPC57601	NPT1270	1
NPC57601	NPT1587	1
NPC57601	NPT1604	1
NPC57601	NPT208	1
NPC57601	NPT233	1
NPC57601	NPT41	1
NPC57601	NPT441	1
NPC57601	NPT947	1
NPC57601	NPT948	1
NPC57601	NPT949	1
NPC57601	NPT958	1
NPC57601	NPT967	1
NPC57879	NPT208	1
NPC57879	NPT240	1
NPC57879	NPT741	1
NPC57879	NPT94	1
NPC58427	NPT109	1
NPC58427	NPT1119	1
NPC58427	NPT149	1
NPC58427	NPT208	1
NPC58427	NPT211	1
NPC58427	NPT212	1
NPC58427	NPT277	1
NPC58427	NPT52	1
NPC58427	NPT539	1
NPC58427	NPT792	1
NPC58427	NPT96	1
NPC58616	NPT94	1
NPC58629	NPT1728	1
NPC58629	NPT1729	1
NPC58805	NPT1464	1
NPC58827	NPT48	1
NPC58827	NPT51	1
NPC58956	NPT47	1
NPC58956	NPT50	1
NPC59035	NPT210	1
NPC59035	NPT240	1
NPC59035	NPT94	1
NPC59045	NPT261	74
NPC59045	NPT582	74
NPC59210	NPT178	1
NPC59314	NPT1291	2
NPC5948	NPT670	1
NPC59491	NPT441	1
NPC59551	NPT261	1
NPC59567	NPT1604	1
NPC59650	NPT1006	1
NPC59650	NPT210	1
NPC5968	NPT166	1
NPC59692	NPT30	1
NPC59692	NPT31	1
NPC59739	NPT2584	1
NPC5989	NPT182	3
NPC5989	NPT50	1
NPC5989	NPT51	1
NPC5989	NPT760	1
NPC5989	NPT761	2
NPC5989	NPT880	1
NPC5989	NPT881	3
NPC5989	NPT887	1
NPC5990	NPT3953	1
NPC59907	NPT110	1
NPC59907	NPT208	1
NPC59951	NPT109	1
NPC59951	NPT110	1
NPC60120	NPT3504	3
NPC60120	NPT3505	2
NPC60120	NPT3506	1
NPC60120	NPT3507	2
NPC60538	NPT439	1
NPC60553	NPT1062	1
NPC60553	NPT1063	1
NPC60553	NPT1143	1
NPC60553	NPT1144	1
NPC60553	NPT1146	1
NPC60553	NPT3101	1
NPC60553	NPT947	1
NPC60553	NPT948	2
NPC60553	NPT949	2
NPC60553	NPT954	1
NPC60553	NPT955	1
NPC60672	NPT109	1
NPC60672	NPT210	1
NPC60672	NPT3517	1
NPC60672	NPT792	1
NPC60772	NPT1210	1
NPC60772	NPT178	1
NPC6095	NPT94	1
NPC61	NPT13	2
NPC61	NPT14	1
NPC61	NPT1588	1
NPC61	NPT36	1
NPC61	NPT41	1
NPC61	NPT42	1
NPC61	NPT45	1
NPC61	NPT46	1
NPC61	NPT47	1
NPC61	NPT48	1
NPC61	NPT49	1
NPC61	NPT50	1
NPC61	NPT51	1
NPC61	NPT52	1
NPC61	NPT57	1
NPC61	NPT58	1
NPC61	NPT59	1
NPC61	NPT60	1
NPC61	NPT69	1
NPC61	NPT74	1
NPC61	NPT77	1
NPC61	NPT78	2
NPC61	NPT920	1
NPC61010	NPT441	1
NPC61010	NPT721	1
NPC6118	NPT178	1
NPC61198	NPT47	1
NPC61198	NPT912	1
NPC61435	NPT151	1
NPC61435	NPT46	1
NPC61435	NPT501	3
NPC61435	NPT60	2
NPC61435	NPT93	1
NPC61435	NPT94	2
NPC61473	NPT1210	1
NPC61473	NPT178	1
NPC61473	NPT911	1
NPC61477	NPT1062	1
NPC61477	NPT1063	1
NPC61477	NPT1143	1
NPC61477	NPT1144	1
NPC61477	NPT1146	1
NPC61477	NPT151	1
NPC61477	NPT233	1
NPC61477	NPT282	1
NPC61477	NPT3101	1
NPC61477	NPT47	1
NPC61477	NPT48	1
NPC61477	NPT49	1
NPC61477	NPT50	1
NPC61477	NPT51	1
NPC61477	NPT792	1
NPC61477	NPT94	1
NPC61477	NPT947	1
NPC61477	NPT948	1
NPC61477	NPT949	1
NPC61477	NPT954	1
NPC61477	NPT955	1
NPC61506	NPT47	1
NPC61543	NPT178	2
NPC61546	NPT218	2
NPC61590	NPT3537	2
NPC61620	NPT261	1
NPC6166	NPT109	1
NPC6166	NPT46	1
NPC6166	NPT907	1
NPC61779	NPT2230	1
NPC61779	NPT233	1
NPC61779	NPT947	1
NPC61871	NPT30	1
NPC61871	NPT31	1
NPC61904	NPT862	1
NPC61944	NPT210	1
NPC61944	NPT539	1
NPC62042	NPT261	1
NPC62366	NPT48	1
NPC62640	NPT1603	1
NPC62640	NPT1604	1
NPC62640	NPT208	1
NPC62730	NPT178	1
NPC62735	NPT151	1
NPC62735	NPT282	1
NPC62735	NPT48	1
NPC62735	NPT51	1
NPC62735	NPT93	1
NPC62735	NPT94	1
NPC62735	NPT956	1
NPC62755	NPT792	1
NPC62765	NPT210	1
NPC62765	NPT645	3
NPC62765	NPT741	1
NPC62792	NPT1110	1
NPC62792	NPT1788	1
NPC62792	NPT1789	1
NPC62792	NPT1814	1
NPC62800	NPT182	1
NPC62800	NPT3124	1
NPC62800	NPT760	1
NPC62800	NPT761	1
NPC62800	NPT880	1
NPC62800	NPT881	2
NPC62800	NPT887	1
NPC62840	NPT1119	1
NPC62840	NPT1464	1
NPC62840	NPT178	1
NPC62840	NPT204	1
NPC62840	NPT30	1
NPC62840	NPT31	2
NPC62840	NPT3997	1
NPC62840	NPT439	1
NPC62840	NPT570	1
NPC62840	NPT740	1
NPC63187	NPT273	1
NPC63210	NPT92	1
NPC63210	NPT98	1
NPC63338	NPT483	1
NPC63370	NPT10	1
NPC63370	NPT109	1
NPC63370	NPT1416	1
NPC63370	NPT282	2
NPC63370	NPT483	1
NPC63370	NPT50	2
NPC63370	NPT51	2
NPC63370	NPT58	1
NPC63370	NPT796	1
NPC63545	NPT1078	3
NPC63545	NPT1265	1
NPC63545	NPT1432	1
NPC63545	NPT151	1
NPC63545	NPT261	1
NPC63545	NPT48	2
NPC63545	NPT582	2
NPC63545	NPT93	1
NPC63545	NPT94	2
NPC63545	NPT981	1
NPC63545	NPT982	1
NPC6377	NPT74	1
NPC6377	NPT918	1
NPC64141	NPT1089	1
NPC64141	NPT1090	1
NPC64141	NPT280	1
NPC64141	NPT567	1
NPC64141	NPT568	1
NPC6434	NPT441	1
NPC64359	NPT1422	1
NPC64359	NPT47	1
NPC64359	NPT483	1
NPC64359	NPT51	1
NPC64359	NPT524	1
NPC64359	NPT537	1
NPC64359	NPT538	1
NPC64359	NPT864	1
NPC6451	NPT740	1
NPC64576	NPT110	1
NPC64576	NPT163	1
NPC64705	NPT3583	1
NPC64862	NPT93	1
NPC64872	NPT109	1
NPC64872	NPT50	1
NPC65120	NPT178	1
NPC65408	NPT208	1
NPC65408	NPT240	1
NPC65489	NPT178	1
NPC65517	NPT10	1
NPC65517	NPT1062	1
NPC65517	NPT1063	1
NPC65517	NPT109	1
NPC65517	NPT1143	1
NPC65517	NPT1144	1
NPC65517	NPT1146	1
NPC65517	NPT149	2
NPC65517	NPT151	3
NPC65517	NPT163	1
NPC65517	NPT211	1
NPC65517	NPT233	2
NPC65517	NPT2930	1
NPC65517	NPT47	1
NPC65517	NPT48	1
NPC65517	NPT483	2
NPC65517	NPT51	1
NPC65517	NPT537	1
NPC65517	NPT538	1
NPC65517	NPT58	1
NPC65517	NPT741	2
NPC65517	NPT792	1
NPC65517	NPT796	1
NPC65517	NPT94	1
NPC65517	NPT940	1
NPC65517	NPT947	2
NPC65517	NPT948	1
NPC65517	NPT949	1
NPC65517	NPT954	1
NPC65517	NPT955	1
NPC65517	NPT96	1
NPC65665	NPT38	1
NPC65873	NPT539	1
NPC6597	NPT36	1
NPC66083	NPT1197	1
NPC66083	NPT149	1
NPC66083	NPT151	2
NPC66083	NPT210	1
NPC66083	NPT212	1
NPC66083	NPT213	1
NPC66083	NPT48	3
NPC66083	NPT483	1
NPC66083	NPT94	2
NPC66177	NPT145	1
NPC66177	NPT272	1
NPC66177	NPT296	1
NPC66270	NPT1289	1
NPC66288	NPT1422	1
NPC66441	NPT740	1
NPC66515	NPT178	2
NPC66566	NPT2533	1
NPC66581	NPT1282	1
NPC66655	NPT210	1
NPC66677	NPT1210	1
NPC66677	NPT178	1
NPC66705	NPT48	1
NPC66705	NPT537	1
NPC66705	NPT538	1
NPC66705	NPT59	1
NPC66705	NPT94	1
NPC66775	NPT1250	1
NPC66777	NPT1603	1
NPC66777	NPT1604	1
NPC66777	NPT208	1
NPC66862	NPT204	1
NPC66862	NPT439	1
NPC66909	NPT145	4
NPC66909	NPT271	1
NPC66909	NPT272	1
NPC66909	NPT613	1
NPC67037	NPT41	1
NPC67250	NPT149	1
NPC67250	NPT151	1
NPC67250	NPT210	1
NPC67250	NPT277	1
NPC67250	NPT46	1
NPC67250	NPT47	1
NPC67250	NPT50	1
NPC67250	NPT51	1
NPC67250	NPT78	1
NPC67250	NPT792	1
NPC67250	NPT920	1
NPC67322	NPT4717	1
NPC67349	NPT42	1
NPC67450	NPT740	1
NPC67585	NPT109	1
NPC67585	NPT149	1
NPC67585	NPT151	1
NPC67585	NPT45	1
NPC67585	NPT48	1
NPC67585	NPT50	1
NPC67585	NPT51	1
NPC67585	NPT539	1
NPC67585	NPT792	1
NPC67585	NPT94	1
NPC67654	NPT108	1
NPC67917	NPT149	1
NPC67917	NPT213	1
NPC67917	NPT483	1
NPC67978	NPT1038	1
NPC67978	NPT110	1
NPC68104	NPT178	1
NPC6818	NPT178	1
NPC68269	NPT1270	1
NPC68269	NPT1566	2
NPC68269	NPT1674	1
NPC68269	NPT31	1
NPC68269	NPT41	1
NPC68324	NPT980	1
NPC68327	NPT2856	1
NPC68327	NPT3708	3
NPC68327	NPT3711	1
NPC68327	NPT3712	2
NPC68327	NPT3713	3
NPC68327	NPT3714	2
NPC68327	NPT3715	2
NPC68327	NPT3716	2
NPC68441	NPT108	1
NPC68441	NPT109	1
NPC68441	NPT110	1
NPC68441	NPT1119	4
NPC68441	NPT1197	1
NPC68441	NPT1226	1
NPC68441	NPT1274	1
NPC68441	NPT1416	1
NPC68441	NPT149	2
NPC68441	NPT151	5
NPC68441	NPT1619	1
NPC68441	NPT1670	1
NPC68441	NPT208	2
NPC68441	NPT211	1
NPC68441	NPT212	2
NPC68441	NPT213	1
NPC68441	NPT277	1
NPC68441	NPT2796	15
NPC68441	NPT282	3
NPC68441	NPT3720	1
NPC68441	NPT3727	1
NPC68441	NPT41	1
NPC68441	NPT45	4
NPC68441	NPT46	6
NPC68441	NPT47	6
NPC68441	NPT48	5
NPC68441	NPT483	1
NPC68441	NPT50	5
NPC68441	NPT51	5
NPC68441	NPT537	1
NPC68441	NPT538	1
NPC68441	NPT539	2
NPC68441	NPT57	16
NPC68441	NPT58	5
NPC68441	NPT59	1
NPC68441	NPT60	1
NPC68441	NPT644	2
NPC68441	NPT72	1
NPC68441	NPT73	1
NPC68441	NPT792	2
NPC68441	NPT832	2
NPC68441	NPT93	2
NPC68441	NPT94	2
NPC68441	NPT940	1
NPC68441	NPT942	1
NPC68441	NPT980	19
NPC6848	NPT210	1
NPC6848	NPT94	1
NPC6854	NPT109	1
NPC6854	NPT110	1
NPC6854	NPT151	1
NPC6854	NPT208	1
NPC6854	NPT472	1
NPC6854	NPT51	1
NPC6854	NPT539	1
NPC6854	NPT940	1
NPC68577	NPT210	1
NPC68779	NPT895	1
NPC6883	NPT946	2
NPC68873	NPT3731	2
NPC6888	NPT233	1
NPC6888	NPT947	1
NPC6888	NPT948	1
NPC6888	NPT949	1
NPC6888	NPT954	1
NPC6888	NPT955	1
NPC68889	NPT792	1
NPC68967	NPT271	1
NPC69101	NPT1196	1
NPC69101	NPT1416	1
NPC69101	NPT178	2
NPC69101	NPT1870	1
NPC69101	NPT483	1
NPC69101	NPT93	1
NPC6913	NPT78	1
NPC69213	NPT1371	1
NPC6923	NPT956	2
NPC69374	NPT151	1
NPC69374	NPT3549	1
NPC69374	NPT3737	3
NPC69374	NPT3741	4
NPC69374	NPT3742	4
NPC69374	NPT3743	3
NPC69374	NPT3744	2
NPC69374	NPT3745	3
NPC69374	NPT3746	2
NPC69374	NPT3757	1
NPC69374	NPT3758	1
NPC69374	NPT483	2
NPC69374	NPT58	1
NPC69374	NPT94	1
NPC69394	NPT1603	1
NPC69394	NPT1604	1
NPC69394	NPT208	1
NPC69394	NPT271	1
NPC69454	NPT204	1
NPC69454	NPT439	1
NPC69669	NPT498	1
NPC6984	NPT674	1
NPC6984	NPT675	1
NPC6984	NPT958	1
NPC69906	NPT46	1
NPC69906	NPT98	1
NPC7013	NPT48	1
NPC7013	NPT59	1
NPC70136	NPT2562	1
NPC70136	NPT2563	1
NPC70136	NPT570	1
NPC70136	NPT588	1
NPC70172	NPT204	1
NPC70172	NPT439	1
NPC70201	NPT1062	1
NPC70201	NPT1063	1
NPC70201	NPT109	1
NPC70201	NPT1143	1
NPC70201	NPT1144	1
NPC70201	NPT1146	1
NPC70201	NPT149	1
NPC70201	NPT211	1
NPC70201	NPT233	2
NPC70201	NPT277	1
NPC70201	NPT46	1
NPC70201	NPT792	1
NPC70201	NPT94	1
NPC70201	NPT947	2
NPC70201	NPT948	1
NPC70201	NPT949	1
NPC70201	NPT954	1
NPC70201	NPT955	1
NPC7029	NPT3167	1
NPC7029	NPT570	1
NPC70290	NPT109	2
NPC70290	NPT208	1
NPC70290	NPT210	2
NPC70290	NPT212	3
NPC70290	NPT213	3
NPC70290	NPT96	1
NPC70387	NPT441	1
NPC70387	NPT94	1
NPC70622	NPT862	1
NPC70744	NPT1062	1
NPC70744	NPT1063	1
NPC70744	NPT1143	2
NPC70744	NPT1144	1
NPC70744	NPT1146	1
NPC70744	NPT233	2
NPC70744	NPT48	1
NPC70744	NPT920	1
NPC70744	NPT947	1
NPC70744	NPT948	2
NPC70744	NPT949	2
NPC70744	NPT954	2
NPC70744	NPT955	1
NPC70940	NPT210	1
NPC70940	NPT212	3
NPC70940	NPT30	3
NPC70940	NPT31	2
NPC70940	NPT3504	1
NPC70940	NPT3507	1
NPC70940	NPT483	1
NPC70940	NPT58	1
NPC70940	NPT796	1
NPC71061	NPT280	1
NPC71061	NPT740	1
NPC71061	NPT78	1
NPC71074	NPT1137	1
NPC71074	NPT1197	1
NPC71074	NPT1210	1
NPC71074	NPT178	3
NPC71074	NPT205	1
NPC71074	NPT3783	1
NPC71074	NPT59	1
NPC71105	NPT1214	1
NPC71288	NPT261	1
NPC71288	NPT582	1
NPC71339	NPT1755	3
NPC71339	NPT3797	2
NPC7151	NPT979	1
NPC7151	NPT980	1
NPC7154	NPT109	1
NPC7154	NPT149	1
NPC7154	NPT210	1
NPC7154	NPT212	1
NPC7154	NPT483	1
NPC7154	NPT50	1
NPC7154	NPT622	1
NPC7154	NPT72	1
NPC7154	NPT73	1
NPC7154	NPT792	1
NPC7154	NPT94	1
NPC71579	NPT570	1
NPC71755	NPT109	1
NPC71853	NPT109	1
NPC71853	NPT1119	1
NPC71853	NPT210	1
NPC71853	NPT539	1
NPC71853	NPT792	1
NPC71853	NPT93	1
NPC71853	NPT94	1
NPC72016	NPT1044	1
NPC72016	NPT143	1
NPC7214	NPT210	1
NPC7214	NPT222	1
NPC7214	NPT224	1
NPC7214	NPT792	1
NPC7214	NPT987	3
NPC72158	NPT178	1
NPC72183	NPT1197	1
NPC72183	NPT483	1
NPC72183	NPT51	1
NPC72183	NPT93	1
NPC72258	NPT346	2
NPC72260	NPT38	1
NPC72260	NPT3812	1
NPC72260	NPT483	2
NPC72260	NPT51	2
NPC72260	NPT537	1
NPC72260	NPT538	1
NPC72260	NPT539	1
NPC72260	NPT713	2
NPC72452	NPT218	1
NPC72455	NPT109	1
NPC72455	NPT1226	1
NPC72455	NPT149	1
NPC72455	NPT277	1
NPC72772	NPT1283	1
NPC72772	NPT537	1
NPC72772	NPT538	1
NPC72772	NPT539	1
NPC72788	NPT110	2
NPC72788	NPT210	2
NPC72788	NPT212	2
NPC72788	NPT213	2
NPC72796	NPT109	1
NPC72862	NPT178	1
NPC72977	NPT483	1
NPC72980	NPT109	1
NPC72980	NPT110	1
NPC72980	NPT1226	1
NPC72980	NPT149	1
NPC72980	NPT151	1
NPC72980	NPT157	1
NPC72980	NPT277	1
NPC72980	NPT47	1
NPC72980	NPT48	1
NPC72980	NPT50	1
NPC72980	NPT51	1
NPC72980	NPT58	1
NPC72980	NPT94	1
NPC73020	NPT109	1
NPC73020	NPT110	1
NPC73020	NPT212	1
NPC73020	NPT213	1
NPC73203	NPT30	1
NPC73203	NPT570	1
NPC73203	NPT956	1
NPC73411	NPT1149	1
NPC73411	NPT282	3
NPC73411	NPT3441	2
NPC73411	NPT3442	5
NPC73411	NPT491	3
NPC73411	NPT721	1
NPC73413	NPT1464	1
NPC73416	NPT51	1
NPC73416	NPT537	1
NPC73416	NPT538	1
NPC73422	NPT3820	1
NPC73492	NPT48	1
NPC73492	NPT50	1
NPC73492	NPT51	1
NPC73492	NPT538	1
NPC73511	NPT537	1
NPC73511	NPT538	1
NPC73532	NPT109	1
NPC73532	NPT410	1
NPC73532	NPT51	1
NPC73656	NPT1746	1
NPC73656	NPT1794	1
NPC73738	NPT109	1
NPC73738	NPT110	1
NPC73738	NPT1416	1
NPC73738	NPT149	1
NPC73738	NPT151	1
NPC73738	NPT208	1
NPC73738	NPT285	1
NPC73738	NPT30	1
NPC73738	NPT46	1
NPC73738	NPT48	1
NPC73738	NPT483	1
NPC73738	NPT49	1
NPC73738	NPT50	1
NPC73738	NPT51	1
NPC73738	NPT57	1
NPC73738	NPT59	1
NPC73738	NPT792	1
NPC73738	NPT796	1
NPC73738	NPT93	1
NPC73738	NPT94	1
NPC73738	NPT96	1
NPC73738	NPT967	1
NPC73767	NPT290	1
NPC73767	NPT291	1
NPC73767	NPT292	1
NPC73767	NPT92	1
NPC73855	NPT1356	1
NPC73855	NPT3835	1
NPC73855	NPT47	1
NPC73855	NPT48	1
NPC73855	NPT50	1
NPC73855	NPT51	1
NPC73855	NPT59	1
NPC73855	NPT60	1
NPC73855	NPT94	1
NPC73899	NPT178	1
NPC73899	NPT211	1
NPC73906	NPT5646	1
NPC73995	NPT31	1
NPC74259	NPT1283	1
NPC74306	NPT3838	5
NPC74458	NPT94	1
NPC74484	NPT668	1
NPC74539	NPT109	1
NPC74539	NPT110	1
NPC74539	NPT149	1
NPC74539	NPT1603	1
NPC74539	NPT1604	1
NPC74539	NPT208	1
NPC74539	NPT210	1
NPC74539	NPT212	1
NPC74539	NPT213	1
NPC74539	NPT240	1
NPC74539	NPT261	1
NPC74539	NPT2854	1
NPC74539	NPT48	1
NPC74539	NPT94	3
NPC74591	NPT92	1
NPC74751	NPT1137	3
NPC74751	NPT1138	3
NPC74751	NPT1587	1
NPC74751	NPT1588	1
NPC74751	NPT166	1
NPC74751	NPT203	1
NPC74855	NPT1137	1
NPC74881	NPT1594	1
NPC74881	NPT47	1
NPC74881	NPT50	1
NPC74881	NPT870	1
NPC7491	NPT212	1
NPC7491	NPT213	1
NPC75069	NPT261	1
NPC75179	NPT109	1
NPC75179	NPT110	1
NPC7526	NPT864	1
NPC75435	NPT497	1
NPC75435	NPT60	1
NPC75485	NPT1210	1
NPC75485	NPT178	1
NPC7560	NPT601	1
NPC75694	NPT109	2
NPC75694	NPT149	3
NPC75694	NPT151	4
NPC75694	NPT208	2
NPC75694	NPT2817	23
NPC75694	NPT4762	12
NPC75694	NPT48	4
NPC75694	NPT483	1
NPC75694	NPT697	1
NPC75694	NPT93	5
NPC75694	NPT94	2
NPC75810	NPT204	1
NPC75844	NPT1197	1
NPC75844	NPT210	1
NPC75844	NPT2930	1
NPC75844	NPT483	3
NPC75844	NPT51	1
NPC75844	NPT796	1
NPC75844	NPT93	3
NPC75844	NPT94	1
NPC75844	NPT940	1
NPC75844	NPT96	1
NPC75906	NPT30	1
NPC76217	NPT539	1
NPC76336	NPT1224	1
NPC76336	NPT1226	3
NPC76336	NPT149	4
NPC76336	NPT151	3
NPC76336	NPT1551	1
NPC76336	NPT204	2
NPC76336	NPT208	1
NPC76336	NPT211	1
NPC76336	NPT2629	1
NPC76336	NPT277	3
NPC76336	NPT3101	1
NPC76336	NPT3904	1
NPC76336	NPT41	1
NPC76336	NPT47	1
NPC76336	NPT48	2
NPC76336	NPT501	3
NPC76336	NPT57	1
NPC76336	NPT60	3
NPC76336	NPT94	3
NPC76336	NPT947	1
NPC76336	NPT948	1
NPC76336	NPT949	1
NPC76336	NPT955	1
NPC76338	NPT108	1
NPC76338	NPT1699	1
NPC76338	NPT182	1
NPC76338	NPT740	1
NPC76338	NPT887	1
NPC76406	NPT182	1
NPC76458	NPT204	1
NPC76478	NPT601	1
NPC76682	NPT45	1
NPC76726	NPT1057	1
NPC76726	NPT503	1
NPC76748	NPT290	1
NPC7688	NPT212	2
NPC7688	NPT622	1
NPC7688	NPT72	1
NPC7688	NPT73	1
NPC76982	NPT832	1
NPC77000	NPT1038	1
NPC77000	NPT1210	1
NPC77000	NPT1416	1
NPC77000	NPT166	1
NPC77000	NPT178	1
NPC77000	NPT1870	1
NPC77000	NPT203	1
NPC77000	NPT204	1
NPC77000	NPT205	1
NPC77000	NPT206	1
NPC77000	NPT287	1
NPC77000	NPT38	1
NPC77000	NPT3914	1
NPC77000	NPT46	1
NPC77000	NPT47	1
NPC77000	NPT48	1
NPC77000	NPT50	1
NPC77000	NPT51	1
NPC77000	NPT59	1
NPC77000	NPT864	1
NPC77000	NPT94	1
NPC77040	NPT109	1
NPC7715	NPT1591	1
NPC7715	NPT439	1
NPC77249	NPT46	1
NPC77272	NPT178	1
NPC77378	NPT1166	1
NPC77572	NPT48	1
NPC77660	NPT47	1
NPC77660	NPT48	1
NPC77660	NPT51	1
NPC77660	NPT94	1
NPC77672	NPT1356	1
NPC77794	NPT108	1
NPC77794	NPT1214	1
NPC77794	NPT30	1
NPC77794	NPT640	1
NPC77794	NPT641	1
NPC77794	NPT740	1
NPC77858	NPT1265	5
NPC77858	NPT870	1
NPC77890	NPT109	1
NPC77890	NPT208	1
NPC77890	NPT410	5
NPC77890	NPT48	2
NPC77890	NPT483	1
NPC77890	NPT51	1
NPC77955	NPT109	1
NPC77955	NPT149	1
NPC77955	NPT151	1
NPC77955	NPT282	1
NPC77955	NPT46	1
NPC77955	NPT48	1
NPC77955	NPT501	1
NPC77955	NPT51	1
NPC77955	NPT668	1
NPC77955	NPT93	1
NPC77955	NPT94	1
NPC78058	NPT48	1
NPC7814	NPT1037	1
NPC7814	NPT483	1
NPC78154	NPT151	1
NPC78154	NPT94	1
NPC78222	NPT109	1
NPC78222	NPT1226	1
NPC78222	NPT149	1
NPC78222	NPT151	1
NPC78222	NPT277	1
NPC78222	NPT282	1
NPC78222	NPT46	1
NPC78222	NPT48	1
NPC78222	NPT501	1
NPC78222	NPT51	1
NPC78222	NPT539	1
NPC78222	NPT58	1
NPC78222	NPT792	1
NPC78222	NPT94	1
NPC78326	NPT1422	1
NPC78359	NPT204	68
NPC78359	NPT439	39
NPC78359	NPT483	1
NPC78359	NPT94	1
NPC7839	NPT1038	1
NPC7839	NPT282	1
NPC7839	NPT45	1
NPC7839	NPT46	1
NPC7839	NPT47	1
NPC7839	NPT48	1
NPC7839	NPT49	1
NPC7839	NPT50	1
NPC7839	NPT51	1
NPC7839	NPT52	1
NPC7839	NPT57	1
NPC7839	NPT58	1
NPC7839	NPT59	1
NPC7839	NPT60	1
NPC78500	NPT240	1
NPC78500	NPT741	1
NPC78500	NPT94	1
NPC78540	NPT1062	1
NPC78540	NPT109	3
NPC78540	NPT110	1
NPC78540	NPT1187	1
NPC78540	NPT1338	1
NPC78540	NPT1422	1
NPC78540	NPT149	1
NPC78540	NPT151	2
NPC78540	NPT1566	1
NPC78540	NPT1571	2
NPC78540	NPT1581	1
NPC78540	NPT1603	3
NPC78540	NPT1604	3
NPC78540	NPT208	5
NPC78540	NPT211	1
NPC78540	NPT212	2
NPC78540	NPT213	1
NPC78540	NPT233	1
NPC78540	NPT282	1
NPC78540	NPT31	1
NPC78540	NPT41	2
NPC78540	NPT441	5
NPC78540	NPT48	1
NPC78540	NPT51	3
NPC78540	NPT539	2
NPC78540	NPT93	3
NPC78540	NPT94	4
NPC78540	NPT947	1
NPC78540	NPT948	1
NPC78540	NPT949	2
NPC78540	NPT955	1
NPC78540	NPT967	1
NPC78612	NPT109	1
NPC78612	NPT792	1
NPC78612	NPT94	1
NPC78625	NPT212	1
NPC78625	NPT483	1
NPC78625	NPT51	1
NPC78662	NPT741	1
NPC78746	NPT204	1
NPC78770	NPT48	1
NPC78770	NPT59	1
NPC78770	NPT60	1
NPC78770	NPT802	1
NPC78803	NPT2584	1
NPC78803	NPT31	1
NPC79056	NPT3938	1
NPC79056	NPT59	1
NPC79056	NPT591	1
NPC79202	NPT240	1
NPC79202	NPT2599	1
NPC79372	NPT178	1
NPC79672	NPT30	1
NPC79715	NPT106	1
NPC79715	NPT866	1
NPC79943	NPT109	2
NPC79943	NPT1119	1
NPC80129	NPT109	1
NPC80129	NPT282	1
NPC80710	NPT48	1
NPC80710	NPT51	1
NPC80710	NPT537	1
NPC80710	NPT538	1
NPC80710	NPT59	1
NPC8087	NPT497	1
NPC8087	NPT513	2
NPC8087	NPT514	1
NPC81010	NPT1062	1
NPC81010	NPT1063	1
NPC81010	NPT108	1
NPC81010	NPT1143	1
NPC81010	NPT1144	1
NPC81010	NPT1146	1
NPC81010	NPT1270	1
NPC81010	NPT1592	1
NPC81010	NPT233	1
NPC81010	NPT248	1
NPC81010	NPT285	1
NPC81010	NPT41	2
NPC81010	NPT525	1
NPC81010	NPT741	2
NPC81010	NPT947	1
NPC81010	NPT948	1
NPC81010	NPT949	2
NPC81010	NPT954	2
NPC81010	NPT955	1
NPC8104	NPT178	1
NPC81337	NPT3953	1
NPC81515	NPT182	1
NPC81641	NPT956	1
NPC81697	NPT740	1
NPC81907	NPT210	1
NPC81907	NPT546	1
NPC81907	NPT5981	1
NPC81907	NPT5983	1
NPC81907	NPT94	1
NPC82016	NPT108	1
NPC82016	NPT155	1
NPC82016	NPT1603	1
NPC82016	NPT1604	1
NPC82016	NPT182	1
NPC82016	NPT208	1
NPC82016	NPT31	1
NPC82016	NPT366	1
NPC82016	NPT3960	1
NPC82016	NPT570	1
NPC82016	NPT668	1
NPC8219	NPT253	1
NPC82285	NPT410	1
NPC82295	NPT1062	1
NPC82295	NPT1063	1
NPC82295	NPT233	1
NPC82295	NPT346	1
NPC82295	NPT947	1
NPC82337	NPT106	1
NPC82337	NPT866	1
NPC82337	NPT99	1
NPC8235	NPT204	1
NPC8235	NPT50	1
NPC82534	NPT3953	1
NPC82733	NPT204	1
NPC8283	NPT108	1
NPC8283	NPT248	1
NPC82862	NPT204	1
NPC82920	NPT178	1
NPC82920	NPT2266	1
NPC8305	NPT145	2
NPC8305	NPT271	2
NPC8305	NPT272	2
NPC8305	NPT296	4
NPC83187	NPT210	1
NPC83214	NPT94	1
NPC83241	NPT3720	1
NPC83241	NPT980	3
NPC83287	NPT10	1
NPC83287	NPT38	1
NPC83287	NPT3969	1
NPC83287	NPT3970	1
NPC83287	NPT483	3
NPC83287	NPT537	2
NPC83287	NPT538	2
NPC83287	NPT539	1
NPC83287	NPT796	1
NPC83287	NPT93	4
NPC83287	NPT98	1
NPC83508	NPT1588	1
NPC83508	NPT3971	1
NPC83838	NPT3973	1
NPC83987	NPT109	1
NPC83987	NPT210	1
NPC83987	NPT50	1
NPC84171	NPT204	1
NPC84281	NPT262	1
NPC84281	NPT263	1
NPC84281	NPT264	1
NPC84281	NPT266	3
NPC84281	NPT48	1
NPC84281	NPT483	1
NPC84281	NPT58	1
NPC84281	NPT59	1
NPC84319	NPT1210	1
NPC84319	NPT1270	1
NPC84319	NPT178	1
NPC84319	NPT3783	1
NPC84319	NPT41	1
NPC84478	NPT109	1
NPC84478	NPT110	1
NPC84478	NPT1197	1
NPC84478	NPT1226	2
NPC84478	NPT149	3
NPC84478	NPT151	3
NPC84478	NPT204	1
NPC84478	NPT210	1
NPC84478	NPT261	1
NPC84478	NPT277	2
NPC84478	NPT47	2
NPC84478	NPT48	3
NPC84478	NPT483	1
NPC84478	NPT50	1
NPC84478	NPT501	1
NPC84478	NPT51	3
NPC84478	NPT524	1
NPC84478	NPT58	1
NPC84478	NPT59	1
NPC84478	NPT60	1
NPC84478	NPT94	4
NPC84585	NPT1187	1
NPC8466	NPT282	1
NPC8466	NPT346	1
NPC84750	NPT94	1
NPC84772	NPT865	1
NPC84786	NPT1384	1
NPC84786	NPT2797	1
NPC84786	NPT956	2
NPC84894	NPT1416	1
NPC84894	NPT47	1
NPC84894	NPT48	1
NPC84894	NPT51	1
NPC84894	NPT94	1
NPC8493	NPT1079	1
NPC85121	NPT178	1
NPC85233	NPT109	1
NPC85233	NPT1422	1
NPC85233	NPT149	1
NPC85233	NPT151	1
NPC85233	NPT282	2
NPC85233	NPT48	3
NPC85233	NPT51	1
NPC85233	NPT668	1
NPC85233	NPT94	2
NPC85276	NPT149	1
NPC85276	NPT163	1
NPC85276	NPT208	1
NPC85276	NPT210	1
NPC85276	NPT211	1
NPC85276	NPT212	1
NPC85276	NPT282	1
NPC85276	NPT51	1
NPC85276	NPT539	1
NPC85276	NPT792	1
NPC85276	NPT96	1
NPC85393	NPT178	1
NPC85393	NPT211	1
NPC85435	NPT178	1
NPC85488	NPT109	1
NPC85488	NPT69	1
NPC85488	NPT895	1
NPC85488	NPT967	1
NPC85661	NPT109	2
NPC85661	NPT51	3
NPC85661	NPT93	1
NPC85661	NPT94	3
NPC85689	NPT216	1
NPC85707	NPT109	1
NPC85707	NPT110	1
NPC85707	NPT1705	5
NPC85751	NPT109	1
NPC85813	NPT106	1
NPC85813	NPT109	1
NPC85813	NPT142	3
NPC85813	NPT149	1
NPC85813	NPT151	1
NPC85813	NPT210	1
NPC85813	NPT30	1
NPC85813	NPT3504	1
NPC85813	NPT4001	3
NPC85813	NPT4003	1
NPC85813	NPT441	1
NPC85813	NPT483	1
NPC85813	NPT50	1
NPC85813	NPT792	1
NPC85813	NPT866	2
NPC85813	NPT869	3
NPC85813	NPT94	1
NPC85813	NPT99	1
NPC86007	NPT792	1
NPC86370	NPT203	1
NPC86370	NPT540	1
NPC86372	NPT1591	1
NPC86372	NPT956	3
NPC86412	NPT483	1
NPC86412	NPT864	1
NPC86452	NPT212	1
NPC86469	NPT110	1
NPC86477	NPT1581	1
NPC86477	NPT46	2
NPC86477	NPT47	2
NPC86477	NPT49	1
NPC86477	NPT50	2
NPC86477	NPT570	1
NPC86477	NPT58	2
NPC86533	NPT862	1
NPC86655	NPT870	1
NPC86670	NPT102	1
NPC86847	NPT46	1
NPC86847	NPT47	1
NPC8704	NPT1090	1
NPC8704	NPT280	1
NPC8704	NPT567	1
NPC8704	NPT568	1
NPC87099	NPT208	1
NPC87099	NPT240	2
NPC87125	NPT109	1
NPC87125	NPT149	1
NPC87125	NPT41	1
NPC87125	NPT46	2
NPC87125	NPT47	1
NPC87125	NPT48	1
NPC87125	NPT483	1
NPC87125	NPT50	1
NPC87125	NPT51	1
NPC87231	NPT1416	1
NPC87231	NPT2854	1
NPC87231	NPT51	1
NPC87317	NPT4015	1
NPC87317	NPT4016	1
NPC87317	NPT568	1
NPC87394	NPT4018	2
NPC87404	NPT740	1
NPC87545	NPT1587	1
NPC87545	NPT1588	1
NPC87545	NPT51	1
NPC87545	NPT59	1
NPC87545	NPT60	1
NPC87564	NPT1211	1
NPC87777	NPT30	1
NPC87777	NPT31	1
NPC88000	NPT41	1
NPC88043	NPT285	1
NPC88043	NPT50	1
NPC88043	NPT60	1
NPC88121	NPT50	1
NPC88278	NPT483	1
NPC88325	NPT210	1
NPC88429	NPT582	1
NPC88445	NPT1604	1
NPC88445	NPT204	1
NPC88445	NPT483	1
NPC88445	NPT740	2
NPC88445	NPT94	1
NPC886	NPT182	1
NPC88638	NPT61	2
NPC88803	NPT109	1
NPC88803	NPT149	1
NPC88803	NPT151	1
NPC88803	NPT1619	1
NPC88803	NPT282	1
NPC88803	NPT45	1
NPC88803	NPT47	1
NPC88803	NPT48	1
NPC88803	NPT49	1
NPC88803	NPT50	1
NPC88803	NPT51	1
NPC88803	NPT58	1
NPC88803	NPT792	1
NPC88803	NPT94	1
NPC88803	NPT98	1
NPC88804	NPT728	1
NPC88839	NPT210	1
NPC88923	NPT10	1
NPC88923	NPT1038	1
NPC88923	NPT109	1
NPC88923	NPT1226	1
NPC88923	NPT1416	1
NPC88923	NPT1422	2
NPC88923	NPT143	1
NPC88923	NPT145	1
NPC88923	NPT149	1
NPC88923	NPT210	1
NPC88923	NPT277	1
NPC88923	NPT282	1
NPC88923	NPT2930	1
NPC88923	NPT48	1
NPC88923	NPT483	1
NPC88923	NPT50	3
NPC88923	NPT51	1
NPC88923	NPT58	1
NPC88923	NPT59	1
NPC88923	NPT612	2
NPC88923	NPT668	7
NPC88923	NPT713	5
NPC88923	NPT792	1
NPC88923	NPT796	1
NPC88923	NPT864	1
NPC88923	NPT94	2
NPC88923	NPT96	1
NPC88966	NPT4030	1
NPC89105	NPT864	1
NPC89630	NPT3504	4
NPC89630	NPT3505	1
NPC89630	NPT3506	2
NPC89630	NPT3507	2
NPC8965	NPT204	1
NPC89886	NPT261	1
NPC89886	NPT582	1
NPC90161	NPT741	1
NPC90411	NPT48	1
NPC90411	NPT60	1
NPC90411	NPT93	1
NPC90478	NPT1037	1
NPC90478	NPT669	1
NPC90478	NPT713	1
NPC90652	NPT1197	1
NPC90652	NPT51	1
NPC90652	NPT524	1
NPC90652	NPT59	1
NPC90652	NPT93	1
NPC90875	NPT1038	1
NPC90875	NPT1197	1
NPC90875	NPT151	1
NPC90875	NPT282	1
NPC90875	NPT4034	1
NPC90875	NPT483	1
NPC90875	NPT51	1
NPC90875	NPT524	1
NPC90875	NPT93	1
NPC90896	NPT644	1
NPC9099	NPT862	1
NPC90998	NPT1028	1
NPC90998	NPT1540	1
NPC90998	NPT4036	1
NPC90998	NPT4037	1
NPC91234	NPT1371	1
NPC91341	NPT204	1
NPC91369	NPT178	1
NPC91478	NPT108	1
NPC91478	NPT248	1
NPC91478	NPT901	1
NPC91495	NPT106	1
NPC91495	NPT109	2
NPC91495	NPT149	2
NPC91495	NPT151	2
NPC91495	NPT277	1
NPC91495	NPT441	1
NPC91495	NPT45	1
NPC91495	NPT47	2
NPC91495	NPT48	2
NPC91495	NPT483	1
NPC91495	NPT50	1
NPC91495	NPT51	2
NPC91495	NPT539	1
NPC91495	NPT58	1
NPC91495	NPT72	1
NPC91495	NPT73	1
NPC91495	NPT792	2
NPC91495	NPT864	1
NPC91495	NPT866	2
NPC91495	NPT94	2
NPC91495	NPT99	1
NPC91560	NPT441	1
NPC9161	NPT713	1
NPC91695	NPT98	1
NPC91887	NPT1079	4
NPC91887	NPT1080	2
NPC92075	NPT178	2
NPC92111	NPT110	1
NPC92111	NPT1785	1
NPC92111	NPT208	1
NPC92111	NPT212	1
NPC92111	NPT290	2
NPC92111	NPT291	1
NPC92111	NPT292	2
NPC92111	NPT294	5
NPC92111	NPT4046	1
NPC92111	NPT4047	1
NPC92111	NPT864	1
NPC92111	NPT92	3
NPC92111	NPT973	1
NPC92111	NPT974	2
NPC92114	NPT144	1
NPC92246	NPT1667	2
NPC92246	NPT3783	1
NPC92299	NPT862	1
NPC92403	NPT4034	1
NPC92403	NPT45	1
NPC92403	NPT50	1
NPC92403	NPT532	1
NPC92403	NPT864	1
NPC92722	NPT1416	1
NPC92722	NPT51	1
NPC92730	NPT108	4
NPC92730	NPT109	2
NPC92730	NPT149	1
NPC92730	NPT151	1
NPC92730	NPT153	1
NPC92730	NPT210	1
NPC92730	NPT228	1
NPC92730	NPT246	1
NPC92730	NPT248	2
NPC92730	NPT294	1
NPC92730	NPT295	1
NPC92730	NPT3033	1
NPC92754	NPT483	1
NPC92815	NPT1062	1
NPC92815	NPT233	1
NPC92815	NPT949	1
NPC92815	NPT955	1
NPC92830	NPT3101	1
NPC92830	NPT947	1
NPC92830	NPT948	1
NPC92830	NPT949	1
NPC92830	NPT955	1
NPC92869	NPT109	1
NPC92869	NPT792	1
NPC93027	NPT204	1
NPC93084	NPT483	1
NPC93084	NPT94	1
NPC93219	NPT204	1
NPC93219	NPT740	1
NPC93241	NPT166	1
NPC93241	NPT203	1
NPC93241	NPT205	1
NPC93241	NPT206	1
NPC93241	NPT50	1
NPC93241	NPT51	1
NPC93241	NPT58	1
NPC93241	NPT59	1
NPC93365	NPT4059	1
NPC93365	NPT912	4
NPC93376	NPT3213	1
NPC93556	NPT1044	1
NPC93556	NPT1079	4
NPC93556	NPT1080	1
NPC93556	NPT322	1
NPC93556	NPT956	1
NPC93610	NPT1214	1
NPC93653	NPT1416	1
NPC93653	NPT151	1
NPC93653	NPT48	1
NPC93653	NPT93	1
NPC93653	NPT94	1
NPC93685	NPT472	7
NPC93730	NPT109	1
NPC93730	NPT153	1
NPC93730	NPT1604	1
NPC93730	NPT233	1
NPC93730	NPT282	1
NPC93730	NPT48	1
NPC93730	NPT483	1
NPC93730	NPT539	1
NPC93730	NPT792	1
NPC93730	NPT947	1
NPC93730	NPT948	1
NPC93730	NPT949	1
NPC93739	NPT47	1
NPC93739	NPT48	1
NPC93739	NPT51	1
NPC93739	NPT58	1
NPC93739	NPT59	1
NPC93739	NPT60	1
NPC93739	NPT956	1
NPC93756	NPT109	1
NPC93756	NPT51	1
NPC93756	NPT539	1
NPC93783	NPT211	1
NPC93882	NPT109	2
NPC93882	NPT110	1
NPC93882	NPT151	1
NPC93882	NPT208	1
NPC93882	NPT212	1
NPC93882	NPT213	1
NPC93882	NPT58	1
NPC93882	NPT792	1
NPC93882	NPT796	1
NPC93882	NPT94	1
NPC93962	NPT178	1
NPC93962	NPT204	1
NPC94045	NPT109	1
NPC94045	NPT149	1
NPC94045	NPT151	1
NPC94045	NPT45	1
NPC94045	NPT472	1
NPC94045	NPT48	1
NPC94045	NPT51	1
NPC94045	NPT539	1
NPC94045	NPT93	1
NPC94045	NPT94	1
NPC94167	NPT109	1
NPC94167	NPT1226	1
NPC94167	NPT149	1
NPC94167	NPT151	1
NPC94167	NPT157	1
NPC94167	NPT277	1
NPC94167	NPT282	1
NPC94167	NPT47	1
NPC94167	NPT50	1
NPC94167	NPT792	1
NPC94167	NPT94	1
NPC94298	NPT210	1
NPC94298	NPT50	1
NPC94298	NPT94	1
NPC94319	NPT2755	1
NPC94319	NPT94	1
NPC94368	NPT208	1
NPC94632	NPT483	1
NPC94632	NPT94	1
NPC9470	NPT1109	1
NPC9470	NPT1110	1
NPC9470	NPT1111	1
NPC94796	NPT981	1
NPC94980	NPT94	1
NPC95034	NPT540	1
NPC95123	NPT1038	1
NPC95123	NPT59	1
NPC95126	NPT3174	1
NPC95162	NPT1226	2
NPC95162	NPT149	3
NPC95162	NPT151	2
NPC95162	NPT212	1
NPC95162	NPT213	1
NPC95162	NPT233	1
NPC95162	NPT277	2
NPC95162	NPT282	2
NPC95162	NPT30	1
NPC95162	NPT3101	1
NPC95162	NPT48	2
NPC95162	NPT50	1
NPC95162	NPT51	2
NPC95162	NPT57	1
NPC95162	NPT792	1
NPC95162	NPT93	1
NPC95162	NPT94	2
NPC95162	NPT947	1
NPC95162	NPT948	1
NPC95162	NPT949	1
NPC95162	NPT955	1
NPC95172	NPT958	1
NPC95309	NPT233	1
NPC95309	NPT947	1
NPC95309	NPT948	1
NPC95309	NPT949	1
NPC95309	NPT954	1
NPC95309	NPT955	1
NPC95381	NPT1592	1
NPC95381	NPT77	1
NPC95412	NPT109	1
NPC95412	NPT149	1
NPC95412	NPT151	1
NPC95412	NPT282	2
NPC95412	NPT48	1
NPC95412	NPT50	1
NPC95412	NPT51	1
NPC95412	NPT713	2
NPC95412	NPT72	1
NPC95412	NPT73	1
NPC95412	NPT94	1
NPC95472	NPT48	1
NPC95472	NPT59	1
NPC95472	NPT864	1
NPC95589	NPT1062	1
NPC95589	NPT1063	1
NPC95589	NPT1143	1
NPC95589	NPT1144	1
NPC95589	NPT1146	1
NPC95589	NPT149	1
NPC95589	NPT208	1
NPC95589	NPT213	1
NPC95589	NPT233	2
NPC95589	NPT4104	1
NPC95589	NPT47	1
NPC95589	NPT5859	1
NPC95589	NPT792	1
NPC95589	NPT947	2
NPC95589	NPT948	2
NPC95589	NPT949	2
NPC95589	NPT954	1
NPC95589	NPT955	1
NPC95589	NPT96	1
NPC95679	NPT2230	1
NPC95716	NPT108	1
NPC95716	NPT248	1
NPC95716	NPT665	1
NPC95716	NPT669	1
NPC95755	NPT208	1
NPC95868	NPT1197	1
NPC95868	NPT483	1
NPC95868	NPT51	1
NPC95965	NPT4109	1
NPC96010	NPT1898	1
NPC9609	NPT585	1
NPC96102	NPT1078	2
NPC96102	NPT109	1
NPC96102	NPT110	1
NPC96102	NPT163	1
NPC96102	NPT1634	1
NPC96102	NPT1785	1
NPC96102	NPT208	1
NPC96102	NPT240	1
NPC96102	NPT2599	1
NPC96102	NPT290	1
NPC96102	NPT292	1
NPC96102	NPT294	2
NPC96102	NPT3595	1
NPC96102	NPT973	1
NPC96102	NPT974	1
NPC96286	NPT109	1
NPC96286	NPT1224	1
NPC96286	NPT31	1
NPC96286	NPT4115	1
NPC96286	NPT570	1
NPC96286	NPT668	1
NPC96286	NPT94	2
NPC96294	NPT3101	1
NPC96294	NPT947	1
NPC96294	NPT948	1
NPC96294	NPT949	1
NPC96294	NPT955	1
NPC96321	NPT346	2
NPC96321	NPT472	2
NPC9639	NPT94	1
NPC96408	NPT204	1
NPC96408	NPT439	1
NPC96565	NPT1464	1
NPC96565	NPT204	1
NPC96565	NPT30	1
NPC96565	NPT439	1
NPC96565	NPT740	1
NPC96619	NPT210	1
NPC96619	NPT539	1
NPC96619	NPT94	1
NPC96663	NPT178	1
NPC96835	NPT149	1
NPC96835	NPT210	1
NPC96835	NPT240	2
NPC96835	NPT50	1
NPC96835	NPT94	1
NPC96915	NPT51	1
NPC96940	NPT1287	23
NPC96940	NPT232	19
NPC96940	NPT244	1
NPC96940	NPT4119	2
NPC96940	NPT4120	2
NPC96940	NPT426	1
NPC96940	NPT543	1
NPC97028	NPT1422	1
NPC97260	NPT210	1
NPC97260	NPT50	1
NPC97380	NPT92	1
NPC9743	NPT109	1
NPC9743	NPT1119	1
NPC9743	NPT149	1
NPC9743	NPT163	1
NPC9743	NPT208	1
NPC9743	NPT211	1
NPC9743	NPT282	1
NPC9743	NPT792	1
NPC97432	NPT1566	1
NPC97525	NPT1287	1
NPC97525	NPT232	1
NPC97578	NPT30	1
NPC97578	NPT31	1
NPC97716	NPT178	1
NPC97811	NPT295	1
NPC97870	NPT109	1
NPC97870	NPT163	1
NPC97870	NPT208	1
NPC97870	NPT210	1
NPC97870	NPT48	1
NPC97870	NPT483	1
NPC97870	NPT50	1
NPC97870	NPT501	1
NPC97870	NPT58	2
NPC97870	NPT796	1
NPC97870	NPT96	1
NPC97939	NPT1197	1
NPC97939	NPT483	1
NPC97939	NPT59	1
NPC97939	NPT93	1
NPC98028	NPT149	1
NPC98028	NPT48	1
NPC98028	NPT538	1
NPC98028	NPT94	1
NPC98098	NPT210	1
NPC98098	NPT539	1
NPC98179	NPT204	1
NPC98254	NPT728	1
NPC98371	NPT1028	1
NPC98371	NPT1265	12
NPC98371	NPT13	11
NPC98371	NPT1337	17
NPC98371	NPT1371	4
NPC98371	NPT14	5
NPC98371	NPT1423	4
NPC98371	NPT1424	4
NPC98371	NPT1426	6
NPC98371	NPT1427	4
NPC98371	NPT1430	6
NPC98371	NPT1431	4
NPC98371	NPT1432	20
NPC98371	NPT1433	10
NPC98371	NPT1434	5
NPC98371	NPT1435	5
NPC98371	NPT1436	11
NPC98371	NPT1437	3
NPC98371	NPT1438	10
NPC98371	NPT1439	4
NPC98371	NPT144	4
NPC98371	NPT1440	15
NPC98371	NPT1441	7
NPC98371	NPT1442	4
NPC98371	NPT1443	2
NPC98371	NPT1447	2
NPC98371	NPT1448	3
NPC98371	NPT1449	11
NPC98371	NPT1478	26
NPC98371	NPT1479	9
NPC98371	NPT1480	5
NPC98371	NPT1481	7
NPC98371	NPT1598	1
NPC98371	NPT1608	12
NPC98371	NPT1611	4
NPC98371	NPT1612	2
NPC98371	NPT1613	3
NPC98371	NPT1614	2
NPC98371	NPT1615	2
NPC98371	NPT1630	4
NPC98371	NPT1650	13
NPC98371	NPT1656	4
NPC98371	NPT1658	3
NPC98371	NPT1659	5
NPC98371	NPT1660	4
NPC98371	NPT1661	11
NPC98371	NPT1663	4
NPC98371	NPT1672	2
NPC98371	NPT1673	2
NPC98371	NPT1674	2
NPC98371	NPT1675	2
NPC98371	NPT1676	2
NPC98371	NPT1677	2
NPC98371	NPT1678	2
NPC98371	NPT1680	9
NPC98371	NPT1681	2
NPC98371	NPT1682	2
NPC98371	NPT1683	2
NPC98371	NPT1684	2
NPC98371	NPT1685	2
NPC98371	NPT1686	2
NPC98371	NPT1687	2
NPC98371	NPT1688	2
NPC98371	NPT1689	6
NPC98371	NPT1690	2
NPC98371	NPT1691	3
NPC98371	NPT1693	2
NPC98371	NPT1695	4
NPC98371	NPT1696	2
NPC98371	NPT1697	2
NPC98371	NPT1699	2
NPC98371	NPT1700	4
NPC98371	NPT1701	3
NPC98371	NPT1702	2
NPC98371	NPT1703	4
NPC98371	NPT1705	3
NPC98371	NPT1706	2
NPC98371	NPT1707	2
NPC98371	NPT1708	2
NPC98371	NPT1709	2
NPC98371	NPT1710	2
NPC98371	NPT1711	2
NPC98371	NPT1712	3
NPC98371	NPT1713	2
NPC98371	NPT1717	3
NPC98371	NPT1721	6
NPC98371	NPT182	15
NPC98371	NPT1890	2
NPC98371	NPT2546	7
NPC98371	NPT2572	4
NPC98371	NPT2573	9
NPC98371	NPT2574	6
NPC98371	NPT2575	7
NPC98371	NPT2576	6
NPC98371	NPT2626	4
NPC98371	NPT2729	11
NPC98371	NPT2750	2
NPC98371	NPT281	11
NPC98371	NPT282	11
NPC98371	NPT283	2
NPC98371	NPT285	19
NPC98371	NPT286	6
NPC98371	NPT2941	3
NPC98371	NPT301	7
NPC98371	NPT3020	6
NPC98371	NPT3106	6
NPC98371	NPT3107	4
NPC98371	NPT3109	2
NPC98371	NPT3111	9
NPC98371	NPT3112	2
NPC98371	NPT3113	2
NPC98371	NPT3114	3
NPC98371	NPT3120	3
NPC98371	NPT3124	4
NPC98371	NPT3160	1
NPC98371	NPT3168	3
NPC98371	NPT3174	2
NPC98371	NPT3204	2
NPC98371	NPT3205	2
NPC98371	NPT3206	2
NPC98371	NPT3211	2
NPC98371	NPT3212	3
NPC98371	NPT3213	3
NPC98371	NPT3214	3
NPC98371	NPT3215	4
NPC98371	NPT3216	2
NPC98371	NPT3217	4
NPC98371	NPT3218	2
NPC98371	NPT3219	2
NPC98371	NPT3220	2
NPC98371	NPT3221	1
NPC98371	NPT3223	4
NPC98371	NPT3224	2
NPC98371	NPT3225	3
NPC98371	NPT3227	8
NPC98371	NPT3230	1
NPC98371	NPT3231	2
NPC98371	NPT3232	2
NPC98371	NPT3233	2
NPC98371	NPT3234	2
NPC98371	NPT3235	2
NPC98371	NPT3236	2
NPC98371	NPT3239	8
NPC98371	NPT3241	2
NPC98371	NPT3242	2
NPC98371	NPT3243	2
NPC98371	NPT3244	3
NPC98371	NPT3245	2
NPC98371	NPT3246	10
NPC98371	NPT3247	2
NPC98371	NPT3248	2
NPC98371	NPT3254	2
NPC98371	NPT3255	2
NPC98371	NPT3257	2
NPC98371	NPT3259	7
NPC98371	NPT3261	3
NPC98371	NPT3262	2
NPC98371	NPT3263	2
NPC98371	NPT3265	2
NPC98371	NPT3267	6
NPC98371	NPT3268	3
NPC98371	NPT3269	2
NPC98371	NPT3270	4
NPC98371	NPT3271	2
NPC98371	NPT3272	2
NPC98371	NPT3273	2
NPC98371	NPT3274	2
NPC98371	NPT3275	2
NPC98371	NPT3276	5
NPC98371	NPT3277	3
NPC98371	NPT3278	2
NPC98371	NPT3279	2
NPC98371	NPT3280	2
NPC98371	NPT3281	2
NPC98371	NPT3282	2
NPC98371	NPT3283	2
NPC98371	NPT3285	2
NPC98371	NPT3286	2
NPC98371	NPT3287	1
NPC98371	NPT3290	2
NPC98371	NPT3291	2
NPC98371	NPT3292	2
NPC98371	NPT3293	1
NPC98371	NPT3296	2
NPC98371	NPT3297	2
NPC98371	NPT3299	2
NPC98371	NPT3300	2
NPC98371	NPT3303	2
NPC98371	NPT3304	1
NPC98371	NPT3306	2
NPC98371	NPT3307	2
NPC98371	NPT3308	2
NPC98371	NPT3309	3
NPC98371	NPT3311	2
NPC98371	NPT3312	2
NPC98371	NPT3313	1
NPC98371	NPT3314	2
NPC98371	NPT3315	2
NPC98371	NPT3316	2
NPC98371	NPT3317	2
NPC98371	NPT3318	2
NPC98371	NPT3319	3
NPC98371	NPT3320	3
NPC98371	NPT3326	3
NPC98371	NPT3327	3
NPC98371	NPT3328	3
NPC98371	NPT3329	2
NPC98371	NPT3330	2
NPC98371	NPT3331	4
NPC98371	NPT3332	3
NPC98371	NPT3333	3
NPC98371	NPT3334	2
NPC98371	NPT3335	2
NPC98371	NPT3336	2
NPC98371	NPT3338	2
NPC98371	NPT3339	2
NPC98371	NPT3340	2
NPC98371	NPT3341	2
NPC98371	NPT3342	3
NPC98371	NPT3344	2
NPC98371	NPT3345	1
NPC98371	NPT3348	2
NPC98371	NPT3349	2
NPC98371	NPT3350	2
NPC98371	NPT3351	3
NPC98371	NPT3352	2
NPC98371	NPT3353	1
NPC98371	NPT3354	3
NPC98371	NPT3357	4
NPC98371	NPT3358	2
NPC98371	NPT3359	2
NPC98371	NPT3362	3
NPC98371	NPT3363	3
NPC98371	NPT3364	2
NPC98371	NPT3365	2
NPC98371	NPT3366	2
NPC98371	NPT3367	3
NPC98371	NPT3368	2
NPC98371	NPT3369	1
NPC98371	NPT3370	7
NPC98371	NPT3372	5
NPC98371	NPT3373	6
NPC98371	NPT3374	2
NPC98371	NPT3378	2
NPC98371	NPT3380	2
NPC98371	NPT3381	4
NPC98371	NPT3382	2
NPC98371	NPT3384	1
NPC98371	NPT3386	2
NPC98371	NPT3388	2
NPC98371	NPT3389	2
NPC98371	NPT3390	5
NPC98371	NPT3391	2
NPC98371	NPT3394	3
NPC98371	NPT3395	2
NPC98371	NPT3396	2
NPC98371	NPT3398	2
NPC98371	NPT3399	2
NPC98371	NPT3407	2
NPC98371	NPT3409	2
NPC98371	NPT3410	2
NPC98371	NPT3411	2
NPC98371	NPT3412	2
NPC98371	NPT3413	2
NPC98371	NPT3414	6
NPC98371	NPT3416	2
NPC98371	NPT3417	2
NPC98371	NPT3418	2
NPC98371	NPT3419	2
NPC98371	NPT3422	2
NPC98371	NPT3423	3
NPC98371	NPT3425	4
NPC98371	NPT3426	2
NPC98371	NPT3427	2
NPC98371	NPT3429	2
NPC98371	NPT3431	2
NPC98371	NPT3432	2
NPC98371	NPT3434	2
NPC98371	NPT3438	2
NPC98371	NPT3439	2
NPC98371	NPT3440	2
NPC98371	NPT3441	2
NPC98371	NPT3442	4
NPC98371	NPT3443	2
NPC98371	NPT3444	1
NPC98371	NPT3445	2
NPC98371	NPT3446	2
NPC98371	NPT3447	2
NPC98371	NPT3448	3
NPC98371	NPT3451	3
NPC98371	NPT3454	2
NPC98371	NPT3455	3
NPC98371	NPT3456	2
NPC98371	NPT3457	2
NPC98371	NPT3460	2
NPC98371	NPT3461	2
NPC98371	NPT3462	2
NPC98371	NPT36	26
NPC98371	NPT3960	3
NPC98371	NPT4031	2
NPC98371	NPT4088	3
NPC98371	NPT4093	3
NPC98371	NPT4096	2
NPC98371	NPT4146	1
NPC98371	NPT4147	1
NPC98371	NPT4448	2
NPC98371	NPT4449	2
NPC98371	NPT47	1
NPC98371	NPT491	12
NPC98371	NPT5020	2
NPC98371	NPT51	2
NPC98371	NPT591	32
NPC98371	NPT592	6
NPC98371	NPT6508	2
NPC98371	NPT676	3
NPC98371	NPT713	2
NPC98371	NPT728	20
NPC98371	NPT760	8
NPC98371	NPT761	9
NPC98371	NPT831	8
NPC98371	NPT833	8
NPC98371	NPT880	9
NPC98371	NPT881	9
NPC98371	NPT887	4
NPC98371	NPT94	1
NPC98371	NPT98	1
NPC98371	NPT981	9
NPC98371	NPT982	4
NPC98372	NPT233	1
NPC98372	NPT947	1
NPC98543	NPT233	1
NPC98543	NPT4161	1
NPC98543	NPT947	1
NPC98543	NPT948	1
NPC98543	NPT949	1
NPC98543	NPT954	1
NPC98543	NPT955	1
NPC988	NPT166	1
NPC988	NPT203	1
NPC988	NPT204	2
NPC988	NPT205	1
NPC988	NPT206	1
NPC988	NPT50	1
NPC988	NPT5886	2
NPC98809	NPT178	1
NPC98874	NPT1591	1
NPC99088	NPT483	1
NPC99179	NPT271	1
NPC99240	NPT109	1
NPC99240	NPT151	1
NPC99240	NPT539	1
NPC99240	NPT93	1
NPC99240	NPT94	1
NPC99417	NPT2797	1
NPC99428	NPT542	1
NPC99557	NPT888	1
NPC99572	NPT109	1
NPC99573	NPT78	1
NPC99659	NPT1785	1
NPC99659	NPT290	1
NPC99659	NPT4163	1
NPC99659	NPT92	1
NPC99666	NPT582	1
NPC99700	NPT947	1
NPC99700	NPT948	1
NPC99734	NPT108	4
NPC99734	NPT109	1
NPC99734	NPT145	1
NPC99734	NPT1540	1
NPC99734	NPT217	1
NPC99734	NPT218	1
NPC99734	NPT228	1
NPC99734	NPT246	1
NPC99734	NPT248	3
NPC99734	NPT249	1
NPC99734	NPT2581	1
NPC99734	NPT272	1
NPC99734	NPT2742	2
NPC99734	NPT295	1
NPC99734	NPT3604	1
NPC99734	NPT4036	1
NPC99734	NPT4037	1
NPC99734	NPT627	1
NPC99734	NPT713	2
NPC99734	NPT901	1
NPC99836	NPT1287	1
NPC99836	NPT232	1
NPC99836	NPT472	1
NPC99864	NPT109	2
NPC99864	NPT284	1
NPC99864	NPT4023	1
NPC99864	NPT4166	7
NPC99864	NPT4169	1
NPC99864	NPT4170	2
NPC99864	NPT543	1
NPC99864	NPT612	1
NPC99864	NPT713	1
NPC99864	NPT73	1
NPC99864	NPT940	2
NPC99886	NPT48	1
NPC99886	NPT94	1
NPC99891	NPT591	1
NPC99968	NPT865	1
