np_id	Ingredient_ID	Target_ID	Independent_Reference_Count	Reference_ID_List	Reference_ID_Type_List
NPC100039	NPC100039	NPT240	1	468500	PMID
NPC100067	NPC100067	NPT178	2	470572;470574	PMID
NPC100079	NPC100079	NPT109	1	448599	PMID
NPC100079	NPC100079	NPT110	1	448599	PMID
NPC100079	NPC100079	NPT1119	1	448598	PMID
NPC100079	NPC100079	NPT149	1	448599	PMID
NPC100079	NPC100079	NPT151	1	448598	PMID
NPC100079	NPC100079	NPT163	1	448599	PMID
NPC100079	NPC100079	NPT204	1	448622	PMID
NPC100079	NPC100079	NPT208	1	448599	PMID
NPC100079	NPC100079	NPT210	1	448599	PMID
NPC100079	NPC100079	NPT211	1	448599	PMID
NPC100079	NPC100079	NPT212	1	448599	PMID
NPC100079	NPC100079	NPT213	1	448599	PMID
NPC100079	NPC100079	NPT261	1	448616	PMID
NPC100079	NPC100079	NPT282	1	448599	PMID
NPC100079	NPC100079	NPT3166	1	448613	PMID
NPC100079	NPC100079	NPT439	1	448622	PMID
NPC100079	NPC100079	NPT45	1	448599	PMID
NPC100079	NPC100079	NPT46	1	448598	PMID
NPC100079	NPC100079	NPT50	1	448598	PMID
NPC100079	NPC100079	NPT51	2	448598;448601	PMID
NPC100079	NPC100079	NPT537	1	448600	PMID
NPC100079	NPC100079	NPT538	1	448600	PMID
NPC100079	NPC100079	NPT539	1	448599	PMID
NPC100079	NPC100079	NPT792	1	448599	PMID
NPC100079	NPC100079	NPT93	1	448601	PMID
NPC100079	NPC100079	NPT94	2	448598;448601	PMID
NPC100079	NPC100079	NPT940	1	448600	PMID
NPC100079	NPC100079	NPT96	1	448599	PMID
NPC100079	NPC100079	NPT99	1	448619	PMID
NPC100329	NPC100329	NPT1197	1	491151	PMID
NPC100329	NPC100329	NPT1282	1	491151	PMID
NPC100329	NPC100329	NPT483	1	491151	PMID
NPC100329	NPC100329	NPT537	1	491151	PMID
NPC100329	NPC100329	NPT538	1	491151	PMID
NPC100329	NPC100329	NPT93	1	491151	PMID
NPC100551	NPC100551	NPT1062	1	511379	PMID
NPC100551	NPC100551	NPT1063	2	511379;511401	PMID
NPC100551	NPC100551	NPT1143	1	511379	PMID
NPC100551	NPC100551	NPT1144	1	511379	PMID
NPC100551	NPC100551	NPT1146	1	511379	PMID
NPC100551	NPC100551	NPT151	2	511392;511393	PMID
NPC100551	NPC100551	NPT178	1	511408	PMID
NPC100551	NPC100551	NPT204	1	511478	PMID
NPC100551	NPC100551	NPT233	4	511369;511373;511379;511463	PMID
NPC100551	NPC100551	NPT30	1	511467	PMID
NPC100551	NPC100551	NPT4175	1	511453	PMID
NPC100551	NPC100551	NPT48	1	511392	PMID
NPC100551	NPC100551	NPT604	1	511359	PMID
NPC100551	NPC100551	NPT665	1	511420	PMID
NPC100551	NPC100551	NPT669	1	511416	PMID
NPC100551	NPC100551	NPT93	1	511392	PMID
NPC100551	NPC100551	NPT94	2	511392;511393	PMID
NPC100551	NPC100551	NPT947	4	511369;511373;511379;511463	PMID
NPC100551	NPC100551	NPT948	2	511379;511463	PMID
NPC100551	NPC100551	NPT949	1	511379	PMID
NPC100551	NPC100551	NPT954	1	511379	PMID
NPC100551	NPC100551	NPT955	1	511379	PMID
NPC100697	NPC100697	NPT38	1	575432	PMID
NPC100734	NPC100734	NPT109	1	480083	PMID
NPC100734	NPC100734	NPT208	1	480083	PMID
NPC100734	NPC100734	NPT210	1	480083	PMID
NPC100734	NPC100734	NPT211	1	480083	PMID
NPC100734	NPC100734	NPT2930	1	480083	PMID
NPC100734	NPC100734	NPT45	1	480083	PMID
NPC100734	NPC100734	NPT48	1	480083	PMID
NPC100734	NPC100734	NPT50	1	480083	PMID
NPC100734	NPC100734	NPT93	1	480083	PMID
NPC100734	NPC100734	NPT94	1	480083	PMID
NPC100742	NPC100742	NPT210	1	514035	PMID
NPC1008	NPC1008	NPT208	1	505327	PMID
NPC100809	NPC100809	NPT346	1	450326	PMID
NPC100887	NPC100887	NPT2629	1	453773	PMID
NPC100887	NPC100887	NPT46	1	453772	PMID
NPC100887	NPC100887	NPT47	2	453771;453772	PMID
NPC100887	NPC100887	NPT48	1	453771	PMID
NPC100887	NPC100887	NPT49	1	453771	PMID
NPC100887	NPC100887	NPT51	1	453771	PMID
NPC100887	NPC100887	NPT538	1	453771	PMID
NPC100887	NPC100887	NPT58	1	453771	PMID
NPC100887	NPC100887	NPT59	1	453771	PMID
NPC100887	NPC100887	NPT60	1	453771	PMID
NPC100887	NPC100887	NPT867	1	453771	PMID
NPC100898	NPC100898	NPT145	1	571448	PMID
NPC100898	NPC100898	NPT272	1	571448	PMID
NPC100925	NPC100925	NPT30	1	528307	PMID
NPC100925	NPC100925	NPT31	1	528307	PMID
NPC100971	NPC100971	NPT967	1	496410	PMID
NPC100980	NPC100980	NPT1062	4	564368;564369;564370;564388	PMID
NPC100980	NPC100980	NPT1063	4	564368;564369;564370;564388	PMID
NPC100980	NPC100980	NPT1143	4	564368;564369;564370;564388	PMID
NPC100980	NPC100980	NPT1144	3	564368;564370;564388	PMID
NPC100980	NPC100980	NPT1146	4	564368;564369;564370;564388	PMID
NPC100980	NPC100980	NPT233	11	564368;564369;564370;564372;564373;564386;564387;564388;564390;564399;564400	PMID
NPC100980	NPC100980	NPT3101	2	564370;564388	PMID
NPC100980	NPC100980	NPT50	1	564371	PMID
NPC100980	NPC100980	NPT501	1	564371	PMID
NPC100980	NPC100980	NPT947	10	564368;564369;564370;564372;564373;564386;564388;564390;564399;564400	PMID
NPC100980	NPC100980	NPT948	8	564368;564369;564370;564372;564386;564388;564390;564400	PMID
NPC100980	NPC100980	NPT949	7	564368;564369;564370;564372;564386;564388;564390	PMID
NPC100980	NPC100980	NPT954	4	564368;564369;564370;564388	PMID
NPC100980	NPC100980	NPT955	3	564368;564370;564388	PMID
NPC100986	NPC100986	NPT151	1	569159	PMID
NPC100986	NPC100986	NPT48	1	569159	PMID
NPC100986	NPC100986	NPT94	1	569159	PMID
NPC100998	NPC100998	NPT182	1	564024	PMID
NPC101139	NPC101139	NPT1132	1	572596	PMID
NPC101139	NPC101139	NPT1133	1	572596	PMID
NPC101139	NPC101139	NPT499	1	572595	PMID
NPC101294	NPC101294	NPT668	1	534738	PMID
NPC101307	NPC101307	NPT109	1	572166	PMID
NPC101307	NPC101307	NPT51	1	572167	PMID
NPC101307	NPC101307	NPT94	1	572167	PMID
NPC101475	NPC101475	NPT1270	1	458909	PMID
NPC101475	NPC101475	NPT178	1	458912	PMID
NPC101475	NPC101475	NPT41	1	458909	PMID
NPC101670	NPC101670	NPT905	1	509041	PMID
NPC101793	NPC101793	NPT178	1	28140583	PMID
NPC101830	NPC101830	NPT1422	1	507148	PMID
NPC101830	NPC101830	NPT668	1	507148	PMID
NPC102167	NPC102167	NPT5406	1	28075581	PMID
NPC102167	NPC102167	NPT713	1	23956101	PMID
NPC102338	NPC102338	NPT145	1	501245	PMID
NPC102338	NPC102338	NPT221	1	501245	PMID
NPC102338	NPC102338	NPT271	1	501242	PMID
NPC102338	NPC102338	NPT272	1	501245	PMID
NPC10251	NPC10251	NPT210	1	458919	PMID
NPC10251	NPC10251	NPT214	1	458918	PMID
NPC10251	NPC10251	NPT50	1	458920	PMID
NPC10251	NPC10251	NPT864	1	458920	PMID
NPC10262	NPC10262	NPT1132	1	491640	PMID
NPC10262	NPC10262	NPT1133	1	491640	PMID
NPC102683	NPC102683	NPT59	1	550362	PMID
NPC102686	NPC102686	NPT46	1	527450	PMID
NPC102686	NPC102686	NPT47	1	527450	PMID
NPC102686	NPC102686	NPT94	1	527450	PMID
NPC102810	NPC102810	NPT149	1	570125	PMID
NPC102810	NPC102810	NPT282	1	570125	PMID
NPC102810	NPC102810	NPT45	1	570125	PMID
NPC102810	NPC102810	NPT48	1	570125	PMID
NPC102810	NPC102810	NPT51	1	570125	PMID
NPC102810	NPC102810	NPT539	1	570125	PMID
NPC102810	NPC102810	NPT792	1	570125	PMID
NPC102810	NPC102810	NPT94	1	570125	PMID
NPC102843	NPC102843	NPT47	1	515526	PMID
NPC102843	NPC102843	NPT48	1	515526	PMID
NPC102843	NPC102843	NPT51	1	515526	PMID
NPC10286	NPC10286	NPT211	2	506117;506118	PMID
NPC10286	NPC10286	NPT212	1	506118	PMID
NPC10286	NPC10286	NPT48	1	506117	PMID
NPC103001	NPC103001	NPT48	1	540253	PMID
NPC103001	NPC103001	NPT51	1	540253	PMID
NPC103213	NPC103213	NPT109	1	466079	PMID
NPC103213	NPC103213	NPT51	1	466077	PMID
NPC103213	NPC103213	NPT792	1	466077	PMID
NPC103213	NPC103213	NPT901	1	466089	PMID
NPC103342	NPC103342	NPT109	1	451745	PMID
NPC103342	NPC103342	NPT110	1	451745	PMID
NPC103342	NPC103342	NPT47	1	451746	PMID
NPC103342	NPC103342	NPT48	1	451746	PMID
NPC103342	NPC103342	NPT49	1	451746	PMID
NPC103342	NPC103342	NPT57	1	451746	PMID
NPC103342	NPC103342	NPT59	1	451746	PMID
NPC103488	NPC103488	NPT204	1	505352	PMID
NPC103540	NPC103540	NPT1197	1	517548	PMID
NPC103540	NPC103540	NPT149	1	517546	PMID
NPC103540	NPC103540	NPT151	1	517547	PMID
NPC103540	NPC103540	NPT210	1	517546	PMID
NPC103540	NPC103540	NPT282	3	517546;517547;517548	PMID
NPC103540	NPC103540	NPT483	2	517546;517547	PMID
NPC103540	NPC103540	NPT50	1	517547	PMID
NPC103540	NPC103540	NPT51	2	517547;517548	PMID
NPC103540	NPC103540	NPT792	1	517546	PMID
NPC103540	NPC103540	NPT93	1	517548	PMID
NPC103540	NPC103540	NPT94	1	517546	PMID
NPC103712	NPC103712	NPT910	1	521234	PMID
NPC104222	NPC104222	NPT2533	1	549860	PMID
NPC104222	NPC104222	NPT4218	1	549880	PMID
NPC104222	NPC104222	NPT740	1	549874	PMID
NPC104677	NPC104677	NPT109	1	548145	PMID
NPC104677	NPC104677	NPT110	1	548145	PMID
NPC104796	NPC104796	NPT151	1	543577	PMID
NPC104796	NPC104796	NPT48	1	543577	PMID
NPC104796	NPC104796	NPT94	1	543577	PMID
NPC104983	NPC104983	NPT740	1	451942	PMID
NPC105213	NPC105213	NPT178	1	507353	PMID
NPC105329	NPC105329	NPT208	1	569846	PMID
NPC105511	NPC105511	NPT93	1	453244	PMID
NPC105511	NPC105511	NPT94	1	453244	PMID
NPC105513	NPC105513	NPT290	1	544099	PMID
NPC105513	NPC105513	NPT291	1	544099	PMID
NPC105513	NPC105513	NPT292	1	544099	PMID
NPC105584	NPC105584	NPT178	1	546042	PMID
NPC105648	NPC105648	NPT109	1	567802	PMID
NPC105648	NPC105648	NPT149	1	567802	PMID
NPC105648	NPC105648	NPT151	2	567802;567804	PMID
NPC105648	NPC105648	NPT282	1	567802	PMID
NPC105648	NPC105648	NPT792	1	567802	PMID
NPC105648	NPC105648	NPT94	1	567802	PMID
NPC105727	NPC105727	NPT1265	1	479310	PMID
NPC105727	NPC105727	NPT1436	1	479310	PMID
NPC105727	NPC105727	NPT1440	1	479310	PMID
NPC105727	NPC105727	NPT1480	1	479310	PMID
NPC105727	NPC105727	NPT1661	1	479310	PMID
NPC105727	NPC105727	NPT1672	1	479310	PMID
NPC105727	NPC105727	NPT1674	1	479310	PMID
NPC105727	NPC105727	NPT1678	1	479310	PMID
NPC105727	NPC105727	NPT1682	1	479310	PMID
NPC105727	NPC105727	NPT1703	1	479310	PMID
NPC105727	NPC105727	NPT1705	1	479310	PMID
NPC105727	NPC105727	NPT301	1	479310	PMID
NPC105727	NPC105727	NPT3020	1	479310	PMID
NPC105727	NPC105727	NPT3107	1	479310	PMID
NPC105727	NPC105727	NPT3114	1	479310	PMID
NPC105727	NPC105727	NPT3168	1	479310	PMID
NPC105727	NPC105727	NPT3205	1	479310	PMID
NPC105727	NPC105727	NPT3207	1	479310	PMID
NPC105727	NPC105727	NPT3245	1	479310	PMID
NPC105727	NPC105727	NPT3246	1	479310	PMID
NPC105727	NPC105727	NPT3262	1	479310	PMID
NPC105727	NPC105727	NPT3274	1	479310	PMID
NPC105727	NPC105727	NPT3275	1	479310	PMID
NPC105727	NPC105727	NPT3277	1	479310	PMID
NPC105727	NPC105727	NPT3280	1	479310	PMID
NPC105727	NPC105727	NPT3282	1	479310	PMID
NPC105727	NPC105727	NPT3287	1	479310	PMID
NPC105727	NPC105727	NPT3290	1	479310	PMID
NPC105727	NPC105727	NPT3309	1	479310	PMID
NPC105727	NPC105727	NPT3316	1	479310	PMID
NPC105727	NPC105727	NPT3318	1	479310	PMID
NPC105727	NPC105727	NPT3324	1	479310	PMID
NPC105727	NPC105727	NPT3327	1	479310	PMID
NPC105727	NPC105727	NPT3331	1	479310	PMID
NPC105727	NPC105727	NPT3370	1	479310	PMID
NPC105727	NPC105727	NPT3373	1	479310	PMID
NPC105727	NPC105727	NPT3417	1	479310	PMID
NPC105727	NPC105727	NPT3431	1	479310	PMID
NPC105727	NPC105727	NPT3448	1	479310	PMID
NPC105727	NPC105727	NPT3456	1	479310	PMID
NPC105727	NPC105727	NPT3457	1	479310	PMID
NPC105727	NPC105727	NPT591	1	479310	PMID
NPC105727	NPC105727	NPT592	1	479310	PMID
NPC105727	NPC105727	NPT676	1	479310	PMID
NPC105727	NPC105727	NPT833	1	479310	PMID
NPC105727	NPC105727	NPT867	1	479311	PMID
NPC105727	NPC105727	NPT887	1	479310	PMID
NPC105942	NPC105942	NPT721	1	546547	PMID
NPC106334	NPC106334	NPT2796	1	570468	PMID
NPC106334	NPC106334	NPT47	1	570468	PMID
NPC106334	NPC106334	NPT48	1	570468	PMID
NPC106334	NPC106334	NPT51	1	570468	PMID
NPC106334	NPC106334	NPT52	1	570468	PMID
NPC106334	NPC106334	NPT538	1	570468	PMID
NPC106334	NPC106334	NPT57	1	570468	PMID
NPC106334	NPC106334	NPT58	1	570468	PMID
NPC106334	NPC106334	NPT59	1	570468	PMID
NPC10636	NPC10636	NPT1214	1	507735	PMID
NPC10636	NPC10636	NPT2584	1	507735	PMID
NPC106526	NPC106526	NPT760	1	520848	PMID
NPC106551	NPC106551	NPT1157	1	488930	PMID
NPC106791	NPC106791	NPT47	2	523206;523207	PMID
NPC106937	NPC106937	NPT290	1	553598	PMID
NPC106937	NPC106937	NPT291	1	553598	PMID
NPC106937	NPC106937	NPT292	1	553598	PMID
NPC106944	NPC106944	NPT106	1	554327	PMID
NPC106944	NPC106944	NPT99	1	554327	PMID
NPC106976	NPC106976	NPT178	1	540525	PMID
NPC107101	NPC107101	NPT483	1	461211	PMID
NPC107135	NPC107135	NPT210	1	488781	PMID
NPC107135	NPC107135	NPT4218	1	488783	PMID
NPC107135	NPC107135	NPT94	1	488781	PMID
NPC107177	NPC107177	NPT740	1	520072	PMID
NPC107482	NPC107482	NPT210	1	559270	PMID
NPC107482	NPC107482	NPT94	1	559270	PMID
NPC1075	NPC1075	NPT149	3	463095;463096;463097	PMID
NPC1075	NPC1075	NPT210	2	463095;463096	PMID
NPC1075	NPC1075	NPT211	1	463095	PMID
NPC1075	NPC1075	NPT212	1	463095	PMID
NPC1075	NPC1075	NPT48	1	463095	PMID
NPC107522	NPC107522	NPT346	1	556009	PMID
NPC107572	NPC107572	NPT108	1	523280	PMID
NPC107572	NPC107572	NPT248	1	523280	PMID
NPC107572	NPC107572	NPT273	1	523282	PMID
NPC107672	NPC107672	NPT865	1	449571	PMID
NPC10781	NPC10781	NPT1157	2	525388;525392	PMID
NPC10781	NPC10781	NPT4309	1	525391	PMID
NPC10781	NPC10781	NPT801	2	525389;525390	PMID
NPC10781	NPC10781	NPT802	1	525385	PMID
NPC108191	NPC108191	NPT51	1	505554	PMID
NPC1082	NPC1082	NPT214	1	510023	PMID
NPC1082	NPC1082	NPT233	1	510026	PMID
NPC108218	NPC108218	NPT50	1	567391	PMID
NPC108288	NPC108288	NPT1078	1	469708	PMID
NPC108288	NPC108288	NPT109	1	469716	PMID
NPC108288	NPC108288	NPT1226	1	469716	PMID
NPC108288	NPC108288	NPT149	1	469716	PMID
NPC108288	NPC108288	NPT151	1	469716	PMID
NPC108288	NPC108288	NPT157	1	469716	PMID
NPC108288	NPC108288	NPT277	1	469716	PMID
NPC108288	NPC108288	NPT282	1	469716	PMID
NPC108288	NPC108288	NPT346	1	469738	PMID
NPC108288	NPC108288	NPT45	1	469716	PMID
NPC108288	NPC108288	NPT46	2	469715;469716	PMID
NPC108288	NPC108288	NPT47	2	469715;469716	PMID
NPC108288	NPC108288	NPT48	1	469716	PMID
NPC108288	NPC108288	NPT49	1	469716	PMID
NPC108288	NPC108288	NPT50	1	469716	PMID
NPC108288	NPC108288	NPT51	1	469716	PMID
NPC108288	NPC108288	NPT539	1	469716	PMID
NPC108288	NPC108288	NPT58	2	469715;469716	PMID
NPC108288	NPC108288	NPT755	5	469727;469731;469733;469734;469736	PMID
NPC108288	NPC108288	NPT792	1	469716	PMID
NPC108288	NPC108288	NPT911	1	469710	PMID
NPC108288	NPC108288	NPT94	1	469716	PMID
NPC108406	NPC108406	NPT1720	1	536237	PMID
NPC10842	NPC10842	NPT1044	1	483561	PMID
NPC108434	NPC108434	NPT1038	1	456996	PMID
NPC108434	NPC108434	NPT48	1	456996	PMID
NPC108434	NPC108434	NPT50	1	456996	PMID
NPC108434	NPC108434	NPT51	1	456996	PMID
NPC108434	NPC108434	NPT52	1	456996	PMID
NPC108455	NPC108455	NPT41	1	533179	PMID
NPC108456	NPC108456	NPT3971	1	537059	PMID
NPC108553	NPC108553	NPT42	1	522355	PMID
NPC108606	NPC108606	NPT211	1	470938	PMID
NPC108606	NPC108606	NPT483	1	470938	PMID
NPC108800	NPC108800	NPT109	1	553480	PMID
NPC108800	NPC108800	NPT149	1	553480	PMID
NPC108800	NPC108800	NPT151	1	553480	PMID
NPC108800	NPC108800	NPT210	1	553480	PMID
NPC108800	NPC108800	NPT2653	1	553484	PMID
NPC108800	NPC108800	NPT94	1	553480	PMID
NPC108811	NPC108811	NPT920	1	498514	PMID
NPC108957	NPC108957	NPT210	1	448918	PMID
NPC108957	NPC108957	NPT211	1	448918	PMID
NPC108957	NPC108957	NPT212	1	448918	PMID
NPC108957	NPC108957	NPT483	1	448917	PMID
NPC109083	NPC109083	NPT1038	1	465425	PMID
NPC109083	NPC109083	NPT1044	1	465500	PMID
NPC109083	NPC109083	NPT1062	1	465417	PMID
NPC109083	NPC109083	NPT1063	1	465417	PMID
NPC109083	NPC109083	NPT1079	1	465598	PMID
NPC109083	NPC109083	NPT109	2	465355;465424	PMID
NPC109083	NPC109083	NPT1090	1	465373	PMID
NPC109083	NPC109083	NPT110	1	465355	PMID
NPC109083	NPC109083	NPT1137	1	465528	PMID
NPC109083	NPC109083	NPT1138	1	465528	PMID
NPC109083	NPC109083	NPT1143	1	465417	PMID
NPC109083	NPC109083	NPT1144	1	465417	PMID
NPC109083	NPC109083	NPT1146	1	465417	PMID
NPC109083	NPC109083	NPT149	1	465424	PMID
NPC109083	NPC109083	NPT151	1	465424	PMID
NPC109083	NPC109083	NPT152	1	465555	PMID
NPC109083	NPC109083	NPT1566	2	465435;465451	PMID
NPC109083	NPC109083	NPT163	1	465617	PMID
NPC109083	NPC109083	NPT1674	2	465481;465482	PMID
NPC109083	NPC109083	NPT198	1	465511	PMID
NPC109083	NPC109083	NPT208	1	465355	PMID
NPC109083	NPC109083	NPT212	1	465355	PMID
NPC109083	NPC109083	NPT233	1	465417	PMID
NPC109083	NPC109083	NPT2553	1	465530	PMID
NPC109083	NPC109083	NPT280	1	465372	PMID
NPC109083	NPC109083	NPT282	1	465424	PMID
NPC109083	NPC109083	NPT285	1	465506	PMID
NPC109083	NPC109083	NPT2930	1	465424	PMID
NPC109083	NPC109083	NPT30	4	465346;465361;465438;465555	PMID
NPC109083	NPC109083	NPT31	2	465319;465438	PMID
NPC109083	NPC109083	NPT3101	1	465417	PMID
NPC109083	NPC109083	NPT3517	1	465346	PMID
NPC109083	NPC109083	NPT38	3	465512;465513;465555	PMID
NPC109083	NPC109083	NPT4245	1	465324	PMID
NPC109083	NPC109083	NPT4252	1	465427	PMID
NPC109083	NPC109083	NPT45	1	465424	PMID
NPC109083	NPC109083	NPT48	2	465424;465426	PMID
NPC109083	NPC109083	NPT50	1	465424	PMID
NPC109083	NPC109083	NPT51	2	465424;465426	PMID
NPC109083	NPC109083	NPT539	1	465424	PMID
NPC109083	NPC109083	NPT570	2	465346;465555	PMID
NPC109083	NPC109083	NPT627	1	465355	PMID
NPC109083	NPC109083	NPT668	1	465603	PMID
NPC109083	NPC109083	NPT677	2	465505;465508	PMID
NPC109083	NPC109083	NPT74	1	465617	PMID
NPC109083	NPC109083	NPT740	2	465485;465563	PMID
NPC109083	NPC109083	NPT761	1	465397	PMID
NPC109083	NPC109083	NPT78	7	465322;465337;465369;465527;465534;465563;465602	PMID
NPC109083	NPC109083	NPT792	2	465424;465555	PMID
NPC109083	NPC109083	NPT798	1	465427	PMID
NPC109083	NPC109083	NPT801	1	465427	PMID
NPC109083	NPC109083	NPT881	1	465397	PMID
NPC109083	NPC109083	NPT887	1	465397	PMID
NPC109083	NPC109083	NPT94	1	465424	PMID
NPC109083	NPC109083	NPT947	1	465417	PMID
NPC109083	NPC109083	NPT948	1	465417	PMID
NPC109083	NPC109083	NPT949	1	465417	PMID
NPC109083	NPC109083	NPT954	1	465417	PMID
NPC109083	NPC109083	NPT955	1	465417	PMID
NPC109083	NPC109083	NPT956	1	465555	PMID
NPC109083	NPC109083	NPT958	1	465406	PMID
NPC10915	NPC10915	NPT282	1	451077	PMID
NPC109151	NPC109151	NPT204	1	536132	PMID
NPC10926	NPC10926	NPT865	1	526715	PMID
NPC109322	NPC109322	NPT4059	2	494459;494461	PMID
NPC109322	NPC109322	NPT483	2	494462;494463	PMID
NPC10937	NPC10937	NPT441	1	534130	PMID
NPC109637	NPC109637	NPT1226	1	489369	PMID
NPC109637	NPC109637	NPT149	1	489369	PMID
NPC109637	NPC109637	NPT151	1	489370	PMID
NPC109637	NPC109637	NPT277	1	489369	PMID
NPC109637	NPC109637	NPT51	1	489370	PMID
NPC109637	NPC109637	NPT539	1	489369	PMID
NPC109637	NPC109637	NPT93	1	489369	PMID
NPC109637	NPC109637	NPT94	2	489369;489370	PMID
NPC109713	NPC109713	NPT178	1	538831	PMID
NPC109813	NPC109813	NPT1287	1	500123	PMID
NPC10990	NPC10990	NPT204	1	451728	PMID
NPC109955	NPC109955	NPT967	1	466177	PMID
NPC110067	NPC110067	NPT109	1	568861	PMID
NPC110067	NPC110067	NPT94	1	568861	PMID
NPC110072	NPC110072	NPT261	1	537081	PMID
NPC110072	NPC110072	NPT582	1	537081	PMID
NPC110126	NPC110126	NPT109	2	515614;515616	PMID
NPC110126	NPC110126	NPT110	2	515615;515616	PMID
NPC110126	NPC110126	NPT149	2	515614;515615	PMID
NPC110126	NPC110126	NPT210	1	515615	PMID
NPC110126	NPC110126	NPT213	1	515615	PMID
NPC110126	NPC110126	NPT48	1	515614	PMID
NPC110126	NPC110126	NPT94	2	515614;515616	PMID
NPC110136	NPC110136	NPT109	1	530446	PMID
NPC110136	NPC110136	NPT4274	2	530448;530451	PMID
NPC110136	NPC110136	NPT48	1	530446	PMID
NPC110136	NPC110136	NPT862	6	530445;530447;530449;530450;530452;530453	PMID
NPC110136	NPC110136	NPT94	1	530446	PMID
NPC110158	NPC110158	NPT240	1	530500	PMID
NPC110234	NPC110234	NPT1418	1	521819	PMID
NPC110303	NPC110303	NPT178	1	531466	PMID
NPC110396	NPC110396	NPT109	1	476090	PMID
NPC110396	NPC110396	NPT282	1	476090	PMID
NPC110396	NPC110396	NPT4034	1	476091	PMID
NPC110396	NPC110396	NPT45	1	476090	PMID
NPC110396	NPC110396	NPT48	1	476090	PMID
NPC110396	NPC110396	NPT51	1	476090	PMID
NPC110396	NPC110396	NPT539	1	476090	PMID
NPC110396	NPC110396	NPT93	1	476090	PMID
NPC110416	NPC110416	NPT242	1	479866	PMID
NPC110416	NPC110416	NPT243	1	479866	PMID
NPC110416	NPC110416	NPT244	1	479866	PMID
NPC110416	NPC110416	NPT296	1	479866	PMID
NPC110496	NPC110496	NPT540	1	573990	PMID
NPC110500	NPC110500	NPT109	1	460273	PMID
NPC110500	NPC110500	NPT48	1	460273	PMID
NPC110500	NPC110500	NPT51	1	460273	PMID
NPC110500	NPC110500	NPT792	1	460273	PMID
NPC110533	NPC110533	NPT51	1	523813	PMID
NPC110641	NPC110641	NPT2608	1	568489	PMID
NPC110704	NPC110704	NPT178	1	514131	PMID
NPC110764	NPC110764	NPT48	1	465205	PMID
NPC110764	NPC110764	NPT51	1	465205	PMID
NPC110764	NPC110764	NPT60	1	465205	PMID
NPC110764	NPC110764	NPT94	1	465205	PMID
NPC110882	NPC110882	NPT178	1	527343	PMID
NPC110882	NPC110882	NPT211	1	527342	PMID
NPC110899	NPC110899	NPT1062	1	567205	PMID
NPC110899	NPC110899	NPT1063	1	567205	PMID
NPC110899	NPC110899	NPT1143	1	567205	PMID
NPC110899	NPC110899	NPT1144	1	567205	PMID
NPC110899	NPC110899	NPT1146	1	567205	PMID
NPC110899	NPC110899	NPT233	1	567205	PMID
NPC110899	NPC110899	NPT947	1	567205	PMID
NPC110899	NPC110899	NPT948	1	567205	PMID
NPC110899	NPC110899	NPT949	1	567205	PMID
NPC110899	NPC110899	NPT954	1	567205	PMID
NPC110899	NPC110899	NPT955	1	567205	PMID
NPC110969	NPC110969	NPT99	1	536094	PMID
NPC111088	NPC111088	NPT208	1	504897	PMID
NPC111088	NPC111088	NPT210	1	504897	PMID
NPC111088	NPC111088	NPT2818	1	504998	PMID
NPC111088	NPC111088	NPT30	6	504844;504849;504851;504874;504883;504917	PMID
NPC111088	NPC111088	NPT31	10	504835;504844;504849;504851;504874;504901;504917;504936;504981;504994	PMID
NPC111088	NPC111088	NPT3504	3	504861;504928;504994	PMID
NPC111088	NPC111088	NPT3507	2	504928;504994	PMID
NPC111088	NPC111088	NPT665	1	504926	PMID
NPC111112	NPC111112	NPT178	1	489825	PMID
NPC111112	NPC111112	NPT279	1	489827	PMID
NPC111112	NPC111112	NPT280	1	489828	PMID
NPC111112	NPC111112	NPT568	1	489828	PMID
NPC111132	NPC111132	NPT1546	1	449946	PMID
NPC111132	NPC111132	NPT210	1	449933	PMID
NPC111132	NPC111132	NPT251	12	449871;449872;449904;449913;449914;449927;449928;449931;449936;449958;449965;449969	PMID
NPC111132	NPC111132	NPT252	11	449871;449896;449904;449913;449914;449927;449928;449936;449958;449965;449984	PMID
NPC111132	NPC111132	NPT483	1	449932	PMID
NPC111132	NPC111132	NPT987	19	449871;449879;449893;449904;449913;449914;449927;449928;449929;449936;449938;449943;449958;449965;449969;449970;449978;449986;449987	PMID
NPC111132	NPC111132	NPT988	27	449871;449879;449893;449900;449904;449909;449911;449913;449914;449922;449924;449927;449928;449930;449936;449938;449943;449944;449956;449958;449965;449966;449967;449969;449970;449977;449987	PMID
NPC111201	NPC111201	NPT109	1	523874	PMID
NPC111201	NPC111201	NPT157	1	523874	PMID
NPC111201	NPC111201	NPT94	1	523874	PMID
NPC111234	NPC111234	NPT178	1	491461	PMID
NPC111323	NPC111323	NPT2536	1	570172	PMID
NPC111485	NPC111485	NPT92	1	529653	PMID
NPC11150	NPC11150	NPT210	2	551768;551769	PMID
NPC11150	NPC11150	NPT539	1	551768	PMID
NPC111602	NPC111602	NPT439	1	538861	PMID
NPC11173	NPC11173	NPT261	1	506409	PMID
NPC11173	NPC11173	NPT582	1	506409	PMID
NPC111786	NPC111786	NPT178	1	494942	PMID
NPC111888	NPC111888	NPT1197	1	511994	PMID
NPC111888	NPC111888	NPT2230	1	511977	PMID
NPC112009	NPC112009	NPT178	1	501233	PMID
NPC112224	NPC112224	NPT109	1	506601	PMID
NPC112224	NPC112224	NPT1518	1	506606	PMID
NPC112224	NPC112224	NPT1519	1	506606	PMID
NPC112224	NPC112224	NPT1520	1	506606	PMID
NPC112224	NPC112224	NPT208	1	506601	PMID
NPC112224	NPC112224	NPT210	1	506601	PMID
NPC112224	NPC112224	NPT48	1	506601	PMID
NPC112224	NPC112224	NPT58	1	506603	PMID
NPC112224	NPC112224	NPT94	1	506602	PMID
NPC112454	NPC112454	NPT1210	1	452509	PMID
NPC112454	NPC112454	NPT144	1	452491	PMID
NPC112454	NPC112454	NPT1583	1	452470	PMID
NPC112454	NPC112454	NPT178	2	452475;452509	PMID
NPC112454	NPC112454	NPT205	2	452475;452509	PMID
NPC112454	NPC112454	NPT206	2	452475;452509	PMID
NPC112454	NPC112454	NPT2570	1	452475	PMID
NPC11250	NPC11250	NPT3174	1	518309	PMID
NPC112552	NPC112552	NPT1078	1	495897	PMID
NPC112552	NPC112552	NPT3060	1	495905	PMID
NPC112552	NPC112552	NPT911	1	495905	PMID
NPC112609	NPC112609	NPT240	1	451215	PMID
NPC112676	NPC112676	NPT1371	1	544764	PMID
NPC112701	NPC112701	NPT48	1	509833	PMID
NPC112701	NPC112701	NPT60	1	509833	PMID
NPC112789	NPC112789	NPT30	1	484386	PMID
NPC112789	NPC112789	NPT31	1	484386	PMID
NPC112890	NPC112890	NPT1557	1	520028	PMID
NPC112937	NPC112937	NPT151	1	550560	PMID
NPC112937	NPC112937	NPT48	2	550559;550560	PMID
NPC112937	NPC112937	NPT94	2	550559;550560	PMID
NPC112954	NPC112954	NPT3172	1	551386	PMID
NPC113089	NPC113089	NPT668	1	463291	PMID
NPC113455	NPC113455	NPT640	1	490695	PMID
NPC113455	NPC113455	NPT641	1	490695	PMID
NPC113670	NPC113670	NPT208	1	567239	PMID
NPC113670	NPC113670	NPT94	1	567241	PMID
NPC113733	NPC113733	NPT59	2	486237;486244	PMID
NPC113836	NPC113836	NPT862	1	490570	PMID
NPC113989	NPC113989	NPT47	1	489967	PMID
NPC113989	NPC113989	NPT59	1	489967	PMID
NPC114159	NPC114159	NPT178	1	453327	PMID
NPC114179	NPC114179	NPT740	1	533703	PMID
NPC114209	NPC114209	NPT60	1	504540	PMID
NPC114270	NPC114270	NPT50	1	539090	PMID
NPC114325	NPC114325	NPT210	1	487534	PMID
NPC114325	NPC114325	NPT233	1	487533	PMID
NPC114325	NPC114325	NPT539	1	487535	PMID
NPC114325	NPC114325	NPT947	1	487533	PMID
NPC11433	NPC11433	NPT1006	1	559490	PMID
NPC11433	NPC11433	NPT1166	1	559493	PMID
NPC11433	NPC11433	NPT483	1	559489	PMID
NPC114365	NPC114365	NPT1038	1	474005	PMID
NPC114365	NPC114365	NPT426	1	474002	PMID
NPC114365	NPC114365	NPT4324	1	474002	PMID
NPC114517	NPC114517	NPT1006	1	473124	PMID
NPC114517	NPC114517	NPT810	2	473127;473129	PMID
NPC114517	NPC114517	NPT817	1	473127	PMID
NPC114586	NPC114586	NPT94	1	450147	PMID
NPC114682	NPC114682	NPT1226	1	486725	PMID
NPC114682	NPC114682	NPT47	1	486725	PMID
NPC114682	NPC114682	NPT48	1	486725	PMID
NPC114682	NPC114682	NPT49	1	486725	PMID
NPC114682	NPC114682	NPT50	1	486725	PMID
NPC114682	NPC114682	NPT57	1	486725	PMID
NPC114682	NPC114682	NPT58	1	486725	PMID
NPC114682	NPC114682	NPT59	1	486725	PMID
NPC114682	NPC114682	NPT60	1	486725	PMID
NPC114682	NPC114682	NPT798	1	486725	PMID
NPC114682	NPC114682	NPT801	1	486725	PMID
NPC114682	NPC114682	NPT864	1	486725	PMID
NPC114682	NPC114682	NPT867	1	486725	PMID
NPC114682	NPC114682	NPT94	1	486725	PMID
NPC114682	NPC114682	NPT979	1	486725	PMID
NPC114791	NPC114791	NPT1210	1	489025	PMID
NPC114791	NPC114791	NPT178	1	489025	PMID
NPC114891	NPC114891	NPT483	1	529426	PMID
NPC114891	NPC114891	NPT745	1	529425	PMID
NPC115159	NPC115159	NPT109	1	508318	PMID
NPC115159	NPC115159	NPT110	1	508318	PMID
NPC115159	NPC115159	NPT149	1	508318	PMID
NPC115159	NPC115159	NPT163	1	508318	PMID
NPC115159	NPC115159	NPT208	1	508318	PMID
NPC115159	NPC115159	NPT212	1	508318	PMID
NPC115159	NPC115159	NPT213	1	508318	PMID
NPC115159	NPC115159	NPT282	1	508318	PMID
NPC115159	NPC115159	NPT52	1	508318	PMID
NPC115159	NPC115159	NPT539	1	508318	PMID
NPC115159	NPC115159	NPT792	1	508318	PMID
NPC115159	NPC115159	NPT96	1	508318	PMID
NPC115207	NPC115207	NPT178	1	468447	PMID
NPC115207	NPC115207	NPT570	1	468441	PMID
NPC115284	NPC115284	NPT50	2	452338;452340	PMID
NPC115284	NPC115284	NPT539	1	452338	PMID
NPC115284	NPC115284	NPT93	1	452340	PMID
NPC115335	NPC115335	NPT178	1	525761	PMID
NPC115674	NPC115674	NPT967	1	497391	PMID
NPC115760	NPC115760	NPT1785	1	463231	PMID
NPC115906	NPC115906	NPT145	1	465197	PMID
NPC115906	NPC115906	NPT272	1	465197	PMID
NPC115906	NPC115906	NPT483	1	465196	PMID
NPC115906	NPC115906	NPT613	1	465200	PMID
NPC116007	NPC116007	NPT439	1	511204	PMID
NPC116125	NPC116125	NPT1029	1	493399	PMID
NPC116125	NPC116125	NPT4181	1	493398	PMID
NPC116146	NPC116146	NPT1896	2	453536;453537	PMID
NPC116229	NPC116229	NPT106	1	463230	PMID
NPC116229	NPC116229	NPT866	1	463230	PMID
NPC116366	NPC116366	NPT48	1	472843	PMID
NPC116366	NPC116366	NPT645	1	472875	PMID
NPC116366	NPC116366	NPT741	16	472793;472795;472797;472798;472801;472816;472817;472823;472848;472889;472901;472913;472926;472948;472959;472966	PMID
NPC116377	NPC116377	NPT514	1	507916	PMID
NPC116458	NPC116458	NPT143	1	504199	PMID
NPC116632	NPC116632	NPT110	1	484921	PMID
NPC116632	NPC116632	NPT208	1	484921	PMID
NPC116632	NPC116632	NPT212	1	484921	PMID
NPC116632	NPC116632	NPT213	1	484921	PMID
NPC116632	NPC116632	NPT537	1	484921	PMID
NPC116632	NPC116632	NPT538	1	484921	PMID
NPC116632	NPC116632	NPT93	1	484921	PMID
NPC116709	NPC116709	NPT1006	1	522175	PMID
NPC116709	NPC116709	NPT208	1	522174	PMID
NPC116775	NPC116775	NPT109	2	526993;526995	PMID
NPC116775	NPC116775	NPT110	2	526993;526994	PMID
NPC116775	NPC116775	NPT1187	1	527089	PMID
NPC116775	NPC116775	NPT1338	1	526979	PMID
NPC116775	NPC116775	NPT1422	1	526998	PMID
NPC116775	NPC116775	NPT149	2	526993;526995	PMID
NPC116775	NPC116775	NPT151	1	526992	PMID
NPC116775	NPC116775	NPT153	1	526970	PMID
NPC116775	NPC116775	NPT155	1	526928	PMID
NPC116775	NPC116775	NPT1566	1	526936	PMID
NPC116775	NPC116775	NPT1571	2	526920;527028	PMID
NPC116775	NPC116775	NPT1587	1	526960	PMID
NPC116775	NPC116775	NPT1588	2	526960;527074	PMID
NPC116775	NPC116775	NPT1592	2	526965;527076	PMID
NPC116775	NPC116775	NPT1594	2	526967;527018	PMID
NPC116775	NPC116775	NPT1600	1	527098	PMID
NPC116775	NPC116775	NPT1603	2	526983;527002	PMID
NPC116775	NPC116775	NPT1604	2	526983;527002	PMID
NPC116775	NPC116775	NPT1606	1	526986	PMID
NPC116775	NPC116775	NPT1634	1	527068	PMID
NPC116775	NPC116775	NPT1650	1	527037	PMID
NPC116775	NPC116775	NPT1663	1	527095	PMID
NPC116775	NPC116775	NPT1721	1	527057	PMID
NPC116775	NPC116775	NPT204	1	526971	PMID
NPC116775	NPC116775	NPT208	2	526983;526993	PMID
NPC116775	NPC116775	NPT211	1	526993	PMID
NPC116775	NPC116775	NPT212	3	526914;526993;526994	PMID
NPC116775	NPC116775	NPT213	2	526993;526994	PMID
NPC116775	NPC116775	NPT233	1	527058	PMID
NPC116775	NPC116775	NPT2736	1	527039	PMID
NPC116775	NPC116775	NPT3938	1	527000	PMID
NPC116775	NPC116775	NPT41	1	527008	PMID
NPC116775	NPC116775	NPT439	1	526971	PMID
NPC116775	NPC116775	NPT48	2	526992;526993	PMID
NPC116775	NPC116775	NPT483	1	526993	PMID
NPC116775	NPC116775	NPT50	1	526992	PMID
NPC116775	NPC116775	NPT51	1	526992	PMID
NPC116775	NPC116775	NPT539	2	526993;526995	PMID
NPC116775	NPC116775	NPT570	1	526924	PMID
NPC116775	NPC116775	NPT740	1	527033	PMID
NPC116775	NPC116775	NPT741	1	527064	PMID
NPC116775	NPC116775	NPT78	2	527062;527071	PMID
NPC116775	NPC116775	NPT792	2	526993;526995	PMID
NPC116775	NPC116775	NPT94	2	526992;526995	PMID
NPC116775	NPC116775	NPT942	1	527067	PMID
NPC116775	NPC116775	NPT949	1	527058	PMID
NPC116775	NPC116775	NPT955	1	527058	PMID
NPC116775	NPC116775	NPT967	1	526953	PMID
NPC116850	NPC116850	NPT516	1	538811	PMID
NPC116961	NPC116961	NPT10	1	553539	PMID
NPC116961	NPC116961	NPT109	1	553538	PMID
NPC116961	NPC116961	NPT110	2	553543;553577	PMID
NPC116961	NPC116961	NPT1416	3	553539;553540;553545	PMID
NPC116961	NPC116961	NPT210	2	553538;553543	PMID
NPC116961	NPC116961	NPT211	1	553543	PMID
NPC116961	NPC116961	NPT212	2	553538;553543	PMID
NPC116961	NPC116961	NPT213	4	553538;553543;553554;553577	PMID
NPC116961	NPC116961	NPT251	7	553522;553523;553527;553554;553573;553581;553582	PMID
NPC116961	NPC116961	NPT274	1	553527	PMID
NPC116961	NPC116961	NPT282	1	553538	PMID
NPC116961	NPC116961	NPT291	1	553554	PMID
NPC116961	NPC116961	NPT4342	1	553573	PMID
NPC116961	NPC116961	NPT45	1	553538	PMID
NPC116961	NPC116961	NPT483	3	553539;553540;553541	PMID
NPC116961	NPC116961	NPT51	5	553538;553539;553540;553541;553545	PMID
NPC116961	NPC116961	NPT537	1	553542	PMID
NPC116961	NPC116961	NPT538	1	553542	PMID
NPC116961	NPC116961	NPT539	1	553538	PMID
NPC116961	NPC116961	NPT540	1	553568	PMID
NPC116961	NPC116961	NPT543	2	553568;553578	PMID
NPC116961	NPC116961	NPT58	1	553539	PMID
NPC116961	NPC116961	NPT6186	1	553591	PMID
NPC116961	NPC116961	NPT628	1	553577	PMID
NPC116961	NPC116961	NPT668	1	553559	PMID
NPC116961	NPC116961	NPT713	1	553583	PMID
NPC116961	NPC116961	NPT792	1	553538	PMID
NPC116961	NPC116961	NPT796	1	553546	PMID
NPC116961	NPC116961	NPT93	2	553539;553541	PMID
NPC116961	NPC116961	NPT940	1	553542	PMID
NPC116961	NPC116961	NPT96	1	553538	PMID
NPC116961	NPC116961	NPT98	7	553511;553521;553526;553531;553533;553548;553554	PMID
NPC117032	NPC117032	NPT1603	1	506258	PMID
NPC117032	NPC117032	NPT1604	1	506258	PMID
NPC117032	NPC117032	NPT208	1	506258	PMID
NPC117032	NPC117032	NPT92	1	506260	PMID
NPC117048	NPC117048	NPT178	1	453601	PMID
NPC117237	NPC117237	NPT2742	1	457061	PMID
NPC117237	NPC117237	NPT94	1	457060	PMID
NPC117445	NPC117445	NPT1283	1	481308	PMID
NPC117445	NPC117445	NPT46	1	481307	PMID
NPC117450	NPC117450	NPT1478	1	470843	PMID
NPC117572	NPC117572	NPT1038	1	546100	PMID
NPC117572	NPC117572	NPT106	1	546108	PMID
NPC117572	NPC117572	NPT4030	1	546110	PMID
NPC117572	NPC117572	NPT441	1	546098	PMID
NPC117572	NPC117572	NPT546	1	546113	PMID
NPC117572	NPC117572	NPT866	2	546107;546108	PMID
NPC117572	NPC117572	NPT94	1	546101	PMID
NPC117572	NPC117572	NPT99	1	546108	PMID
NPC117579	NPC117579	NPT261	1	477106	PMID
NPC117713	NPC117713	NPT178	1	506267	PMID
NPC118114	NPC118114	NPT178	1	512883	PMID
NPC118154	NPC118154	NPT4355	1	512682	PMID
NPC118162	NPC118162	NPT109	1	570777	PMID
NPC118275	NPC118275	NPT204	1	527724	PMID
NPC118288	NPC118288	NPT46	1	499809	PMID
NPC118343	NPC118343	NPT1038	1	463078	PMID
NPC118343	NPC118343	NPT2683	1	463074	PMID
NPC118343	NPC118343	NPT50	1	463079	PMID
NPC118522	NPC118522	NPT109	1	511931	PMID
NPC118522	NPC118522	NPT151	1	511931	PMID
NPC118522	NPC118522	NPT282	1	511931	PMID
NPC118522	NPC118522	NPT46	1	511931	PMID
NPC118522	NPC118522	NPT47	1	511930	PMID
NPC118522	NPC118522	NPT48	1	511931	PMID
NPC118522	NPC118522	NPT49	1	511931	PMID
NPC118522	NPC118522	NPT50	3	511930;511931;511932	PMID
NPC118522	NPC118522	NPT51	1	511931	PMID
NPC118522	NPC118522	NPT58	1	511931	PMID
NPC118633	NPC118633	NPT109	2	451127;451128	PMID
NPC118633	NPC118633	NPT483	1	451128	PMID
NPC118633	NPC118633	NPT94	1	451127	PMID
NPC118683	NPC118683	NPT109	1	532965	PMID
NPC118683	NPC118683	NPT178	1	532967	PMID
NPC118683	NPC118683	NPT741	1	532973	PMID
NPC118683	NPC118683	NPT77	1	532968	PMID
NPC118832	NPC118832	NPT110	6	447238;447239;447240;447244;447257;447401	PMID
NPC118832	NPC118832	NPT1540	1	447344	PMID
NPC118832	NPC118832	NPT613	2	447280;447352	PMID
NPC118832	NPC118832	NPT668	3	447253;447347;447405	PMID
NPC118832	NPC118832	NPT713	1	447390	PMID
NPC118919	NPC118919	NPT1287	1	509798	PMID
NPC118940	NPC118940	NPT273	1	483224	PMID
NPC119036	NPC119036	NPT31	1	462796	PMID
NPC119094	NPC119094	NPT143	1	564709	PMID
NPC119133	NPC119133	NPT109	1	565786	PMID
NPC119133	NPC119133	NPT282	1	565786	PMID
NPC119133	NPC119133	NPT796	1	565785	PMID
NPC119209	NPC119209	NPT2680	1	502069	PMID
NPC119224	NPC119224	NPT282	1	456414	PMID
NPC119224	NPC119224	NPT2892	1	456414	PMID
NPC119224	NPC119224	NPT441	1	456411	PMID
NPC119224	NPC119224	NPT48	1	456414	PMID
NPC119224	NPC119224	NPT51	1	456414	PMID
NPC119224	NPC119224	NPT58	1	456414	PMID
NPC119224	NPC119224	NPT59	1	456414	PMID
NPC119224	NPC119224	NPT865	1	456413	PMID
NPC119271	NPC119271	NPT210	1	476296	PMID
NPC119368	NPC119368	NPT539	1	522251	PMID
NPC119631	NPC119631	NPT483	1	570158	PMID
NPC119655	NPC119655	NPT1287	1	498303	PMID
NPC119655	NPC119655	NPT1418	1	498303	PMID
NPC119655	NPC119655	NPT232	1	498303	PMID
NPC119818	NPC119818	NPT109	2	534438;534441	PMID
NPC119818	NPC119818	NPT110	4	534438;534439;534440;534441	PMID
NPC119818	NPC119818	NPT212	4	534438;534439;534440;534441	PMID
NPC119818	NPC119818	NPT213	4	534438;534439;534440;534441	PMID
NPC119914	NPC119914	NPT149	1	493615	PMID
NPC119949	NPC119949	NPT109	1	569940	PMID
NPC119949	NPC119949	NPT93	1	569940	PMID
NPC119949	NPC119949	NPT94	1	569940	PMID
NPC120021	NPC120021	NPT38	1	450028	PMID
NPC120066	NPC120066	NPT149	1	520174	PMID
NPC120066	NPC120066	NPT50	1	520174	PMID
NPC120066	NPC120066	NPT94	1	520174	PMID
NPC120075	NPC120075	NPT48	1	541969	PMID
NPC120075	NPC120075	NPT524	1	541969	PMID
NPC120097	NPC120097	NPT109	1	478960	PMID
NPC120099	NPC120099	NPT280	1	509959	PMID
NPC120163	NPC120163	NPT218	1	572076	PMID
NPC120163	NPC120163	NPT48	1	572086	PMID
NPC120163	NPC120163	NPT51	1	572086	PMID
NPC120163	NPC120163	NPT59	1	572086	PMID
NPC120167	NPC120167	NPT204	1	573953	PMID
NPC12022	NPC12022	NPT109	1	534076	PMID
NPC12022	NPC12022	NPT110	1	534076	PMID
NPC12022	NPC12022	NPT208	1	534076	PMID
NPC12022	NPC12022	NPT212	1	534076	PMID
NPC12022	NPC12022	NPT213	1	534076	PMID
NPC12022	NPC12022	NPT240	1	534076	PMID
NPC12022	NPC12022	NPT241	1	534076	PMID
NPC12022	NPC12022	NPT627	1	534076	PMID
NPC12022	NPC12022	NPT628	1	534076	PMID
NPC12022	NPC12022	NPT92	1	534073	PMID
NPC120225	NPC120225	NPT77	1	500697	PMID
NPC120239	NPC120239	NPT640	1	568394	PMID
NPC120239	NPC120239	NPT641	1	568394	PMID
NPC120464	NPC120464	NPT41	1	488881	PMID
NPC120537	NPC120537	NPT151	1	501761	PMID
NPC120537	NPC120537	NPT48	1	501761	PMID
NPC120537	NPC120537	NPT483	1	501761	PMID
NPC120537	NPC120537	NPT51	1	501761	PMID
NPC120537	NPC120537	NPT94	1	501761	PMID
NPC120671	NPC120671	NPT109	1	466106	PMID
NPC120671	NPC120671	NPT110	1	466106	PMID
NPC120671	NPC120671	NPT208	1	466106	PMID
NPC120671	NPC120671	NPT210	1	466107	PMID
NPC120671	NPC120671	NPT211	1	466106	PMID
NPC120671	NPC120671	NPT212	1	466107	PMID
NPC120671	NPC120671	NPT213	2	466106;466107	PMID
NPC120671	NPC120671	NPT483	1	466106	PMID
NPC120840	NPC120840	NPT178	1	505831	PMID
NPC121259	NPC121259	NPT1197	1	469971	PMID
NPC121259	NPC121259	NPT51	1	469971	PMID
NPC121259	NPC121259	NPT524	1	469971	PMID
NPC121259	NPC121259	NPT94	1	469971	PMID
NPC121510	NPC121510	NPT1371	1	565046	PMID
NPC121517	NPC121517	NPT1006	1	476441	PMID
NPC121522	NPC121522	NPT4380	1	567461	PMID
NPC121522	NPC121522	NPT537	1	567461	PMID
NPC121649	NPC121649	NPT740	1	453598	PMID
NPC121910	NPC121910	NPT740	1	493694	PMID
NPC122365	NPC122365	NPT178	1	491533	PMID
NPC122436	NPC122436	NPT3114	1	490310	PMID
NPC122471	NPC122471	NPT6507	1	449366	PMID
NPC122493	NPC122493	NPT1157	1	486313	PMID
NPC122504	NPC122504	NPT51	1	558216	PMID
NPC12278	NPC12278	NPT570	1	487658	PMID
NPC122793	NPC122793	NPT410	1	25232969	PMID
NPC123127	NPC123127	NPT233	1	514255	PMID
NPC123127	NPC123127	NPT3101	1	514255	PMID
NPC123127	NPC123127	NPT947	1	514255	PMID
NPC123127	NPC123127	NPT948	1	514255	PMID
NPC123127	NPC123127	NPT949	1	514255	PMID
NPC123127	NPC123127	NPT955	1	514255	PMID
NPC123273	NPC123273	NPT108	1	502765	PMID
NPC123273	NPC123273	NPT109	1	502762	PMID
NPC123273	NPC123273	NPT149	1	502762	PMID
NPC123273	NPC123273	NPT211	1	502762	PMID
NPC123273	NPC123273	NPT218	1	502765	PMID
NPC123273	NPC123273	NPT222	1	502765	PMID
NPC123273	NPC123273	NPT227	1	502765	PMID
NPC123273	NPC123273	NPT228	1	502765	PMID
NPC123273	NPC123273	NPT246	1	502765	PMID
NPC123273	NPC123273	NPT292	1	502765	PMID
NPC123273	NPC123273	NPT295	1	502765	PMID
NPC123273	NPC123273	NPT298	1	502765	PMID
NPC123273	NPC123273	NPT48	1	502761	PMID
NPC123273	NPC123273	NPT483	1	502761	PMID
NPC123273	NPC123273	NPT539	1	502762	PMID
NPC123273	NPC123273	NPT94	2	502761;502762	PMID
NPC123526	NPC123526	NPT106	1	487764	PMID
NPC123526	NPC123526	NPT866	1	487764	PMID
NPC123526	NPC123526	NPT99	1	487764	PMID
NPC12377	NPC12377	NPT149	1	549761	PMID
NPC12377	NPC12377	NPT282	1	549761	PMID
NPC12377	NPC12377	NPT48	1	549761	PMID
NPC12377	NPC12377	NPT51	1	549761	PMID
NPC12377	NPC12377	NPT537	1	549761	PMID
NPC12377	NPC12377	NPT538	1	549761	PMID
NPC12377	NPC12377	NPT539	1	549761	PMID
NPC123948	NPC123948	NPT1603	1	553288	PMID
NPC123948	NPC123948	NPT1604	1	553288	PMID
NPC123948	NPC123948	NPT208	1	553288	PMID
NPC123948	NPC123948	NPT366	1	553293	PMID
NPC123965	NPC123965	NPT1038	1	542261	PMID
NPC12402	NPC12402	NPT1197	1	450190	PMID
NPC12402	NPC12402	NPT46	1	450190	PMID
NPC12402	NPC12402	NPT47	1	450189	PMID
NPC12402	NPC12402	NPT51	1	450189	PMID
NPC12402	NPC12402	NPT58	2	450189;450190	PMID
NPC124289	NPC124289	NPT1210	1	482527	PMID
NPC124289	NPC124289	NPT178	1	482527	PMID
NPC124302	NPC124302	NPT109	1	535997	PMID
NPC124302	NPC124302	NPT149	1	535997	PMID
NPC124302	NPC124302	NPT48	1	535998	PMID
NPC124302	NPC124302	NPT713	1	536002	PMID
NPC124384	NPC124384	NPT204	1	558281	PMID
NPC124436	NPC124436	NPT204	1	470583	PMID
NPC124478	NPC124478	NPT949	1	486765	PMID
NPC124478	NPC124478	NPT955	1	486765	PMID
NPC124512	NPC124512	NPT163	1	494535	PMID
NPC124512	NPC124512	NPT540	1	494550	PMID
NPC12452	NPC12452	NPT1394	1	510678	PMID
NPC124576	NPC124576	NPT1062	1	533235	PMID
NPC124576	NPC124576	NPT1063	1	533235	PMID
NPC124657	NPC124657	NPT145	1	570431	PMID
NPC124802	NPC124802	NPT145	1	546994	PMID
NPC125039	NPC125039	NPT1062	1	20674354	PMID
NPC125039	NPC125039	NPT1063	1	20674354	PMID
NPC125039	NPC125039	NPT1143	1	20674354	PMID
NPC125039	NPC125039	NPT1144	1	20674354	PMID
NPC125039	NPC125039	NPT1146	1	20674354	PMID
NPC125039	NPC125039	NPT233	1	20674354	PMID
NPC125039	NPC125039	NPT3101	1	20674354	PMID
NPC125039	NPC125039	NPT947	1	20674354	PMID
NPC125039	NPC125039	NPT948	1	20674354	PMID
NPC125039	NPC125039	NPT949	1	20674354	PMID
NPC125039	NPC125039	NPT954	1	20674354	PMID
NPC125039	NPC125039	NPT955	1	20674354	PMID
NPC125062	NPC125062	NPT1062	1	462865	PMID
NPC125062	NPC125062	NPT1603	1	462847	PMID
NPC125062	NPC125062	NPT1604	3	462847;462869;462871	PMID
NPC125062	NPC125062	NPT208	1	462847	PMID
NPC125062	NPC125062	NPT233	1	462865	PMID
NPC125062	NPC125062	NPT949	1	462865	PMID
NPC125062	NPC125062	NPT955	1	462865	PMID
NPC125062	NPC125062	NPT967	1	462840	PMID
NPC125106	NPC125106	NPT668	1	447473	PMID
NPC125306	NPC125306	NPT210	1	530593	PMID
NPC125306	NPC125306	NPT2520	1	530592	PMID
NPC125416	NPC125416	NPT109	1	480533	PMID
NPC125416	NPC125416	NPT110	1	480534	PMID
NPC125416	NPC125416	NPT1197	1	480535	PMID
NPC125416	NPC125416	NPT1274	1	480545	PMID
NPC125416	NPC125416	NPT1283	1	480545	PMID
NPC125416	NPC125416	NPT1540	1	480544	PMID
NPC125416	NPC125416	NPT1546	1	480544	PMID
NPC125416	NPC125416	NPT1557	1	480522	PMID
NPC125416	NPC125416	NPT208	1	480534	PMID
NPC125416	NPC125416	NPT210	1	480533	PMID
NPC125416	NPC125416	NPT211	1	480533	PMID
NPC125416	NPC125416	NPT212	1	480534	PMID
NPC125416	NPC125416	NPT213	1	480534	PMID
NPC125416	NPC125416	NPT259	1	480538	PMID
NPC125416	NPC125416	NPT280	1	480527	PMID
NPC125416	NPC125416	NPT2801	1	480536	PMID
NPC125416	NPC125416	NPT282	1	480533	PMID
NPC125416	NPC125416	NPT4034	1	480538	PMID
NPC125416	NPC125416	NPT4036	1	480544	PMID
NPC125416	NPC125416	NPT4037	1	480544	PMID
NPC125416	NPC125416	NPT483	2	480534;480535	PMID
NPC125416	NPC125416	NPT539	1	480533	PMID
NPC125416	NPC125416	NPT568	1	480527	PMID
NPC125416	NPC125416	NPT61	1	480536	PMID
NPC125416	NPC125416	NPT613	1	480544	PMID
NPC125416	NPC125416	NPT792	1	480533	PMID
NPC125417	NPC125417	NPT2230	1	548566	PMID
NPC125449	NPC125449	NPT4407	1	533694	PMID
NPC125449	NPC125449	NPT967	1	533688	PMID
NPC125506	NPC125506	NPT47	1	469523	PMID
NPC125575	NPC125575	NPT665	1	536099	PMID
NPC125578	NPC125578	NPT570	1	506173	PMID
NPC125579	NPC125579	NPT261	1	571444	PMID
NPC125579	NPC125579	NPT30	2	571442;571443	PMID
NPC125579	NPC125579	NPT31	1	571443	PMID
NPC125579	NPC125579	NPT582	1	571444	PMID
NPC125732	NPC125732	NPT213	1	515573	PMID
NPC125732	NPC125732	NPT242	1	515560	PMID
NPC125732	NPC125732	NPT243	1	515560	PMID
NPC125732	NPC125732	NPT425	1	515568	PMID
NPC125732	NPC125732	NPT48	1	515572	PMID
NPC125732	NPC125732	NPT864	1	515572	PMID
NPC125732	NPC125732	NPT94	1	515572	PMID
NPC125732	NPC125732	NPT976	2	515570;515572	PMID
NPC125828	NPC125828	NPT204	1	508101	PMID
NPC125855	NPC125855	NPT178	1	463350	PMID
NPC126029	NPC126029	NPT109	1	505741	PMID
NPC126029	NPC126029	NPT1274	1	505789	PMID
NPC126029	NPC126029	NPT149	2	505741;505743	PMID
NPC126029	NPC126029	NPT163	1	505741	PMID
NPC126029	NPC126029	NPT210	1	505741	PMID
NPC126029	NPC126029	NPT48	2	505742;505743	PMID
NPC126029	NPC126029	NPT60	1	505744	PMID
NPC126029	NPC126029	NPT670	1	505762	PMID
NPC126029	NPC126029	NPT798	1	505744	PMID
NPC126029	NPC126029	NPT802	1	505744	PMID
NPC126029	NPC126029	NPT920	1	505794	PMID
NPC126293	NPC126293	NPT741	1	518128	PMID
NPC12640	NPC12640	NPT178	1	554259	PMID
NPC12640	NPC12640	NPT78	1	554260	PMID
NPC12649	NPC12649	NPT178	1	494194	PMID
NPC126519	NPC126519	NPT4163	1	568642	PMID
NPC126664	NPC126664	NPT513	1	567546	PMID
NPC126664	NPC126664	NPT60	3	567540;567541;567542	PMID
NPC126681	NPC126681	NPT1006	1	495071	PMID
NPC126681	NPC126681	NPT1517	1	495080	PMID
NPC126681	NPC126681	NPT426	1	495058	PMID
NPC126681	NPC126681	NPT646	1	495081	PMID
NPC126759	NPC126759	NPT51	1	518887	PMID
NPC126925	NPC126925	NPT1157	1	523998	PMID
NPC127059	NPC127059	NPT740	1	473270	PMID
NPC12714	NPC12714	NPT204	1	462927	PMID
NPC127326	NPC127326	NPT109	1	507337	PMID
NPC127326	NPC127326	NPT524	1	507336	PMID
NPC127447	NPC127447	NPT109	1	466593	PMID
NPC127447	NPC127447	NPT210	1	466591	PMID
NPC127447	NPC127447	NPT212	1	466591	PMID
NPC127447	NPC127447	NPT213	1	466591	PMID
NPC127447	NPC127447	NPT51	2	466592;466593	PMID
NPC127447	NPC127447	NPT538	1	466592	PMID
NPC127546	NPC127546	NPT1062	1	567794	PMID
NPC127546	NPC127546	NPT233	1	567794	PMID
NPC127546	NPC127546	NPT949	1	567794	PMID
NPC127546	NPC127546	NPT955	1	567794	PMID
NPC127624	NPC127624	NPT870	1	544151	PMID
NPC127689	NPC127689	NPT178	2	523688;523689	PMID
NPC12774	NPC12774	NPT540	1	485055	PMID
NPC127824	NPC127824	NPT3973	1	549137	PMID
NPC127937	NPC127937	NPT570	1	460783	PMID
NPC128019	NPC128019	NPT1274	1	473991	PMID
NPC128208	NPC128208	NPT249	1	453549	PMID
NPC128216	NPC128216	NPT109	1	508974	PMID
NPC128216	NPC128216	NPT149	1	508974	PMID
NPC128216	NPC128216	NPT151	1	508974	PMID
NPC128216	NPC128216	NPT282	1	508974	PMID
NPC128216	NPC128216	NPT45	1	508974	PMID
NPC128216	NPC128216	NPT48	1	508974	PMID
NPC128216	NPC128216	NPT483	1	508974	PMID
NPC128216	NPC128216	NPT51	1	508974	PMID
NPC128216	NPC128216	NPT539	1	508974	PMID
NPC128216	NPC128216	NPT792	2	508972;508974	PMID
NPC128248	NPC128248	NPT3174	1	555535	PMID
NPC128248	NPC128248	NPT546	1	555530	PMID
NPC128248	NPC128248	NPT5981	1	555530	PMID
NPC128248	NPC128248	NPT5983	1	555530	PMID
NPC128335	NPC128335	NPT210	2	517623;517624	PMID
NPC128350	NPC128350	NPT94	1	524614	PMID
NPC128428	NPC128428	NPT4441	2	550469;550471	PMID
NPC128496	NPC128496	NPT30	1	512076	PMID
NPC128496	NPC128496	NPT31	1	512076	PMID
NPC128529	NPC128529	NPT48	1	537404	PMID
NPC128713	NPC128713	NPT282	1	526417	PMID
NPC128816	NPC128816	NPT1197	1	542291	PMID
NPC128825	NPC128825	NPT210	1	515101	PMID
NPC128825	NPC128825	NPT483	1	515100	PMID
NPC129217	NPC129217	NPT109	1	525599	PMID
NPC129533	NPC129533	NPT1038	1	463218	PMID
NPC129533	NPC129533	NPT282	1	463218	PMID
NPC129533	NPC129533	NPT45	1	463218	PMID
NPC129533	NPC129533	NPT47	1	463218	PMID
NPC129533	NPC129533	NPT48	1	463218	PMID
NPC129533	NPC129533	NPT50	1	463218	PMID
NPC129533	NPC129533	NPT51	1	463218	PMID
NPC129533	NPC129533	NPT57	1	463218	PMID
NPC129533	NPC129533	NPT58	1	463218	PMID
NPC129533	NPC129533	NPT59	1	463218	PMID
NPC129533	NPC129533	NPT60	1	463218	PMID
NPC129687	NPC129687	NPT110	1	494997	PMID
NPC129687	NPC129687	NPT212	2	494997;495002	PMID
NPC129687	NPC129687	NPT213	1	494997	PMID
NPC129889	NPC129889	NPT210	1	561327	PMID
NPC129909	NPC129909	NPT10	1	565339	PMID
NPC129909	NPC129909	NPT1028	1	565582	PMID
NPC129909	NPC129909	NPT109	1	565340	PMID
NPC129909	NPC129909	NPT1197	1	565342	PMID
NPC129909	NPC129909	NPT143	18	565126;565131;565137;565142;565159;565166;565177;565190;565194;565239;565277;565331;565431;565642;565646;565680;565683;565685	PMID
NPC129909	NPC129909	NPT149	3	565340;565341;565345	PMID
NPC129909	NPC129909	NPT151	4	565339;565340;565341;565343	PMID
NPC129909	NPC129909	NPT1608	1	565218	PMID
NPC129909	NPC129909	NPT163	1	565341	PMID
NPC129909	NPC129909	NPT208	2	565340;565341	PMID
NPC129909	NPC129909	NPT210	1	565345	PMID
NPC129909	NPC129909	NPT211	2	565340;565345	PMID
NPC129909	NPC129909	NPT213	1	565341	PMID
NPC129909	NPC129909	NPT291	1	565384	PMID
NPC129909	NPC129909	NPT2930	2	565340;565341	PMID
NPC129909	NPC129909	NPT2944	1	565342	PMID
NPC129909	NPC129909	NPT48	5	565339;565340;565341;565342;565343	PMID
NPC129909	NPC129909	NPT483	2	565339;565340	PMID
NPC129909	NPC129909	NPT4907	1	565586	PMID
NPC129909	NPC129909	NPT50	1	565586	PMID
NPC129909	NPC129909	NPT501	5	565339;565340;565341;565342;565343	PMID
NPC129909	NPC129909	NPT537	2	565342;565344	PMID
NPC129909	NPC129909	NPT539	2	565340;565341	PMID
NPC129909	NPC129909	NPT58	1	565339	PMID
NPC129909	NPC129909	NPT60	1	565339	PMID
NPC129909	NPC129909	NPT792	1	565341	PMID
NPC129909	NPC129909	NPT796	1	565346	PMID
NPC129909	NPC129909	NPT93	3	565339;565340;565343	PMID
NPC129909	NPC129909	NPT94	4	565339;565340;565341;565343	PMID
NPC129909	NPC129909	NPT940	1	565344	PMID
NPC129909	NPC129909	NPT96	1	565341	PMID
NPC129976	NPC129976	NPT94	1	505356	PMID
NPC13007	NPC13007	NPT1224	1	552659	PMID
NPC130193	NPC130193	NPT4252	1	470397	PMID
NPC130193	NPC130193	NPT591	1	470399	PMID
NPC130193	NPC130193	NPT740	1	470399	PMID
NPC130209	NPC130209	NPT94	1	503212	PMID
NPC130230	NPC130230	NPT1038	1	573428	PMID
NPC130230	NPC130230	NPT1338	1	573405	PMID
NPC130230	NPC130230	NPT1385	1	573428	PMID
NPC130230	NPC130230	NPT1603	1	573410	PMID
NPC130230	NPC130230	NPT1604	1	573410	PMID
NPC130230	NPC130230	NPT2266	1	573429	PMID
NPC130230	NPC130230	NPT2715	1	573423	PMID
NPC130230	NPC130230	NPT4088	1	573421	PMID
NPC130230	NPC130230	NPT4675	1	573428	PMID
NPC130230	NPC130230	NPT52	1	573425	PMID
NPC130230	NPC130230	NPT6105	1	573428	PMID
NPC130230	NPC130230	NPT675	1	573415	PMID
NPC130230	NPC130230	NPT901	1	573417	PMID
NPC130398	NPC130398	NPT210	1	507692	PMID
NPC130520	NPC130520	NPT166	1	518776	PMID
NPC130520	NPC130520	NPT203	1	518776	PMID
NPC130577	NPC130577	NPT1210	1	558787	PMID
NPC130577	NPC130577	NPT178	1	558787	PMID
NPC13067	NPC13067	NPT109	1	536427	PMID
NPC13067	NPC13067	NPT1226	1	536427	PMID
NPC13067	NPC13067	NPT151	1	536427	PMID
NPC13067	NPC13067	NPT277	1	536427	PMID
NPC13067	NPC13067	NPT282	1	536427	PMID
NPC13067	NPC13067	NPT48	1	536427	PMID
NPC13067	NPC13067	NPT94	1	536427	PMID
NPC130899	NPC130899	NPT178	1	469298	PMID
NPC130931	NPC130931	NPT149	1	456177	PMID
NPC130931	NPC130931	NPT94	1	456177	PMID
NPC131039	NPC131039	NPT178	1	453491	PMID
NPC131185	NPC131185	NPT78	1	544684	PMID
NPC131192	NPC131192	NPT233	1	554275	PMID
NPC131192	NPC131192	NPT947	1	554275	PMID
NPC131192	NPC131192	NPT948	1	554275	PMID
NPC131192	NPC131192	NPT949	1	554275	PMID
NPC131192	NPC131192	NPT954	1	554275	PMID
NPC131192	NPC131192	NPT955	1	554275	PMID
NPC131450	NPC131450	NPT2818	1	537437	PMID
NPC131530	NPC131530	NPT151	1	557996	PMID
NPC131530	NPC131530	NPT47	1	557996	PMID
NPC131530	NPC131530	NPT48	1	557996	PMID
NPC131530	NPC131530	NPT483	1	557996	PMID
NPC131530	NPC131530	NPT49	1	557996	PMID
NPC131530	NPC131530	NPT50	1	557996	PMID
NPC131530	NPC131530	NPT51	1	557996	PMID
NPC131530	NPC131530	NPT58	1	557996	PMID
NPC131530	NPC131530	NPT59	1	557996	PMID
NPC131530	NPC131530	NPT796	1	557996	PMID
NPC131530	NPC131530	NPT93	1	557996	PMID
NPC131530	NPC131530	NPT94	1	557996	PMID
NPC131568	NPC131568	NPT740	1	483373	PMID
NPC131587	NPC131587	NPT109	1	568909	PMID
NPC131587	NPC131587	NPT47	1	568909	PMID
NPC131587	NPC131587	NPT94	1	568909	PMID
NPC131623	NPC131623	NPT109	1	479303	PMID
NPC131623	NPC131623	NPT792	1	479303	PMID
NPC131624	NPC131624	NPT1371	1	469773	PMID
NPC131624	NPC131624	NPT31	3	469752;469765;469766	PMID
NPC131665	NPC131665	NPT178	1	495036	PMID
NPC131684	NPC131684	NPT153	1	525706	PMID
NPC131885	NPC131885	NPT151	1	466422	PMID
NPC131885	NPC131885	NPT48	1	466422	PMID
NPC131885	NPC131885	NPT94	1	466422	PMID
NPC131981	NPC131981	NPT346	1	490752	PMID
NPC131981	NPC131981	NPT483	1	490755	PMID
NPC131981	NPC131981	NPT94	2	490757;490758	PMID
NPC132304	NPC132304	NPT1600	1	553421	PMID
NPC132304	NPC132304	NPT274	1	553400	PMID
NPC132304	NPC132304	NPT426	1	553402	PMID
NPC132304	NPC132304	NPT4324	1	553402	PMID
NPC132307	NPC132307	NPT1006	1	506705	PMID
NPC132307	NPC132307	NPT483	1	506704	PMID
NPC13249	NPC13249	NPT601	1	491474	PMID
NPC132669	NPC132669	NPT1287	1	489182	PMID
NPC132669	NPC132669	NPT232	1	489182	PMID
NPC132847	NPC132847	NPT204	1	490263	PMID
NPC132847	NPC132847	NPT439	1	490262	PMID
NPC132858	NPC132858	NPT109	2	502120;502121	PMID
NPC132858	NPC132858	NPT48	2	502120;502121	PMID
NPC133003	NPC133003	NPT109	1	463186	PMID
NPC133003	NPC133003	NPT1226	1	463186	PMID
NPC133003	NPC133003	NPT151	1	463186	PMID
NPC133003	NPC133003	NPT277	1	463186	PMID
NPC133003	NPC133003	NPT48	1	463186	PMID
NPC133003	NPC133003	NPT483	1	463186	PMID
NPC133003	NPC133003	NPT92	1	463185	PMID
NPC133003	NPC133003	NPT94	1	463186	PMID
NPC133140	NPC133140	NPT109	2	503945;503947	PMID
NPC133140	NPC133140	NPT1416	1	503946	PMID
NPC133140	NPC133140	NPT151	3	503945;503946;503947	PMID
NPC133140	NPC133140	NPT211	1	503945	PMID
NPC133140	NPC133140	NPT2755	1	503945	PMID
NPC133140	NPC133140	NPT282	2	503945;503947	PMID
NPC133140	NPC133140	NPT45	1	503947	PMID
NPC133140	NPC133140	NPT48	1	503946	PMID
NPC133140	NPC133140	NPT483	2	503945;503946	PMID
NPC133140	NPC133140	NPT501	1	503946	PMID
NPC133140	NPC133140	NPT51	1	503945	PMID
NPC133140	NPC133140	NPT58	1	503946	PMID
NPC133140	NPC133140	NPT796	1	503946	PMID
NPC133140	NPC133140	NPT867	1	503945	PMID
NPC133140	NPC133140	NPT93	2	503945;503947	PMID
NPC133140	NPC133140	NPT94	1	503946	PMID
NPC133156	NPC133156	NPT601	1	482327	PMID
NPC133162	NPC133162	NPT109	2	497304;497307	PMID
NPC133162	NPC133162	NPT110	6	497285;497293;497303;497304;497307;497322	PMID
NPC133162	NPC133162	NPT1197	1	497303	PMID
NPC133162	NPC133162	NPT208	2	497304;497307	PMID
NPC133162	NPC133162	NPT210	1	497304	PMID
NPC133162	NPC133162	NPT213	2	497303;497322	PMID
NPC133162	NPC133162	NPT221	1	497322	PMID
NPC133162	NPC133162	NPT222	1	497322	PMID
NPC133162	NPC133162	NPT223	1	497322	PMID
NPC133162	NPC133162	NPT224	1	497322	PMID
NPC133162	NPC133162	NPT228	2	497284;497322	PMID
NPC133162	NPC133162	NPT242	1	497322	PMID
NPC133162	NPC133162	NPT244	1	497322	PMID
NPC133162	NPC133162	NPT246	1	497322	PMID
NPC133162	NPC133162	NPT251	1	497322	PMID
NPC133162	NPC133162	NPT252	1	497322	PMID
NPC133162	NPC133162	NPT262	1	497322	PMID
NPC133162	NPC133162	NPT263	1	497322	PMID
NPC133162	NPC133162	NPT264	1	497322	PMID
NPC133162	NPC133162	NPT265	1	497322	PMID
NPC133162	NPC133162	NPT266	1	497322	PMID
NPC133162	NPC133162	NPT290	1	497322	PMID
NPC133162	NPC133162	NPT291	1	497322	PMID
NPC133162	NPC133162	NPT292	1	497322	PMID
NPC133162	NPC133162	NPT294	2	497322;497326	PMID
NPC133162	NPC133162	NPT295	1	497322	PMID
NPC133162	NPC133162	NPT3370	2	497341;Patent: CA2730190 A1	PMID;Patent
NPC133162	NPC133162	NPT483	2	497303;497304	PMID
NPC133162	NPC133162	NPT537	1	497305	PMID
NPC133162	NPC133162	NPT538	1	497305	PMID
NPC133162	NPC133162	NPT539	1	497307	PMID
NPC133162	NPC133162	NPT628	1	497314	PMID
NPC133162	NPC133162	NPT940	1	497305	PMID
NPC133162	NPC133162	NPT96	1	497307	PMID
NPC133183	NPC133183	NPT163	1	482648	PMID
NPC133183	NPC133183	NPT210	1	482648	PMID
NPC133183	NPC133183	NPT213	1	482648	PMID
NPC133600	NPC133600	NPT346	1	512914	PMID
NPC133671	NPC133671	NPT1062	1	573598	PMID
NPC133671	NPC133671	NPT1356	1	573580	PMID
NPC133671	NPC133671	NPT233	1	573598	PMID
NPC133671	NPC133671	NPT41	1	573584	PMID
NPC133671	NPC133671	NPT949	1	573598	PMID
NPC133671	NPC133671	NPT955	1	573598	PMID
NPC133758	NPC133758	NPT483	1	474733	PMID
NPC133758	NPC133758	NPT58	1	474733	PMID
NPC133771	NPC133771	NPT212	1	551718	PMID
NPC133771	NPC133771	NPT483	1	551718	PMID
NPC133792	NPC133792	NPT94	1	501786	PMID
NPC133809	NPC133809	NPT1464	1	568167	PMID
NPC133817	NPC133817	NPT271	1	560195	PMID
NPC133836	NPC133836	NPT346	1	568323	PMID
NPC134047	NPC134047	NPT1089	1	555325	PMID
NPC134047	NPC134047	NPT1090	1	555325	PMID
NPC134047	NPC134047	NPT280	1	555325	PMID
NPC134047	NPC134047	NPT567	1	555325	PMID
NPC134047	NPC134047	NPT568	1	555325	PMID
NPC134047	NPC134047	NPT69	1	555325	PMID
NPC13408	NPC13408	NPT441	1	486330	PMID
NPC13426	NPC13426	NPT41	1	505572	PMID
NPC134360	NPC134360	NPT741	1	471390	PMID
NPC134532	NPC134532	NPT109	1	455828	PMID
NPC134532	NPC134532	NPT48	1	455828	PMID
NPC134532	NPC134532	NPT51	1	455828	PMID
NPC134570	NPC134570	NPT1006	1	487567	PMID
NPC134570	NPC134570	NPT1517	1	487568	PMID
NPC134584	NPC134584	NPT210	1	506256	PMID
NPC134584	NPC134584	NPT483	1	506256	PMID
NPC134693	NPC134693	NPT740	1	475318	PMID
NPC13470	NPC13470	NPT1037	2	475184;475192	PMID
NPC13470	NPC13470	NPT1237	4	475161;475191;475195;475196	PMID
NPC13470	NPC13470	NPT151	1	475176	PMID
NPC13470	NPC13470	NPT282	1	475175	PMID
NPC13470	NPC13470	NPT50	1	475175	PMID
NPC13470	NPC13470	NPT51	1	475175	PMID
NPC13470	NPC13470	NPT94	1	475176	PMID
NPC134764	NPC134764	NPT109	1	555743	PMID
NPC134764	NPC134764	NPT110	1	555743	PMID
NPC134764	NPC134764	NPT246	1	555744	PMID
NPC134825	NPC134825	NPT210	1	514287	PMID
NPC134975	NPC134975	NPT2215	1	532507	PMID
NPC134975	NPC134975	NPT59	1	532507	PMID
NPC13504	NPC13504	NPT109	2	478305;478307	PMID
NPC13504	NPC13504	NPT149	2	478305;478307	PMID
NPC13504	NPC13504	NPT151	2	478305;478307	PMID
NPC13504	NPC13504	NPT48	4	478305;478306;478307;478308	PMID
NPC13504	NPC13504	NPT51	3	478305;478306;478308	PMID
NPC13504	NPC13504	NPT60	1	478308	PMID
NPC13504	NPC13504	NPT94	3	478305;478307;478308	PMID
NPC135325	NPC135325	NPT178	1	557044	PMID
NPC135334	NPC135334	NPT30	1	534771	PMID
NPC135334	NPC135334	NPT31	1	534771	PMID
NPC135391	NPC135391	NPT204	1	452139	PMID
NPC135433	NPC135433	NPT208	1	476935	PMID
NPC135433	NPC135433	NPT240	2	476936;476937	PMID
NPC135488	NPC135488	NPT1197	1	546159	PMID
NPC135488	NPC135488	NPT483	1	546159	PMID
NPC135539	NPC135539	NPT1006	1	480414	PMID
NPC13554	NPC13554	NPT178	1	501683	PMID
NPC135601	NPC135601	NPT1603	1	486812	PMID
NPC135601	NPC135601	NPT1604	1	486812	PMID
NPC135601	NPC135601	NPT208	1	486812	PMID
NPC135639	NPC135639	NPT48	1	482664	PMID
NPC135639	NPC135639	NPT94	1	482664	PMID
NPC135730	NPC135730	NPT1044	1	519992	PMID
NPC13575	NPC13575	NPT1255	1	522268	PMID
NPC13575	NPC13575	NPT1256	1	522268	PMID
NPC13575	NPC13575	NPT1257	1	522268	PMID
NPC13575	NPC13575	NPT51	1	522268	PMID
NPC135961	NPC135961	NPT106	1	565698	PMID
NPC135961	NPC135961	NPT866	1	565698	PMID
NPC135961	NPC135961	NPT99	1	565698	PMID
NPC136014	NPC136014	NPT204	1	519060	PMID
NPC136091	NPC136091	NPT3517	4	11327580;12182860;12620067;12781178	PMID
NPC136091	NPC136091	NPT3569	3	12182860;12620067;12781178	PMID
NPC136091	NPC136091	NPT3974	4	11327580;12182860;12620067;12781178	PMID
NPC136112	NPC136112	NPT110	2	540359;540360	PMID
NPC136112	NPC136112	NPT163	1	540359	PMID
NPC136112	NPC136112	NPT208	2	540359;540360	PMID
NPC136112	NPC136112	NPT210	1	540359	PMID
NPC136112	NPC136112	NPT225	1	540362	PMID
NPC136112	NPC136112	NPT226	1	540362	PMID
NPC136330	NPC136330	NPT109	1	459799	PMID
NPC136330	NPC136330	NPT149	1	459799	PMID
NPC136330	NPC136330	NPT151	1	459799	PMID
NPC136330	NPC136330	NPT1547	1	459811	PMID
NPC136330	NPC136330	NPT261	1	459805	PMID
NPC136330	NPC136330	NPT282	1	459799	PMID
NPC136330	NPC136330	NPT472	1	459794	PMID
NPC136330	NPC136330	NPT48	1	459799	PMID
NPC136330	NPC136330	NPT537	1	459800	PMID
NPC136330	NPC136330	NPT538	1	459800	PMID
NPC136330	NPC136330	NPT570	1	459831	PMID
NPC136330	NPC136330	NPT582	2	459805;459829	PMID
NPC136330	NPC136330	NPT668	1	459803	PMID
NPC136330	NPC136330	NPT93	1	459799	PMID
NPC136330	NPC136330	NPT94	1	459799	PMID
NPC136349	NPC136349	NPT218	1	536221	PMID
NPC136349	NPC136349	NPT4059	1	536221	PMID
NPC136349	NPC136349	NPT4545	1	536222	PMID
NPC136349	NPC136349	NPT865	1	536225	PMID
NPC136508	NPC136508	NPT1784	1	498362	PMID
NPC136508	NPC136508	NPT1785	1	498362	PMID
NPC136508	NPC136508	NPT242	1	498362	PMID
NPC136508	NPC136508	NPT291	1	498362	PMID
NPC136508	NPC136508	NPT294	1	498362	PMID
NPC136508	NPC136508	NPT92	2	498361;498362	PMID
NPC136699	NPC136699	NPT864	1	511944	PMID
NPC136826	NPC136826	NPT1464	1	31244143	PMID
NPC13696	NPC13696	NPT1259	2	476322;476323	PMID
NPC13696	NPC13696	NPT149	1	476324	PMID
NPC13696	NPC13696	NPT151	1	476324	PMID
NPC13696	NPC13696	NPT213	1	476324	PMID
NPC13696	NPC13696	NPT48	1	476324	PMID
NPC13696	NPC13696	NPT50	1	476325	PMID
NPC13696	NPC13696	NPT94	2	476324;476325	PMID
NPC137050	NPC137050	NPT94	1	489226	PMID
NPC137096	NPC137096	NPT163	1	525839	PMID
NPC137096	NPC137096	NPT1788	3	525822;525842;525843	PMID
NPC137096	NPC137096	NPT1789	2	525842;525843	PMID
NPC137096	NPC137096	NPT210	1	525839	PMID
NPC137096	NPC137096	NPT211	1	525839	PMID
NPC137096	NPC137096	NPT222	1	525844	PMID
NPC137096	NPC137096	NPT224	1	525844	PMID
NPC137096	NPC137096	NPT537	1	525840	PMID
NPC137232	NPC137232	NPT178	2	568794;568795	PMID
NPC137396	NPC137396	NPT4309	1	494687	PMID
NPC137419	NPC137419	NPT210	1	518030	PMID
NPC137419	NPC137419	NPT48	1	518029	PMID
NPC137537	NPC137537	NPT862	1	492481	PMID
NPC137554	NPC137554	NPT61	2	448980;448981	PMID
NPC137567	NPC137567	NPT613	1	465297	PMID
NPC13768	NPC13768	NPT109	1	529980	PMID
NPC13768	NPC13768	NPT110	1	529981	PMID
NPC13768	NPC13768	NPT149	1	529981	PMID
NPC13768	NPC13768	NPT212	1	529981	PMID
NPC13768	NPC13768	NPT213	1	529981	PMID
NPC13768	NPC13768	NPT51	1	529980	PMID
NPC137705	NPC137705	NPT1119	1	508045	PMID
NPC137705	NPC137705	NPT792	1	508045	PMID
NPC137847	NPC137847	NPT50	1	507419	PMID
NPC137922	NPC137922	NPT1119	1	466273	PMID
NPC137922	NPC137922	NPT41	1	466272	PMID
NPC137922	NPC137922	NPT792	2	466273;466276	PMID
NPC137949	NPC137949	NPT109	1	550152	PMID
NPC137949	NPC137949	NPT1226	2	550152;550153	PMID
NPC137949	NPC137949	NPT149	2	550152;550153	PMID
NPC137949	NPC137949	NPT151	3	550151;550152;550153	PMID
NPC137949	NPC137949	NPT1551	1	550150	PMID
NPC137949	NPC137949	NPT208	1	550152	PMID
NPC137949	NPC137949	NPT211	1	550152	PMID
NPC137949	NPC137949	NPT277	2	550152;550153	PMID
NPC137949	NPC137949	NPT30	1	550144	PMID
NPC137949	NPC137949	NPT3904	1	550151	PMID
NPC137949	NPC137949	NPT41	1	550150	PMID
NPC137949	NPC137949	NPT48	3	550151;550152;550153	PMID
NPC137949	NPC137949	NPT483	1	550151	PMID
NPC137949	NPC137949	NPT501	3	550151;550152;550153	PMID
NPC137949	NPC137949	NPT51	1	550153	PMID
NPC137949	NPC137949	NPT57	1	550171	PMID
NPC137949	NPC137949	NPT60	1	550151	PMID
NPC137949	NPC137949	NPT792	1	550152	PMID
NPC137949	NPC137949	NPT93	1	550153	PMID
NPC137949	NPC137949	NPT94	3	550151;550152;550153	PMID
NPC137949	NPC137949	NPT948	1	550169	PMID
NPC137949	NPC137949	NPT949	1	550169	PMID
NPC137949	NPC137949	NPT967	1	550141	PMID
NPC137958	NPC137958	NPT1259	8	453084;453085;453088;453099;453116;453132;453137;453169	PMID
NPC137958	NPC137958	NPT1518	3	453142;453176;453193	PMID
NPC137958	NPC137958	NPT1519	3	453142;453176;453193	PMID
NPC137958	NPC137958	NPT1520	3	453142;453176;453193	PMID
NPC137958	NPC137958	NPT1557	1	453157	PMID
NPC137958	NPC137958	NPT208	1	453155	PMID
NPC137958	NPC137958	NPT3549	8	453085;453099;453116;453132;453137;453144;453169;453186	PMID
NPC137958	NPC137958	NPT3737	2	453080;453110	PMID
NPC137958	NPC137958	NPT3741	6	453080;453106;453110;453131;453145;453185	PMID
NPC137958	NPC137958	NPT3742	7	453080;453106;453110;453131;453145;453146;453185	PMID
NPC137958	NPC137958	NPT3743	5	453080;453106;453110;453131;453185	PMID
NPC137958	NPC137958	NPT3744	3	453080;453110;453128	PMID
NPC137958	NPC137958	NPT3745	3	453080;453106;453110	PMID
NPC137958	NPC137958	NPT3746	2	453080;453110	PMID
NPC137958	NPC137958	NPT3757	4	453085;453088;453099;453144	PMID
NPC137958	NPC137958	NPT3758	3	453131;453145;453185	PMID
NPC137958	NPC137958	NPT4562	4	453076;453085;453169;453172	PMID
NPC137958	NPC137958	NPT4563	13	453079;453085;453088;453099;453116;453119;453127;453132;453133;453137;453152;453169;453172	PMID
NPC137958	NPC137958	NPT4565	8	453085;453088;453099;453116;453119;453132;453137;453169	PMID
NPC137958	NPC137958	NPT4566	3	453085;453169;453174	PMID
NPC137958	NPC137958	NPT4567	2	453085;453122	PMID
NPC137958	NPC137958	NPT4576	1	453130	PMID
NPC138056	NPC138056	NPT865	1	560093	PMID
NPC138113	NPC138113	NPT210	1	463853	PMID
NPC13818	NPC13818	NPT1270	1	502457	PMID
NPC13818	NPC13818	NPT178	1	502470	PMID
NPC13818	NPC13818	NPT41	1	502457	PMID
NPC13818	NPC13818	NPT78	1	502460	PMID
NPC13818	NPC13818	NPT862	1	502469	PMID
NPC13826	NPC13826	NPT109	1	471433	PMID
NPC13826	NPC13826	NPT1274	1	471434	PMID
NPC13826	NPC13826	NPT48	1	471434	PMID
NPC13826	NPC13826	NPT483	1	471434	PMID
NPC13826	NPC13826	NPT51	1	471434	PMID
NPC13826	NPC13826	NPT59	1	471434	PMID
NPC13826	NPC13826	NPT60	1	471434	PMID
NPC13826	NPC13826	NPT93	1	471434	PMID
NPC138299	NPC138299	NPT151	1	540164	PMID
NPC138299	NPC138299	NPT178	1	540170	PMID
NPC138299	NPC138299	NPT244	1	540143	PMID
NPC138299	NPC138299	NPT271	2	540148;540161	PMID
NPC138299	NPC138299	NPT279	1	540173	PMID
NPC138299	NPC138299	NPT280	1	540175	PMID
NPC138299	NPC138299	NPT292	1	540143	PMID
NPC138299	NPC138299	NPT3172	1	540145	PMID
NPC138299	NPC138299	NPT4581	1	540153	PMID
NPC138299	NPC138299	NPT4582	1	540164	PMID
NPC138299	NPC138299	NPT46	1	540164	PMID
NPC138299	NPC138299	NPT51	1	540164	PMID
NPC138299	NPC138299	NPT568	1	540175	PMID
NPC138299	NPC138299	NPT57	1	540164	PMID
NPC138299	NPC138299	NPT740	1	540162	PMID
NPC138299	NPC138299	NPT78	1	540178	PMID
NPC138299	NPC138299	NPT94	1	540164	PMID
NPC138370	NPC138370	NPT1834	1	447784	PMID
NPC138487	NPC138487	NPT109	1	524199	PMID
NPC138487	NPC138487	NPT110	1	524199	PMID
NPC138487	NPC138487	NPT208	1	524199	PMID
NPC138487	NPC138487	NPT213	1	524199	PMID
NPC138487	NPC138487	NPT483	1	524199	PMID
NPC13879	NPC13879	NPT108	2	451023;451025	PMID
NPC13879	NPC13879	NPT155	1	451025	PMID
NPC13879	NPC13879	NPT1587	1	451025	PMID
NPC13879	NPC13879	NPT1588	1	451025	PMID
NPC13879	NPC13879	NPT248	1	451023	PMID
NPC138865	NPC138865	NPT346	1	575285	PMID
NPC138927	NPC138927	NPT30	1	540249	PMID
NPC138927	NPC138927	NPT31	1	540249	PMID
NPC138942	NPC138942	NPT1287	1	518153	PMID
NPC138942	NPC138942	NPT232	1	518153	PMID
NPC138978	NPC138978	NPT282	1	554198	PMID
NPC138978	NPC138978	NPT47	1	554198	PMID
NPC138978	NPC138978	NPT48	1	554198	PMID
NPC138978	NPC138978	NPT51	1	554198	PMID
NPC138978	NPC138978	NPT57	1	554198	PMID
NPC138978	NPC138978	NPT59	1	554198	PMID
NPC138978	NPC138978	NPT60	1	554198	PMID
NPC138978	NPC138978	NPT905	1	554198	PMID
NPC139085	NPC139085	NPT109	1	448054	PMID
NPC139085	NPC139085	NPT426	2	448063;448064	PMID
NPC139397	NPC139397	NPT1416	1	493290	PMID
NPC139397	NPC139397	NPT149	1	493293	PMID
NPC139397	NPC139397	NPT282	1	493292	PMID
NPC139397	NPC139397	NPT441	2	493279;493302	PMID
NPC139397	NPC139397	NPT483	1	493290	PMID
NPC139397	NPC139397	NPT58	1	493290	PMID
NPC139397	NPC139397	NPT796	1	493290	PMID
NPC139397	NPC139397	NPT894	1	493272	PMID
NPC139397	NPC139397	NPT920	1	493304	PMID
NPC139397	NPC139397	NPT93	2	493290;493291	PMID
NPC139397	NPC139397	NPT94	1	493292	PMID
NPC139397	NPC139397	NPT958	3	493266;493278;493281	PMID
NPC139416	NPC139416	NPT208	1	456248	PMID
NPC139416	NPC139416	NPT240	2	456249;456250	PMID
NPC139416	NPC139416	NPT94	1	456251	PMID
NPC139548	NPC139548	NPT3101	1	546214	PMID
NPC139548	NPC139548	NPT41	1	546211	PMID
NPC139548	NPC139548	NPT57	1	546218	PMID
NPC139548	NPC139548	NPT947	1	546214	PMID
NPC139548	NPC139548	NPT948	1	546214	PMID
NPC139548	NPC139548	NPT949	1	546214	PMID
NPC139548	NPC139548	NPT955	1	546214	PMID
NPC139548	NPC139548	NPT967	1	546208	PMID
NPC139658	NPC139658	NPT524	1	464245	PMID
NPC139658	NPC139658	NPT976	1	464244	PMID
NPC139813	NPC139813	NPT109	1	493870	PMID
NPC139813	NPC139813	NPT1422	1	493872	PMID
NPC139813	NPC139813	NPT213	1	493870	PMID
NPC139813	NPC139813	NPT282	1	493869	PMID
NPC139813	NPC139813	NPT483	1	493869	PMID
NPC139813	NPC139813	NPT51	2	493869;493870	PMID
NPC139813	NPC139813	NPT78	1	493874	PMID
NPC139813	NPC139813	NPT93	1	493869	PMID
NPC139867	NPC139867	NPT1078	1	512418	PMID
NPC139876	NPC139876	NPT204	1	511313	PMID
NPC139891	NPC139891	NPT1062	2	485236;485259	PMID
NPC139891	NPC139891	NPT1063	1	485236	PMID
NPC139891	NPC139891	NPT1143	1	485236	PMID
NPC139891	NPC139891	NPT1144	1	485236	PMID
NPC139891	NPC139891	NPT1146	1	485236	PMID
NPC139891	NPC139891	NPT1224	1	485222	PMID
NPC139891	NPC139891	NPT233	8	485243;485257;485258;485259;485260;485268;485269;485275	PMID
NPC139891	NPC139891	NPT483	1	485244	PMID
NPC139891	NPC139891	NPT50	1	485244	PMID
NPC139891	NPC139891	NPT57	1	485296	PMID
NPC139891	NPC139891	NPT947	9	485236;485243;485257;485258;485259;485260;485268;485269;485275	PMID
NPC139891	NPC139891	NPT948	1	485236	PMID
NPC139891	NPC139891	NPT949	1	485236	PMID
NPC139891	NPC139891	NPT954	1	485236	PMID
NPC139891	NPC139891	NPT955	1	485236	PMID
NPC13991	NPC13991	NPT210	1	553442	PMID
NPC13991	NPC13991	NPT282	1	553442	PMID
NPC14005	NPC14005	NPT1038	1	518721	PMID
NPC14005	NPC14005	NPT1282	1	518721	PMID
NPC14005	NPC14005	NPT1283	1	518721	PMID
NPC14030	NPC14030	NPT1166	1	465221	PMID
NPC14030	NPC14030	NPT1274	1	465231	PMID
NPC14030	NPC14030	NPT143	1	465224	PMID
NPC140300	NPC140300	NPT204	1	506965	PMID
NPC140840	NPC140840	NPT1038	1	460981	PMID
NPC140840	NPC140840	NPT1432	1	460989	PMID
NPC140840	NPC140840	NPT1439	1	460989	PMID
NPC140840	NPC140840	NPT1440	1	460989	PMID
NPC140840	NPC140840	NPT1449	1	460989	PMID
NPC140840	NPC140840	NPT1571	1	460989	PMID
NPC140840	NPC140840	NPT1687	1	460989	PMID
NPC140840	NPC140840	NPT1709	1	460989	PMID
NPC140840	NPC140840	NPT1721	1	460989	PMID
NPC140840	NPC140840	NPT2213	1	460989	PMID
NPC140840	NPC140840	NPT2576	1	460989	PMID
NPC140840	NPC140840	NPT261	1	460992	PMID
NPC140840	NPC140840	NPT3230	1	460989	PMID
NPC140840	NPC140840	NPT3236	1	460989	PMID
NPC140840	NPC140840	NPT3240	1	460989	PMID
NPC140840	NPC140840	NPT3246	1	460989	PMID
NPC140840	NPC140840	NPT3312	1	460989	PMID
NPC140840	NPC140840	NPT3347	1	460989	PMID
NPC140840	NPC140840	NPT4627	1	460981	PMID
NPC140840	NPC140840	NPT47	1	460981	PMID
NPC140840	NPC140840	NPT48	1	460981	PMID
NPC140840	NPC140840	NPT49	1	460981	PMID
NPC140840	NPC140840	NPT51	1	460981	PMID
NPC140840	NPC140840	NPT538	1	460981	PMID
NPC140840	NPC140840	NPT57	1	460981	PMID
NPC140840	NPC140840	NPT591	1	460989	PMID
NPC140840	NPC140840	NPT60	1	460981	PMID
NPC140840	NPC140840	NPT798	1	460981	PMID
NPC140840	NPC140840	NPT801	1	460981	PMID
NPC140840	NPC140840	NPT802	1	460981	PMID
NPC140840	NPC140840	NPT833	1	460989	PMID
NPC140872	NPC140872	NPT149	1	509192	PMID
NPC141068	NPC141068	NPT947	1	464801	PMID
NPC141068	NPC141068	NPT948	1	464801	PMID
NPC141068	NPC141068	NPT949	1	464801	PMID
NPC141068	NPC141068	NPT967	1	464786	PMID
NPC141331	NPC141331	NPT3953	2	464810;Patent: US9120744 B2	PMID;Patent
NPC141353	NPC141353	NPT1197	1	470717	PMID
NPC141353	NPC141353	NPT151	1	470716	PMID
NPC141353	NPC141353	NPT208	1	470716	PMID
NPC141353	NPC141353	NPT213	1	470716	PMID
NPC141353	NPC141353	NPT48	2	470716;470717	PMID
NPC141481	NPC141481	NPT182	1	482976	PMID
NPC141523	NPC141523	NPT439	1	515352	PMID
NPC141574	NPC141574	NPT41	1	570934	PMID
NPC141612	NPC141612	NPT273	1	525772	PMID
NPC141739	NPC141739	NPT225	2	485436;485504	PMID
NPC141739	NPC141739	NPT226	3	485485;485503;485504	PMID
NPC141739	NPC141739	NPT483	1	485471	PMID
NPC141739	NPC141739	NPT92	1	485503	PMID
NPC141765	NPC141765	NPT106	1	515453	PMID
NPC141765	NPC141765	NPT178	1	515447	PMID
NPC141782	NPC141782	NPT918	1	467950	PMID
NPC141791	NPC141791	NPT109	1	497173	PMID
NPC141791	NPC141791	NPT110	1	497173	PMID
NPC141791	NPC141791	NPT1119	1	497173	PMID
NPC141791	NPC141791	NPT149	1	497173	PMID
NPC141791	NPC141791	NPT163	1	497173	PMID
NPC141791	NPC141791	NPT208	1	497173	PMID
NPC141791	NPC141791	NPT210	1	497173	PMID
NPC141791	NPC141791	NPT211	1	497173	PMID
NPC141791	NPC141791	NPT212	1	497173	PMID
NPC141791	NPC141791	NPT213	1	497173	PMID
NPC141791	NPC141791	NPT282	1	497173	PMID
NPC141791	NPC141791	NPT52	1	497173	PMID
NPC141791	NPC141791	NPT539	1	497173	PMID
NPC141791	NPC141791	NPT792	1	497173	PMID
NPC141791	NPC141791	NPT96	1	497173	PMID
NPC141953	NPC141953	NPT210	1	491803	PMID
NPC142308	NPC142308	NPT178	1	489142	PMID
NPC142308	NPC142308	NPT211	1	489141	PMID
NPC142319	NPC142319	NPT741	5	526284;526286;526296;526361;526369	PMID
NPC142330	NPC142330	NPT483	1	568765	PMID
NPC142330	NPC142330	NPT50	1	568765	PMID
NPC142330	NPC142330	NPT94	1	568765	PMID
NPC142339	NPC142339	NPT178	1	560000	PMID
NPC142339	NPC142339	NPT30	1	559989	PMID
NPC142339	NPC142339	NPT31	1	559989	PMID
NPC142339	NPC142339	NPT441	1	559991	PMID
NPC142339	NPC142339	NPT861	1	559998	PMID
NPC142339	NPC142339	NPT865	1	559993	PMID
NPC14234	NPC14234	NPT1287	1	551571	PMID
NPC14234	NPC14234	NPT232	1	551571	PMID
NPC142361	NPC142361	NPT956	1	565833	PMID
NPC142415	NPC142415	NPT1196	2	522018;522058	PMID
NPC142415	NPC142415	NPT1210	14	521989;522048;522051;522065;522072;522084;522093;522095;522110;522113;522130;522134;522148;522157	PMID
NPC142415	NPC142415	NPT1211	1	522093	PMID
NPC142415	NPC142415	NPT1270	1	522019	PMID
NPC142415	NPC142415	NPT166	1	522162	PMID
NPC142415	NPC142415	NPT178	42	521945;521973;521989;521997;522013;522017;522018;522023;522028;522032;522036;522039;522048;522051;522058;522059;522060;522061;522064;522065;522067;522068;522072;522076;522079;522084;522087;522090;522093;522095;522105;522107;522110;522113;522118;522130;522134;522142;522144;522148;522154;522157	PMID
NPC142415	NPC142415	NPT1870	2	522018;522084	PMID
NPC142415	NPC142415	NPT205	2	521989;522084	PMID
NPC142415	NPC142415	NPT206	1	522084	PMID
NPC142415	NPC142415	NPT287	1	522093	PMID
NPC142415	NPC142415	NPT30	2	521966;521967	PMID
NPC142415	NPC142415	NPT31	3	521961;521966;521967	PMID
NPC142415	NPC142415	NPT41	1	522019	PMID
NPC142415	NPC142415	NPT540	1	521994	PMID
NPC142415	NPC142415	NPT545	1	522019	PMID
NPC142415	NPC142415	NPT59	4	521951;521963;521977;522019	PMID
NPC142415	NPC142415	NPT677	1	522097	PMID
NPC142415	NPC142415	NPT721	1	522121	PMID
NPC142415	NPC142415	NPT745	1	521994	PMID
NPC142415	NPC142415	NPT911	1	522051	PMID
NPC142754	NPC142754	NPT166	1	522328	PMID
NPC142754	NPC142754	NPT203	1	522328	PMID
NPC142860	NPC142860	NPT178	1	475290	PMID
NPC142860	NPC142860	NPT2801	2	475271;475272	PMID
NPC142860	NPC142860	NPT441	1	475266	PMID
NPC142860	NPC142860	NPT591	1	475281	PMID
NPC142956	NPC142956	NPT279	1	524345	PMID
NPC143022	NPC143022	NPT1210	1	572213	PMID
NPC143022	NPC143022	NPT1211	1	572213	PMID
NPC143022	NPC143022	NPT178	1	572213	PMID
NPC143022	NPC143022	NPT287	1	572213	PMID
NPC143168	NPC143168	NPT1080	1	488378	PMID
NPC143168	NPC143168	NPT110	2	488361;488363	PMID
NPC143168	NPC143168	NPT1119	1	488361	PMID
NPC143168	NPC143168	NPT149	1	488361	PMID
NPC143168	NPC143168	NPT151	2	488359;488362	PMID
NPC143168	NPC143168	NPT212	1	488363	PMID
NPC143168	NPC143168	NPT213	1	488363	PMID
NPC143168	NPC143168	NPT282	1	488362	PMID
NPC143168	NPC143168	NPT3167	1	488377	PMID
NPC143168	NPC143168	NPT4309	4	488354;488355;488357;488379	PMID
NPC143168	NPC143168	NPT45	1	488361	PMID
NPC143168	NPC143168	NPT48	2	488359;488361	PMID
NPC143168	NPC143168	NPT50	1	488359	PMID
NPC143168	NPC143168	NPT51	3	488359;488361;488362	PMID
NPC143168	NPC143168	NPT539	1	488361	PMID
NPC143168	NPC143168	NPT570	1	488377	PMID
NPC143168	NPC143168	NPT792	1	488361	PMID
NPC143168	NPC143168	NPT94	3	488359;488361;488362	PMID
NPC143168	NPC143168	NPT956	1	488380	PMID
NPC14330	NPC14330	NPT94	1	548576	PMID
NPC143402	NPC143402	NPT2944	1	476725	PMID
NPC143402	NPC143402	NPT45	1	476725	PMID
NPC143402	NPC143402	NPT46	1	476726	PMID
NPC143402	NPC143402	NPT47	1	476726	PMID
NPC143402	NPC143402	NPT50	1	476726	PMID
NPC143402	NPC143402	NPT58	1	476726	PMID
NPC143402	NPC143402	NPT864	1	476725	PMID
NPC14353	NPC14353	NPT163	1	495460	PMID
NPC14353	NPC14353	NPT721	1	495460	PMID
NPC14353	NPC14353	NPT861	1	495464	PMID
NPC14353	NPC14353	NPT865	1	495462	PMID
NPC143649	NPC143649	NPT109	1	476978	PMID
NPC143799	NPC143799	NPT261	1	478341	PMID
NPC143809	NPC143809	NPT513	1	506341	PMID
NPC143896	NPC143896	NPT178	1	457005	PMID
NPC144258	NPC144258	NPT218	1	527422	PMID
NPC144258	NPC144258	NPT246	1	527422	PMID
NPC144258	NPC144258	NPT249	1	527422	PMID
NPC144258	NPC144258	NPT281	1	527422	PMID
NPC144258	NPC144258	NPT483	2	527415;527416	PMID
NPC144258	NPC144258	NPT51	2	527415;527416	PMID
NPC144258	NPC144258	NPT58	1	527415	PMID
NPC144258	NPC144258	NPT894	1	527404	PMID
NPC144258	NPC144258	NPT93	1	527416	PMID
NPC144288	NPC144288	NPT740	1	506465	PMID
NPC144407	NPC144407	NPT94	1	487618	PMID
NPC144557	NPC144557	NPT1062	1	505365	PMID
NPC144557	NPC144557	NPT949	1	505365	PMID
NPC144557	NPC144557	NPT955	1	505365	PMID
NPC14468	NPC14468	NPT640	1	480323	PMID
NPC14468	NPC14468	NPT641	1	480323	PMID
NPC144682	NPC144682	NPT233	1	470060	PMID
NPC144682	NPC144682	NPT59	1	470084	PMID
NPC144682	NPC144682	NPT93	1	470084	PMID
NPC144682	NPC144682	NPT94	1	470085	PMID
NPC144682	NPC144682	NPT947	1	470060	PMID
NPC144939	NPC144939	NPT109	1	447876	PMID
NPC144939	NPC144939	NPT1250	1	447887	PMID
NPC144939	NPC144939	NPT210	1	447876	PMID
NPC144939	NPC144939	NPT346	9	447872;447873;447875;447877;447885;447888;447892;447893;447896	PMID
NPC144939	NPC144939	NPT472	1	447888	PMID
NPC144956	NPC144956	NPT1028	1	514191	PMID
NPC144956	NPC144956	NPT211	1	514168	PMID
NPC144956	NPC144956	NPT249	1	514175	PMID
NPC144956	NPC144956	NPT543	1	514185	PMID
NPC144956	NPC144956	NPT713	1	514190	PMID
NPC144995	NPC144995	NPT109	1	474760	PMID
NPC145032	NPC145032	NPT1287	1	462935	PMID
NPC145032	NPC145032	NPT232	1	462935	PMID
NPC145038	NPC145038	NPT1356	1	478579	PMID
NPC145038	NPC145038	NPT3835	1	478579	PMID
NPC145038	NPC145038	NPT48	1	478579	PMID
NPC145038	NPC145038	NPT60	1	478579	PMID
NPC145038	NPC145038	NPT93	1	478579	PMID
NPC145045	NPC145045	NPT208	1	489836	PMID
NPC145047	NPC145047	NPT1119	1	526003	PMID
NPC145052	NPC145052	NPT151	1	571089	PMID
NPC145052	NPC145052	NPT48	1	571089	PMID
NPC145052	NPC145052	NPT51	1	571089	PMID
NPC145235	NPC145235	NPT48	1	461150	PMID
NPC145235	NPC145235	NPT94	1	461150	PMID
NPC145304	NPC145304	NPT48	1	483216	PMID
NPC145304	NPC145304	NPT51	1	483216	PMID
NPC145304	NPC145304	NPT94	1	483216	PMID
NPC145638	NPC145638	NPT425	1	456305	PMID
NPC145885	NPC145885	NPT59	1	491433	PMID
NPC145885	NPC145885	NPT60	1	491433	PMID
NPC145888	NPC145888	NPT1197	1	520452	PMID
NPC145888	NPC145888	NPT46	1	520452	PMID
NPC145888	NPC145888	NPT47	2	520452;520453	PMID
NPC145888	NPC145888	NPT48	1	520453	PMID
NPC145888	NPC145888	NPT49	2	520452;520453	PMID
NPC145888	NPC145888	NPT50	2	520452;520453	PMID
NPC145888	NPC145888	NPT51	2	520452;520453	PMID
NPC145888	NPC145888	NPT58	2	520452;520453	PMID
NPC145888	NPC145888	NPT59	1	520453	PMID
NPC145888	NPC145888	NPT94	1	520453	PMID
NPC14622	NPC14622	NPT109	1	520629	PMID
NPC146289	NPC146289	NPT210	1	506344	PMID
NPC146316	NPC146316	NPT539	1	459432	PMID
NPC146355	NPC146355	NPT570	1	559635	PMID
NPC146373	NPC146373	NPT110	1	524045	PMID
NPC146373	NPC146373	NPT208	1	524046	PMID
NPC146373	NPC146373	NPT213	1	524045	PMID
NPC146373	NPC146373	NPT240	3	524050;524051;Patent: US8609708 B2	PMID;Patent
NPC146422	NPC146422	NPT110	1	491000	PMID
NPC146422	NPC146422	NPT149	2	490999;491000	PMID
NPC146422	NPC146422	NPT1811	2	490957;491107	PMID
NPC146422	NPC146422	NPT211	1	491000	PMID
NPC146422	NPC146422	NPT226	1	491071	PMID
NPC146422	NPC146422	NPT228	1	490899	PMID
NPC146422	NPC146422	NPT242	13	490880;490901;490916;490961;490968;490981;490993;491017;491033;491044;491047;491095;491107	PMID
NPC146422	NPC146422	NPT243	44	490891;490896;490901;490910;490916;490924;490927;490962;490966;490968;490969;490973;490979;490983;490986;490987;490997;491017;491031;491033;491034;491040;491042;491043;491044;491046;491047;491048;491057;491068;491070;491071;491078;491079;491080;491081;491082;491096;491098;491101;491104;491106;491107;491115	PMID
NPC146422	NPC146422	NPT244	26	490896;490910;490966;490969;490973;490979;490983;490987;490997;491017;491031;491033;491034;491040;491042;491043;491044;491048;491057;491068;491070;491081;491096;491103;491104;491106	PMID
NPC146422	NPC146422	NPT245	8	490910;490927;490961;490962;490973;491040;491086;491107	PMID
NPC146422	NPC146422	NPT246	1	490899	PMID
NPC146422	NPC146422	NPT282	1	490999	PMID
NPC146422	NPC146422	NPT4046	1	490923	PMID
NPC146422	NPC146422	NPT4047	1	490923	PMID
NPC146422	NPC146422	NPT47	2	490998;490999	PMID
NPC146422	NPC146422	NPT48	2	490999;491059	PMID
NPC146422	NPC146422	NPT49	1	490998	PMID
NPC146422	NPC146422	NPT50	2	490998;490999	PMID
NPC146422	NPC146422	NPT51	2	490998;490999	PMID
NPC146422	NPC146422	NPT539	1	490999	PMID
NPC146422	NPC146422	NPT792	1	491000	PMID
NPC146422	NPC146422	NPT920	1	491114	PMID
NPC146422	NPC146422	NPT94	2	490998;490999	PMID
NPC146422	NPC146422	NPT940	1	491001	PMID
NPC146422	NPC146422	NPT96	1	491000	PMID
NPC146703	NPC146703	NPT109	1	474055	PMID
NPC146703	NPC146703	NPT149	1	474058	PMID
NPC146703	NPC146703	NPT210	1	474055	PMID
NPC146703	NPC146703	NPT213	1	474058	PMID
NPC146703	NPC146703	NPT2562	3	474049;474051;474063	PMID
NPC146703	NPC146703	NPT47	1	474057	PMID
NPC146703	NPC146703	NPT50	2	474056;474057	PMID
NPC146703	NPC146703	NPT51	1	474057	PMID
NPC146703	NPC146703	NPT58	1	474057	PMID
NPC146703	NPC146703	NPT59	1	474056	PMID
NPC146703	NPC146703	NPT796	1	474059	PMID
NPC146703	NPC146703	NPT864	1	474056	PMID
NPC146976	NPC146976	NPT1255	1	469667	PMID
NPC146976	NPC146976	NPT1256	1	469667	PMID
NPC146976	NPC146976	NPT1257	1	469667	PMID
NPC146976	NPC146976	NPT4674	1	469667	PMID
NPC146976	NPC146976	NPT4675	1	469667	PMID
NPC146976	NPC146976	NPT864	1	469667	PMID
NPC146976	NPC146976	NPT979	1	469667	PMID
NPC147000	NPC147000	NPT109	1	469073	PMID
NPC147000	NPC147000	NPT110	1	469073	PMID
NPC147000	NPC147000	NPT1119	1	469073	PMID
NPC147000	NPC147000	NPT149	1	469073	PMID
NPC147000	NPC147000	NPT163	1	469073	PMID
NPC147000	NPC147000	NPT210	1	469073	PMID
NPC147000	NPC147000	NPT212	1	469073	PMID
NPC147000	NPC147000	NPT213	1	469073	PMID
NPC147000	NPC147000	NPT501	1	469073	PMID
NPC147000	NPC147000	NPT52	1	469073	PMID
NPC147000	NPC147000	NPT792	1	469073	PMID
NPC147000	NPC147000	NPT96	1	469073	PMID
NPC147030	NPC147030	NPT233	1	534116	PMID
NPC147030	NPC147030	NPT947	1	534116	PMID
NPC147030	NPC147030	NPT948	1	534116	PMID
NPC147030	NPC147030	NPT949	1	534116	PMID
NPC147030	NPC147030	NPT955	1	534116	PMID
NPC147062	NPC147062	NPT204	1	531540	PMID
NPC147212	NPC147212	NPT50	1	515636	PMID
NPC147310	NPC147310	NPT31	1	494352	PMID
NPC147363	NPC147363	NPT211	1	555550	PMID
NPC147418	NPC147418	NPT109	1	473021	PMID
NPC147418	NPC147418	NPT1274	1	473030	PMID
NPC147418	NPC147418	NPT1424	1	473021	PMID
NPC147418	NPC147418	NPT149	1	473021	PMID
NPC147418	NPC147418	NPT151	1	473021	PMID
NPC147418	NPC147418	NPT157	1	473021	PMID
NPC147418	NPC147418	NPT1598	2	473028;473031	PMID
NPC147418	NPC147418	NPT282	1	473021	PMID
NPC147418	NPC147418	NPT45	1	473021	PMID
NPC147418	NPC147418	NPT46	1	473021	PMID
NPC147418	NPC147418	NPT47	1	473021	PMID
NPC147418	NPC147418	NPT48	1	473021	PMID
NPC147418	NPC147418	NPT49	1	473021	PMID
NPC147418	NPC147418	NPT491	1	473021	PMID
NPC147418	NPC147418	NPT50	1	473021	PMID
NPC147418	NPC147418	NPT51	1	473021	PMID
NPC147418	NPC147418	NPT539	1	473021	PMID
NPC147418	NPC147418	NPT792	1	473021	PMID
NPC147418	NPC147418	NPT94	1	473021	PMID
NPC147513	NPC147513	NPT204	1	498316	PMID
NPC147513	NPC147513	NPT439	1	498315	PMID
NPC147654	NPC147654	NPT78	1	489817	PMID
NPC147686	NPC147686	NPT1663	1	529048	PMID
NPC147686	NPC147686	NPT441	2	529017;529023	PMID
NPC147824	NPC147824	NPT947	1	489509	PMID
NPC147824	NPC147824	NPT948	1	489509	PMID
NPC147957	NPC147957	NPT4684	1	520079	PMID
NPC147983	NPC147983	NPT149	2	574062;574063	PMID
NPC147983	NPC147983	NPT151	1	574062	PMID
NPC147983	NPC147983	NPT210	1	574063	PMID
NPC147983	NPC147983	NPT2926	1	574053	PMID
NPC147983	NPC147983	NPT48	2	574062;574063	PMID
NPC147983	NPC147983	NPT50	1	574062	PMID
NPC147983	NPC147983	NPT59	1	574064	PMID
NPC147983	NPC147983	NPT60	1	574064	PMID
NPC147983	NPC147983	NPT94	1	574063	PMID
NPC148014	NPC148014	NPT110	3	547037;547038;547039	PMID
NPC148014	NPC148014	NPT212	1	547037	PMID
NPC148014	NPC148014	NPT213	1	547037	PMID
NPC148183	NPC148183	NPT145	1	495118	PMID
NPC148183	NPC148183	NPT1788	1	495118	PMID
NPC148183	NPC148183	NPT1789	1	495118	PMID
NPC148183	NPC148183	NPT221	1	495118	PMID
NPC148183	NPC148183	NPT222	1	495118	PMID
NPC148183	NPC148183	NPT223	1	495118	PMID
NPC148183	NPC148183	NPT224	1	495118	PMID
NPC148183	NPC148183	NPT271	1	495116	PMID
NPC148183	NPC148183	NPT272	1	495118	PMID
NPC148216	NPC148216	NPT1604	1	465275	PMID
NPC148216	NPC148216	NPT792	1	465274	PMID
NPC148391	NPC148391	NPT601	1	516329	PMID
NPC148414	NPC148414	NPT956	1	572754	PMID
NPC148523	NPC148523	NPT1210	1	499322	PMID
NPC148523	NPC148523	NPT1591	1	499321	PMID
NPC148523	NPC148523	NPT178	2	499322;499327	PMID
NPC148523	NPC148523	NPT570	2	499320;499333	PMID
NPC148523	NPC148523	NPT956	2	499328;499332	PMID
NPC148757	NPC148757	NPT1422	1	548198	PMID
NPC148835	NPC148835	NPT3101	1	494339	PMID
NPC148835	NPC148835	NPT947	1	494339	PMID
NPC148835	NPC148835	NPT948	1	494339	PMID
NPC148835	NPC148835	NPT949	1	494339	PMID
NPC148835	NPC148835	NPT955	1	494339	PMID
NPC148893	NPC148893	NPT204	1	529651	PMID
NPC148938	NPC148938	NPT439	1	531486	PMID
NPC148964	NPC148964	NPT178	1	474623	PMID
NPC149155	NPC149155	NPT1157	1	491513	PMID
NPC149155	NPC149155	NPT1197	1	491502	PMID
NPC149155	NPC149155	NPT2818	1	491514	PMID
NPC149155	NPC149155	NPT483	1	491502	PMID
NPC149184	NPC149184	NPT106	1	456167	PMID
NPC149184	NPC149184	NPT178	1	456171	PMID
NPC149184	NPC149184	NPT866	1	456167	PMID
NPC149184	NPC149184	NPT99	1	456167	PMID
NPC149209	NPC149209	NPT684	1	515475	PMID
NPC149209	NPC149209	NPT685	1	515475	PMID
NPC149209	NPC149209	NPT686	1	515475	PMID
NPC149209	NPC149209	NPT687	1	515475	PMID
NPC149300	NPC149300	NPT1063	1	466115	PMID
NPC149300	NPC149300	NPT13	1	466117	PMID
NPC149300	NPC149300	NPT14	1	466117	PMID
NPC149300	NPC149300	NPT208	1	466117	PMID
NPC149300	NPC149300	NPT212	1	466117	PMID
NPC149300	NPC149300	NPT233	1	466115	PMID
NPC149300	NPC149300	NPT253	1	466117	PMID
NPC149300	NPC149300	NPT273	1	466117	PMID
NPC149300	NPC149300	NPT281	1	466117	PMID
NPC149300	NPC149300	NPT282	1	466117	PMID
NPC149300	NPC149300	NPT283	1	466117	PMID
NPC149300	NPC149300	NPT300	1	466117	PMID
NPC149300	NPC149300	NPT45	1	466113	PMID
NPC149300	NPC149300	NPT72	1	466122	PMID
NPC149300	NPC149300	NPT73	1	466122	PMID
NPC149300	NPC149300	NPT864	1	466113	PMID
NPC149300	NPC149300	NPT947	1	466115	PMID
NPC149389	NPC149389	NPT178	1	456112	PMID
NPC149436	NPC149436	NPT210	1	457041	PMID
NPC149436	NPC149436	NPT94	1	457041	PMID
NPC149545	NPC149545	NPT947	2	450174;450176	PMID
NPC149545	NPC149545	NPT948	2	450174;450176	PMID
NPC149545	NPC149545	NPT949	2	450174;450176	PMID
NPC149571	NPC149571	NPT108	32	516141;516142;516143;516145;516149;516154;516160;516161;516163;516164;516166;516168;516171;516172;516173;516175;516176;516177;516178;516179;516180;516184;516185;516186;516190;516194;516212;516216;516237;516240;516251;516259	PMID
NPC149571	NPC149571	NPT109	4	516197;516199;516207;516219	PMID
NPC149571	NPC149571	NPT110	2	516197;516199	PMID
NPC149571	NPC149571	NPT14	1	516212	PMID
NPC149571	NPC149571	NPT145	1	516212	PMID
NPC149571	NPC149571	NPT149	2	516197;516199	PMID
NPC149571	NPC149571	NPT163	1	516199	PMID
NPC149571	NPC149571	NPT204	1	516212	PMID
NPC149571	NPC149571	NPT210	1	516199	PMID
NPC149571	NPC149571	NPT212	3	516197;516199;516212	PMID
NPC149571	NPC149571	NPT213	2	516197;516199	PMID
NPC149571	NPC149571	NPT217	1	516212	PMID
NPC149571	NPC149571	NPT221	1	516212	PMID
NPC149571	NPC149571	NPT222	1	516212	PMID
NPC149571	NPC149571	NPT223	1	516212	PMID
NPC149571	NPC149571	NPT224	1	516212	PMID
NPC149571	NPC149571	NPT228	1	516212	PMID
NPC149571	NPC149571	NPT242	1	516212	PMID
NPC149571	NPC149571	NPT243	1	516212	PMID
NPC149571	NPC149571	NPT244	1	516212	PMID
NPC149571	NPC149571	NPT246	1	516212	PMID
NPC149571	NPC149571	NPT248	27	516141;516142;516143;516145;516149;516154;516160;516161;516163;516164;516166;516168;516170;516171;516172;516173;516175;516176;516177;516178;516179;516180;516184;516190;516194;516216;516237	PMID
NPC149571	NPC149571	NPT271	1	516212	PMID
NPC149571	NPC149571	NPT272	1	516212	PMID
NPC149571	NPC149571	NPT2742	4	516202;516220;516235;516254	PMID
NPC149571	NPC149571	NPT290	1	516212	PMID
NPC149571	NPC149571	NPT291	2	516196;516212	PMID
NPC149571	NPC149571	NPT292	1	516212	PMID
NPC149571	NPC149571	NPT294	1	516218	PMID
NPC149571	NPC149571	NPT295	1	516212	PMID
NPC149571	NPC149571	NPT296	2	516174;516212	PMID
NPC149571	NPC149571	NPT298	1	516212	PMID
NPC149571	NPC149571	NPT4110	1	516174	PMID
NPC149571	NPC149571	NPT45	1	516197	PMID
NPC149571	NPC149571	NPT4698	1	516192	PMID
NPC149571	NPC149571	NPT4699	1	516192	PMID
NPC149571	NPC149571	NPT47	1	516198	PMID
NPC149571	NPC149571	NPT483	1	516197	PMID
NPC149571	NPC149571	NPT50	2	516197;516198	PMID
NPC149571	NPC149571	NPT51	1	516198	PMID
NPC149571	NPC149571	NPT539	1	516199	PMID
NPC149571	NPC149571	NPT540	1	516222	PMID
NPC149571	NPC149571	NPT543	1	516222	PMID
NPC149571	NPC149571	NPT792	1	516199	PMID
NPC149571	NPC149571	NPT94	2	516197;516198	PMID
NPC149571	NPC149571	NPT940	1	516200	PMID
NPC149571	NPC149571	NPT96	1	516199	PMID
NPC14958	NPC14958	NPT94	1	461202	PMID
NPC149618	NPC149618	NPT109	1	529509	PMID
NPC149618	NPC149618	NPT178	1	529508	PMID
NPC149618	NPC149618	NPT956	1	529513	PMID
NPC150026	NPC150026	NPT570	1	475315	PMID
NPC150026	NPC150026	NPT956	1	475315	PMID
NPC150048	NPC150048	NPT110	1	453248	PMID
NPC150164	NPC150164	NPT1044	1	572924	PMID
NPC1502	NPC1502	NPT282	1	489914	PMID
NPC1502	NPC1502	NPT50	1	489914	PMID
NPC1502	NPC1502	NPT94	1	489914	PMID
NPC150323	NPC150323	NPT210	1	531504	PMID
NPC150323	NPC150323	NPT2230	1	531500	PMID
NPC150408	NPC150408	NPT178	3	468411;468415;468416	PMID
NPC150506	NPC150506	NPT51	1	545348	PMID
NPC150506	NPC150506	NPT93	1	545348	PMID
NPC150592	NPC150592	NPT4717	1	504327	PMID
NPC150592	NPC150592	NPT491	1	504324	PMID
NPC150648	NPC150648	NPT1422	1	495192	PMID
NPC150680	NPC150680	NPT60	1	519051	PMID
NPC150809	NPC150809	NPT109	1	527749	PMID
NPC150837	NPC150837	NPT204	1	479247	PMID
NPC150908	NPC150908	NPT109	1	447899	PMID
NPC150908	NPC150908	NPT149	1	447899	PMID
NPC150908	NPC150908	NPT2930	1	447899	PMID
NPC150908	NPC150908	NPT483	1	447899	PMID
NPC150908	NPC150908	NPT51	1	447899	PMID
NPC150908	NPC150908	NPT539	1	447899	PMID
NPC150908	NPC150908	NPT740	1	447898	PMID
NPC150908	NPC150908	NPT78	1	447903	PMID
NPC150928	NPC150928	NPT1287	1	494174	PMID
NPC150928	NPC150928	NPT232	1	494174	PMID
NPC150928	NPC150928	NPT2982	1	494174	PMID
NPC150950	NPC150950	NPT613	1	455803	PMID
NPC150950	NPC150950	NPT918	1	455801	PMID
NPC150978	NPC150978	NPT1197	1	533952	PMID
NPC150978	NPC150978	NPT1283	1	533952	PMID
NPC150978	NPC150978	NPT282	1	533952	PMID
NPC150978	NPC150978	NPT2892	1	533952	PMID
NPC150978	NPC150978	NPT3728	1	533952	PMID
NPC150978	NPC150978	NPT4120	1	533952	PMID
NPC150978	NPC150978	NPT4358	1	533952	PMID
NPC150978	NPC150978	NPT51	1	533952	PMID
NPC150978	NPC150978	NPT537	1	533952	PMID
NPC150978	NPC150978	NPT538	1	533952	PMID
NPC151004	NPC151004	NPT110	1	533218	PMID
NPC151004	NPC151004	NPT483	1	533217	PMID
NPC15109	NPC15109	NPT261	1	517531	PMID
NPC151113	NPC151113	NPT109	1	487918	PMID
NPC151113	NPC151113	NPT151	1	487918	PMID
NPC151113	NPC151113	NPT50	1	487918	PMID
NPC151113	NPC151113	NPT94	1	487918	PMID
NPC151214	NPC151214	NPT1197	1	482590	PMID
NPC151214	NPC151214	NPT1416	1	482590	PMID
NPC151214	NPC151214	NPT2892	1	482590	PMID
NPC151214	NPC151214	NPT483	1	482590	PMID
NPC151214	NPC151214	NPT93	1	482590	PMID
NPC15130	NPC15130	NPT865	1	461157	PMID
NPC151781	NPC151781	NPT109	1	567291	PMID
NPC151781	NPC151781	NPT1226	1	567291	PMID
NPC151781	NPC151781	NPT143	1	567274	PMID
NPC151781	NPC151781	NPT277	1	567291	PMID
NPC151781	NPC151781	NPT2930	1	567291	PMID
NPC151781	NPC151781	NPT93	1	567291	PMID
NPC152152	NPC152152	NPT1384	1	524816	PMID
NPC152152	NPC152152	NPT1495	1	524816	PMID
NPC152301	NPC152301	NPT152	1	571571	PMID
NPC152451	NPC152451	NPT1157	2	525620;525627	PMID
NPC152684	NPC152684	NPT439	1	557446	PMID
NPC1527	NPC1527	NPT366	1	514571	PMID
NPC152718	NPC152718	NPT204	1	567420	PMID
NPC152718	NPC152718	NPT439	1	567419	PMID
NPC152771	NPC152771	NPT151	1	473141	PMID
NPC152771	NPC152771	NPT48	1	473141	PMID
NPC152771	NPC152771	NPT6213	1	473141	PMID
NPC152771	NPC152771	NPT94	1	473141	PMID
NPC152942	NPC152942	NPT149	1	557204	PMID
NPC152942	NPC152942	NPT48	1	557204	PMID
NPC152942	NPC152942	NPT94	1	557204	PMID
NPC153007	NPC153007	NPT204	1	488146	PMID
NPC153007	NPC153007	NPT439	1	488145	PMID
NPC153095	NPC153095	NPT152	1	566967	PMID
NPC153556	NPC153556	NPT2969	1	476996	PMID
NPC153580	NPC153580	NPT792	1	544772	PMID
NPC153783	NPC153783	NPT109	1	547067	PMID
NPC153783	NPC153783	NPT50	1	547067	PMID
NPC153783	NPC153783	NPT93	1	547067	PMID
NPC153979	NPC153979	NPT30	1	531200	PMID
NPC154176	NPC154176	NPT3101	1	532767	PMID
NPC154176	NPC154176	NPT48	1	532764	PMID
NPC154176	NPC154176	NPT947	1	532767	PMID
NPC154176	NPC154176	NPT948	1	532767	PMID
NPC154176	NPC154176	NPT949	1	532767	PMID
NPC154176	NPC154176	NPT955	1	532767	PMID
NPC154245	NPC154245	NPT106	1	570068	PMID
NPC154245	NPC154245	NPT4030	1	570069	PMID
NPC154245	NPC154245	NPT866	2	570067;570068	PMID
NPC154245	NPC154245	NPT94	1	570065	PMID
NPC154245	NPC154245	NPT99	1	570068	PMID
NPC154256	NPC154256	NPT30	1	514878	PMID
NPC154256	NPC154256	NPT31	1	514878	PMID
NPC154256	NPC154256	NPT4734	1	514878	PMID
NPC154256	NPC154256	NPT967	1	514878	PMID
NPC154728	NPC154728	NPT3504	1	542342	PMID
NPC154922	NPC154922	NPT640	1	489393	PMID
NPC154922	NPC154922	NPT641	1	489393	PMID
NPC154962	NPC154962	NPT93	1	485637	PMID
NPC155087	NPC155087	NPT1391	1	468049	PMID
NPC155087	NPC155087	NPT3826	1	468050	PMID
NPC155087	NPC155087	NPT4712	5	468047;468048;468049;468050;468053	PMID
NPC155144	NPC155144	NPT1464	2	551691;551695	PMID
NPC155144	NPC155144	NPT30	1	551687	PMID
NPC155144	NPC155144	NPT31	1	551687	PMID
NPC155144	NPC155144	NPT4735	1	551691	PMID
NPC155144	NPC155144	NPT741	1	551696	PMID
NPC15566	NPC15566	NPT1008	2	483405;483415	PMID
NPC15566	NPC15566	NPT109	1	483410	PMID
NPC15566	NPC15566	NPT1324	1	483405	PMID
NPC15566	NPC15566	NPT163	1	483410	PMID
NPC15566	NPC15566	NPT210	1	483410	PMID
NPC15566	NPC15566	NPT94	1	483411	PMID
NPC155763	NPC155763	NPT48	1	516706	PMID
NPC155763	NPC155763	NPT483	1	516706	PMID
NPC155763	NPC155763	NPT51	1	516706	PMID
NPC155763	NPC155763	NPT59	1	516706	PMID
NPC155763	NPC155763	NPT60	1	516706	PMID
NPC155763	NPC155763	NPT801	1	516706	PMID
NPC155763	NPC155763	NPT94	1	516706	PMID
NPC155882	NPC155882	NPT109	2	462983;462985	PMID
NPC155882	NPC155882	NPT151	1	462985	PMID
NPC155882	NPC155882	NPT240	1	462987	PMID
NPC155882	NPC155882	NPT51	1	462985	PMID
NPC155882	NPC155882	NPT864	1	462986	PMID
NPC155882	NPC155882	NPT94	1	462985	PMID
NPC155900	NPC155900	NPT210	1	538530	PMID
NPC155900	NPC155900	NPT94	1	538530	PMID
NPC155986	NPC155986	NPT103	4	575392;575393;575395;575399	PMID
NPC155986	NPC155986	NPT1794	1	575381	PMID
NPC155986	NPC155986	NPT2222	1	575394	PMID
NPC155986	NPC155986	NPT253	2	575382;575403	PMID
NPC155986	NPC155986	NPT4185	1	575384	PMID
NPC156018	NPC156018	NPT346	1	492959	PMID
NPC156018	NPC156018	NPT570	1	492970	PMID
NPC156018	NPC156018	NPT93	1	492960	PMID
NPC156021	NPC156021	NPT1078	1	572143	PMID
NPC156021	NPC156021	NPT109	1	572146	PMID
NPC156021	NPC156021	NPT151	1	572146	PMID
NPC156021	NPC156021	NPT282	1	572146	PMID
NPC156021	NPC156021	NPT3997	1	572155	PMID
NPC156021	NPC156021	NPT48	2	572145;572146	PMID
NPC156021	NPC156021	NPT51	2	572145;572146	PMID
NPC156021	NPC156021	NPT94	2	572145;572146	PMID
NPC156092	NPC156092	NPT668	1	549909	PMID
NPC156222	NPC156222	NPT1479	1	552757	PMID
NPC156222	NPC156222	NPT271	1	552755	PMID
NPC156222	NPC156222	NPT51	1	552753	PMID
NPC156222	NPC156222	NPT537	1	552753	PMID
NPC156222	NPC156222	NPT538	1	552753	PMID
NPC156222	NPC156222	NPT59	1	552753	PMID
NPC156313	NPC156313	NPT208	1	496801	PMID
NPC156313	NPC156313	NPT240	2	496802;496804	PMID
NPC156313	NPC156313	NPT901	1	496816	PMID
NPC156432	NPC156432	NPT163	1	573890	PMID
NPC156432	NPC156432	NPT721	1	573890	PMID
NPC156457	NPC156457	NPT48	1	483090	PMID
NPC156457	NPC156457	NPT94	1	483090	PMID
NPC156461	NPC156461	NPT1224	4	547561;547565;547589;547608	PMID
NPC156461	NPC156461	NPT1291	1	547658	PMID
NPC156461	NPC156461	NPT1620	1	547635	PMID
NPC156461	NPC156461	NPT216	6	547630;547642;547650;547660;547670;547671	PMID
NPC156461	NPC156461	NPT217	8	547606;547630;547642;547648;547660;547670;547671;547685	PMID
NPC156461	NPC156461	NPT218	6	547615;547630;547642;547660;547670;547671	PMID
NPC156461	NPC156461	NPT282	1	547635	PMID
NPC156461	NPC156461	NPT285	1	547576	PMID
NPC156461	NPC156461	NPT2875	1	547664	PMID
NPC156461	NPC156461	NPT2876	1	547664	PMID
NPC156461	NPC156461	NPT2877	1	547664	PMID
NPC156461	NPC156461	NPT2878	1	547664	PMID
NPC156461	NPC156461	NPT2879	1	547664	PMID
NPC156461	NPC156461	NPT3838	1	547606	PMID
NPC156461	NPC156461	NPT4059	6	547630;547642;547660;547670;547671;547697	PMID
NPC156461	NPC156461	NPT6098	1	547676	PMID
NPC156461	NPC156461	NPT760	1	547596	PMID
NPC156461	NPC156461	NPT93	1	547635	PMID
NPC15658	NPC15658	NPT740	1	570443	PMID
NPC156590	NPC156590	NPT178	1	492189	PMID
NPC156590	NPC156590	NPT204	1	492192	PMID
NPC156590	NPC156590	NPT2680	1	492185	PMID
NPC156590	NPC156590	NPT439	1	492192	PMID
NPC156590	NPC156590	NPT740	1	492192	PMID
NPC156654	NPC156654	NPT1062	1	507185	PMID
NPC156654	NPC156654	NPT1063	2	507179;507185	PMID
NPC156654	NPC156654	NPT233	1	507178	PMID
NPC156654	NPC156654	NPT48	1	507175	PMID
NPC156654	NPC156654	NPT51	1	507175	PMID
NPC156654	NPC156654	NPT59	1	507175	PMID
NPC156654	NPC156654	NPT60	1	507175	PMID
NPC156654	NPC156654	NPT864	1	507175	PMID
NPC156654	NPC156654	NPT947	1	507178	PMID
NPC156654	NPC156654	NPT948	1	507178	PMID
NPC156654	NPC156654	NPT949	1	507178	PMID
NPC156654	NPC156654	NPT954	1	507193	PMID
NPC156654	NPC156654	NPT955	1	507193	PMID
NPC156840	NPC156840	NPT346	1	505318	PMID
NPC156955	NPC156955	NPT178	1	555494	PMID
NPC157212	NPC157212	NPT668	1	526101	PMID
NPC157284	NPC157284	NPT1046	1	505570	PMID
NPC157284	NPC157284	NPT1158	1	505570	PMID
NPC157284	NPC157284	NPT1337	1	505569	PMID
NPC157284	NPC157284	NPT3732	1	505571	PMID
NPC157338	NPC157338	NPT30	1	451763	PMID
NPC157338	NPC157338	NPT582	1	451775	PMID
NPC157340	NPC157340	NPT483	1	479283	PMID
NPC157340	NPC157340	NPT94	1	479285	PMID
NPC157479	NPC157479	NPT204	1	529361	PMID
NPC157479	NPC157479	NPT439	1	529360	PMID
NPC157497	NPC157497	NPT3953	1	461155	PMID
NPC157522	NPC157522	NPT1603	1	476775	PMID
NPC157522	NPC157522	NPT1604	1	476775	PMID
NPC157727	NPC157727	NPT38	1	480074	PMID
NPC157781	NPC157781	NPT38	1	448820	PMID
NPC157781	NPC157781	NPT410	1	448825	PMID
NPC157931	NPC157931	NPT1038	1	495378	PMID
NPC157931	NPC157931	NPT108	1	495378	PMID
NPC157931	NPC157931	NPT151	1	495378	PMID
NPC157931	NPC157931	NPT1603	2	495376;495381	PMID
NPC157931	NPC157931	NPT1604	2	495376;495381	PMID
NPC157931	NPC157931	NPT208	1	495376	PMID
NPC157931	NPC157931	NPT37	1	495379	PMID
NPC157931	NPC157931	NPT48	1	495378	PMID
NPC157931	NPC157931	NPT51	1	495378	PMID
NPC157931	NPC157931	NPT537	1	495378	PMID
NPC157931	NPC157931	NPT538	1	495378	PMID
NPC157931	NPC157931	NPT539	1	495378	PMID
NPC157931	NPC157931	NPT59	1	495378	PMID
NPC157931	NPC157931	NPT93	1	495378	PMID
NPC157931	NPC157931	NPT94	1	495378	PMID
NPC157944	NPC157944	NPT210	1	566953	PMID
NPC157944	NPC157944	NPT48	1	566952	PMID
NPC157944	NPC157944	NPT50	1	566953	PMID
NPC157944	NPC157944	NPT94	1	566952	PMID
NPC158020	NPC158020	NPT668	1	524554	PMID
NPC158028	NPC158028	NPT208	1	469787	PMID
NPC158028	NPC158028	NPT210	1	469790	PMID
NPC158028	NPC158028	NPT240	2	469788;469789	PMID
NPC158059	NPC158059	NPT178	1	572544	PMID
NPC158088	NPC158088	NPT1211	1	458496	PMID
NPC158088	NPC158088	NPT2570	1	458496	PMID
NPC158157	NPC158157	NPT1338	1	545969	PMID
NPC158179	NPC158179	NPT1119	1	528173	PMID
NPC158179	NPC158179	NPT151	1	528173	PMID
NPC158179	NPC158179	NPT2570	1	528177	PMID
NPC158179	NPC158179	NPT45	1	528173	PMID
NPC158179	NPC158179	NPT47	2	528173;528174	PMID
NPC158179	NPC158179	NPT48	1	528173	PMID
NPC158179	NPC158179	NPT50	3	528173;528174;528176	PMID
NPC158179	NPC158179	NPT51	2	528173;528174	PMID
NPC158179	NPC158179	NPT57	1	528173	PMID
NPC158179	NPC158179	NPT58	1	528173	PMID
NPC158179	NPC158179	NPT59	1	528173	PMID
NPC158179	NPC158179	NPT93	1	528175	PMID
NPC158179	NPC158179	NPT94	1	528174	PMID
NPC158222	NPC158222	NPT410	1	570881	PMID
NPC158285	NPC158285	NPT2601	1	24900739	PMID
NPC158329	NPC158329	NPT178	1	476872	PMID
NPC158329	NPC158329	NPT4786	1	476862	PMID
NPC158329	NPC158329	NPT4787	1	476862	PMID
NPC158329	NPC158329	NPT57	1	476871	PMID
NPC158329	NPC158329	NPT918	1	476882	PMID
NPC158329	NPC158329	NPT981	1	476858	PMID
NPC158526	NPC158526	NPT109	1	569205	PMID
NPC158526	NPC158526	NPT51	1	569205	PMID
NPC15864	NPC15864	NPT1006	1	516018	PMID
NPC15864	NPC15864	NPT52	1	516017	PMID
NPC158654	NPC158654	NPT233	1	549902	PMID
NPC158654	NPC158654	NPT947	1	549902	PMID
NPC158654	NPC158654	NPT948	1	549902	PMID
NPC158654	NPC158654	NPT949	1	549902	PMID
NPC158654	NPC158654	NPT954	1	549902	PMID
NPC158654	NPC158654	NPT955	1	549902	PMID
NPC158654	NPC158654	NPT967	1	549896	PMID
NPC158707	NPC158707	NPT862	1	28558206	PMID
NPC158737	NPC158737	NPT109	1	455980	PMID
NPC158853	NPC158853	NPT1566	1	496592	PMID
NPC158853	NPC158853	NPT48	2	496594;496595	PMID
NPC158853	NPC158853	NPT483	1	496594	PMID
NPC158949	NPC158949	NPT92	1	515042	PMID
NPC158994	NPC158994	NPT210	1	537395	PMID
NPC159046	NPC159046	NPT956	1	465767	PMID
NPC1591	NPC1591	NPT262	9	505425;505439;505450;505461;505475;505476;505481;505483;505486	PMID
NPC1591	NPC1591	NPT263	5	505439;505450;505461;505481;505483	PMID
NPC1591	NPC1591	NPT264	5	505439;505450;505461;505481;505483	PMID
NPC1591	NPC1591	NPT265	5	505439;505450;505461;505481;505485	PMID
NPC1591	NPC1591	NPT266	5	505425;505439;505450;505461;505481	PMID
NPC1591	NPC1591	NPT410	8	505420;505427;505436;505438;505443;505453;505456;505465	PMID
NPC1591	NPC1591	NPT93	1	505452	PMID
NPC159188	NPC159188	NPT178	1	28951079	PMID
NPC159508	NPC159508	NPT211	1	543159	PMID
NPC159579	NPC159579	NPT109	1	568998	PMID
NPC159589	NPC159589	NPT94	1	552251	PMID
NPC159815	NPC159815	NPT262	1	533656	PMID
NPC159815	NPC159815	NPT93	1	533653	PMID
NPC159866	NPC159866	NPT1119	2	536288;536292	PMID
NPC159866	NPC159866	NPT792	2	536288;536292	PMID
NPC160100	NPC160100	NPT2629	1	561322	PMID
NPC160100	NPC160100	NPT48	1	561322	PMID
NPC160113	NPC160113	NPT640	1	551038	PMID
NPC160113	NPC160113	NPT641	1	551038	PMID
NPC160179	NPC160179	NPT2562	1	485000	PMID
NPC160193	NPC160193	NPT228	1	534783	PMID
NPC160193	NPC160193	NPT261	1	534783	PMID
NPC160193	NPC160193	NPT295	1	534783	PMID
NPC160193	NPC160193	NPT582	1	534783	PMID
NPC16031	NPC16031	NPT1119	1	469640	PMID
NPC16031	NPC16031	NPT1226	1	469640	PMID
NPC16031	NPC16031	NPT149	1	469640	PMID
NPC16031	NPC16031	NPT151	1	469640	PMID
NPC16031	NPC16031	NPT282	1	469640	PMID
NPC16031	NPC16031	NPT47	1	469640	PMID
NPC16031	NPC16031	NPT48	1	469640	PMID
NPC16031	NPC16031	NPT49	1	469640	PMID
NPC16031	NPC16031	NPT50	1	469640	PMID
NPC16031	NPC16031	NPT51	1	469640	PMID
NPC16031	NPC16031	NPT58	1	469640	PMID
NPC16031	NPC16031	NPT792	1	469640	PMID
NPC16031	NPC16031	NPT94	1	469640	PMID
NPC160380	NPC160380	NPT233	1	542039	PMID
NPC160380	NPC160380	NPT249	1	542036	PMID
NPC160380	NPC160380	NPT947	1	542039	PMID
NPC160512	NPC160512	NPT1187	1	575495	PMID
NPC160512	NPC160512	NPT1274	1	575497	PMID
NPC160512	NPC160512	NPT1287	1	575494	PMID
NPC160512	NPC160512	NPT1336	1	575455	PMID
NPC160512	NPC160512	NPT1337	1	575462	PMID
NPC160512	NPC160512	NPT232	1	575494	PMID
NPC160512	NPC160512	NPT283	1	575469	PMID
NPC160512	NPC160512	NPT72	1	575481	PMID
NPC160512	NPC160512	NPT73	1	575481	PMID
NPC160512	NPC160512	NPT920	1	575502	PMID
NPC160512	NPC160512	NPT980	2	575456;575476	PMID
NPC160548	NPC160548	NPT483	1	532952	PMID
NPC160661	NPC160661	NPT213	1	551661	PMID
NPC160661	NPC160661	NPT46	1	551661	PMID
NPC160661	NPC160661	NPT483	1	551661	PMID
NPC160854	NPC160854	NPT106	1	500744	PMID
NPC160900	NPC160900	NPT1038	1	449039	PMID
NPC160900	NPC160900	NPT1079	2	449073;449228	PMID
NPC160900	NPC160900	NPT109	2	449037;449039	PMID
NPC160900	NPC160900	NPT1119	1	449039	PMID
NPC160900	NPC160900	NPT1187	1	449264	PMID
NPC160900	NPC160900	NPT1197	1	449039	PMID
NPC160900	NPC160900	NPT1226	1	449039	PMID
NPC160900	NPC160900	NPT1416	1	449039	PMID
NPC160900	NPC160900	NPT149	2	449037;449039	PMID
NPC160900	NPC160900	NPT151	2	449039;449040	PMID
NPC160900	NPC160900	NPT152	1	449171	PMID
NPC160900	NPC160900	NPT1566	1	449255	PMID
NPC160900	NPC160900	NPT157	2	449037;449039	PMID
NPC160900	NPC160900	NPT1588	1	449182	PMID
NPC160900	NPC160900	NPT1834	1	449073	PMID
NPC160900	NPC160900	NPT210	1	449037	PMID
NPC160900	NPC160900	NPT211	1	449039	PMID
NPC160900	NPC160900	NPT2553	1	449196	PMID
NPC160900	NPC160900	NPT261	2	449074;449277	PMID
NPC160900	NPC160900	NPT277	2	449037;449039	PMID
NPC160900	NPC160900	NPT282	2	449037;449039	PMID
NPC160900	NPC160900	NPT285	1	449117	PMID
NPC160900	NPC160900	NPT2930	1	449037	PMID
NPC160900	NPC160900	NPT3120	1	449216	PMID
NPC160900	NPC160900	NPT4252	1	449039	PMID
NPC160900	NPC160900	NPT46	1	449038	PMID
NPC160900	NPC160900	NPT48	2	449039;449040	PMID
NPC160900	NPC160900	NPT483	2	449037;449039	PMID
NPC160900	NPC160900	NPT50	3	449037;449038;449040	PMID
NPC160900	NPC160900	NPT51	4	449039;449040;449096;449136	PMID
NPC160900	NPC160900	NPT52	1	449039	PMID
NPC160900	NPC160900	NPT539	1	449039	PMID
NPC160900	NPC160900	NPT570	1	449253	PMID
NPC160900	NPC160900	NPT582	2	449074;449277	PMID
NPC160900	NPC160900	NPT584	1	449282	PMID
NPC160900	NPC160900	NPT59	1	449039	PMID
NPC160900	NPC160900	NPT591	1	449068	PMID
NPC160900	NPC160900	NPT60	1	449039	PMID
NPC160900	NPC160900	NPT677	1	449130	PMID
NPC160900	NPC160900	NPT684	1	449276	PMID
NPC160900	NPC160900	NPT685	1	449276	PMID
NPC160900	NPC160900	NPT687	1	449276	PMID
NPC160900	NPC160900	NPT740	1	449068	PMID
NPC160900	NPC160900	NPT741	1	449294	PMID
NPC160900	NPC160900	NPT78	20	449062;449087;449088;449090;449096;449098;449115;449116;449122;449124;449128;449136;449154;449169;449178;449210;449214;449238;449240;449284	PMID
NPC160900	NPC160900	NPT792	2	449037;449039	PMID
NPC160900	NPC160900	NPT920	1	449281	PMID
NPC160900	NPC160900	NPT94	2	449037;449039	PMID
NPC160900	NPC160900	NPT956	3	449063;449071;449177	PMID
NPC160931	NPC160931	NPT497	1	533851	PMID
NPC160951	NPC160951	NPT1432	1	537984	PMID
NPC160951	NPC160951	NPT1433	1	537984	PMID
NPC160951	NPC160951	NPT1478	1	537984	PMID
NPC160951	NPC160951	NPT1603	1	537983	PMID
NPC160951	NPC160951	NPT1604	2	537983;537986	PMID
NPC160972	NPC160972	NPT1038	1	568882	PMID
NPC160972	NPC160972	NPT1197	1	568882	PMID
NPC160972	NPC160972	NPT2892	1	568882	PMID
NPC160972	NPC160972	NPT483	1	568882	PMID
NPC160972	NPC160972	NPT51	1	568882	PMID
NPC160972	NPC160972	NPT537	1	568882	PMID
NPC160972	NPC160972	NPT538	1	568882	PMID
NPC16107	NPC16107	NPT109	1	523507	PMID
NPC16107	NPC16107	NPT296	1	523506	PMID
NPC16107	NPC16107	NPT677	1	523508	PMID
NPC161187	NPC161187	NPT178	1	537958	PMID
NPC1612	NPC1612	NPT441	1	488186	PMID
NPC161423	NPC161423	NPT109	1	509529	PMID
NPC161423	NPC161423	NPT149	1	509607	PMID
NPC161423	NPC161423	NPT153	10	509562;509566;509577;509578;509598;509606;509608;509641;509665;509714	PMID
NPC161423	NPC161423	NPT1604	1	509710	PMID
NPC161423	NPC161423	NPT210	1	509607	PMID
NPC161423	NPC161423	NPT2217	1	509583	PMID
NPC161423	NPC161423	NPT249	1	509622	PMID
NPC161423	NPC161423	NPT2691	1	509669	PMID
NPC161423	NPC161423	NPT296	1	509563	PMID
NPC161423	NPC161423	NPT441	1	509520	PMID
NPC161423	NPC161423	NPT483	1	509607	PMID
NPC161423	NPC161423	NPT713	1	509707	PMID
NPC161423	NPC161423	NPT745	1	509582	PMID
NPC161423	NPC161423	NPT894	1	509549	PMID
NPC161423	NPC161423	NPT895	1	509571	PMID
NPC161423	NPC161423	NPT920	1	509786	PMID
NPC161557	NPC161557	NPT106	1	495007	PMID
NPC161557	NPC161557	NPT99	1	495007	PMID
NPC161571	NPC161571	NPT1046	2	546664;546805	PMID
NPC161571	NPC161571	NPT1062	1	546733	PMID
NPC161571	NPC161571	NPT1063	1	546733	PMID
NPC161571	NPC161571	NPT108	1	546643	PMID
NPC161571	NPC161571	NPT109	4	546742;546743;546753;546771	PMID
NPC161571	NPC161571	NPT1143	1	546733	PMID
NPC161571	NPC161571	NPT1144	1	546733	PMID
NPC161571	NPC161571	NPT1146	1	546733	PMID
NPC161571	NPC161571	NPT1197	1	546741	PMID
NPC161571	NPC161571	NPT13	1	546637	PMID
NPC161571	NPC161571	NPT144	1	546836	PMID
NPC161571	NPC161571	NPT1444	1	546832	PMID
NPC161571	NPC161571	NPT149	2	546742;546743	PMID
NPC161571	NPC161571	NPT151	5	546740;546741;546742;546743;546744	PMID
NPC161571	NPC161571	NPT152	1	546885	PMID
NPC161571	NPC161571	NPT1547	1	546927	PMID
NPC161571	NPC161571	NPT1592	1	546929	PMID
NPC161571	NPC161571	NPT1603	2	546869;546941	PMID
NPC161571	NPC161571	NPT1604	3	546869;546898;546941	PMID
NPC161571	NPC161571	NPT182	1	546762	PMID
NPC161571	NPC161571	NPT208	1	546771	PMID
NPC161571	NPC161571	NPT211	1	546741	PMID
NPC161571	NPC161571	NPT212	1	546771	PMID
NPC161571	NPC161571	NPT213	1	546771	PMID
NPC161571	NPC161571	NPT2215	1	546969	PMID
NPC161571	NPC161571	NPT228	1	546771	PMID
NPC161571	NPC161571	NPT233	1	546733	PMID
NPC161571	NPC161571	NPT2520	1	546706	PMID
NPC161571	NPC161571	NPT261	3	546771;546831;546942	PMID
NPC161571	NPC161571	NPT2629	1	546752	PMID
NPC161571	NPC161571	NPT2680	1	546700	PMID
NPC161571	NPC161571	NPT2796	1	546726	PMID
NPC161571	NPC161571	NPT30	6	546646;546650;546663;546688;546693;546771	PMID
NPC161571	NPC161571	NPT31	9	546650;546655;546663;546675;546688;546693;546730;546862;546936	PMID
NPC161571	NPC161571	NPT3101	1	546733	PMID
NPC161571	NPC161571	NPT3120	1	546936	PMID
NPC161571	NPC161571	NPT3376	1	546832	PMID
NPC161571	NPC161571	NPT346	1	546896	PMID
NPC161571	NPC161571	NPT366	8	546670;546717;546725;546751;546821;546863;546926;546947	PMID
NPC161571	NPC161571	NPT3960	1	546648	PMID
NPC161571	NPC161571	NPT3962	1	546808	PMID
NPC161571	NPC161571	NPT441	4	546775;546778;546794;546925	PMID
NPC161571	NPC161571	NPT46	1	546747	PMID
NPC161571	NPC161571	NPT48	4	546740;546741;546742;546744	PMID
NPC161571	NPC161571	NPT483	2	546740;546741	PMID
NPC161571	NPC161571	NPT51	5	546740;546741;546742;546744;546746	PMID
NPC161571	NPC161571	NPT537	2	546741;546745	PMID
NPC161571	NPC161571	NPT538	2	546741;546745	PMID
NPC161571	NPC161571	NPT539	2	546742;546743	PMID
NPC161571	NPC161571	NPT570	1	546948	PMID
NPC161571	NPC161571	NPT58	1	546740	PMID
NPC161571	NPC161571	NPT582	2	546831;546942	PMID
NPC161571	NPC161571	NPT59	1	546740	PMID
NPC161571	NPC161571	NPT60	1	546741	PMID
NPC161571	NPC161571	NPT668	1	546648	PMID
NPC161571	NPC161571	NPT721	2	546886;Patent: US20130178536 A1	PMID;Patent
NPC161571	NPC161571	NPT741	3	546756;546957;546979	PMID
NPC161571	NPC161571	NPT78	9	546815;546816;546867;546887;546890;546928;546933;546949;546976	PMID
NPC161571	NPC161571	NPT796	1	546748	PMID
NPC161571	NPC161571	NPT93	4	546740;546743;546744;546746	PMID
NPC161571	NPC161571	NPT94	5	546740;546742;546743;546744;546746	PMID
NPC161571	NPC161571	NPT940	1	546745	PMID
NPC161571	NPC161571	NPT947	1	546733	PMID
NPC161571	NPC161571	NPT948	1	546733	PMID
NPC161571	NPC161571	NPT949	1	546733	PMID
NPC161571	NPC161571	NPT954	1	546733	PMID
NPC161571	NPC161571	NPT955	1	546733	PMID
NPC161593	NPC161593	NPT1157	1	484276	PMID
NPC161593	NPC161593	NPT1237	1	484253	PMID
NPC161593	NPC161593	NPT13	1	484249	PMID
NPC161593	NPC161593	NPT14	1	484249	PMID
NPC161593	NPC161593	NPT149	2	484235;484236	PMID
NPC161593	NPC161593	NPT211	1	484235	PMID
NPC161593	NPC161593	NPT285	2	484199;484249	PMID
NPC161593	NPC161593	NPT45	1	484237	PMID
NPC161593	NPC161593	NPT47	1	484235	PMID
NPC161593	NPC161593	NPT48	1	484235	PMID
NPC161593	NPC161593	NPT50	1	484235	PMID
NPC161593	NPC161593	NPT741	1	484204	PMID
NPC161593	NPC161593	NPT792	1	484236	PMID
NPC161659	NPC161659	NPT483	1	541472	PMID
NPC161659	NPC161659	NPT94	1	541472	PMID
NPC161749	NPC161749	NPT2732	3	448281;448282;448296	PMID
NPC161749	NPC161749	NPT537	1	448288	PMID
NPC161749	NPC161749	NPT538	1	448288	PMID
NPC161749	NPC161749	NPT93	1	448288	PMID
NPC161768	NPC161768	NPT50	1	486168	PMID
NPC161768	NPC161768	NPT864	1	486168	PMID
NPC161768	NPC161768	NPT94	1	486169	PMID
NPC161928	NPC161928	NPT3820	2	494264;494267	PMID
NPC16194	NPC16194	NPT1356	1	475391	PMID
NPC161957	NPC161957	NPT1197	1	523581	PMID
NPC161957	NPC161957	NPT2892	1	523581	PMID
NPC161957	NPC161957	NPT3728	1	523581	PMID
NPC161957	NPC161957	NPT51	1	523581	PMID
NPC161957	NPC161957	NPT537	1	523581	PMID
NPC161957	NPC161957	NPT538	1	523581	PMID
NPC162045	NPC162045	NPT210	1	517765	PMID
NPC162045	NPC162045	NPT4884	1	517763	PMID
NPC162045	NPC162045	NPT524	2	517763;517766	PMID
NPC162071	NPC162071	NPT99	1	491208	PMID
NPC162169	NPC162169	NPT2533	1	493250	PMID
NPC162268	NPC162268	NPT1608	5	524325;524326;524329;524331;524334	PMID
NPC162268	NPC162268	NPT1680	4	524325;524326;524331;524334	PMID
NPC162268	NPC162268	NPT282	2	524324;524325	PMID
NPC162268	NPC162268	NPT491	1	524324	PMID
NPC162484	NPC162484	NPT2797	1	541911	PMID
NPC162547	NPC162547	NPT50	1	523464	PMID
NPC162612	NPC162612	NPT441	1	466462	PMID
NPC162612	NPC162612	NPT741	1	466467	PMID
NPC162620	NPC162620	NPT1157	1	497212	PMID
NPC162620	NPC162620	NPT483	1	497209	PMID
NPC162939	NPC162939	NPT48	1	567768	PMID
NPC162939	NPC162939	NPT51	1	567768	PMID
NPC162939	NPC162939	NPT59	1	567768	PMID
NPC163029	NPC163029	NPT956	1	515261	PMID
NPC163076	NPC163076	NPT1062	1	515089	PMID
NPC163076	NPC163076	NPT1063	1	515091	PMID
NPC163076	NPC163076	NPT233	7	515087;515088;515089;515091;515094;515095;515096	PMID
NPC163076	NPC163076	NPT947	7	515087;515088;515089;515091;515094;515095;515096	PMID
NPC163076	NPC163076	NPT948	1	515089	PMID
NPC163076	NPC163076	NPT955	1	515090	PMID
NPC163099	NPC163099	NPT163	1	515881	PMID
NPC163099	NPC163099	NPT208	1	515882	PMID
NPC163099	NPC163099	NPT261	1	515887	PMID
NPC163099	NPC163099	NPT582	1	515887	PMID
NPC163099	NPC163099	NPT613	1	515885	PMID
NPC163099	NPC163099	NPT792	1	515882	PMID
NPC163200	NPC163200	NPT204	1	450207	PMID
NPC163398	NPC163398	NPT41	1	511804	PMID
NPC163398	NPC163398	NPT57	1	511813	PMID
NPC163398	NPC163398	NPT948	2	511810;511811	PMID
NPC163398	NPC163398	NPT949	2	511810;511811	PMID
NPC163524	NPC163524	NPT967	1	448175	PMID
NPC163556	NPC163556	NPT149	1	471400	PMID
NPC163556	NPC163556	NPT94	1	471400	PMID
NPC163557	NPC163557	NPT1224	1	492404	PMID
NPC163707	NPC163707	NPT483	1	489703	PMID
NPC163707	NPC163707	NPT94	1	489703	PMID
NPC163751	NPC163751	NPT472	1	481399	PMID
NPC163846	NPC163846	NPT99	2	483535;483537	PMID
NPC163984	NPC163984	NPT94	2	517911;517912	PMID
NPC164269	NPC164269	NPT668	1	485122	PMID
NPC164272	NPC164272	NPT279	1	28968119	PMID
NPC164340	NPC164340	NPT48	1	504431	PMID
NPC164386	NPC164386	NPT92	1	450126	PMID
NPC164514	NPC164514	NPT222	1	568785	PMID
NPC16452	NPC16452	NPT1079	1	532256	PMID
NPC16452	NPC16452	NPT110	1	532247	PMID
NPC16452	NPC16452	NPT178	1	532252	PMID
NPC16452	NPC16452	NPT204	1	532253	PMID
NPC16452	NPC16452	NPT211	1	532247	PMID
NPC16452	NPC16452	NPT483	1	532247	PMID
NPC164646	NPC164646	NPT210	1	453375	PMID
NPC164664	NPC164664	NPT1699	1	544276	PMID
NPC164664	NPC164664	NPT2562	3	544269;544272;544277	PMID
NPC164664	NPC164664	NPT5106	1	544283	PMID
NPC164664	NPC164664	NPT792	1	544275	PMID
NPC164664	NPC164664	NPT93	1	544273	PMID
NPC164664	NPC164664	NPT948	1	544280	PMID
NPC164664	NPC164664	NPT949	1	544280	PMID
NPC164697	NPC164697	NPT109	1	521272	PMID
NPC164697	NPC164697	NPT157	1	521272	PMID
NPC164697	NPC164697	NPT212	1	521273	PMID
NPC164697	NPC164697	NPT50	1	521272	PMID
NPC164697	NPC164697	NPT792	1	521272	PMID
NPC164697	NPC164697	NPT94	1	521272	PMID
NPC164778	NPC164778	NPT109	2	481718;481736	PMID
NPC164778	NPC164778	NPT110	1	481736	PMID
NPC164778	NPC164778	NPT208	1	481736	PMID
NPC164778	NPC164778	NPT212	1	481736	PMID
NPC164778	NPC164778	NPT213	1	481736	PMID
NPC164778	NPC164778	NPT240	1	481736	PMID
NPC164778	NPC164778	NPT241	1	481736	PMID
NPC164778	NPC164778	NPT2520	1	481732	PMID
NPC164778	NPC164778	NPT472	1	481723	PMID
NPC164778	NPC164778	NPT570	1	481719	PMID
NPC164778	NPC164778	NPT627	1	481736	PMID
NPC164778	NPC164778	NPT628	1	481736	PMID
NPC164778	NPC164778	NPT92	1	481721	PMID
NPC164802	NPC164802	NPT204	1	560073	PMID
NPC164804	NPC164804	NPT537	1	490268	PMID
NPC164804	NPC164804	NPT538	1	490268	PMID
NPC164804	NPC164804	NPT918	1	490268	PMID
NPC164859	NPC164859	NPT1166	2	546455;546457	PMID
NPC164859	NPC164859	NPT1237	1	546460	PMID
NPC164894	NPC164894	NPT570	1	514890	PMID
NPC164894	NPC164894	NPT956	1	514890	PMID
NPC165133	NPC165133	NPT77	1	505549	PMID
NPC165204	NPC165204	NPT967	1	28511908	PMID
NPC165212	NPC165212	NPT210	1	537643	PMID
NPC165386	NPC165386	NPT204	1	531148	PMID
NPC165396	NPC165396	NPT204	1	537133	PMID
NPC165396	NPC165396	NPT439	1	537132	PMID
NPC165549	NPC165549	NPT109	1	461100	PMID
NPC165549	NPC165549	NPT110	1	461100	PMID
NPC165549	NPC165549	NPT204	1	461112	PMID
NPC165549	NPC165549	NPT208	1	461100	PMID
NPC165549	NPC165549	NPT210	1	461100	PMID
NPC165549	NPC165549	NPT213	1	461100	PMID
NPC165549	NPC165549	NPT51	1	461100	PMID
NPC165549	NPC165549	NPT539	1	461100	PMID
NPC165549	NPC165549	NPT918	1	461113	PMID
NPC165711	NPC165711	NPT568	1	515736	PMID
NPC16577	NPC16577	NPT1287	4	506926;506927;506937;506939	PMID
NPC16577	NPC16577	NPT1603	1	506936	PMID
NPC16577	NPC16577	NPT1604	1	506936	PMID
NPC16577	NPC16577	NPT208	1	506936	PMID
NPC16577	NPC16577	NPT232	3	506927;506937;506939	PMID
NPC16577	NPC16577	NPT472	1	506937	PMID
NPC165770	NPC165770	NPT30	1	573615	PMID
NPC165770	NPC165770	NPT31	1	573615	PMID
NPC165846	NPC165846	NPT50	1	536015	PMID
NPC166036	NPC166036	NPT178	1	551665	PMID
NPC166287	NPC166287	NPT160	1	505094	PMID
NPC166287	NPC166287	NPT204	1	505060	PMID
NPC166287	NPC166287	NPT31	1	505062	PMID
NPC166287	NPC166287	NPT46	1	505069	PMID
NPC166287	NPC166287	NPT483	1	505069	PMID
NPC166287	NPC166287	NPT50	1	505071	PMID
NPC166287	NPC166287	NPT543	1	505087	PMID
NPC166287	NPC166287	NPT58	1	505069	PMID
NPC166287	NPC166287	NPT796	1	505069	PMID
NPC166424	NPC166424	NPT410	1	571536	PMID
NPC166424	NPC166424	NPT59	1	571538	PMID
NPC166424	NPC166424	NPT93	1	571537	PMID
NPC166458	NPC166458	NPT204	1	480182	PMID
NPC166689	NPC166689	NPT2584	1	458874	PMID
NPC166788	NPC166788	NPT3414	1	572462	PMID
NPC166788	NPC166788	NPT831	1	572462	PMID
NPC166791	NPC166791	NPT210	1	572223	PMID
NPC166851	NPC166851	NPT2533	1	514384	PMID
NPC166858	NPC166858	NPT1044	1	476267	PMID
NPC166858	NPC166858	NPT261	1	476268	PMID
NPC166858	NPC166858	NPT582	1	476268	PMID
NPC166884	NPC166884	NPT108	1	474592	PMID
NPC166934	NPC166934	NPT1422	1	469441	PMID
NPC167096	NPC167096	NPT472	1	510836	PMID
NPC167096	NPC167096	NPT537	1	510838	PMID
NPC167096	NPC167096	NPT538	1	510838	PMID
NPC167323	NPC167323	NPT108	1	550396	PMID
NPC167323	NPC167323	NPT248	1	550396	PMID
NPC167383	NPC167383	NPT677	1	502808	PMID
NPC167400	NPC167400	NPT4904	1	448325	PMID
NPC167400	NPC167400	NPT525	28	448324;448325;448326;448327;448329;448330;448331;448334;448335;448337;448338;448340;448341;448342;448344;448345;448346;448347;448351;448362;448363;448364;448369;448384;448388;448396;448399;448408	PMID
NPC167400	NPC167400	NPT60	1	448350	PMID
NPC167400	NPC167400	NPT645	1	448385	PMID
NPC167400	NPC167400	NPT647	1	448385	PMID
NPC167400	NPC167400	NPT78	1	448374	PMID
NPC167400	NPC167400	NPT94	1	448349	PMID
NPC167400	NPC167400	NPT967	1	448394	PMID
NPC167479	NPC167479	NPT1603	1	531337	PMID
NPC167479	NPC167479	NPT1604	1	531337	PMID
NPC167546	NPC167546	NPT1038	1	509387	PMID
NPC167546	NPC167546	NPT1274	1	509387	PMID
NPC167546	NPC167546	NPT48	1	509387	PMID
NPC167546	NPC167546	NPT483	1	509387	PMID
NPC167546	NPC167546	NPT4907	1	509387	PMID
NPC167546	NPC167546	NPT51	1	509387	PMID
NPC167546	NPC167546	NPT59	1	509387	PMID
NPC167546	NPC167546	NPT867	1	509387	PMID
NPC167571	NPC167571	NPT109	1	523027	PMID
NPC167576	NPC167576	NPT1119	1	506958	PMID
NPC167576	NPC167576	NPT1464	1	506954	PMID
NPC167576	NPC167576	NPT4735	1	506954	PMID
NPC167576	NPC167576	NPT570	1	506958	PMID
NPC167576	NPC167576	NPT792	1	506958	PMID
NPC167944	NPC167944	NPT109	1	545255	PMID
NPC167944	NPC167944	NPT1197	1	545253	PMID
NPC167944	NPC167944	NPT483	1	545253	PMID
NPC167944	NPC167944	NPT51	1	545254	PMID
NPC167944	NPC167944	NPT60	1	545253	PMID
NPC167944	NPC167944	NPT668	2	545249;545256	PMID
NPC167986	NPC167986	NPT483	1	531395	PMID
NPC167986	NPC167986	NPT94	1	531395	PMID
NPC168105	NPC168105	NPT483	1	522235	PMID
NPC168105	NPC168105	NPT51	1	522235	PMID
NPC168409	NPC168409	NPT741	1	515192	PMID
NPC168579	NPC168579	NPT1592	1	492348	PMID
NPC168579	NPC168579	NPT870	1	492347	PMID
NPC168657	NPC168657	NPT31	1	535975	PMID
NPC168799	NPC168799	NPT1089	1	540395	PMID
NPC168799	NPC168799	NPT1090	1	540395	PMID
NPC168799	NPC168799	NPT280	1	540395	PMID
NPC168799	NPC168799	NPT567	1	540395	PMID
NPC168799	NPC168799	NPT568	1	540395	PMID
NPC168799	NPC168799	NPT69	2	540395;540396	PMID
NPC168829	NPC168829	NPT1287	2	522827;522836	PMID
NPC168829	NPC168829	NPT232	2	522827;522836	PMID
NPC168829	NPC168829	NPT51	1	522816	PMID
NPC168829	NPC168829	NPT546	1	522815	PMID
NPC168829	NPC168829	NPT570	1	522813	PMID
NPC168829	NPC168829	NPT59	1	522816	PMID
NPC168829	NPC168829	NPT60	1	522816	PMID
NPC169050	NPC169050	NPT208	1	539043	PMID
NPC169050	NPC169050	NPT211	1	539043	PMID
NPC169050	NPC169050	NPT213	1	539043	PMID
NPC169056	NPC169056	NPT210	1	557966	PMID
NPC169089	NPC169089	NPT149	1	473233	PMID
NPC169089	NPC169089	NPT212	1	473233	PMID
NPC169162	NPC169162	NPT178	1	28522265	PMID
NPC169207	NPC169207	NPT151	1	542100	PMID
NPC169207	NPC169207	NPT1788	4	542047;542071;542134;542141	PMID
NPC169207	NPC169207	NPT1789	1	542095	PMID
NPC169207	NPC169207	NPT222	8	542065;542086;542087;542092;542094;542103;542112;542133	PMID
NPC169207	NPC169207	NPT223	3	542086;542087;542092	PMID
NPC169207	NPC169207	NPT224	5	542065;542086;542087;542092;542094	PMID
NPC169207	NPC169207	NPT226	2	542095;542136	PMID
NPC169207	NPC169207	NPT227	1	542089	PMID
NPC169207	NPC169207	NPT243	2	542063;542136	PMID
NPC169207	NPC169207	NPT47	2	542100;542101	PMID
NPC169207	NPC169207	NPT483	1	542100	PMID
NPC169207	NPC169207	NPT49	1	542100	PMID
NPC169207	NPC169207	NPT50	3	542100;542101;542102	PMID
NPC169207	NPC169207	NPT51	3	542100;542101;542102	PMID
NPC169207	NPC169207	NPT58	1	542100	PMID
NPC169250	NPC169250	NPT178	2	529914;529921	PMID
NPC16935	NPC16935	NPT108	1	566425	PMID
NPC169433	NPC169433	NPT109	1	544735	PMID
NPC16947	NPC16947	NPT210	1	545067	PMID
NPC169471	NPC169471	NPT178	1	554062	PMID
NPC169479	NPC169479	NPT261	1	486076	PMID
NPC169479	NPC169479	NPT865	1	486078	PMID
NPC169485	NPC169485	NPT163	2	571081;571082	PMID
NPC169510	NPC169510	NPT151	1	469020	PMID
NPC169510	NPC169510	NPT48	1	469020	PMID
NPC169510	NPC169510	NPT94	1	469020	PMID
NPC169591	NPC169591	NPT166	1	521004	PMID
NPC169591	NPC169591	NPT203	1	521004	PMID
NPC169591	NPC169591	NPT50	1	521001	PMID
NPC169591	NPC169591	NPT99	1	521003	PMID
NPC169749	NPC169749	NPT1038	1	572349	PMID
NPC169749	NPC169749	NPT1044	1	572384	PMID
NPC169749	NPC169749	NPT109	3	572345;572347;572348	PMID
NPC169749	NPC169749	NPT110	1	572348	PMID
NPC169749	NPC169749	NPT1119	1	572348	PMID
NPC169749	NPC169749	NPT1187	1	572435	PMID
NPC169749	NPC169749	NPT1226	1	572352	PMID
NPC169749	NPC169749	NPT1265	1	572429	PMID
NPC169749	NPC169749	NPT1338	1	572335	PMID
NPC169749	NPC169749	NPT1429	1	572394	PMID
NPC169749	NPC169749	NPT1434	1	572421	PMID
NPC169749	NPC169749	NPT1445	1	572399	PMID
NPC169749	NPC169749	NPT1449	1	572379	PMID
NPC169749	NPC169749	NPT149	4	572345;572347;572348;572351	PMID
NPC169749	NPC169749	NPT151	3	572345;572346;572347	PMID
NPC169749	NPC169749	NPT1566	3	572305;572365;572447	PMID
NPC169749	NPC169749	NPT1592	1	572395	PMID
NPC169749	NPC169749	NPT1594	2	572331;572374	PMID
NPC169749	NPC169749	NPT1603	1	572355	PMID
NPC169749	NPC169749	NPT1604	2	572355;572416	PMID
NPC169749	NPC169749	NPT1627	1	572371	PMID
NPC169749	NPC169749	NPT1650	1	572390	PMID
NPC169749	NPC169749	NPT1721	1	572404	PMID
NPC169749	NPC169749	NPT204	2	572332;572387	PMID
NPC169749	NPC169749	NPT208	2	572345;572348	PMID
NPC169749	NPC169749	NPT211	1	572345	PMID
NPC169749	NPC169749	NPT212	3	572345;572348;572351	PMID
NPC169749	NPC169749	NPT213	3	572345;572348;572351	PMID
NPC169749	NPC169749	NPT2574	1	572306	PMID
NPC169749	NPC169749	NPT2626	1	572327	PMID
NPC169749	NPC169749	NPT41	1	572302	PMID
NPC169749	NPC169749	NPT439	1	572332	PMID
NPC169749	NPC169749	NPT441	1	572325	PMID
NPC169749	NPC169749	NPT45	2	572345;572350	PMID
NPC169749	NPC169749	NPT47	4	572344;572345;572346;572347	PMID
NPC169749	NPC169749	NPT4717	1	572419	PMID
NPC169749	NPC169749	NPT477	1	572352	PMID
NPC169749	NPC169749	NPT48	5	572345;572346;572347;572357;572397	PMID
NPC169749	NPC169749	NPT4897	1	572434	PMID
NPC169749	NPC169749	NPT49	3	572346;572400;572420	PMID
NPC169749	NPC169749	NPT4918	1	572352	PMID
NPC169749	NPC169749	NPT50	4	572344;572345;572346;572347	PMID
NPC169749	NPC169749	NPT51	4	572346;572347;572391;572398	PMID
NPC169749	NPC169749	NPT58	4	572344;572345;572346;572347	PMID
NPC169749	NPC169749	NPT59	1	572346	PMID
NPC169749	NPC169749	NPT612	1	572331	PMID
NPC169749	NPC169749	NPT740	1	572387	PMID
NPC169749	NPC169749	NPT78	5	572398;572407;572417;572432;572440	PMID
NPC169749	NPC169749	NPT792	3	572345;572347;572348	PMID
NPC169749	NPC169749	NPT796	1	572349	PMID
NPC169749	NPC169749	NPT798	1	572352	PMID
NPC169749	NPC169749	NPT802	1	572352	PMID
NPC169749	NPC169749	NPT864	1	572352	PMID
NPC169749	NPC169749	NPT867	1	572352	PMID
NPC169749	NPC169749	NPT870	1	572356	PMID
NPC169749	NPC169749	NPT920	1	572444	PMID
NPC169749	NPC169749	NPT94	3	572345;572346;572347	PMID
NPC169749	NPC169749	NPT940	1	572350	PMID
NPC169749	NPC169749	NPT96	1	572348	PMID
NPC169749	NPC169749	NPT967	1	572316	PMID
NPC170018	NPC170018	NPT3910	1	476892	PMID
NPC170018	NPC170018	NPT4034	1	476891	PMID
NPC170018	NPC170018	NPT45	1	476890	PMID
NPC170018	NPC170018	NPT4581	1	476892	PMID
NPC170018	NPC170018	NPT4920	1	476892	PMID
NPC170018	NPC170018	NPT864	1	476890	PMID
NPC170026	NPC170026	NPT178	1	566093	PMID
NPC170103	NPC170103	NPT149	1	490117	PMID
NPC170103	NPC170103	NPT208	1	490117	PMID
NPC170103	NPC170103	NPT792	1	490117	PMID
NPC170172	NPC170172	NPT497	1	532282	PMID
NPC170172	NPC170172	NPT60	1	532283	PMID
NPC170303	NPC170303	NPT3971	1	529654	PMID
NPC170333	NPC170333	NPT601	1	539158	PMID
NPC17042	NPC17042	NPT178	1	564905	PMID
NPC170475	NPC170475	NPT1356	1	514798	PMID
NPC170739	NPC170739	NPT1157	1	568479	PMID
NPC170749	NPC170749	NPT1038	1	448255	PMID
NPC170749	NPC170749	NPT49	1	448255	PMID
NPC170749	NPC170749	NPT524	1	448255	PMID
NPC170749	NPC170749	NPT59	1	448255	PMID
NPC170812	NPC170812	NPT109	1	453405	PMID
NPC170812	NPC170812	NPT149	1	453405	PMID
NPC170812	NPC170812	NPT48	1	453405	PMID
NPC170812	NPC170812	NPT50	1	453405	PMID
NPC170812	NPC170812	NPT72	1	453408	PMID
NPC170812	NPC170812	NPT73	1	453408	PMID
NPC170812	NPC170812	NPT94	1	453405	PMID
NPC171116	NPC171116	NPT907	1	448805	PMID
NPC171171	NPC171171	NPT292	1	559300	PMID
NPC171171	NPC171171	NPT295	1	559306	PMID
NPC171188	NPC171188	NPT210	2	524304;524305	PMID
NPC171188	NPC171188	NPT96	1	524305	PMID
NPC171426	NPC171426	NPT249	1	492236	PMID
NPC171426	NPC171426	NPT713	1	492273	PMID
NPC171426	NPC171426	NPT745	2	492230;492267	PMID
NPC171426	NPC171426	NPT748	1	492256	PMID
NPC171426	NPC171426	NPT754	1	492259	PMID
NPC17170	NPC17170	NPT178	1	458456	PMID
NPC171713	NPC171713	NPT152	1	551685	PMID
NPC171736	NPC171736	NPT106	1	510666	PMID
NPC171736	NPC171736	NPT866	1	510666	PMID
NPC171736	NPC171736	NPT99	1	510666	PMID
NPC171850	NPC171850	NPT51	1	486667	PMID
NPC171882	NPC171882	NPT1371	1	488791	PMID
NPC171905	NPC171905	NPT182	3	546177;546183;546184	PMID
NPC171905	NPC171905	NPT3124	1	546184	PMID
NPC171905	NPC171905	NPT760	1	546184	PMID
NPC171905	NPC171905	NPT761	1	546184	PMID
NPC171905	NPC171905	NPT880	1	546184	PMID
NPC171905	NPC171905	NPT881	2	546181;546184	PMID
NPC171905	NPC171905	NPT887	1	546184	PMID
NPC171916	NPC171916	NPT178	1	548409	PMID
NPC172053	NPC172053	NPT483	1	549061	PMID
NPC172064	NPC172064	NPT346	1	505507	PMID
NPC172066	NPC172066	NPT94	1	553031	PMID
NPC172250	NPC172250	NPT178	1	566536	PMID
NPC172262	NPC172262	NPT109	1	481758	PMID
NPC172262	NPC172262	NPT1338	1	481756	PMID
NPC172262	NPC172262	NPT149	1	481758	PMID
NPC172262	NPC172262	NPT151	1	481758	PMID
NPC172262	NPC172262	NPT1634	1	481769	PMID
NPC172262	NPC172262	NPT282	1	481758	PMID
NPC172262	NPC172262	NPT3117	1	481766	PMID
NPC172262	NPC172262	NPT441	1	481757	PMID
NPC172262	NPC172262	NPT48	1	481758	PMID
NPC172262	NPC172262	NPT93	1	481758	PMID
NPC172262	NPC172262	NPT94	1	481758	PMID
NPC172361	NPC172361	NPT570	1	543208	PMID
NPC172361	NPC172361	NPT792	1	543207	PMID
NPC17244	NPC17244	NPT1375	1	521851	PMID
NPC17244	NPC17244	NPT1379	1	521851	PMID
NPC172676	NPC172676	NPT274	1	514897	PMID
NPC17273	NPC17273	NPT273	1	519218	PMID
NPC172770	NPC172770	NPT1214	1	488817	PMID
NPC172770	NPC172770	NPT2584	1	488817	PMID
NPC172925	NPC172925	NPT50	1	513178	PMID
NPC173019	NPC173019	NPT1592	1	521544	PMID
NPC173149	NPC173149	NPT47	1	492846	PMID
NPC173295	NPC173295	NPT48	1	572170	PMID
NPC173295	NPC173295	NPT524	1	572170	PMID
NPC173295	NPC173295	NPT59	1	572170	PMID
NPC173343	NPC173343	NPT644	1	28692289	PMID
NPC173350	NPC173350	NPT1464	1	450084	PMID
NPC173555	NPC173555	NPT103	5	510767;510774;510776;510811;510822	PMID
NPC173555	NPC173555	NPT1283	1	510724	PMID
NPC173555	NPC173555	NPT38	1	510712	PMID
NPC173555	NPC173555	NPT47	1	510715	PMID
NPC173555	NPC173555	NPT483	2	510712;510713	PMID
NPC173555	NPC173555	NPT4947	1	510791	PMID
NPC173555	NPC173555	NPT501	1	510711	PMID
NPC173555	NPC173555	NPT537	2	510712;510714	PMID
NPC173555	NPC173555	NPT538	2	510712;510714	PMID
NPC173555	NPC173555	NPT539	1	510711	PMID
NPC173555	NPC173555	NPT713	1	510796	PMID
NPC173555	NPC173555	NPT72	1	510770	PMID
NPC173555	NPC173555	NPT73	1	510770	PMID
NPC173637	NPC173637	NPT1356	1	550096	PMID
NPC173637	NPC173637	NPT1700	1	550075	PMID
NPC173637	NPC173637	NPT41	2	550074;550098	PMID
NPC173637	NPC173637	NPT862	1	550120	PMID
NPC173637	NPC173637	NPT864	1	550096	PMID
NPC173637	NPC173637	NPT967	1	550078	PMID
NPC173991	NPC173991	NPT109	1	517578	PMID
NPC173991	NPC173991	NPT46	1	517579	PMID
NPC173991	NPC173991	NPT50	1	517579	PMID
NPC173991	NPC173991	NPT539	1	517578	PMID
NPC173991	NPC173991	NPT792	1	517578	PMID
NPC173991	NPC173991	NPT93	1	517578	PMID
NPC173996	NPC173996	NPT51	1	527745	PMID
NPC174086	NPC174086	NPT864	1	544303	PMID
NPC174099	NPC174099	NPT210	1	478698	PMID
NPC174246	NPC174246	NPT1006	1	559675	PMID
NPC174246	NPC174246	NPT1157	2	559677;559679	PMID
NPC174304	NPC174304	NPT1566	1	455701	PMID
NPC174304	NPC174304	NPT4948	1	455698	PMID
NPC174367	NPC174367	NPT670	1	512844	PMID
NPC174421	NPC174421	NPT109	1	518063	PMID
NPC174447	NPC174447	NPT48	1	476695	PMID
NPC174486	NPC174486	NPT144	1	535653	PMID
NPC174783	NPC174783	NPT145	1	533360	PMID
NPC174783	NPC174783	NPT271	1	533360	PMID
NPC174783	NPC174783	NPT272	1	533360	PMID
NPC174802	NPC174802	NPT1429	1	560152	PMID
NPC174802	NPC174802	NPT1441	1	560133	PMID
NPC174802	NPC174802	NPT2604	1	560142	PMID
NPC174802	NPC174802	NPT2654	1	560095	PMID
NPC174802	NPC174802	NPT2674	1	560095	PMID
NPC174802	NPC174802	NPT2675	1	560095	PMID
NPC174802	NPC174802	NPT2757	1	560163	PMID
NPC174802	NPC174802	NPT3825	6	560105;560134;560145;560150;560158;560161	PMID
NPC174802	NPC174802	NPT3826	6	560095;560105;560119;560130;560132;560171	PMID
NPC174802	NPC174802	NPT3827	1	560095	PMID
NPC174802	NPC174802	NPT3829	5	560095;560105;560145;560150;560161	PMID
NPC174802	NPC174802	NPT4505	1	560152	PMID
NPC174802	NPC174802	NPT483	1	560141	PMID
NPC174802	NPC174802	NPT4848	1	560142	PMID
NPC174802	NPC174802	NPT4954	2	560095;560146	PMID
NPC174802	NPC174802	NPT4961	1	560114	PMID
NPC174802	NPC174802	NPT918	1	560152	PMID
NPC175013	NPC175013	NPT109	1	568870	PMID
NPC175013	NPC175013	NPT1265	1	568877	PMID
NPC175013	NPC175013	NPT1338	1	568866	PMID
NPC175013	NPC175013	NPT149	1	568870	PMID
NPC175013	NPC175013	NPT151	1	568870	PMID
NPC175013	NPC175013	NPT1619	1	568870	PMID
NPC175013	NPC175013	NPT2715	1	568875	PMID
NPC175013	NPC175013	NPT2930	1	568870	PMID
NPC175013	NPC175013	NPT47	1	568870	PMID
NPC175013	NPC175013	NPT48	1	568870	PMID
NPC175013	NPC175013	NPT51	1	568870	PMID
NPC175013	NPC175013	NPT58	1	568870	PMID
NPC175013	NPC175013	NPT792	1	568870	PMID
NPC175013	NPC175013	NPT94	1	568870	PMID
NPC175159	NPC175159	NPT3101	1	471430	PMID
NPC175159	NPC175159	NPT947	1	471430	PMID
NPC175159	NPC175159	NPT948	1	471430	PMID
NPC175159	NPC175159	NPT949	1	471430	PMID
NPC175159	NPC175159	NPT955	1	471430	PMID
NPC17525	NPC17525	NPT677	1	459570	PMID
NPC175342	NPC175342	NPT41	1	515929	PMID
NPC175852	NPC175852	NPT178	1	475394	PMID
NPC175899	NPC175899	NPT3114	1	519905	PMID
NPC176309	NPC176309	NPT346	1	487063	PMID
NPC176309	NPC176309	NPT5259	1	487063	PMID
NPC176500	NPC176500	NPT208	1	568747	PMID
NPC176740	NPC176740	NPT107	1	564628	PMID
NPC176740	NPC176740	NPT1592	1	564577	PMID
NPC176740	NPC176740	NPT204	1	564613	PMID
NPC176740	NPC176740	NPT222	1	564589	PMID
NPC176740	NPC176740	NPT224	1	564589	PMID
NPC176740	NPC176740	NPT282	1	564593	PMID
NPC176740	NPC176740	NPT439	1	564580	PMID
NPC176740	NPC176740	NPT48	1	564593	PMID
NPC176740	NPC176740	NPT51	1	564593	PMID
NPC176740	NPC176740	NPT59	1	564593	PMID
NPC176740	NPC176740	NPT60	1	564593	PMID
NPC176740	NPC176740	NPT862	1	564623	PMID
NPC176740	NPC176740	NPT967	1	564563	PMID
NPC176775	NPC176775	NPT282	1	533343	PMID
NPC176775	NPC176775	NPT94	1	533343	PMID
NPC176814	NPC176814	NPT109	1	497556	PMID
NPC176814	NPC176814	NPT208	1	497556	PMID
NPC176814	NPC176814	NPT212	1	497556	PMID
NPC176814	NPC176814	NPT213	1	497556	PMID
NPC176814	NPC176814	NPT282	1	497556	PMID
NPC176814	NPC176814	NPT491	1	497550	PMID
NPC176930	NPC176930	NPT1422	1	22112540	PMID
NPC176930	NPC176930	NPT3803	1	15006393	PMID
NPC177013	NPC177013	NPT38	1	473288	PMID
NPC177281	NPC177281	NPT109	1	506622	PMID
NPC177281	NPC177281	NPT1416	1	506621	PMID
NPC177281	NPC177281	NPT149	2	506621;506622	PMID
NPC177281	NPC177281	NPT151	2	506621;506622	PMID
NPC177281	NPC177281	NPT210	1	506621	PMID
NPC177281	NPC177281	NPT282	1	506621	PMID
NPC177281	NPC177281	NPT48	2	506621;506622	PMID
NPC177281	NPC177281	NPT483	1	506621	PMID
NPC177281	NPC177281	NPT94	2	506621;506622	PMID
NPC177940	NPC177940	NPT668	1	550394	PMID
NPC177996	NPC177996	NPT151	1	473156	PMID
NPC177996	NPC177996	NPT501	1	473156	PMID
NPC178014	NPC178014	NPT109	1	512242	PMID
NPC17810	NPC17810	NPT483	1	501337	PMID
NPC17810	NPC17810	NPT713	1	501345	PMID
NPC17810	NPC17810	NPT72	1	501343	PMID
NPC17810	NPC17810	NPT73	1	501343	PMID
NPC17810	NPC17810	NPT94	1	501337	PMID
NPC178134	NPC178134	NPT1038	1	511126	PMID
NPC178134	NPC178134	NPT1062	1	511124	PMID
NPC178134	NPC178134	NPT1063	1	511124	PMID
NPC178134	NPC178134	NPT1143	1	511124	PMID
NPC178134	NPC178134	NPT1144	1	511124	PMID
NPC178134	NPC178134	NPT1146	1	511124	PMID
NPC178134	NPC178134	NPT1166	1	511112	PMID
NPC178134	NPC178134	NPT1211	1	511126	PMID
NPC178134	NPC178134	NPT1224	1	511126	PMID
NPC178134	NPC178134	NPT1250	1	511169	PMID
NPC178134	NPC178134	NPT1337	1	511140	PMID
NPC178134	NPC178134	NPT1432	1	511140	PMID
NPC178134	NPC178134	NPT1433	1	511140	PMID
NPC178134	NPC178134	NPT1434	1	511140	PMID
NPC178134	NPC178134	NPT1436	1	511140	PMID
NPC178134	NPC178134	NPT1438	1	511140	PMID
NPC178134	NPC178134	NPT1478	1	511140	PMID
NPC178134	NPC178134	NPT149	3	511127;511128;511130	PMID
NPC178134	NPC178134	NPT151	3	511126;511127;511128	PMID
NPC178134	NPC178134	NPT154	1	511126	PMID
NPC178134	NPC178134	NPT1557	1	511132	PMID
NPC178134	NPC178134	NPT1598	2	511122;511173	PMID
NPC178134	NPC178134	NPT1627	1	511142	PMID
NPC178134	NPC178134	NPT1660	1	511140	PMID
NPC178134	NPC178134	NPT1702	1	511140	PMID
NPC178134	NPC178134	NPT212	1	511130	PMID
NPC178134	NPC178134	NPT213	1	511130	PMID
NPC178134	NPC178134	NPT233	1	511124	PMID
NPC178134	NPC178134	NPT2571	1	511140	PMID
NPC178134	NPC178134	NPT2572	1	511140	PMID
NPC178134	NPC178134	NPT2573	1	511140	PMID
NPC178134	NPC178134	NPT2574	1	511140	PMID
NPC178134	NPC178134	NPT2575	1	511140	PMID
NPC178134	NPC178134	NPT2576	1	511140	PMID
NPC178134	NPC178134	NPT2604	1	511126	PMID
NPC178134	NPC178134	NPT261	1	511176	PMID
NPC178134	NPC178134	NPT282	1	511128	PMID
NPC178134	NPC178134	NPT285	1	511140	PMID
NPC178134	NPC178134	NPT286	1	511140	PMID
NPC178134	NPC178134	NPT2930	1	511128	PMID
NPC178134	NPC178134	NPT3101	1	511151	PMID
NPC178134	NPC178134	NPT36	2	511103;511140	PMID
NPC178134	NPC178134	NPT41	1	511139	PMID
NPC178134	NPC178134	NPT4218	1	511180	PMID
NPC178134	NPC178134	NPT45	1	511126	PMID
NPC178134	NPC178134	NPT46	2	511126;511128	PMID
NPC178134	NPC178134	NPT47	3	511126;511127;511128	PMID
NPC178134	NPC178134	NPT48	3	511126;511127;511128	PMID
NPC178134	NPC178134	NPT483	1	511126	PMID
NPC178134	NPC178134	NPT4848	1	511126	PMID
NPC178134	NPC178134	NPT49	1	511128	PMID
NPC178134	NPC178134	NPT50	3	511126;511127;511128	PMID
NPC178134	NPC178134	NPT5009	1	511132	PMID
NPC178134	NPC178134	NPT5011	1	511158	PMID
NPC178134	NPC178134	NPT51	3	511126;511127;511128	PMID
NPC178134	NPC178134	NPT524	1	511126	PMID
NPC178134	NPC178134	NPT539	2	511127;511128	PMID
NPC178134	NPC178134	NPT58	3	511126;511127;511128	PMID
NPC178134	NPC178134	NPT5802	2	511164;511177	PMID
NPC178134	NPC178134	NPT59	1	511126	PMID
NPC178134	NPC178134	NPT591	1	511106	PMID
NPC178134	NPC178134	NPT60	1	511126	PMID
NPC178134	NPC178134	NPT665	1	511144	PMID
NPC178134	NPC178134	NPT728	1	511140	PMID
NPC178134	NPC178134	NPT740	1	511157	PMID
NPC178134	NPC178134	NPT78	1	511176	PMID
NPC178134	NPC178134	NPT792	1	511128	PMID
NPC178134	NPC178134	NPT8	1	511162	PMID
NPC178134	NPC178134	NPT831	1	511140	PMID
NPC178134	NPC178134	NPT862	1	511156	PMID
NPC178134	NPC178134	NPT9	1	511162	PMID
NPC178134	NPC178134	NPT947	2	511124;511151	PMID
NPC178134	NPC178134	NPT948	2	511124;511151	PMID
NPC178134	NPC178134	NPT949	2	511124;511151	PMID
NPC178134	NPC178134	NPT954	1	511124	PMID
NPC178134	NPC178134	NPT955	2	511124;511151	PMID
NPC178134	NPC178134	NPT981	1	511183	PMID
NPC178202	NPC178202	NPT441	2	561856;561857	PMID
NPC178263	NPC178263	NPT212	1	519941	PMID
NPC178263	NPC178263	NPT483	1	519941	PMID
NPC178290	NPC178290	NPT567	1	480932	PMID
NPC178306	NPC178306	NPT210	1	554010	PMID
NPC178306	NPC178306	NPT94	1	554010	PMID
NPC178382	NPC178382	NPT570	1	454267	PMID
NPC178383	NPC178383	NPT1044	1	573761	PMID
NPC178383	NPC178383	NPT4218	1	573825	PMID
NPC178383	NPC178383	NPT540	1	573780	PMID
NPC178383	NPC178383	NPT721	1	573810	PMID
NPC17848	NPC17848	NPT864	1	530531	PMID
NPC17848	NPC17848	NPT94	1	530531	PMID
NPC178902	NPC178902	NPT48	1	568504	PMID
NPC17892	NPC17892	NPT1394	1	548345	PMID
NPC179015	NPC179015	NPT740	1	480691	PMID
NPC179092	NPC179092	NPT149	1	518914	PMID
NPC179092	NPC179092	NPT2652	1	518916	PMID
NPC179092	NPC179092	NPT48	1	518914	PMID
NPC179092	NPC179092	NPT51	1	518914	PMID
NPC179092	NPC179092	NPT568	1	518919	PMID
NPC179092	NPC179092	NPT792	1	518914	PMID
NPC179198	NPC179198	NPT273	1	490061	PMID
NPC179271	NPC179271	NPT1038	1	502130	PMID
NPC179271	NPC179271	NPT59	1	502130	PMID
NPC179271	NPC179271	NPT60	1	502130	PMID
NPC179464	NPC179464	NPT109	1	470526	PMID
NPC179464	NPC179464	NPT149	1	470526	PMID
NPC179464	NPC179464	NPT151	2	470526;470527	PMID
NPC179464	NPC179464	NPT48	2	470526;470527	PMID
NPC179464	NPC179464	NPT483	1	470526	PMID
NPC179464	NPC179464	NPT93	2	470526;470527	PMID
NPC179464	NPC179464	NPT94	2	470526;470527	PMID
NPC179704	NPC179704	NPT1592	1	564727	PMID
NPC179787	NPC179787	NPT109	1	474676	PMID
NPC179787	NPC179787	NPT110	4	474655;474676;474677;474682	PMID
NPC179787	NPC179787	NPT1416	1	474678	PMID
NPC179787	NPC179787	NPT149	3	474676;474677;474682	PMID
NPC179787	NPC179787	NPT151	5	474675;474676;474677;474678;474679	PMID
NPC179787	NPC179787	NPT163	1	474676	PMID
NPC179787	NPC179787	NPT208	2	474676;474677	PMID
NPC179787	NPC179787	NPT210	1	474676	PMID
NPC179787	NPC179787	NPT282	1	474676	PMID
NPC179787	NPC179787	NPT48	5	474675;474676;474677;474678;474679	PMID
NPC179787	NPC179787	NPT49	1	474678	PMID
NPC179787	NPC179787	NPT51	1	474678	PMID
NPC179787	NPC179787	NPT58	1	474678	PMID
NPC179787	NPC179787	NPT94	6	474675;474676;474677;474678;474679;474680	PMID
NPC179860	NPC179860	NPT210	1	454846	PMID
NPC179950	NPC179950	NPT1062	1	514673	PMID
NPC179950	NPC179950	NPT233	1	514673	PMID
NPC179950	NPC179950	NPT41	1	514639	PMID
NPC179950	NPC179950	NPT48	1	514632	PMID
NPC179950	NPC179950	NPT51	1	514632	PMID
NPC179950	NPC179950	NPT59	1	514632	PMID
NPC179950	NPC179950	NPT60	1	514632	PMID
NPC179950	NPC179950	NPT801	1	514635	PMID
NPC179950	NPC179950	NPT802	1	514635	PMID
NPC179950	NPC179950	NPT862	1	514662	PMID
NPC179950	NPC179950	NPT949	1	514673	PMID
NPC179950	NPC179950	NPT955	1	514673	PMID
NPC179950	NPC179950	NPT967	2	514614;514681	PMID
NPC180006	NPC180006	NPT109	1	489150	PMID
NPC180006	NPC180006	NPT149	1	489150	PMID
NPC180006	NPC180006	NPT151	2	489150;489152	PMID
NPC180006	NPC180006	NPT282	1	489150	PMID
NPC180006	NPC180006	NPT4046	1	489166	PMID
NPC180006	NPC180006	NPT48	2	489150;489151	PMID
NPC180006	NPC180006	NPT50	2	489150;489152	PMID
NPC180006	NPC180006	NPT501	1	489152	PMID
NPC180006	NPC180006	NPT51	1	489152	PMID
NPC180006	NPC180006	NPT524	1	489151	PMID
NPC180006	NPC180006	NPT740	1	489156	PMID
NPC180006	NPC180006	NPT792	1	489158	PMID
NPC180006	NPC180006	NPT864	1	489151	PMID
NPC180006	NPC180006	NPT94	3	489150;489151;489152	PMID
NPC180204	NPC180204	NPT178	1	564315	PMID
NPC180261	NPC180261	NPT78	1	570950	PMID
NPC180493	NPC180493	NPT4059	1	479076	PMID
NPC180504	NPC180504	NPT1430	1	573863	PMID
NPC180504	NPC180504	NPT2546	1	573863	PMID
NPC180504	NPC180504	NPT728	4	573858;573859;573862;573863	PMID
NPC180508	NPC180508	NPT1603	2	493103;493112	PMID
NPC180508	NPC180508	NPT1604	3	493102;493103;493112	PMID
NPC180508	NPC180508	NPT2629	1	493092	PMID
NPC180508	NPC180508	NPT282	1	493091	PMID
NPC180508	NPC180508	NPT30	1	493086	PMID
NPC180508	NPC180508	NPT31	1	493086	PMID
NPC180508	NPC180508	NPT366	1	493099	PMID
NPC180508	NPC180508	NPT3960	1	493083	PMID
NPC180508	NPC180508	NPT48	1	493091	PMID
NPC180508	NPC180508	NPT51	1	493091	PMID
NPC180508	NPC180508	NPT537	1	493091	PMID
NPC180508	NPC180508	NPT538	1	493091	PMID
NPC180508	NPC180508	NPT570	2	493119;493120	PMID
NPC180508	NPC180508	NPT60	1	493091	PMID
NPC180508	NPC180508	NPT668	1	493083	PMID
NPC180534	NPC180534	NPT1028	1	511320	PMID
NPC180534	NPC180534	NPT483	1	511317	PMID
NPC180534	NPC180534	NPT51	1	511317	PMID
NPC180662	NPC180662	NPT78	1	513037	PMID
NPC180756	NPC180756	NPT145	1	496458	PMID
NPC180862	NPC180862	NPT152	1	24053646	PMID
NPC180862	NPC180862	NPT543	1	20966043	PMID
NPC180862	NPC180862	NPT741	1	25726329	PMID
NPC180871	NPC180871	NPT425	1	504252	PMID
NPC180872	NPC180872	NPT483	1	452596	PMID
NPC180872	NPC180872	NPT539	1	452596	PMID
NPC180872	NPC180872	NPT94	1	452596	PMID
NPC180905	NPC180905	NPT109	1	547802	PMID
NPC180905	NPC180905	NPT151	1	547802	PMID
NPC181153	NPC181153	NPT3731	3	551431;551437;551439	PMID
NPC181209	NPC181209	NPT178	1	526045	PMID
NPC181209	NPC181209	NPT99	1	526044	PMID
NPC181225	NPC181225	NPT1196	1	486605	PMID
NPC181225	NPC181225	NPT178	1	486605	PMID
NPC181225	NPC181225	NPT1870	1	486605	PMID
NPC181390	NPC181390	NPT233	1	493749	PMID
NPC181390	NPC181390	NPT948	1	493749	PMID
NPC181464	NPC181464	NPT570	1	494888	PMID
NPC181465	NPC181465	NPT967	1	516789	PMID
NPC181510	NPC181510	NPT48	1	561868	PMID
NPC181516	NPC181516	NPT483	1	507046	PMID
NPC181588	NPC181588	NPT208	1	572610	PMID
NPC181594	NPC181594	NPT1197	1	469006	PMID
NPC181594	NPC181594	NPT1283	1	469006	PMID
NPC181594	NPC181594	NPT483	1	469006	PMID
NPC181594	NPC181594	NPT51	1	469006	PMID
NPC181594	NPC181594	NPT524	1	469006	PMID
NPC181594	NPC181594	NPT537	1	469006	PMID
NPC181594	NPC181594	NPT93	1	469006	PMID
NPC181653	NPC181653	NPT204	1	486089	PMID
NPC181653	NPC181653	NPT93	1	486105	PMID
NPC181718	NPC181718	NPT225	1	537143	PMID
NPC181718	NPC181718	NPT226	1	537143	PMID
NPC181786	NPC181786	NPT1418	1	475532	PMID
NPC181786	NPC181786	NPT279	1	475545	PMID
NPC181786	NPC181786	NPT6588	1	475557	PMID
NPC181796	NPC181796	NPT204	1	459450	PMID
NPC18188	NPC18188	NPT1006	1	480643	PMID
NPC18188	NPC18188	NPT1008	6	480620;480625;480648;480652;480663;480673	PMID
NPC18188	NPC18188	NPT1038	1	480634	PMID
NPC18188	NPC18188	NPT1407	1	480625	PMID
NPC18188	NPC18188	NPT1416	1	480636	PMID
NPC18188	NPC18188	NPT208	1	480639	PMID
NPC18188	NPC18188	NPT210	1	480635	PMID
NPC18188	NPC18188	NPT46	1	480636	PMID
NPC18188	NPC18188	NPT483	2	480632;480633	PMID
NPC18188	NPC18188	NPT58	1	480636	PMID
NPC18188	NPC18188	NPT808	4	480601;480670;480673;480674	PMID
NPC18188	NPC18188	NPT810	3	480601;480670;480673	PMID
NPC18188	NPC18188	NPT811	3	480601;480670;480673	PMID
NPC18188	NPC18188	NPT817	1	480673	PMID
NPC18205	NPC18205	NPT94	1	521602	PMID
NPC18223	NPC18223	NPT1157	1	515420	PMID
NPC18223	NPC18223	NPT94	1	515414	PMID
NPC18224	NPC18224	NPT483	1	470609	PMID
NPC182257	NPC182257	NPT109	2	469857;469859	PMID
NPC182570	NPC182570	NPT109	1	544584	PMID
NPC182570	NPC182570	NPT208	1	544428	PMID
NPC182570	NPC182570	NPT240	4	544417;544467;544562;544584	PMID
NPC182570	NPC182570	NPT2599	1	544562	PMID
NPC182570	NPC182570	NPT346	2	544475;544582	PMID
NPC182570	NPC182570	NPT410	23	544352;544366;544375;544414;544418;544423;544425;544433;544442;544453;544456;544461;544476;544479;544497;544506;544527;544530;544536;544548;544549;544583;544590	PMID
NPC182570	NPC182570	NPT424	2	544366;544536	PMID
NPC182570	NPC182570	NPT5033	2	544387;544536	PMID
NPC182570	NPC182570	NPT51	1	544481	PMID
NPC182570	NPC182570	NPT94	3	544481;544482;544483	PMID
NPC182570	NPC182570	NPT98	5	544399;544430;544455;544458;544466	PMID
NPC18259	NPC18259	NPT240	2	449377;449379	PMID
NPC18259	NPC18259	NPT483	1	449382	PMID
NPC18260	NPC18260	NPT1422	1	497357	PMID
NPC182606	NPC182606	NPT210	1	509022	PMID
NPC182606	NPC182606	NPT94	1	509022	PMID
NPC182646	NPC182646	NPT1197	1	520489	PMID
NPC182646	NPC182646	NPT1282	1	520489	PMID
NPC182646	NPC182646	NPT4674	1	520489	PMID
NPC182646	NPC182646	NPT483	1	520489	PMID
NPC182646	NPC182646	NPT51	1	520489	PMID
NPC182646	NPC182646	NPT94	1	520489	PMID
NPC18297	NPC18297	NPT78	1	559760	PMID
NPC183307	NPC183307	NPT261	1	520017	PMID
NPC18335	NPC18335	NPT1423	1	456214	PMID
NPC18335	NPC18335	NPT483	1	456224	PMID
NPC18335	NPC18335	NPT967	1	456218	PMID
NPC183655	NPC183655	NPT109	1	460143	PMID
NPC183655	NPC183655	NPT149	1	460143	PMID
NPC183655	NPC183655	NPT151	1	460143	PMID
NPC183655	NPC183655	NPT47	1	460143	PMID
NPC183655	NPC183655	NPT48	1	460143	PMID
NPC183655	NPC183655	NPT483	1	460143	PMID
NPC183655	NPC183655	NPT51	1	460143	PMID
NPC18380	NPC18380	NPT178	1	506944	PMID
NPC183845	NPC183845	NPT3757	2	498384;498385	PMID
NPC183845	NPC183845	NPT4563	2	498384;498385	PMID
NPC183845	NPC183845	NPT58	1	498389	PMID
NPC183950	NPC183950	NPT1038	1	451918	PMID
NPC183950	NPC183950	NPT1594	1	451913	PMID
NPC183950	NPC183950	NPT1603	2	451916;451928	PMID
NPC183950	NPC183950	NPT1604	2	451916;451928	PMID
NPC183950	NPC183950	NPT208	1	451916	PMID
NPC183950	NPC183950	NPT51	1	451918	PMID
NPC183950	NPC183950	NPT59	1	451918	PMID
NPC183950	NPC183950	NPT94	1	451918	PMID
NPC184006	NPC184006	NPT1139	1	479330	PMID
NPC184006	NPC184006	NPT956	1	479326	PMID
NPC184014	NPC184014	NPT1287	1	478697	PMID
NPC184014	NPC184014	NPT232	1	478697	PMID
NPC184014	NPC184014	NPT346	1	478695	PMID
NPC184014	NPC184014	NPT472	1	478695	PMID
NPC18402	NPC18402	NPT204	1	477009	PMID
NPC184026	NPC184026	NPT1811	1	538413	PMID
NPC184026	NPC184026	NPT242	2	538412;538413	PMID
NPC184026	NPC184026	NPT243	2	538412;538413	PMID
NPC184026	NPC184026	NPT244	1	538413	PMID
NPC184026	NPC184026	NPT677	1	538411	PMID
NPC184026	NPC184026	NPT92	1	538412	PMID
NPC184150	NPC184150	NPT503	1	514272	PMID
NPC184203	NPC184203	NPT109	1	568337	PMID
NPC184203	NPC184203	NPT151	1	568337	PMID
NPC184203	NPC184203	NPT346	1	568336	PMID
NPC184203	NPC184203	NPT792	1	568337	PMID
NPC184203	NPC184203	NPT94	1	568337	PMID
NPC184326	NPC184326	NPT178	2	505536;505538	PMID
NPC18433	NPC18433	NPT48	1	505369	PMID
NPC18457	NPC18457	NPT178	1	447797	PMID
NPC18457	NPC18457	NPT741	1	447801	PMID
NPC184579	NPC184579	NPT1079	2	504273;504283	PMID
NPC184579	NPC184579	NPT1080	3	504277;504279;504283	PMID
NPC184579	NPC184579	NPT2653	1	504283	PMID
NPC184579	NPC184579	NPT4248	2	504277;504283	PMID
NPC184593	NPC184593	NPT483	1	538200	PMID
NPC184641	NPC184641	NPT59	1	540518	PMID
NPC184658	NPC184658	NPT233	1	453483	PMID
NPC184658	NPC184658	NPT947	1	453483	PMID
NPC184964	NPC184964	NPT1416	1	493754	PMID
NPC184964	NPC184964	NPT410	1	493750	PMID
NPC184964	NPC184964	NPT45	1	493754	PMID
NPC184964	NPC184964	NPT60	1	493754	PMID
NPC184964	NPC184964	NPT792	1	493754	PMID
NPC18509	NPC18509	NPT1038	1	513739	PMID
NPC18509	NPC18509	NPT109	1	513739	PMID
NPC18509	NPC18509	NPT149	1	513739	PMID
NPC18509	NPC18509	NPT163	1	513739	PMID
NPC18509	NPC18509	NPT211	1	513739	PMID
NPC18509	NPC18509	NPT249	1	513756	PMID
NPC18509	NPC18509	NPT51	1	513740	PMID
NPC18509	NPC18509	NPT713	1	513837	PMID
NPC18509	NPC18509	NPT894	1	513687	PMID
NPC18509	NPC18509	NPT93	1	513739	PMID
NPC185258	NPC185258	NPT1214	1	558826	PMID
NPC185258	NPC185258	NPT2584	1	558826	PMID
NPC185392	NPC185392	NPT3517	1	469028	PMID
NPC185498	NPC185498	NPT1044	18	498710;498717;498718;498797;498876;498908;498976;498987;499028;499081;499162;499174;499204;499235;499244;499286;499289;499292	PMID
NPC185498	NPC185498	NPT322	2	499192;499200	PMID
NPC185498	NPC185498	NPT612	1	498936	PMID
NPC185498	NPC185498	NPT6327	1	498857	PMID
NPC185498	NPC185498	NPT6574	1	498857	PMID
NPC185498	NPC185498	NPT668	2	498935;498937	PMID
NPC185498	NPC185498	NPT72	1	499052	PMID
NPC185498	NPC185498	NPT979	1	498829	PMID
NPC185607	NPC185607	NPT51	1	524117	PMID
NPC185607	NPC185607	NPT537	1	524117	PMID
NPC185607	NPC185607	NPT538	1	524117	PMID
NPC185634	NPC185634	NPT543	1	32160459	PMID
NPC185634	NPC185634	NPT570	1	32668380	PMID
NPC185639	NPC185639	NPT1274	1	522243	PMID
NPC185680	NPC185680	NPT4884	2	547737;547739	PMID
NPC185680	NPC185680	NPT524	1	547737	PMID
NPC185738	NPC185738	NPT152	1	558429	PMID
NPC185838	NPC185838	NPT149	1	470646	PMID
NPC185838	NPC185838	NPT48	1	470646	PMID
NPC185838	NPC185838	NPT792	1	470646	PMID
NPC185838	NPC185838	NPT94	1	470646	PMID
NPC185903	NPC185903	NPT110	1	496759	PMID
NPC185903	NPC185903	NPT212	1	496759	PMID
NPC185903	NPC185903	NPT213	1	496759	PMID
NPC185908	NPC185908	NPT109	2	454506;454507	PMID
NPC185936	NPC185936	NPT483	1	493244	PMID
NPC185936	NPC185936	NPT51	1	493244	PMID
NPC185936	NPC185936	NPT58	1	493244	PMID
NPC185936	NPC185936	NPT93	1	493244	PMID
NPC185991	NPC185991	NPT216	1	492003	PMID
NPC185991	NPC185991	NPT2266	11	491972;491989;491993;491994;492007;492008;492014;492025;492029;492031;492033	PMID
NPC185991	NPC185991	NPT36	1	491988	PMID
NPC185991	NPC185991	NPT3825	2	491975;491976	PMID
NPC185991	NPC185991	NPT3826	2	491975;491976	PMID
NPC185991	NPC185991	NPT3829	1	491976	PMID
NPC185991	NPC185991	NPT4219	1	491978	PMID
NPC185991	NPC185991	NPT4506	2	492006;492023	PMID
NPC185991	NPC185991	NPT5047	1	492012	PMID
NPC185991	NPC185991	NPT93	1	491996	PMID
NPC186098	NPC186098	NPT109	1	523125	PMID
NPC186098	NPC186098	NPT151	1	523125	PMID
NPC186098	NPC186098	NPT282	1	523125	PMID
NPC186098	NPC186098	NPT94	1	523125	PMID
NPC186385	NPC186385	NPT1287	1	506265	PMID
NPC186686	NPC186686	NPT178	1	491585	PMID
NPC187022	NPC187022	NPT222	1	559899	PMID
NPC187022	NPC187022	NPT224	1	559899	PMID
NPC187022	NPC187022	NPT5051	1	559884	PMID
NPC187022	NPC187022	NPT537	1	559888	PMID
NPC187022	NPC187022	NPT538	1	559888	PMID
NPC187022	NPC187022	NPT668	1	559907	PMID
NPC187022	NPC187022	NPT940	1	559888	PMID
NPC187022	NPC187022	NPT942	1	559923	PMID
NPC187095	NPC187095	NPT210	1	536656	PMID
NPC187095	NPC187095	NPT483	1	536656	PMID
NPC187145	NPC187145	NPT1038	1	458313	PMID
NPC187145	NPC187145	NPT1197	1	458313	PMID
NPC187145	NPC187145	NPT1226	1	458313	PMID
NPC187145	NPC187145	NPT1416	1	458313	PMID
NPC187145	NPC187145	NPT157	1	458313	PMID
NPC187145	NPC187145	NPT277	1	458313	PMID
NPC187145	NPC187145	NPT2930	1	458313	PMID
NPC187145	NPC187145	NPT3263	1	458313	PMID
NPC187145	NPC187145	NPT45	1	458313	PMID
NPC187145	NPC187145	NPT483	1	458313	PMID
NPC187145	NPC187145	NPT51	1	458313	PMID
NPC187145	NPC187145	NPT524	1	458313	PMID
NPC187145	NPC187145	NPT537	1	458313	PMID
NPC187145	NPC187145	NPT538	1	458313	PMID
NPC187145	NPC187145	NPT539	1	458313	PMID
NPC187145	NPC187145	NPT59	1	458313	PMID
NPC187282	NPC187282	NPT1422	1	541427	PMID
NPC187398	NPC187398	NPT1592	1	572607	PMID
NPC187432	NPC187432	NPT1062	1	507308	PMID
NPC187432	NPC187432	NPT109	1	507285	PMID
NPC187432	NPC187432	NPT110	1	507286	PMID
NPC187432	NPC187432	NPT1603	1	507283	PMID
NPC187432	NPC187432	NPT1604	2	507283;507313	PMID
NPC187432	NPC187432	NPT204	2	507278;507301	PMID
NPC187432	NPC187432	NPT208	1	507283	PMID
NPC187432	NPC187432	NPT212	1	507286	PMID
NPC187432	NPC187432	NPT213	1	507286	PMID
NPC187432	NPC187432	NPT217	1	507249	PMID
NPC187432	NPC187432	NPT218	2	507252;507253	PMID
NPC187432	NPC187432	NPT261	1	507314	PMID
NPC187432	NPC187432	NPT439	1	507278	PMID
NPC187432	NPC187432	NPT441	1	507271	PMID
NPC187432	NPC187432	NPT51	1	507285	PMID
NPC187432	NPC187432	NPT582	1	507314	PMID
NPC187432	NPC187432	NPT949	1	507308	PMID
NPC187432	NPC187432	NPT955	1	507308	PMID
NPC187432	NPC187432	NPT967	1	507266	PMID
NPC187770	NPC187770	NPT223	1	500251	PMID
NPC187770	NPC187770	NPT741	1	500465	PMID
NPC187913	NPC187913	NPT1063	1	492510	PMID
NPC187913	NPC187913	NPT233	1	492509	PMID
NPC187913	NPC187913	NPT4161	1	492513	PMID
NPC187913	NPC187913	NPT525	1	492513	PMID
NPC187913	NPC187913	NPT947	1	492509	PMID
NPC187913	NPC187913	NPT948	1	492509	PMID
NPC187913	NPC187913	NPT949	1	492509	PMID
NPC187993	NPC187993	NPT483	1	508811	PMID
NPC188010	NPC188010	NPT277	1	469438	PMID
NPC188010	NPC188010	NPT567	1	469438	PMID
NPC188104	NPC188104	NPT1627	1	452606	PMID
NPC188163	NPC188163	NPT110	2	522979;522980	PMID
NPC188163	NPC188163	NPT483	1	522979	PMID
NPC188231	NPC188231	NPT48	1	483361	PMID
NPC188327	NPC188327	NPT1224	1	522253	PMID
NPC188341	NPC188341	NPT109	1	473854	PMID
NPC188341	NPC188341	NPT1214	1	473850	PMID
NPC188341	NPC188341	NPT1418	1	473851	PMID
NPC188341	NPC188341	NPT208	1	473854	PMID
NPC188341	NPC188341	NPT213	1	473854	PMID
NPC188341	NPC188341	NPT539	1	473854	PMID
NPC188380	NPC188380	NPT109	1	476661	PMID
NPC188380	NPC188380	NPT149	1	476661	PMID
NPC188380	NPC188380	NPT151	1	476661	PMID
NPC188380	NPC188380	NPT48	1	476661	PMID
NPC188380	NPC188380	NPT51	1	476661	PMID
NPC188380	NPC188380	NPT94	1	476661	PMID
NPC188433	NPC188433	NPT48	1	479630	PMID
NPC188433	NPC188433	NPT51	1	479630	PMID
NPC188433	NPC188433	NPT93	1	479630	PMID
NPC188646	NPC188646	NPT1038	1	568141	PMID
NPC188646	NPC188646	NPT109	1	568140	PMID
NPC188646	NPC188646	NPT149	1	568140	PMID
NPC188646	NPC188646	NPT51	2	568140;568141	PMID
NPC188646	NPC188646	NPT524	1	568141	PMID
NPC188646	NPC188646	NPT539	1	568140	PMID
NPC188814	NPC188814	NPT204	1	496970	PMID
NPC188844	NPC188844	NPT920	1	449464	PMID
NPC188867	NPC188867	NPT1157	1	549673	PMID
NPC188871	NPC188871	NPT1606	1	540489	PMID
NPC188871	NPC188871	NPT1720	1	540488	PMID
NPC188895	NPC188895	NPT94	1	561403	PMID
NPC188947	NPC188947	NPT582	1	448647	PMID
NPC189087	NPC189087	NPT204	1	555298	PMID
NPC189087	NPC189087	NPT439	1	555298	PMID
NPC189087	NPC189087	NPT740	1	555297	PMID
NPC189142	NPC189142	NPT50	1	514951	PMID
NPC189142	NPC189142	NPT864	1	514951	PMID
NPC189248	NPC189248	NPT109	1	569007	PMID
NPC189266	NPC189266	NPT1811	1	515782	PMID
NPC189266	NPC189266	NPT242	5	515782;515783;515785;515786;515789	PMID
NPC189266	NPC189266	NPT243	5	515782;515783;515785;515786;515789	PMID
NPC189266	NPC189266	NPT244	3	515786;515787;515789	PMID
NPC189266	NPC189266	NPT245	1	515782	PMID
NPC189266	NPC189266	NPT677	1	515784	PMID
NPC189314	NPC189314	NPT151	1	522648	PMID
NPC189314	NPC189314	NPT2930	1	522648	PMID
NPC189314	NPC189314	NPT30	1	522660	PMID
NPC189314	NPC189314	NPT48	1	522648	PMID
NPC189314	NPC189314	NPT50	1	522648	PMID
NPC189314	NPC189314	NPT539	1	522648	PMID
NPC189314	NPC189314	NPT93	1	522648	PMID
NPC189314	NPC189314	NPT94	1	522648	PMID
NPC189470	NPC189470	NPT4163	1	476826	PMID
NPC189588	NPC189588	NPT1283	1	557102	PMID
NPC189588	NPC189588	NPT3812	1	557105	PMID
NPC189588	NPC189588	NPT50	1	557103	PMID
NPC189588	NPC189588	NPT537	1	557102	PMID
NPC189588	NPC189588	NPT538	1	557102	PMID
NPC189588	NPC189588	NPT539	1	557103	PMID
NPC189689	NPC189689	NPT178	1	515824	PMID
NPC18982	NPC18982	NPT4581	1	490720	PMID
NPC189823	NPC189823	NPT109	1	554002	PMID
NPC189844	NPC189844	NPT1674	1	469940	PMID
NPC189844	NPC189844	NPT31	1	469925	PMID
NPC189844	NPC189844	NPT4252	1	469937	PMID
NPC189844	NPC189844	NPT740	1	469945	PMID
NPC190043	NPC190043	NPT178	1	536313	PMID
NPC190117	NPC190117	NPT94	1	469779	PMID
NPC190184	NPC190184	NPT109	1	529373	PMID
NPC190184	NPC190184	NPT210	1	529373	PMID
NPC190184	NPC190184	NPT211	1	529373	PMID
NPC190184	NPC190184	NPT483	1	529372	PMID
NPC190204	NPC190204	NPT740	1	456131	PMID
NPC190217	NPC190217	NPT109	1	463760	PMID
NPC190296	NPC190296	NPT208	1	514850	PMID
NPC190296	NPC190296	NPT210	1	514852	PMID
NPC190296	NPC190296	NPT213	1	514850	PMID
NPC190296	NPC190296	NPT483	1	514851	PMID
NPC190296	NPC190296	NPT52	1	514850	PMID
NPC190296	NPC190296	NPT58	1	514851	PMID
NPC19044	NPC19044	NPT93	1	526235	PMID
NPC190442	NPC190442	NPT178	1	524826	PMID
NPC190454	NPC190454	NPT1721	1	560216	PMID
NPC190454	NPC190454	NPT870	1	560214	PMID
NPC190461	NPC190461	NPT109	1	452872	PMID
NPC190461	NPC190461	NPT110	1	452873	PMID
NPC190461	NPC190461	NPT1119	1	452872	PMID
NPC190461	NPC190461	NPT1226	1	452872	PMID
NPC190461	NPC190461	NPT149	2	452872;452873	PMID
NPC190461	NPC190461	NPT151	1	452872	PMID
NPC190461	NPC190461	NPT210	1	452873	PMID
NPC190461	NPC190461	NPT212	1	452873	PMID
NPC190461	NPC190461	NPT213	1	452873	PMID
NPC190461	NPC190461	NPT277	1	452872	PMID
NPC190461	NPC190461	NPT282	1	452872	PMID
NPC190461	NPC190461	NPT46	1	452872	PMID
NPC190461	NPC190461	NPT47	1	452872	PMID
NPC190461	NPC190461	NPT48	1	452872	PMID
NPC190461	NPC190461	NPT50	1	452872	PMID
NPC190461	NPC190461	NPT501	1	452872	PMID
NPC190461	NPC190461	NPT51	1	452872	PMID
NPC190461	NPC190461	NPT539	1	452872	PMID
NPC190461	NPC190461	NPT58	1	452872	PMID
NPC190461	NPC190461	NPT94	1	452872	PMID
NPC190501	NPC190501	NPT108	7	474145;474170;474176;474184;474185;474205;474237	PMID
NPC190501	NPC190501	NPT109	1	474190	PMID
NPC190501	NPC190501	NPT1422	1	474210	PMID
NPC190501	NPC190501	NPT149	2	474190;474192	PMID
NPC190501	NPC190501	NPT1587	5	474175;474180;474182;474185;474217	PMID
NPC190501	NPC190501	NPT163	1	474190	PMID
NPC190501	NPC190501	NPT1731	1	474201	PMID
NPC190501	NPC190501	NPT208	1	474193	PMID
NPC190501	NPC190501	NPT211	2	474192;474193	PMID
NPC190501	NPC190501	NPT248	5	474145;474170;474176;474184;474237	PMID
NPC190501	NPC190501	NPT291	1	474205	PMID
NPC190501	NPC190501	NPT295	1	474205	PMID
NPC190501	NPC190501	NPT441	1	474222	PMID
NPC190501	NPC190501	NPT483	2	474189;474190	PMID
NPC190501	NPC190501	NPT58	1	474189	PMID
NPC190501	NPC190501	NPT796	1	474189	PMID
NPC190501	NPC190501	NPT894	1	474166	PMID
NPC190501	NPC190501	NPT920	1	474236	PMID
NPC190572	NPC190572	NPT109	1	564757	PMID
NPC190572	NPC190572	NPT151	1	564757	PMID
NPC190572	NPC190572	NPT218	1	564754	PMID
NPC190572	NPC190572	NPT282	1	564757	PMID
NPC190572	NPC190572	NPT46	1	564757	PMID
NPC190753	NPC190753	NPT31	1	502110	PMID
NPC190817	NPC190817	NPT178	1	28522265	PMID
NPC190931	NPC190931	NPT1283	1	489270	PMID
NPC190931	NPC190931	NPT543	1	489276	PMID
NPC190945	NPC190945	NPT10	1	478819	PMID
NPC190945	NPC190945	NPT1028	1	478930	PMID
NPC190945	NPC190945	NPT1038	2	478818;478823	PMID
NPC190945	NPC190945	NPT109	7	478721;478800;478817;478820;478821;478832;478911	PMID
NPC190945	NPC190945	NPT110	1	478827	PMID
NPC190945	NPC190945	NPT1119	2	478818;478820	PMID
NPC190945	NPC190945	NPT1463	1	478911	PMID
NPC190945	NPC190945	NPT149	4	478817;478820;478821;478827	PMID
NPC190945	NPC190945	NPT151	3	478817;478818;478822	PMID
NPC190945	NPC190945	NPT1557	1	478842	PMID
NPC190945	NPC190945	NPT163	1	478820	PMID
NPC190945	NPC190945	NPT208	4	478820;478821;478851;478911	PMID
NPC190945	NPC190945	NPT210	1	478821	PMID
NPC190945	NPC190945	NPT211	3	478818;478821;478827	PMID
NPC190945	NPC190945	NPT212	3	478821;478827;478911	PMID
NPC190945	NPC190945	NPT213	3	478821;478827;478911	PMID
NPC190945	NPC190945	NPT216	1	478851	PMID
NPC190945	NPC190945	NPT217	1	478729	PMID
NPC190945	NPC190945	NPT218	4	478741;478747;478750;478851	PMID
NPC190945	NPC190945	NPT234	1	478851	PMID
NPC190945	NPC190945	NPT2592	1	478926	PMID
NPC190945	NPC190945	NPT2626	1	478918	PMID
NPC190945	NPC190945	NPT2691	2	478703;478909	PMID
NPC190945	NPC190945	NPT282	2	478818;478820	PMID
NPC190945	NPC190945	NPT292	1	478851	PMID
NPC190945	NPC190945	NPT300	1	478851	PMID
NPC190945	NPC190945	NPT3839	1	478794	PMID
NPC190945	NPC190945	NPT48	5	478818;478819;478820;478821;478822	PMID
NPC190945	NPC190945	NPT483	2	478818;478819	PMID
NPC190945	NPC190945	NPT50	6	478817;478820;478821;478822;478825;478826	PMID
NPC190945	NPC190945	NPT5071	1	478901	PMID
NPC190945	NPC190945	NPT51	6	478818;478819;478820;478822;478825;478826	PMID
NPC190945	NPC190945	NPT539	1	478820	PMID
NPC190945	NPC190945	NPT58	1	478819	PMID
NPC190945	NPC190945	NPT668	2	478869;478871	PMID
NPC190945	NPC190945	NPT713	4	478912;478927;478928;478930	PMID
NPC190945	NPC190945	NPT796	1	478823	PMID
NPC190945	NPC190945	NPT93	3	478817;478819;478822	PMID
NPC190945	NPC190945	NPT94	7	478817;478818;478820;478821;478822;478825;478826	PMID
NPC190945	NPC190945	NPT940	1	478824	PMID
NPC190945	NPC190945	NPT96	1	478820	PMID
NPC190945	NPC190945	NPT98	6	478758;478776;478777;478786;478831;478908	PMID
NPC191104	NPC191104	NPT109	2	489233;489237	PMID
NPC191104	NPC191104	NPT110	1	489234	PMID
NPC191104	NPC191104	NPT1604	1	489247	PMID
NPC191104	NPC191104	NPT210	1	489234	PMID
NPC191104	NPC191104	NPT212	1	489234	PMID
NPC191104	NPC191104	NPT213	1	489234	PMID
NPC191104	NPC191104	NPT241	1	489237	PMID
NPC191104	NPC191104	NPT4023	1	489237	PMID
NPC191104	NPC191104	NPT50	1	489235	PMID
NPC191104	NPC191104	NPT627	1	489237	PMID
NPC191104	NPC191104	NPT740	1	489238	PMID
NPC191136	NPC191136	NPT483	1	452694	PMID
NPC191146	NPC191146	NPT721	1	460866	PMID
NPC191194	NPC191194	NPT1119	1	528883	PMID
NPC191194	NPC191194	NPT792	1	528883	PMID
NPC191310	NPC191310	NPT1416	1	521154	PMID
NPC191310	NPC191310	NPT151	1	521154	PMID
NPC191310	NPC191310	NPT48	1	521154	PMID
NPC191310	NPC191310	NPT483	1	521154	PMID
NPC191310	NPC191310	NPT51	1	521154	PMID
NPC191310	NPC191310	NPT537	1	521154	PMID
NPC191310	NPC191310	NPT538	1	521154	PMID
NPC191310	NPC191310	NPT60	1	521154	PMID
NPC191310	NPC191310	NPT93	1	521154	PMID
NPC191310	NPC191310	NPT94	1	521154	PMID
NPC191337	NPC191337	NPT30	1	452542	PMID
NPC191337	NPC191337	NPT570	1	452542	PMID
NPC191444	NPC191444	NPT109	1	501049	PMID
NPC191444	NPC191444	NPT50	1	501049	PMID
NPC191444	NPC191444	NPT539	1	501049	PMID
NPC191444	NPC191444	NPT94	1	501049	PMID
NPC19149	NPC19149	NPT967	1	523659	PMID
NPC191693	NPC191693	NPT713	1	22961681	PMID
NPC19174	NPC19174	NPT10	1	453955	PMID
NPC19174	NPC19174	NPT1038	1	453955	PMID
NPC19174	NPC19174	NPT108	1	454005	PMID
NPC19174	NPC19174	NPT109	2	453957;453959	PMID
NPC19174	NPC19174	NPT1187	1	454014	PMID
NPC19174	NPC19174	NPT1416	1	453955	PMID
NPC19174	NPC19174	NPT151	1	453956	PMID
NPC19174	NPC19174	NPT1587	1	454005	PMID
NPC19174	NPC19174	NPT1588	1	454005	PMID
NPC19174	NPC19174	NPT212	1	453959	PMID
NPC19174	NPC19174	NPT213	1	453959	PMID
NPC19174	NPC19174	NPT248	1	454005	PMID
NPC19174	NPC19174	NPT41	1	453969	PMID
NPC19174	NPC19174	NPT410	1	453987	PMID
NPC19174	NPC19174	NPT441	1	454005	PMID
NPC19174	NPC19174	NPT483	2	453955;453956	PMID
NPC19174	NPC19174	NPT50	1	454021	PMID
NPC19174	NPC19174	NPT51	5	453955;453956;453957;453959;453960	PMID
NPC19174	NPC19174	NPT58	1	453955	PMID
NPC19174	NPC19174	NPT584	2	454008;454017	PMID
NPC19174	NPC19174	NPT61	1	453957	PMID
NPC19174	NPC19174	NPT740	2	453976;453996	PMID
NPC19174	NPC19174	NPT78	1	453980	PMID
NPC19174	NPC19174	NPT796	1	453955	PMID
NPC19174	NPC19174	NPT940	1	453958	PMID
NPC191768	NPC191768	NPT59	1	568514	PMID
NPC191774	NPC191774	NPT1720	1	532846	PMID
NPC191774	NPC191774	NPT214	6	532831;532832;532845;532852;532853;532855	PMID
NPC191774	NPC191774	NPT3579	1	532829	PMID
NPC191774	NPC191774	NPT3595	1	532857	PMID
NPC191774	NPC191774	NPT469	1	532832	PMID
NPC191774	NPC191774	NPT5075	1	532833	PMID
NPC191774	NPC191774	NPT5079	1	532847	PMID
NPC191774	NPC191774	NPT5080	2	532847;532856	PMID
NPC191774	NPC191774	NPT5085	2	532853;532855	PMID
NPC191774	NPC191774	NPT5086	1	532856	PMID
NPC191774	NPC191774	NPT5087	1	532856	PMID
NPC192040	NPC192040	NPT472	1	465861	PMID
NPC192065	NPC192065	NPT483	2	464189;464190	PMID
NPC19240	NPC19240	NPT1062	1	545384	PMID
NPC19240	NPC19240	NPT109	1	545376	PMID
NPC19240	NPC19240	NPT949	1	545384	PMID
NPC19240	NPC19240	NPT955	1	545384	PMID
NPC19241	NPC19241	NPT210	1	482591	PMID
NPC19241	NPC19241	NPT792	1	482591	PMID
NPC192521	NPC192521	NPT3741	1	471019	PMID
NPC192521	NPC192521	NPT3742	1	471019	PMID
NPC192521	NPC192521	NPT3743	1	471019	PMID
NPC192521	NPC192521	NPT3745	1	471019	PMID
NPC192521	NPC192521	NPT4576	1	471020	PMID
NPC192533	NPC192533	NPT1197	1	536297	PMID
NPC192533	NPC192533	NPT282	1	536297	PMID
NPC192533	NPC192533	NPT483	1	536297	PMID
NPC192533	NPC192533	NPT51	1	536297	PMID
NPC192533	NPC192533	NPT537	1	536297	PMID
NPC192533	NPC192533	NPT538	1	536297	PMID
NPC192533	NPC192533	NPT864	1	536297	PMID
NPC192533	NPC192533	NPT93	1	536297	PMID
NPC192533	NPC192533	NPT94	1	536297	PMID
NPC19256	NPC19256	NPT911	1	448086	PMID
NPC192577	NPC192577	NPT1078	1	502402	PMID
NPC192638	NPC192638	NPT1044	1	538630	PMID
NPC192638	NPC192638	NPT166	1	538681	PMID
NPC192638	NPC192638	NPT178	1	538674	PMID
NPC192638	NPC192638	NPT203	1	538681	PMID
NPC192686	NPC192686	NPT2680	1	495869	PMID
NPC192744	NPC192744	NPT483	1	453793	PMID
NPC192744	NPC192744	NPT540	1	453788	PMID
NPC192744	NPC192744	NPT745	1	453788	PMID
NPC192744	NPC192744	NPT93	1	453793	PMID
NPC192831	NPC192831	NPT178	1	448120	PMID
NPC193238	NPC193238	NPT483	1	575293	PMID
NPC193471	NPC193471	NPT47	1	474025	PMID
NPC193484	NPC193484	NPT109	1	511510	PMID
NPC193484	NPC193484	NPT210	1	511510	PMID
NPC193484	NPC193484	NPT539	1	511510	PMID
NPC193484	NPC193484	NPT93	1	511510	PMID
NPC193484	NPC193484	NPT94	1	511510	PMID
NPC193536	NPC193536	NPT1062	1	449541	PMID
NPC193536	NPC193536	NPT1063	1	449541	PMID
NPC193536	NPC193536	NPT1143	1	449541	PMID
NPC193536	NPC193536	NPT1144	1	449541	PMID
NPC193536	NPC193536	NPT1146	1	449541	PMID
NPC193536	NPC193536	NPT208	1	449542	PMID
NPC193536	NPC193536	NPT210	1	449543	PMID
NPC193536	NPC193536	NPT212	1	449542	PMID
NPC193536	NPC193536	NPT233	1	449541	PMID
NPC193536	NPC193536	NPT792	1	449543	PMID
NPC193536	NPC193536	NPT940	1	449544	PMID
NPC193536	NPC193536	NPT947	1	449541	PMID
NPC193536	NPC193536	NPT948	1	449541	PMID
NPC193536	NPC193536	NPT949	1	449541	PMID
NPC193536	NPC193536	NPT954	1	449541	PMID
NPC193536	NPC193536	NPT955	1	449541	PMID
NPC193536	NPC193536	NPT96	1	449543	PMID
NPC193578	NPC193578	NPT208	1	491895	PMID
NPC193578	NPC193578	NPT240	2	491896;491897	PMID
NPC193666	NPC193666	NPT106	1	525420	PMID
NPC193666	NPC193666	NPT99	1	525420	PMID
NPC193805	NPC193805	NPT153	1	522880	PMID
NPC193805	NPC193805	NPT3504	1	522879	PMID
NPC193805	NPC193805	NPT3505	1	522879	PMID
NPC193805	NPC193805	NPT3507	1	522879	PMID
NPC193881	NPC193881	NPT740	1	555584	PMID
NPC193949	NPC193949	NPT242	1	476648	PMID
NPC193949	NPC193949	NPT243	1	476648	PMID
NPC193949	NPC193949	NPT4674	1	476647	PMID
NPC193949	NPC193949	NPT864	1	476647	PMID
NPC193976	NPC193976	NPT178	1	483711	PMID
NPC193976	NPC193976	NPT211	1	483710	PMID
NPC194040	NPC194040	NPT48	1	485639	PMID
NPC194277	NPC194277	NPT204	1	512262	PMID
NPC194432	NPC194432	NPT441	1	538499	PMID
NPC194465	NPC194465	NPT210	1	545363	PMID
NPC194562	NPC194562	NPT1038	1	528216	PMID
NPC194562	NPC194562	NPT149	2	528214;528217	PMID
NPC194562	NPC194562	NPT151	2	528214;528215	PMID
NPC194562	NPC194562	NPT155	1	528229	PMID
NPC194562	NPC194562	NPT1627	5	528226;528229;528230;528235;528236	PMID
NPC194562	NPC194562	NPT208	1	528214	PMID
NPC194562	NPC194562	NPT213	1	528217	PMID
NPC194562	NPC194562	NPT282	1	528214	PMID
NPC194562	NPC194562	NPT410	1	528229	PMID
NPC194562	NPC194562	NPT48	3	528213;528214;528215	PMID
NPC194562	NPC194562	NPT501	1	528215	PMID
NPC194562	NPC194562	NPT60	1	528218	PMID
NPC194562	NPC194562	NPT94	1	528214	PMID
NPC194593	NPC194593	NPT740	1	508091	PMID
NPC194593	NPC194593	NPT78	1	508094	PMID
NPC194764	NPC194764	NPT178	2	545048;545052	PMID
NPC194764	NPC194764	NPT497	1	545054	PMID
NPC194764	NPC194764	NPT967	1	545053	PMID
NPC194856	NPC194856	NPT1166	1	529445	PMID
NPC194856	NPC194856	NPT261	1	529444	PMID
NPC194856	NPC194856	NPT69	1	529448	PMID
NPC194856	NPC194856	NPT865	1	529446	PMID
NPC194857	NPC194857	NPT211	1	537129	PMID
NPC194857	NPC194857	NPT212	1	537129	PMID
NPC195140	NPC195140	NPT218	1	551605	PMID
NPC195268	NPC195268	NPT1028	1	473947	PMID
NPC195268	NPC195268	NPT109	2	473916;473917	PMID
NPC195268	NPC195268	NPT110	3	473916;473917;473919	PMID
NPC195268	NPC195268	NPT1119	1	473917	PMID
NPC195268	NPC195268	NPT1464	1	473957	PMID
NPC195268	NPC195268	NPT163	1	473917	PMID
NPC195268	NPC195268	NPT1834	2	473916;473919	PMID
NPC195268	NPC195268	NPT204	1	473897	PMID
NPC195268	NPC195268	NPT208	2	473916;473917	PMID
NPC195268	NPC195268	NPT210	3	473916;473917;473919	PMID
NPC195268	NPC195268	NPT211	2	473916;473917	PMID
NPC195268	NPC195268	NPT212	2	473917;473919	PMID
NPC195268	NPC195268	NPT213	4	473916;473917;473919;473927	PMID
NPC195268	NPC195268	NPT273	1	473892	PMID
NPC195268	NPC195268	NPT2761	1	473954	PMID
NPC195268	NPC195268	NPT282	2	473916;473917	PMID
NPC195268	NPC195268	NPT45	1	473916	PMID
NPC195268	NPC195268	NPT483	1	473916	PMID
NPC195268	NPC195268	NPT5100	2	473892;473894	PMID
NPC195268	NPC195268	NPT5104	5	473899;473925;473930;473953;473954	PMID
NPC195268	NPC195268	NPT5105	2	473899;473925	PMID
NPC195268	NPC195268	NPT5106	13	473913;473922;473924;473925;473929;473930;473933;473938;473940;473942;473952;473953;473962	PMID
NPC195268	NPC195268	NPT537	1	473918	PMID
NPC195268	NPC195268	NPT713	1	473946	PMID
NPC195268	NPC195268	NPT792	1	473917	PMID
NPC195268	NPC195268	NPT93	1	473916	PMID
NPC195268	NPC195268	NPT94	1	473916	PMID
NPC195268	NPC195268	NPT96	1	473917	PMID
NPC195268	NPC195268	NPT98	1	473923	PMID
NPC195343	NPC195343	NPT1197	1	532712	PMID
NPC195343	NPC195343	NPT151	1	532712	PMID
NPC195343	NPC195343	NPT48	1	532712	PMID
NPC195343	NPC195343	NPT59	1	532712	PMID
NPC195343	NPC195343	NPT94	1	532712	PMID
NPC195448	NPC195448	NPT1006	1	493053	PMID
NPC19545	NPC19545	NPT684	1	528115	PMID
NPC19545	NPC19545	NPT685	1	528115	PMID
NPC19545	NPC19545	NPT692	1	528115	PMID
NPC195461	NPC195461	NPT1788	1	531629	PMID
NPC195461	NPC195461	NPT1789	2	531626;531629	PMID
NPC195461	NPC195461	NPT221	2	531626;531629	PMID
NPC195461	NPC195461	NPT222	1	531629	PMID
NPC195461	NPC195461	NPT223	1	531629	PMID
NPC195461	NPC195461	NPT224	2	531629;531646	PMID
NPC19576	NPC19576	NPT483	1	479797	PMID
NPC195763	NPC195763	NPT149	1	553382	PMID
NPC195763	NPC195763	NPT151	1	553382	PMID
NPC195763	NPC195763	NPT47	1	553382	PMID
NPC195763	NPC195763	NPT48	1	553382	PMID
NPC195763	NPC195763	NPT50	1	553382	PMID
NPC195763	NPC195763	NPT51	1	553382	PMID
NPC195763	NPC195763	NPT792	1	553382	PMID
NPC195763	NPC195763	NPT94	1	553382	PMID
NPC195785	NPC195785	NPT94	1	504748	PMID
NPC195788	NPC195788	NPT109	1	501813	PMID
NPC195788	NPC195788	NPT1594	1	501980	PMID
NPC195788	NPC195788	NPT300	1	501938	PMID
NPC195788	NPC195788	NPT612	1	501979	PMID
NPC195788	NPC195788	NPT668	10	501813;501816;501836;501974;501977;501978;501979;501981;501982;501983	PMID
NPC195788	NPC195788	NPT713	1	501975	PMID
NPC195788	NPC195788	NPT72	1	502030	PMID
NPC195788	NPC195788	NPT73	1	502030	PMID
NPC195796	NPC195796	NPT204	1	537149	PMID
NPC195796	NPC195796	NPT279	1	537152	PMID
NPC196034	NPC196034	NPT588	1	497688	PMID
NPC196179	NPC196179	NPT78	1	558276	PMID
NPC19622	NPC19622	NPT30	1	484677	PMID
NPC19622	NPC19622	NPT31	1	484677	PMID
NPC196231	NPC196231	NPT271	1	501124	PMID
NPC196277	NPC196277	NPT1166	1	572850	PMID
NPC196359	NPC196359	NPT1006	1	522895	PMID
NPC196420	NPC196420	NPT247	1	447913	PMID
NPC196447	NPC196447	NPT110	1	488964	PMID
NPC196447	NPC196447	NPT149	1	488964	PMID
NPC196447	NPC196447	NPT151	1	488965	PMID
NPC196447	NPC196447	NPT208	1	488964	PMID
NPC196447	NPC196447	NPT211	1	488964	PMID
NPC196447	NPC196447	NPT94	1	488965	PMID
NPC196449	NPC196449	NPT10	1	548462	PMID
NPC196449	NPC196449	NPT1197	1	548461	PMID
NPC196449	NPC196449	NPT1416	2	548461;548462	PMID
NPC196449	NPC196449	NPT151	1	548462	PMID
NPC196449	NPC196449	NPT282	2	548461;548462	PMID
NPC196449	NPC196449	NPT2892	1	548461	PMID
NPC196449	NPC196449	NPT47	1	548461	PMID
NPC196449	NPC196449	NPT48	2	548461;548462	PMID
NPC196449	NPC196449	NPT483	1	548462	PMID
NPC196449	NPC196449	NPT50	1	548462	PMID
NPC196449	NPC196449	NPT51	2	548461;548462	PMID
NPC196449	NPC196449	NPT524	1	548461	PMID
NPC196449	NPC196449	NPT537	2	548461;548463	PMID
NPC196449	NPC196449	NPT538	2	548461;548463	PMID
NPC196449	NPC196449	NPT58	1	548462	PMID
NPC196449	NPC196449	NPT60	1	548461	PMID
NPC196449	NPC196449	NPT796	1	548462	PMID
NPC196449	NPC196449	NPT918	1	548461	PMID
NPC196449	NPC196449	NPT93	1	548462	PMID
NPC196449	NPC196449	NPT94	1	548462	PMID
NPC196449	NPC196449	NPT940	1	548463	PMID
NPC196753	NPC196753	NPT570	1	553328	PMID
NPC196937	NPC196937	NPT109	2	495102;495103	PMID
NPC196976	NPC196976	NPT204	1	456499	PMID
NPC197087	NPC197087	NPT1038	1	536484	PMID
NPC197087	NPC197087	NPT58	1	536484	PMID
NPC197087	NPC197087	NPT792	1	536483	PMID
NPC197087	NPC197087	NPT796	1	536484	PMID
NPC19721	NPC19721	NPT78	1	537690	PMID
NPC197239	NPC197239	NPT3812	1	473542	PMID
NPC197239	NPC197239	NPT46	2	473520;473566	PMID
NPC197239	NPC197239	NPT483	1	473520	PMID
NPC197239	NPC197239	NPT540	1	473547	PMID
NPC197239	NPC197239	NPT543	1	473552	PMID
NPC197239	NPC197239	NPT546	1	473566	PMID
NPC197239	NPC197239	NPT5682	1	473566	PMID
NPC197239	NPC197239	NPT77	2	473518;473555	PMID
NPC197239	NPC197239	NPT901	1	473553	PMID
NPC197239	NPC197239	NPT99	1	473566	PMID
NPC197316	NPC197316	NPT182	1	498333	PMID
NPC197316	NPC197316	NPT864	1	498343	PMID
NPC197381	NPC197381	NPT109	1	16248836	PMID
NPC197381	NPC197381	NPT1540	1	23241029	PMID
NPC197381	NPC197381	NPT1546	1	23241029	PMID
NPC197381	NPC197381	NPT204	1	18479118	PMID
NPC197381	NPC197381	NPT4036	1	23241029	PMID
NPC197381	NPC197381	NPT4037	1	23241029	PMID
NPC197381	NPC197381	NPT613	1	23241029	PMID
NPC197425	NPC197425	NPT109	2	514107;514108	PMID
NPC197425	NPC197425	NPT153	2	514103;514114	PMID
NPC197425	NPC197425	NPT1603	1	514113	PMID
NPC197425	NPC197425	NPT1604	1	514119	PMID
NPC197425	NPC197425	NPT208	1	514113	PMID
NPC197425	NPC197425	NPT51	1	514107	PMID
NPC197425	NPC197425	NPT792	1	514107	PMID
NPC197425	NPC197425	NPT93	1	514107	PMID
NPC197425	NPC197425	NPT94	1	514107	PMID
NPC197596	NPC197596	NPT1250	2	507968;507975	PMID
NPC197896	NPC197896	NPT151	1	482692	PMID
NPC197896	NPC197896	NPT483	1	482692	PMID
NPC197896	NPC197896	NPT537	1	482692	PMID
NPC197896	NPC197896	NPT538	1	482692	PMID
NPC197896	NPC197896	NPT93	1	482692	PMID
NPC198154	NPC198154	NPT178	1	450199	PMID
NPC19841	NPC19841	NPT59	1	461296	PMID
NPC19890	NPC19890	NPT109	2	545171;545173	PMID
NPC19890	NPC19890	NPT110	1	545171	PMID
NPC19890	NPC19890	NPT228	1	545175	PMID
NPC19890	NPC19890	NPT246	1	545175	PMID
NPC19890	NPC19890	NPT295	1	545175	PMID
NPC19890	NPC19890	NPT808	1	545175	PMID
NPC198988	NPC198988	NPT48	1	557394	PMID
NPC199023	NPC199023	NPT51	1	448497	PMID
NPC199072	NPC199072	NPT4897	1	464160	PMID
NPC199100	NPC199100	NPT261	1	460961	PMID
NPC199106	NPC199106	NPT226	1	494664	PMID
NPC199357	NPC199357	NPT862	1	448240	PMID
NPC199463	NPC199463	NPT862	1	523884	PMID
NPC199851	NPC199851	NPT110	1	463474	PMID
NPC199851	NPC199851	NPT50	1	463476	PMID
NPC200060	NPC200060	NPT149	1	572975	PMID
NPC200060	NPC200060	NPT151	1	572975	PMID
NPC200060	NPC200060	NPT48	1	572975	PMID
NPC200060	NPC200060	NPT94	1	572975	PMID
NPC200085	NPC200085	NPT208	1	544674	PMID
NPC200085	NPC200085	NPT213	1	544674	PMID
NPC200237	NPC200237	NPT31	1	522342	PMID
NPC200333	NPC200333	NPT483	1	516120	PMID
NPC200412	NPC200412	NPT109	1	570147	PMID
NPC200694	NPC200694	NPT441	1	504187	PMID
NPC200740	NPC200740	NPT1592	1	530818	PMID
NPC200740	NPC200740	NPT967	1	530811	PMID
NPC200745	NPC200745	NPT78	1	508832	PMID
NPC200761	NPC200761	NPT178	1	547458	PMID
NPC200772	NPC200772	NPT502	1	538928	PMID
NPC200845	NPC200845	NPT109	1	457108	PMID
NPC200845	NPC200845	NPT149	1	457108	PMID
NPC200845	NPC200845	NPT210	1	457108	PMID
NPC200845	NPC200845	NPT50	1	457108	PMID
NPC200845	NPC200845	NPT792	1	457108	PMID
NPC200845	NPC200845	NPT94	1	457108	PMID
NPC201055	NPC201055	NPT110	1	481146	PMID
NPC201055	NPC201055	NPT145	25	481038;481039;481072;481095;481096;481098;481109;481113;481116;481121;481122;481136;481137;481139;481146;481158;481168;481170;481179;481180;481190;481201;481202;481203;481204	PMID
NPC201055	NPC201055	NPT271	29	481038;481039;481048;481053;481055;481072;481093;481095;481096;481098;481099;481100;481106;481109;481113;481116;481117;481122;481136;481137;481146;481168;481170;481177;481180;481201;481202;481203;481204	PMID
NPC201055	NPC201055	NPT272	17	481038;481039;481055;481072;481095;481096;481098;481109;481113;481122;481127;481136;481137;481146;481170;481180;481207	PMID
NPC201055	NPC201055	NPT713	1	481185	PMID
NPC201404	NPC201404	NPT47	1	487581	PMID
NPC201419	NPC201419	NPT31	1	452723	PMID
NPC201547	NPC201547	NPT1422	1	468134	PMID
NPC201547	NPC201547	NPT668	1	468134	PMID
NPC201562	NPC201562	NPT211	1	543747	PMID
NPC201658	NPC201658	NPT1283	1	475694	PMID
NPC201662	NPC201662	NPT1287	2	531480;531482	PMID
NPC201662	NPC201662	NPT232	2	531480;531482	PMID
NPC201662	NPC201662	NPT472	1	531480	PMID
NPC201662	NPC201662	NPT99	1	531483	PMID
NPC201667	NPC201667	NPT1464	1	500184	PMID
NPC201728	NPC201728	NPT178	1	575738	PMID
NPC201728	NPC201728	NPT206	1	575738	PMID
NPC201731	NPC201731	NPT109	1	465897	PMID
NPC201731	NPC201731	NPT1197	1	465896	PMID
NPC201731	NPC201731	NPT1416	1	465896	PMID
NPC201731	NPC201731	NPT178	1	465904	PMID
NPC201731	NPC201731	NPT282	2	465896;465897	PMID
NPC201731	NPC201731	NPT45	1	465897	PMID
NPC201731	NPC201731	NPT483	1	465896	PMID
NPC201731	NPC201731	NPT51	2	465896;465897	PMID
NPC201731	NPC201731	NPT539	1	465897	PMID
NPC201731	NPC201731	NPT59	1	465896	PMID
NPC201731	NPC201731	NPT60	1	465896	PMID
NPC201731	NPC201731	NPT792	1	465897	PMID
NPC201731	NPC201731	NPT93	2	465896;465897	PMID
NPC201731	NPC201731	NPT94	2	465896;465897	PMID
NPC201777	NPC201777	NPT109	1	454263	PMID
NPC201777	NPC201777	NPT208	1	454263	PMID
NPC201777	NPC201777	NPT212	1	454263	PMID
NPC201777	NPC201777	NPT213	1	454263	PMID
NPC201777	NPC201777	NPT627	1	454263	PMID
NPC201777	NPC201777	NPT628	1	454263	PMID
NPC201814	NPC201814	NPT1166	1	486857	PMID
NPC201844	NPC201844	NPT106	1	455853	PMID
NPC201844	NPC201844	NPT210	2	455844;455845	PMID
NPC201844	NPC201844	NPT4003	1	455857	PMID
NPC201844	NPC201844	NPT866	1	455853	PMID
NPC201844	NPC201844	NPT869	2	455856;455857	PMID
NPC201844	NPC201844	NPT94	1	455845	PMID
NPC201844	NPC201844	NPT99	1	455853	PMID
NPC202146	NPC202146	NPT282	1	509404	PMID
NPC202146	NPC202146	NPT46	1	509404	PMID
NPC202146	NPC202146	NPT483	1	509404	PMID
NPC202146	NPC202146	NPT792	1	509404	PMID
NPC202146	NPC202146	NPT94	1	509404	PMID
NPC20235	NPC20235	NPT178	1	512480	PMID
NPC202389	NPC202389	NPT204	1	520309	PMID
NPC202433	NPC202433	NPT78	1	538968	PMID
NPC202474	NPC202474	NPT1566	1	528720	PMID
NPC202474	NPC202474	NPT582	1	528718	PMID
NPC202605	NPC202605	NPT109	1	566570	PMID
NPC202651	NPC202651	NPT178	1	575254	PMID
NPC202666	NPC202666	NPT1137	4	494959;494963;494964;494965	PMID
NPC202666	NPC202666	NPT1138	4	494959;494963;494964;494965	PMID
NPC202666	NPC202666	NPT72	1	494967	PMID
NPC202666	NPC202666	NPT73	1	494967	PMID
NPC202768	NPC202768	NPT1416	1	451681	PMID
NPC202768	NPC202768	NPT151	1	451681	PMID
NPC202768	NPC202768	NPT48	1	451681	PMID
NPC202768	NPC202768	NPT483	1	451681	PMID
NPC202768	NPC202768	NPT51	1	451681	PMID
NPC202768	NPC202768	NPT59	1	451681	PMID
NPC202768	NPC202768	NPT93	1	451681	PMID
NPC202768	NPC202768	NPT94	1	451681	PMID
NPC202771	NPC202771	NPT109	1	468936	PMID
NPC202771	NPC202771	NPT1540	1	468945	PMID
NPC202771	NPC202771	NPT208	1	468936	PMID
NPC202771	NPC202771	NPT212	2	468936;468940	PMID
NPC202771	NPC202771	NPT213	2	468936;468940	PMID
NPC202771	NPC202771	NPT282	1	468936	PMID
NPC202771	NPC202771	NPT4037	1	468945	PMID
NPC202771	NPC202771	NPT537	1	468935	PMID
NPC202839	NPC202839	NPT5136	1	549934	PMID
NPC20287	NPC20287	NPT109	1	533926	PMID
NPC20287	NPC20287	NPT208	1	533926	PMID
NPC20287	NPC20287	NPT212	1	533926	PMID
NPC20287	NPC20287	NPT213	1	533926	PMID
NPC20287	NPC20287	NPT30	1	533916	PMID
NPC20287	NPC20287	NPT31	1	533916	PMID
NPC20287	NPC20287	NPT627	1	533926	PMID
NPC20287	NPC20287	NPT628	1	533926	PMID
NPC203005	NPC203005	NPT204	1	545091	PMID
NPC203063	NPC203063	NPT57	2	515533;515534	PMID
NPC203063	NPC203063	NPT980	2	515533;515534	PMID
NPC203076	NPC203076	NPT280	1	523843	PMID
NPC203076	NPC203076	NPT47	1	523842	PMID
NPC203076	NPC203076	NPT568	1	523843	PMID
NPC203076	NPC203076	NPT59	1	523842	PMID
NPC203076	NPC203076	NPT69	1	523843	PMID
NPC203077	NPC203077	NPT178	2	495173;495175	PMID
NPC203259	NPC203259	NPT1356	1	568495	PMID
NPC203468	NPC203468	NPT1038	1	530113	PMID
NPC203468	NPC203468	NPT1078	1	530138	PMID
NPC203468	NPC203468	NPT1157	2	530141;530148	PMID
NPC203468	NPC203468	NPT1634	1	530147	PMID
NPC203468	NPC203468	NPT210	1	530114	PMID
NPC203468	NPC203468	NPT211	1	530114	PMID
NPC203468	NPC203468	NPT2818	1	530154	PMID
NPC203468	NPC203468	NPT2961	1	530119	PMID
NPC203468	NPC203468	NPT48	1	530113	PMID
NPC203468	NPC203468	NPT483	1	530112	PMID
NPC203468	NPC203468	NPT51	1	530113	PMID
NPC203468	NPC203468	NPT58	1	530112	PMID
NPC203468	NPC203468	NPT796	1	530112	PMID
NPC203719	NPC203719	NPT151	1	484723	PMID
NPC203719	NPC203719	NPT2556	1	484728	PMID
NPC203719	NPC203719	NPT50	1	484722	PMID
NPC203719	NPC203719	NPT674	1	484706	PMID
NPC203719	NPC203719	NPT675	1	484706	PMID
NPC203719	NPC203719	NPT94	2	484722;484723	PMID
NPC203891	NPC203891	NPT51	1	527114	PMID
NPC203891	NPC203891	NPT52	1	527114	PMID
NPC203891	NPC203891	NPT967	1	527112	PMID
NPC20404	NPC20404	NPT2520	1	473653	PMID
NPC20404	NPC20404	NPT472	1	473651	PMID
NPC204210	NPC204210	NPT50	1	551292	PMID
NPC204210	NPC204210	NPT539	1	551292	PMID
NPC204251	NPC204251	NPT31	1	464974	PMID
NPC204450	NPC204450	NPT41	1	470710	PMID
NPC204617	NPC204617	NPT50	1	526889	PMID
NPC204709	NPC204709	NPT503	8	453279;453280;453281;453282;453283;453284;453287;453289	PMID
NPC204709	NPC204709	NPT5152	1	453284	PMID
NPC204717	NPC204717	NPT110	1	524807	PMID
NPC204717	NPC204717	NPT292	1	524804	PMID
NPC204717	NPC204717	NPT48	1	524806	PMID
NPC204828	NPC204828	NPT242	1	504200	PMID
NPC204867	NPC204867	NPT1197	1	491675	PMID
NPC204867	NPC204867	NPT51	1	491675	PMID
NPC204932	NPC204932	NPT10	1	478383	PMID
NPC204932	NPC204932	NPT1062	3	478377;478379;478392	PMID
NPC204932	NPC204932	NPT1063	3	478377;478379;478392	PMID
NPC204932	NPC204932	NPT109	1	478382	PMID
NPC204932	NPC204932	NPT1143	2	478377;478379	PMID
NPC204932	NPC204932	NPT1144	2	478377;478379	PMID
NPC204932	NPC204932	NPT1146	2	478377;478379	PMID
NPC204932	NPC204932	NPT14	1	478391	PMID
NPC204932	NPC204932	NPT1444	1	478408	PMID
NPC204932	NPC204932	NPT149	2	478382;478385	PMID
NPC204932	NPC204932	NPT151	2	478382;478383	PMID
NPC204932	NPC204932	NPT163	1	478382	PMID
NPC204932	NPC204932	NPT211	1	478385	PMID
NPC204932	NPC204932	NPT233	6	478375;478377;478379;478392;478404;478405	PMID
NPC204932	NPC204932	NPT280	1	478391	PMID
NPC204932	NPC204932	NPT285	1	478391	PMID
NPC204932	NPC204932	NPT47	1	478383	PMID
NPC204932	NPC204932	NPT48	1	478383	PMID
NPC204932	NPC204932	NPT483	1	478383	PMID
NPC204932	NPC204932	NPT49	1	478383	PMID
NPC204932	NPC204932	NPT50	1	478383	PMID
NPC204932	NPC204932	NPT51	1	478383	PMID
NPC204932	NPC204932	NPT537	1	478384	PMID
NPC204932	NPC204932	NPT538	1	478384	PMID
NPC204932	NPC204932	NPT58	1	478383	PMID
NPC204932	NPC204932	NPT59	1	478383	PMID
NPC204932	NPC204932	NPT792	1	478382	PMID
NPC204932	NPC204932	NPT796	1	478387	PMID
NPC204932	NPC204932	NPT864	1	478386	PMID
NPC204932	NPC204932	NPT93	1	478383	PMID
NPC204932	NPC204932	NPT94	2	478382;478383	PMID
NPC204932	NPC204932	NPT940	1	478384	PMID
NPC204932	NPC204932	NPT947	6	478375;478377;478379;478392;478404;478405	PMID
NPC204932	NPC204932	NPT948	3	478377;478379;478405	PMID
NPC204932	NPC204932	NPT949	2	478377;478379	PMID
NPC204932	NPC204932	NPT954	2	478377;478379	PMID
NPC204932	NPC204932	NPT955	2	478377;478379	PMID
NPC204932	NPC204932	NPT96	1	478382	PMID
NPC204985	NPC204985	NPT178	2	531682;531686	PMID
NPC204985	NPC204985	NPT282	1	531679	PMID
NPC204985	NPC204985	NPT51	1	531679	PMID
NPC205034	NPC205034	NPT50	1	479606	PMID
NPC205046	NPC205046	NPT178	1	545449	PMID
NPC205167	NPC205167	NPT204	1	541680	PMID
NPC205195	NPC205195	NPT182	1	542022	PMID
NPC205213	NPC205213	NPT151	1	517360	PMID
NPC205213	NPC205213	NPT1581	1	517349	PMID
NPC205213	NPC205213	NPT483	1	517360	PMID
NPC205213	NPC205213	NPT51	1	517360	PMID
NPC205213	NPC205213	NPT77	1	517339	PMID
NPC205213	NPC205213	NPT888	1	517415	PMID
NPC205213	NPC205213	NPT918	1	517371	PMID
NPC205265	NPC205265	NPT918	1	573387	PMID
NPC20535	NPC20535	NPT1546	2	558366;558380	PMID
NPC205412	NPC205412	NPT4418	1	552997	PMID
NPC205421	NPC205421	NPT109	1	572054	PMID
NPC205421	NPC205421	NPT149	1	572054	PMID
NPC205421	NPC205421	NPT208	1	572055	PMID
NPC205421	NPC205421	NPT212	1	572055	PMID
NPC205421	NPC205421	NPT48	2	572054;572055	PMID
NPC205766	NPC205766	NPT3585	1	522902	PMID
NPC205797	NPC205797	NPT59	1	532182	PMID
NPC2058	NPC2058	NPT211	1	559328	PMID
NPC205864	NPC205864	NPT31	1	523690	PMID
NPC205934	NPC205934	NPT2797	1	553142	PMID
NPC205934	NPC205934	NPT51	1	553140	PMID
NPC206061	NPC206061	NPT163	2	487509;487511	PMID
NPC206061	NPC206061	NPT3820	1	487522	PMID
NPC206061	NPC206061	NPT721	6	487509;487511;487513;487514;487520;487521	PMID
NPC206095	NPC206095	NPT178	1	518148	PMID
NPC206095	NPC206095	NPT78	1	518145	PMID
NPC20610	NPC20610	NPT1547	1	466574	PMID
NPC206148	NPC206148	NPT2854	1	526858	PMID
NPC206148	NPC206148	NPT3568	1	526858	PMID
NPC206148	NPC206148	NPT3839	1	526858	PMID
NPC206148	NPC206148	NPT3840	1	526858	PMID
NPC206148	NPC206148	NPT491	1	526845	PMID
NPC206264	NPC206264	NPT1226	1	560256	PMID
NPC206264	NPC206264	NPT149	1	560256	PMID
NPC206264	NPC206264	NPT151	1	560256	PMID
NPC206264	NPC206264	NPT277	1	560256	PMID
NPC206264	NPC206264	NPT48	1	560256	PMID
NPC206264	NPC206264	NPT94	1	560256	PMID
NPC206341	NPC206341	NPT1062	1	493853	PMID
NPC206341	NPC206341	NPT1063	1	493853	PMID
NPC206341	NPC206341	NPT1143	1	493853	PMID
NPC206341	NPC206341	NPT1144	1	493853	PMID
NPC206341	NPC206341	NPT1270	1	493851	PMID
NPC206341	NPC206341	NPT41	1	493851	PMID
NPC206341	NPC206341	NPT948	1	493853	PMID
NPC206341	NPC206341	NPT949	1	493853	PMID
NPC206341	NPC206341	NPT954	1	493853	PMID
NPC206341	NPC206341	NPT955	1	493853	PMID
NPC206372	NPC206372	NPT1785	1	458667	PMID
NPC206372	NPC206372	NPT1788	13	458663;458664;458665;458666;458667;458673;458674;458675;458676;458680;458687;458689;458699	PMID
NPC206372	NPC206372	NPT1789	12	458663;458664;458665;458666;458667;458674;458675;458676;458680;458687;458689;458699	PMID
NPC206372	NPC206372	NPT221	12	458663;458664;458665;458666;458667;458674;458675;458676;458680;458686;458687;458699	PMID
NPC206372	NPC206372	NPT222	2	458663;458667	PMID
NPC206372	NPC206372	NPT224	1	458663	PMID
NPC206372	NPC206372	NPT243	1	458667	PMID
NPC206372	NPC206372	NPT244	1	458667	PMID
NPC206372	NPC206372	NPT92	1	458667	PMID
NPC206515	NPC206515	NPT2520	1	463372	PMID
NPC206614	NPC206614	NPT99	1	548260	PMID
NPC206737	NPC206737	NPT50	1	568891	PMID
NPC206737	NPC206737	NPT524	1	568891	PMID
NPC206800	NPC206800	NPT525	1	500956	PMID
NPC206876	NPC206876	NPT1062	2	528364;528365	PMID
NPC206876	NPC206876	NPT1063	2	528364;528365	PMID
NPC206876	NPC206876	NPT233	2	528363;528365	PMID
NPC206876	NPC206876	NPT947	2	528363;528365	PMID
NPC206876	NPC206876	NPT948	1	528363	PMID
NPC206876	NPC206876	NPT949	1	528363	PMID
NPC206876	NPC206876	NPT954	1	528367	PMID
NPC206876	NPC206876	NPT955	1	528367	PMID
NPC206924	NPC206924	NPT210	1	456522	PMID
NPC206949	NPC206949	NPT261	1	537086	PMID
NPC206949	NPC206949	NPT582	1	537086	PMID
NPC207002	NPC207002	NPT204	1	529732	PMID
NPC207002	NPC207002	NPT261	3	529738;529739;529740	PMID
NPC207204	NPC207204	NPT570	1	457104	PMID
NPC207428	NPC207428	NPT149	1	494935	PMID
NPC207428	NPC207428	NPT204	2	494934;494938	PMID
NPC207428	NPC207428	NPT208	1	494935	PMID
NPC207428	NPC207428	NPT4034	1	494935	PMID
NPC207428	NPC207428	NPT439	2	494934;494938	PMID
NPC207428	NPC207428	NPT45	1	494935	PMID
NPC207428	NPC207428	NPT48	1	494935	PMID
NPC207428	NPC207428	NPT50	1	494935	PMID
NPC207428	NPC207428	NPT792	1	494935	PMID
NPC207428	NPC207428	NPT864	1	494935	PMID
NPC207428	NPC207428	NPT94	1	494935	PMID
NPC207541	NPC207541	NPT472	1	525410	PMID
NPC207554	NPC207554	NPT1038	1	502319	PMID
NPC207554	NPC207554	NPT1078	3	502330;502336;502343	PMID
NPC207554	NPC207554	NPT1197	1	502319	PMID
NPC207554	NPC207554	NPT2961	2	502340;502341	PMID
NPC207554	NPC207554	NPT31	3	502313;502324;502327	PMID
NPC207554	NPC207554	NPT483	1	502319	PMID
NPC207554	NPC207554	NPT51	1	502320	PMID
NPC207554	NPC207554	NPT537	1	502319	PMID
NPC207554	NPC207554	NPT538	1	502319	PMID
NPC207554	NPC207554	NPT570	2	502324;502336	PMID
NPC207702	NPC207702	NPT524	1	479147	PMID
NPC207729	NPC207729	NPT1166	1	493456	PMID
NPC207757	NPC207757	NPT242	1	497381	PMID
NPC207757	NPC207757	NPT243	1	497381	PMID
NPC207845	NPC207845	NPT38	1	573178	PMID
NPC20791	NPC20791	NPT1028	1	556899	PMID
NPC20791	NPC20791	NPT1038	1	556631	PMID
NPC20791	NPC20791	NPT1062	1	556577	PMID
NPC20791	NPC20791	NPT1063	1	556577	PMID
NPC20791	NPC20791	NPT1089	1	556690	PMID
NPC20791	NPC20791	NPT109	2	556624;556831	PMID
NPC20791	NPC20791	NPT1090	1	556690	PMID
NPC20791	NPC20791	NPT110	3	556632;556633;556831	PMID
NPC20791	NPC20791	NPT1119	3	556443;556624;556628	PMID
NPC20791	NPC20791	NPT1143	1	556577	PMID
NPC20791	NPC20791	NPT1144	1	556577	PMID
NPC20791	NPC20791	NPT1146	1	556577	PMID
NPC20791	NPC20791	NPT1187	1	556988	PMID
NPC20791	NPC20791	NPT1265	4	556427;556477;556721;556780	PMID
NPC20791	NPC20791	NPT13	2	556402;556540	PMID
NPC20791	NPC20791	NPT1337	1	556780	PMID
NPC20791	NPC20791	NPT1338	1	556583	PMID
NPC20791	NPC20791	NPT1371	1	556442	PMID
NPC20791	NPC20791	NPT1416	1	556626	PMID
NPC20791	NPC20791	NPT1422	4	556640;556895;556904;556912	PMID
NPC20791	NPC20791	NPT1423	1	556613	PMID
NPC20791	NPC20791	NPT1433	1	556780	PMID
NPC20791	NPC20791	NPT1434	1	556940	PMID
NPC20791	NPC20791	NPT1436	1	556780	PMID
NPC20791	NPC20791	NPT1438	1	556780	PMID
NPC20791	NPC20791	NPT1445	1	556811	PMID
NPC20791	NPC20791	NPT1449	1	556719	PMID
NPC20791	NPC20791	NPT1478	2	556780;556935	PMID
NPC20791	NPC20791	NPT149	4	556624;556632;556633;556634	PMID
NPC20791	NPC20791	NPT151	3	556625;556627;556628	PMID
NPC20791	NPC20791	NPT1551	2	556387;556392	PMID
NPC20791	NPC20791	NPT1557	1	556392	PMID
NPC20791	NPC20791	NPT1566	2	556417;556468	PMID
NPC20791	NPC20791	NPT1569	1	556421	PMID
NPC20791	NPC20791	NPT1571	2	556424;556734	PMID
NPC20791	NPC20791	NPT1575	1	556455	PMID
NPC20791	NPC20791	NPT1588	2	556522;556921	PMID
NPC20791	NPC20791	NPT1591	1	556545	PMID
NPC20791	NPC20791	NPT1592	3	556545;556787;556936	PMID
NPC20791	NPC20791	NPT1594	2	556556;556707	PMID
NPC20791	NPC20791	NPT1598	2	556562;556959	PMID
NPC20791	NPC20791	NPT1599	1	556570	PMID
NPC20791	NPC20791	NPT1603	4	556604;556651;556894;556927	PMID
NPC20791	NPC20791	NPT1604	5	556604;556651;556894;556901;556927	PMID
NPC20791	NPC20791	NPT1606	1	556612	PMID
NPC20791	NPC20791	NPT1619	1	556624	PMID
NPC20791	NPC20791	NPT1620	1	556633	PMID
NPC20791	NPC20791	NPT1627	1	556685	PMID
NPC20791	NPC20791	NPT163	1	556624	PMID
NPC20791	NPC20791	NPT1630	1	556691	PMID
NPC20791	NPC20791	NPT1634	3	556720;556892;556949	PMID
NPC20791	NPC20791	NPT1647	1	556751	PMID
NPC20791	NPC20791	NPT1650	1	556754	PMID
NPC20791	NPC20791	NPT1654	1	556772	PMID
NPC20791	NPC20791	NPT1656	1	556780	PMID
NPC20791	NPC20791	NPT1657	1	556780	PMID
NPC20791	NPC20791	NPT1658	1	556780	PMID
NPC20791	NPC20791	NPT1659	1	556780	PMID
NPC20791	NPC20791	NPT1660	1	556780	PMID
NPC20791	NPC20791	NPT1661	1	556780	PMID
NPC20791	NPC20791	NPT1663	1	556995	PMID
NPC20791	NPC20791	NPT1667	1	556810	PMID
NPC20791	NPC20791	NPT1721	1	556848	PMID
NPC20791	NPC20791	NPT178	2	556403;556476	PMID
NPC20791	NPC20791	NPT204	2	556565;556747	PMID
NPC20791	NPC20791	NPT208	3	556604;556624;556831	PMID
NPC20791	NPC20791	NPT210	3	556624;556632;556633	PMID
NPC20791	NPC20791	NPT211	1	556634	PMID
NPC20791	NPC20791	NPT212	5	556394;556632;556633;556634;556831	PMID
NPC20791	NPC20791	NPT213	3	556632;556633;556831	PMID
NPC20791	NPC20791	NPT218	1	556411	PMID
NPC20791	NPC20791	NPT233	1	556577	PMID
NPC20791	NPC20791	NPT235	1	556751	PMID
NPC20791	NPC20791	NPT237	1	556751	PMID
NPC20791	NPC20791	NPT245	1	556594	PMID
NPC20791	NPC20791	NPT261	2	556575;556902	PMID
NPC20791	NPC20791	NPT279	1	556913	PMID
NPC20791	NPC20791	NPT280	1	556690	PMID
NPC20791	NPC20791	NPT282	2	556624;556625	PMID
NPC20791	NPC20791	NPT285	3	556390;556551;556935	PMID
NPC20791	NPC20791	NPT31	1	556433	PMID
NPC20791	NPC20791	NPT3370	1	556935	PMID
NPC20791	NPC20791	NPT36	2	556551;556780	PMID
NPC20791	NPC20791	NPT41	5	556456;556523;556639;556676;556814	PMID
NPC20791	NPC20791	NPT439	2	556565;556747	PMID
NPC20791	NPC20791	NPT441	2	556596;556850	PMID
NPC20791	NPC20791	NPT45	2	556624;556635	PMID
NPC20791	NPC20791	NPT46	1	556628	PMID
NPC20791	NPC20791	NPT47	6	556624;556626;556627;556628;556629;556630	PMID
NPC20791	NPC20791	NPT48	4	556624;556625;556626;556627	PMID
NPC20791	NPC20791	NPT483	1	556626	PMID
NPC20791	NPC20791	NPT49	1	556626	PMID
NPC20791	NPC20791	NPT50	2	556628;556629	PMID
NPC20791	NPC20791	NPT51	7	556624;556625;556626;556627;556628;556629;556630	PMID
NPC20791	NPC20791	NPT539	1	556624	PMID
NPC20791	NPC20791	NPT545	1	556455	PMID
NPC20791	NPC20791	NPT567	1	556690	PMID
NPC20791	NPC20791	NPT568	1	556690	PMID
NPC20791	NPC20791	NPT570	5	556433;556435;556781;556974;556977	PMID
NPC20791	NPC20791	NPT58	3	556624;556626;556628	PMID
NPC20791	NPC20791	NPT582	2	556575;556902	PMID
NPC20791	NPC20791	NPT5886	1	556896	PMID
NPC20791	NPC20791	NPT59	1	556626	PMID
NPC20791	NPC20791	NPT591	1	556747	PMID
NPC20791	NPC20791	NPT607	1	556410	PMID
NPC20791	NPC20791	NPT628	5	556831;556883;556884;556890;556984	PMID
NPC20791	NPC20791	NPT668	1	556706	PMID
NPC20791	NPC20791	NPT670	1	556772	PMID
NPC20791	NPC20791	NPT728	1	556780	PMID
NPC20791	NPC20791	NPT740	4	556598;556747;556835;556908	PMID
NPC20791	NPC20791	NPT78	3	556855;556882;556905	PMID
NPC20791	NPC20791	NPT792	2	556443;556624	PMID
NPC20791	NPC20791	NPT796	1	556631	PMID
NPC20791	NPC20791	NPT831	2	556524;556780	PMID
NPC20791	NPC20791	NPT862	1	556791	PMID
NPC20791	NPC20791	NPT870	1	556654	PMID
NPC20791	NPC20791	NPT920	1	557010	PMID
NPC20791	NPC20791	NPT93	1	556625	PMID
NPC20791	NPC20791	NPT94	7	556624;556625;556626;556627;556628;556629;556630	PMID
NPC20791	NPC20791	NPT947	1	556577	PMID
NPC20791	NPC20791	NPT948	1	556577	PMID
NPC20791	NPC20791	NPT949	1	556577	PMID
NPC20791	NPC20791	NPT954	1	556577	PMID
NPC20791	NPC20791	NPT955	1	556577	PMID
NPC20791	NPC20791	NPT967	4	556482;556496;556807;556869	PMID
NPC208022	NPC208022	NPT1038	1	506730	PMID
NPC208022	NPC208022	NPT1224	1	506730	PMID
NPC208022	NPC208022	NPT47	1	506730	PMID
NPC208022	NPC208022	NPT48	1	506730	PMID
NPC208022	NPC208022	NPT51	1	506730	PMID
NPC208022	NPC208022	NPT537	1	506730	PMID
NPC208022	NPC208022	NPT59	1	506730	PMID
NPC208022	NPC208022	NPT798	1	506730	PMID
NPC208022	NPC208022	NPT801	1	506730	PMID
NPC208022	NPC208022	NPT802	1	506730	PMID
NPC208022	NPC208022	NPT864	1	506730	PMID
NPC208022	NPC208022	NPT94	1	506730	PMID
NPC208193	NPC208193	NPT51	1	570476	PMID
NPC208280	NPC208280	NPT1028	1	531118	PMID
NPC208280	NPC208280	NPT109	3	531017;531019;531023	PMID
NPC208280	NPC208280	NPT110	1	531019	PMID
NPC208280	NPC208280	NPT1249	1	531118	PMID
NPC208280	NPC208280	NPT1422	1	531057	PMID
NPC208280	NPC208280	NPT208	1	531019	PMID
NPC208280	NPC208280	NPT210	1	531018	PMID
NPC208280	NPC208280	NPT211	2	531017;531018	PMID
NPC208280	NPC208280	NPT212	4	531018;531019;531023;531047	PMID
NPC208280	NPC208280	NPT213	1	531019	PMID
NPC208280	NPC208280	NPT2683	1	530975	PMID
NPC208280	NPC208280	NPT3116	1	531034	PMID
NPC208280	NPC208280	NPT483	1	531017	PMID
NPC208280	NPC208280	NPT51	1	531020	PMID
NPC208280	NPC208280	NPT58	1	531016	PMID
NPC208280	NPC208280	NPT584	1	531107	PMID
NPC208280	NPC208280	NPT713	8	531058;531065;531096;531114;531115;531116;531118;531140	PMID
NPC208280	NPC208280	NPT73	1	531095	PMID
NPC208280	NPC208280	NPT796	1	531022	PMID
NPC208280	NPC208280	NPT94	1	531021	PMID
NPC208280	NPC208280	NPT98	4	530973;530992;531002;531027	PMID
NPC208280	NPC208280	NPT99	1	531127	PMID
NPC208284	NPC208284	NPT1038	1	486417	PMID
NPC208284	NPC208284	NPT1274	1	486417	PMID
NPC208284	NPC208284	NPT1416	1	486417	PMID
NPC208284	NPC208284	NPT1479	1	486413	PMID
NPC208284	NPC208284	NPT249	1	486415	PMID
NPC208284	NPC208284	NPT47	1	486417	PMID
NPC208284	NPC208284	NPT48	1	486417	PMID
NPC208284	NPC208284	NPT51	1	486417	PMID
NPC208284	NPC208284	NPT52	1	486417	PMID
NPC208284	NPC208284	NPT537	1	486417	PMID
NPC208284	NPC208284	NPT59	1	486417	PMID
NPC20829	NPC20829	NPT178	1	468082	PMID
NPC208362	NPC208362	NPT1600	1	503020	PMID
NPC208553	NPC208553	NPT10	1	471874	PMID
NPC208553	NPC208553	NPT109	1	471873	PMID
NPC208553	NPC208553	NPT14	1	471959	PMID
NPC208553	NPC208553	NPT1416	1	471874	PMID
NPC208553	NPC208553	NPT149	1	471873	PMID
NPC208553	NPC208553	NPT208	1	471873	PMID
NPC208553	NPC208553	NPT211	1	471879	PMID
NPC208553	NPC208553	NPT212	1	471873	PMID
NPC208553	NPC208553	NPT239	1	471959	PMID
NPC208553	NPC208553	NPT260	1	471959	PMID
NPC208553	NPC208553	NPT271	1	471959	PMID
NPC208553	NPC208553	NPT286	1	471959	PMID
NPC208553	NPC208553	NPT298	1	471959	PMID
NPC208553	NPC208553	NPT3320	1	472293	PMID
NPC208553	NPC208553	NPT45	1	471877	PMID
NPC208553	NPC208553	NPT46	1	471874	PMID
NPC208553	NPC208553	NPT47	1	471876	PMID
NPC208553	NPC208553	NPT483	4	471874;471875;471876;471877	PMID
NPC208553	NPC208553	NPT51	2	471873;471876	PMID
NPC208553	NPC208553	NPT5199	3	472097;472112;472625	PMID
NPC208553	NPC208553	NPT537	1	471876	PMID
NPC208553	NPC208553	NPT538	2	471876;471881	PMID
NPC208553	NPC208553	NPT539	1	471873	PMID
NPC208553	NPC208553	NPT5406	1	472330	PMID
NPC208553	NPC208553	NPT58	1	471874	PMID
NPC208553	NPC208553	NPT668	3	472024;472097;472112	PMID
NPC208553	NPC208553	NPT713	4	472022;472347;472348;472358	PMID
NPC208553	NPC208553	NPT72	1	472218	PMID
NPC208553	NPC208553	NPT73	1	472218	PMID
NPC208553	NPC208553	NPT796	1	471874	PMID
NPC208553	NPC208553	NPT93	1	471874	PMID
NPC208553	NPC208553	NPT940	1	471878	PMID
NPC208553	NPC208553	NPT96	1	471873	PMID
NPC208760	NPC208760	NPT483	1	528779	PMID
NPC208793	NPC208793	NPT1518	1	459888	PMID
NPC208793	NPC208793	NPT1519	1	459888	PMID
NPC208793	NPC208793	NPT1520	1	459888	PMID
NPC208793	NPC208793	NPT208	1	459881	PMID
NPC208793	NPC208793	NPT213	1	459881	PMID
NPC208793	NPC208793	NPT483	1	459880	PMID
NPC208793	NPC208793	NPT50	2	459881;459882	PMID
NPC208793	NPC208793	NPT58	1	459880	PMID
NPC208793	NPC208793	NPT94	2	459881;459882	PMID
NPC2088	NPC2088	NPT144	1	495523	PMID
NPC2088	NPC2088	NPT214	1	495517	PMID
NPC2088	NPC2088	NPT346	1	495516	PMID
NPC2088	NPC2088	NPT469	1	495517	PMID
NPC208806	NPC208806	NPT13	2	475443;475445	PMID
NPC208806	NPC208806	NPT3242	1	475452	PMID
NPC208806	NPC208806	NPT46	1	475450	PMID
NPC208806	NPC208806	NPT501	1	475450	PMID
NPC208806	NPC208806	NPT51	2	475449;475450	PMID
NPC208806	NPC208806	NPT94	2	475449;475450	PMID
NPC208936	NPC208936	NPT210	1	486720	PMID
NPC208936	NPC208936	NPT94	1	486720	PMID
NPC20903	NPC20903	NPT483	1	491873	PMID
NPC209278	NPC209278	NPT261	1	511951	PMID
NPC209296	NPC209296	NPT1038	1	468903	PMID
NPC209296	NPC209296	NPT59	1	468903	PMID
NPC209296	NPC209296	NPT981	1	468921	PMID
NPC209364	NPC209364	NPT1416	1	479891	PMID
NPC209364	NPC209364	NPT483	1	479891	PMID
NPC209364	NPC209364	NPT51	1	479891	PMID
NPC209364	NPC209364	NPT93	1	479891	PMID
NPC209389	NPC209389	NPT1371	1	524750	PMID
NPC209389	NPC209389	NPT155	1	524751	PMID
NPC209389	NPC209389	NPT36	1	524750	PMID
NPC209389	NPC209389	NPT50	1	524752	PMID
NPC209389	NPC209389	NPT607	1	524750	PMID
NPC209389	NPC209389	NPT94	1	524752	PMID
NPC209463	NPC209463	NPT3903	1	458771	PMID
NPC209463	NPC209463	NPT3904	1	458771	PMID
NPC209560	NPC209560	NPT109	1	558559	PMID
NPC209560	NPC209560	NPT110	1	558561	PMID
NPC209560	NPC209560	NPT149	3	558559;558560;558561	PMID
NPC209560	NPC209560	NPT151	2	558559;558560	PMID
NPC209560	NPC209560	NPT1603	1	558535	PMID
NPC209560	NPC209560	NPT1604	1	558586	PMID
NPC209560	NPC209560	NPT212	1	558561	PMID
NPC209560	NPC209560	NPT213	1	558561	PMID
NPC209560	NPC209560	NPT261	1	558595	PMID
NPC209560	NPC209560	NPT48	2	558559;558560	PMID
NPC209560	NPC209560	NPT51	1	558560	PMID
NPC209560	NPC209560	NPT539	2	558559;558560	PMID
NPC209560	NPC209560	NPT582	1	558595	PMID
NPC209560	NPC209560	NPT93	1	558560	PMID
NPC209560	NPC209560	NPT94	1	558559	PMID
NPC209614	NPC209614	NPT279	1	521665	PMID
NPC209614	NPC209614	NPT570	1	521666	PMID
NPC209666	NPC209666	NPT109	1	537287	PMID
NPC209666	NPC209666	NPT1197	1	537287	PMID
NPC209666	NPC209666	NPT483	1	537287	PMID
NPC209666	NPC209666	NPT539	1	537287	PMID
NPC209666	NPC209666	NPT93	1	537287	PMID
NPC209666	NPC209666	NPT94	1	537287	PMID
NPC209846	NPC209846	NPT41	1	508282	PMID
NPC209944	NPC209944	NPT178	1	493445	PMID
NPC209970	NPC209970	NPT106	1	532897	PMID
NPC209970	NPC209970	NPT149	1	532891	PMID
NPC209970	NPC209970	NPT178	1	532901	PMID
NPC209970	NPC209970	NPT210	1	532891	PMID
NPC209970	NPC209970	NPT50	1	532890	PMID
NPC209970	NPC209970	NPT792	1	532891	PMID
NPC209970	NPC209970	NPT866	1	532897	PMID
NPC209970	NPC209970	NPT99	1	532897	PMID
NPC210073	NPC210073	NPT2725	1	540472	PMID
NPC210073	NPC210073	NPT532	1	540472	PMID
NPC210148	NPC210148	NPT109	1	545742	PMID
NPC210148	NPC210148	NPT92	1	545742	PMID
NPC210354	NPC210354	NPT109	2	469967;469968	PMID
NPC210354	NPC210354	NPT110	1	469967	PMID
NPC210437	NPC210437	NPT1811	1	486806	PMID
NPC210437	NPC210437	NPT242	3	486802;486806;486809	PMID
NPC210437	NPC210437	NPT243	2	486806;486809	PMID
NPC210437	NPC210437	NPT244	1	486806	PMID
NPC210437	NPC210437	NPT677	1	486801	PMID
NPC210460	NPC210460	NPT1603	1	533145	PMID
NPC210460	NPC210460	NPT1604	1	533145	PMID
NPC210460	NPC210460	NPT208	1	533145	PMID
NPC210460	NPC210460	NPT51	1	533141	PMID
NPC210460	NPC210460	NPT668	1	533144	PMID
NPC210460	NPC210460	NPT740	1	533142	PMID
NPC210529	NPC210529	NPT178	1	554199	PMID
NPC210826	NPC210826	NPT178	2	499813;499816	PMID
NPC21100	NPC21100	NPT41	1	501025	PMID
NPC21100	NPC21100	NPT60	1	501024	PMID
NPC211179	NPC211179	NPT1287	1	528488	PMID
NPC211179	NPC211179	NPT232	1	528488	PMID
NPC211237	NPC211237	NPT210	1	468492	PMID
NPC211322	NPC211322	NPT204	1	491471	PMID
NPC21142	NPC21142	NPT1416	1	448696	PMID
NPC21145	NPC21145	NPT57	1	558449	PMID
NPC211453	NPC211453	NPT50	1	507114	PMID
NPC211453	NPC211453	NPT94	1	507114	PMID
NPC211468	NPC211468	NPT243	1	537158	PMID
NPC211468	NPC211468	NPT245	1	537158	PMID
NPC211561	NPC211561	NPT30	1	455749	PMID
NPC21157	NPC21157	NPT1006	1	487732	PMID
NPC211820	NPC211820	NPT1289	2	517978;517982	PMID
NPC211820	NPC211820	NPT1291	1	517980	PMID
NPC21209	NPC21209	NPT1728	1	477090	PMID
NPC21209	NPC21209	NPT1729	1	477090	PMID
NPC21211	NPC21211	NPT208	1	492359	PMID
NPC212290	NPC212290	NPT862	1	469061	PMID
NPC212415	NPC212415	NPT10	1	524677	PMID
NPC212415	NPC212415	NPT1078	4	524712;524727;524733;524740	PMID
NPC212415	NPC212415	NPT109	1	524680	PMID
NPC212415	NPC212415	NPT110	1	524680	PMID
NPC212415	NPC212415	NPT1416	1	524677	PMID
NPC212415	NPC212415	NPT163	1	524680	PMID
NPC212415	NPC212415	NPT166	1	524718	PMID
NPC212415	NPC212415	NPT203	1	524718	PMID
NPC212415	NPC212415	NPT208	1	524680	PMID
NPC212415	NPC212415	NPT211	1	524680	PMID
NPC212415	NPC212415	NPT212	1	524680	PMID
NPC212415	NPC212415	NPT213	1	524680	PMID
NPC212415	NPC212415	NPT282	2	524677;524680	PMID
NPC212415	NPC212415	NPT2936	1	524719	PMID
NPC212415	NPC212415	NPT46	2	524678;524679	PMID
NPC212415	NPC212415	NPT47	2	524677;524679	PMID
NPC212415	NPC212415	NPT48	3	524677;524686;524705	PMID
NPC212415	NPC212415	NPT483	1	524677	PMID
NPC212415	NPC212415	NPT4907	1	524701	PMID
NPC212415	NPC212415	NPT50	1	524679	PMID
NPC212415	NPC212415	NPT501	1	524677	PMID
NPC212415	NPC212415	NPT51	3	524677;524678;524679	PMID
NPC212415	NPC212415	NPT5220	1	524711	PMID
NPC212415	NPC212415	NPT537	1	524681	PMID
NPC212415	NPC212415	NPT539	1	524680	PMID
NPC212415	NPC212415	NPT58	2	524677;524678	PMID
NPC212415	NPC212415	NPT792	1	524680	PMID
NPC212415	NPC212415	NPT796	1	524682	PMID
NPC212415	NPC212415	NPT93	3	524677;524678;524679	PMID
NPC212415	NPC212415	NPT935	2	524716;524719	PMID
NPC212415	NPC212415	NPT94	2	524677;524679	PMID
NPC212415	NPC212415	NPT940	1	524681	PMID
NPC212415	NPC212415	NPT96	1	524680	PMID
NPC212551	NPC212551	NPT10	1	475507	PMID
NPC212551	NPC212551	NPT1038	1	475507	PMID
NPC212551	NPC212551	NPT1416	1	475507	PMID
NPC212551	NPC212551	NPT161	3	475511;475523;475524	PMID
NPC212551	NPC212551	NPT46	1	475507	PMID
NPC212551	NPC212551	NPT483	1	475507	PMID
NPC212551	NPC212551	NPT58	1	475507	PMID
NPC212631	NPC212631	NPT212	1	501667	PMID
NPC212631	NPC212631	NPT213	1	501667	PMID
NPC212643	NPC212643	NPT48	1	491863	PMID
NPC212643	NPC212643	NPT94	1	491863	PMID
NPC212670	NPC212670	NPT3904	1	481295	PMID
NPC212733	NPC212733	NPT178	1	533182	PMID
NPC212794	NPC212794	NPT109	1	537718	PMID
NPC212794	NPC212794	NPT110	1	537719	PMID
NPC212794	NPC212794	NPT1226	1	537718	PMID
NPC212794	NPC212794	NPT149	2	537718;537719	PMID
NPC212794	NPC212794	NPT151	1	537718	PMID
NPC212794	NPC212794	NPT212	1	537719	PMID
NPC212794	NPC212794	NPT213	1	537719	PMID
NPC212794	NPC212794	NPT277	1	537718	PMID
NPC212794	NPC212794	NPT47	1	537718	PMID
NPC212794	NPC212794	NPT48	1	537718	PMID
NPC212794	NPC212794	NPT51	1	537718	PMID
NPC212794	NPC212794	NPT539	1	537718	PMID
NPC212794	NPC212794	NPT94	1	537718	PMID
NPC212866	NPC212866	NPT1197	1	512102	PMID
NPC212866	NPC212866	NPT1416	1	512102	PMID
NPC212866	NPC212866	NPT282	1	512102	PMID
NPC212866	NPC212866	NPT51	1	512102	PMID
NPC212866	NPC212866	NPT524	1	512102	PMID
NPC212866	NPC212866	NPT537	1	512102	PMID
NPC212866	NPC212866	NPT538	1	512102	PMID
NPC212932	NPC212932	NPT1422	1	450561	PMID
NPC213	NPC213	NPT107	1	515323	PMID
NPC213	NPC213	NPT50	1	515314	PMID
NPC213	NPC213	NPT58	1	515313	PMID
NPC213	NPC213	NPT92	1	515311	PMID
NPC213	NPC213	NPT93	1	515313	PMID
NPC213	NPC213	NPT94	1	515314	PMID
NPC213	NPC213	NPT96	1	515314	PMID
NPC213052	NPC213052	NPT862	1	516638	PMID
NPC213058	NPC213058	NPT677	1	549833	PMID
NPC213178	NPC213178	NPT745	1	533563	PMID
NPC213178	NPC213178	NPT894	1	533556	PMID
NPC213178	NPC213178	NPT958	3	533554;533558;533561	PMID
NPC213197	NPC213197	NPT3101	1	458438	PMID
NPC213197	NPC213197	NPT947	1	458438	PMID
NPC213197	NPC213197	NPT948	1	458438	PMID
NPC213197	NPC213197	NPT949	1	458438	PMID
NPC213197	NPC213197	NPT955	1	458438	PMID
NPC213216	NPC213216	NPT109	1	525262	PMID
NPC213216	NPC213216	NPT110	1	525263	PMID
NPC213216	NPC213216	NPT1338	1	525261	PMID
NPC213216	NPC213216	NPT212	1	525263	PMID
NPC213216	NPC213216	NPT213	1	525263	PMID
NPC213216	NPC213216	NPT282	1	525262	PMID
NPC213216	NPC213216	NPT51	1	525262	PMID
NPC213216	NPC213216	NPT539	1	525262	PMID
NPC213222	NPC213222	NPT4166	8	10091702;10888319;16134928;30108899;33209191;33493827;9599228;9857082	PMID
NPC213222	NPC213222	NPT4170	1	23647266	PMID
NPC213222	NPC213222	NPT4409	1	21539301	PMID
NPC213222	NPC213222	NPT543	1	20966043	PMID
NPC213222	NPC213222	NPT668	1	12235265	PMID
NPC213222	NPC213222	NPT713	1	22961681	PMID
NPC213222	NPC213222	NPT73	1	14530907	PMID
NPC213222	NPC213222	NPT940	7	10843203;16134928;16185865;17350953;21978683;30015070;32324396	PMID
NPC213552	NPC213552	NPT1062	1	488845	PMID
NPC213552	NPC213552	NPT1063	1	488845	PMID
NPC213552	NPC213552	NPT1143	1	488845	PMID
NPC213552	NPC213552	NPT1144	1	488845	PMID
NPC213552	NPC213552	NPT1337	1	488846	PMID
NPC213552	NPC213552	NPT1785	1	488844	PMID
NPC213552	NPC213552	NPT948	1	488845	PMID
NPC213552	NPC213552	NPT949	1	488845	PMID
NPC213552	NPC213552	NPT954	1	488845	PMID
NPC213552	NPC213552	NPT955	1	488845	PMID
NPC213570	NPC213570	NPT208	1	506916	PMID
NPC213570	NPC213570	NPT240	2	506917;506918	PMID
NPC213603	NPC213603	NPT109	1	523696	PMID
NPC213603	NPC213603	NPT51	1	523696	PMID
NPC213603	NPC213603	NPT99	1	523698	PMID
NPC213608	NPC213608	NPT545	1	453482	PMID
NPC213761	NPC213761	NPT537	1	532789	PMID
NPC213761	NPC213761	NPT538	1	532789	PMID
NPC213896	NPC213896	NPT204	1	463052	PMID
NPC213896	NPC213896	NPT279	1	463056	PMID
NPC213896	NPC213896	NPT31	1	463057	PMID
NPC213896	NPC213896	NPT570	1	463057	PMID
NPC213936	NPC213936	NPT439	1	469522	PMID
NPC214036	NPC214036	NPT109	1	564147	PMID
NPC214036	NPC214036	NPT1282	1	564148	PMID
NPC214036	NPC214036	NPT1283	1	564148	PMID
NPC214036	NPC214036	NPT149	1	564147	PMID
NPC214036	NPC214036	NPT282	1	564147	PMID
NPC214036	NPC214036	NPT38	1	564168	PMID
NPC214036	NPC214036	NPT51	1	564147	PMID
NPC214036	NPC214036	NPT537	1	564148	PMID
NPC214036	NPC214036	NPT538	1	564148	PMID
NPC214036	NPC214036	NPT539	1	564147	PMID
NPC214036	NPC214036	NPT6255	2	564171;564174	PMID
NPC214036	NPC214036	NPT93	1	564147	PMID
NPC214036	NPC214036	NPT94	1	564147	PMID
NPC214067	NPC214067	NPT210	1	572946	PMID
NPC214067	NPC214067	NPT94	1	572946	PMID
NPC214166	NPC214166	NPT178	1	469059	PMID
NPC214289	NPC214289	NPT740	1	509945	PMID
NPC21429	NPC21429	NPT109	2	465649;465655	PMID
NPC21429	NPC21429	NPT149	1	465649	PMID
NPC21429	NPC21429	NPT1603	1	465639	PMID
NPC21429	NPC21429	NPT1604	2	465639;465664	PMID
NPC21429	NPC21429	NPT208	2	465639;465649	PMID
NPC21429	NPC21429	NPT210	1	465649	PMID
NPC21429	NPC21429	NPT211	1	465649	PMID
NPC21429	NPC21429	NPT273	1	465671	PMID
NPC21429	NPC21429	NPT30	2	465643;465660	PMID
NPC21429	NPC21429	NPT31	2	465643;465660	PMID
NPC21429	NPC21429	NPT48	1	465648	PMID
NPC21429	NPC21429	NPT483	1	465648	PMID
NPC21429	NPC21429	NPT52	1	465649	PMID
NPC21429	NPC21429	NPT537	2	465651;465652	PMID
NPC21429	NPC21429	NPT538	2	465651;465652	PMID
NPC21429	NPC21429	NPT539	1	465649	PMID
NPC21429	NPC21429	NPT58	1	465648	PMID
NPC21429	NPC21429	NPT59	1	465648	PMID
NPC21429	NPC21429	NPT796	1	465654	PMID
NPC21429	NPC21429	NPT93	1	465648	PMID
NPC21429	NPC21429	NPT94	2	465648;465650	PMID
NPC21429	NPC21429	NPT940	1	465651	PMID
NPC21429	NPC21429	NPT96	1	465649	PMID
NPC214553	NPC214553	NPT178	1	507988	PMID
NPC21461	NPC21461	NPT1770	1	570474	PMID
NPC214610	NPC214610	NPT163	1	451106	PMID
NPC214610	NPC214610	NPT210	1	451106	PMID
NPC214610	NPC214610	NPT483	2	451104;451105	PMID
NPC214610	NPC214610	NPT796	1	451107	PMID
NPC214629	NPC214629	NPT145	1	558821	PMID
NPC214702	NPC214702	NPT261	1	555944	PMID
NPC214702	NPC214702	NPT582	1	555944	PMID
NPC214919	NPC214919	NPT2680	1	570862	PMID
NPC215008	NPC215008	NPT1078	3	540422;540427;540439	PMID
NPC215008	NPC215008	NPT261	1	540429	PMID
NPC215008	NPC215008	NPT491	1	540423	PMID
NPC215008	NPC215008	NPT5	1	540440	PMID
NPC215008	NPC215008	NPT5731	1	540440	PMID
NPC215008	NPC215008	NPT582	1	540429	PMID
NPC215008	NPC215008	NPT728	1	540433	PMID
NPC215008	NPC215008	NPT755	1	540446	PMID
NPC215008	NPC215008	NPT911	1	540424	PMID
NPC215008	NPC215008	NPT920	1	540447	PMID
NPC215474	NPC215474	NPT204	1	525587	PMID
NPC215519	NPC215519	NPT208	1	507884	PMID
NPC215519	NPC215519	NPT240	2	507885;507886	PMID
NPC215584	NPC215584	NPT10	1	478175	PMID
NPC215584	NPC215584	NPT1038	2	478176;478179	PMID
NPC215584	NPC215584	NPT1044	1	478116	PMID
NPC215584	NPC215584	NPT109	2	478176;478177	PMID
NPC215584	NPC215584	NPT110	2	478177;478178	PMID
NPC215584	NPC215584	NPT1119	1	478176	PMID
NPC215584	NPC215584	NPT1226	2	478176;478177	PMID
NPC215584	NPC215584	NPT13	1	478116	PMID
NPC215584	NPC215584	NPT1416	1	478175	PMID
NPC215584	NPC215584	NPT1479	1	478106	PMID
NPC215584	NPC215584	NPT149	2	478176;478177	PMID
NPC215584	NPC215584	NPT151	2	478176;478177	PMID
NPC215584	NPC215584	NPT1603	1	478255	PMID
NPC215584	NPC215584	NPT1620	3	478176;478177;478178	PMID
NPC215584	NPC215584	NPT163	1	478176	PMID
NPC215584	NPC215584	NPT208	1	478177	PMID
NPC215584	NPC215584	NPT210	1	478178	PMID
NPC215584	NPC215584	NPT211	3	478176;478177;478178	PMID
NPC215584	NPC215584	NPT212	2	478177;478178	PMID
NPC215584	NPC215584	NPT213	2	478177;478178	PMID
NPC215584	NPC215584	NPT249	1	478130	PMID
NPC215584	NPC215584	NPT277	1	478177	PMID
NPC215584	NPC215584	NPT282	1	478176	PMID
NPC215584	NPC215584	NPT2930	2	478177;478178	PMID
NPC215584	NPC215584	NPT47	3	478175;478176;478177	PMID
NPC215584	NPC215584	NPT48	3	478175;478176;478177	PMID
NPC215584	NPC215584	NPT483	3	478175;478176;478177	PMID
NPC215584	NPC215584	NPT49	1	478175	PMID
NPC215584	NPC215584	NPT50	3	478175;478176;478177	PMID
NPC215584	NPC215584	NPT51	2	478175;478176	PMID
NPC215584	NPC215584	NPT5232	1	478176	PMID
NPC215584	NPC215584	NPT537	1	478180	PMID
NPC215584	NPC215584	NPT538	2	478176;478180	PMID
NPC215584	NPC215584	NPT539	2	478176;478177	PMID
NPC215584	NPC215584	NPT58	1	478175	PMID
NPC215584	NPC215584	NPT59	2	478175;478176	PMID
NPC215584	NPC215584	NPT60	1	478175	PMID
NPC215584	NPC215584	NPT796	1	478179	PMID
NPC215584	NPC215584	NPT93	3	478175;478176;478177	PMID
NPC215584	NPC215584	NPT94	3	478175;478176;478177	PMID
NPC215584	NPC215584	NPT940	1	478180	PMID
NPC215584	NPC215584	NPT96	1	478176	PMID
NPC215711	NPC215711	NPT3442	1	495744	PMID
NPC215711	NPC215711	NPT721	1	495743	PMID
NPC215932	NPC215932	NPT1422	1	501752	PMID
NPC215932	NPC215932	NPT668	2	501752;501754	PMID
NPC216092	NPC216092	NPT109	1	529303	PMID
NPC216092	NPC216092	NPT151	1	529303	PMID
NPC216092	NPC216092	NPT48	1	529303	PMID
NPC216092	NPC216092	NPT50	1	529303	PMID
NPC216092	NPC216092	NPT740	1	529305	PMID
NPC216092	NPC216092	NPT792	1	529303	PMID
NPC216092	NPC216092	NPT94	1	529303	PMID
NPC216122	NPC216122	NPT210	1	570501	PMID
NPC216122	NPC216122	NPT277	1	570501	PMID
NPC216122	NPC216122	NPT93	1	570501	PMID
NPC216130	NPC216130	NPT483	1	523489	PMID
NPC216159	NPC216159	NPT3078	1	482997	PMID
NPC216318	NPC216318	NPT1038	1	481538	PMID
NPC216318	NPC216318	NPT1224	1	481538	PMID
NPC216318	NPC216318	NPT4407	1	481540	PMID
NPC216318	NPC216318	NPT47	1	481538	PMID
NPC216318	NPC216318	NPT48	1	481538	PMID
NPC216318	NPC216318	NPT49	1	481538	PMID
NPC216318	NPC216318	NPT50	1	481538	PMID
NPC216318	NPC216318	NPT51	1	481538	PMID
NPC216318	NPC216318	NPT52	1	481538	PMID
NPC216318	NPC216318	NPT57	1	481538	PMID
NPC216318	NPC216318	NPT58	1	481538	PMID
NPC216318	NPC216318	NPT59	1	481538	PMID
NPC216318	NPC216318	NPT60	1	481538	PMID
NPC216318	NPC216318	NPT798	1	481538	PMID
NPC216318	NPC216318	NPT801	1	481538	PMID
NPC216318	NPC216318	NPT802	1	481538	PMID
NPC216318	NPC216318	NPT864	1	481538	PMID
NPC216361	NPC216361	NPT1038	1	485889	PMID
NPC216361	NPC216361	NPT109	1	485888	PMID
NPC216361	NPC216361	NPT1226	1	485888	PMID
NPC216361	NPC216361	NPT1385	1	485931	PMID
NPC216361	NPC216361	NPT1422	1	485892	PMID
NPC216361	NPC216361	NPT1449	1	485907	PMID
NPC216361	NPC216361	NPT149	2	485888;485891	PMID
NPC216361	NPC216361	NPT151	2	485885;485887	PMID
NPC216361	NPC216361	NPT1566	1	485859	PMID
NPC216361	NPC216361	NPT1627	1	485900	PMID
NPC216361	NPC216361	NPT163	1	485888	PMID
NPC216361	NPC216361	NPT1663	1	485930	PMID
NPC216361	NPC216361	NPT1670	1	485936	PMID
NPC216361	NPC216361	NPT1721	1	485915	PMID
NPC216361	NPC216361	NPT212	1	485891	PMID
NPC216361	NPC216361	NPT218	1	485857	PMID
NPC216361	NPC216361	NPT248	1	485888	PMID
NPC216361	NPC216361	NPT2715	1	485917	PMID
NPC216361	NPC216361	NPT277	1	485888	PMID
NPC216361	NPC216361	NPT45	1	485890	PMID
NPC216361	NPC216361	NPT47	4	485885;485886;485887;485888	PMID
NPC216361	NPC216361	NPT48	4	485885;485886;485887;485888	PMID
NPC216361	NPC216361	NPT49	1	485885	PMID
NPC216361	NPC216361	NPT50	1	485887	PMID
NPC216361	NPC216361	NPT51	4	485885;485886;485887;485888	PMID
NPC216361	NPC216361	NPT5234	1	485864	PMID
NPC216361	NPC216361	NPT539	1	485888	PMID
NPC216361	NPC216361	NPT57	1	485888	PMID
NPC216361	NPC216361	NPT58	1	485885	PMID
NPC216361	NPC216361	NPT59	2	485885;485888	PMID
NPC216361	NPC216361	NPT60	1	485888	PMID
NPC216361	NPC216361	NPT740	2	485893;485911	PMID
NPC216361	NPC216361	NPT78	2	485918;485934	PMID
NPC216361	NPC216361	NPT792	1	485888	PMID
NPC216361	NPC216361	NPT831	1	485879	PMID
NPC216361	NPC216361	NPT94	1	485886	PMID
NPC216361	NPC216361	NPT96	1	485888	PMID
NPC216361	NPC216361	NPT967	1	485872	PMID
NPC21638	NPC21638	NPT282	1	458848	PMID
NPC21638	NPC21638	NPT48	1	458848	PMID
NPC21638	NPC21638	NPT51	1	458848	PMID
NPC21638	NPC21638	NPT94	1	458848	PMID
NPC216420	NPC216420	NPT1794	1	538424	PMID
NPC216459	NPC216459	NPT1788	1	559528	PMID
NPC216459	NPC216459	NPT1811	1	559529	PMID
NPC216459	NPC216459	NPT242	2	559527;559529	PMID
NPC216459	NPC216459	NPT243	2	559527;559529	PMID
NPC216459	NPC216459	NPT244	1	559529	PMID
NPC216459	NPC216459	NPT245	1	559529	PMID
NPC216496	NPC216496	NPT109	1	462928	PMID
NPC216630	NPC216630	NPT106	1	557306	PMID
NPC216630	NPC216630	NPT142	2	557282;557285	PMID
NPC216630	NPC216630	NPT178	1	557327	PMID
NPC216630	NPC216630	NPT4001	1	557282	PMID
NPC216630	NPC216630	NPT5155	1	557282	PMID
NPC216630	NPC216630	NPT5235	2	557282;557285	PMID
NPC216630	NPC216630	NPT5236	1	557283	PMID
NPC216630	NPC216630	NPT866	2	557306;557331	PMID
NPC216630	NPC216630	NPT99	1	557306	PMID
NPC216826	NPC216826	NPT38	1	527122	PMID
NPC216921	NPC216921	NPT109	1	521625	PMID
NPC216921	NPC216921	NPT1896	1	521626	PMID
NPC216921	NPC216921	NPT5108	1	521626	PMID
NPC21696	NPC21696	NPT178	1	32196343	PMID
NPC217052	NPC217052	NPT149	1	568530	PMID
NPC217052	NPC217052	NPT50	1	568530	PMID
NPC217052	NPC217052	NPT539	1	568530	PMID
NPC217052	NPC217052	NPT792	1	568530	PMID
NPC217083	NPC217083	NPT204	1	509408	PMID
NPC217083	NPC217083	NPT439	1	509408	PMID
NPC217083	NPC217083	NPT740	1	509407	PMID
NPC217176	NPC217176	NPT48	1	564741	PMID
NPC217226	NPC217226	NPT94	1	572648	PMID
NPC2173	NPC2173	NPT713	1	524910	PMID
NPC217574	NPC217574	NPT582	1	570940	PMID
NPC217602	NPC217602	NPT38	1	537954	PMID
NPC217635	NPC217635	NPT684	1	504767	PMID
NPC21773	NPC21773	NPT204	1	514243	PMID
NPC217748	NPC217748	NPT30	1	567435	PMID
NPC217748	NPC217748	NPT60	1	567437	PMID
NPC21781	NPC21781	NPT204	1	574108	PMID
NPC21781	NPC21781	NPT439	1	574108	PMID
NPC218161	NPC218161	NPT1062	1	469959	PMID
NPC218161	NPC218161	NPT233	1	469959	PMID
NPC218161	NPC218161	NPT949	1	469959	PMID
NPC218161	NPC218161	NPT955	1	469959	PMID
NPC218303	NPC218303	NPT3114	1	487577	PMID
NPC218357	NPC218357	NPT210	1	564990	PMID
NPC218357	NPC218357	NPT93	1	564990	PMID
NPC21848	NPC21848	NPT280	1	470982	PMID
NPC218530	NPC218530	NPT109	2	469559;469561	PMID
NPC218530	NPC218530	NPT110	2	469561;469562	PMID
NPC218530	NPC218530	NPT1416	1	469558	PMID
NPC218530	NPC218530	NPT208	1	469561	PMID
NPC218530	NPC218530	NPT210	1	469561	PMID
NPC218530	NPC218530	NPT212	2	469561;469562	PMID
NPC218530	NPC218530	NPT213	2	469561;469562	PMID
NPC218530	NPC218530	NPT58	1	469558	PMID
NPC218530	NPC218530	NPT59	1	469558	PMID
NPC218530	NPC218530	NPT796	1	469563	PMID
NPC218614	NPC218614	NPT3504	1	529905	PMID
NPC218753	NPC218753	NPT1287	1	569819	PMID
NPC218753	NPC218753	NPT232	1	569819	PMID
NPC218866	NPC218866	NPT862	1	456528	PMID
NPC219143	NPC219143	NPT1006	1	510005	PMID
NPC219143	NPC219143	NPT208	1	510002	PMID
NPC219143	NPC219143	NPT48	2	510002;510003	PMID
NPC219246	NPC219246	NPT606	1	500776	PMID
NPC219313	NPC219313	NPT218	1	481415	PMID
NPC219330	NPC219330	NPT668	1	521575	PMID
NPC219848	NPC219848	NPT94	1	476616	PMID
NPC219867	NPC219867	NPT1214	1	539054	PMID
NPC219867	NPC219867	NPT2584	1	539054	PMID
NPC219876	NPC219876	NPT1416	1	538135	PMID
NPC219876	NPC219876	NPT149	1	538138	PMID
NPC219876	NPC219876	NPT30	2	538114;538121	PMID
NPC219876	NPC219876	NPT31	2	538114;538121	PMID
NPC219876	NPC219876	NPT47	1	538135	PMID
NPC219876	NPC219876	NPT48	2	538135;538136	PMID
NPC219876	NPC219876	NPT49	1	538135	PMID
NPC219876	NPC219876	NPT51	1	538135	PMID
NPC219876	NPC219876	NPT58	1	538135	PMID
NPC219876	NPC219876	NPT59	1	538135	PMID
NPC219876	NPC219876	NPT670	1	538155	PMID
NPC219876	NPC219876	NPT740	1	538103	PMID
NPC219876	NPC219876	NPT796	1	538137	PMID
NPC219876	NPC219876	NPT93	1	538135	PMID
NPC219876	NPC219876	NPT94	1	538135	PMID
NPC219913	NPC219913	NPT674	1	447811	PMID
NPC219913	NPC219913	NPT675	1	447811	PMID
NPC22005	NPC22005	NPT1422	1	548435	PMID
NPC220062	NPC220062	NPT108	1	536505	PMID
NPC220062	NPC220062	NPT1464	1	536504	PMID
NPC220062	NPC220062	NPT248	1	536505	PMID
NPC220062	NPC220062	NPT273	1	536501	PMID
NPC220140	NPC220140	NPT109	1	523273	PMID
NPC220140	NPC220140	NPT151	1	523273	PMID
NPC220140	NPC220140	NPT346	1	523272	PMID
NPC220140	NPC220140	NPT94	1	523273	PMID
NPC220217	NPC220217	NPT537	1	448897	PMID
NPC220221	NPC220221	NPT109	1	458469	PMID
NPC220313	NPC220313	NPT1214	1	528274	PMID
NPC220313	NPC220313	NPT2584	1	528274	PMID
NPC220498	NPC220498	NPT1896	2	473832;473833	PMID
NPC220498	NPC220498	NPT721	1	473838	PMID
NPC220540	NPC220540	NPT233	1	454378	PMID
NPC220540	NPC220540	NPT947	1	454378	PMID
NPC220547	NPC220547	NPT713	1	22961681	PMID
NPC220582	NPC220582	NPT211	2	508308;508309	PMID
NPC220596	NPC220596	NPT3174	1	521863	PMID
NPC220765	NPC220765	NPT109	2	494013;494015	PMID
NPC220765	NPC220765	NPT110	1	494014	PMID
NPC220765	NPC220765	NPT1784	10	493886;493953;493980;493991;494022;494060;494061;494080;494086;494088	PMID
NPC220765	NPC220765	NPT1785	23	493886;493915;493980;493981;493983;493991;494022;494060;494061;494068;494070;494071;494074;494080;494083;494086;494088;494094;494095;494102;494103;494113;494118	PMID
NPC220765	NPC220765	NPT208	2	494013;494014	PMID
NPC220765	NPC220765	NPT210	1	494013	PMID
NPC220765	NPC220765	NPT212	1	494014	PMID
NPC220765	NPC220765	NPT243	1	493920	PMID
NPC220765	NPC220765	NPT244	1	493934	PMID
NPC220765	NPC220765	NPT2776	2	493936;494064	PMID
NPC220765	NPC220765	NPT290	28	493895;493897;493915;493917;493955;493956;493967;493968;493974;493976;493987;493988;494032;494054;494058;494059;494075;494076;494085;494087;494090;494096;494100;494105;494116;494117;494122;494125	PMID
NPC220765	NPC220765	NPT291	18	493895;493917;493955;493956;493967;493968;493974;494002;494032;494059;494065;494075;494090;494097;494105;494110;494120;494122	PMID
NPC220765	NPC220765	NPT292	25	493894;493895;493896;493915;493917;493955;493956;493967;493968;493974;493987;493988;494002;494029;494032;494054;494059;494075;494076;494087;494090;494105;494109;494117;494122	PMID
NPC220765	NPC220765	NPT294	20	493886;493889;493905;493915;493951;493980;493991;494005;494022;494050;494060;494061;494070;494074;494080;494081;494086;494088;494100;494125	PMID
NPC220765	NPC220765	NPT4011	5	493970;493982;493988;493997;494104	PMID
NPC220765	NPC220765	NPT425	2	493961;494016	PMID
NPC220765	NPC220765	NPT47	1	494012	PMID
NPC220765	NPC220765	NPT5256	1	493942	PMID
NPC220765	NPC220765	NPT92	42	493897;493904;493908;493911;493915;493917;493922;493932;493945;493954;493957;493962;493978;494000;494003;494009;494034;494055;494058;494063;494072;494073;494077;494085;494091;494092;494093;494094;494097;494099;494100;494101;494102;494107;494108;494111;494112;494113;494117;494121;494124;494125	PMID
NPC220765	NPC220765	NPT973	15	493896;493897;493904;493908;493912;493915;493932;493945;493947;493977;493980;493991;494022;494060;494061	PMID
NPC220765	NPC220765	NPT974	10	493896;493897;493904;493908;493912;493921;493922;493932;493936;493977	PMID
NPC22079	NPC22079	NPT1784	1	573397	PMID
NPC22079	NPC22079	NPT1785	1	573397	PMID
NPC22079	NPC22079	NPT1791	1	573397	PMID
NPC22079	NPC22079	NPT226	1	573399	PMID
NPC22079	NPC22079	NPT292	1	573397	PMID
NPC22079	NPC22079	NPT294	1	573397	PMID
NPC22079	NPC22079	NPT48	1	573399	PMID
NPC22079	NPC22079	NPT51	1	573399	PMID
NPC22079	NPC22079	NPT59	1	573399	PMID
NPC220825	NPC220825	NPT1187	1	505215	PMID
NPC220825	NPC220825	NPT1274	2	505216;505220	PMID
NPC220825	NPC220825	NPT1287	1	505214	PMID
NPC220825	NPC220825	NPT232	1	505214	PMID
NPC220825	NPC220825	NPT920	1	505218	PMID
NPC220922	NPC220922	NPT483	1	465293	PMID
NPC220922	NPC220922	NPT61	1	465292	PMID
NPC220974	NPC220974	NPT670	1	463810	PMID
NPC221046	NPC221046	NPT204	1	458854	PMID
NPC22105	NPC22105	NPT103	2	463324;463325	PMID
NPC221144	NPC221144	NPT2536	1	545611	PMID
NPC221231	NPC221231	NPT178	1	477018	PMID
NPC22130	NPC22130	NPT1197	1	550012	PMID
NPC22130	NPC22130	NPT1416	1	550012	PMID
NPC22130	NPC22130	NPT151	1	550012	PMID
NPC22130	NPC22130	NPT48	1	550012	PMID
NPC22130	NPC22130	NPT483	1	550012	PMID
NPC22130	NPC22130	NPT51	1	550012	PMID
NPC22130	NPC22130	NPT94	1	550012	PMID
NPC221383	NPC221383	NPT280	1	475912	PMID
NPC221432	NPC221432	NPT178	1	557220	PMID
NPC221432	NPC221432	NPT441	1	557216	PMID
NPC221758	NPC221758	NPT483	1	475719	PMID
NPC221758	NPC221758	NPT894	1	475704	PMID
NPC221758	NPC221758	NPT905	1	475727	PMID
NPC221777	NPC221777	NPT178	1	490219	PMID
NPC221792	NPC221792	NPT178	1	490628	PMID
NPC221868	NPC221868	NPT178	1	548333	PMID
NPC222078	NPC222078	NPT109	1	507872	PMID
NPC222185	NPC222185	NPT668	1	523729	PMID
NPC222327	NPC222327	NPT1519	1	455122	PMID
NPC222341	NPC222341	NPT178	1	510142	PMID
NPC222342	NPC222342	NPT1338	1	476546	PMID
NPC222342	NPC222342	NPT3971	1	476548	PMID
NPC222534	NPC222534	NPT109	3	12699389;19933795;22205779	PMID
NPC222534	NPC222534	NPT1249	1	23956101	PMID
NPC222534	NPC222534	NPT1422	3	11437380;18678495;31465686	PMID
NPC222534	NPC222534	NPT1594	11	18707884;23851114;24184213;27148793;28471656;28841513;30390439;31465686;32787102;33454462;7961706	PMID
NPC222534	NPC222534	NPT212	1	19933795	PMID
NPC222534	NPC222534	NPT213	1	19933795	PMID
NPC222534	NPC222534	NPT284	1	12593646	PMID
NPC222534	NPC222534	NPT4166	1	9857082	PMID
NPC222534	NPC222534	NPT4171	1	7473543	PMID
NPC222534	NPC222534	NPT4371	1	10794694	PMID
NPC222534	NPC222534	NPT5887	17	10.1039/C1MD00227A;14643337;15357990;18212100;19691347;19734911;19933795;20943390;21396746;21963115;23964991;24900244;26564266;26613291;28075591;7650689;7966126	DOI;PMID
NPC222534	NPC222534	NPT612	6	10421658;10570049;12134946;18707884;23956101;27393949	PMID
NPC222534	NPC222534	NPT622	1	22541068	PMID
NPC222534	NPC222534	NPT668	41	10.1039/C1MD00227A;10198227;10820137;10891114;11716514;11784143;11961113;12134945;12361387;12636153;12699389;17664327;17890094;17936633;18083034;18257545;18524592;18678495;18707884;19250834;21341745;22452412;23851114;24171478;24184213;24900226;25855895;25985195;27100033;27148793;27280693;27676469;28471656;28841513;30390439;30925062;31465686;32787102;33454462;7514263;9914792	DOI;PMID
NPC222534	NPC222534	NPT713	8	12404239;12739759;20829430;21965623;22961681;23956101;24799086;32511920	PMID
NPC222534	NPC222534	NPT72	1	22541068	PMID
NPC222534	NPC222534	NPT73	5	12538813;14530907;22541068;22587986;33369415	PMID
NPC222534	NPC222534	NPT748	1	10565843	PMID
NPC222534	NPC222534	NPT754	1	9458785	PMID
NPC222689	NPC222689	NPT441	1	521697	PMID
NPC222713	NPC222713	NPT178	1	570831	PMID
NPC222713	NPC222713	NPT4717	1	570833	PMID
NPC223004	NPC223004	NPT233	1	519099	PMID
NPC223004	NPC223004	NPT947	1	519099	PMID
NPC223004	NPC223004	NPT948	1	519099	PMID
NPC223004	NPC223004	NPT949	1	519099	PMID
NPC223004	NPC223004	NPT954	1	519099	PMID
NPC223004	NPC223004	NPT955	1	519099	PMID
NPC223125	NPC223125	NPT1044	1	474418	PMID
NPC223125	NPC223125	NPT143	1	474418	PMID
NPC223125	NPC223125	NPT204	1	474413	PMID
NPC223169	NPC223169	NPT5270	1	501426	PMID
NPC223336	NPC223336	NPT537	1	504059	PMID
NPC223336	NPC223336	NPT538	1	504059	PMID
NPC223336	NPC223336	NPT93	1	504059	PMID
NPC223354	NPC223354	NPT109	1	514125	PMID
NPC223354	NPC223354	NPT149	1	514125	PMID
NPC223354	NPC223354	NPT48	1	514125	PMID
NPC223354	NPC223354	NPT537	1	514126	PMID
NPC223354	NPC223354	NPT538	1	514126	PMID
NPC223354	NPC223354	NPT94	1	514126	PMID
NPC223386	NPC223386	NPT6631	1	492825	PMID
NPC223393	NPC223393	NPT13	1	567259	PMID
NPC223424	NPC223424	NPT1356	1	504334	PMID
NPC223451	NPC223451	NPT30	1	497591	PMID
NPC223451	NPC223451	NPT31	1	497591	PMID
NPC223468	NPC223468	NPT346	2	502525;502545	PMID
NPC223468	NPC223468	NPT5259	2	502527;502542	PMID
NPC223476	NPC223476	NPT741	1	543272	PMID
NPC223548	NPC223548	NPT78	1	547507	PMID
NPC223616	NPC223616	NPT211	1	542410	PMID
NPC223812	NPC223812	NPT5052	1	549072	PMID
NPC223812	NPC223812	NPT640	1	549066	PMID
NPC223812	NPC223812	NPT641	1	549066	PMID
NPC223812	NPC223812	NPT740	1	549068	PMID
NPC223988	NPC223988	NPT178	1	567228	PMID
NPC224165	NPC224165	NPT48	1	497142	PMID
NPC224165	NPC224165	NPT740	1	497143	PMID
NPC224270	NPC224270	NPT918	1	524247	PMID
NPC224273	NPC224273	NPT410	1	505648	PMID
NPC224389	NPC224389	NPT1270	1	548447	PMID
NPC224389	NPC224389	NPT178	1	548454	PMID
NPC224389	NPC224389	NPT41	1	548447	PMID
NPC224389	NPC224389	NPT78	1	548448	PMID
NPC224475	NPC224475	NPT48	1	533862	PMID
NPC224543	NPC224543	NPT48	1	564325	PMID
NPC224632	NPC224632	NPT2562	1	557368	PMID
NPC224632	NPC224632	NPT48	1	557370	PMID
NPC224632	NPC224632	NPT948	1	557372	PMID
NPC224632	NPC224632	NPT949	1	557372	PMID
NPC224651	NPC224651	NPT1510	1	558348	PMID
NPC224651	NPC224651	NPT210	1	558343	PMID
NPC224651	NPC224651	NPT2883	2	558339;558347	PMID
NPC224652	NPC224652	NPT441	1	516776	PMID
NPC224774	NPC224774	NPT272	1	526078	PMID
NPC224774	NPC224774	NPT48	1	526079	PMID
NPC224814	NPC224814	NPT110	1	495995	PMID
NPC224814	NPC224814	NPT1137	1	496007	PMID
NPC224814	NPC224814	NPT152	2	496009;496013	PMID
NPC224814	NPC224814	NPT208	1	495995	PMID
NPC224814	NPC224814	NPT38	1	496009	PMID
NPC224814	NPC224814	NPT570	1	496009	PMID
NPC225049	NPC225049	NPT5282	1	566527	PMID
NPC225312	NPC225312	NPT862	1	553326	PMID
NPC225434	NPC225434	NPT862	1	453225	PMID
NPC225464	NPC225464	NPT108	1	529546	PMID
NPC225464	NPC225464	NPT109	1	529541	PMID
NPC225464	NPC225464	NPT248	1	529546	PMID
NPC225464	NPC225464	NPT94	1	529541	PMID
NPC225539	NPC225539	NPT282	1	485843	PMID
NPC225539	NPC225539	NPT50	1	485843	PMID
NPC225585	NPC225585	NPT178	1	546029	PMID
NPC225710	NPC225710	NPT1062	1	537805	PMID
NPC225710	NPC225710	NPT1063	1	537805	PMID
NPC225710	NPC225710	NPT1143	1	537805	PMID
NPC225710	NPC225710	NPT1144	1	537805	PMID
NPC225710	NPC225710	NPT1146	1	537805	PMID
NPC225710	NPC225710	NPT1166	1	537773	PMID
NPC225710	NPC225710	NPT1187	1	537898	PMID
NPC225710	NPC225710	NPT1224	1	537811	PMID
NPC225710	NPC225710	NPT149	1	537810	PMID
NPC225710	NPC225710	NPT151	1	537811	PMID
NPC225710	NPC225710	NPT1592	1	537882	PMID
NPC225710	NPC225710	NPT233	1	537805	PMID
NPC225710	NPC225710	NPT282	2	537810;537811	PMID
NPC225710	NPC225710	NPT3017	1	537769	PMID
NPC225710	NPC225710	NPT3018	1	537769	PMID
NPC225710	NPC225710	NPT48	1	537811	PMID
NPC225710	NPC225710	NPT483	1	537810	PMID
NPC225710	NPC225710	NPT50	2	537810;537811	PMID
NPC225710	NPC225710	NPT51	1	537811	PMID
NPC225710	NPC225710	NPT5283	1	537868	PMID
NPC225710	NPC225710	NPT5284	1	537868	PMID
NPC225710	NPC225710	NPT539	1	537810	PMID
NPC225710	NPC225710	NPT920	1	537903	PMID
NPC225710	NPC225710	NPT93	1	537811	PMID
NPC225710	NPC225710	NPT94	2	537810;537811	PMID
NPC225710	NPC225710	NPT947	1	537805	PMID
NPC225710	NPC225710	NPT948	1	537805	PMID
NPC225710	NPC225710	NPT949	1	537805	PMID
NPC225710	NPC225710	NPT954	1	537805	PMID
NPC225710	NPC225710	NPT955	1	537805	PMID
NPC225731	NPC225731	NPT2266	1	493490	PMID
NPC225884	NPC225884	NPT956	1	545065	PMID
NPC226066	NPC226066	NPT109	1	496721	PMID
NPC226066	NPC226066	NPT149	1	496721	PMID
NPC226066	NPC226066	NPT151	1	496722	PMID
NPC226066	NPC226066	NPT50	1	496721	PMID
NPC226066	NPC226066	NPT51	2	496723;496724	PMID
NPC226066	NPC226066	NPT72	1	496727	PMID
NPC226066	NPC226066	NPT73	1	496727	PMID
NPC226066	NPC226066	NPT94	3	496721;496723;496724	PMID
NPC22611	NPC22611	NPT410	1	526709	PMID
NPC226143	NPC226143	NPT151	1	526278	PMID
NPC226143	NPC226143	NPT51	1	526278	PMID
NPC226143	NPC226143	NPT94	1	526278	PMID
NPC226226	NPC226226	NPT50	1	488134	PMID
NPC226226	NPC226226	NPT93	1	488135	PMID
NPC226250	NPC226250	NPT77	1	466036	PMID
NPC226250	NPC226250	NPT78	1	466039	PMID
NPC226265	NPC226265	NPT1006	1	467986	PMID
NPC226265	NPC226265	NPT483	1	467982	PMID
NPC226265	NPC226265	NPT58	1	467983	PMID
NPC226331	NPC226331	NPT1566	1	481391	PMID
NPC226331	NPC226331	NPT1592	1	481393	PMID
NPC226331	NPC226331	NPT920	1	481394	PMID
NPC226453	NPC226453	NPT163	1	449821	PMID
NPC226453	NPC226453	NPT208	1	449821	PMID
NPC226453	NPC226453	NPT210	1	449822	PMID
NPC226453	NPC226453	NPT213	1	449821	PMID
NPC226453	NPC226453	NPT49	1	449823	PMID
NPC226453	NPC226453	NPT501	1	449823	PMID
NPC226509	NPC226509	NPT204	1	575718	PMID
NPC226509	NPC226509	NPT439	1	575717	PMID
NPC226547	NPC226547	NPT109	1	556368	PMID
NPC226547	NPC226547	NPT110	1	556368	PMID
NPC226578	NPC226578	NPT38	1	502204	PMID
NPC226644	NPC226644	NPT178	1	549675	PMID
NPC226699	NPC226699	NPT674	1	484860	PMID
NPC226699	NPC226699	NPT675	1	484860	PMID
NPC226699	NPC226699	NPT958	1	484861	PMID
NPC226712	NPC226712	NPT50	1	573659	PMID
NPC226794	NPC226794	NPT149	1	545548	PMID
NPC226794	NPC226794	NPT94	1	545548	PMID
NPC226809	NPC226809	NPT280	1	497153	PMID
NPC226809	NPC226809	NPT568	1	497153	PMID
NPC226855	NPC226855	NPT233	1	464596	PMID
NPC226855	NPC226855	NPT947	1	464596	PMID
NPC226855	NPC226855	NPT948	1	464596	PMID
NPC226855	NPC226855	NPT949	1	464596	PMID
NPC226855	NPC226855	NPT954	1	464596	PMID
NPC226855	NPC226855	NPT955	1	464596	PMID
NPC226941	NPC226941	NPT10	1	460465	PMID
NPC226941	NPC226941	NPT109	1	460469	PMID
NPC226941	NPC226941	NPT110	1	460469	PMID
NPC226941	NPC226941	NPT1265	1	460658	PMID
NPC226941	NPC226941	NPT1283	1	460561	PMID
NPC226941	NPC226941	NPT1416	1	460465	PMID
NPC226941	NPC226941	NPT1546	1	460537	PMID
NPC226941	NPC226941	NPT1834	1	460469	PMID
NPC226941	NPC226941	NPT208	1	460469	PMID
NPC226941	NPC226941	NPT210	2	460463;460464	PMID
NPC226941	NPC226941	NPT212	1	460469	PMID
NPC226941	NPC226941	NPT213	1	460469	PMID
NPC226941	NPC226941	NPT277	1	460464	PMID
NPC226941	NPC226941	NPT483	2	460465;460466	PMID
NPC226941	NPC226941	NPT537	2	460467;460468	PMID
NPC226941	NPC226941	NPT539	1	460469	PMID
NPC226941	NPC226941	NPT6402	2	460663;460691	PMID
NPC226941	NPC226941	NPT713	1	460653	PMID
NPC226941	NPC226941	NPT96	1	460469	PMID
NPC226944	NPC226944	NPT497	1	488217	PMID
NPC227579	NPC227579	NPT178	1	468344	PMID
NPC227622	NPC227622	NPT109	3	516922;516977;517008	PMID
NPC227622	NPC227622	NPT1604	1	517269	PMID
NPC227622	NPC227622	NPT2742	1	517302	PMID
NPC227622	NPC227622	NPT5301	6	516908;516915;516977;516995;517057;517170	PMID
NPC227622	NPC227622	NPT668	2	516922;517191	PMID
NPC227622	NPC227622	NPT98	2	516926;517011	PMID
NPC227683	NPC227683	NPT204	1	557269	PMID
NPC22774	NPC22774	NPT46	1	541618	PMID
NPC22774	NPC22774	NPT503	3	541610;541612;541613	PMID
NPC22774	NPC22774	NPT505	1	541613	PMID
NPC22774	NPC22774	NPT60	1	541618	PMID
NPC227814	NPC227814	NPT109	1	512141	PMID
NPC22783	NPC22783	NPT13	1	449406	PMID
NPC22783	NPC22783	NPT48	1	449412	PMID
NPC22783	NPC22783	NPT50	1	449412	PMID
NPC22783	NPC22783	NPT537	1	449412	PMID
NPC22783	NPC22783	NPT538	1	449412	PMID
NPC22783	NPC22783	NPT588	1	449416	PMID
NPC22783	NPC22783	NPT59	1	449412	PMID
NPC22783	NPC22783	NPT93	1	449412	PMID
NPC227841	NPC227841	NPT109	1	450868	PMID
NPC227841	NPC227841	NPT1119	1	450869	PMID
NPC227841	NPC227841	NPT151	1	450869	PMID
NPC227841	NPC227841	NPT244	1	450868	PMID
NPC227841	NPC227841	NPT46	2	450869;450870	PMID
NPC227841	NPC227841	NPT47	2	450869;450870	PMID
NPC227841	NPC227841	NPT4717	1	450878	PMID
NPC227841	NPC227841	NPT50	2	450869;450870	PMID
NPC227841	NPC227841	NPT51	2	450869;450870	PMID
NPC227841	NPC227841	NPT5318	1	450868	PMID
NPC227841	NPC227841	NPT58	1	450869	PMID
NPC227841	NPC227841	NPT5802	1	450877	PMID
NPC227841	NPC227841	NPT5876	1	450885	PMID
NPC227841	NPC227841	NPT920	1	450884	PMID
NPC227841	NPC227841	NPT93	1	450870	PMID
NPC227841	NPC227841	NPT94	1	450870	PMID
NPC227986	NPC227986	NPT210	1	564002	PMID
NPC228343	NPC228343	NPT108	1	453686	PMID
NPC228343	NPC228343	NPT109	1	453686	PMID
NPC228343	NPC228343	NPT1119	7	453617;453624;453646;453658;453675;453686;453697	PMID
NPC228343	NPC228343	NPT1139	2	453646;453750	PMID
NPC228343	NPC228343	NPT1438	1	453645	PMID
NPC228343	NPC228343	NPT149	1	453686	PMID
NPC228343	NPC228343	NPT151	2	453684;453685	PMID
NPC228343	NPC228343	NPT153	1	453705	PMID
NPC228343	NPC228343	NPT1587	1	453741	PMID
NPC228343	NPC228343	NPT1588	1	453741	PMID
NPC228343	NPC228343	NPT211	1	453686	PMID
NPC228343	NPC228343	NPT282	1	453686	PMID
NPC228343	NPC228343	NPT3068	1	453619	PMID
NPC228343	NPC228343	NPT346	1	453747	PMID
NPC228343	NPC228343	NPT441	1	453674	PMID
NPC228343	NPC228343	NPT47	2	453684;453685	PMID
NPC228343	NPC228343	NPT48	2	453684;453685	PMID
NPC228343	NPC228343	NPT50	1	453685	PMID
NPC228343	NPC228343	NPT51	2	453684;453685	PMID
NPC228343	NPC228343	NPT539	1	453686	PMID
NPC228343	NPC228343	NPT570	12	453625;453627;453642;453653;453655;453659;453675;453679;453703;453704;453743;453760	PMID
NPC228343	NPC228343	NPT77	1	453733	PMID
NPC228343	NPC228343	NPT792	9	453617;453624;453645;453646;453658;453675;453686;453697;453726	PMID
NPC228343	NPC228343	NPT920	1	453759	PMID
NPC228343	NPC228343	NPT94	2	453684;453685	PMID
NPC228383	NPC228383	NPT1600	1	525811	PMID
NPC228400	NPC228400	NPT48	1	558258	PMID
NPC228400	NPC228400	NPT94	1	558258	PMID
NPC228504	NPC228504	NPT204	1	501699	PMID
NPC228504	NPC228504	NPT31	1	501703	PMID
NPC228644	NPC228644	NPT1046	1	27153347	PMID
NPC228644	NPC228644	NPT1158	1	27153347	PMID
NPC228644	NPC228644	NPT228	1	27280968	PMID
NPC228644	NPC228644	NPT246	1	27280968	PMID
NPC228644	NPC228644	NPT295	1	27280968	PMID
NPC228644	NPC228644	NPT956	1	29329790	PMID
NPC228661	NPC228661	NPT48	1	518740	PMID
NPC228661	NPC228661	NPT94	1	518740	PMID
NPC228785	NPC228785	NPT109	2	555829;555830	PMID
NPC228785	NPC228785	NPT110	1	555832	PMID
NPC228785	NPC228785	NPT1119	2	555816;555831	PMID
NPC228785	NPC228785	NPT1464	1	555867	PMID
NPC228785	NPC228785	NPT149	2	555829;555830	PMID
NPC228785	NPC228785	NPT151	2	555830;555831	PMID
NPC228785	NPC228785	NPT156	2	555852;555863	PMID
NPC228785	NPC228785	NPT178	1	555854	PMID
NPC228785	NPC228785	NPT212	1	555832	PMID
NPC228785	NPC228785	NPT213	1	555832	PMID
NPC228785	NPC228785	NPT282	1	555830	PMID
NPC228785	NPC228785	NPT3318	1	555858	PMID
NPC228785	NPC228785	NPT441	1	555821	PMID
NPC228785	NPC228785	NPT45	1	555830	PMID
NPC228785	NPC228785	NPT48	2	555829;555830	PMID
NPC228785	NPC228785	NPT51	3	555829;555830;555831	PMID
NPC228785	NPC228785	NPT539	3	555829;555830;555831	PMID
NPC228785	NPC228785	NPT721	1	555824	PMID
NPC228785	NPC228785	NPT792	2	555816;555830	PMID
NPC228785	NPC228785	NPT861	1	555846	PMID
NPC228785	NPC228785	NPT865	1	555828	PMID
NPC228785	NPC228785	NPT94	1	555829	PMID
NPC228940	NPC228940	NPT74	1	537996	PMID
NPC228978	NPC228978	NPT94	1	497631	PMID
NPC228994	NPC228994	NPT2222	1	464866	PMID
NPC229046	NPC229046	NPT741	2	505578;505580	PMID
NPC229113	NPC229113	NPT109	1	534033	PMID
NPC229113	NPC229113	NPT1627	2	534042;534052	PMID
NPC229113	NPC229113	NPT208	1	534033	PMID
NPC229113	NPC229113	NPT210	1	534033	PMID
NPC229113	NPC229113	NPT212	4	534023;534024;534033;534038	PMID
NPC229113	NPC229113	NPT213	1	534033	PMID
NPC229113	NPC229113	NPT282	1	534038	PMID
NPC229113	NPC229113	NPT483	1	534033	PMID
NPC229113	NPC229113	NPT539	1	534033	PMID
NPC229113	NPC229113	NPT620	1	534037	PMID
NPC229113	NPC229113	NPT713	1	534051	PMID
NPC229113	NPC229113	NPT935	4	534025;534027;534031;534054	PMID
NPC229113	NPC229113	NPT94	1	534033	PMID
NPC229147	NPC229147	NPT108	1	527324	PMID
NPC229147	NPC229147	NPT248	1	527324	PMID
NPC229147	NPC229147	NPT441	1	527322	PMID
NPC229235	NPC229235	NPT240	1	530032	PMID
NPC229235	NPC229235	NPT290	2	530019;530035	PMID
NPC229235	NPC229235	NPT93	1	530039	PMID
NPC229235	NPC229235	NPT976	4	530037;530041;530048;530051	PMID
NPC229281	NPC229281	NPT178	1	561313	PMID
NPC229387	NPC229387	NPT94	1	464844	PMID
NPC229415	NPC229415	NPT178	1	524205	PMID
NPC229477	NPC229477	NPT149	1	517740	PMID
NPC229505	NPC229505	NPT30	1	543069	PMID
NPC229649	NPC229649	NPT865	1	572037	PMID
NPC229804	NPC229804	NPT3267	1	528499	PMID
NPC229871	NPC229871	NPT540	1	520670	PMID
NPC229976	NPC229976	NPT178	1	482943	PMID
NPC230002	NPC230002	NPT2817	2	550341;550342	PMID
NPC230068	NPC230068	NPT210	1	554333	PMID
NPC230068	NPC230068	NPT539	1	554333	PMID
NPC230085	NPC230085	NPT45	1	459862	PMID
NPC230087	NPC230087	NPT2818	1	520792	PMID
NPC230151	NPC230151	NPT59	1	451134	PMID
NPC230301	NPC230301	NPT1592	1	521417	PMID
NPC230301	NPC230301	NPT59	1	521384	PMID
NPC230301	NPC230301	NPT670	1	521422	PMID
NPC230677	NPC230677	NPT204	1	496396	PMID
NPC230677	NPC230677	NPT439	1	496396	PMID
NPC230713	NPC230713	NPT30	1	496912	PMID
NPC230713	NPC230713	NPT31	1	496912	PMID
NPC230775	NPC230775	NPT1540	1	514477	PMID
NPC230775	NPC230775	NPT1592	1	514430	PMID
NPC230775	NPC230775	NPT2818	1	514556	PMID
NPC230775	NPC230775	NPT4037	1	514496	PMID
NPC230775	NPC230775	NPT483	1	514455	PMID
NPC230775	NPC230775	NPT613	2	514477;514528	PMID
NPC230942	NPC230942	NPT110	1	491297	PMID
NPC230942	NPC230942	NPT204	44	491210;491212;491214;491215;491216;491217;491221;491222;491226;491228;491230;491231;491232;491233;491235;491237;491238;491241;491244;491246;491248;491249;491250;491252;491253;491255;491257;491258;491259;491260;491281;491283;491297;491299;491307;491308;491311;491319;491320;491321;491327;491333;491334;491338	PMID
NPC230942	NPC230942	NPT439	28	491212;491214;491216;491217;491222;491223;491230;491231;491232;491233;491235;491248;491249;491252;491253;491255;491258;491259;491260;491266;491267;491272;491281;491308;491314;491319;491330;491334	PMID
NPC230942	NPC230942	NPT48	1	491286	PMID
NPC230942	NPC230942	NPT483	1	491287	PMID
NPC230942	NPC230942	NPT58	1	491286	PMID
NPC230942	NPC230942	NPT93	1	491287	PMID
NPC230942	NPC230942	NPT94	1	491287	PMID
NPC231013	NPC231013	NPT538	1	496840	PMID
NPC231013	NPC231013	NPT741	1	496843	PMID
NPC231063	NPC231063	NPT540	1	451782	PMID
NPC231063	NPC231063	NPT570	1	451789	PMID
NPC231149	NPC231149	NPT109	1	468331	PMID
NPC231149	NPC231149	NPT149	1	468331	PMID
NPC231149	NPC231149	NPT151	1	468331	PMID
NPC231149	NPC231149	NPT1592	1	468336	PMID
NPC231149	NPC231149	NPT48	2	468331;468332	PMID
NPC231149	NPC231149	NPT50	1	468331	PMID
NPC231149	NPC231149	NPT51	1	468331	PMID
NPC231149	NPC231149	NPT59	1	468332	PMID
NPC231149	NPC231149	NPT94	2	468331;468332	PMID
NPC231254	NPC231254	NPT178	1	507667	PMID
NPC2314	NPC2314	NPT483	1	512943	PMID
NPC23155	NPC23155	NPT282	1	545836	PMID
NPC23155	NPC23155	NPT51	1	545836	PMID
NPC231607	NPC231607	NPT106	1	571080	PMID
NPC231710	NPC231710	NPT38	1	470921	PMID
NPC231772	NPC231772	NPT109	3	494720;494721;494722	PMID
NPC231772	NPC231772	NPT110	1	494720	PMID
NPC231772	NPC231772	NPT1603	3	494700;494719;494724	PMID
NPC231772	NPC231772	NPT1604	4	494700;494719;494724;494742	PMID
NPC231772	NPC231772	NPT208	3	494700;494719;494720	PMID
NPC231772	NPC231772	NPT211	1	494720	PMID
NPC231772	NPC231772	NPT212	1	494720	PMID
NPC231772	NPC231772	NPT213	1	494720	PMID
NPC231772	NPC231772	NPT261	3	494743;494745;494747	PMID
NPC231772	NPC231772	NPT282	1	494722	PMID
NPC231772	NPC231772	NPT3324	1	494725	PMID
NPC231772	NPC231772	NPT3347	1	494725	PMID
NPC231772	NPC231772	NPT3839	1	494741	PMID
NPC231772	NPC231772	NPT45	1	494720	PMID
NPC231772	NPC231772	NPT483	1	494720	PMID
NPC231772	NPC231772	NPT50	1	494722	PMID
NPC231772	NPC231772	NPT51	2	494721;494722	PMID
NPC231772	NPC231772	NPT537	1	494723	PMID
NPC231772	NPC231772	NPT538	1	494723	PMID
NPC231772	NPC231772	NPT539	1	494722	PMID
NPC231772	NPC231772	NPT582	1	494743	PMID
NPC231772	NPC231772	NPT5891	1	494741	PMID
NPC231772	NPC231772	NPT93	2	494720;494721	PMID
NPC231772	NPC231772	NPT94	2	494720;494721	PMID
NPC231772	NPC231772	NPT98	1	494741	PMID
NPC231884	NPC231884	NPT109	4	522513;522514;522515;522516	PMID
NPC231884	NPC231884	NPT208	2	522513;522515	PMID
NPC231884	NPC231884	NPT210	3	522513;522514;522515	PMID
NPC231884	NPC231884	NPT212	1	522513	PMID
NPC231884	NPC231884	NPT213	1	522514	PMID
NPC231884	NPC231884	NPT282	1	522514	PMID
NPC231884	NPC231884	NPT668	2	522509;522518	PMID
NPC232178	NPC232178	NPT1603	1	450054	PMID
NPC232178	NPC232178	NPT208	1	450054	PMID
NPC232178	NPC232178	NPT911	1	450046	PMID
NPC232247	NPC232247	NPT210	1	558907	PMID
NPC232247	NPC232247	NPT539	1	558907	PMID
NPC232311	NPC232311	NPT1006	1	478548	PMID
NPC232340	NPC232340	NPT204	1	499302	PMID
NPC232533	NPC232533	NPT145	49	477674;477675;477681;477695;477712;477735;477748;477770;477796;477797;477799;477800;477809;477811;477828;477833;477834;477859;477872;477874;477875;477886;477888;477889;477897;477899;477914;477916;477917;477919;477922;477952;477954;477959;477961;477972;477973;477975;477979;477999;478001;478009;478012;478013;478015;478017;478024;478028;478029	PMID
NPC232533	NPC232533	NPT271	40	477656;477660;477670;477672;477674;477681;477686;477688;477695;477708;477712;477734;477735;477743;477746;477748;477750;477759;477760;477761;477770;477796;477797;477798;477800;477811;477828;477834;477859;477886;477889;477897;477914;477916;477917;477959;477999;478009;478028;478029	PMID
NPC232533	NPC232533	NPT272	31	477674;477675;477681;477695;477712;477735;477748;477760;477770;477777;477796;477797;477800;477811;477828;477834;477840;477848;477859;477886;477889;477897;477909;477914;477916;477917;477959;477973;478009;478010;478028	PMID
NPC232533	NPC232533	NPT613	2	477819;478002	PMID
NPC232533	NPC232533	NPT98	1	477795	PMID
NPC232654	NPC232654	NPT109	1	485649	PMID
NPC232654	NPC232654	NPT51	1	485649	PMID
NPC232692	NPC232692	NPT1078	1	541979	PMID
NPC232692	NPC232692	NPT3101	1	541980	PMID
NPC232692	NPC232692	NPT947	1	541980	PMID
NPC232692	NPC232692	NPT948	1	541980	PMID
NPC232692	NPC232692	NPT949	1	541980	PMID
NPC232692	NPC232692	NPT955	1	541980	PMID
NPC232727	NPC232727	NPT109	3	463887;463888;463889	PMID
NPC232727	NPC232727	NPT110	2	463874;463887	PMID
NPC232727	NPC232727	NPT1422	1	463952	PMID
NPC232727	NPC232727	NPT149	3	463887;463888;463889	PMID
NPC232727	NPC232727	NPT151	4	463887;463888;463889;463890	PMID
NPC232727	NPC232727	NPT1681	6	463896;463897;463910;463927;463929;463930	PMID
NPC232727	NPC232727	NPT1701	1	463882	PMID
NPC232727	NPC232727	NPT1785	1	463876	PMID
NPC232727	NPC232727	NPT1791	1	463876	PMID
NPC232727	NPC232727	NPT208	1	463887	PMID
NPC232727	NPC232727	NPT211	1	463887	PMID
NPC232727	NPC232727	NPT222	1	463876	PMID
NPC232727	NPC232727	NPT223	1	463876	PMID
NPC232727	NPC232727	NPT224	1	463876	PMID
NPC232727	NPC232727	NPT228	1	463876	PMID
NPC232727	NPC232727	NPT261	3	463883;463892;463895	PMID
NPC232727	NPC232727	NPT292	1	463876	PMID
NPC232727	NPC232727	NPT294	1	463876	PMID
NPC232727	NPC232727	NPT3114	19	463882;463901;463905;463906;463910;463916;463918;463921;463923;463925;463927;463929;463930;463932;463935;463937;463943;463946;463957	PMID
NPC232727	NPC232727	NPT3266	1	463882	PMID
NPC232727	NPC232727	NPT3274	6	463906;463916;463923;463927;463932;463957	PMID
NPC232727	NPC232727	NPT3399	8	463882;463901;463906;463910;463923;463927;463932;463943	PMID
NPC232727	NPC232727	NPT3459	3	463906;463923;463932	PMID
NPC232727	NPC232727	NPT3460	5	463882;463906;463910;463932;463943	PMID
NPC232727	NPC232727	NPT4093	1	463901	PMID
NPC232727	NPC232727	NPT48	4	463887;463888;463889;463890	PMID
NPC232727	NPC232727	NPT582	1	463892	PMID
NPC232727	NPC232727	NPT93	2	463887;463891	PMID
NPC232727	NPC232727	NPT94	5	463887;463888;463889;463890;463891	PMID
NPC232924	NPC232924	NPT1788	1	469554	PMID
NPC232924	NPC232924	NPT1789	1	469554	PMID
NPC232924	NPC232924	NPT221	1	469554	PMID
NPC232924	NPC232924	NPT50	1	469553	PMID
NPC233108	NPC233108	NPT262	1	500728	PMID
NPC233108	NPC233108	NPT264	1	500728	PMID
NPC233108	NPC233108	NPT265	1	500728	PMID
NPC233108	NPC233108	NPT266	1	500728	PMID
NPC233118	NPC233118	NPT109	1	536968	PMID
NPC233118	NPC233118	NPT149	1	536968	PMID
NPC233118	NPC233118	NPT249	1	536976	PMID
NPC233118	NPC233118	NPT2592	1	536966	PMID
NPC233118	NPC233118	NPT4037	1	536980	PMID
NPC233118	NPC233118	NPT713	1	536988	PMID
NPC233118	NPC233118	NPT796	1	536969	PMID
NPC233118	NPC233118	NPT894	1	536955	PMID
NPC233118	NPC233118	NPT93	1	536968	PMID
NPC233118	NPC233118	NPT94	1	536968	PMID
NPC233224	NPC233224	NPT1427	1	530568	PMID
NPC233267	NPC233267	NPT109	1	569778	PMID
NPC233267	NPC233267	NPT1416	1	569779	PMID
NPC233267	NPC233267	NPT151	1	569778	PMID
NPC233267	NPC233267	NPT2629	1	569779	PMID
NPC233267	NPC233267	NPT50	1	569778	PMID
NPC233267	NPC233267	NPT51	2	569778;569779	PMID
NPC233267	NPC233267	NPT59	1	569779	PMID
NPC233282	NPC233282	NPT50	2	455578;455579	PMID
NPC233380	NPC233380	NPT491	1	497174	PMID
NPC233455	NPC233455	NPT109	1	497726	PMID
NPC233455	NPC233455	NPT1137	9	497705;497717;497723;497730;497738;497755;497761;497771;497792	PMID
NPC233455	NPC233455	NPT1138	5	497723;497730;497755;497761;497771	PMID
NPC233455	NPC233455	NPT1270	1	497747	PMID
NPC233455	NPC233455	NPT166	1	497766	PMID
NPC233455	NPC233455	NPT178	1	497729	PMID
NPC233455	NPC233455	NPT203	1	497766	PMID
NPC233455	NPC233455	NPT205	1	497729	PMID
NPC233455	NPC233455	NPT206	1	497729	PMID
NPC233455	NPC233455	NPT41	1	497747	PMID
NPC233455	NPC233455	NPT483	1	497727	PMID
NPC233455	NPC233455	NPT51	2	497726;497727	PMID
NPC233455	NPC233455	NPT570	1	497790	PMID
NPC233455	NPC233455	NPT72	1	497756	PMID
NPC233455	NPC233455	NPT73	1	497756	PMID
NPC233650	NPC233650	NPT74	1	572883	PMID
NPC233780	NPC233780	NPT48	1	488997	PMID
NPC233780	NPC233780	NPT483	1	488997	PMID
NPC233791	NPC233791	NPT50	1	489541	PMID
NPC233827	NPC233827	NPT1078	1	565104	PMID
NPC233836	NPC233836	NPT956	1	518132	PMID
NPC234053	NPC234053	NPT109	1	570638	PMID
NPC234053	NPC234053	NPT149	1	570638	PMID
NPC234053	NPC234053	NPT151	1	570639	PMID
NPC234053	NPC234053	NPT210	1	570638	PMID
NPC234053	NPC234053	NPT2217	1	570609	PMID
NPC234053	NPC234053	NPT48	1	570639	PMID
NPC234053	NPC234053	NPT613	1	570743	PMID
NPC234053	NPC234053	NPT93	1	570638	PMID
NPC234053	NPC234053	NPT94	2	570638;570639	PMID
NPC234078	NPC234078	NPT110	1	453428	PMID
NPC234084	NPC234084	NPT208	1	495146	PMID
NPC234084	NPC234084	NPT947	1	495147	PMID
NPC234084	NPC234084	NPT948	1	495147	PMID
NPC234109	NPC234109	NPT151	1	515871	PMID
NPC234109	NPC234109	NPT48	1	515871	PMID
NPC234109	NPC234109	NPT483	1	515871	PMID
NPC234109	NPC234109	NPT537	1	515871	PMID
NPC234109	NPC234109	NPT60	1	515871	PMID
NPC234109	NPC234109	NPT94	1	515871	PMID
NPC234133	NPC234133	NPT3213	1	550546	PMID
NPC234196	NPC234196	NPT1834	1	465037	PMID
NPC234196	NPC234196	NPT2816	2	465039;465041	PMID
NPC234196	NPC234196	NPT63	1	465037	PMID
NPC234255	NPC234255	NPT2680	1	492353	PMID
NPC234306	NPC234306	NPT210	1	524497	PMID
NPC234333	NPC234333	NPT30	1	519197	PMID
NPC234536	NPC234536	NPT109	1	485666	PMID
NPC234536	NPC234536	NPT151	1	485666	PMID
NPC234536	NPC234536	NPT1603	1	485673	PMID
NPC234536	NPC234536	NPT1604	2	485672;485673	PMID
NPC234536	NPC234536	NPT208	1	485673	PMID
NPC234536	NPC234536	NPT48	1	485665	PMID
NPC234536	NPC234536	NPT59	1	485665	PMID
NPC234560	NPC234560	NPT1062	1	474342	PMID
NPC234560	NPC234560	NPT108	4	474256;474259;474270;474293	PMID
NPC234560	NPC234560	NPT109	2	474297;474298	PMID
NPC234560	NPC234560	NPT110	1	474297	PMID
NPC234560	NPC234560	NPT1270	1	474345	PMID
NPC234560	NPC234560	NPT149	3	474297;474298;474305	PMID
NPC234560	NPC234560	NPT151	4	474296;474297;474299;474300	PMID
NPC234560	NPC234560	NPT163	1	474297	PMID
NPC234560	NPC234560	NPT208	1	474297	PMID
NPC234560	NPC234560	NPT212	1	474297	PMID
NPC234560	NPC234560	NPT213	1	474297	PMID
NPC234560	NPC234560	NPT248	5	474256;474259;474260;474270;474344	PMID
NPC234560	NPC234560	NPT2732	2	474254;474255	PMID
NPC234560	NPC234560	NPT41	1	474345	PMID
NPC234560	NPC234560	NPT441	1	474279	PMID
NPC234560	NPC234560	NPT48	4	474296;474297;474299;474300	PMID
NPC234560	NPC234560	NPT483	1	474296	PMID
NPC234560	NPC234560	NPT50	1	474300	PMID
NPC234560	NPC234560	NPT51	2	474299;474303	PMID
NPC234560	NPC234560	NPT52	1	474297	PMID
NPC234560	NPC234560	NPT537	1	474302	PMID
NPC234560	NPC234560	NPT538	1	474302	PMID
NPC234560	NPC234560	NPT539	2	474297;474298	PMID
NPC234560	NPC234560	NPT58	1	474296	PMID
NPC234560	NPC234560	NPT77	1	474330	PMID
NPC234560	NPC234560	NPT796	1	474304	PMID
NPC234560	NPC234560	NPT901	1	474341	PMID
NPC234560	NPC234560	NPT93	4	474296;474298;474299;474303	PMID
NPC234560	NPC234560	NPT94	7	474296;474297;474298;474299;474300;474301;474303	PMID
NPC234560	NPC234560	NPT949	1	474342	PMID
NPC234560	NPC234560	NPT955	1	474342	PMID
NPC234560	NPC234560	NPT96	1	474297	PMID
NPC234560	NPC234560	NPT967	1	474276	PMID
NPC234644	NPC234644	NPT3201	1	547536	PMID
NPC234822	NPC234822	NPT110	1	515818	PMID
NPC234822	NPC234822	NPT149	1	515818	PMID
NPC234822	NPC234822	NPT213	1	515818	PMID
NPC234952	NPC234952	NPT108	1	518262	PMID
NPC234952	NPC234952	NPT248	1	518262	PMID
NPC234956	NPC234956	NPT50	1	513930	PMID
NPC235059	NPC235059	NPT282	1	475628	PMID
NPC235059	NPC235059	NPT31	1	475620	PMID
NPC235059	NPC235059	NPT346	4	475615;475623;475625;475656	PMID
NPC235059	NPC235059	NPT483	1	475627	PMID
NPC235059	NPC235059	NPT570	1	475658	PMID
NPC235059	NPC235059	NPT94	2	475628;475629	PMID
NPC23508	NPC23508	NPT149	1	530610	PMID
NPC23508	NPC23508	NPT483	1	530610	PMID
NPC23508	NPC23508	NPT94	1	530610	PMID
NPC235165	NPC235165	NPT537	1	529932	PMID
NPC235165	NPC235165	NPT538	1	529932	PMID
NPC235190	NPC235190	NPT50	1	501070	PMID
NPC235190	NPC235190	NPT792	1	501072	PMID
NPC235217	NPC235217	NPT740	1	536388	PMID
NPC235239	NPC235239	NPT178	1	496859	PMID
NPC235289	NPC235289	NPT1157	1	449449	PMID
NPC23559	NPC23559	NPT109	1	515807	PMID
NPC23559	NPC23559	NPT149	1	515807	PMID
NPC23559	NPC23559	NPT151	1	515807	PMID
NPC23559	NPC23559	NPT157	1	515807	PMID
NPC23559	NPC23559	NPT203	1	515808	PMID
NPC23559	NPC23559	NPT58	1	515807	PMID
NPC23559	NPC23559	NPT792	1	515807	PMID
NPC23559	NPC23559	NPT94	1	515807	PMID
NPC235767	NPC235767	NPT346	1	537323	PMID
NPC235797	NPC235797	NPT210	1	538915	PMID
NPC235797	NPC235797	NPT346	3	538912;538914;538920	PMID
NPC235797	NPC235797	NPT94	1	538915	PMID
NPC235900	NPC235900	NPT1038	1	558401	PMID
NPC235900	NPC235900	NPT1197	1	558401	PMID
NPC235900	NPC235900	NPT1416	1	558401	PMID
NPC235900	NPC235900	NPT51	1	558401	PMID
NPC236176	NPC236176	NPT5373	1	523140	PMID
NPC236189	NPC236189	NPT178	1	523539	PMID
NPC236202	NPC236202	NPT920	1	512808	PMID
NPC236347	NPC236347	NPT109	1	448857	PMID
NPC236347	NPC236347	NPT110	1	448860	PMID
NPC236347	NPC236347	NPT1119	1	448857	PMID
NPC236347	NPC236347	NPT149	1	448860	PMID
NPC236347	NPC236347	NPT1788	1	448840	PMID
NPC236347	NPC236347	NPT1789	1	448888	PMID
NPC236347	NPC236347	NPT208	1	448860	PMID
NPC236347	NPC236347	NPT210	1	448860	PMID
NPC236347	NPC236347	NPT211	1	448860	PMID
NPC236347	NPC236347	NPT221	1	448865	PMID
NPC236347	NPC236347	NPT222	2	448865;448882	PMID
NPC236347	NPC236347	NPT223	1	448865	PMID
NPC236347	NPC236347	NPT224	1	448865	PMID
NPC236347	NPC236347	NPT225	1	448888	PMID
NPC236347	NPC236347	NPT226	2	448865;448881	PMID
NPC236347	NPC236347	NPT227	1	448848	PMID
NPC236347	NPC236347	NPT243	1	448881	PMID
NPC236347	NPC236347	NPT282	1	448860	PMID
NPC236347	NPC236347	NPT47	1	448858	PMID
NPC236347	NPC236347	NPT48	1	448857	PMID
NPC236347	NPC236347	NPT50	2	448857;448858	PMID
NPC236347	NPC236347	NPT51	2	448857;448861	PMID
NPC236347	NPC236347	NPT94	1	448857	PMID
NPC236347	NPC236347	NPT940	1	448859	PMID
NPC236522	NPC236522	NPT109	1	496370	PMID
NPC236637	NPC236637	NPT1603	2	515725;515731	PMID
NPC236637	NPC236637	NPT1604	3	515721;515725;515731	PMID
NPC236637	NPC236637	NPT208	2	515725;515731	PMID
NPC23667	NPC23667	NPT1794	1	549949	PMID
NPC23668	NPC23668	NPT441	1	569765	PMID
NPC236709	NPC236709	NPT2883	2	545266;545270	PMID
NPC236709	NPC236709	NPT483	1	545272	PMID
NPC236769	NPC236769	NPT1422	2	527462;527469	PMID
NPC236769	NPC236769	NPT1594	1	527462	PMID
NPC236769	NPC236769	NPT668	1	527462	PMID
NPC236795	NPC236795	NPT3133	1	533022	PMID
NPC237044	NPC237044	NPT109	1	524882	PMID
NPC237044	NPC237044	NPT204	2	524880;524885	PMID
NPC23717	NPC23717	NPT178	1	534810	PMID
NPC237202	NPC237202	NPT740	1	543222	PMID
NPC237208	NPC237208	NPT956	1	501247	PMID
NPC237435	NPC237435	NPT1591	2	469987;469990	PMID
NPC237435	NPC237435	NPT1592	1	469987	PMID
NPC237435	NPC237435	NPT208	1	470001	PMID
NPC237503	NPC237503	NPT677	1	549146	PMID
NPC237812	NPC237812	NPT109	1	488117	PMID
NPC237812	NPC237812	NPT1157	2	488131;488132	PMID
NPC237901	NPC237901	NPT1028	1	517820	PMID
NPC237901	NPC237901	NPT1185	1	517832	PMID
NPC237901	NPC237901	NPT1186	1	517832	PMID
NPC237901	NPC237901	NPT1187	1	517832	PMID
NPC237946	NPC237946	NPT109	2	459204;459232	PMID
NPC237946	NPC237946	NPT1283	1	459273	PMID
NPC237946	NPC237946	NPT211	1	459204	PMID
NPC237946	NPC237946	NPT212	1	459232	PMID
NPC237946	NPC237946	NPT213	1	459232	PMID
NPC237946	NPC237946	NPT249	1	459210	PMID
NPC237946	NPC237946	NPT483	2	459204;459205	PMID
NPC237946	NPC237946	NPT537	1	459204	PMID
NPC237946	NPC237946	NPT538	1	459204	PMID
NPC237946	NPC237946	NPT585	1	459273	PMID
NPC237946	NPC237946	NPT93	1	459204	PMID
NPC237946	NPC237946	NPT94	1	459206	PMID
NPC238023	NPC238023	NPT204	1	486827	PMID
NPC238023	NPC238023	NPT210	1	486829	PMID
NPC238279	NPC238279	NPT178	1	496573	PMID
NPC23837	NPC23837	NPT233	1	477150	PMID
NPC23837	NPC23837	NPT947	1	477150	PMID
NPC23837	NPC23837	NPT948	1	477150	PMID
NPC23837	NPC23837	NPT949	1	477150	PMID
NPC23837	NPC23837	NPT954	1	477155	PMID
NPC23837	NPC23837	NPT955	1	477155	PMID
NPC238419	NPC238419	NPT862	1	483629	PMID
NPC238530	NPC238530	NPT242	1	507001	PMID
NPC238530	NPC238530	NPT677	1	507000	PMID
NPC238629	NPC238629	NPT109	2	556263;556264	PMID
NPC238629	NPC238629	NPT1119	1	556264	PMID
NPC238629	NPC238629	NPT149	2	556263;556264	PMID
NPC238629	NPC238629	NPT151	2	556263;556264	PMID
NPC238629	NPC238629	NPT157	2	556263;556264	PMID
NPC238629	NPC238629	NPT1603	1	556270	PMID
NPC238629	NPC238629	NPT1604	1	556270	PMID
NPC238629	NPC238629	NPT261	3	556269;556271;556273	PMID
NPC238629	NPC238629	NPT282	2	556263;556264	PMID
NPC238629	NPC238629	NPT4015	1	556266	PMID
NPC238629	NPC238629	NPT47	2	556263;556264	PMID
NPC238629	NPC238629	NPT48	2	556263;556264	PMID
NPC238629	NPC238629	NPT50	1	556263	PMID
NPC238629	NPC238629	NPT51	2	556263;556264	PMID
NPC238629	NPC238629	NPT792	2	556263;556264	PMID
NPC238629	NPC238629	NPT864	1	556265	PMID
NPC238629	NPC238629	NPT94	2	556263;556264	PMID
NPC23870	NPC23870	NPT1422	1	515182	PMID
NPC23870	NPC23870	NPT1594	1	515182	PMID
NPC23870	NPC23870	NPT178	3	515154;515159;515178	PMID
NPC23870	NPC23870	NPT668	1	515182	PMID
NPC23870	NPC23870	NPT861	1	515179	PMID
NPC23870	NPC23870	NPT901	1	515180	PMID
NPC238861	NPC238861	NPT109	1	502960	PMID
NPC238861	NPC238861	NPT1226	1	502960	PMID
NPC238861	NPC238861	NPT149	1	502960	PMID
NPC238861	NPC238861	NPT151	2	502959;502960	PMID
NPC238861	NPC238861	NPT47	1	502959	PMID
NPC238861	NPC238861	NPT48	1	502960	PMID
NPC238861	NPC238861	NPT50	2	502959;502960	PMID
NPC238861	NPC238861	NPT51	2	502959;502960	PMID
NPC238861	NPC238861	NPT58	1	502959	PMID
NPC238861	NPC238861	NPT94	2	502959;502960	PMID
NPC238937	NPC238937	NPT410	1	31276409	PMID
NPC238992	NPC238992	NPT178	1	480217	PMID
NPC239185	NPC239185	NPT166	2	536999;537001	PMID
NPC239185	NPC239185	NPT203	1	536999	PMID
NPC239312	NPC239312	NPT109	2	454670;454720	PMID
NPC239312	NPC239312	NPT110	1	454673	PMID
NPC239312	NPC239312	NPT1119	3	454640;454670;454682	PMID
NPC239312	NPC239312	NPT1338	1	454663	PMID
NPC239312	NPC239312	NPT149	2	454670;454673	PMID
NPC239312	NPC239312	NPT151	3	454670;454671;454672	PMID
NPC239312	NPC239312	NPT1566	1	454646	PMID
NPC239312	NPC239312	NPT1591	1	454659	PMID
NPC239312	NPC239312	NPT1603	1	454677	PMID
NPC239312	NPC239312	NPT1604	1	454677	PMID
NPC239312	NPC239312	NPT1627	1	454692	PMID
NPC239312	NPC239312	NPT1663	1	454738	PMID
NPC239312	NPC239312	NPT1721	1	454711	PMID
NPC239312	NPC239312	NPT208	1	454670	PMID
NPC239312	NPC239312	NPT212	1	454673	PMID
NPC239312	NPC239312	NPT213	1	454673	PMID
NPC239312	NPC239312	NPT2266	1	454739	PMID
NPC239312	NPC239312	NPT2715	1	454715	PMID
NPC239312	NPC239312	NPT2930	1	454670	PMID
NPC239312	NPC239312	NPT4088	1	454714	PMID
NPC239312	NPC239312	NPT45	1	454670	PMID
NPC239312	NPC239312	NPT46	1	454670	PMID
NPC239312	NPC239312	NPT47	3	454670;454671;454672	PMID
NPC239312	NPC239312	NPT48	5	454670;454671;454672;454679;454706	PMID
NPC239312	NPC239312	NPT49	1	454670	PMID
NPC239312	NPC239312	NPT51	3	454670;454671;454672	PMID
NPC239312	NPC239312	NPT511	2	454642;454649	PMID
NPC239312	NPC239312	NPT5386	1	454652	PMID
NPC239312	NPC239312	NPT539	1	454670	PMID
NPC239312	NPC239312	NPT58	2	454670;454672	PMID
NPC239312	NPC239312	NPT60	1	454642	PMID
NPC239312	NPC239312	NPT668	1	454694	PMID
NPC239312	NPC239312	NPT674	1	454707	PMID
NPC239312	NPC239312	NPT792	3	454640;454670;454682	PMID
NPC239312	NPC239312	NPT864	1	454674	PMID
NPC239312	NPC239312	NPT901	1	454709	PMID
NPC239312	NPC239312	NPT920	1	454740	PMID
NPC239312	NPC239312	NPT93	1	454672	PMID
NPC239312	NPC239312	NPT94	2	454670;454672	PMID
NPC239312	NPC239312	NPT958	1	454637	PMID
NPC239312	NPC239312	NPT967	1	454650	PMID
NPC239854	NPC239854	NPT243	3	558530;558531;558532	PMID
NPC239854	NPC239854	NPT92	2	558530;558532	PMID
NPC240084	NPC240084	NPT149	1	449781	PMID
NPC240084	NPC240084	NPT48	1	449780	PMID
NPC240084	NPC240084	NPT483	1	449780	PMID
NPC240084	NPC240084	NPT501	1	449780	PMID
NPC240084	NPC240084	NPT796	1	449782	PMID
NPC240084	NPC240084	NPT94	1	449780	PMID
NPC2401	NPC2401	NPT78	1	529866	PMID
NPC240108	NPC240108	NPT1270	1	503689	PMID
NPC240108	NPC240108	NPT41	1	503689	PMID
NPC240108	NPC240108	NPT78	1	503695	PMID
NPC24019	NPC24019	NPT1038	1	482616	PMID
NPC24019	NPC24019	NPT109	1	482617	PMID
NPC24019	NPC24019	NPT110	1	482618	PMID
NPC24019	NPC24019	NPT1197	1	482616	PMID
NPC24019	NPC24019	NPT151	2	482616;482617	PMID
NPC24019	NPC24019	NPT1834	1	482618	PMID
NPC24019	NPC24019	NPT212	1	482618	PMID
NPC24019	NPC24019	NPT213	1	482618	PMID
NPC24019	NPC24019	NPT277	1	482617	PMID
NPC24019	NPC24019	NPT282	1	482616	PMID
NPC24019	NPC24019	NPT48	2	482616;482617	PMID
NPC24019	NPC24019	NPT483	1	482616	PMID
NPC24019	NPC24019	NPT50	1	482617	PMID
NPC24019	NPC24019	NPT51	2	482616;482617	PMID
NPC24019	NPC24019	NPT59	1	482616	PMID
NPC240431	NPC240431	NPT862	1	528153	PMID
NPC240593	NPC240593	NPT582	2	571432;571436	PMID
NPC240664	NPC240664	NPT2230	1	509878	PMID
NPC240684	NPC240684	NPT1371	1	496819	PMID
NPC240722	NPC240722	NPT57	1	540586	PMID
NPC240841	NPC240841	NPT98	1	484858	PMID
NPC241089	NPC241089	NPT210	2	571552;571553	PMID
NPC241089	NPC241089	NPT233	1	571558	PMID
NPC241089	NPC241089	NPT94	1	571553	PMID
NPC241089	NPC241089	NPT947	1	571558	PMID
NPC241089	NPC241089	NPT948	1	571558	PMID
NPC241089	NPC241089	NPT949	1	571558	PMID
NPC241089	NPC241089	NPT954	1	571558	PMID
NPC241089	NPC241089	NPT955	1	571558	PMID
NPC241165	NPC241165	NPT233	1	511965	PMID
NPC241165	NPC241165	NPT3101	1	511965	PMID
NPC241165	NPC241165	NPT947	1	511965	PMID
NPC241165	NPC241165	NPT948	1	511965	PMID
NPC241165	NPC241165	NPT949	1	511965	PMID
NPC241165	NPC241165	NPT955	1	511965	PMID
NPC241290	NPC241290	NPT178	1	491742	PMID
NPC2413	NPC2413	NPT242	1	539145	PMID
NPC241349	NPC241349	NPT143	1	541864	PMID
NPC241349	NPC241349	NPT2584	1	541865	PMID
NPC24136	NPC24136	NPT1422	1	530588	PMID
NPC241392	NPC241392	NPT211	1	554346	PMID
NPC241392	NPC241392	NPT48	1	554346	PMID
NPC241392	NPC241392	NPT50	1	554346	PMID
NPC2414	NPC2414	NPT282	1	505112	PMID
NPC2414	NPC2414	NPT491	1	505112	PMID
NPC241498	NPC241498	NPT1265	2	450951;450955	PMID
NPC241498	NPC241498	NPT2629	1	450943	PMID
NPC241498	NPC241498	NPT3213	1	450958	PMID
NPC241498	NPC241498	NPT3283	1	450958	PMID
NPC241498	NPC241498	NPT50	2	450943;450944	PMID
NPC241498	NPC241498	NPT51	1	450943	PMID
NPC241498	NPC241498	NPT524	1	450943	PMID
NPC241498	NPC241498	NPT537	1	450943	PMID
NPC241498	NPC241498	NPT538	1	450943	PMID
NPC241498	NPC241498	NPT59	1	450943	PMID
NPC241838	NPC241838	NPT1603	2	500078;500090	PMID
NPC241838	NPC241838	NPT1604	2	500078;500090	PMID
NPC241838	NPC241838	NPT208	2	500078;500090	PMID
NPC241838	NPC241838	NPT261	1	500102	PMID
NPC241846	NPC241846	NPT1214	2	483148;483149	PMID
NPC241854	NPC241854	NPT1794	1	497647	PMID
NPC241875	NPC241875	NPT203	1	565831	PMID
NPC241875	NPC241875	NPT540	1	565832	PMID
NPC241879	NPC241879	NPT204	1	559759	PMID
NPC24193	NPC24193	NPT570	1	497449	PMID
NPC242136	NPC242136	NPT1197	1	478525	PMID
NPC242294	NPC242294	NPT1422	1	551745	PMID
NPC242372	NPC242372	NPT92	1	532290	PMID
NPC242580	NPC242580	NPT483	1	447610	PMID
NPC242580	NPC242580	NPT5009	1	447683	PMID
NPC242580	NPC242580	NPT51	1	447609	PMID
NPC242692	NPC242692	NPT204	1	484406	PMID
NPC242692	NPC242692	NPT439	1	484405	PMID
NPC242885	NPC242885	NPT1587	1	477066	PMID
NPC242885	NPC242885	NPT1588	1	477066	PMID
NPC242885	NPC242885	NPT233	1	477061	PMID
NPC242885	NPC242885	NPT249	1	477058	PMID
NPC242885	NPC242885	NPT947	1	477061	PMID
NPC242893	NPC242893	NPT1250	4	554385;554387;554397;554401	PMID
NPC242893	NPC242893	NPT1721	1	554396	PMID
NPC242893	NPC242893	NPT967	1	554388	PMID
NPC242895	NPC242895	NPT1038	1	451980	PMID
NPC242895	NPC242895	NPT108	1	451997	PMID
NPC242895	NPC242895	NPT109	3	451977;451979;451983	PMID
NPC242895	NPC242895	NPT110	2	451979;451982	PMID
NPC242895	NPC242895	NPT149	1	451979	PMID
NPC242895	NPC242895	NPT151	3	451976;451977;451983	PMID
NPC242895	NPC242895	NPT208	1	451979	PMID
NPC242895	NPC242895	NPT210	2	451979;451982	PMID
NPC242895	NPC242895	NPT212	2	451979;451982	PMID
NPC242895	NPC242895	NPT213	2	451979;451982	PMID
NPC242895	NPC242895	NPT282	2	451977;451983	PMID
NPC242895	NPC242895	NPT285	1	451970	PMID
NPC242895	NPC242895	NPT2875	1	451968	PMID
NPC242895	NPC242895	NPT46	1	451978	PMID
NPC242895	NPC242895	NPT47	1	451978	PMID
NPC242895	NPC242895	NPT48	3	451976;451977;451978	PMID
NPC242895	NPC242895	NPT483	1	451976	PMID
NPC242895	NPC242895	NPT50	1	451977	PMID
NPC242895	NPC242895	NPT51	4	451976;451977;451978;451983	PMID
NPC242895	NPC242895	NPT524	1	451978	PMID
NPC242895	NPC242895	NPT539	1	451983	PMID
NPC242895	NPC242895	NPT5403	1	452000	PMID
NPC242895	NPC242895	NPT59	2	451976;451978	PMID
NPC242895	NPC242895	NPT60	1	451978	PMID
NPC242895	NPC242895	NPT640	2	451963;452005	PMID
NPC242895	NPC242895	NPT641	1	452005	PMID
NPC242895	NPC242895	NPT796	1	451980	PMID
NPC242895	NPC242895	NPT874	1	451993	PMID
NPC242895	NPC242895	NPT94	2	451976;451977	PMID
NPC242895	NPC242895	NPT942	1	451997	PMID
NPC242930	NPC242930	NPT1287	8	501605;501607;501608;501616;501621;501633;501639;501644	PMID
NPC242930	NPC242930	NPT1418	2	501615;501637	PMID
NPC242930	NPC242930	NPT232	17	501587;501591;501604;501605;501607;501608;501609;501610;501616;501617;501621;501628;501633;501634;501638;501644;501645	PMID
NPC242930	NPC242930	NPT472	4	501607;501621;501631;501633	PMID
NPC242930	NPC242930	NPT58	1	501626	PMID
NPC242930	NPC242930	NPT94	1	501626	PMID
NPC243083	NPC243083	NPT1265	1	564099	PMID
NPC243083	NPC243083	NPT1603	1	564119	PMID
NPC243083	NPC243083	NPT1604	1	564119	PMID
NPC243083	NPC243083	NPT208	1	564119	PMID
NPC243083	NPC243083	NPT441	1	564132	PMID
NPC243171	NPC243171	NPT178	1	565726	PMID
NPC2432	NPC2432	NPT510	1	483146	PMID
NPC2432	NPC2432	NPT511	1	483146	PMID
NPC2432	NPC2432	NPT513	1	483146	PMID
NPC243272	NPC243272	NPT3167	1	459740	PMID
NPC243272	NPC243272	NPT570	1	459740	PMID
NPC243319	NPC243319	NPT1416	1	513555	PMID
NPC243319	NPC243319	NPT48	1	513554	PMID
NPC243319	NPC243319	NPT58	1	513555	PMID
NPC243475	NPC243475	NPT295	1	483368	PMID
NPC243475	NPC243475	NPT4735	1	483368	PMID
NPC243483	NPC243483	NPT145	2	476493;476506	PMID
NPC243483	NPC243483	NPT271	1	476493	PMID
NPC243483	NPC243483	NPT272	2	476493;476506	PMID
NPC243483	NPC243483	NPT296	2	476489;476490	PMID
NPC243509	NPC243509	NPT109	1	505384	PMID
NPC243509	NPC243509	NPT1604	1	505397	PMID
NPC243509	NPC243509	NPT60	1	505383	PMID
NPC243509	NPC243509	NPT668	1	505393	PMID
NPC243509	NPC243509	NPT740	2	505381;505387	PMID
NPC243509	NPC243509	NPT94	1	505383	PMID
NPC243532	NPC243532	NPT4003	1	524097	PMID
NPC243532	NPC243532	NPT869	1	524097	PMID
NPC243635	NPC243635	NPT110	1	469654	PMID
NPC243677	NPC243677	NPT1270	1	465876	PMID
NPC243677	NPC243677	NPT3120	1	465879	PMID
NPC243677	NPC243677	NPT3504	1	465878	PMID
NPC243677	NPC243677	NPT41	1	465876	PMID
NPC243728	NPC243728	NPT59	1	453503	PMID
NPC24394	NPC24394	NPT178	2	451759;451762	PMID
NPC244246	NPC244246	NPT59	1	481382	PMID
NPC244246	NPC244246	NPT60	1	481382	PMID
NPC244256	NPC244256	NPT149	1	536915	PMID
NPC244293	NPC244293	NPT50	1	529503	PMID
NPC244336	NPC244336	NPT1720	1	538443	PMID
NPC244336	NPC244336	NPT670	1	538443	PMID
NPC244364	NPC244364	NPT2680	1	454319	PMID
NPC244441	NPC244441	NPT204	1	495875	PMID
NPC244495	NPC244495	NPT261	1	464470	PMID
NPC244495	NPC244495	NPT30	1	464464	PMID
NPC244509	NPC244509	NPT1720	1	449471	PMID
NPC244509	NPC244509	NPT670	1	449471	PMID
NPC244738	NPC244738	NPT1250	1	477143	PMID
NPC244738	NPC244738	NPT240	1	477145	PMID
NPC244738	NPC244738	NPT241	2	477132;477144	PMID
NPC244738	NPC244738	NPT2599	1	477145	PMID
NPC244738	NPC244738	NPT346	2	477131;477146	PMID
NPC244738	NPC244738	NPT472	1	477146	PMID
NPC244799	NPC244799	NPT149	1	545213	PMID
NPC244799	NPC244799	NPT151	1	545213	PMID
NPC244799	NPC244799	NPT3101	1	545214	PMID
NPC244799	NPC244799	NPT48	1	545213	PMID
NPC244799	NPC244799	NPT94	1	545213	PMID
NPC244799	NPC244799	NPT947	1	545214	PMID
NPC244799	NPC244799	NPT948	1	545214	PMID
NPC244799	NPC244799	NPT949	1	545214	PMID
NPC244799	NPC244799	NPT955	1	545214	PMID
NPC244888	NPC244888	NPT178	1	526719	PMID
NPC245027	NPC245027	NPT1006	1	520858	PMID
NPC245027	NPC245027	NPT1157	2	520869;520875	PMID
NPC245187	NPC245187	NPT346	1	470468	PMID
NPC245187	NPC245187	NPT524	1	470467	PMID
NPC245223	NPC245223	NPT204	1	538908	PMID
NPC245223	NPC245223	NPT439	1	538907	PMID
NPC245244	NPC245244	NPT110	1	500180	PMID
NPC245244	NPC245244	NPT212	1	500180	PMID
NPC245244	NPC245244	NPT213	1	500180	PMID
NPC245531	NPC245531	NPT109	1	523039	PMID
NPC245531	NPC245531	NPT151	1	523039	PMID
NPC245531	NPC245531	NPT282	1	523039	PMID
NPC245531	NPC245531	NPT51	1	523039	PMID
NPC245531	NPC245531	NPT539	1	523039	PMID
NPC245531	NPC245531	NPT93	1	523039	PMID
NPC245531	NPC245531	NPT94	1	523039	PMID
NPC245896	NPC245896	NPT109	1	473969	PMID
NPC245896	NPC245896	NPT149	1	473969	PMID
NPC245896	NPC245896	NPT151	1	473969	PMID
NPC245896	NPC245896	NPT1603	2	473968;473975	PMID
NPC245896	NPC245896	NPT1604	2	473968;473975	PMID
NPC245896	NPC245896	NPT208	1	473968	PMID
NPC245896	NPC245896	NPT210	1	473969	PMID
NPC245896	NPC245896	NPT94	1	473969	PMID
NPC245966	NPC245966	NPT728	1	548983	PMID
NPC246162	NPC246162	NPT1062	1	456609	PMID
NPC246162	NPC246162	NPT1089	1	456595	PMID
NPC246162	NPC246162	NPT1090	1	456595	PMID
NPC246162	NPC246162	NPT1479	1	456615	PMID
NPC246162	NPC246162	NPT280	1	456595	PMID
NPC246162	NPC246162	NPT47	1	456590	PMID
NPC246162	NPC246162	NPT48	1	456590	PMID
NPC246162	NPC246162	NPT51	1	456590	PMID
NPC246162	NPC246162	NPT567	1	456595	PMID
NPC246162	NPC246162	NPT568	1	456595	PMID
NPC246162	NPC246162	NPT59	1	456590	PMID
NPC246162	NPC246162	NPT60	1	456590	PMID
NPC246162	NPC246162	NPT78	1	456614	PMID
NPC246162	NPC246162	NPT949	1	456609	PMID
NPC246162	NPC246162	NPT955	1	456609	PMID
NPC246214	NPC246214	NPT155	1	482952	PMID
NPC246358	NPC246358	NPT346	1	506733	PMID
NPC246597	NPC246597	NPT204	1	28898076	PMID
NPC246679	NPC246679	NPT1062	1	454085	PMID
NPC246679	NPC246679	NPT1144	1	454085	PMID
NPC246679	NPC246679	NPT163	1	454086	PMID
NPC246679	NPC246679	NPT233	3	454085;454087;454091	PMID
NPC246679	NPC246679	NPT947	3	454085;454087;454091	PMID
NPC246693	NPC246693	NPT1214	1	574256	PMID
NPC246693	NPC246693	NPT1385	1	574291	PMID
NPC246693	NPC246693	NPT143	1	574253	PMID
NPC246693	NPC246693	NPT178	1	574255	PMID
NPC246693	NPC246693	NPT2584	1	574256	PMID
NPC246693	NPC246693	NPT285	1	574289	PMID
NPC246693	NPC246693	NPT3060	1	574286	PMID
NPC246693	NPC246693	NPT46	1	574266	PMID
NPC246693	NPC246693	NPT47	1	574266	PMID
NPC246693	NPC246693	NPT51	1	574266	PMID
NPC246693	NPC246693	NPT52	3	574279;574282;574284	PMID
NPC246693	NPC246693	NPT6230	2	574279;574284	PMID
NPC246693	NPC246693	NPT911	1	574286	PMID
NPC246693	NPC246693	NPT93	1	574266	PMID
NPC246693	NPC246693	NPT94	1	574266	PMID
NPC246708	NPC246708	NPT178	2	491789;491790	PMID
NPC246903	NPC246903	NPT163	1	495845	PMID
NPC246903	NPC246903	NPT261	1	495854	PMID
NPC246903	NPC246903	NPT582	1	495854	PMID
NPC246904	NPC246904	NPT204	1	484520	PMID
NPC246904	NPC246904	NPT439	1	484519	PMID
NPC246943	NPC246943	NPT1044	1	539105	PMID
NPC246943	NPC246943	NPT143	1	539105	PMID
NPC246956	NPC246956	NPT540	1	464771	PMID
NPC247060	NPC247060	NPT439	1	542547	PMID
NPC24748	NPC24748	NPT211	1	460899	PMID
NPC247553	NPC247553	NPT1224	1	568560	PMID
NPC247553	NPC247553	NPT1226	1	568580	PMID
NPC247553	NPC247553	NPT149	1	568580	PMID
NPC247553	NPC247553	NPT151	1	568580	PMID
NPC247553	NPC247553	NPT1551	1	568578	PMID
NPC247553	NPC247553	NPT204	1	568566	PMID
NPC247553	NPC247553	NPT277	1	568580	PMID
NPC247553	NPC247553	NPT3904	1	568587	PMID
NPC247553	NPC247553	NPT41	1	568578	PMID
NPC247553	NPC247553	NPT48	1	568580	PMID
NPC247553	NPC247553	NPT50	1	568580	PMID
NPC247553	NPC247553	NPT501	1	568580	PMID
NPC247553	NPC247553	NPT57	1	568630	PMID
NPC247553	NPC247553	NPT60	1	568580	PMID
NPC247553	NPC247553	NPT741	1	568582	PMID
NPC247553	NPC247553	NPT94	1	568580	PMID
NPC247553	NPC247553	NPT947	3	568579;568591;568608	PMID
NPC247553	NPC247553	NPT948	4	568579;568591;568608;568615	PMID
NPC247553	NPC247553	NPT949	3	568591;568608;568615	PMID
NPC247553	NPC247553	NPT967	1	568562	PMID
NPC2476	NPC2476	NPT109	1	489574	PMID
NPC2476	NPC2476	NPT282	1	489574	PMID
NPC2476	NPC2476	NPT45	1	489574	PMID
NPC2476	NPC2476	NPT483	1	489574	PMID
NPC2476	NPC2476	NPT51	1	489574	PMID
NPC2476	NPC2476	NPT94	1	489574	PMID
NPC247779	NPC247779	NPT214	1	538888	PMID
NPC247779	NPC247779	NPT469	1	538888	PMID
NPC247779	NPC247779	NPT50	1	538897	PMID
NPC247871	NPC247871	NPT109	1	449661	PMID
NPC248007	NPC248007	NPT876	1	518726	PMID
NPC248041	NPC248041	NPT48	1	523887	PMID
NPC248102	NPC248102	NPT1166	1	501256	PMID
NPC24824	NPC24824	NPT792	1	524521	PMID
NPC24824	NPC24824	NPT94	1	524521	PMID
NPC248355	NPC248355	NPT30	1	554490	PMID
NPC248573	NPC248573	NPT109	2	482771;482772	PMID
NPC248573	NPC248573	NPT110	2	482771;482774	PMID
NPC248573	NPC248573	NPT149	4	482771;482772;482773;482774	PMID
NPC248573	NPC248573	NPT151	2	482771;482772	PMID
NPC248573	NPC248573	NPT208	2	482771;482772	PMID
NPC248573	NPC248573	NPT211	2	482771;482774	PMID
NPC248573	NPC248573	NPT212	3	482771;482773;482774	PMID
NPC248573	NPC248573	NPT213	2	482771;482773	PMID
NPC248573	NPC248573	NPT45	1	482772	PMID
NPC248573	NPC248573	NPT48	2	482771;482772	PMID
NPC248573	NPC248573	NPT483	1	482771	PMID
NPC248573	NPC248573	NPT50	1	482771	PMID
NPC248573	NPC248573	NPT51	1	482772	PMID
NPC248573	NPC248573	NPT52	1	482772	PMID
NPC248573	NPC248573	NPT539	2	482771;482772	PMID
NPC248573	NPC248573	NPT582	1	482766	PMID
NPC248573	NPC248573	NPT792	1	482772	PMID
NPC248573	NPC248573	NPT93	1	482771	PMID
NPC248573	NPC248573	NPT94	2	482771;482772	PMID
NPC248573	NPC248573	NPT96	1	482772	PMID
NPC248884	NPC248884	NPT1785	1	573553	PMID
NPC248884	NPC248884	NPT272	1	573547	PMID
NPC248884	NPC248884	NPT30	1	573549	PMID
NPC248884	NPC248884	NPT99	1	573558	PMID
NPC248944	NPC248944	NPT72	1	512484	PMID
NPC248944	NPC248944	NPT73	1	512484	PMID
NPC248956	NPC248956	NPT282	1	450212	PMID
NPC248970	NPC248970	NPT163	1	538706	PMID
NPC248970	NPC248970	NPT46	1	538707	PMID
NPC248970	NPC248970	NPT47	1	538707	PMID
NPC248970	NPC248970	NPT48	1	538706	PMID
NPC248970	NPC248970	NPT51	2	538706;538707	PMID
NPC248970	NPC248970	NPT58	1	538707	PMID
NPC248970	NPC248970	NPT792	1	538706	PMID
NPC248970	NPC248970	NPT93	1	538706	PMID
NPC248970	NPC248970	NPT96	1	538706	PMID
NPC249067	NPC249067	NPT1444	1	526116	PMID
NPC249067	NPC249067	NPT166	3	526107;526108;526109	PMID
NPC249067	NPC249067	NPT203	3	526107;526108;526109	PMID
NPC249067	NPC249067	NPT483	1	526110	PMID
NPC249435	NPC249435	NPT1592	1	545087	PMID
NPC249606	NPC249606	NPT1699	1	483496	PMID
NPC249606	NPC249606	NPT570	1	483508	PMID
NPC249797	NPC249797	NPT109	1	480078	PMID
NPC249797	NPC249797	NPT110	1	480078	PMID
NPC249797	NPC249797	NPT208	1	480078	PMID
NPC249797	NPC249797	NPT213	1	480078	PMID
NPC249797	NPC249797	NPT242	1	480079	PMID
NPC249797	NPC249797	NPT277	1	480078	PMID
NPC249797	NPC249797	NPT48	1	480078	PMID
NPC249797	NPC249797	NPT483	1	480078	PMID
NPC250266	NPC250266	NPT109	1	529789	PMID
NPC250266	NPC250266	NPT110	1	529790	PMID
NPC250266	NPC250266	NPT149	2	529789;529790	PMID
NPC250266	NPC250266	NPT151	1	529789	PMID
NPC250266	NPC250266	NPT212	1	529790	PMID
NPC250266	NPC250266	NPT213	1	529790	PMID
NPC250266	NPC250266	NPT48	1	529789	PMID
NPC250266	NPC250266	NPT51	1	529789	PMID
NPC250266	NPC250266	NPT539	1	529789	PMID
NPC250266	NPC250266	NPT94	1	529789	PMID
NPC250361	NPC250361	NPT149	1	561931	PMID
NPC250361	NPC250361	NPT94	1	561931	PMID
NPC250432	NPC250432	NPT1478	1	509472	PMID
NPC250432	NPC250432	NPT1566	1	509471	PMID
NPC250432	NPC250432	NPT285	1	509472	PMID
NPC250432	NPC250432	NPT920	1	509478	PMID
NPC250436	NPC250436	NPT1079	2	559188;559224	PMID
NPC250436	NPC250436	NPT1080	2	559188;559224	PMID
NPC250436	NPC250436	NPT1187	1	559229	PMID
NPC250436	NPC250436	NPT1274	2	559231;559250	PMID
NPC250436	NPC250436	NPT1287	1	559228	PMID
NPC250436	NPC250436	NPT1336	1	559074	PMID
NPC250436	NPC250436	NPT1337	1	559098	PMID
NPC250436	NPC250436	NPT1429	1	559160	PMID
NPC250436	NPC250436	NPT144	2	559138;559163	PMID
NPC250436	NPC250436	NPT1592	1	559207	PMID
NPC250436	NPC250436	NPT1612	1	559208	PMID
NPC250436	NPC250436	NPT1834	2	559188;559224	PMID
NPC250436	NPC250436	NPT232	2	559205;559228	PMID
NPC250436	NPC250436	NPT2752	1	559174	PMID
NPC250436	NPC250436	NPT279	1	559099	PMID
NPC250436	NPC250436	NPT283	1	559115	PMID
NPC250436	NPC250436	NPT3114	3	559123;559156;559208	PMID
NPC250436	NPC250436	NPT4015	1	559095	PMID
NPC250436	NPC250436	NPT4016	1	559095	PMID
NPC250436	NPC250436	NPT4248	2	559188;559224	PMID
NPC250436	NPC250436	NPT47	1	559111	PMID
NPC250436	NPC250436	NPT48	1	559111	PMID
NPC250436	NPC250436	NPT50	1	559111	PMID
NPC250436	NPC250436	NPT51	2	559111;559148	PMID
NPC250436	NPC250436	NPT52	1	559111	PMID
NPC250436	NPC250436	NPT568	1	559095	PMID
NPC250436	NPC250436	NPT59	1	559111	PMID
NPC250436	NPC250436	NPT60	1	559111	PMID
NPC250436	NPC250436	NPT668	1	559176	PMID
NPC250436	NPC250436	NPT713	1	559132	PMID
NPC250436	NPC250436	NPT740	1	559127	PMID
NPC250436	NPC250436	NPT755	1	559150	PMID
NPC250436	NPC250436	NPT78	3	559148;559170;559175	PMID
NPC250436	NPC250436	NPT865	1	559109	PMID
NPC250436	NPC250436	NPT956	1	559202	PMID
NPC250436	NPC250436	NPT980	2	559075;559139	PMID
NPC250769	NPC250769	NPT483	1	450030	PMID
NPC250769	NPC250769	NPT94	1	450030	PMID
NPC250822	NPC250822	NPT109	1	501720	PMID
NPC250822	NPC250822	NPT94	1	501720	PMID
NPC250834	NPC250834	NPT282	1	521183	PMID
NPC250834	NPC250834	NPT3517	1	521181	PMID
NPC250834	NPC250834	NPT3569	1	521182	PMID
NPC250834	NPC250834	NPT3974	1	521181	PMID
NPC250999	NPC250999	NPT1062	1	535755	PMID
NPC250999	NPC250999	NPT1063	1	535755	PMID
NPC250999	NPC250999	NPT1143	1	535755	PMID
NPC250999	NPC250999	NPT1144	1	535755	PMID
NPC250999	NPC250999	NPT1146	1	535755	PMID
NPC250999	NPC250999	NPT1224	1	535754	PMID
NPC250999	NPC250999	NPT149	1	535754	PMID
NPC250999	NPC250999	NPT151	1	535754	PMID
NPC250999	NPC250999	NPT282	1	535754	PMID
NPC250999	NPC250999	NPT3101	1	535755	PMID
NPC250999	NPC250999	NPT45	1	535754	PMID
NPC250999	NPC250999	NPT48	1	535754	PMID
NPC250999	NPC250999	NPT50	1	535754	PMID
NPC250999	NPC250999	NPT51	1	535754	PMID
NPC250999	NPC250999	NPT539	1	535754	PMID
NPC250999	NPC250999	NPT792	1	535754	PMID
NPC250999	NPC250999	NPT93	1	535754	PMID
NPC250999	NPC250999	NPT94	1	535754	PMID
NPC250999	NPC250999	NPT948	1	535755	PMID
NPC250999	NPC250999	NPT949	1	535755	PMID
NPC250999	NPC250999	NPT954	1	535755	PMID
NPC250999	NPC250999	NPT955	1	535755	PMID
NPC25110	NPC25110	NPT439	1	476076	PMID
NPC251336	NPC251336	NPT178	1	452867	PMID
NPC251407	NPC251407	NPT13	1	554069	PMID
NPC251407	NPC251407	NPT36	1	554069	PMID
NPC251779	NPC251779	NPT178	1	498429	PMID
NPC2518	NPC2518	NPT233	1	565019	PMID
NPC2518	NPC2518	NPT46	1	565010	PMID
NPC2518	NPC2518	NPT524	1	565011	PMID
NPC2518	NPC2518	NPT948	1	565019	PMID
NPC251866	NPC251866	NPT93	1	490348	PMID
NPC252067	NPC252067	NPT741	1	488165	PMID
NPC252107	NPC252107	NPT472	1	458817	PMID
NPC252154	NPC252154	NPT210	1	456652	PMID
NPC252281	NPC252281	NPT1197	1	531400	PMID
NPC252281	NPC252281	NPT59	1	531400	PMID
NPC252433	NPC252433	NPT47	1	447804	PMID
NPC252603	NPC252603	NPT1444	1	542856	PMID
NPC252603	NPC252603	NPT1445	2	542856;542865	PMID
NPC252603	NPC252603	NPT1446	1	542856	PMID
NPC252603	NPC252603	NPT211	1	542820	PMID
NPC252603	NPC252603	NPT216	18	542763;542781;542786;542787;542789;542791;542794;542797;542801;542804;542812;542813;542834;542850;542881;542918;542928;542940	PMID
NPC252603	NPC252603	NPT217	21	542724;542730;542763;542767;542781;542786;542787;542789;542791;542797;542801;542804;542812;542813;542834;542847;542850;542881;542918;542928;542940	PMID
NPC252603	NPC252603	NPT218	18	542736;542763;542767;542781;542786;542787;542789;542791;542797;542801;542804;542812;542813;542847;542850;542918;542928;542940	PMID
NPC252603	NPC252603	NPT3376	1	542856	PMID
NPC252603	NPC252603	NPT4059	13	542750;542781;542785;542787;542804;542812;542813;542816;542850;542877;542894;542918;542940	PMID
NPC252603	NPC252603	NPT5100	1	542754	PMID
NPC252603	NPC252603	NPT5454	1	542881	PMID
NPC252603	NPC252603	NPT802	1	542796	PMID
NPC252860	NPC252860	NPT483	1	512927	PMID
NPC253423	NPC253423	NPT2230	1	537428	PMID
NPC253423	NPC253423	NPT93	1	537429	PMID
NPC253423	NPC253423	NPT94	1	537429	PMID
NPC253429	NPC253429	NPT210	1	507929	PMID
NPC253574	NPC253574	NPT538	1	501383	PMID
NPC253616	NPC253616	NPT48	1	465790	PMID
NPC253616	NPC253616	NPT483	1	465790	PMID
NPC253645	NPC253645	NPT296	1	454505	PMID
NPC253662	NPC253662	NPT1606	1	529382	PMID
NPC253662	NPC253662	NPT224	1	529381	PMID
NPC253703	NPC253703	NPT109	1	553657	PMID
NPC253703	NPC253703	NPT3133	1	553698	PMID
NPC253703	NPC253703	NPT3820	1	553730	PMID
NPC253703	NPC253703	NPT4166	1	553616	PMID
NPC253703	NPC253703	NPT4371	1	553616	PMID
NPC253703	NPC253703	NPT537	1	553659	PMID
NPC253703	NPC253703	NPT538	1	553659	PMID
NPC253703	NPC253703	NPT539	1	553657	PMID
NPC253703	NPC253703	NPT5457	1	553616	PMID
NPC253703	NPC253703	NPT5458	1	553616	PMID
NPC253703	NPC253703	NPT5459	1	553616	PMID
NPC253703	NPC253703	NPT918	1	553659	PMID
NPC253703	NPC253703	NPT93	2	553656;553657	PMID
NPC253703	NPC253703	NPT94	1	553657	PMID
NPC253703	NPC253703	NPT942	1	553704	PMID
NPC253746	NPC253746	NPT233	1	543088	PMID
NPC253746	NPC253746	NPT741	2	543092;543095	PMID
NPC253746	NPC253746	NPT947	1	543088	PMID
NPC253746	NPC253746	NPT948	1	543088	PMID
NPC253746	NPC253746	NPT949	1	543088	PMID
NPC253746	NPC253746	NPT954	1	543088	PMID
NPC253746	NPC253746	NPT955	1	543088	PMID
NPC253810	NPC253810	NPT645	1	486680	PMID
NPC254010	NPC254010	NPT537	1	479476	PMID
NPC254010	NPC254010	NPT538	1	479476	PMID
NPC254240	NPC254240	NPT222	1	508184	PMID
NPC254240	NPC254240	NPT223	1	508184	PMID
NPC254240	NPC254240	NPT224	1	508184	PMID
NPC254275	NPC254275	NPT106	1	535642	PMID
NPC254449	NPC254449	NPT865	1	498504	PMID
NPC254482	NPC254482	NPT1006	1	550773	PMID
NPC254482	NPC254482	NPT5463	1	550770	PMID
NPC254610	NPC254610	NPT537	1	548102	PMID
NPC254610	NPC254610	NPT538	1	548102	PMID
NPC254659	NPC254659	NPT50	1	529287	PMID
NPC254698	NPC254698	NPT261	7	556322;556328;556330;556331;556336;556345;556353	PMID
NPC254698	NPC254698	NPT582	19	556318;556322;556325;556327;556328;556329;556330;556331;556335;556336;556337;556340;556343;556345;556348;556349;556352;556353;556359	PMID
NPC254847	NPC254847	NPT10	1	468605	PMID
NPC254847	NPC254847	NPT108	1	468570	PMID
NPC254847	NPC254847	NPT109	1	468606	PMID
NPC254847	NPC254847	NPT110	2	468609;468610	PMID
NPC254847	NPC254847	NPT1185	1	468660	PMID
NPC254847	NPC254847	NPT1186	1	468660	PMID
NPC254847	NPC254847	NPT1187	1	468660	PMID
NPC254847	NPC254847	NPT1265	1	468644	PMID
NPC254847	NPC254847	NPT1338	1	468599	PMID
NPC254847	NPC254847	NPT149	1	468606	PMID
NPC254847	NPC254847	NPT1598	3	468594;468597;468655	PMID
NPC254847	NPC254847	NPT1603	1	468650	PMID
NPC254847	NPC254847	NPT208	1	468650	PMID
NPC254847	NPC254847	NPT210	3	468606;468609;468610	PMID
NPC254847	NPC254847	NPT211	1	468609	PMID
NPC254847	NPC254847	NPT212	2	468609;468610	PMID
NPC254847	NPC254847	NPT213	2	468609;468610	PMID
NPC254847	NPC254847	NPT248	1	468570	PMID
NPC254847	NPC254847	NPT279	1	468567	PMID
NPC254847	NPC254847	NPT282	2	468605;468606	PMID
NPC254847	NPC254847	NPT41	1	468645	PMID
NPC254847	NPC254847	NPT46	1	468611	PMID
NPC254847	NPC254847	NPT483	1	468605	PMID
NPC254847	NPC254847	NPT49	1	468605	PMID
NPC254847	NPC254847	NPT50	3	468604;468605;468606	PMID
NPC254847	NPC254847	NPT51	2	468604;468605	PMID
NPC254847	NPC254847	NPT538	1	468607	PMID
NPC254847	NPC254847	NPT539	1	468606	PMID
NPC254847	NPC254847	NPT5467	1	468618	PMID
NPC254847	NPC254847	NPT58	1	468605	PMID
NPC254847	NPC254847	NPT59	1	468605	PMID
NPC254847	NPC254847	NPT792	1	468606	PMID
NPC254847	NPC254847	NPT862	1	468643	PMID
NPC254847	NPC254847	NPT94	3	468604;468605;468606	PMID
NPC254847	NPC254847	NPT96	1	468606	PMID
NPC25496	NPC25496	NPT59	1	480327	PMID
NPC254994	NPC254994	NPT1416	1	502219	PMID
NPC254994	NPC254994	NPT2944	1	502219	PMID
NPC255042	NPC255042	NPT109	1	509420	PMID
NPC255042	NPC255042	NPT5259	1	509439	PMID
NPC255042	NPC255042	NPT792	1	509420	PMID
NPC255073	NPC255073	NPT94	1	544077	PMID
NPC255253	NPC255253	NPT296	1	493842	PMID
NPC255253	NPC255253	NPT4110	1	493842	PMID
NPC255253	NPC255253	NPT861	1	493844	PMID
NPC255253	NPC255253	NPT98	1	493843	PMID
NPC255345	NPC255345	NPT149	1	479710	PMID
NPC255345	NPC255345	NPT210	1	479710	PMID
NPC255345	NPC255345	NPT282	1	479710	PMID
NPC255345	NPC255345	NPT524	1	479711	PMID
NPC255345	NPC255345	NPT864	1	479711	PMID
NPC255345	NPC255345	NPT94	1	479710	PMID
NPC255387	NPC255387	NPT178	1	533980	PMID
NPC255550	NPC255550	NPT109	1	467867	PMID
NPC255550	NPC255550	NPT149	1	467867	PMID
NPC255550	NPC255550	NPT208	1	467878	PMID
NPC255550	NPC255550	NPT2592	1	467899	PMID
NPC255550	NPC255550	NPT282	1	467867	PMID
NPC255550	NPC255550	NPT30	2	467856;467878	PMID
NPC255550	NPC255550	NPT472	16	467852;467855;467859;467861;467863;467865;467880;467895;467901;467906;467907;467912;467913;467923;467925;467927	PMID
NPC255550	NPC255550	NPT483	1	467867	PMID
NPC255550	NPC255550	NPT51	1	467868	PMID
NPC255550	NPC255550	NPT5472	1	467846	PMID
NPC255550	NPC255550	NPT570	1	467915	PMID
NPC255550	NPC255550	NPT713	1	467900	PMID
NPC255550	NPC255550	NPT792	1	467867	PMID
NPC255550	NPC255550	NPT93	1	467868	PMID
NPC255550	NPC255550	NPT94	5	467866;467867;467868;467869;467870	PMID
NPC255566	NPC255566	NPT106	1	540214	PMID
NPC255566	NPC255566	NPT99	1	540214	PMID
NPC255607	NPC255607	NPT145	1	454323	PMID
NPC255615	NPC255615	NPT864	1	508100	PMID
NPC255801	NPC255801	NPT741	1	550493	PMID
NPC25581	NPC25581	NPT149	1	479198	PMID
NPC25581	NPC25581	NPT151	1	479198	PMID
NPC25581	NPC25581	NPT47	1	479198	PMID
NPC25581	NPC25581	NPT48	2	479198;479199	PMID
NPC25581	NPC25581	NPT50	2	479198;479199	PMID
NPC25581	NPC25581	NPT51	1	479198	PMID
NPC25581	NPC25581	NPT59	1	479200	PMID
NPC25581	NPC25581	NPT60	1	479200	PMID
NPC255817	NPC255817	NPT109	1	555686	PMID
NPC255817	NPC255817	NPT110	1	555686	PMID
NPC255817	NPC255817	NPT149	1	555686	PMID
NPC255817	NPC255817	NPT151	1	555686	PMID
NPC255817	NPC255817	NPT208	1	555686	PMID
NPC255817	NPC255817	NPT210	1	555686	PMID
NPC255817	NPC255817	NPT48	1	555686	PMID
NPC255817	NPC255817	NPT483	1	555686	PMID
NPC255817	NPC255817	NPT539	1	555686	PMID
NPC255817	NPC255817	NPT93	1	555686	PMID
NPC255817	NPC255817	NPT94	1	555686	PMID
NPC256042	NPC256042	NPT78	1	572984	PMID
NPC256188	NPC256188	NPT143	1	454034	PMID
NPC256406	NPC256406	NPT178	1	500680	PMID
NPC256463	NPC256463	NPT1214	1	531346	PMID
NPC256463	NPC256463	NPT143	1	531345	PMID
NPC256463	NPC256463	NPT2584	1	531346	PMID
NPC256838	NPC256838	NPT233	1	527373	PMID
NPC256838	NPC256838	NPT50	1	527371	PMID
NPC256838	NPC256838	NPT94	1	527371	PMID
NPC256838	NPC256838	NPT947	1	527373	PMID
NPC256838	NPC256838	NPT948	1	527373	PMID
NPC256838	NPC256838	NPT949	1	527373	PMID
NPC256838	NPC256838	NPT954	1	527373	PMID
NPC256838	NPC256838	NPT955	1	527373	PMID
NPC256849	NPC256849	NPT1444	1	511688	PMID
NPC256849	NPC256849	NPT1445	2	511688;511696	PMID
NPC256849	NPC256849	NPT1446	1	511688	PMID
NPC256849	NPC256849	NPT204	1	511683	PMID
NPC256849	NPC256849	NPT216	12	511589;511591;511592;511614;511675;511681;511686;511691;511748;511767;511768;511773	PMID
NPC256849	NPC256849	NPT217	17	511547;511589;511592;511614;511656;511662;511675;511681;511684;511686;511691;511742;511748;511767;511768;511773;511774	PMID
NPC256849	NPC256849	NPT218	6	511556;511686;511748;511767;511768;511773	PMID
NPC256849	NPC256849	NPT2556	1	511654	PMID
NPC256849	NPC256849	NPT3376	1	511688	PMID
NPC256849	NPC256849	NPT3783	1	511576	PMID
NPC256849	NPC256849	NPT4059	14	511564;511610;511623;511630;511675;511686;511691;511710;511748;511764;511767;511768;511773;511774	PMID
NPC256849	NPC256849	NPT4884	1	511654	PMID
NPC256849	NPC256849	NPT524	1	511654	PMID
NPC256849	NPC256849	NPT582	2	511606;511706	PMID
NPC256849	NPC256849	NPT59	1	511639	PMID
NPC256849	NPC256849	NPT876	1	511631	PMID
NPC256849	NPC256849	NPT940	1	511654	PMID
NPC256853	NPC256853	NPT109	1	485947	PMID
NPC256853	NPC256853	NPT2608	1	485949	PMID
NPC256853	NPC256853	NPT48	1	485947	PMID
NPC2569	NPC2569	NPT47	1	505266	PMID
NPC2569	NPC2569	NPT59	1	505266	PMID
NPC2569	NPC2569	NPT60	1	505266	PMID
NPC257003	NPC257003	NPT1214	1	475092	PMID
NPC257003	NPC257003	NPT2584	1	475092	PMID
NPC257025	NPC257025	NPT801	1	537659	PMID
NPC257025	NPC257025	NPT802	1	537659	PMID
NPC257025	NPC257025	NPT864	1	537659	PMID
NPC257097	NPC257097	NPT441	1	490682	PMID
NPC257124	NPC257124	NPT109	1	482398	PMID
NPC257124	NPC257124	NPT153	1	482396	PMID
NPC257124	NPC257124	NPT2691	1	482420	PMID
NPC257124	NPC257124	NPT30	1	482388	PMID
NPC257124	NPC257124	NPT31	2	482386;482388	PMID
NPC257124	NPC257124	NPT346	2	482430;482437	PMID
NPC257124	NPC257124	NPT570	1	482432	PMID
NPC257124	NPC257124	NPT94	1	482397	PMID
NPC257182	NPC257182	NPT645	1	514026	PMID
NPC257182	NPC257182	NPT646	1	514026	PMID
NPC257188	NPC257188	NPT1224	1	554300	PMID
NPC257188	NPC257188	NPT149	1	554306	PMID
NPC257188	NPC257188	NPT151	1	554306	PMID
NPC257188	NPC257188	NPT204	1	554301	PMID
NPC257188	NPC257188	NPT3101	1	554309	PMID
NPC257188	NPC257188	NPT48	2	554306;554307	PMID
NPC257188	NPC257188	NPT51	1	554307	PMID
NPC257188	NPC257188	NPT537	1	554307	PMID
NPC257188	NPC257188	NPT538	1	554307	PMID
NPC257188	NPC257188	NPT539	1	554306	PMID
NPC257188	NPC257188	NPT59	1	554307	PMID
NPC257188	NPC257188	NPT93	1	554306	PMID
NPC257188	NPC257188	NPT94	1	554306	PMID
NPC257188	NPC257188	NPT947	1	554309	PMID
NPC257188	NPC257188	NPT948	1	554309	PMID
NPC257188	NPC257188	NPT949	1	554309	PMID
NPC257188	NPC257188	NPT955	1	554309	PMID
NPC257236	NPC257236	NPT10	1	476367	PMID
NPC257236	NPC257236	NPT1344	1	476384	PMID
NPC257236	NPC257236	NPT1416	1	476367	PMID
NPC257236	NPC257236	NPT1441	1	476364	PMID
NPC257236	NPC257236	NPT1612	2	476356;476364	PMID
NPC257236	NPC257236	NPT47	4	476367;476368;476369;476370	PMID
NPC257236	NPC257236	NPT48	2	476367;476369	PMID
NPC257236	NPC257236	NPT483	1	476367	PMID
NPC257236	NPC257236	NPT50	3	476367;476368;476369	PMID
NPC257236	NPC257236	NPT51	4	476367;476368;476369;476370	PMID
NPC257236	NPC257236	NPT58	1	476367	PMID
NPC257236	NPC257236	NPT59	1	476367	PMID
NPC257236	NPC257236	NPT607	1	476356	PMID
NPC257236	NPC257236	NPT796	1	476367	PMID
NPC257236	NPC257236	NPT881	1	476356	PMID
NPC257236	NPC257236	NPT93	3	476367;476368;476370	PMID
NPC257236	NPC257236	NPT94	4	476367;476368;476369;476370	PMID
NPC257390	NPC257390	NPT3579	1	473769	PMID
NPC257424	NPC257424	NPT38	1	29140705	PMID
NPC257490	NPC257490	NPT151	1	451286	PMID
NPC257582	NPC257582	NPT109	1	558661	PMID
NPC257682	NPC257682	NPT178	1	501681	PMID
NPC257756	NPC257756	NPT3579	1	499828	PMID
NPC258046	NPC258046	NPT1529	3	490128;490136;490137	PMID
NPC258046	NPC258046	NPT261	1	490126	PMID
NPC258046	NPC258046	NPT582	1	490126	PMID
NPC258046	NPC258046	NPT6527	1	490141	PMID
NPC258048	NPC258048	NPT273	2	524354;524355	PMID
NPC258096	NPC258096	NPT48	1	533214	PMID
NPC258096	NPC258096	NPT524	1	533214	PMID
NPC258096	NPC258096	NPT796	1	533213	PMID
NPC258469	NPC258469	NPT178	1	506994	PMID
NPC258630	NPC258630	NPT178	2	509309;509311	PMID
NPC258630	NPC258630	NPT545	1	509307	PMID
NPC258773	NPC258773	NPT366	1	481647	PMID
NPC259134	NPC259134	NPT109	1	558697	PMID
NPC259134	NPC259134	NPT210	1	558697	PMID
NPC259134	NPC259134	NPT483	1	558697	PMID
NPC259134	NPC259134	NPT539	1	558697	PMID
NPC259182	NPC259182	NPT151	1	490837	PMID
NPC259182	NPC259182	NPT2875	1	490830	PMID
NPC259182	NPC259182	NPT2876	1	490830	PMID
NPC259182	NPC259182	NPT2877	1	490830	PMID
NPC259182	NPC259182	NPT5493	1	490841	PMID
NPC259182	NPC259182	NPT640	19	490823;490824;490825;490833;490835;490836;490838;490840;490841;490843;490845;490847;490849;490851;490857;490859;490861;490862;490867	PMID
NPC259182	NPC259182	NPT641	20	490824;490825;490827;490828;490829;490835;490836;490838;490840;490843;490845;490847;490849;490851;490857;490859;490861;490862;490863;490867	PMID
NPC259182	NPC259182	NPT862	1	490853	PMID
NPC259252	NPC259252	NPT204	1	458468	PMID
NPC259347	NPC259347	NPT182	1	473276	PMID
NPC259512	NPC259512	NPT2691	1	507465	PMID
NPC259512	NPC259512	NPT346	4	507438;507446;507476;507481	PMID
NPC259512	NPC259512	NPT483	1	507440	PMID
NPC259545	NPC259545	NPT204	1	495142	PMID
NPC2596	NPC2596	NPT51	1	568165	PMID
NPC2596	NPC2596	NPT537	1	568165	PMID
NPC2596	NPC2596	NPT538	1	568165	PMID
NPC2596	NPC2596	NPT93	1	568165	PMID
NPC259665	NPC259665	NPT272	1	514277	PMID
NPC259767	NPC259767	NPT1592	1	514311	PMID
NPC259767	NPC259767	NPT41	1	514309	PMID
NPC259788	NPC259788	NPT1137	1	537388	PMID
NPC259957	NPC259957	NPT109	1	530527	PMID
NPC25998	NPC25998	NPT143	1	534850	PMID
NPC260000	NPC260000	NPT153	1	545229	PMID
NPC260491	NPC260491	NPT47	1	550566	PMID
NPC260491	NPC260491	NPT48	1	550566	PMID
NPC260491	NPC260491	NPT51	1	550566	PMID
NPC260491	NPC260491	NPT59	1	550566	PMID
NPC260491	NPC260491	NPT60	1	550566	PMID
NPC26051	NPC26051	NPT178	1	544263	PMID
NPC26051	NPC26051	NPT204	1	544261	PMID
NPC260582	NPC260582	NPT78	1	518744	PMID
NPC260842	NPC260842	NPT1214	2	497813;497814	PMID
NPC260842	NPC260842	NPT2584	2	497813;497814	PMID
NPC260909	NPC260909	NPT1197	1	530261	PMID
NPC260909	NPC260909	NPT1594	1	530308	PMID
NPC260909	NPC260909	NPT483	1	530261	PMID
NPC260909	NPC260909	NPT612	1	530310	PMID
NPC260909	NPC260909	NPT668	1	530309	PMID
NPC260909	NPC260909	NPT72	2	530313;530341	PMID
NPC260909	NPC260909	NPT73	1	530313	PMID
NPC260977	NPC260977	NPT109	1	508773	PMID
NPC260977	NPC260977	NPT208	1	508691	PMID
NPC260977	NPC260977	NPT543	1	508773	PMID
NPC260977	NPC260977	NPT627	1	508773	PMID
NPC260977	NPC260977	NPT94	1	508670	PMID
NPC261012	NPC261012	NPT1028	1	563562	PMID
NPC261012	NPC261012	NPT1044	5	562317;563500;563551;563738;563758	PMID
NPC261012	NPC261012	NPT13	1	562794	PMID
NPC261012	NPC261012	NPT14	1	562794	PMID
NPC261012	NPC261012	NPT143	1	562657	PMID
NPC261012	NPC261012	NPT1432	1	562781	PMID
NPC261012	NPC261012	NPT144	1	562317	PMID
NPC261012	NPC261012	NPT1594	1	562921	PMID
NPC261012	NPC261012	NPT262	1	562794	PMID
NPC261012	NPC261012	NPT277	1	562794	PMID
NPC261012	NPC261012	NPT2796	1	562210	PMID
NPC261012	NPC261012	NPT286	1	562794	PMID
NPC261012	NPC261012	NPT322	3	563686;563704;563916	PMID
NPC261012	NPC261012	NPT568	1	562059	PMID
NPC261012	NPC261012	NPT622	1	562942	PMID
NPC261012	NPC261012	NPT668	1	562924	PMID
NPC261012	NPC261012	NPT72	1	562942	PMID
NPC261012	NPC261012	NPT73	1	562942	PMID
NPC261012	NPC261012	NPT980	1	562210	PMID
NPC261063	NPC261063	NPT279	1	28968119	PMID
NPC261181	NPC261181	NPT483	1	449479	PMID
NPC261195	NPC261195	NPT524	1	558451	PMID
NPC261351	NPC261351	NPT41	1	463307	PMID
NPC261411	NPC261411	NPT2533	1	495490	PMID
NPC261453	NPC261453	NPT77	1	549796	PMID
NPC261484	NPC261484	NPT204	1	510232	PMID
NPC261548	NPC261548	NPT109	1	487072	PMID
NPC261548	NPC261548	NPT1226	1	487072	PMID
NPC261548	NPC261548	NPT277	1	487072	PMID
NPC261548	NPC261548	NPT48	1	487072	PMID
NPC261548	NPC261548	NPT483	1	487072	PMID
NPC261548	NPC261548	NPT51	1	487072	PMID
NPC261548	NPC261548	NPT539	1	487072	PMID
NPC261619	NPC261619	NPT740	2	575349;575350	PMID
NPC261759	NPC261759	NPT1890	3	486695;486696;Patent: US8614253 B2	PMID;Patent
NPC261831	NPC261831	NPT1038	1	466365	PMID
NPC261831	NPC261831	NPT106	1	466379	PMID
NPC261831	NPC261831	NPT1418	1	466354	PMID
NPC261831	NPC261831	NPT142	3	466348;466361;466384	PMID
NPC261831	NPC261831	NPT143	1	466351	PMID
NPC261831	NPC261831	NPT144	1	466381	PMID
NPC261831	NPC261831	NPT149	1	466364	PMID
NPC261831	NPC261831	NPT178	1	466394	PMID
NPC261831	NPC261831	NPT441	1	466358	PMID
NPC261831	NPC261831	NPT51	1	466365	PMID
NPC261831	NPC261831	NPT5235	1	466348	PMID
NPC261831	NPC261831	NPT524	1	466365	PMID
NPC261831	NPC261831	NPT58	1	466366	PMID
NPC261831	NPC261831	NPT866	2	466377;466379	PMID
NPC261831	NPC261831	NPT98	1	466365	PMID
NPC261831	NPC261831	NPT99	1	466379	PMID
NPC261935	NPC261935	NPT570	1	463262	PMID
NPC262253	NPC262253	NPT1540	1	557858	PMID
NPC262253	NPC262253	NPT5136	3	557522;557526;557527	PMID
NPC262253	NPC262253	NPT5199	3	557700;557709;557926	PMID
NPC262253	NPC262253	NPT622	1	557858	PMID
NPC262253	NPC262253	NPT665	1	557858	PMID
NPC262253	NPC262253	NPT668	2	557700;557709	PMID
NPC262253	NPC262253	NPT669	1	557858	PMID
NPC262253	NPC262253	NPT72	1	557858	PMID
NPC262359	NPC262359	NPT109	1	487831	PMID
NPC262359	NPC262359	NPT1422	1	487833	PMID
NPC262359	NPC262359	NPT149	1	487831	PMID
NPC262359	NPC262359	NPT151	1	487831	PMID
NPC262359	NPC262359	NPT282	1	487831	PMID
NPC262359	NPC262359	NPT483	1	487831	PMID
NPC262359	NPC262359	NPT51	1	487831	PMID
NPC262359	NPC262359	NPT539	1	487831	PMID
NPC262359	NPC262359	NPT792	1	487831	PMID
NPC262359	NPC262359	NPT94	1	487831	PMID
NPC26244	NPC26244	NPT108	1	573689	PMID
NPC26244	NPC26244	NPT109	1	573689	PMID
NPC26244	NPC26244	NPT1119	1	573689	PMID
NPC26244	NPC26244	NPT211	1	573689	PMID
NPC26244	NPC26244	NPT483	1	573689	PMID
NPC26244	NPC26244	NPT51	2	573689;573690	PMID
NPC26244	NPC26244	NPT539	1	573689	PMID
NPC26244	NPC26244	NPT60	1	573689	PMID
NPC26244	NPC26244	NPT792	1	573689	PMID
NPC262635	NPC262635	NPT109	2	485141;485142	PMID
NPC262635	NPC262635	NPT208	1	485141	PMID
NPC262635	NPC262635	NPT217	1	485145	PMID
NPC262635	NPC262635	NPT261	1	485145	PMID
NPC262635	NPC262635	NPT282	1	485141	PMID
NPC262635	NPC262635	NPT292	1	485145	PMID
NPC262635	NPC262635	NPT48	2	485141;485142	PMID
NPC262635	NPC262635	NPT94	1	485142	PMID
NPC262671	NPC262671	NPT109	1	522424	PMID
NPC262926	NPC262926	NPT1755	1	502058	PMID
NPC262926	NPC262926	NPT51	1	502063	PMID
NPC262962	NPC262962	NPT210	1	550737	PMID
NPC262962	NPC262962	NPT94	1	550737	PMID
NPC263065	NPC263065	NPT1038	1	456120	PMID
NPC263065	NPC263065	NPT2725	1	456123	PMID
NPC263382	NPC263382	NPT3167	1	541359	PMID
NPC263382	NPC263382	NPT570	1	541359	PMID
NPC263386	NPC263386	NPT10	1	537210	PMID
NPC263386	NPC263386	NPT108	1	537221	PMID
NPC263386	NPC263386	NPT109	1	537211	PMID
NPC263386	NPC263386	NPT1119	1	537211	PMID
NPC263386	NPC263386	NPT1270	2	537222;537261	PMID
NPC263386	NPC263386	NPT13	1	537221	PMID
NPC263386	NPC263386	NPT14	1	537221	PMID
NPC263386	NPC263386	NPT149	1	537211	PMID
NPC263386	NPC263386	NPT151	2	537210;537211	PMID
NPC263386	NPC263386	NPT228	1	537221	PMID
NPC263386	NPC263386	NPT282	1	537221	PMID
NPC263386	NPC263386	NPT285	1	537221	PMID
NPC263386	NPC263386	NPT286	1	537221	PMID
NPC263386	NPC263386	NPT30	2	537192;537221	PMID
NPC263386	NPC263386	NPT31	1	537192	PMID
NPC263386	NPC263386	NPT3504	2	537224;537261	PMID
NPC263386	NPC263386	NPT3505	2	537224;537261	PMID
NPC263386	NPC263386	NPT3506	2	537224;537261	PMID
NPC263386	NPC263386	NPT3507	2	537224;537261	PMID
NPC263386	NPC263386	NPT41	2	537222;537261	PMID
NPC263386	NPC263386	NPT48	2	537210;537211	PMID
NPC263386	NPC263386	NPT483	1	537210	PMID
NPC263386	NPC263386	NPT50	1	537210	PMID
NPC263386	NPC263386	NPT51	3	537210;537211;537213	PMID
NPC263386	NPC263386	NPT570	1	537255	PMID
NPC263386	NPC263386	NPT58	1	537210	PMID
NPC263386	NPC263386	NPT77	1	537236	PMID
NPC263386	NPC263386	NPT78	1	537244	PMID
NPC263386	NPC263386	NPT792	2	537211;537243	PMID
NPC263386	NPC263386	NPT796	1	537210	PMID
NPC263386	NPC263386	NPT93	3	537210;537211;537213	PMID
NPC263386	NPC263386	NPT94	2	537211;537213	PMID
NPC263386	NPC263386	NPT940	1	537212	PMID
NPC2634	NPC2634	NPT153	1	531349	PMID
NPC2634	NPC2634	NPT211	1	531356	PMID
NPC2634	NPC2634	NPT249	1	531349	PMID
NPC2634	NPC2634	NPT540	7	531349;531350;531351;531361;531362;531363;531364	PMID
NPC2634	NPC2634	NPT541	1	531349	PMID
NPC2634	NPC2634	NPT542	1	531349	PMID
NPC2634	NPC2634	NPT543	1	531349	PMID
NPC2634	NPC2634	NPT93	1	531356	PMID
NPC2634	NPC2634	NPT94	1	531356	PMID
NPC263548	NPC263548	NPT1270	1	514358	PMID
NPC263548	NPC263548	NPT41	1	514358	PMID
NPC263548	NPC263548	NPT540	1	514353	PMID
NPC263670	NPC263670	NPT1592	1	524901	PMID
NPC263676	NPC263676	NPT1603	1	468023	PMID
NPC263676	NPC263676	NPT1604	1	468023	PMID
NPC263676	NPC263676	NPT668	1	468022	PMID
NPC263977	NPC263977	NPT5270	1	545008	PMID
NPC264005	NPC264005	NPT166	1	476720	PMID
NPC264005	NPC264005	NPT203	1	476720	PMID
NPC26413	NPC26413	NPT1591	1	543984	PMID
NPC26413	NPC26413	NPT570	2	543983;543999	PMID
NPC26413	NPC26413	NPT755	2	543995;543997	PMID
NPC26413	NPC26413	NPT956	2	543990;543996	PMID
NPC264145	NPC264145	NPT2629	1	525241	PMID
NPC264145	NPC264145	NPT48	1	525241	PMID
NPC264145	NPC264145	NPT483	1	525241	PMID
NPC264145	NPC264145	NPT50	1	525241	PMID
NPC264145	NPC264145	NPT5283	1	525250	PMID
NPC264145	NPC264145	NPT59	1	525241	PMID
NPC264145	NPC264145	NPT60	1	525241	PMID
NPC264145	NPC264145	NPT864	1	525241	PMID
NPC264145	NPC264145	NPT967	1	525235	PMID
NPC264166	NPC264166	NPT1028	1	506067	PMID
NPC264166	NPC264166	NPT109	2	505937;506088	PMID
NPC264166	NPC264166	NPT110	47	505879;505883;505900;505902;505904;505909;505910;505913;505917;505920;505922;505923;505942;505944;505953;506016;506026;506028;506029;506030;506031;506048;506049;506053;506055;506057;506058;506059;506064;506066;506069;506070;506075;506081;506082;506083;506084;506086;506089;506090;506092;506095;506097;506098;506100;506101;506104	PMID
NPC264166	NPC264166	NPT210	1	505937	PMID
NPC264166	NPC264166	NPT212	1	505877	PMID
NPC264166	NPC264166	NPT2691	1	506037	PMID
NPC264166	NPC264166	NPT2856	2	505906;506036	PMID
NPC264166	NPC264166	NPT3839	1	505906	PMID
NPC264166	NPC264166	NPT4037	1	506013	PMID
NPC264166	NPC264166	NPT439	1	506010	PMID
NPC264166	NPC264166	NPT50	1	505937	PMID
NPC264166	NPC264166	NPT613	3	505918;505995;506003	PMID
NPC264166	NPC264166	NPT668	9	505894;505897;505985;505993;505994;505996;505999;506000;506006	PMID
NPC264166	NPC264166	NPT94	1	505937	PMID
NPC264166	NPC264166	NPT98	6	505893;505901;505916;506036;506052;506063	PMID
NPC264192	NPC264192	NPT1896	1	478674	PMID
NPC264192	NPC264192	NPT2601	1	478678	PMID
NPC264192	NPC264192	NPT861	1	478680	PMID
NPC264196	NPC264196	NPT166	1	30351923	PMID
NPC264196	NPC264196	NPT204	1	30351923	PMID
NPC264196	NPC264196	NPT439	1	30351923	PMID
NPC264293	NPC264293	NPT109	2	510855;510856	PMID
NPC264293	NPC264293	NPT110	1	510856	PMID
NPC264293	NPC264293	NPT151	2	510855;510857	PMID
NPC264293	NPC264293	NPT1603	1	510867	PMID
NPC264293	NPC264293	NPT1604	1	510867	PMID
NPC264293	NPC264293	NPT208	2	510856;510867	PMID
NPC264293	NPC264293	NPT213	1	510856	PMID
NPC264293	NPC264293	NPT282	1	510855	PMID
NPC264293	NPC264293	NPT93	1	510855	PMID
NPC264293	NPC264293	NPT94	1	510855	PMID
NPC264317	NPC264317	NPT1270	1	551188	PMID
NPC264317	NPC264317	NPT1592	1	551209	PMID
NPC264317	NPC264317	NPT1896	2	551141;551142	PMID
NPC264317	NPC264317	NPT41	1	551188	PMID
NPC264317	NPC264317	NPT540	1	551159	PMID
NPC264317	NPC264317	NPT59	3	551118;551137;551175	PMID
NPC264317	NPC264317	NPT745	1	551159	PMID
NPC264391	NPC264391	NPT1472	1	543301	PMID
NPC264391	NPC264391	NPT51	1	543294	PMID
NPC264391	NPC264391	NPT665	2	543295;543299	PMID
NPC264391	NPC264391	NPT669	1	543299	PMID
NPC264400	NPC264400	NPT645	1	525789	PMID
NPC264477	NPC264477	NPT31	1	532208	PMID
NPC264779	NPC264779	NPT346	1	550557	PMID
NPC264938	NPC264938	NPT13	1	485547	PMID
NPC264938	NPC264938	NPT1371	10	485568;485570;485588;485596;485604;485605;485606;485608;485612;485614	PMID
NPC264938	NPC264938	NPT1423	9	485568;485570;485588;485596;485604;485605;485606;485608;485614	PMID
NPC264938	NPC264938	NPT1571	4	485556;485587;485608;485614	PMID
NPC264938	NPC264938	NPT182	1	485547	PMID
NPC264938	NPC264938	NPT2213	8	485570;485596;485604;485605;485606;485608;485613;485614	PMID
NPC264938	NPC264938	NPT281	1	485606	PMID
NPC264938	NPC264938	NPT285	3	485547;485548;485606	PMID
NPC264938	NPC264938	NPT286	1	485547	PMID
NPC264938	NPC264938	NPT3240	3	485605;485608;485614	PMID
NPC264938	NPC264938	NPT3346	3	485568;485608;485614	PMID
NPC264938	NPC264938	NPT3347	7	485568;485588;485604;485605;485608;485614;485616	PMID
NPC264938	NPC264938	NPT36	1	485606	PMID
NPC264938	NPC264938	NPT3783	1	485549	PMID
NPC264938	NPC264938	NPT591	1	485616	PMID
NPC264938	NPC264938	NPT761	1	485547	PMID
NPC264938	NPC264938	NPT881	1	485547	PMID
NPC265051	NPC265051	NPT1224	1	15081008	PMID
NPC265181	NPC265181	NPT38	3	537740;537747;537753	PMID
NPC265480	NPC265480	NPT41	1	541440	PMID
NPC265547	NPC265547	NPT1062	1	573832	PMID
NPC265547	NPC265547	NPT1063	1	573832	PMID
NPC265547	NPC265547	NPT1143	1	573832	PMID
NPC265547	NPC265547	NPT1146	1	573832	PMID
NPC265547	NPC265547	NPT149	1	573836	PMID
NPC265547	NPC265547	NPT151	2	573836;573837	PMID
NPC265547	NPC265547	NPT1551	1	573835	PMID
NPC265547	NPC265547	NPT41	2	573835;573841	PMID
NPC265547	NPC265547	NPT48	2	573836;573837	PMID
NPC265547	NPC265547	NPT94	2	573836;573837	PMID
NPC265547	NPC265547	NPT947	1	573832	PMID
NPC265547	NPC265547	NPT948	1	573832	PMID
NPC265547	NPC265547	NPT949	1	573832	PMID
NPC265547	NPC265547	NPT954	1	573832	PMID
NPC265547	NPC265547	NPT955	1	573832	PMID
NPC265557	NPC265557	NPT110	1	560228	PMID
NPC265605	NPC265605	NPT240	1	550658	PMID
NPC265605	NPC265605	NPT483	1	550660	PMID
NPC265605	NPC265605	NPT50	1	550660	PMID
NPC265605	NPC265605	NPT94	1	550660	PMID
NPC265624	NPC265624	NPT740	1	528009	PMID
NPC265624	NPC265624	NPT78	1	528014	PMID
NPC265789	NPC265789	NPT204	1	481453	PMID
NPC265789	NPC265789	NPT439	1	481453	PMID
NPC265885	NPC265885	NPT47	1	517613	PMID
NPC265885	NPC265885	NPT49	1	517613	PMID
NPC265885	NPC265885	NPT59	1	517613	PMID
NPC265885	NPC265885	NPT60	1	517613	PMID
NPC265885	NPC265885	NPT864	1	517613	PMID
NPC266113	NPC266113	NPT346	1	458869	PMID
NPC266116	NPC266116	NPT151	1	482501	PMID
NPC266116	NPC266116	NPT1551	1	482500	PMID
NPC266116	NPC266116	NPT41	1	482500	PMID
NPC266116	NPC266116	NPT645	2	482505;482506	PMID
NPC266116	NPC266116	NPT647	1	482505	PMID
NPC266116	NPC266116	NPT741	1	482513	PMID
NPC266116	NPC266116	NPT967	1	482497	PMID
NPC26617	NPC26617	NPT151	1	523380	PMID
NPC26617	NPC26617	NPT51	2	523380;523382	PMID
NPC26617	NPC26617	NPT537	1	523381	PMID
NPC26617	NPC26617	NPT538	1	523381	PMID
NPC26617	NPC26617	NPT940	1	523381	PMID
NPC266176	NPC266176	NPT204	1	573202	PMID
NPC266347	NPC266347	NPT346	1	490079	PMID
NPC266347	NPC266347	NPT472	1	490079	PMID
NPC266572	NPC266572	NPT178	1	480240	PMID
NPC266597	NPC266597	NPT109	1	503842	PMID
NPC266597	NPC266597	NPT212	1	503843	PMID
NPC266597	NPC266597	NPT213	1	503843	PMID
NPC266597	NPC266597	NPT2563	1	503850	PMID
NPC266597	NPC266597	NPT539	1	503842	PMID
NPC266597	NPC266597	NPT588	1	503850	PMID
NPC266689	NPC266689	NPT483	1	464992	PMID
NPC266689	NPC266689	NPT51	1	464992	PMID
NPC266689	NPC266689	NPT60	1	464992	PMID
NPC266689	NPC266689	NPT94	1	464992	PMID
NPC266743	NPC266743	NPT1197	1	544603	PMID
NPC26697	NPC26697	NPT1588	1	510174	PMID
NPC26697	NPC26697	NPT285	2	510149;510150	PMID
NPC26697	NPC26697	NPT36	2	510149;510150	PMID
NPC267340	NPC267340	NPT1287	1	447762	PMID
NPC267340	NPC267340	NPT232	1	447762	PMID
NPC267375	NPC267375	NPT1214	1	469043	PMID
NPC267375	NPC267375	NPT178	1	469047	PMID
NPC267375	NPC267375	NPT2584	1	469043	PMID
NPC267375	NPC267375	NPT3997	1	469047	PMID
NPC267509	NPC267509	NPT261	2	502098;502099	PMID
NPC267552	NPC267552	NPT741	1	492916	PMID
NPC267627	NPC267627	NPT3101	1	568984	PMID
NPC267627	NPC267627	NPT947	1	568984	PMID
NPC267627	NPC267627	NPT948	1	568984	PMID
NPC267627	NPC267627	NPT949	1	568984	PMID
NPC267627	NPC267627	NPT955	1	568984	PMID
NPC267691	NPC267691	NPT1210	1	454284	PMID
NPC267691	NPC267691	NPT178	3	454283;454284;454289	PMID
NPC267691	NPC267691	NPT3517	1	454277	PMID
NPC267691	NPC267691	NPT677	1	454292	PMID
NPC268032	NPC268032	NPT13	1	558901	PMID
NPC268238	NPC268238	NPT2892	1	492802	PMID
NPC268238	NPC268238	NPT537	1	492802	PMID
NPC268238	NPC268238	NPT538	1	492802	PMID
NPC268342	NPC268342	NPT30	1	552647	PMID
NPC268342	NPC268342	NPT740	1	552645	PMID
NPC268342	NPC268342	NPT920	1	552653	PMID
NPC26850	NPC26850	NPT151	1	505160	PMID
NPC26850	NPC26850	NPT483	1	505160	PMID
NPC26850	NPC26850	NPT93	1	505160	PMID
NPC268503	NPC268503	NPT98	1	510313	PMID
NPC268533	NPC268533	NPT1785	1	514575	PMID
NPC268718	NPC268718	NPT109	1	459531	PMID
NPC268718	NPC268718	NPT93	1	459531	PMID
NPC268763	NPC268763	NPT296	25	503027;503029;503030;503033;503036;503038;503043;503044;503046;503047;503049;503052;503053;503058;503059;503061;503062;503065;503066;503113;503129;503147;503150;503161;503164	PMID
NPC268829	NPC268829	NPT1283	1	454497	PMID
NPC268917	NPC268917	NPT178	1	509179	PMID
NPC268922	NPC268922	NPT503	1	517627	PMID
NPC268927	NPC268927	NPT1006	1	449775	PMID
NPC26906	NPC26906	NPT483	1	572716	PMID
NPC269166	NPC269166	NPT524	1	463450	PMID
NPC269206	NPC269206	NPT144	1	550446	PMID
NPC269451	NPC269451	NPT285	1	458723	PMID
NPC269492	NPC269492	NPT5270	1	558067	PMID
NPC26960	NPC26960	NPT178	1	464121	PMID
NPC269677	NPC269677	NPT178	1	490819	PMID
NPC269800	NPC269800	NPT1287	1	475780	PMID
NPC269800	NPC269800	NPT232	1	475780	PMID
NPC269823	NPC269823	NPT51	1	548138	PMID
NPC269823	NPC269823	NPT94	1	548139	PMID
NPC269877	NPC269877	NPT109	1	547761	PMID
NPC269877	NPC269877	NPT149	1	547761	PMID
NPC269877	NPC269877	NPT151	1	547762	PMID
NPC269877	NPC269877	NPT198	1	547780	PMID
NPC269877	NPC269877	NPT426	1	547782	PMID
NPC269877	NPC269877	NPT51	1	547762	PMID
NPC269877	NPC269877	NPT792	1	547761	PMID
NPC269877	NPC269877	NPT93	1	547761	PMID
NPC269877	NPC269877	NPT94	2	547761;547762	PMID
NPC269919	NPC269919	NPT149	1	504018	PMID
NPC269919	NPC269919	NPT151	1	504018	PMID
NPC269919	NPC269919	NPT48	1	504018	PMID
NPC269919	NPC269919	NPT94	1	504018	PMID
NPC270030	NPC270030	NPT2680	1	496480	PMID
NPC270094	NPC270094	NPT1062	1	520419	PMID
NPC270094	NPC270094	NPT1063	1	520419	PMID
NPC270094	NPC270094	NPT109	1	520421	PMID
NPC270094	NPC270094	NPT1143	1	520419	PMID
NPC270094	NPC270094	NPT1144	1	520419	PMID
NPC270094	NPC270094	NPT1146	1	520419	PMID
NPC270094	NPC270094	NPT149	1	520421	PMID
NPC270094	NPC270094	NPT233	3	520412;520419;520428	PMID
NPC270094	NPC270094	NPT483	1	520421	PMID
NPC270094	NPC270094	NPT94	1	520421	PMID
NPC270094	NPC270094	NPT947	3	520412;520419;520428	PMID
NPC270094	NPC270094	NPT948	1	520419	PMID
NPC270094	NPC270094	NPT949	1	520419	PMID
NPC270094	NPC270094	NPT954	1	520419	PMID
NPC270094	NPC270094	NPT955	1	520419	PMID
NPC270465	NPC270465	NPT1606	1	547093	PMID
NPC270620	NPC270620	NPT1422	2	484305;484306	PMID
NPC270620	NPC270620	NPT1594	1	484305	PMID
NPC270620	NPC270620	NPT668	1	484305	PMID
NPC270768	NPC270768	NPT677	1	559459	PMID
NPC270768	NPC270768	NPT72	1	559455	PMID
NPC270768	NPC270768	NPT73	1	559455	PMID
NPC270796	NPC270796	NPT4030	1	485396	PMID
NPC270796	NPC270796	NPT441	1	485383	PMID
NPC270796	NPC270796	NPT51	2	485387;485388	PMID
NPC270796	NPC270796	NPT546	1	485409	PMID
NPC270796	NPC270796	NPT869	2	485394;485400	PMID
NPC270796	NPC270796	NPT94	3	485387;485388;485389	PMID
NPC270883	NPC270883	NPT178	1	480748	PMID
NPC271208	NPC271208	NPT1427	1	573629	PMID
NPC271208	NPC271208	NPT283	1	573629	PMID
NPC271215	NPC271215	NPT3166	1	564881	PMID
NPC271270	NPC271270	NPT178	1	568931	PMID
NPC271282	NPC271282	NPT1785	1	553732	PMID
NPC271385	NPC271385	NPT108	1	536621	PMID
NPC271385	NPC271385	NPT248	1	536621	PMID
NPC271440	NPC271440	NPT149	1	489100	PMID
NPC271440	NPC271440	NPT151	1	489100	PMID
NPC271440	NPC271440	NPT94	1	489100	PMID
NPC271614	NPC271614	NPT864	1	465692	PMID
NPC271732	NPC271732	NPT210	1	451802	PMID
NPC271755	NPC271755	NPT3820	1	451704	PMID
NPC27208	NPC27208	NPT1274	1	567350	PMID
NPC27208	NPC27208	NPT151	1	567339	PMID
NPC27208	NPC27208	NPT1721	1	567347	PMID
NPC27208	NPC27208	NPT2266	1	567351	PMID
NPC27208	NPC27208	NPT441	1	567335	PMID
NPC27208	NPC27208	NPT48	1	567339	PMID
NPC27208	NPC27208	NPT49	1	567339	PMID
NPC27208	NPC27208	NPT501	1	567339	PMID
NPC27208	NPC27208	NPT51	2	567339;567345	PMID
NPC27208	NPC27208	NPT78	1	567345	PMID
NPC27208	NPC27208	NPT792	1	567339	PMID
NPC27208	NPC27208	NPT94	1	567339	PMID
NPC272396	NPC272396	NPT514	1	487479	PMID
NPC2724	NPC2724	NPT210	1	492048	PMID
NPC2724	NPC2724	NPT94	1	492048	PMID
NPC272426	NPC272426	NPT151	1	510419	PMID
NPC272426	NPC272426	NPT210	1	510418	PMID
NPC272426	NPC272426	NPT282	1	510418	PMID
NPC272426	NPC272426	NPT47	1	510418	PMID
NPC272426	NPC272426	NPT483	1	510417	PMID
NPC272426	NPC272426	NPT501	1	510418	PMID
NPC272426	NPC272426	NPT862	1	510431	PMID
NPC272614	NPC272614	NPT1006	1	555572	PMID
NPC272614	NPC272614	NPT50	1	555571	PMID
NPC272721	NPC272721	NPT261	1	480884	PMID
NPC272732	NPC272732	NPT204	1	466529	PMID
NPC273023	NPC273023	NPT1287	2	493720;493728	PMID
NPC273023	NPC273023	NPT232	1	493728	PMID
NPC273033	NPC273033	NPT1078	1	477115	PMID
NPC273033	NPC273033	NPT214	1	477114	PMID
NPC273033	NPC273033	NPT94	1	477117	PMID
NPC273037	NPC273037	NPT109	1	491830	PMID
NPC273037	NPC273037	NPT1259	2	491814;491815	PMID
NPC273037	NPC273037	NPT163	1	491830	PMID
NPC273037	NPC273037	NPT208	1	491830	PMID
NPC273037	NPC273037	NPT282	1	491830	PMID
NPC273037	NPC273037	NPT3549	3	491815;491823;491839	PMID
NPC273037	NPC273037	NPT3757	1	491815	PMID
NPC273037	NPC273037	NPT4562	1	491815	PMID
NPC273037	NPC273037	NPT4563	1	491824	PMID
NPC273037	NPC273037	NPT4565	2	491815;491824	PMID
NPC273037	NPC273037	NPT4576	1	491826	PMID
NPC273037	NPC273037	NPT48	2	491830;491831	PMID
NPC273037	NPC273037	NPT50	1	491831	PMID
NPC273037	NPC273037	NPT5463	1	491828	PMID
NPC273037	NPC273037	NPT58	1	491831	PMID
NPC273037	NPC273037	NPT94	1	491830	PMID
NPC273330	NPC273330	NPT109	1	527235	PMID
NPC273330	NPC273330	NPT110	1	527235	PMID
NPC273330	NPC273330	NPT208	1	527236	PMID
NPC273330	NPC273330	NPT52	1	527235	PMID
NPC273410	NPC273410	NPT178	1	516739	PMID
NPC273538	NPC273538	NPT273	1	454240	PMID
NPC27359	NPC27359	NPT1871	1	458318	PMID
NPC273657	NPC273657	NPT109	1	534541	PMID
NPC273709	NPC273709	NPT108	1	453425	PMID
NPC273709	NPC273709	NPT248	1	453425	PMID
NPC273758	NPC273758	NPT109	1	466606	PMID
NPC273758	NPC273758	NPT151	1	466606	PMID
NPC273758	NPC273758	NPT166	1	466603	PMID
NPC273758	NPC273758	NPT282	1	466606	PMID
NPC273758	NPC273758	NPT48	1	466606	PMID
NPC273758	NPC273758	NPT50	1	466606	PMID
NPC273758	NPC273758	NPT51	1	466606	PMID
NPC273758	NPC273758	NPT792	1	466606	PMID
NPC273758	NPC273758	NPT93	1	466606	PMID
NPC273932	NPC273932	NPT967	1	485081	PMID
NPC274046	NPC274046	NPT540	1	471423	PMID
NPC274079	NPC274079	NPT2533	2	520483;520484	PMID
NPC274121	NPC274121	NPT178	1	489948	PMID
NPC274121	NPC274121	NPT30	1	489942	PMID
NPC274121	NPC274121	NPT3997	1	489948	PMID
NPC274121	NPC274121	NPT740	1	489944	PMID
NPC274121	NPC274121	NPT741	1	489947	PMID
NPC274356	NPC274356	NPT51	1	550415	PMID
NPC274356	NPC274356	NPT524	1	550415	PMID
NPC274356	NPC274356	NPT60	1	550415	PMID
NPC274443	NPC274443	NPT109	1	510204	PMID
NPC274443	NPC274443	NPT1566	1	510191	PMID
NPC274443	NPC274443	NPT1627	1	510209	PMID
NPC274443	NPC274443	NPT3060	1	510224	PMID
NPC274443	NPC274443	NPT48	2	510204;510205	PMID
NPC274443	NPC274443	NPT51	2	510204;510205	PMID
NPC274443	NPC274443	NPT539	1	510204	PMID
NPC274443	NPC274443	NPT911	1	510224	PMID
NPC274443	NPC274443	NPT93	2	510204;510205	PMID
NPC274443	NPC274443	NPT94	1	510205	PMID
NPC274455	NPC274455	NPT163	1	456781	PMID
NPC274455	NPC274455	NPT204	1	456964	PMID
NPC274455	NPC274455	NPT212	1	456688	PMID
NPC274455	NPC274455	NPT2818	1	456980	PMID
NPC274455	NPC274455	NPT30	12	456664;456675;456683;456686;456693;456712;456724;456740;456813;456871;456986;456990	PMID
NPC274455	NPC274455	NPT31	33	456664;456668;456683;456686;456693;456712;456724;456757;456758;456760;456768;456772;456773;456786;456793;456798;456813;456820;456825;456845;456868;456883;456894;456912;456913;456940;456946;456954;456958;456969;456986;456989;456990	PMID
NPC274455	NPC274455	NPT3504	2	456701;456953	PMID
NPC274455	NPC274455	NPT439	1	456964	PMID
NPC274455	NPC274455	NPT483	1	456780	PMID
NPC274455	NPC274455	NPT570	1	456683	PMID
NPC274455	NPC274455	NPT604	1	456698	PMID
NPC274455	NPC274455	NPT665	1	456836	PMID
NPC274455	NPC274455	NPT669	1	456833	PMID
NPC274455	NPC274455	NPT713	1	456901	PMID
NPC274499	NPC274499	NPT210	1	490499	PMID
NPC274550	NPC274550	NPT5640	1	548063	PMID
NPC274721	NPC274721	NPT109	1	474648	PMID
NPC274721	NPC274721	NPT149	1	474648	PMID
NPC274721	NPC274721	NPT151	1	474648	PMID
NPC274721	NPC274721	NPT282	1	474648	PMID
NPC274721	NPC274721	NPT46	1	474648	PMID
NPC274721	NPC274721	NPT48	1	474648	PMID
NPC274721	NPC274721	NPT51	1	474648	PMID
NPC274721	NPC274721	NPT792	1	474648	PMID
NPC274721	NPC274721	NPT94	1	474648	PMID
NPC274784	NPC274784	NPT1603	1	572205	PMID
NPC274784	NPC274784	NPT1604	1	572205	PMID
NPC274784	NPC274784	NPT208	1	572205	PMID
NPC27501	NPC27501	NPT208	1	474752	PMID
NPC275053	NPC275053	NPT1062	1	543743	PMID
NPC275053	NPC275053	NPT1063	1	543743	PMID
NPC275053	NPC275053	NPT1143	1	543743	PMID
NPC275053	NPC275053	NPT1144	1	543743	PMID
NPC275053	NPC275053	NPT1146	1	543743	PMID
NPC275053	NPC275053	NPT233	1	543743	PMID
NPC275053	NPC275053	NPT3101	1	543743	PMID
NPC275053	NPC275053	NPT947	1	543743	PMID
NPC275053	NPC275053	NPT948	1	543743	PMID
NPC275053	NPC275053	NPT949	1	543743	PMID
NPC275053	NPC275053	NPT954	1	543743	PMID
NPC275053	NPC275053	NPT955	1	543743	PMID
NPC275055	NPC275055	NPT261	1	543682	PMID
NPC275055	NPC275055	NPT582	2	543682;543683	PMID
NPC275462	NPC275462	NPT210	1	490035	PMID
NPC275627	NPC275627	NPT60	1	453827	PMID
NPC275627	NPC275627	NPT94	1	453827	PMID
NPC275727	NPC275727	NPT514	1	565029	PMID
NPC275766	NPC275766	NPT570	1	525208	PMID
NPC275780	NPC275780	NPT1464	1	483320	PMID
NPC275780	NPC275780	NPT865	1	483314	PMID
NPC275839	NPC275839	NPT204	1	482822	PMID
NPC275839	NPC275839	NPT439	1	482821	PMID
NPC275903	NPC275903	NPT441	1	513597	PMID
NPC275960	NPC275960	NPT1197	1	481283	PMID
NPC275960	NPC275960	NPT144	1	481292	PMID
NPC275960	NPC275960	NPT282	1	481283	PMID
NPC275960	NPC275960	NPT2892	1	481283	PMID
NPC275960	NPC275960	NPT3728	1	481283	PMID
NPC275960	NPC275960	NPT4120	1	481283	PMID
NPC275960	NPC275960	NPT4358	1	481283	PMID
NPC275960	NPC275960	NPT50	1	481284	PMID
NPC275960	NPC275960	NPT501	1	481284	PMID
NPC275960	NPC275960	NPT51	2	481283;481284	PMID
NPC275960	NPC275960	NPT537	1	481283	PMID
NPC275960	NPC275960	NPT538	1	481283	PMID
NPC275960	NPC275960	NPT59	1	481283	PMID
NPC275960	NPC275960	NPT93	1	481284	PMID
NPC275960	NPC275960	NPT94	1	481284	PMID
NPC276014	NPC276014	NPT1079	1	493819	PMID
NPC276014	NPC276014	NPT163	1	493835	PMID
NPC276014	NPC276014	NPT5406	1	493825	PMID
NPC276014	NPC276014	NPT74	1	493835	PMID
NPC276061	NPC276061	NPT228	1	526051	PMID
NPC27633	NPC27633	NPT108	1	472755	PMID
NPC27633	NPC27633	NPT233	1	472754	PMID
NPC27633	NPC27633	NPT248	1	472755	PMID
NPC27633	NPC27633	NPT947	1	472754	PMID
NPC27633	NPC27633	NPT948	1	472754	PMID
NPC27633	NPC27633	NPT949	1	472754	PMID
NPC27633	NPC27633	NPT954	1	472754	PMID
NPC27633	NPC27633	NPT955	1	472754	PMID
NPC276332	NPC276332	NPT210	1	458808	PMID
NPC276377	NPC276377	NPT1044	1	545820	PMID
NPC276377	NPC276377	NPT143	1	545820	PMID
NPC276409	NPC276409	NPT47	1	528101	PMID
NPC276409	NPC276409	NPT48	1	528101	PMID
NPC276409	NPC276409	NPT51	1	528101	PMID
NPC276409	NPC276409	NPT59	1	528101	PMID
NPC27643	NPC27643	NPT178	2	552609;552610	PMID
NPC276506	NPC276506	NPT5645	1	465872	PMID
NPC276588	NPC276588	NPT242	1	448539	PMID
NPC276588	NPC276588	NPT243	1	448539	PMID
NPC276588	NPC276588	NPT677	1	448538	PMID
NPC276661	NPC276661	NPT109	1	16248836	PMID
NPC276661	NPC276661	NPT1422	1	15059881	PMID
NPC276661	NPC276661	NPT143	3	15454230;19254843;33492141	PMID
NPC276661	NPC276661	NPT901	1	21030469	PMID
NPC276905	NPC276905	NPT1422	1	566944	PMID
NPC276928	NPC276928	NPT1006	1	525711	PMID
NPC276928	NPC276928	NPT3580	1	525710	PMID
NPC276930	NPC276930	NPT261	1	572694	PMID
NPC276944	NPC276944	NPT677	1	481684	PMID
NPC27699	NPC27699	NPT2608	1	458756	PMID
NPC277021	NPC277021	NPT109	1	482311	PMID
NPC277021	NPC277021	NPT149	1	482311	PMID
NPC277021	NPC277021	NPT151	1	482311	PMID
NPC277021	NPC277021	NPT1551	1	482310	PMID
NPC277021	NPC277021	NPT41	1	482310	PMID
NPC277021	NPC277021	NPT46	1	482311	PMID
NPC277021	NPC277021	NPT48	1	482311	PMID
NPC277021	NPC277021	NPT57	1	482318	PMID
NPC277021	NPC277021	NPT94	1	482311	PMID
NPC277021	NPC277021	NPT967	1	482309	PMID
NPC2771	NPC2771	NPT109	1	546522	PMID
NPC2771	NPC2771	NPT149	1	546522	PMID
NPC2771	NPC2771	NPT151	1	546522	PMID
NPC2771	NPC2771	NPT3839	1	546529	PMID
NPC2771	NPC2771	NPT46	1	546522	PMID
NPC2771	NPC2771	NPT48	2	546522;546523	PMID
NPC2771	NPC2771	NPT483	1	546522	PMID
NPC2771	NPC2771	NPT501	1	546523	PMID
NPC2771	NPC2771	NPT51	2	546522;546523	PMID
NPC2771	NPC2771	NPT537	1	546523	PMID
NPC2771	NPC2771	NPT538	1	546523	PMID
NPC2771	NPC2771	NPT539	1	546522	PMID
NPC2771	NPC2771	NPT582	1	546520	PMID
NPC2771	NPC2771	NPT584	1	546523	PMID
NPC2771	NPC2771	NPT588	1	546525	PMID
NPC2771	NPC2771	NPT93	1	546522	PMID
NPC2771	NPC2771	NPT94	1	546522	PMID
NPC2771	NPC2771	NPT98	1	546529	PMID
NPC277174	NPC277174	NPT51	1	513289	PMID
NPC277174	NPC277174	NPT59	1	513289	PMID
NPC277174	NPC277174	NPT60	1	513289	PMID
NPC277174	NPC277174	NPT864	1	513289	PMID
NPC27723	NPC27723	NPT346	1	502197	PMID
NPC277475	NPC277475	NPT503	2	553350;553351	PMID
NPC277475	NPC277475	NPT5646	1	553355	PMID
NPC277510	NPC277510	NPT1265	1	458757	PMID
NPC277510	NPC277510	NPT1337	1	458757	PMID
NPC277510	NPC277510	NPT1433	1	458757	PMID
NPC277510	NPC277510	NPT1436	1	458757	PMID
NPC277510	NPC277510	NPT1438	1	458757	PMID
NPC277510	NPC277510	NPT1478	1	458757	PMID
NPC277510	NPC277510	NPT1656	1	458757	PMID
NPC277510	NPC277510	NPT1657	1	458757	PMID
NPC277510	NPC277510	NPT1658	1	458757	PMID
NPC277510	NPC277510	NPT1659	1	458757	PMID
NPC277510	NPC277510	NPT1660	1	458757	PMID
NPC277510	NPC277510	NPT1661	1	458757	PMID
NPC277510	NPC277510	NPT36	1	458757	PMID
NPC277510	NPC277510	NPT5648	1	458757	PMID
NPC277510	NPC277510	NPT5649	1	458757	PMID
NPC277510	NPC277510	NPT684	1	458757	PMID
NPC277510	NPC277510	NPT685	1	458757	PMID
NPC277510	NPC277510	NPT686	1	458757	PMID
NPC277510	NPC277510	NPT687	1	458757	PMID
NPC277510	NPC277510	NPT692	1	458757	PMID
NPC277510	NPC277510	NPT728	1	458757	PMID
NPC277510	NPC277510	NPT831	1	458757	PMID
NPC27765	NPC27765	NPT178	1	559663	PMID
NPC27765	NPC27765	NPT540	1	559655	PMID
NPC277704	NPC277704	NPT1119	1	549690	PMID
NPC277704	NPC277704	NPT204	1	549684	PMID
NPC277704	NPC277704	NPT210	1	549690	PMID
NPC277704	NPC277704	NPT483	1	549689	PMID
NPC278010	NPC278010	NPT46	1	476350	PMID
NPC278010	NPC278010	NPT48	1	476350	PMID
NPC278010	NPC278010	NPT59	1	476350	PMID
NPC278010	NPC278010	NPT94	1	476350	PMID
NPC278028	NPC278028	NPT46	1	573534	PMID
NPC278028	NPC278028	NPT792	1	573532	PMID
NPC278028	NPC278028	NPT93	1	573533	PMID
NPC278068	NPC278068	NPT178	1	572218	PMID
NPC278102	NPC278102	NPT48	1	513128	PMID
NPC278102	NPC278102	NPT537	1	513128	PMID
NPC278175	NPC278175	NPT109	1	536636	PMID
NPC278175	NPC278175	NPT1119	1	536636	PMID
NPC278175	NPC278175	NPT149	2	536636;536637	PMID
NPC278175	NPC278175	NPT151	1	536636	PMID
NPC278175	NPC278175	NPT163	1	536636	PMID
NPC278175	NPC278175	NPT208	1	536636	PMID
NPC278175	NPC278175	NPT212	1	536637	PMID
NPC278175	NPC278175	NPT213	1	536637	PMID
NPC278175	NPC278175	NPT45	1	536636	PMID
NPC278175	NPC278175	NPT48	1	536636	PMID
NPC278175	NPC278175	NPT50	1	536636	PMID
NPC278175	NPC278175	NPT51	1	536636	PMID
NPC278175	NPC278175	NPT539	1	536636	PMID
NPC278175	NPC278175	NPT792	1	536636	PMID
NPC278175	NPC278175	NPT94	1	536636	PMID
NPC278175	NPC278175	NPT96	1	536636	PMID
NPC278308	NPC278308	NPT109	1	485022	PMID
NPC278308	NPC278308	NPT110	1	485022	PMID
NPC278308	NPC278308	NPT212	1	485022	PMID
NPC278308	NPC278308	NPT213	1	485022	PMID
NPC278308	NPC278308	NPT240	1	485022	PMID
NPC278308	NPC278308	NPT41	1	485023	PMID
NPC278308	NPC278308	NPT627	1	485022	PMID
NPC278308	NPC278308	NPT628	1	485022	PMID
NPC278308	NPC278308	NPT92	1	485019	PMID
NPC27836	NPC27836	NPT1006	1	523478	PMID
NPC27836	NPC27836	NPT1038	1	523476	PMID
NPC278419	NPC278419	NPT273	1	543427	PMID
NPC278427	NPC278427	NPT721	1	469394	PMID
NPC278525	NPC278525	NPT4163	1	511283	PMID
NPC278552	NPC278552	NPT30	2	462938;462939	PMID
NPC278552	NPC278552	NPT31	1	462939	PMID
NPC278556	NPC278556	NPT1422	1	527305	PMID
NPC278556	NPC278556	NPT48	1	527304	PMID
NPC278556	NPC278556	NPT537	1	527304	PMID
NPC278556	NPC278556	NPT538	1	527304	PMID
NPC278556	NPC278556	NPT94	1	527304	PMID
NPC278758	NPC278758	NPT1443	2	521315;521316	PMID
NPC278758	NPC278758	NPT483	1	521309	PMID
NPC278758	NPC278758	NPT6365	1	521315	PMID
NPC278778	NPC278778	NPT204	1	459909	PMID
NPC278778	NPC278778	NPT279	1	459911	PMID
NPC278787	NPC278787	NPT261	1	528795	PMID
NPC278787	NPC278787	NPT741	1	528797	PMID
NPC278799	NPC278799	NPT242	1	545445	PMID
NPC278821	NPC278821	NPT1006	1	532626	PMID
NPC278877	NPC278877	NPT1603	1	483308	PMID
NPC278877	NPC278877	NPT1604	1	483308	PMID
NPC278968	NPC278968	NPT178	1	28522265	PMID
NPC279026	NPC279026	NPT106	1	525434	PMID
NPC279026	NPC279026	NPT210	1	525425	PMID
NPC279026	NPC279026	NPT866	1	525434	PMID
NPC279026	NPC279026	NPT99	2	525434;525441	PMID
NPC279118	NPC279118	NPT178	1	536902	PMID
NPC279121	NPC279121	NPT1062	1	550971	PMID
NPC279121	NPC279121	NPT1089	1	550919	PMID
NPC279121	NPC279121	NPT109	2	550898;550899	PMID
NPC279121	NPC279121	NPT1090	1	550919	PMID
NPC279121	NPC279121	NPT110	1	550904	PMID
NPC279121	NPC279121	NPT1119	2	550898;550899	PMID
NPC279121	NPC279121	NPT1187	1	551021	PMID
NPC279121	NPC279121	NPT1270	1	550974	PMID
NPC279121	NPC279121	NPT1338	1	550878	PMID
NPC279121	NPC279121	NPT1371	1	550831	PMID
NPC279121	NPC279121	NPT1385	1	551029	PMID
NPC279121	NPC279121	NPT1422	1	550906	PMID
NPC279121	NPC279121	NPT1449	1	550928	PMID
NPC279121	NPC279121	NPT149	2	550898;550904	PMID
NPC279121	NPC279121	NPT151	1	550898	PMID
NPC279121	NPC279121	NPT1566	1	550841	PMID
NPC279121	NPC279121	NPT1592	1	551001	PMID
NPC279121	NPC279121	NPT1603	3	550888;550908;550990	PMID
NPC279121	NPC279121	NPT1604	3	550888;550908;550990	PMID
NPC279121	NPC279121	NPT1606	1	550890	PMID
NPC279121	NPC279121	NPT1619	1	550901	PMID
NPC279121	NPC279121	NPT1627	1	550916	PMID
NPC279121	NPC279121	NPT1650	1	550940	PMID
NPC279121	NPC279121	NPT1663	1	551026	PMID
NPC279121	NPC279121	NPT1721	1	550970	PMID
NPC279121	NPC279121	NPT204	1	550869	PMID
NPC279121	NPC279121	NPT208	2	550888;550898	PMID
NPC279121	NPC279121	NPT210	1	550904	PMID
NPC279121	NPC279121	NPT211	1	550898	PMID
NPC279121	NPC279121	NPT212	1	550904	PMID
NPC279121	NPC279121	NPT213	1	550904	PMID
NPC279121	NPC279121	NPT233	1	550971	PMID
NPC279121	NPC279121	NPT2562	1	550941	PMID
NPC279121	NPC279121	NPT2563	1	550941	PMID
NPC279121	NPC279121	NPT261	1	550874	PMID
NPC279121	NPC279121	NPT279	1	550994	PMID
NPC279121	NPC279121	NPT280	1	550919	PMID
NPC279121	NPC279121	NPT3213	1	551033	PMID
NPC279121	NPC279121	NPT3283	1	551033	PMID
NPC279121	NPC279121	NPT41	2	550945;550974	PMID
NPC279121	NPC279121	NPT439	1	550869	PMID
NPC279121	NPC279121	NPT46	1	550900	PMID
NPC279121	NPC279121	NPT47	5	550898;550899;550900;550901;550902	PMID
NPC279121	NPC279121	NPT48	3	550898;550899;550900	PMID
NPC279121	NPC279121	NPT483	1	550898	PMID
NPC279121	NPC279121	NPT50	2	550898;550900	PMID
NPC279121	NPC279121	NPT501	1	550900	PMID
NPC279121	NPC279121	NPT51	2	550899;550900	PMID
NPC279121	NPC279121	NPT539	2	550898;550899	PMID
NPC279121	NPC279121	NPT567	1	550919	PMID
NPC279121	NPC279121	NPT568	1	550919	PMID
NPC279121	NPC279121	NPT570	1	550949	PMID
NPC279121	NPC279121	NPT58	3	550899;550900;550902	PMID
NPC279121	NPC279121	NPT582	1	550874	PMID
NPC279121	NPC279121	NPT588	1	550941	PMID
NPC279121	NPC279121	NPT59	1	550900	PMID
NPC279121	NPC279121	NPT591	1	550937	PMID
NPC279121	NPC279121	NPT60	1	550900	PMID
NPC279121	NPC279121	NPT668	1	550922	PMID
NPC279121	NPC279121	NPT741	1	551035	PMID
NPC279121	NPC279121	NPT77	2	550951;550967	PMID
NPC279121	NPC279121	NPT78	1	550955	PMID
NPC279121	NPC279121	NPT792	3	550898;550899;550984	PMID
NPC279121	NPC279121	NPT865	1	550827	PMID
NPC279121	NPC279121	NPT870	1	550909	PMID
NPC279121	NPC279121	NPT920	1	551032	PMID
NPC279121	NPC279121	NPT93	1	550898	PMID
NPC279121	NPC279121	NPT94	2	550898;550899	PMID
NPC279121	NPC279121	NPT949	1	550971	PMID
NPC279121	NPC279121	NPT955	1	550971	PMID
NPC279121	NPC279121	NPT967	4	550850;550879;550956;550968	PMID
NPC279209	NPC279209	NPT622	1	23401473	PMID
NPC279209	NPC279209	NPT72	1	23401473	PMID
NPC279209	NPC279209	NPT73	1	23401473	PMID
NPC279401	NPC279401	NPT483	1	551671	PMID
NPC279401	NPC279401	NPT58	1	551671	PMID
NPC279406	NPC279406	NPT280	1	550232	PMID
NPC279406	NPC279406	NPT568	1	550232	PMID
NPC279463	NPC279463	NPT178	1	570491	PMID
NPC279666	NPC279666	NPT546	1	483625	PMID
NPC279666	NPC279666	NPT5981	1	483625	PMID
NPC279666	NPC279666	NPT5983	1	483625	PMID
NPC279916	NPC279916	NPT261	1	551047	PMID
NPC279916	NPC279916	NPT582	1	551047	PMID
NPC280026	NPC280026	NPT109	1	574203	PMID
NPC280026	NPC280026	NPT1210	1	574221	PMID
NPC280026	NPC280026	NPT1226	1	574203	PMID
NPC280026	NPC280026	NPT149	1	574203	PMID
NPC280026	NPC280026	NPT157	1	574203	PMID
NPC280026	NPC280026	NPT178	1	574221	PMID
NPC280026	NPC280026	NPT198	1	574236	PMID
NPC280026	NPC280026	NPT210	1	574203	PMID
NPC280026	NPC280026	NPT211	1	574203	PMID
NPC280026	NPC280026	NPT282	1	574203	PMID
NPC280026	NPC280026	NPT3225	1	574222	PMID
NPC280026	NPC280026	NPT3938	1	574207	PMID
NPC280026	NPC280026	NPT50	1	574204	PMID
NPC280026	NPC280026	NPT51	1	574204	PMID
NPC280026	NPC280026	NPT540	3	574199;574201;574228	PMID
NPC280026	NPC280026	NPT5655	1	574233	PMID
NPC280026	NPC280026	NPT58	1	574204	PMID
NPC280026	NPC280026	NPT745	5	574199;574201;574213;574225;574231	PMID
NPC280135	NPC280135	NPT208	1	451309	PMID
NPC280135	NPC280135	NPT240	2	451310;451311	PMID
NPC280135	NPC280135	NPT50	1	451312	PMID
NPC280254	NPC280254	NPT1063	1	569023	PMID
NPC280254	NPC280254	NPT14	1	569026	PMID
NPC280254	NPC280254	NPT149	1	569022	PMID
NPC280254	NPC280254	NPT151	1	569022	PMID
NPC280254	NPC280254	NPT233	1	569023	PMID
NPC280254	NPC280254	NPT285	1	569026	PMID
NPC280254	NPC280254	NPT31	1	569018	PMID
NPC280254	NPC280254	NPT47	1	569022	PMID
NPC280254	NPC280254	NPT483	1	569022	PMID
NPC280254	NPC280254	NPT50	1	569022	PMID
NPC280254	NPC280254	NPT792	1	569022	PMID
NPC280254	NPC280254	NPT94	1	569022	PMID
NPC280254	NPC280254	NPT947	1	569023	PMID
NPC280606	NPC280606	NPT1603	2	508018;508020	PMID
NPC280606	NPC280606	NPT1604	3	508017;508018;508020	PMID
NPC280664	NPC280664	NPT5212	1	514999	PMID
NPC280807	NPC280807	NPT4169	1	519335	PMID
NPC280807	NPC280807	NPT51	1	519343	PMID
NPC280807	NPC280807	NPT5648	14	519311;519344;519356;519366;519371;519373;519383;519392;519405;519406;519426;519434;519435;519448	PMID
NPC280807	NPC280807	NPT5649	21	519307;519311;519314;519324;519326;519336;519344;519356;519371;519373;519383;519392;519398;519405;519406;519412;519416;519429;519430;519434;519435	PMID
NPC280807	NPC280807	NPT5847	1	519418	PMID
NPC280807	NPC280807	NPT677	1	519302	PMID
NPC280807	NPC280807	NPT684	81	519254;519257;519260;519266;519280;519282;519283;519285;519292;519293;519294;519295;519299;519307;519311;519314;519315;519319;519321;519324;519326;519327;519328;519330;519336;519339;519344;519348;519353;519355;519356;519357;519359;519360;519362;519363;519365;519366;519368;519369;519370;519371;519373;519376;519378;519382;519383;519385;519389;519390;519392;519394;519395;519398;519400;519405;519406;519408;519409;519411;519412;519414;519415;519416;519421;519422;519425;519426;519428;519429;519430;519431;519432;519434;519435;519442;519443;519444;519446;519447;519449	PMID
NPC280807	NPC280807	NPT685	40	519282;519307;519311;519312;519314;519324;519326;519327;519330;519336;519344;519348;519353;519356;519357;519360;519366;519368;519369;519371;519376;519382;519383;519389;519392;519395;519398;519405;519406;519408;519409;519412;519416;519429;519430;519434;519435;519438;519442;519443	PMID
NPC280807	NPC280807	NPT686	24	519307;519311;519314;519319;519324;519326;519327;519330;519336;519344;519348;519373;519382;519383;519390;519395;519398;519405;519408;519412;519415;519430;519434;519447	PMID
NPC280807	NPC280807	NPT687	44	519280;519307;519311;519312;519314;519319;519324;519326;519327;519330;519336;519344;519348;519353;519364;519366;519368;519369;519371;519373;519382;519383;519385;519389;519390;519392;519393;519398;519405;519406;519407;519408;519409;519412;519415;519424;519426;519430;519434;519435;519442;519443;519447;519448	PMID
NPC280807	NPC280807	NPT688	27	519254;519280;519283;519292;519293;519294;519295;519299;519311;519321;519330;519336;519344;519348;519356;519363;519366;519369;519370;519373;519378;519382;519383;519393;519398;519425;519435	PMID
NPC280807	NPC280807	NPT689	13	519311;519330;519336;519344;519356;519366;519369;519373;519382;519383;519398;519429;519435	PMID
NPC280807	NPC280807	NPT690	12	519311;519330;519336;519344;519356;519373;519382;519383;519393;519398;519429;519435	PMID
NPC280807	NPC280807	NPT691	10	519311;519330;519336;519344;519356;519373;519382;519383;519398;519435	PMID
NPC280807	NPC280807	NPT692	67	519280;519282;519283;519293;519295;519299;519300;519307;519311;519312;519314;519319;519321;519324;519326;519327;519330;519336;519339;519344;519348;519353;519356;519363;519365;519366;519369;519370;519371;519373;519376;519382;519383;519385;519387;519389;519390;519392;519394;519395;519398;519400;519403;519405;519406;519409;519411;519412;519415;519416;519419;519421;519422;519423;519424;519425;519426;519428;519430;519432;519434;519435;519442;519443;519446;519447;519449	PMID
NPC280807	NPC280807	NPT93	2	519342;519343	PMID
NPC280807	NPC280807	NPT94	1	519343	PMID
NPC280869	NPC280869	NPT153	1	452133	PMID
NPC280945	NPC280945	NPT670	1	552673	PMID
NPC281014	NPC281014	NPT864	1	523293	PMID
NPC281020	NPC281020	NPT163	1	572664	PMID
NPC281020	NPC281020	NPT210	1	572664	PMID
NPC281020	NPC281020	NPT50	1	572665	PMID
NPC281020	NPC281020	NPT60	1	572666	PMID
NPC281020	NPC281020	NPT94	1	572665	PMID
NPC281094	NPC281094	NPT178	1	508818	PMID
NPC281104	NPC281104	NPT228	28	527510;527526;527527;527528;527541;527546;527558;527561;527565;527613;527620;527621;527622;527624;527625;527626;527627;527636;527637;527639;527640;527641;527646;527647;527650;527661;527670;527671	PMID
NPC281104	NPC281104	NPT246	35	527495;527499;527510;527526;527527;527528;527541;527546;527550;527558;527561;527565;527613;527616;527620;527622;527624;527625;527626;527627;527632;527633;527636;527637;527639;527640;527641;527646;527647;527650;527654;527661;527668;527670;527673	PMID
NPC281104	NPC281104	NPT295	31	527504;527510;527526;527527;527528;527541;527546;527550;527558;527561;527565;527613;527620;527622;527624;527625;527626;527627;527633;527636;527637;527639;527640;527641;527646;527647;527650;527654;527661;527670;527671	PMID
NPC281104	NPC281104	NPT296	1	527497	PMID
NPC281104	NPC281104	NPT98	6	527518;527586;527608;527617;527638;527642	PMID
NPC281131	NPC281131	NPT282	1	470872	PMID
NPC281131	NPC281131	NPT41	1	470875	PMID
NPC281131	NPC281131	NPT48	1	470872	PMID
NPC281131	NPC281131	NPT483	1	470872	PMID
NPC281131	NPC281131	NPT501	1	470872	PMID
NPC281131	NPC281131	NPT51	1	470872	PMID
NPC281131	NPC281131	NPT59	1	470872	PMID
NPC281131	NPC281131	NPT60	1	470872	PMID
NPC281131	NPC281131	NPT862	1	470882	PMID
NPC281356	NPC281356	NPT4046	1	489794	PMID
NPC281356	NPC281356	NPT48	1	489784	PMID
NPC281356	NPC281356	NPT94	1	489784	PMID
NPC281398	NPC281398	NPT1119	1	524274	PMID
NPC281398	NPC281398	NPT144	1	524283	PMID
NPC281398	NPC281398	NPT149	1	524274	PMID
NPC281398	NPC281398	NPT151	2	524274;524276	PMID
NPC281398	NPC281398	NPT166	1	524287	PMID
NPC281398	NPC281398	NPT203	1	524287	PMID
NPC281398	NPC281398	NPT205	1	524288	PMID
NPC281398	NPC281398	NPT206	1	524288	PMID
NPC281398	NPC281398	NPT282	2	524274;524275	PMID
NPC281398	NPC281398	NPT3000	1	524291	PMID
NPC281398	NPC281398	NPT41	1	524279	PMID
NPC281398	NPC281398	NPT4674	1	524275	PMID
NPC281398	NPC281398	NPT47	2	524274;524275	PMID
NPC281398	NPC281398	NPT48	3	524274;524275;524276	PMID
NPC281398	NPC281398	NPT483	1	524274	PMID
NPC281398	NPC281398	NPT50	3	524274;524276;524277	PMID
NPC281398	NPC281398	NPT51	4	524274;524275;524276;524277	PMID
NPC281398	NPC281398	NPT539	1	524274	PMID
NPC281398	NPC281398	NPT59	1	524275	PMID
NPC281398	NPC281398	NPT864	1	524275	PMID
NPC281398	NPC281398	NPT94	4	524274;524275;524276;524277	PMID
NPC281521	NPC281521	NPT31	1	549910	PMID
NPC281558	NPC281558	NPT59	1	468140	PMID
NPC281604	NPC281604	NPT51	1	466456	PMID
NPC28169	NPC28169	NPT1890	3	460972;460973;Patent: US8614253 B2	PMID;Patent
NPC281883	NPC281883	NPT483	1	504517	PMID
NPC281883	NPC281883	NPT539	1	504518	PMID
NPC281972	NPC281972	NPT144	1	490359	PMID
NPC281986	NPC281986	NPT109	1	529350	PMID
NPC281986	NPC281986	NPT50	1	529350	PMID
NPC281986	NPC281986	NPT539	1	529350	PMID
NPC281986	NPC281986	NPT78	1	529359	PMID
NPC281986	NPC281986	NPT792	1	529350	PMID
NPC281986	NPC281986	NPT920	1	529359	PMID
NPC281986	NPC281986	NPT94	1	529350	PMID
NPC282009	NPC282009	NPT204	1	540345	PMID
NPC282267	NPC282267	NPT1464	1	533547	PMID
NPC282294	NPC282294	NPT1197	1	542653	PMID
NPC282294	NPC282294	NPT1249	1	542689	PMID
NPC282294	NPC282294	NPT1416	1	542653	PMID
NPC282294	NPC282294	NPT1691	1	542703	PMID
NPC282294	NPC282294	NPT210	1	542652	PMID
NPC282294	NPC282294	NPT211	2	542651;542653	PMID
NPC282294	NPC282294	NPT212	1	542652	PMID
NPC282294	NPC282294	NPT47	1	542651	PMID
NPC282294	NPC282294	NPT483	3	542651;542652;542653	PMID
NPC282294	NPC282294	NPT5009	2	542641;542646	PMID
NPC282294	NPC282294	NPT51	2	542653;542654	PMID
NPC282294	NPC282294	NPT524	1	542653	PMID
NPC282294	NPC282294	NPT539	1	542651	PMID
NPC282294	NPC282294	NPT5689	1	542641	PMID
NPC282294	NPC282294	NPT5690	1	542642	PMID
NPC282294	NPC282294	NPT5691	1	542647	PMID
NPC282294	NPC282294	NPT612	1	542689	PMID
NPC282294	NPC282294	NPT94	2	542651;542653	PMID
NPC282300	NPC282300	NPT218	1	569806	PMID
NPC282307	NPC282307	NPT109	1	474717	PMID
NPC282307	NPC282307	NPT1226	1	474717	PMID
NPC282307	NPC282307	NPT211	1	474719	PMID
NPC282307	NPC282307	NPT212	1	474719	PMID
NPC282307	NPC282307	NPT213	1	474719	PMID
NPC282307	NPC282307	NPT282	1	474717	PMID
NPC282307	NPC282307	NPT45	1	474717	PMID
NPC282307	NPC282307	NPT48	1	474717	PMID
NPC282307	NPC282307	NPT51	1	474717	PMID
NPC282307	NPC282307	NPT539	1	474717	PMID
NPC282307	NPC282307	NPT792	2	474717;474719	PMID
NPC282307	NPC282307	NPT918	1	474720	PMID
NPC282307	NPC282307	NPT93	1	474717	PMID
NPC282307	NPC282307	NPT94	2	474717;474718	PMID
NPC282454	NPC282454	NPT211	1	490534	PMID
NPC28280	NPC28280	NPT1099	4	501195;501209;501212;501220	PMID
NPC28280	NPC28280	NPT1896	1	501221	PMID
NPC28280	NPC28280	NPT1898	1	501210	PMID
NPC282895	NPC282895	NPT792	1	488974	PMID
NPC282895	NPC282895	NPT94	1	488974	PMID
NPC282923	NPC282923	NPT109	1	486635	PMID
NPC282923	NPC282923	NPT157	1	486635	PMID
NPC282923	NPC282923	NPT210	1	486635	PMID
NPC282923	NPC282923	NPT279	1	486612	PMID
NPC282923	NPC282923	NPT282	1	486635	PMID
NPC282923	NPC282923	NPT45	1	486635	PMID
NPC282923	NPC282923	NPT47	1	486635	PMID
NPC282923	NPC282923	NPT48	1	486636	PMID
NPC282923	NPC282923	NPT50	1	486634	PMID
NPC282923	NPC282923	NPT51	3	486634;486636;486637	PMID
NPC282923	NPC282923	NPT94	1	486635	PMID
NPC283130	NPC283130	NPT439	1	521644	PMID
NPC283245	NPC283245	NPT178	1	519148	PMID
NPC28337	NPC28337	NPT109	1	525449	PMID
NPC28337	NPC28337	NPT483	1	525449	PMID
NPC28337	NPC28337	NPT51	1	525449	PMID
NPC283468	NPC283468	NPT280	1	451711	PMID
NPC283468	NPC283468	NPT568	1	451711	PMID
NPC283468	NPC283468	NPT69	1	451711	PMID
NPC283655	NPC283655	NPT346	1	494141	PMID
NPC283682	NPC283682	NPT94	1	489083	PMID
NPC283823	NPC283823	NPT2230	1	464744	PMID
NPC283908	NPC283908	NPT212	1	506107	PMID
NPC283908	NPC283908	NPT213	1	506107	PMID
NPC283949	NPC283949	NPT109	1	520906	PMID
NPC28425	NPC28425	NPT1371	2	514929;514930	PMID
NPC28425	NPC28425	NPT1423	2	514929;514930	PMID
NPC28425	NPC28425	NPT1432	1	514929	PMID
NPC28425	NPC28425	NPT1433	1	514930	PMID
NPC28425	NPC28425	NPT2213	2	514929;514930	PMID
NPC284409	NPC284409	NPT862	1	458614	PMID
NPC284424	NPC284424	NPT588	1	500866	PMID
NPC284472	NPC284472	NPT741	1	461250	PMID
NPC284475	NPC284475	NPT282	1	551940	PMID
NPC284475	NPC284475	NPT51	1	551940	PMID
NPC284475	NPC284475	NPT920	1	551954	PMID
NPC284685	NPC284685	NPT864	1	463182	PMID
NPC284810	NPC284810	NPT2752	1	455694	PMID
NPC284810	NPC284810	NPT50	1	455694	PMID
NPC284810	NPC284810	NPT864	1	455694	PMID
NPC284820	NPC284820	NPT2680	1	495250	PMID
NPC28510	NPC28510	NPT145	2	568172;568174	PMID
NPC28510	NPC28510	NPT271	2	568170;568172	PMID
NPC28510	NPC28510	NPT272	1	568172	PMID
NPC285254	NPC285254	NPT601	1	457130	PMID
NPC285322	NPC285322	NPT210	1	558320	PMID
NPC285364	NPC285364	NPT5646	1	533815	PMID
NPC285394	NPC285394	NPT290	1	515655	PMID
NPC285394	NPC285394	NPT410	1	515650	PMID
NPC285394	NPC285394	NPT483	1	515646	PMID
NPC285480	NPC285480	NPT1197	1	455655	PMID
NPC285555	NPC285555	NPT1078	1	33215494	PMID
NPC285635	NPC285635	NPT366	1	571055	PMID
NPC285635	NPC285635	NPT48	1	571053	PMID
NPC285635	NPC285635	NPT483	1	571053	PMID
NPC285635	NPC285635	NPT537	1	571053	PMID
NPC285635	NPC285635	NPT538	1	571053	PMID
NPC285635	NPC285635	NPT59	1	571053	PMID
NPC285635	NPC285635	NPT93	1	571053	PMID
NPC285635	NPC285635	NPT94	1	571053	PMID
NPC285659	NPC285659	NPT3953	1	534579	PMID
NPC285716	NPC285716	NPT204	1	465623	PMID
NPC285716	NPC285716	NPT38	1	465624	PMID
NPC285773	NPC285773	NPT41	1	468543	PMID
NPC285776	NPC285776	NPT1062	1	530578	PMID
NPC285776	NPC285776	NPT1063	1	530578	PMID
NPC285776	NPC285776	NPT2230	1	530573	PMID
NPC285776	NPC285776	NPT233	1	530576	PMID
NPC285776	NPC285776	NPT947	1	530576	PMID
NPC285776	NPC285776	NPT948	1	530576	PMID
NPC285776	NPC285776	NPT949	1	530576	PMID
NPC285776	NPC285776	NPT954	1	530582	PMID
NPC285776	NPC285776	NPT955	1	530582	PMID
NPC285829	NPC285829	NPT1079	3	461033;461037;461048	PMID
NPC285829	NPC285829	NPT1080	1	461037	PMID
NPC285829	NPC285829	NPT109	1	461013	PMID
NPC285829	NPC285829	NPT1226	1	461014	PMID
NPC285829	NPC285829	NPT1424	1	461014	PMID
NPC285829	NPC285829	NPT149	2	461013;461014	PMID
NPC285829	NPC285829	NPT151	1	461014	PMID
NPC285829	NPC285829	NPT1603	1	461044	PMID
NPC285829	NPC285829	NPT1604	1	461044	PMID
NPC285829	NPC285829	NPT208	1	461044	PMID
NPC285829	NPC285829	NPT277	2	461013;461014	PMID
NPC285829	NPC285829	NPT282	2	461013;461014	PMID
NPC285829	NPC285829	NPT286	1	461029	PMID
NPC285829	NPC285829	NPT3060	1	461045	PMID
NPC285829	NPC285829	NPT346	1	461049	PMID
NPC285829	NPC285829	NPT47	1	461014	PMID
NPC285829	NPC285829	NPT48	2	461013;461014	PMID
NPC285829	NPC285829	NPT491	1	461014	PMID
NPC285829	NPC285829	NPT50	1	461013	PMID
NPC285829	NPC285829	NPT51	2	461013;461014	PMID
NPC285829	NPC285829	NPT539	2	461013;461014	PMID
NPC285829	NPC285829	NPT58	1	461014	PMID
NPC285829	NPC285829	NPT792	1	461014	PMID
NPC285829	NPC285829	NPT911	1	461045	PMID
NPC285829	NPC285829	NPT93	1	461014	PMID
NPC285829	NPC285829	NPT94	2	461013;461014	PMID
NPC285923	NPC285923	NPT1028	1	548754	PMID
NPC285923	NPC285923	NPT483	1	548681	PMID
NPC285973	NPC285973	NPT695	1	465700	PMID
NPC285973	NPC285973	NPT699	1	465700	PMID
NPC285973	NPC285973	NPT703	1	465700	PMID
NPC285973	NPC285973	NPT901	1	465700	PMID
NPC285973	NPC285973	NPT903	1	465700	PMID
NPC286006	NPC286006	NPT48	1	490323	PMID
NPC286006	NPC286006	NPT51	1	490323	PMID
NPC286006	NPC286006	NPT94	1	490323	PMID
NPC286233	NPC286233	NPT1029	1	452888	PMID
NPC286342	NPC286342	NPT1197	1	548902	PMID
NPC286342	NPC286342	NPT149	1	548904	PMID
NPC286342	NPC286342	NPT47	1	548902	PMID
NPC286342	NPC286342	NPT48	2	548902;548903	PMID
NPC286342	NPC286342	NPT49	1	548902	PMID
NPC286342	NPC286342	NPT51	2	548902;548903	PMID
NPC286342	NPC286342	NPT58	1	548902	PMID
NPC286342	NPC286342	NPT59	1	548902	PMID
NPC286342	NPC286342	NPT60	1	548902	PMID
NPC28657	NPC28657	NPT103	2	508168;508173	PMID
NPC28657	NPC28657	NPT483	1	508154	PMID
NPC28657	NPC28657	NPT668	1	508162	PMID
NPC286608	NPC286608	NPT94	1	571031	PMID
NPC286641	NPC286641	NPT149	1	558389	PMID
NPC286641	NPC286641	NPT50	1	558389	PMID
NPC286641	NPC286641	NPT792	1	558389	PMID
NPC286641	NPC286641	NPT94	1	558389	PMID
NPC287063	NPC287063	NPT206	1	540325	PMID
NPC287105	NPC287105	NPT540	1	496497	PMID
NPC287118	NPC287118	NPT1591	1	517865	PMID
NPC287152	NPC287152	NPT366	1	538948	PMID
NPC287152	NPC287152	NPT441	1	538948	PMID
NPC287182	NPC287182	NPT1197	1	483050	PMID
NPC287182	NPC287182	NPT483	1	483050	PMID
NPC287182	NPC287182	NPT93	1	483050	PMID
NPC287231	NPC287231	NPT483	1	566397	PMID
NPC287328	NPC287328	NPT204	1	508407	PMID
NPC287331	NPC287331	NPT210	1	575652	PMID
NPC287331	NPC287331	NPT282	1	575653	PMID
NPC287331	NPC287331	NPT425	1	575672	PMID
NPC287331	NPC287331	NPT47	1	575653	PMID
NPC287331	NPC287331	NPT483	1	575652	PMID
NPC287331	NPC287331	NPT51	1	575653	PMID
NPC287597	NPC287597	NPT182	1	522376	PMID
NPC287597	NPC287597	NPT441	1	522377	PMID
NPC287638	NPC287638	NPT110	1	557051	PMID
NPC287638	NPC287638	NPT149	1	557051	PMID
NPC287789	NPC287789	NPT1197	1	475138	PMID
NPC287789	NPC287789	NPT46	1	475138	PMID
NPC287789	NPC287789	NPT51	1	475138	PMID
NPC287789	NPC287789	NPT58	1	475138	PMID
NPC287789	NPC287789	NPT59	1	475138	PMID
NPC287876	NPC287876	NPT204	1	558086	PMID
NPC287876	NPC287876	NPT876	1	558083	PMID
NPC287895	NPC287895	NPT1078	1	465885	PMID
NPC287895	NPC287895	NPT149	1	465882	PMID
NPC287895	NPC287895	NPT94	1	465882	PMID
NPC288089	NPC288089	NPT109	1	537614	PMID
NPC288089	NPC288089	NPT1119	1	537616	PMID
NPC288089	NPC288089	NPT1226	1	537616	PMID
NPC288089	NPC288089	NPT1338	1	537613	PMID
NPC288089	NPC288089	NPT149	1	537616	PMID
NPC288089	NPC288089	NPT151	1	537616	PMID
NPC288089	NPC288089	NPT210	1	537614	PMID
NPC288089	NPC288089	NPT211	1	537616	PMID
NPC288089	NPC288089	NPT2570	1	537616	PMID
NPC288089	NPC288089	NPT277	1	537616	PMID
NPC288089	NPC288089	NPT439	2	537628;537633	PMID
NPC288089	NPC288089	NPT46	1	537615	PMID
NPC288089	NPC288089	NPT47	1	537615	PMID
NPC288089	NPC288089	NPT48	2	537615;537616	PMID
NPC288089	NPC288089	NPT483	1	537616	PMID
NPC288089	NPC288089	NPT50	1	537615	PMID
NPC288089	NPC288089	NPT51	2	537615;537616	PMID
NPC288089	NPC288089	NPT5718	1	537616	PMID
NPC288089	NPC288089	NPT58	1	537615	PMID
NPC288089	NPC288089	NPT59	1	537616	PMID
NPC288089	NPC288089	NPT792	1	537616	PMID
NPC288089	NPC288089	NPT93	1	537616	PMID
NPC288089	NPC288089	NPT94	2	537614;537615	PMID
NPC288240	NPC288240	NPT1197	1	482802	PMID
NPC288240	NPC288240	NPT47	1	482802	PMID
NPC288240	NPC288240	NPT48	1	482802	PMID
NPC288240	NPC288240	NPT50	1	482802	PMID
NPC288240	NPC288240	NPT51	1	482802	PMID
NPC288240	NPC288240	NPT52	1	482802	PMID
NPC288240	NPC288240	NPT524	1	482802	PMID
NPC288240	NPC288240	NPT537	1	482802	PMID
NPC288240	NPC288240	NPT538	1	482802	PMID
NPC288240	NPC288240	NPT59	1	482802	PMID
NPC288349	NPC288349	NPT524	1	533250	PMID
NPC288350	NPC288350	NPT218	1	451640	PMID
NPC288350	NPC288350	NPT2675	1	451640	PMID
NPC288350	NPC288350	NPT6625	1	451626	PMID
NPC288411	NPC288411	NPT1287	1	552719	PMID
NPC288411	NPC288411	NPT1416	1	552709	PMID
NPC288411	NPC288411	NPT151	1	552710	PMID
NPC288411	NPC288411	NPT232	1	552719	PMID
NPC288411	NPC288411	NPT48	1	552709	PMID
NPC288411	NPC288411	NPT51	2	552709;552710	PMID
NPC288411	NPC288411	NPT60	1	552709	PMID
NPC288411	NPC288411	NPT94	2	552709;552710	PMID
NPC288430	NPC288430	NPT49	1	485507	PMID
NPC288813	NPC288813	NPT3201	1	461239	PMID
NPC288838	NPC288838	NPT109	1	551301	PMID
NPC288838	NPC288838	NPT50	1	551300	PMID
NPC288838	NPC288838	NPT51	3	551300;551301;551302	PMID
NPC288840	NPC288840	NPT109	1	549821	PMID
NPC288840	NPC288840	NPT178	1	549823	PMID
NPC288840	NPC288840	NPT47	1	549822	PMID
NPC288840	NPC288840	NPT48	1	549822	PMID
NPC288840	NPC288840	NPT49	1	549822	PMID
NPC288840	NPC288840	NPT51	1	549822	PMID
NPC288840	NPC288840	NPT52	1	549822	PMID
NPC288840	NPC288840	NPT57	1	549822	PMID
NPC288840	NPC288840	NPT58	1	549822	PMID
NPC288840	NPC288840	NPT59	1	549822	PMID
NPC288943	NPC288943	NPT149	1	458651	PMID
NPC289004	NPC289004	NPT524	1	552769	PMID
NPC289004	NPC289004	NPT59	1	552769	PMID
NPC289086	NPC289086	NPT497	1	551373	PMID
NPC289322	NPC289322	NPT1187	1	448165	PMID
NPC289322	NPC289322	NPT1336	1	448158	PMID
NPC289322	NPC289322	NPT740	1	448155	PMID
NPC289322	NPC289322	NPT920	1	448166	PMID
NPC289358	NPC289358	NPT214	1	505510	PMID
NPC289358	NPC289358	NPT278	1	505510	PMID
NPC289388	NPC289388	NPT792	1	527759	PMID
NPC289432	NPC289432	NPT1078	1	479528	PMID
NPC289432	NPC289432	NPT109	1	479527	PMID
NPC289432	NPC289432	NPT149	1	479527	PMID
NPC289432	NPC289432	NPT151	1	479527	PMID
NPC289432	NPC289432	NPT282	1	479527	PMID
NPC289432	NPC289432	NPT46	1	479527	PMID
NPC289432	NPC289432	NPT47	1	479527	PMID
NPC289432	NPC289432	NPT48	1	479527	PMID
NPC289432	NPC289432	NPT483	1	479527	PMID
NPC289432	NPC289432	NPT50	1	479527	PMID
NPC289432	NPC289432	NPT51	1	479527	PMID
NPC289432	NPC289432	NPT539	1	479527	PMID
NPC289432	NPC289432	NPT58	1	479527	PMID
NPC289432	NPC289432	NPT94	1	479527	PMID
NPC289459	NPC289459	NPT1062	1	492988	PMID
NPC289459	NPC289459	NPT1063	1	492988	PMID
NPC289459	NPC289459	NPT1143	1	492988	PMID
NPC289459	NPC289459	NPT1144	1	492988	PMID
NPC289459	NPC289459	NPT948	1	492988	PMID
NPC289459	NPC289459	NPT949	1	492988	PMID
NPC289459	NPC289459	NPT954	1	492988	PMID
NPC289459	NPC289459	NPT955	1	492988	PMID
NPC28959	NPC28959	NPT61	1	564198	PMID
NPC289660	NPC289660	NPT2266	1	552027	PMID
NPC289702	NPC289702	NPT1038	1	527186	PMID
NPC289702	NPC289702	NPT2944	1	527201	PMID
NPC289702	NPC289702	NPT543	1	527197	PMID
NPC289702	NPC289702	NPT5446	1	527176	PMID
NPC289702	NPC289702	NPT585	1	527190	PMID
NPC289702	NPC289702	NPT668	1	527191	PMID
NPC289758	NPC289758	NPT2824	5	452022;452024;452026;452032;452033	PMID
NPC289769	NPC289769	NPT233	1	542333	PMID
NPC289769	NPC289769	NPT947	1	542333	PMID
NPC289774	NPC289774	NPT50	1	498561	PMID
NPC289883	NPC289883	NPT279	1	501369	PMID
NPC289955	NPC289955	NPT38	1	32044231	PMID
NPC289979	NPC289979	NPT109	1	553606	PMID
NPC289979	NPC289979	NPT282	1	553606	PMID
NPC289979	NPC289979	NPT45	1	553606	PMID
NPC289979	NPC289979	NPT51	1	553606	PMID
NPC289979	NPC289979	NPT539	1	553606	PMID
NPC289979	NPC289979	NPT94	1	553606	PMID
NPC290005	NPC290005	NPT1197	1	489031	PMID
NPC290005	NPC290005	NPT1274	1	489031	PMID
NPC290005	NPC290005	NPT1784	1	489032	PMID
NPC290005	NPC290005	NPT271	1	489032	PMID
NPC290005	NPC290005	NPT51	1	489031	PMID
NPC290030	NPC290030	NPT3595	1	460886	PMID
NPC290106	NPC290106	NPT503	1	550698	PMID
NPC290160	NPC290160	NPT178	2	572959;572960	PMID
NPC290466	NPC290466	NPT865	1	566420	PMID
NPC2905	NPC2905	NPT601	1	507678	PMID
NPC290515	NPC290515	NPT1788	1	540594	PMID
NPC290550	NPC290550	NPT109	1	529956	PMID
NPC290550	NPC290550	NPT151	1	529956	PMID
NPC290550	NPC290550	NPT282	2	529955;529956	PMID
NPC290550	NPC290550	NPT47	1	529955	PMID
NPC290550	NPC290550	NPT49	1	529955	PMID
NPC290550	NPC290550	NPT50	2	529955;529956	PMID
NPC290550	NPC290550	NPT51	2	529955;529956	PMID
NPC290550	NPC290550	NPT52	1	529955	PMID
NPC290550	NPC290550	NPT59	1	529955	PMID
NPC290550	NPC290550	NPT864	1	529955	PMID
NPC290550	NPC290550	NPT94	2	529955;529956	PMID
NPC290563	NPC290563	NPT106	1	475609	PMID
NPC290563	NPC290563	NPT50	1	475605	PMID
NPC290563	NPC290563	NPT866	1	475609	PMID
NPC290563	NPC290563	NPT99	1	475609	PMID
NPC290566	NPC290566	NPT163	1	533193	PMID
NPC290566	NPC290566	NPT210	2	533193;533194	PMID
NPC290566	NPC290566	NPT211	2	533193;533194	PMID
NPC290605	NPC290605	NPT3101	1	536416	PMID
NPC290605	NPC290605	NPT947	1	536416	PMID
NPC290605	NPC290605	NPT948	1	536416	PMID
NPC290605	NPC290605	NPT949	1	536416	PMID
NPC290605	NPC290605	NPT955	1	536416	PMID
NPC290803	NPC290803	NPT2982	1	538621	PMID
NPC290803	NPC290803	NPT4445	1	538621	PMID
NPC290830	NPC290830	NPT740	1	524954	PMID
NPC290971	NPC290971	NPT109	1	508029	PMID
NPC290971	NPC290971	NPT204	1	508042	PMID
NPC290971	NPC290971	NPT210	2	508028;508029	PMID
NPC290971	NPC290971	NPT483	1	508028	PMID
NPC290971	NPC290971	NPT792	1	508029	PMID
NPC290971	NPC290971	NPT94	1	508029	PMID
NPC291027	NPC291027	NPT264	1	545336	PMID
NPC291066	NPC291066	NPT1119	1	530950	PMID
NPC291066	NPC291066	NPT208	1	530943	PMID
NPC291066	NPC291066	NPT240	2	530944;530946	PMID
NPC291158	NPC291158	NPT483	1	542421	PMID
NPC291305	NPC291305	NPT1090	1	531766	PMID
NPC291305	NPC291305	NPT2570	1	531926	PMID
NPC291305	NPC291305	NPT2755	1	531774	PMID
NPC291305	NPC291305	NPT567	1	531766	PMID
NPC291305	NPC291305	NPT568	1	531766	PMID
NPC291305	NPC291305	NPT569	1	531766	PMID
NPC291305	NPC291305	NPT920	1	532162	PMID
NPC291389	NPC291389	NPT1038	1	547056	PMID
NPC291389	NPC291389	NPT1078	1	547059	PMID
NPC291389	NPC291389	NPT109	1	547057	PMID
NPC291389	NPC291389	NPT110	2	547052;547058	PMID
NPC291389	NPC291389	NPT149	2	547057;547058	PMID
NPC291389	NPC291389	NPT151	1	547057	PMID
NPC291389	NPC291389	NPT212	1	547058	PMID
NPC291389	NPC291389	NPT213	1	547058	PMID
NPC291389	NPC291389	NPT3399	1	547060	PMID
NPC291389	NPC291389	NPT4093	1	547060	PMID
NPC291389	NPC291389	NPT48	2	547056;547057	PMID
NPC291389	NPC291389	NPT483	1	547056	PMID
NPC291389	NPC291389	NPT501	2	547056;547057	PMID
NPC291389	NPC291389	NPT539	1	547057	PMID
NPC291389	NPC291389	NPT59	1	547056	PMID
NPC291389	NPC291389	NPT94	2	547056;547057	PMID
NPC291426	NPC291426	NPT2230	1	501736	PMID
NPC291449	NPC291449	NPT1287	1	541400	PMID
NPC291449	NPC291449	NPT1418	1	541400	PMID
NPC291454	NPC291454	NPT261	1	458329	PMID
NPC291454	NPC291454	NPT582	1	458329	PMID
NPC291508	NPC291508	NPT178	2	450063;450064	PMID
NPC291638	NPC291638	NPT668	1	493076	PMID
NPC291746	NPC291746	NPT178	1	508097	PMID
NPC291789	NPC291789	NPT13	1	491645	PMID
NPC291799	NPC291799	NPT1078	1	507817	PMID
NPC291878	NPC291878	NPT1422	1	504604	PMID
NPC291957	NPC291957	NPT1274	1	558462	PMID
NPC292133	NPC292133	NPT591	1	508903	PMID
NPC292213	NPC292213	NPT178	1	461124	PMID
NPC292233	NPC292233	NPT30	1	542990	PMID
NPC292265	NPC292265	NPT1044	1	462660	PMID
NPC292265	NPC292265	NPT149	2	461853;461854	PMID
NPC292265	NPC292265	NPT151	1	461853	PMID
NPC292265	NPC292265	NPT208	1	461853	PMID
NPC292265	NPC292265	NPT212	1	461853	PMID
NPC292265	NPC292265	NPT48	2	461853;461854	PMID
NPC292265	NPC292265	NPT483	1	461853	PMID
NPC292265	NPC292265	NPT94	1	461853	PMID
NPC292265	NPC292265	NPT98	5	461390;461420;461547;461973;462306	PMID
NPC29231	NPC29231	NPT261	1	512963	PMID
NPC292366	NPC292366	NPT1250	1	450602	PMID
NPC292366	NPC292366	NPT152	4	450597;450610;450618;450620	PMID
NPC292366	NPC292366	NPT285	1	450609	PMID
NPC292452	NPC292452	NPT1603	1	575546	PMID
NPC292452	NPC292452	NPT1604	2	575546;575555	PMID
NPC292452	NPC292452	NPT178	1	575558	PMID
NPC292452	NPC292452	NPT208	1	575546	PMID
NPC292452	NPC292452	NPT30	1	575548	PMID
NPC292452	NPC292452	NPT31	1	575548	PMID
NPC292452	NPC292452	NPT3997	1	575558	PMID
NPC292452	NPC292452	NPT439	1	575556	PMID
NPC292452	NPC292452	NPT568	1	575551	PMID
NPC292452	NPC292452	NPT570	1	575560	PMID
NPC292452	NPC292452	NPT741	2	575547;575564	PMID
NPC292758	NPC292758	NPT110	1	565826	PMID
NPC292758	NPC292758	NPT208	1	565826	PMID
NPC292758	NPC292758	NPT211	1	565826	PMID
NPC292792	NPC292792	NPT106	1	501118	PMID
NPC292792	NPC292792	NPT866	1	501118	PMID
NPC292792	NPC292792	NPT94	1	501115	PMID
NPC292792	NPC292792	NPT99	1	501118	PMID
NPC292803	NPC292803	NPT426	1	449030	PMID
NPC292803	NPC292803	NPT4324	1	449030	PMID
NPC292998	NPC292998	NPT208	1	565700	PMID
NPC292998	NPC292998	NPT212	1	565700	PMID
NPC292998	NPC292998	NPT213	1	565700	PMID
NPC292998	NPC292998	NPT94	1	565700	PMID
NPC293053	NPC293053	NPT441	1	533802	PMID
NPC293163	NPC293163	NPT876	1	464386	PMID
NPC293183	NPC293183	NPT1650	1	516657	PMID
NPC293183	NPC293183	NPT5386	1	516648	PMID
NPC293255	NPC293255	NPT1197	1	449315	PMID
NPC293255	NPC293255	NPT60	1	449315	PMID
NPC293255	NPC293255	NPT94	1	449315	PMID
NPC293378	NPC293378	NPT1510	1	545582	PMID
NPC293378	NPC293378	NPT5790	1	545583	PMID
NPC293378	NPC293378	NPT94	1	545574	PMID
NPC293454	NPC293454	NPT109	1	495331	PMID
NPC293454	NPC293454	NPT1119	1	495328	PMID
NPC293454	NPC293454	NPT1384	1	495338	PMID
NPC293454	NPC293454	NPT151	1	495328	PMID
NPC293454	NPC293454	NPT212	1	495331	PMID
NPC293454	NPC293454	NPT2797	1	495321	PMID
NPC293454	NPC293454	NPT51	1	495328	PMID
NPC293454	NPC293454	NPT94	1	495328	PMID
NPC293454	NPC293454	NPT956	2	495333;495336	PMID
NPC293551	NPC293551	NPT210	1	549506	PMID
NPC293551	NPC293551	NPT262	2	549495;549505	PMID
NPC293551	NPC293551	NPT263	3	549495;549503;549505	PMID
NPC293551	NPC293551	NPT265	2	549495;549503	PMID
NPC293624	NPC293624	NPT271	1	561985	PMID
NPC293641	NPC293641	NPT109	1	568641	PMID
NPC293757	NPC293757	NPT109	1	537019	PMID
NPC293799	NPC293799	NPT1407	1	509859	PMID
NPC293799	NPC293799	NPT208	1	509856	PMID
NPC293799	NPC293799	NPT212	1	509856	PMID
NPC293799	NPC293799	NPT213	1	509856	PMID
NPC293799	NPC293799	NPT50	1	509856	PMID
NPC293871	NPC293871	NPT204	1	541449	PMID
NPC294193	NPC294193	NPT684	1	28541690	PMID
NPC294226	NPC294226	NPT109	2	516667;516668	PMID
NPC294226	NPC294226	NPT1119	1	516667	PMID
NPC294226	NPC294226	NPT149	2	516667;516668	PMID
NPC294226	NPC294226	NPT151	2	516667;516668	PMID
NPC294226	NPC294226	NPT1604	1	516681	PMID
NPC294226	NPC294226	NPT261	1	516680	PMID
NPC294226	NPC294226	NPT282	2	516667;516668	PMID
NPC294226	NPC294226	NPT4245	1	516660	PMID
NPC294226	NPC294226	NPT47	1	516667	PMID
NPC294226	NPC294226	NPT48	2	516667;516668	PMID
NPC294226	NPC294226	NPT49	1	516668	PMID
NPC294226	NPC294226	NPT51	2	516667;516668	PMID
NPC294226	NPC294226	NPT57	1	516673	PMID
NPC294226	NPC294226	NPT792	2	516667;516668	PMID
NPC294226	NPC294226	NPT93	1	516668	PMID
NPC294226	NPC294226	NPT94	2	516667;516668	PMID
NPC294226	NPC294226	NPT980	1	516673	PMID
NPC294249	NPC294249	NPT110	1	535786	PMID
NPC294249	NPC294249	NPT149	1	535786	PMID
NPC294304	NPC294304	NPT109	1	522985	PMID
NPC294409	NPC294409	NPT1062	1	544838	PMID
NPC294409	NPC294409	NPT109	1	544810	PMID
NPC294409	NPC294409	NPT110	1	544812	PMID
NPC294409	NPC294409	NPT1119	1	544810	PMID
NPC294409	NPC294409	NPT1270	1	544839	PMID
NPC294409	NPC294409	NPT149	1	544810	PMID
NPC294409	NPC294409	NPT151	1	544809	PMID
NPC294409	NPC294409	NPT153	1	544803	PMID
NPC294409	NPC294409	NPT1581	1	544796	PMID
NPC294409	NPC294409	NPT1588	2	544800;544842	PMID
NPC294409	NPC294409	NPT1604	1	544840	PMID
NPC294409	NPC294409	NPT211	1	544810	PMID
NPC294409	NPC294409	NPT212	1	544812	PMID
NPC294409	NPC294409	NPT213	1	544812	PMID
NPC294409	NPC294409	NPT282	1	544810	PMID
NPC294409	NPC294409	NPT41	1	544839	PMID
NPC294409	NPC294409	NPT441	6	544781;544782;544807;544820;544837;544845	PMID
NPC294409	NPC294409	NPT47	1	544811	PMID
NPC294409	NPC294409	NPT48	2	544809;544810	PMID
NPC294409	NPC294409	NPT483	1	544810	PMID
NPC294409	NPC294409	NPT51	3	544809;544810;544811	PMID
NPC294409	NPC294409	NPT537	1	544810	PMID
NPC294409	NPC294409	NPT538	1	544810	PMID
NPC294409	NPC294409	NPT539	1	544810	PMID
NPC294409	NPC294409	NPT93	2	544810;544811	PMID
NPC294409	NPC294409	NPT94	1	544809	PMID
NPC294409	NPC294409	NPT949	1	544838	PMID
NPC294409	NPC294409	NPT955	1	544838	PMID
NPC294548	NPC294548	NPT106	1	566992	PMID
NPC294548	NPC294548	NPT109	1	566980	PMID
NPC294548	NPC294548	NPT149	1	566980	PMID
NPC294548	NPC294548	NPT151	2	566981;566982	PMID
NPC294548	NPC294548	NPT30	1	566993	PMID
NPC294548	NPC294548	NPT4003	2	566976;566988	PMID
NPC294548	NPC294548	NPT441	1	566978	PMID
NPC294548	NPC294548	NPT47	2	566981;566982	PMID
NPC294548	NPC294548	NPT48	1	566981	PMID
NPC294548	NPC294548	NPT483	1	566982	PMID
NPC294548	NPC294548	NPT50	2	566980;566982	PMID
NPC294548	NPC294548	NPT51	3	566981;566982;566984	PMID
NPC294548	NPC294548	NPT543	1	566996	PMID
NPC294548	NPC294548	NPT545	1	566983	PMID
NPC294548	NPC294548	NPT58	1	566982	PMID
NPC294548	NPC294548	NPT5802	1	566983	PMID
NPC294548	NPC294548	NPT792	1	566980	PMID
NPC294548	NPC294548	NPT864	1	566983	PMID
NPC294548	NPC294548	NPT866	2	566991;566992	PMID
NPC294548	NPC294548	NPT869	4	566976;566988;566997;566999	PMID
NPC294548	NPC294548	NPT94	3	566980;566981;566982	PMID
NPC294548	NPC294548	NPT99	1	566992	PMID
NPC294703	NPC294703	NPT94	1	549097	PMID
NPC294830	NPC294830	NPT273	2	464496;464497	PMID
NPC294852	NPC294852	NPT1062	1	452101	PMID
NPC294852	NPC294852	NPT1187	1	452107	PMID
NPC294852	NPC294852	NPT1603	1	452092	PMID
NPC294852	NPC294852	NPT1604	1	452092	PMID
NPC294852	NPC294852	NPT204	1	452095	PMID
NPC294852	NPC294852	NPT208	1	452092	PMID
NPC294852	NPC294852	NPT949	1	452101	PMID
NPC294852	NPC294852	NPT955	1	452101	PMID
NPC294858	NPC294858	NPT94	1	571102	PMID
NPC294883	NPC294883	NPT46	1	461172	PMID
NPC294883	NPC294883	NPT60	1	461172	PMID
NPC294902	NPC294902	NPT1062	1	529125	PMID
NPC294902	NPC294902	NPT1063	1	529125	PMID
NPC294902	NPC294902	NPT109	1	529143	PMID
NPC294902	NPC294902	NPT1143	1	529125	PMID
NPC294902	NPC294902	NPT1144	1	529125	PMID
NPC294902	NPC294902	NPT1146	1	529125	PMID
NPC294902	NPC294902	NPT1270	1	529169	PMID
NPC294902	NPC294902	NPT149	1	529143	PMID
NPC294902	NPC294902	NPT151	3	529141;529142;529143	PMID
NPC294902	NPC294902	NPT1592	1	529256	PMID
NPC294902	NPC294902	NPT163	1	529143	PMID
NPC294902	NPC294902	NPT178	1	529128	PMID
NPC294902	NPC294902	NPT233	1	529125	PMID
NPC294902	NPC294902	NPT280	1	529200	PMID
NPC294902	NPC294902	NPT282	2	529142;529143	PMID
NPC294902	NPC294902	NPT285	2	529057;529087	PMID
NPC294902	NPC294902	NPT31	1	529174	PMID
NPC294902	NPC294902	NPT41	1	529169	PMID
NPC294902	NPC294902	NPT46	1	529146	PMID
NPC294902	NPC294902	NPT48	5	529141;529142;529143;529144;529145	PMID
NPC294902	NPC294902	NPT483	1	529142	PMID
NPC294902	NPC294902	NPT49	1	529146	PMID
NPC294902	NPC294902	NPT50	3	529142;529143;529146	PMID
NPC294902	NPC294902	NPT501	1	529143	PMID
NPC294902	NPC294902	NPT51	3	529142;529143;529145	PMID
NPC294902	NPC294902	NPT568	1	529200	PMID
NPC294902	NPC294902	NPT570	3	529061;529111;529227	PMID
NPC294902	NPC294902	NPT59	1	529143	PMID
NPC294902	NPC294902	NPT60	1	529143	PMID
NPC294902	NPC294902	NPT69	1	529200	PMID
NPC294902	NPC294902	NPT77	1	529220	PMID
NPC294902	NPC294902	NPT78	3	529181;529249;529258	PMID
NPC294902	NPC294902	NPT796	1	529147	PMID
NPC294902	NPC294902	NPT94	2	529141;529142	PMID
NPC294902	NPC294902	NPT947	1	529125	PMID
NPC294902	NPC294902	NPT948	1	529125	PMID
NPC294902	NPC294902	NPT949	2	529125;529231	PMID
NPC294902	NPC294902	NPT954	2	529125;529231	PMID
NPC294902	NPC294902	NPT955	1	529125	PMID
NPC294909	NPC294909	NPT109	2	449311;449312	PMID
NPC294909	NPC294909	NPT110	3	449308;449311;449312	PMID
NPC294909	NPC294909	NPT208	2	449311;449312	PMID
NPC294909	NPC294909	NPT211	1	449312	PMID
NPC294909	NPC294909	NPT212	1	449311	PMID
NPC294909	NPC294909	NPT213	1	449311	PMID
NPC294909	NPC294909	NPT222	1	449309	PMID
NPC294909	NPC294909	NPT223	1	449309	PMID
NPC294909	NPC294909	NPT224	1	449309	PMID
NPC294909	NPC294909	NPT2930	1	449311	PMID
NPC294909	NPC294909	NPT48	1	449311	PMID
NPC294909	NPC294909	NPT483	2	449311;449312	PMID
NPC294941	NPC294941	NPT149	1	455549	PMID
NPC294941	NPC294941	NPT151	3	455549;455550;455551	PMID
NPC294941	NPC294941	NPT282	1	455549	PMID
NPC294941	NPC294941	NPT48	3	455549;455550;455551	PMID
NPC294941	NPC294941	NPT792	1	455549	PMID
NPC294941	NPC294941	NPT93	1	455551	PMID
NPC294941	NPC294941	NPT94	1	455549	PMID
NPC294965	NPC294965	NPT1422	1	475311	PMID
NPC295021	NPC295021	NPT935	1	455154	PMID
NPC295110	NPC295110	NPT1283	1	468194	PMID
NPC295110	NPC295110	NPT3969	1	468180	PMID
NPC295110	NPC295110	NPT537	1	468194	PMID
NPC295110	NPC295110	NPT538	1	468194	PMID
NPC295204	NPC295204	NPT1197	1	456285	PMID
NPC295204	NPC295204	NPT1282	1	456285	PMID
NPC295204	NPC295204	NPT1283	1	456285	PMID
NPC295204	NPC295204	NPT51	1	456285	PMID
NPC295204	NPC295204	NPT537	1	456285	PMID
NPC295204	NPC295204	NPT538	1	456285	PMID
NPC295261	NPC295261	NPT30	1	489595	PMID
NPC295261	NPC295261	NPT31	1	489595	PMID
NPC295317	NPC295317	NPT210	1	513213	PMID
NPC295317	NPC295317	NPT94	1	513213	PMID
NPC29536	NPC29536	NPT668	1	543401	PMID
NPC295608	NPC295608	NPT740	1	496492	PMID
NPC295643	NPC295643	NPT166	1	451378	PMID
NPC295643	NPC295643	NPT203	1	451378	PMID
NPC295691	NPC295691	NPT242	1	522544	PMID
NPC295691	NPC295691	NPT243	1	522544	PMID
NPC295691	NPC295691	NPT244	1	522544	PMID
NPC295691	NPC295691	NPT296	1	522544	PMID
NPC295898	NPC295898	NPT178	1	532479	PMID
NPC295941	NPC295941	NPT30	1	485710	PMID
NPC295941	NPC295941	NPT31	1	485710	PMID
NPC29599	NPC29599	NPT109	1	571094	PMID
NPC29599	NPC29599	NPT110	1	571094	PMID
NPC29601	NPC29601	NPT674	1	492195	PMID
NPC296030	NPC296030	NPT570	1	522420	PMID
NPC296163	NPC296163	NPT144	2	525319;525322	PMID
NPC296377	NPC296377	NPT151	1	459548	PMID
NPC296377	NPC296377	NPT204	1	459547	PMID
NPC296377	NPC296377	NPT60	1	459548	PMID
NPC296377	NPC296377	NPT864	1	459548	PMID
NPC296377	NPC296377	NPT94	1	459548	PMID
NPC296482	NPC296482	NPT109	2	530870;530871	PMID
NPC296482	NPC296482	NPT110	1	530881	PMID
NPC296482	NPC296482	NPT1197	1	530869	PMID
NPC296482	NPC296482	NPT1274	2	530869;530872	PMID
NPC296482	NPC296482	NPT1591	2	530862;530931	PMID
NPC296482	NPC296482	NPT204	4	530881;530882;530890;530931	PMID
NPC296482	NPC296482	NPT210	1	530870	PMID
NPC296482	NPC296482	NPT223	1	530881	PMID
NPC296482	NPC296482	NPT224	1	530881	PMID
NPC296482	NPC296482	NPT262	1	530881	PMID
NPC296482	NPC296482	NPT291	1	530881	PMID
NPC296482	NPC296482	NPT296	1	530881	PMID
NPC296482	NPC296482	NPT3284	1	530935	PMID
NPC296482	NPC296482	NPT439	2	530882;530931	PMID
NPC296482	NPC296482	NPT483	2	530869;530870	PMID
NPC296482	NPC296482	NPT51	2	530869;530871	PMID
NPC296482	NPC296482	NPT93	3	530869;530870;530871	PMID
NPC296482	NPC296482	NPT94	1	530870	PMID
NPC296482	NPC296482	NPT98	1	530914	PMID
NPC296490	NPC296490	NPT441	1	533001	PMID
NPC296490	NPC296490	NPT741	1	533003	PMID
NPC296540	NPC296540	NPT204	1	489998	PMID
NPC296697	NPC296697	NPT30	1	551379	PMID
NPC296742	NPC296742	NPT1371	1	502490	PMID
NPC296915	NPC296915	NPT178	1	496401	PMID
NPC296920	NPC296920	NPT1119	1	542534	PMID
NPC296920	NPC296920	NPT1603	2	542539;542542	PMID
NPC296920	NPC296920	NPT1604	3	542538;542539;542542	PMID
NPC296920	NPC296920	NPT30	1	542532	PMID
NPC296920	NPC296920	NPT31	1	542532	PMID
NPC296920	NPC296920	NPT48	1	542534	PMID
NPC296920	NPC296920	NPT483	1	542534	PMID
NPC296998	NPC296998	NPT1214	1	532802	PMID
NPC296998	NPC296998	NPT2584	1	532802	PMID
NPC297186	NPC297186	NPT109	1	459928	PMID
NPC297186	NPC297186	NPT149	1	459928	PMID
NPC297186	NPC297186	NPT151	1	459928	PMID
NPC297186	NPC297186	NPT282	1	459928	PMID
NPC297186	NPC297186	NPT46	1	459928	PMID
NPC297186	NPC297186	NPT48	1	459928	PMID
NPC297186	NPC297186	NPT50	1	459928	PMID
NPC297186	NPC297186	NPT51	1	459928	PMID
NPC297186	NPC297186	NPT792	1	459928	PMID
NPC297186	NPC297186	NPT93	1	459928	PMID
NPC297186	NPC297186	NPT94	1	459928	PMID
NPC29721	NPC29721	NPT426	1	498573	PMID
NPC297322	NPC297322	NPT145	1	485969	PMID
NPC297322	NPC297322	NPT271	2	485968;485969	PMID
NPC297358	NPC297358	NPT483	1	464337	PMID
NPC297363	NPC297363	NPT645	1	490615	PMID
NPC297503	NPC297503	NPT862	1	507962	PMID
NPC297531	NPC297531	NPT178	1	514004	PMID
NPC297531	NPC297531	NPT211	1	514003	PMID
NPC29771	NPC29771	NPT143	1	455144	PMID
NPC298093	NPC298093	NPT10	1	482217	PMID
NPC298093	NPC298093	NPT109	1	482219	PMID
NPC298093	NPC298093	NPT1416	1	482217	PMID
NPC298093	NPC298093	NPT210	1	482221	PMID
NPC298093	NPC298093	NPT212	1	482221	PMID
NPC298093	NPC298093	NPT213	2	482221;482231	PMID
NPC298093	NPC298093	NPT294	1	482231	PMID
NPC298093	NPC298093	NPT4266	1	482181	PMID
NPC298093	NPC298093	NPT47	1	482219	PMID
NPC298093	NPC298093	NPT48	1	482217	PMID
NPC298093	NPC298093	NPT483	2	482217;482218	PMID
NPC298093	NPC298093	NPT50	1	482218	PMID
NPC298093	NPC298093	NPT51	1	482217	PMID
NPC298093	NPC298093	NPT537	1	482220	PMID
NPC298093	NPC298093	NPT538	1	482220	PMID
NPC298093	NPC298093	NPT58	1	482217	PMID
NPC298093	NPC298093	NPT59	1	482217	PMID
NPC298093	NPC298093	NPT713	1	482270	PMID
NPC298093	NPC298093	NPT796	1	482222	PMID
NPC298093	NPC298093	NPT93	1	482217	PMID
NPC298093	NPC298093	NPT94	1	482219	PMID
NPC298093	NPC298093	NPT940	1	482220	PMID
NPC298257	NPC298257	NPT109	1	463222	PMID
NPC298257	NPC298257	NPT149	1	463222	PMID
NPC298257	NPC298257	NPT282	1	463222	PMID
NPC298257	NPC298257	NPT792	1	463222	PMID
NPC298257	NPC298257	NPT94	1	463222	PMID
NPC298268	NPC298268	NPT94	1	508120	PMID
NPC298486	NPC298486	NPT524	1	550485	PMID
NPC298486	NPC298486	NPT59	1	550485	PMID
NPC298796	NPC298796	NPT109	1	513520	PMID
NPC298796	NPC298796	NPT149	1	513520	PMID
NPC298796	NPC298796	NPT151	1	513520	PMID
NPC298796	NPC298796	NPT48	1	513520	PMID
NPC298796	NPC298796	NPT501	1	513520	PMID
NPC298796	NPC298796	NPT864	1	513521	PMID
NPC298796	NPC298796	NPT94	1	513520	PMID
NPC29883	NPC29883	NPT1062	2	573343;573344	PMID
NPC29883	NPC29883	NPT1063	2	573343;573344	PMID
NPC29883	NPC29883	NPT1143	2	573343;573344	PMID
NPC29883	NPC29883	NPT1144	2	573343;573344	PMID
NPC29883	NPC29883	NPT1146	2	573343;573344	PMID
NPC29883	NPC29883	NPT2230	1	573326	PMID
NPC29883	NPC29883	NPT233	3	573334;573343;573344	PMID
NPC29883	NPC29883	NPT242	1	573379	PMID
NPC29883	NPC29883	NPT741	1	573374	PMID
NPC29883	NPC29883	NPT947	3	573334;573343;573344	PMID
NPC29883	NPC29883	NPT948	2	573343;573344	PMID
NPC29883	NPC29883	NPT949	2	573343;573344	PMID
NPC29883	NPC29883	NPT954	2	573343;573344	PMID
NPC29883	NPC29883	NPT955	2	573343;573344	PMID
NPC2989	NPC2989	NPT149	1	538303	PMID
NPC2989	NPC2989	NPT212	1	538271	PMID
NPC2989	NPC2989	NPT48	1	538303	PMID
NPC2989	NPC2989	NPT620	1	538317	PMID
NPC2989	NPC2989	NPT713	1	538363	PMID
NPC2989	NPC2989	NPT94	1	538303	PMID
NPC299090	NPC299090	NPT42	1	448414	PMID
NPC299134	NPC299134	NPT109	1	451830	PMID
NPC299134	NPC299134	NPT1250	3	451840;451845;451854	PMID
NPC299134	NPC299134	NPT151	1	451830	PMID
NPC299134	NPC299134	NPT346	3	451828;451829;451841	PMID
NPC299134	NPC299134	NPT472	1	451841	PMID
NPC299134	NPC299134	NPT94	1	451830	PMID
NPC299235	NPC299235	NPT109	1	453571	PMID
NPC299369	NPC299369	NPT483	1	541403	PMID
NPC299379	NPC299379	NPT109	1	496260	PMID
NPC299379	NPC299379	NPT1226	1	496260	PMID
NPC299379	NPC299379	NPT149	1	496260	PMID
NPC299379	NPC299379	NPT277	1	496260	PMID
NPC299379	NPC299379	NPT48	1	496260	PMID
NPC299379	NPC299379	NPT51	1	496260	PMID
NPC299379	NPC299379	NPT792	1	496260	PMID
NPC299405	NPC299405	NPT1214	1	573619	PMID
NPC299405	NPC299405	NPT143	1	573616	PMID
NPC299405	NPC299405	NPT144	1	573617	PMID
NPC299405	NPC299405	NPT2584	1	573619	PMID
NPC299406	NPC299406	NPT153	1	536850	PMID
NPC299406	NPC299406	NPT2691	1	536852	PMID
NPC299484	NPC299484	NPT210	1	538475	PMID
NPC299568	NPC299568	NPT109	1	500901	PMID
NPC299568	NPC299568	NPT110	1	500901	PMID
NPC299568	NPC299568	NPT1287	4	500881;500884;500893;500901	PMID
NPC299568	NPC299568	NPT145	1	500902	PMID
NPC299568	NPC299568	NPT1603	2	500889;500901	PMID
NPC299568	NPC299568	NPT1604	1	500901	PMID
NPC299568	NPC299568	NPT208	1	500901	PMID
NPC299568	NPC299568	NPT212	1	500901	PMID
NPC299568	NPC299568	NPT213	1	500901	PMID
NPC299568	NPC299568	NPT223	1	500902	PMID
NPC299568	NPC299568	NPT224	1	500902	PMID
NPC299568	NPC299568	NPT232	4	500881;500884;500893;500901	PMID
NPC299568	NPC299568	NPT240	1	500901	PMID
NPC299568	NPC299568	NPT242	1	500902	PMID
NPC299568	NPC299568	NPT271	1	500902	PMID
NPC299568	NPC299568	NPT272	1	500902	PMID
NPC299568	NPC299568	NPT292	1	500902	PMID
NPC299568	NPC299568	NPT4023	1	500901	PMID
NPC299568	NPC299568	NPT4120	1	500881	PMID
NPC299568	NPC299568	NPT472	1	500900	PMID
NPC299568	NPC299568	NPT627	1	500901	PMID
NPC299568	NPC299568	NPT92	1	500901	PMID
NPC299568	NPC299568	NPT987	1	500902	PMID
NPC299590	NPC299590	NPT31	1	481500	PMID
NPC299590	NPC299590	NPT4559	1	481512	PMID
NPC299590	NPC299590	NPT483	1	481505	PMID
NPC299590	NPC299590	NPT537	1	481505	PMID
NPC299590	NPC299590	NPT538	1	481505	PMID
NPC299590	NPC299590	NPT5825	4	481517;481520;481521;481522	PMID
NPC299741	NPC299741	NPT178	1	32196343	PMID
NPC299781	NPC299781	NPT2824	1	571495	PMID
NPC29980	NPC29980	NPT665	1	30892891	PMID
NPC29980	NPC29980	NPT669	1	30892891	PMID
NPC299923	NPC299923	NPT1422	1	479873	PMID
NPC299939	NPC299939	NPT792	1	506790	PMID
NPC299990	NPC299990	NPT109	1	519125	PMID
NPC299990	NPC299990	NPT282	1	519125	PMID
NPC299990	NPC299990	NPT45	1	519125	PMID
NPC299990	NPC299990	NPT50	1	519125	PMID
NPC299996	NPC299996	NPT178	1	525762	PMID
NPC300017	NPC300017	NPT233	1	480763	PMID
NPC300017	NPC300017	NPT947	1	480763	PMID
NPC300020	NPC300020	NPT261	1	454975	PMID
NPC300059	NPC300059	NPT1006	1	494648	PMID
NPC300059	NPC300059	NPT213	1	494642	PMID
NPC300059	NPC300059	NPT483	1	494640	PMID
NPC300059	NPC300059	NPT58	1	494643	PMID
NPC300205	NPC300205	NPT166	2	463408;463409	PMID
NPC300205	NPC300205	NPT203	2	463408;463409	PMID
NPC300267	NPC300267	NPT956	1	463330	PMID
NPC300325	NPC300325	NPT204	1	538947	PMID
NPC300326	NPC300326	NPT30	1	496334	PMID
NPC300326	NPC300326	NPT31	1	496334	PMID
NPC300596	NPC300596	NPT1371	2	551862;551898	PMID
NPC300596	NPC300596	NPT1423	1	551878	PMID
NPC300596	NPC300596	NPT282	1	551871	PMID
NPC300596	NPC300596	NPT36	1	551862	PMID
NPC300596	NPC300596	NPT51	4	551871;551872;551873;551875	PMID
NPC300596	NPC300596	NPT537	1	551871	PMID
NPC300596	NPC300596	NPT591	3	551886;551889;551890	PMID
NPC300596	NPC300596	NPT607	1	551862	PMID
NPC300596	NPC300596	NPT93	1	551872	PMID
NPC300657	NPC300657	NPT640	1	518926	PMID
NPC300657	NPC300657	NPT641	1	518926	PMID
NPC300776	NPC300776	NPT537	1	490408	PMID
NPC300776	NPC300776	NPT538	1	490408	PMID
NPC300798	NPC300798	NPT282	1	524186	PMID
NPC300798	NPC300798	NPT50	1	524186	PMID
NPC300798	NPC300798	NPT51	1	524186	PMID
NPC300845	NPC300845	NPT1187	1	508962	PMID
NPC300845	NPC300845	NPT1336	1	508948	PMID
NPC300845	NPC300845	NPT1337	1	508952	PMID
NPC300845	NPC300845	NPT1429	1	508959	PMID
NPC300845	NPC300845	NPT920	1	508964	PMID
NPC300845	NPC300845	NPT980	1	508956	PMID
NPC300894	NPC300894	NPT31	1	545816	PMID
NPC300940	NPC300940	NPT1210	1	476037	PMID
NPC300940	NPC300940	NPT178	1	476037	PMID
NPC300984	NPC300984	NPT1038	1	561957	PMID
NPC300984	NPC300984	NPT109	1	561956	PMID
NPC300984	NPC300984	NPT149	1	561956	PMID
NPC300984	NPC300984	NPT1627	1	561958	PMID
NPC300984	NPC300984	NPT178	2	561955;561962	PMID
NPC300984	NPC300984	NPT282	1	561956	PMID
NPC300984	NPC300984	NPT47	1	561957	PMID
NPC300984	NPC300984	NPT51	1	561957	PMID
NPC300984	NPC300984	NPT59	1	561957	PMID
NPC300984	NPC300984	NPT72	1	561959	PMID
NPC300984	NPC300984	NPT73	1	561959	PMID
NPC301217	NPC301217	NPT178	1	450457	PMID
NPC301585	NPC301585	NPT106	1	469332	PMID
NPC301585	NPC301585	NPT50	1	469325	PMID
NPC301585	NPC301585	NPT5236	1	469319	PMID
NPC301585	NPC301585	NPT866	1	469332	PMID
NPC301585	NPC301585	NPT99	1	469332	PMID
NPC301696	NPC301696	NPT1472	1	506826	PMID
NPC301696	NPC301696	NPT210	1	506824	PMID
NPC301696	NPC301696	NPT483	1	506823	PMID
NPC301696	NPC301696	NPT665	1	506827	PMID
NPC301696	NPC301696	NPT669	1	506827	PMID
NPC301696	NPC301696	NPT94	1	506824	PMID
NPC301702	NPC301702	NPT233	1	567137	PMID
NPC301702	NPC301702	NPT48	1	567144	PMID
NPC301702	NPC301702	NPT51	1	567144	PMID
NPC301702	NPC301702	NPT947	1	567137	PMID
NPC301874	NPC301874	NPT51	1	532195	PMID
NPC302003	NPC302003	NPT1006	1	542464	PMID
NPC302159	NPC302159	NPT1006	1	465723	PMID
NPC302159	NPC302159	NPT2807	2	465712;465714	PMID
NPC302159	NPC302159	NPT483	1	465719	PMID
NPC302159	NPC302159	NPT864	1	465720	PMID
NPC302171	NPC302171	NPT243	1	551904	PMID
NPC302171	NPC302171	NPT245	1	551904	PMID
NPC302188	NPC302188	NPT208	1	541545	PMID
NPC302188	NPC302188	NPT210	1	541535	PMID
NPC302188	NPC302188	NPT45	1	541538	PMID
NPC302188	NPC302188	NPT483	1	541535	PMID
NPC302188	NPC302188	NPT58	1	541536	PMID
NPC302188	NPC302188	NPT5836	1	541504	PMID
NPC302188	NPC302188	NPT93	1	541537	PMID
NPC302188	NPC302188	NPT94	1	541535	PMID
NPC302191	NPC302191	NPT542	1	531668	PMID
NPC302408	NPC302408	NPT668	1	485177	PMID
NPC302426	NPC302426	NPT441	1	529694	PMID
NPC302449	NPC302449	NPT145	1	11585443	PMID
NPC302449	NPC302449	NPT271	1	11585443	PMID
NPC302449	NPC302449	NPT272	1	11585443	PMID
NPC302527	NPC302527	NPT1788	1	493064	PMID
NPC302857	NPC302857	NPT1210	1	555653	PMID
NPC302857	NPC302857	NPT1270	1	555621	PMID
NPC302857	NPC302857	NPT178	1	555653	PMID
NPC302857	NPC302857	NPT41	2	555621;555622	PMID
NPC302857	NPC302857	NPT5403	1	555636	PMID
NPC302857	NPC302857	NPT78	1	555624	PMID
NPC302950	NPC302950	NPT1062	1	566918	PMID
NPC302950	NPC302950	NPT109	2	566893;566896	PMID
NPC302950	NPC302950	NPT110	2	566895;566896	PMID
NPC302950	NPC302950	NPT149	2	566895;566896	PMID
NPC302950	NPC302950	NPT1592	1	566924	PMID
NPC302950	NPC302950	NPT1603	1	566891	PMID
NPC302950	NPC302950	NPT1604	1	566891	PMID
NPC302950	NPC302950	NPT204	1	566898	PMID
NPC302950	NPC302950	NPT208	2	566891;566896	PMID
NPC302950	NPC302950	NPT210	1	566895	PMID
NPC302950	NPC302950	NPT211	1	566896	PMID
NPC302950	NPC302950	NPT212	2	566895;566896	PMID
NPC302950	NPC302950	NPT213	2	566895;566896	PMID
NPC302950	NPC302950	NPT282	1	566896	PMID
NPC302950	NPC302950	NPT524	1	566894	PMID
NPC302950	NPC302950	NPT537	1	566894	PMID
NPC302950	NPC302950	NPT538	1	566894	PMID
NPC302950	NPC302950	NPT539	1	566893	PMID
NPC302950	NPC302950	NPT591	1	566909	PMID
NPC302950	NPC302950	NPT94	1	566896	PMID
NPC302950	NPC302950	NPT949	1	566918	PMID
NPC302950	NPC302950	NPT955	1	566918	PMID
NPC303141	NPC303141	NPT1270	1	528528	PMID
NPC303141	NPC303141	NPT3504	3	528529;528532;528533	PMID
NPC303141	NPC303141	NPT3507	3	528529;528532;528533	PMID
NPC303141	NPC303141	NPT41	1	528528	PMID
NPC30324	NPC30324	NPT1157	1	464827	PMID
NPC30326	NPC30326	NPT2266	1	465172	PMID
NPC30326	NPC30326	NPT476	1	465167	PMID
NPC303264	NPC303264	NPT741	1	538835	PMID
NPC303422	NPC303422	NPT282	1	476410	PMID
NPC303422	NPC303422	NPT48	1	476410	PMID
NPC303422	NPC303422	NPT51	1	476410	PMID
NPC303422	NPC303422	NPT59	1	476410	PMID
NPC303422	NPC303422	NPT60	1	476410	PMID
NPC303460	NPC303460	NPT1214	1	456029	PMID
NPC303460	NPC303460	NPT2584	1	456029	PMID
NPC303485	NPC303485	NPT4717	1	479519	PMID
NPC303485	NPC303485	NPT740	1	479516	PMID
NPC303485	NPC303485	NPT78	1	479520	PMID
NPC303522	NPC303522	NPT30	1	486379	PMID
NPC303581	NPC303581	NPT110	1	526011	PMID
NPC303581	NPC303581	NPT213	1	526011	PMID
NPC303581	NPC303581	NPT48	1	526010	PMID
NPC303633	NPC303633	NPT1464	1	549631	PMID
NPC303644	NPC303644	NPT2732	1	502495	PMID
NPC303777	NPC303777	NPT540	1	483571	PMID
NPC303798	NPC303798	NPT503	1	473643	PMID
NPC304008	NPC304008	NPT918	1	461282	PMID
NPC304074	NPC304074	NPT5645	1	494196	PMID
NPC304079	NPC304079	NPT48	1	479683	PMID
NPC304079	NPC304079	NPT524	1	479683	PMID
NPC30421	NPC30421	NPT441	1	504038	PMID
NPC304223	NPC304223	NPT1287	1	570841	PMID
NPC304295	NPC304295	NPT497	1	523722	PMID
NPC304351	NPC304351	NPT3953	1	547746	PMID
NPC304443	NPC304443	NPT109	1	495912	PMID
NPC304443	NPC304443	NPT48	1	495910	PMID
NPC304443	NPC304443	NPT51	1	495912	PMID
NPC304443	NPC304443	NPT94	2	495910;495911	PMID
NPC304638	NPC304638	NPT233	1	522292	PMID
NPC304638	NPC304638	NPT947	1	522292	PMID
NPC304638	NPC304638	NPT948	1	522292	PMID
NPC304638	NPC304638	NPT949	1	522292	PMID
NPC304638	NPC304638	NPT954	1	522292	PMID
NPC304638	NPC304638	NPT955	1	522292	PMID
NPC304795	NPC304795	NPT30	1	484987	PMID
NPC304836	NPC304836	NPT50	1	552000	PMID
NPC304836	NPC304836	NPT94	1	552000	PMID
NPC304837	NPC304837	NPT640	1	474088	PMID
NPC304837	NPC304837	NPT641	1	474088	PMID
NPC304839	NPC304839	NPT211	1	528930	PMID
NPC304929	NPC304929	NPT967	1	505231	PMID
NPC304954	NPC304954	NPT1038	1	475740	PMID
NPC304954	NPC304954	NPT45	1	475740	PMID
NPC304954	NPC304954	NPT47	1	475740	PMID
NPC304954	NPC304954	NPT48	1	475740	PMID
NPC304954	NPC304954	NPT51	1	475740	PMID
NPC304954	NPC304954	NPT537	1	475740	PMID
NPC304954	NPC304954	NPT538	1	475740	PMID
NPC304954	NPC304954	NPT59	1	475740	PMID
NPC304954	NPC304954	NPT60	1	475740	PMID
NPC304956	NPC304956	NPT42	1	485853	PMID
NPC305016	NPC305016	NPT109	1	559855	PMID
NPC305016	NPC305016	NPT668	1	559863	PMID
NPC305039	NPC305039	NPT1197	1	521246	PMID
NPC305039	NPC305039	NPT1416	1	521246	PMID
NPC305039	NPC305039	NPT211	1	521246	PMID
NPC305039	NPC305039	NPT483	1	521246	PMID
NPC305039	NPC305039	NPT51	1	521246	PMID
NPC305039	NPC305039	NPT93	1	521246	PMID
NPC30506	NPC30506	NPT2520	1	521131	PMID
NPC305464	NPC305464	NPT178	2	512501;512503	PMID
NPC305518	NPC305518	NPT109	1	494619	PMID
NPC305518	NPC305518	NPT282	1	494619	PMID
NPC305518	NPC305518	NPT45	1	494619	PMID
NPC305518	NPC305518	NPT93	1	494619	PMID
NPC305542	NPC305542	NPT601	1	555306	PMID
NPC305648	NPC305648	NPT2856	1	31012583	PMID
NPC305648	NPC305648	NPT3708	1	30139550	PMID
NPC305648	NPC305648	NPT3712	1	31012583	PMID
NPC305648	NPC305648	NPT3713	1	31012583	PMID
NPC305648	NPC305648	NPT3714	1	31012583	PMID
NPC305648	NPC305648	NPT3715	1	31012583	PMID
NPC305648	NPC305648	NPT3716	1	31012583	PMID
NPC30583	NPC30583	NPT540	1	551968	PMID
NPC30583	NPC30583	NPT745	1	551968	PMID
NPC305847	NPC305847	NPT145	1	26632862	PMID
NPC305847	NPC305847	NPT272	1	464263	PMID
NPC305912	NPC305912	NPT109	1	487802	PMID
NPC305912	NPC305912	NPT94	1	487802	PMID
NPC30594	NPC30594	NPT1785	1	557352	PMID
NPC30594	NPC30594	NPT346	1	557356	PMID
NPC305985	NPC305985	NPT204	1	28898076	PMID
NPC306001	NPC306001	NPT537	1	497388	PMID
NPC306001	NPC306001	NPT538	1	497388	PMID
NPC306009	NPC306009	NPT210	1	462949	PMID
NPC306074	NPC306074	NPT210	1	519195	PMID
NPC306074	NPC306074	NPT50	1	519195	PMID
NPC306074	NPC306074	NPT94	1	519195	PMID
NPC306195	NPC306195	NPT109	1	456111	PMID
NPC306195	NPC306195	NPT282	1	456111	PMID
NPC306195	NPC306195	NPT792	1	456111	PMID
NPC306238	NPC306238	NPT149	1	525989	PMID
NPC306238	NPC306238	NPT282	1	525988	PMID
NPC306238	NPC306238	NPT48	1	525988	PMID
NPC306238	NPC306238	NPT51	1	525988	PMID
NPC306238	NPC306238	NPT792	1	525988	PMID
NPC306277	NPC306277	NPT1062	1	507957	PMID
NPC306277	NPC306277	NPT1063	1	507957	PMID
NPC306277	NPC306277	NPT1143	1	507957	PMID
NPC306277	NPC306277	NPT1144	1	507957	PMID
NPC306277	NPC306277	NPT1146	1	507957	PMID
NPC306277	NPC306277	NPT233	1	507957	PMID
NPC306277	NPC306277	NPT947	1	507957	PMID
NPC306277	NPC306277	NPT948	1	507957	PMID
NPC306277	NPC306277	NPT949	1	507957	PMID
NPC306277	NPC306277	NPT954	1	507957	PMID
NPC306277	NPC306277	NPT955	1	507957	PMID
NPC306397	NPC306397	NPT1046	12	521031;521039;521041;521050;521052;521057;521059;521062;521071;521072;521080;521085	PMID
NPC306397	NPC306397	NPT1158	13	521034;521035;521036;521039;521050;521057;521058;521059;521062;521071;521085;521086;521089	PMID
NPC306397	NPC306397	NPT2562	5	521030;521042;521053;521065;521069	PMID
NPC306397	NPC306397	NPT4542	7	521039;521048;521050;521059;521085;521087;521089	PMID
NPC306397	NPC306397	NPT5847	2	521063;521085	PMID
NPC306397	NPC306397	NPT707	1	521050	PMID
NPC306462	NPC306462	NPT1057	3	554098;554099;554100	PMID
NPC306462	NPC306462	NPT497	3	554094;554109;554129	PMID
NPC306462	NPC306462	NPT498	1	554109	PMID
NPC306462	NPC306462	NPT501	2	554093;554136	PMID
NPC306462	NPC306462	NPT503	1	554098	PMID
NPC306462	NPC306462	NPT511	1	554129	PMID
NPC306462	NPC306462	NPT512	1	554129	PMID
NPC306462	NPC306462	NPT513	4	554127;554128;554129;554144	PMID
NPC306462	NPC306462	NPT514	1	554129	PMID
NPC306462	NPC306462	NPT5849	1	554110	PMID
NPC306462	NPC306462	NPT60	7	554092;554103;554104;554125;554127;554129;554136	PMID
NPC306462	NPC306462	NPT61	7	554092;554099;554103;554125;554128;554145;554152	PMID
NPC30647	NPC30647	NPT30	1	478292	PMID
NPC30647	NPC30647	NPT31	1	478292	PMID
NPC306488	NPC306488	NPT178	1	523936	PMID
NPC306541	NPC306541	NPT178	1	524574	PMID
NPC30677	NPC30677	NPT540	1	566948	PMID
NPC306788	NPC306788	NPT1603	1	487617	PMID
NPC306788	NPC306788	NPT1604	1	487617	PMID
NPC306788	NPC306788	NPT208	1	487617	PMID
NPC306835	NPC306835	NPT1214	1	496045	PMID
NPC306835	NPC306835	NPT143	1	496044	PMID
NPC306835	NPC306835	NPT2584	1	496045	PMID
NPC306843	NPC306843	NPT109	1	553317	PMID
NPC306843	NPC306843	NPT110	2	553317;553318	PMID
NPC306843	NPC306843	NPT149	2	553317;553318	PMID
NPC306843	NPC306843	NPT151	1	553317	PMID
NPC306843	NPC306843	NPT208	1	553317	PMID
NPC306843	NPC306843	NPT211	1	553317	PMID
NPC306843	NPC306843	NPT212	1	553318	PMID
NPC306843	NPC306843	NPT410	1	553311	PMID
NPC306843	NPC306843	NPT48	1	553317	PMID
NPC306843	NPC306843	NPT483	1	553317	PMID
NPC306843	NPC306843	NPT94	1	553317	PMID
NPC306856	NPC306856	NPT1283	1	533148	PMID
NPC306902	NPC306902	NPT1226	1	551709	PMID
NPC306902	NPC306902	NPT4163	1	551707	PMID
NPC306902	NPC306902	NPT4674	1	551709	PMID
NPC306902	NPC306902	NPT537	1	551709	PMID
NPC306902	NPC306902	NPT59	1	551709	PMID
NPC306902	NPC306902	NPT60	1	551709	PMID
NPC306902	NPC306902	NPT867	1	551709	PMID
NPC30691	NPC30691	NPT94	1	524338	PMID
NPC307006	NPC307006	NPT1416	1	529969	PMID
NPC307006	NPC307006	NPT58	1	529969	PMID
NPC307050	NPC307050	NPT110	1	539141	PMID
NPC307063	NPC307063	NPT540	1	473050	PMID
NPC307123	NPC307123	NPT225	10	552797;552811;552818;552835;552849;552851;552869;552890;552893;552905	PMID
NPC307123	NPC307123	NPT226	2	552851;552905	PMID
NPC307123	NPC307123	NPT483	1	552832	PMID
NPC307123	NPC307123	NPT50	1	552833	PMID
NPC307174	NPC307174	NPT1265	1	524872	PMID
NPC307176	NPC307176	NPT109	2	553842;553845	PMID
NPC307176	NPC307176	NPT1214	1	553778	PMID
NPC307176	NPC307176	NPT1416	1	553844	PMID
NPC307176	NPC307176	NPT1422	1	553814	PMID
NPC307176	NPC307176	NPT153	9	553751;553759;553764;553772;553775;553784;553794;553835;553947	PMID
NPC307176	NPC307176	NPT1540	1	553886	PMID
NPC307176	NPC307176	NPT1546	1	553886	PMID
NPC307176	NPC307176	NPT210	2	553842;553843	PMID
NPC307176	NPC307176	NPT211	1	553845	PMID
NPC307176	NPC307176	NPT212	1	553766	PMID
NPC307176	NPC307176	NPT249	7	553751;553759;553772;553775;553784;553794;553863	PMID
NPC307176	NPC307176	NPT2675	1	553935	PMID
NPC307176	NPC307176	NPT282	2	553843;553846	PMID
NPC307176	NPC307176	NPT296	2	553800;553863	PMID
NPC307176	NPC307176	NPT48	1	553847	PMID
NPC307176	NPC307176	NPT483	3	553844;553845;553846	PMID
NPC307176	NPC307176	NPT51	1	553845	PMID
NPC307176	NPC307176	NPT5155	1	553819	PMID
NPC307176	NPC307176	NPT537	1	553848	PMID
NPC307176	NPC307176	NPT541	5	553751;553764;553784;553792;553794	PMID
NPC307176	NPC307176	NPT542	23	553751;553759;553760;553762;553764;553769;553772;553775;553776;553779;553782;553783;553784;553794;553804;553817;553820;553829;553835;553850;553906;553950;553962	PMID
NPC307176	NPC307176	NPT613	1	553886	PMID
NPC307176	NPC307176	NPT668	4	553807;553814;553883;553885	PMID
NPC307176	NPC307176	NPT713	3	553881;553927;553928	PMID
NPC307176	NPC307176	NPT745	1	553810	PMID
NPC307176	NPC307176	NPT796	1	553844	PMID
NPC307176	NPC307176	NPT894	1	553787	PMID
NPC307176	NPC307176	NPT93	3	553844;553845;553849	PMID
NPC307176	NPC307176	NPT94	3	553843;553844;553849	PMID
NPC307176	NPC307176	NPT96	1	553845	PMID
NPC307412	NPC307412	NPT151	1	459658	PMID
NPC307412	NPC307412	NPT48	1	459658	PMID
NPC307412	NPC307412	NPT94	1	459658	PMID
NPC307426	NPC307426	NPT166	1	520808	PMID
NPC307426	NPC307426	NPT203	1	520808	PMID
NPC307426	NPC307426	NPT570	1	520810	PMID
NPC307435	NPC307435	NPT106	1	523179	PMID
NPC307435	NPC307435	NPT866	1	523179	PMID
NPC307435	NPC307435	NPT99	1	523179	PMID
NPC307594	NPC307594	NPT50	1	521551	PMID
NPC307594	NPC307594	NPT94	1	521551	PMID
NPC307672	NPC307672	NPT1078	1	539148	PMID
NPC307699	NPC307699	NPT38	1	447952	PMID
NPC307739	NPC307739	NPT1029	1	490106	PMID
NPC307963	NPC307963	NPT109	1	499932	PMID
NPC307963	NPC307963	NPT110	1	499936	PMID
NPC307963	NPC307963	NPT149	1	499932	PMID
NPC307963	NPC307963	NPT151	1	499933	PMID
NPC307963	NPC307963	NPT1603	1	500011	PMID
NPC307963	NPC307963	NPT1604	1	500011	PMID
NPC307963	NPC307963	NPT1634	1	500026	PMID
NPC307963	NPC307963	NPT208	2	499936;500011	PMID
NPC307963	NPC307963	NPT366	7	499883;499891;499910;499917;499944;499967;500015	PMID
NPC307963	NPC307963	NPT4046	64	499855;499857;499858;499864;499865;499866;499867;499870;499875;499878;499880;499881;499884;499886;499888;499889;499890;499891;499893;499894;499895;499896;499898;499899;499901;499903;499904;499906;499908;499911;499913;499914;499915;499920;499922;499924;499926;499943;499944;499945;499946;499947;499948;499949;499950;499969;499970;499973;499975;499982;499991;499994;499997;499998;499999;500001;500003;500007;500009;500017;500019;500028;500033;500042	PMID
NPC307963	NPC307963	NPT4047	55	499855;499857;499858;499864;499865;499867;499870;499875;499878;499880;499881;499884;499886;499888;499890;499891;499893;499894;499895;499896;499898;499899;499901;499903;499904;499906;499908;499913;499914;499915;499920;499922;499924;499926;499943;499944;499945;499946;499947;499949;499950;499969;499970;499982;499991;499994;499997;499998;499999;500001;500009;500019;500028;500033;500042	PMID
NPC307963	NPC307963	NPT48	1	499933	PMID
NPC307963	NPC307963	NPT483	1	499931	PMID
NPC307963	NPC307963	NPT50	1	499932	PMID
NPC307963	NPC307963	NPT537	1	499934	PMID
NPC307963	NPC307963	NPT58	1	499937	PMID
NPC307963	NPC307963	NPT796	1	499935	PMID
NPC307963	NPC307963	NPT94	1	499933	PMID
NPC307963	NPC307963	NPT987	1	500031	PMID
NPC307965	NPC307965	NPT51	1	483034	PMID
NPC307965	NPC307965	NPT792	1	483034	PMID
NPC307965	NPC307965	NPT94	1	483034	PMID
NPC308191	NPC308191	NPT881	1	468527	PMID
NPC308267	NPC308267	NPT109	1	526700	PMID
NPC308267	NPC308267	NPT110	1	526701	PMID
NPC308267	NPC308267	NPT210	1	526701	PMID
NPC308267	NPC308267	NPT213	1	526701	PMID
NPC308267	NPC308267	NPT48	1	526700	PMID
NPC308301	NPC308301	NPT109	1	480185	PMID
NPC308301	NPC308301	NPT210	1	480185	PMID
NPC308301	NPC308301	NPT50	1	480186	PMID
NPC308301	NPC308301	NPT524	1	480186	PMID
NPC308885	NPC308885	NPT109	3	493016;493017;493019	PMID
NPC308885	NPC308885	NPT110	3	493016;493017;493018	PMID
NPC308885	NPC308885	NPT208	3	493016;493017;493019	PMID
NPC308885	NPC308885	NPT212	4	493016;493017;493018;493019	PMID
NPC308885	NPC308885	NPT213	3	493016;493017;493018	PMID
NPC308885	NPC308885	NPT277	1	493019	PMID
NPC308885	NPC308885	NPT472	1	493023	PMID
NPC308885	NPC308885	NPT48	1	493016	PMID
NPC308885	NPC308885	NPT539	1	493016	PMID
NPC308885	NPC308885	NPT60	1	493020	PMID
NPC308885	NPC308885	NPT94	3	493016;493017;493019	PMID
NPC308976	NPC308976	NPT31	1	505866	PMID
NPC308976	NPC308976	NPT570	1	505866	PMID
NPC309203	NPC309203	NPT665	1	30892891	PMID
NPC309203	NPC309203	NPT669	1	30892891	PMID
NPC309330	NPC309330	NPT163	1	506378	PMID
NPC309335	NPC309335	NPT204	1	475950	PMID
NPC309367	NPC309367	NPT109	1	498401	PMID
NPC309367	NPC309367	NPT1119	1	498401	PMID
NPC309367	NPC309367	NPT1197	1	498401	PMID
NPC309367	NPC309367	NPT1224	1	498400	PMID
NPC309367	NPC309367	NPT1416	1	498400	PMID
NPC309367	NPC309367	NPT1418	1	498399	PMID
NPC309367	NPC309367	NPT149	1	498401	PMID
NPC309367	NPC309367	NPT151	2	498401;498402	PMID
NPC309367	NPC309367	NPT2266	1	498421	PMID
NPC309367	NPC309367	NPT282	1	498401	PMID
NPC309367	NPC309367	NPT2882	1	498411	PMID
NPC309367	NPC309367	NPT3000	1	498399	PMID
NPC309367	NPC309367	NPT3246	1	498400	PMID
NPC309367	NPC309367	NPT3728	1	498400	PMID
NPC309367	NPC309367	NPT48	2	498400;498402	PMID
NPC309367	NPC309367	NPT483	1	498401	PMID
NPC309367	NPC309367	NPT5	1	498414	PMID
NPC309367	NPC309367	NPT50	1	498400	PMID
NPC309367	NPC309367	NPT51	2	498400;498402	PMID
NPC309367	NPC309367	NPT52	1	498400	PMID
NPC309367	NPC309367	NPT539	1	498401	PMID
NPC309367	NPC309367	NPT5731	1	498414	PMID
NPC309367	NPC309367	NPT792	1	498401	PMID
NPC309367	NPC309367	NPT864	1	498400	PMID
NPC309367	NPC309367	NPT918	1	498400	PMID
NPC309367	NPC309367	NPT93	1	498401	PMID
NPC309367	NPC309367	NPT94	3	498400;498401;498402	PMID
NPC309399	NPC309399	NPT483	1	473096	PMID
NPC309399	NPC309399	NPT72	1	473098	PMID
NPC309399	NPC309399	NPT73	1	473098	PMID
NPC310220	NPC310220	NPT253	1	489770	PMID
NPC310259	NPC310259	NPT109	1	491124	PMID
NPC310259	NPC310259	NPT1422	1	491129	PMID
NPC310259	NPC310259	NPT1594	1	491129	PMID
NPC310259	NPC310259	NPT282	2	491124;491125	PMID
NPC310259	NPC310259	NPT48	2	491124;491125	PMID
NPC310259	NPC310259	NPT50	1	491124	PMID
NPC310259	NPC310259	NPT668	1	491129	PMID
NPC310259	NPC310259	NPT94	1	491125	PMID
NPC31034	NPC31034	NPT2533	1	523426	PMID
NPC310349	NPC310349	NPT178	1	29306546	PMID
NPC310370	NPC310370	NPT178	1	501264	PMID
NPC310373	NPC310373	NPT149	1	549458	PMID
NPC310373	NPC310373	NPT151	1	549458	PMID
NPC310373	NPC310373	NPT292	1	549466	PMID
NPC310373	NPC310373	NPT48	1	549458	PMID
NPC310373	NPC310373	NPT92	1	549466	PMID
NPC310373	NPC310373	NPT94	1	549458	PMID
NPC311078	NPC311078	NPT178	1	29064696	PMID
NPC311164	NPC311164	NPT204	1	510612	PMID
NPC311219	NPC311219	NPT149	1	571803	PMID
NPC311219	NPC311219	NPT151	2	571804;571805	PMID
NPC311219	NPC311219	NPT1634	1	572001	PMID
NPC311219	NPC311219	NPT210	1	571806	PMID
NPC311219	NPC311219	NPT233	1	571705	PMID
NPC311219	NPC311219	NPT30	9	571661;571688;571712;571752;571798;571830;571846;571906;572028	PMID
NPC311219	NPC311219	NPT31	18	571594;571616;571661;571666;571688;571752;571773;571774;571783;571796;571798;571843;571844;571846;571889;571906;572011;572028	PMID
NPC311219	NPC311219	NPT48	2	571804;571805	PMID
NPC311219	NPC311219	NPT50	1	571806	PMID
NPC311219	NPC311219	NPT58	1	571804	PMID
NPC311219	NPC311219	NPT5871	1	571707	PMID
NPC311219	NPC311219	NPT94	1	571806	PMID
NPC311219	NPC311219	NPT947	1	571705	PMID
NPC311256	NPC311256	NPT967	1	558385	PMID
NPC311339	NPC311339	NPT1603	1	480900	PMID
NPC311343	NPC311343	NPT50	1	469475	PMID
NPC311343	NPC311343	NPT501	1	469475	PMID
NPC311612	NPC311612	NPT2536	1	489001	PMID
NPC311660	NPC311660	NPT210	1	489607	PMID
NPC311660	NPC311660	NPT792	1	489607	PMID
NPC311668	NPC311668	NPT1667	1	567048	PMID
NPC311668	NPC311668	NPT497	1	567049	PMID
NPC311668	NPC311668	NPT513	1	567053	PMID
NPC311668	NPC311668	NPT514	2	567053;567056	PMID
NPC311706	NPC311706	NPT721	1	31120251	PMID
NPC31171	NPC31171	NPT282	1	492574	PMID
NPC31171	NPC31171	NPT483	1	492574	PMID
NPC31171	NPC31171	NPT537	1	492574	PMID
NPC31171	NPC31171	NPT538	1	492574	PMID
NPC311753	NPC311753	NPT483	1	521698	PMID
NPC311881	NPC311881	NPT582	1	556168	PMID
NPC311881	NPC311881	NPT78	1	556167	PMID
NPC312132	NPC312132	NPT204	1	558195	PMID
NPC312132	NPC312132	NPT2691	1	558185	PMID
NPC312132	NPC312132	NPT30	1	558172	PMID
NPC312132	NPC312132	NPT346	2	558173;558190	PMID
NPC312404	NPC312404	NPT92	1	503684	PMID
NPC31279	NPC31279	NPT109	1	550647	PMID
NPC31279	NPC31279	NPT208	1	550648	PMID
NPC31279	NPC31279	NPT51	1	550646	PMID
NPC312800	NPC312800	NPT233	2	451295;451300	PMID
NPC312800	NPC312800	NPT570	1	451292	PMID
NPC312800	NPC312800	NPT947	1	451295	PMID
NPC312800	NPC312800	NPT948	1	451295	PMID
NPC312800	NPC312800	NPT949	1	451295	PMID
NPC312800	NPC312800	NPT954	1	451295	PMID
NPC312800	NPC312800	NPT955	1	451295	PMID
NPC312826	NPC312826	NPT1287	1	475405	PMID
NPC312826	NPC312826	NPT232	1	475405	PMID
NPC312870	NPC312870	NPT1197	1	476963	PMID
NPC312870	NPC312870	NPT1226	1	476963	PMID
NPC312870	NPC312870	NPT149	1	476963	PMID
NPC312870	NPC312870	NPT277	1	476963	PMID
NPC312918	NPC312918	NPT1038	1	485068	PMID
NPC312918	NPC312918	NPT1197	1	485068	PMID
NPC312918	NPC312918	NPT151	1	485068	PMID
NPC312918	NPC312918	NPT48	1	485068	PMID
NPC312918	NPC312918	NPT483	1	485068	PMID
NPC312918	NPC312918	NPT51	1	485068	PMID
NPC312918	NPC312918	NPT57	1	485068	PMID
NPC312918	NPC312918	NPT59	1	485068	PMID
NPC312918	NPC312918	NPT864	1	485068	PMID
NPC312918	NPC312918	NPT93	1	485068	PMID
NPC312918	NPC312918	NPT94	1	485068	PMID
NPC312929	NPC312929	NPT151	1	496663	PMID
NPC312929	NPC312929	NPT279	1	496645	PMID
NPC312929	NPC312929	NPT48	1	496663	PMID
NPC312929	NPC312929	NPT501	1	496663	PMID
NPC312929	NPC312929	NPT51	1	496663	PMID
NPC312929	NPC312929	NPT792	1	496663	PMID
NPC312929	NPC312929	NPT94	1	496663	PMID
NPC31344	NPC31344	NPT895	1	508116	PMID
NPC313449	NPC313449	NPT109	3	507118;507119;507120	PMID
NPC313449	NPC313449	NPT110	3	507118;507119;507120	PMID
NPC313449	NPC313449	NPT1197	1	507118	PMID
NPC313449	NPC313449	NPT149	3	507118;507119;507120	PMID
NPC313449	NPC313449	NPT208	2	507118;507119	PMID
NPC313449	NPC313449	NPT210	1	507118	PMID
NPC313449	NPC313449	NPT211	2	507118;507120	PMID
NPC313449	NPC313449	NPT47	1	507119	PMID
NPC313449	NPC313449	NPT48	1	507119	PMID
NPC313449	NPC313449	NPT483	1	507118	PMID
NPC313449	NPC313449	NPT50	2	507118;507119	PMID
NPC313449	NPC313449	NPT51	1	507119	PMID
NPC313449	NPC313449	NPT537	1	507121	PMID
NPC313449	NPC313449	NPT538	1	507121	PMID
NPC313449	NPC313449	NPT539	1	507119	PMID
NPC313449	NPC313449	NPT792	2	507119;507120	PMID
NPC313449	NPC313449	NPT93	1	507118	PMID
NPC313449	NPC313449	NPT94	1	507119	PMID
NPC313449	NPC313449	NPT940	1	507121	PMID
NPC313449	NPC313449	NPT96	1	507120	PMID
NPC313528	NPC313528	NPT483	1	471362	PMID
NPC313673	NPC313673	NPT292	3	494476;494477;494478	PMID
NPC313882	NPC313882	NPT5830	1	453868	PMID
NPC313921	NPC313921	NPT918	1	570243	PMID
NPC313981	NPC313981	NPT109	1	512580	PMID
NPC313981	NPC313981	NPT163	1	512580	PMID
NPC313981	NPC313981	NPT483	1	512579	PMID
NPC313981	NPC313981	NPT58	1	512579	PMID
NPC313985	NPC313985	NPT48	1	551326	PMID
NPC313985	NPC313985	NPT51	1	551326	PMID
NPC314192	NPC314192	NPT262	1	510351	PMID
NPC314192	NPC314192	NPT263	1	510351	PMID
NPC314192	NPC314192	NPT264	1	510351	PMID
NPC314192	NPC314192	NPT265	1	510351	PMID
NPC314192	NPC314192	NPT266	1	510351	PMID
NPC314192	NPC314192	NPT2691	1	510347	PMID
NPC314192	NPC314192	NPT2856	1	510347	PMID
NPC314192	NPC314192	NPT5891	1	510347	PMID
NPC314192	NPC314192	NPT98	1	510347	PMID
NPC314329	NPC314329	NPT149	1	489319	PMID
NPC314329	NPC314329	NPT153	1	489316	PMID
NPC314329	NPC314329	NPT218	1	489298	PMID
NPC314329	NPC314329	NPT441	4	489297;489305;489327;489329	PMID
NPC314329	NPC314329	NPT48	1	489319	PMID
NPC314329	NPC314329	NPT582	1	489317	PMID
NPC31433	NPC31433	NPT1098	1	487780	PMID
NPC314333	NPC314333	NPT50	1	548589	PMID
NPC314350	NPC314350	NPT497	1	33347966	PMID
NPC314350	NPC314350	NPT60	1	27689725	PMID
NPC314743	NPC314743	NPT222	1	534869	PMID
NPC314940	NPC314940	NPT1078	1	532529	PMID
NPC314940	NPC314940	NPT210	2	532534;532535	PMID
NPC314940	NPC314940	NPT4546	1	532567	PMID
NPC314940	NPC314940	NPT5373	3	532531;532551;532561	PMID
NPC314940	NPC314940	NPT5374	2	532531;532561	PMID
NPC314940	NPC314940	NPT568	1	532538	PMID
NPC314940	NPC314940	NPT687	1	532580	PMID
NPC31496	NPC31496	NPT864	1	507964	PMID
NPC315257	NPC315257	NPT110	1	467936	PMID
NPC315257	NPC315257	NPT208	1	467936	PMID
NPC315257	NPC315257	NPT243	1	467934	PMID
NPC315257	NPC315257	NPT290	1	467935	PMID
NPC315257	NPC315257	NPT51	1	467936	PMID
NPC315257	NPC315257	NPT543	1	467940	PMID
NPC315498	NPC315498	NPT48	1	495984	PMID
NPC315634	NPC315634	NPT109	1	538081	PMID
NPC315634	NPC315634	NPT48	1	538081	PMID
NPC315634	NPC315634	NPT50	2	538081;538082	PMID
NPC315634	NPC315634	NPT51	1	538081	PMID
NPC316181	NPC316181	NPT48	1	575700	PMID
NPC316181	NPC316181	NPT93	1	575700	PMID
NPC316181	NPC316181	NPT94	1	575700	PMID
NPC316906	NPC316906	NPT109	1	543017	PMID
NPC316906	NPC316906	NPT110	4	543013;543014;543017;543028	PMID
NPC316906	NPC316906	NPT1119	1	543013	PMID
NPC316906	NPC316906	NPT1197	1	543015	PMID
NPC316906	NPC316906	NPT145	2	543004;543028	PMID
NPC316906	NPC316906	NPT203	3	543054;543063;543065	PMID
NPC316906	NPC316906	NPT208	1	543013	PMID
NPC316906	NPC316906	NPT210	2	543013;543017	PMID
NPC316906	NPC316906	NPT226	1	543028	PMID
NPC316906	NPC316906	NPT244	1	543028	PMID
NPC316906	NPC316906	NPT252	1	543028	PMID
NPC316906	NPC316906	NPT271	2	543005;543028	PMID
NPC316906	NPC316906	NPT272	1	543028	PMID
NPC316906	NPC316906	NPT2856	1	543055	PMID
NPC316906	NPC316906	NPT291	1	543028	PMID
NPC316906	NPC316906	NPT295	1	543028	PMID
NPC316906	NPC316906	NPT296	1	543028	PMID
NPC316906	NPC316906	NPT45	1	543014	PMID
NPC316906	NPC316906	NPT483	2	543014;543015	PMID
NPC316906	NPC316906	NPT4999	1	543056	PMID
NPC316906	NPC316906	NPT537	1	543016	PMID
NPC316906	NPC316906	NPT539	2	543013;543017	PMID
NPC316906	NPC316906	NPT613	1	543010	PMID
NPC316906	NPC316906	NPT668	1	543034	PMID
NPC316906	NPC316906	NPT713	1	543052	PMID
NPC316906	NPC316906	NPT792	1	543013	PMID
NPC316906	NPC316906	NPT93	1	543015	PMID
NPC316906	NPC316906	NPT940	1	543016	PMID
NPC316906	NPC316906	NPT96	1	543017	PMID
NPC316906	NPC316906	NPT98	1	543055	PMID
NPC317145	NPC317145	NPT45	1	504549	PMID
NPC317145	NPC317145	NPT50	1	504549	PMID
NPC317177	NPC317177	NPT10	1	492697	PMID
NPC317177	NPC317177	NPT103	2	492748;492751	PMID
NPC317177	NPC317177	NPT109	1	492698	PMID
NPC317177	NPC317177	NPT1159	27	492593;492596;492598;492601;492602;492610;492611;492615;492617;492621;492623;492629;492632;492633;492636;492639;492641;492649;492653;492655;492658;492667;492669;492684;492685;492769;492782	PMID
NPC317177	NPC317177	NPT211	1	492698	PMID
NPC317177	NPC317177	NPT218	1	492720	PMID
NPC317177	NPC317177	NPT282	1	492720	PMID
NPC317177	NPC317177	NPT291	1	492720	PMID
NPC317177	NPC317177	NPT3201	28	492593;492596;492598;492601;492602;492610;492611;492615;492617;492621;492623;492629;492632;492633;492636;492639;492641;492649;492653;492655;492658;492669;492684;492685;492738;492768;492769;492782	PMID
NPC317177	NPC317177	NPT47	1	492698	PMID
NPC317177	NPC317177	NPT48	1	492698	PMID
NPC317177	NPC317177	NPT51	5	492696;492697;492698;492700;492701	PMID
NPC317177	NPC317177	NPT546	10	492596;492608;492632;492633;492634;492636;492639;492649;492655;492658	PMID
NPC317177	NPC317177	NPT58	1	492697	PMID
NPC317177	NPC317177	NPT598	2	492745;492751	PMID
NPC317177	NPC317177	NPT5980	27	492593;492594;492596;492598;492601;492602;492610;492611;492615;492617;492621;492623;492629;492632;492633;492636;492639;492641;492645;492649;492653;492655;492658;492684;492685;492769;492782	PMID
NPC317177	NPC317177	NPT5981	8	492608;492632;492633;492634;492636;492639;492649;492655	PMID
NPC317177	NPC317177	NPT5983	8	492608;492632;492633;492634;492636;492639;492649;492655	PMID
NPC317177	NPC317177	NPT599	1	492751	PMID
NPC317177	NPC317177	NPT713	1	492763	PMID
NPC317177	NPC317177	NPT755	2	492770;492796	PMID
NPC317177	NPC317177	NPT78	1	492798	PMID
NPC317177	NPC317177	NPT920	1	492798	PMID
NPC317177	NPC317177	NPT93	1	492698	PMID
NPC317177	NPC317177	NPT94	3	492697;492698;492701	PMID
NPC317305	NPC317305	NPT472	1	572193	PMID
NPC317474	NPC317474	NPT221	1	474869	PMID
NPC317474	NPC317474	NPT262	8	474776;474817;474825;474845;474869;474873;474879;474900	PMID
NPC317474	NPC317474	NPT263	10	474776;474817;474825;474861;474869;474879;474893;474900;474901;474905	PMID
NPC317474	NPC317474	NPT264	5	474825;474861;474869;474879;474900	PMID
NPC317474	NPC317474	NPT265	6	474825;474861;474869;474879;474890;474895	PMID
NPC317474	NPC317474	NPT266	7	474825;474850;474861;474868;474869;474884;474900	PMID
NPC317474	NPC317474	NPT292	1	474869	PMID
NPC317474	NPC317474	NPT613	1	474842	PMID
NPC317642	NPC317642	NPT1654	1	573906	PMID
NPC317642	NPC317642	NPT4106	1	573912	PMID
NPC317642	NPC317642	NPT94	1	573910	PMID
NPC317651	NPC317651	NPT211	1	449022	PMID
NPC317651	NPC317651	NPT483	1	449022	PMID
NPC317651	NPC317651	NPT50	1	449023	PMID
NPC317727	NPC317727	NPT2755	1	573040	PMID
NPC318107	NPC318107	NPT1062	1	469782	PMID
NPC318107	NPC318107	NPT1143	1	469782	PMID
NPC318107	NPC318107	NPT233	2	469782;469783	PMID
NPC318107	NPC318107	NPT947	1	469785	PMID
NPC318325	NPC318325	NPT108	1	513923	PMID
NPC318325	NPC318325	NPT13	1	513923	PMID
NPC318325	NPC318325	NPT204	1	513923	PMID
NPC318325	NPC318325	NPT217	1	513923	PMID
NPC318325	NPC318325	NPT218	1	513923	PMID
NPC318325	NPC318325	NPT222	1	513923	PMID
NPC318325	NPC318325	NPT223	1	513923	PMID
NPC318325	NPC318325	NPT224	1	513923	PMID
NPC318325	NPC318325	NPT228	1	513923	PMID
NPC318325	NPC318325	NPT246	1	513923	PMID
NPC318325	NPC318325	NPT262	1	513923	PMID
NPC318325	NPC318325	NPT263	1	513923	PMID
NPC318325	NPC318325	NPT264	1	513923	PMID
NPC318325	NPC318325	NPT266	1	513923	PMID
NPC318325	NPC318325	NPT283	1	513923	PMID
NPC318325	NPC318325	NPT285	1	513923	PMID
NPC318325	NPC318325	NPT295	1	513923	PMID
NPC318325	NPC318325	NPT298	1	513923	PMID
NPC318325	NPC318325	NPT30	1	513923	PMID
NPC318325	NPC318325	NPT300	1	513923	PMID
NPC318325	NPC318325	NPT31	1	513923	PMID
NPC318552	NPC318552	NPT51	1	509340	PMID
NPC318591	NPC318591	NPT110	3	499446;499521;499610	PMID
NPC318591	NPC318591	NPT208	1	499521	PMID
NPC318591	NPC318591	NPT225	6	499369;499397;499521;499610;499639;499674	PMID
NPC318591	NPC318591	NPT226	6	499521;499562;499610;499639;499674;499687	PMID
NPC318591	NPC318591	NPT227	1	499521	PMID
NPC318591	NPC318591	NPT2691	1	499590	PMID
NPC318591	NPC318591	NPT2856	1	499589	PMID
NPC318591	NPC318591	NPT290	1	499521	PMID
NPC318591	NPC318591	NPT291	1	499521	PMID
NPC318591	NPC318591	NPT292	1	499521	PMID
NPC318591	NPC318591	NPT294	1	499521	PMID
NPC318591	NPC318591	NPT295	1	499521	PMID
NPC318591	NPC318591	NPT296	1	499521	PMID
NPC318591	NPC318591	NPT613	1	499470	PMID
NPC318591	NPC318591	NPT668	1	499440	PMID
NPC318591	NPC318591	NPT748	1	499534	PMID
NPC318591	NPC318591	NPT92	1	499610	PMID
NPC318591	NPC318591	NPT98	1	499589	PMID
NPC31872	NPC31872	NPT30	1	486591	PMID
NPC31872	NPC31872	NPT31	1	486591	PMID
NPC318935	NPC318935	NPT645	1	475671	PMID
NPC318935	NPC318935	NPT684	1	475670	PMID
NPC319140	NPC319140	NPT210	1	511829	PMID
NPC319140	NPC319140	NPT60	1	511829	PMID
NPC319238	NPC319238	NPT2533	1	516279	PMID
NPC319549	NPC319549	NPT109	1	451731	PMID
NPC319549	NPC319549	NPT1197	1	451731	PMID
NPC319628	NPC319628	NPT282	1	529635	PMID
NPC319628	NPC319628	NPT4675	1	529635	PMID
NPC319628	NPC319628	NPT48	1	529635	PMID
NPC319628	NPC319628	NPT52	1	529635	PMID
NPC319628	NPC319628	NPT59	1	529635	PMID
NPC319628	NPC319628	NPT60	1	529635	PMID
NPC319628	NPC319628	NPT864	1	529635	PMID
NPC319972	NPC319972	NPT233	3	542573;542579;542598	PMID
NPC319972	NPC319972	NPT48	1	542592	PMID
NPC319972	NPC319972	NPT568	1	542593	PMID
NPC319972	NPC319972	NPT684	2	542581;542582	PMID
NPC320147	NPC320147	NPT263	1	569049	PMID
NPC320223	NPC320223	NPT48	1	476211	PMID
NPC320223	NPC320223	NPT483	1	476211	PMID
NPC320242	NPC320242	NPT110	1	520536	PMID
NPC320242	NPC320242	NPT1463	1	520590	PMID
NPC320242	NPC320242	NPT225	2	520568;520616	PMID
NPC320242	NPC320242	NPT226	2	520568;520616	PMID
NPC320242	NPC320242	NPT668	1	520533	PMID
NPC320287	NPC320287	NPT483	1	496284	PMID
NPC320287	NPC320287	NPT50	1	496284	PMID
NPC320287	NPC320287	NPT524	1	496285	PMID
NPC320287	NPC320287	NPT864	1	496285	PMID
NPC320833	NPC320833	NPT483	1	514046	PMID
NPC321011	NPC321011	NPT109	1	480941	PMID
NPC321011	NPC321011	NPT149	1	480941	PMID
NPC321011	NPC321011	NPT151	1	480941	PMID
NPC321011	NPC321011	NPT282	1	480941	PMID
NPC321011	NPC321011	NPT47	1	480940	PMID
NPC321011	NPC321011	NPT48	2	480940;480941	PMID
NPC321011	NPC321011	NPT49	1	480940	PMID
NPC321011	NPC321011	NPT51	1	480941	PMID
NPC321011	NPC321011	NPT52	1	480940	PMID
NPC321011	NPC321011	NPT539	1	480941	PMID
NPC321011	NPC321011	NPT59	1	480940	PMID
NPC321011	NPC321011	NPT60	1	480940	PMID
NPC321011	NPC321011	NPT792	1	480941	PMID
NPC321011	NPC321011	NPT798	1	480940	PMID
NPC321011	NPC321011	NPT801	1	480940	PMID
NPC321011	NPC321011	NPT802	1	480940	PMID
NPC321011	NPC321011	NPT94	1	480941	PMID
NPC321053	NPC321053	NPT212	2	460042;460047	PMID
NPC321053	NPC321053	NPT233	22	460002;460049;460056;460059;460063;460065;460066;460070;460076;460079;460080;460081;460082;460086;460088;460089;460090;460091;460092;460098;460103;460109	PMID
NPC321053	NPC321053	NPT46	1	460042	PMID
NPC321053	NPC321053	NPT483	2	460042;460043	PMID
NPC321053	NPC321053	NPT49	1	460043	PMID
NPC321053	NPC321053	NPT604	1	460027	PMID
NPC321053	NPC321053	NPT796	1	460045	PMID
NPC321053	NPC321053	NPT93	1	460044	PMID
NPC321053	NPC321053	NPT947	18	460049;460056;460059;460063;460065;460066;460076;460079;460080;460081;460082;460088;460089;460090;460092;460098;460103;460109	PMID
NPC321184	NPC321184	NPT441	1	470280	PMID
NPC321638	NPC321638	NPT441	1	504333	PMID
NPC321779	NPC321779	NPT279	1	478602	PMID
NPC321929	NPC321929	NPT210	1	486475	PMID
NPC321929	NPC321929	NPT483	1	486473	PMID
NPC321929	NPC321929	NPT537	1	486474	PMID
NPC321929	NPC321929	NPT58	1	486473	PMID
NPC321929	NPC321929	NPT93	1	486474	PMID
NPC321929	NPC321929	NPT967	36	486424;486432;486437;486439;486440;486441;486445;486446;486448;486450;486452;486453;486454;486455;486459;486466;486468;486488;486504;486526;486527;486531;486532;486533;486536;486538;486543;486544;486551;486553;486556;486558;486561;486564;486578;486579	PMID
NPC322091	NPC322091	NPT109	1	485192	PMID
NPC322091	NPC322091	NPT163	1	485192	PMID
NPC322091	NPC322091	NPT47	1	485192	PMID
NPC322091	NPC322091	NPT483	1	485192	PMID
NPC322091	NPC322091	NPT58	1	485192	PMID
NPC322091	NPC322091	NPT93	1	485192	PMID
NPC322283	NPC322283	NPT1211	1	482815	PMID
NPC322283	NPC322283	NPT206	1	482815	PMID
NPC322283	NPC322283	NPT4245	1	482814	PMID
NPC322283	NPC322283	NPT4675	1	482815	PMID
NPC322283	NPC322283	NPT6069	1	482815	PMID
NPC322283	NPC322283	NPT867	1	482815	PMID
NPC322301	NPC322301	NPT570	1	568687	PMID
NPC322301	NPC322301	NPT956	1	568687	PMID
NPC322366	NPC322366	NPT226	1	488437	PMID
NPC3224	NPC3224	NPT51	1	469802	PMID
NPC3224	NPC3224	NPT94	1	469802	PMID
NPC32279	NPC32279	NPT210	1	573940	PMID
NPC32298	NPC32298	NPT109	1	543355	PMID
NPC32298	NPC32298	NPT1422	1	543359	PMID
NPC32298	NPC32298	NPT151	1	543355	PMID
NPC32298	NPC32298	NPT153	1	543348	PMID
NPC32298	NPC32298	NPT1592	1	543391	PMID
NPC32298	NPC32298	NPT1604	1	543389	PMID
NPC32298	NPC32298	NPT218	2	543323;543324	PMID
NPC32298	NPC32298	NPT233	1	543370	PMID
NPC32298	NPC32298	NPT2562	1	543376	PMID
NPC32298	NPC32298	NPT2563	1	543376	PMID
NPC32298	NPC32298	NPT441	3	543350;543381;543385	PMID
NPC32298	NPC32298	NPT537	1	543354	PMID
NPC32298	NPC32298	NPT538	1	543354	PMID
NPC32298	NPC32298	NPT539	1	543355	PMID
NPC32298	NPC32298	NPT588	2	543376;543379	PMID
NPC32298	NPC32298	NPT93	1	543355	PMID
NPC32298	NPC32298	NPT947	1	543370	PMID
NPC32298	NPC32298	NPT948	1	543370	PMID
NPC32298	NPC32298	NPT949	1	543370	PMID
NPC323443	NPC323443	NPT864	1	458279	PMID
NPC323552	NPC323552	NPT233	1	490577	PMID
NPC323626	NPC323626	NPT108	1	464325	PMID
NPC323644	NPC323644	NPT6080	2	506334;506337	PMID
NPC324001	NPC324001	NPT540	1	488485	PMID
NPC324233	NPC324233	NPT108	1	570242	PMID
NPC324341	NPC324341	NPT303	1	449466	PMID
NPC324341	NPC324341	NPT5015	1	449466	PMID
NPC324386	NPC324386	NPT3938	1	523590	PMID
NPC324386	NPC324386	NPT47	1	523590	PMID
NPC324386	NPC324386	NPT49	1	523590	PMID
NPC324386	NPC324386	NPT57	1	523590	PMID
NPC324386	NPC324386	NPT59	1	523590	PMID
NPC324386	NPC324386	NPT864	1	523590	PMID
NPC32441	NPC32441	NPT1062	1	537576	PMID
NPC32441	NPC32441	NPT108	1	537471	PMID
NPC32441	NPC32441	NPT109	1	537528	PMID
NPC32441	NPC32441	NPT1187	1	537594	PMID
NPC32441	NPC32441	NPT149	1	537529	PMID
NPC32441	NPC32441	NPT1566	1	537468	PMID
NPC32441	NPC32441	NPT1581	1	537502	PMID
NPC32441	NPC32441	NPT1587	1	537508	PMID
NPC32441	NPC32441	NPT1588	2	537508;537587	PMID
NPC32441	NPC32441	NPT1592	1	537589	PMID
NPC32441	NPC32441	NPT1594	2	537514;537549	PMID
NPC32441	NPC32441	NPT1603	1	537525	PMID
NPC32441	NPC32441	NPT1604	1	537525	PMID
NPC32441	NPC32441	NPT178	1	537583	PMID
NPC32441	NPC32441	NPT204	1	537539	PMID
NPC32441	NPC32441	NPT208	2	537525;537528	PMID
NPC32441	NPC32441	NPT212	1	537529	PMID
NPC32441	NPC32441	NPT213	2	537528;537529	PMID
NPC32441	NPC32441	NPT248	1	537471	PMID
NPC32441	NPC32441	NPT261	1	537585	PMID
NPC32441	NPC32441	NPT41	1	537538	PMID
NPC32441	NPC32441	NPT441	9	537484;537524;537536;537537;537554;537566;537567;537572;537580	PMID
NPC32441	NPC32441	NPT50	1	537528	PMID
NPC32441	NPC32441	NPT582	1	537585	PMID
NPC32441	NPC32441	NPT591	1	537560	PMID
NPC32441	NPC32441	NPT949	1	537576	PMID
NPC32441	NPC32441	NPT955	1	537576	PMID
NPC324624	NPC324624	NPT178	1	475122	PMID
NPC324624	NPC324624	NPT591	3	475123;475124;475125	PMID
NPC324742	NPC324742	NPT59	1	556363	PMID
NPC324772	NPC324772	NPT198	32	570311;570312;570315;570319;570320;570323;570333;570344;570354;570355;570357;570360;570361;570364;570367;570375;570378;570379;570381;570382;570385;570386;570388;570391;570392;570393;570395;570396;570398;570401;570408;570409	PMID
NPC324772	NPC324772	NPT282	1	570335	PMID
NPC324772	NPC324772	NPT51	1	570335	PMID
NPC324772	NPC324772	NPT713	1	570389	PMID
NPC324786	NPC324786	NPT94	1	463483	PMID
NPC324835	NPC324835	NPT1038	1	573442	PMID
NPC324835	NPC324835	NPT1197	1	573442	PMID
NPC324835	NPC324835	NPT3246	1	573442	PMID
NPC324835	NPC324835	NPT483	1	573442	PMID
NPC324835	NPC324835	NPT51	1	573442	PMID
NPC324835	NPC324835	NPT537	1	573442	PMID
NPC325599	NPC325599	NPT1406	1	477539	PMID
NPC325599	NPC325599	NPT2777	1	477171	PMID
NPC325599	NPC325599	NPT3504	1	477487	PMID
NPC325599	NPC325599	NPT3505	1	477487	PMID
NPC325599	NPC325599	NPT3507	1	477487	PMID
NPC325599	NPC325599	NPT6140	1	477539	PMID
NPC325599	NPC325599	NPT6141	1	477539	PMID
NPC325599	NPC325599	NPT6142	1	477539	PMID
NPC325646	NPC325646	NPT109	1	528336	PMID
NPC325646	NPC325646	NPT48	1	528336	PMID
NPC325646	NPC325646	NPT51	1	528336	PMID
NPC325646	NPC325646	NPT792	1	528336	PMID
NPC325871	NPC325871	NPT1255	1	551650	PMID
NPC325871	NPC325871	NPT1256	1	551650	PMID
NPC325871	NPC325871	NPT1257	1	551650	PMID
NPC325871	NPC325871	NPT1274	1	551650	PMID
NPC325871	NPC325871	NPT149	1	551650	PMID
NPC325871	NPC325871	NPT48	1	551650	PMID
NPC325871	NPC325871	NPT4907	1	551650	PMID
NPC325871	NPC325871	NPT51	1	551650	PMID
NPC325871	NPC325871	NPT94	1	551650	PMID
NPC325871	NPC325871	NPT979	1	551650	PMID
NPC326200	NPC326200	NPT210	1	449624	PMID
NPC326200	NPC326200	NPT94	1	449624	PMID
NPC32630	NPC32630	NPT108	1	528001	PMID
NPC32630	NPC32630	NPT248	1	528001	PMID
NPC32641	NPC32641	NPT143	1	459627	PMID
NPC326592	NPC326592	NPT49	1	568903	PMID
NPC326592	NPC326592	NPT59	1	568903	PMID
NPC326592	NPC326592	NPT60	1	568903	PMID
NPC32674	NPC32674	NPT208	1	479031	PMID
NPC32674	NPC32674	NPT240	2	479032;479036	PMID
NPC326758	NPC326758	NPT214	1	476097	PMID
NPC326758	NPC326758	NPT469	1	476097	PMID
NPC326808	NPC326808	NPT483	1	490159	PMID
NPC326808	NPC326808	NPT50	1	490159	PMID
NPC32694	NPC32694	NPT1214	1	540479	PMID
NPC32694	NPC32694	NPT2584	1	540479	PMID
NPC32723	NPC32723	NPT30	1	520634	PMID
NPC32723	NPC32723	NPT31	1	520634	PMID
NPC327269	NPC327269	NPT178	1	542228	PMID
NPC32739	NPC32739	NPT108	2	490733;490735	PMID
NPC32739	NPC32739	NPT1422	1	490731	PMID
NPC32739	NPC32739	NPT248	1	490735	PMID
NPC32739	NPC32739	NPT261	1	490738	PMID
NPC32739	NPC32739	NPT5052	1	490734	PMID
NPC327481	NPC327481	NPT2553	1	541646	PMID
NPC32749	NPC32749	NPT1214	1	486361	PMID
NPC32749	NPC32749	NPT2584	1	486361	PMID
NPC328102	NPC328102	NPT108	1	463225	PMID
NPC328267	NPC328267	NPT110	1	471166	PMID
NPC328267	NPC328267	NPT1197	1	471137	PMID
NPC328267	NPC328267	NPT1604	1	471242	PMID
NPC328267	NPC328267	NPT204	1	471130	PMID
NPC328267	NPC328267	NPT213	2	471224;471258	PMID
NPC328267	NPC328267	NPT222	1	471054	PMID
NPC328267	NPC328267	NPT223	1	471166	PMID
NPC328267	NPC328267	NPT228	14	471077;471078;471081;471082;471096;471098;471105;471111;471113;471118;471166;471192;471208;471234	PMID
NPC328267	NPC328267	NPT246	11	471077;471078;471081;471082;471096;471098;471105;471118;471192;471208;471211	PMID
NPC328267	NPC328267	NPT262	1	471166	PMID
NPC328267	NPC328267	NPT264	1	471166	PMID
NPC328267	NPC328267	NPT266	1	471166	PMID
NPC328267	NPC328267	NPT2691	1	471225	PMID
NPC328267	NPC328267	NPT290	2	471166;471258	PMID
NPC328267	NPC328267	NPT292	2	471166;471258	PMID
NPC328267	NPC328267	NPT294	1	471166	PMID
NPC328267	NPC328267	NPT295	44	471052;471057;471071;471077;471078;471080;471081;471082;471087;471088;471089;471090;471093;471096;471098;471105;471107;471109;471111;471113;471116;471118;471122;471123;471124;471125;471127;471128;471129;471134;471142;471145;471159;471162;471166;471170;471192;471193;471195;471208;471211;471234;471258;471265	PMID
NPC328267	NPC328267	NPT296	2	471068;471166	PMID
NPC328267	NPC328267	NPT483	1	471137	PMID
NPC328267	NPC328267	NPT537	1	471138	PMID
NPC328267	NPC328267	NPT538	1	471138	PMID
NPC328267	NPC328267	NPT5559	1	471227	PMID
NPC328267	NPC328267	NPT628	1	471154	PMID
NPC328267	NPC328267	NPT668	1	471173	PMID
NPC328267	NPC328267	NPT713	1	471238	PMID
NPC328267	NPC328267	NPT940	1	471138	PMID
NPC328267	NPC328267	NPT98	7	471066;471076;471101;471133;471144;471166;471198	PMID
NPC328267	NPC328267	NPT987	4	471087;471088;471089;471090	PMID
NPC328273	NPC328273	NPT441	1	513021	PMID
NPC328593	NPC328593	NPT78	1	488078	PMID
NPC328688	NPC328688	NPT94	1	468970	PMID
NPC328700	NPC328700	NPT109	1	569853	PMID
NPC328740	NPC328740	NPT3735	1	572601	PMID
NPC328740	NPC328740	NPT47	1	572601	PMID
NPC328740	NPC328740	NPT48	1	572601	PMID
NPC328740	NPC328740	NPT49	1	572601	PMID
NPC328740	NPC328740	NPT59	1	572601	PMID
NPC328740	NPC328740	NPT60	1	572601	PMID
NPC328740	NPC328740	NPT864	1	572601	PMID
NPC328740	NPC328740	NPT94	1	572601	PMID
NPC328750	NPC328750	NPT149	1	564892	PMID
NPC328750	NPC328750	NPT282	1	564892	PMID
NPC328750	NPC328750	NPT48	1	564892	PMID
NPC328750	NPC328750	NPT483	1	564892	PMID
NPC328750	NPC328750	NPT94	1	564892	PMID
NPC328824	NPC328824	NPT204	1	458198	PMID
NPC328877	NPC328877	NPT109	1	502241	PMID
NPC328877	NPC328877	NPT1119	2	502241;502242	PMID
NPC328877	NPC328877	NPT204	1	502262	PMID
NPC328877	NPC328877	NPT208	1	502251	PMID
NPC328877	NPC328877	NPT218	1	502251	PMID
NPC328877	NPC328877	NPT228	1	502251	PMID
NPC328877	NPC328877	NPT232	1	502251	PMID
NPC328877	NPC328877	NPT246	1	502251	PMID
NPC328877	NPC328877	NPT261	1	502251	PMID
NPC328877	NPC328877	NPT292	1	502251	PMID
NPC328877	NPC328877	NPT30	1	502251	PMID
NPC328877	NPC328877	NPT31	1	502251	PMID
NPC328877	NPC328877	NPT439	1	502262	PMID
NPC328877	NPC328877	NPT483	1	502240	PMID
NPC328877	NPC328877	NPT50	1	502241	PMID
NPC328877	NPC328877	NPT51	1	502242	PMID
NPC328877	NPC328877	NPT59	1	502242	PMID
NPC328877	NPC328877	NPT60	1	502242	PMID
NPC328877	NPC328877	NPT6188	2	502243;502244	PMID
NPC328877	NPC328877	NPT792	1	502241	PMID
NPC328877	NPC328877	NPT920	1	502254	PMID
NPC329043	NPC329043	NPT149	1	541917	PMID
NPC329203	NPC329203	NPT218	2	516855;516856	PMID
NPC329203	NPC329203	NPT50	1	516859	PMID
NPC329203	NPC329203	NPT51	1	516859	PMID
NPC329203	NPC329203	NPT524	1	516859	PMID
NPC329203	NPC329203	NPT94	1	516859	PMID
NPC3293	NPC3293	NPT967	1	506683	PMID
NPC32955	NPC32955	NPT210	1	526243	PMID
NPC32955	NPC32955	NPT3372	1	526247	PMID
NPC32955	NPC32955	NPT94	2	526243;526244	PMID
NPC329669	NPC329669	NPT1214	1	521706	PMID
NPC329669	NPC329669	NPT2584	1	521706	PMID
NPC329708	NPC329708	NPT46	1	568349	PMID
NPC329793	NPC329793	NPT296	1	533129	PMID
NPC329858	NPC329858	NPT346	1	567125	PMID
NPC329858	NPC329858	NPT472	1	567125	PMID
NPC330326	NPC330326	NPT109	3	560594;560596;560623	PMID
NPC330326	NPC330326	NPT110	1	560594	PMID
NPC330326	NPC330326	NPT1634	1	561048	PMID
NPC330326	NPC330326	NPT208	2	560594;560623	PMID
NPC330326	NPC330326	NPT213	1	560623	PMID
NPC330326	NPC330326	NPT240	1	560623	PMID
NPC330326	NPC330326	NPT48	3	560592;560593;560594	PMID
NPC330326	NPC330326	NPT628	1	560623	PMID
NPC33051	NPC33051	NPT721	1	569984	PMID
NPC330559	NPC330559	NPT109	5	12699389;19128860;22328583;31257085;31288127	PMID
NPC330559	NPC330559	NPT110	1	22328583	PMID
NPC330559	NPC330559	NPT1647	1	23437772	PMID
NPC330559	NPC330559	NPT208	1	22328583	PMID
NPC330559	NPC330559	NPT212	1	22328583	PMID
NPC330559	NPC330559	NPT213	1	22328583	PMID
NPC330559	NPC330559	NPT2217	1	17194716	PMID
NPC330559	NPC330559	NPT235	1	23437772	PMID
NPC330559	NPC330559	NPT237	1	23437772	PMID
NPC330559	NPC330559	NPT2683	1	14521410	PMID
NPC330559	NPC330559	NPT2691	1	22761000	PMID
NPC330559	NPC330559	NPT2854	1	19282171	PMID
NPC330559	NPC330559	NPT3159	1	12773039	PMID
NPC330559	NPC330559	NPT3604	1	26717202	PMID
NPC330559	NPC330559	NPT441	1	20413308	PMID
NPC330559	NPC330559	NPT4506	1	24304219	PMID
NPC330559	NPC330559	NPT4582	1	31550150	PMID
NPC330559	NPC330559	NPT540	1	23688559	PMID
NPC330559	NPC330559	NPT613	1	28230985	PMID
NPC330559	NPC330559	NPT628	1	22328583	PMID
NPC330559	NPC330559	NPT668	2	11961113;12699389	PMID
NPC330559	NPC330559	NPT713	2	22961681;24799086	PMID
NPC330559	NPC330559	NPT98	1	21185626	PMID
NPC330590	NPC330590	NPT483	1	549281	PMID
NPC330683	NPC330683	NPT149	2	455358;455360	PMID
NPC330683	NPC330683	NPT151	2	455358;455360	PMID
NPC330683	NPC330683	NPT48	4	455357;455358;455359;455360	PMID
NPC330683	NPC330683	NPT94	3	455358;455359;455360	PMID
NPC330683	NPC330683	NPT98	5	455280;455287;455307;455380;455426	PMID
NPC331129	NPC331129	NPT109	4	19128860;28651982;31257085;31288127	PMID
NPC331129	NPC331129	NPT212	2	27145071;28651982	PMID
NPC331129	NPC331129	NPT3160	1	28651982	PMID
NPC331129	NPC331129	NPT3161	1	28651982	PMID
NPC331129	NPC331129	NPT441	1	28651982	PMID
NPC331425	NPC331425	NPT713	2	20829430;23956101	PMID
NPC331425	NPC331425	NPT866	3	10691680;15293980;22260081	PMID
NPC331425	NPC331425	NPT99	1	10691680	PMID
NPC331613	NPC331613	NPT153	1	24446728	PMID
NPC331613	NPC331613	NPT249	48	15999989;16112571;16643060;16821781;17118655;17181172;17616395;17692519;17705362;18032610;18038970;18412397;18490170;18983139;19321341;19592247;19610652;19863083;20047280;20334371;20727743;20735001;20812681;20875743;21073190;21257309;21963986;23199485;23403082;23466604;23582449;23916594;23953070;24011644;24215891;24446728;24656565;24980053;25305688;25516791;25706100;26988801;27810243;27876250;28043796;30144697;30359818;8627601	PMID
NPC331613	NPC331613	NPT541	10	17118655;17181172;17692519;17705362;20735001;21963986;24215891;24446728;24656565;27810243	PMID
NPC331613	NPC331613	NPT542	3	24446728;24980053;27810243	PMID
NPC331613	NPC331613	NPT713	2	21965623;22961681	PMID
NPC331654	NPC331654	NPT2818	78	10.1039/C3MD00013C;10360757;10956221;11052789;11052790;110934;11384244;11960504;12408727;12570380;15615522;15615538;1578484;16078850;16279780;16451071;17127067;17532099;17552508;17569517;18072727;18205293;18555562;18605720;18800768;19719239;19748785;1992118;1992121;1992122;1995880;20056546;20092323;20350811;21550809;22739090;22946585;2296020;23627352;23665106;24428639;26617968;26670841;26979156;26994844;2704031;2738891;27437079;27886545;27994750;28152430;28177228;28258797;28477572;2918496;29274493;29691154;30624926;30827867;3091832;31200235;31447082;32503687;32676149;33187806;3339615;6403710;6772788;7365749;7562910;7877140;8035423;8164259;8568827;8568828;8691451;8691474;9857098	DOI;PMID
NPC331654	NPC331654	NPT2926	8	11384244;16279780;18605720;20056546;22946585;3091832;7562910;8164259	PMID
NPC331654	NPC331654	NPT4519	3	10821704;25234128;29425443	PMID
NPC331654	NPC331654	NPT476	1	33773393	PMID
NPC331672	NPC331672	NPT102	1	19560921	PMID
NPC331672	NPC331672	NPT1028	1	23956101	PMID
NPC331672	NPC331672	NPT1249	1	23956101	PMID
NPC331672	NPC331672	NPT153	1	23432095	PMID
NPC331672	NPC331672	NPT1566	2	21237663;21689932	PMID
NPC331672	NPC331672	NPT1594	2	18707884;21354800	PMID
NPC331672	NPC331672	NPT30	62	10.1007/s00044-011-9870-3;10.1016/0960-894X(95)00131-C;10.1016/S0960-894X(96)00501-X;10.1016/S0960-894X(96)00580-X;10.1016/S0960-894X(96)00582-3;10197959;10197960;10397507;10406640;10465547;10576684;10576685;10649977;10937738;10956225;11392547;11462976;11738574;11906281;11906292;12444669;12877584;14980665;16038536;16814546;17341061;17346963;17378609;17532544;17994684;18363350;19056264;19427206;19540763;20451397;20576329;20970223;21345672;21752640;21868137;22263894;22652053;23432095;24900317;24920381;26048794;28089698;29031075;30017112;30344915;30904755;31655429;31982653;33079544;7473585;7966148;8627608;9057869;9171873;9544564;9784154;9873621	DOI;PMID
NPC331672	NPC331672	NPT300	1	2547071	PMID
NPC331672	NPC331672	NPT31	91	10.1007/s00044-004-0039-1;10.1007/s00044-011-9870-3;10.1016/0960-894X(95)00131-C;10.1016/S0960-894X(96)00501-X;10.1016/S0960-894X(96)00580-X;10.1016/S0960-894X(96)00582-3;10197959;10197960;10397507;10406640;10465547;10576684;10576685;10649977;10937738;10956194;10956225;11392547;11462976;11738574;11906281;11906292;12877584;12954051;14980665;15026050;16038536;16792405;16814546;17341061;17346963;17532544;17994684;18363350;19427206;19540763;20451397;20503989;20576329;20970223;20974503;21280601;21319773;21434686;21524587;21873070;22148253;22263894;22361134;22749420;23010270;23047224;23687559;24332492;24631895;24631898;24900317;24920381;24938495;25868745;25956953;26048794;26487917;27916468;28038322;28089698;28916158;29031075;29289887;30017112;30095904;30344915;30818268;30904755;30996776;31244108;31299586;31539778;31655429;31843462;31982653;32127262;32485532;7473585;7562922;7966148;8627608;9057869;9171873;9784154;9873621	DOI;PMID
NPC331672	NPC331672	NPT3504	5	22506594;22877157;23432095;30996776;32463235	PMID
NPC331672	NPC331672	NPT3505	2	22506594;32463235	PMID
NPC331672	NPC331672	NPT3506	1	22506594	PMID
NPC331672	NPC331672	NPT3507	4	22506594;23432095;30996776;32463235	PMID
NPC331672	NPC331672	NPT41	1	3097317	PMID
NPC331672	NPC331672	NPT4734	1	17346963	PMID
NPC331672	NPC331672	NPT570	1	9057869	PMID
NPC331672	NPC331672	NPT5976	2	28881288;31740050	PMID
NPC331672	NPC331672	NPT604	1	15801837	PMID
NPC331672	NPC331672	NPT612	1	18707884	PMID
NPC331672	NPC331672	NPT622	1	22541068	PMID
NPC331672	NPC331672	NPT665	1	10991954	PMID
NPC331672	NPC331672	NPT668	1	22916727	PMID
NPC331672	NPC331672	NPT669	1	12130730	PMID
NPC331672	NPC331672	NPT713	3	20829430;22961681;23956101	PMID
NPC331672	NPC331672	NPT72	1	22541068	PMID
NPC331672	NPC331672	NPT73	1	22541068	PMID
NPC331672	NPC331672	NPT956	1	22992107	PMID
NPC331672	NPC331672	NPT98	1	21185626	PMID
NPC331672	NPC331672	NPT99	1	16643023	PMID
NPC331840	NPC331840	NPT1463	1	23033255	PMID
NPC332914	NPC332914	NPT143	1	10.1039/C2MD20286G	DOI
NPC332914	NPC332914	NPT216	1	30605331	PMID
NPC33320	NPC33320	NPT109	3	494828;494829;494830	PMID
NPC33320	NPC33320	NPT110	1	494829	PMID
NPC33320	NPC33320	NPT204	2	494813;494848	PMID
NPC33320	NPC33320	NPT208	2	494829;494836	PMID
NPC33320	NPC33320	NPT210	1	494828	PMID
NPC33320	NPC33320	NPT213	1	494829	PMID
NPC33320	NPC33320	NPT240	2	494834;494856	PMID
NPC33320	NPC33320	NPT2599	1	494856	PMID
NPC33320	NPC33320	NPT261	1	494809	PMID
NPC33320	NPC33320	NPT282	1	494828	PMID
NPC33338	NPC33338	NPT149	1	543696	PMID
NPC33338	NPC33338	NPT210	1	543696	PMID
NPC33338	NPC33338	NPT211	1	543696	PMID
NPC33338	NPC33338	NPT212	1	543696	PMID
NPC33338	NPC33338	NPT243	1	543697	PMID
NPC33338	NPC33338	NPT244	1	543697	PMID
NPC33338	NPC33338	NPT48	1	543696	PMID
NPC333691	NPC333691	NPT109	1	543621	PMID
NPC333691	NPC333691	NPT46	1	543621	PMID
NPC333691	NPC333691	NPT483	1	543621	PMID
NPC333691	NPC333691	NPT51	1	543621	PMID
NPC333691	NPC333691	NPT539	1	543621	PMID
NPC333691	NPC333691	NPT93	1	543621	PMID
NPC333691	NPC333691	NPT94	1	543621	PMID
NPC33378	NPC33378	NPT1896	1	517637	PMID
NPC33378	NPC33378	NPT2601	1	517642	PMID
NPC334061	NPC334061	NPT153	4	11520196;12620078;24446728;29424542	PMID
NPC334061	NPC334061	NPT249	31	11520196;11728194;12620078;15026058;15115388;15808489;16821781;17181172;17467988;17553679;18032610;18038970;18513967;19019676;19321341;20334371;20427184;20735001;21073190;21115247;21316964;21324689;21349714;21899328;21963986;22197391;24446728;24656565;27810243;29424542;30384041	PMID
NPC334061	NPC334061	NPT541	9	11520196;20735001;21073190;21899328;21963986;24446728;24656565;27810243;29424542	PMID
NPC334061	NPC334061	NPT542	2	27810243;29424542	PMID
NPC334061	NPC334061	NPT713	1	22961681	PMID
NPC334061	NPC334061	NPT745	1	26819665	PMID
NPC334061	NPC334061	NPT894	1	15139751	PMID
NPC3343	NPC3343	NPT646	3	466297;466299;466300	PMID
NPC3343	NPC3343	NPT647	2	466297;466301	PMID
NPC33721	NPC33721	NPT2608	2	450226;450228	PMID
NPC33728	NPC33728	NPT866	1	549884	PMID
NPC33728	NPC33728	NPT99	1	549884	PMID
NPC33749	NPC33749	NPT78	1	575693	PMID
NPC33768	NPC33768	NPT1044	1	520155	PMID
NPC33913	NPC33913	NPT178	1	486891	PMID
NPC33986	NPC33986	NPT151	1	448230	PMID
NPC33986	NPC33986	NPT48	1	448230	PMID
NPC33986	NPC33986	NPT60	1	448230	PMID
NPC33986	NPC33986	NPT94	1	448230	PMID
NPC34070	NPC34070	NPT144	1	568252	PMID
NPC346034	NPC346034	NPT261	65	10.1039/C0MD00014K;10.1039/C1MD00221J;10.1039/C5MD00357A;10.1039/C6MD00228E;18181565;18666768;18834112;19267475;19378991;19423346;19628387;19926363;20045650;20382016;20579890;20615716;20659799;20702005;20715818;20934874;21316817;21377879;21405131;21680183;21684743;21696156;21872365;21923181;22005185;22137786;22222137;22978824;23153812;23207410;23474901;23927971;24099995;24746464;25418133;25532905;25934229;26278660;26471320;26819666;27135371;27267007;27396685;28273563;28368606;28753307;28797881;29126727;29198609;30016860;30025348;30108888;30109004;30245401;30522087;30792039;30833108;31265934;31711793;31917923;33533632	DOI;PMID
NPC346034	NPC346034	NPT582	102	10.1039/C0MD00014K;10.1039/C1MD00221J;10.1039/C5MD00357A;10.1039/C6MD00228E;15974574;16137882;18181565;18588282;18666768;18834112;19267475;19378991;19423346;19926363;20045650;20382016;20579890;20615716;20659799;20702005;20715818;20875743;20934874;21194943;21316817;21377879;21405131;21680183;21684743;21696156;21872365;21923181;21923198;22005185;22137786;22222137;22436387;22781190;22978824;23122857;23153812;23207410;23211968;23281824;23374869;23474901;23631427;23810676;23927971;24012182;24012376;24099995;24139167;24140951;24169316;24746464;25418133;25532905;25541201;25600407;25934229;26278660;26337020;26352677;26471320;26819666;26964672;27135371;27267007;27396685;27744252;28273563;28301816;28368606;28456030;28753307;28797881;28987602;29126727;29198609;29248751;29477889;30016860;30017112;30025348;30108888;30108930;30109004;30245401;30279044;30404719;30448189;30503945;30522087;30792039;30833108;31265934;31537422;31711793;31917923;33210537;33533632	DOI;PMID
NPC346034	NPC346034	NPT920	1	30743095	PMID
NPC34622	NPC34622	NPT31	1	508413	PMID
NPC34622	NPC34622	NPT570	1	508413	PMID
NPC347588	NPC347588	NPT261	97	10.1039/C0MD00014K;10.1039/C5MD00357A;10.1039/C6MD00228E;18588282;18666768;18834112;19267475;19378991;19926363;20045650;20382016;20579890;20615716;20702005;20708306;20715818;20875743;20934874;21405131;21872365;21923198;22005185;22222137;22781190;22978824;23122857;23153812;23207410;23281824;23454517;23799643;23927971;24128814;24140951;24746464;25418133;25541201;25934229;26107513;26278660;26337020;26352677;26471320;26717204;26964672;27079124;27135371;27244485;27347731;27396685;27575476;27744252;27908752;27923535;27951485;28011206;28131710;28237559;28301816;28487125;28753307;28987602;29033233;29126727;29172081;29198609;29339253;29395970;29409707;29500132;29925480;30016860;30108763;30108888;30108930;30245401;30366255;30448189;30503945;30568755;30686752;30792039;30833108;30975503;31151057;31711793;31917923;32089390;32146060;32150413;32240904;32652406;33071056;33111525;33210537;33479699;33640707	DOI;PMID
NPC347588	NPC347588	NPT582	60	10.1039/C0MD00014K;10.1039/C5MD00357A;18666768;18834112;19267475;19378991;19926363;20045650;20382016;20579890;20615716;20702005;20708306;20715818;20934874;21405131;21872365;22005185;22222137;23153812;23207410;23927971;24746464;25418133;26107513;26278660;26471320;26717204;27079124;27135371;27244485;27347731;27396685;27908752;27923535;27951485;28011206;28131710;28237559;28487125;29033233;29126727;29409707;29500132;30016860;30108763;30108888;30245401;30366255;30568755;30792039;30833108;31711793;31917923;32089390;32146060;32240904;32652406;33071056;33640707	DOI;PMID
NPC34764	NPC34764	NPT483	1	491758	PMID
NPC34770	NPC34770	NPT109	2	529474;529475	PMID
NPC34770	NPC34770	NPT110	1	529477	PMID
NPC34770	NPC34770	NPT149	3	529474;529475;529477	PMID
NPC34770	NPC34770	NPT151	2	529474;529475	PMID
NPC34770	NPC34770	NPT208	1	529475	PMID
NPC34770	NPC34770	NPT210	1	529475	PMID
NPC34770	NPC34770	NPT213	1	529477	PMID
NPC34770	NPC34770	NPT48	3	529474;529475;529476	PMID
NPC34770	NPC34770	NPT483	1	529475	PMID
NPC34770	NPC34770	NPT539	1	529474	PMID
NPC34770	NPC34770	NPT94	3	529474;529475;529476	PMID
NPC34864	NPC34864	NPT10	1	473190	PMID
NPC34864	NPC34864	NPT1119	1	473191	PMID
NPC34864	NPC34864	NPT13	4	473164;473165;473166;473182	PMID
NPC34864	NPC34864	NPT1449	4	473173;473181;473204;473207	PMID
NPC34864	NPC34864	NPT151	2	473190;473191	PMID
NPC34864	NPC34864	NPT1566	1	473213	PMID
NPC34864	NPC34864	NPT2542	1	473226	PMID
NPC34864	NPC34864	NPT2626	2	473173;473182	PMID
NPC34864	NPC34864	NPT2629	1	473195	PMID
NPC34864	NPC34864	NPT46	1	473191	PMID
NPC34864	NPC34864	NPT48	1	473190	PMID
NPC34864	NPC34864	NPT483	1	473190	PMID
NPC34864	NPC34864	NPT50	1	473190	PMID
NPC34864	NPC34864	NPT51	4	473190;473191;473193;473194	PMID
NPC34864	NPC34864	NPT537	1	473192	PMID
NPC34864	NPC34864	NPT538	1	473192	PMID
NPC34864	NPC34864	NPT570	1	473222	PMID
NPC34864	NPC34864	NPT58	1	473190	PMID
NPC34864	NPC34864	NPT59	1	473190	PMID
NPC34864	NPC34864	NPT796	1	473190	PMID
NPC34864	NPC34864	NPT864	1	473195	PMID
NPC34864	NPC34864	NPT93	3	473190;473193;473194	PMID
NPC34864	NPC34864	NPT94	4	473190;473191;473193;473194	PMID
NPC34864	NPC34864	NPT940	1	473192	PMID
NPC349899	NPC349899	NPT213	1	22409598	PMID
NPC349899	NPC349899	NPT627	2	16248836;22409598	PMID
NPC35	NPC35	NPT3595	1	469819	PMID
NPC35167	NPC35167	NPT862	1	530774	PMID
NPC35185	NPC35185	NPT38	1	486351	PMID
NPC35268	NPC35268	NPT410	1	488491	PMID
NPC35341	NPC35341	NPT1464	1	526679	PMID
NPC35341	NPC35341	NPT178	2	526677;526678	PMID
NPC35344	NPC35344	NPT1287	1	541338	PMID
NPC35344	NPC35344	NPT570	1	541333	PMID
NPC35410	NPC35410	NPT1291	2	30627387;8478902	PMID
NPC35544	NPC35544	NPT106	1	451389	PMID
NPC35544	NPC35544	NPT866	3	451387;451389;451391	PMID
NPC35544	NPC35544	NPT99	3	451387;451389;451391	PMID
NPC35630	NPC35630	NPT178	1	548433	PMID
NPC35744	NPC35744	NPT109	1	565916	PMID
NPC35744	NPC35744	NPT1226	1	565916	PMID
NPC35744	NPC35744	NPT149	1	565916	PMID
NPC35744	NPC35744	NPT151	1	565916	PMID
NPC35744	NPC35744	NPT261	1	565913	PMID
NPC35744	NPC35744	NPT277	1	565916	PMID
NPC35744	NPC35744	NPT48	1	565916	PMID
NPC35744	NPC35744	NPT501	1	565916	PMID
NPC35744	NPC35744	NPT51	1	565916	PMID
NPC35744	NPC35744	NPT741	1	565926	PMID
NPC35744	NPC35744	NPT93	1	565916	PMID
NPC35744	NPC35744	NPT94	1	565916	PMID
NPC35856	NPC35856	NPT1079	4	455204;455207;455209;455210	PMID
NPC35856	NPC35856	NPT1080	4	455204;455205;455207;455209	PMID
NPC35856	NPC35856	NPT2652	1	455202	PMID
NPC35856	NPC35856	NPT2653	2	455206;455209	PMID
NPC35856	NPC35856	NPT4248	1	455209	PMID
NPC36061	NPC36061	NPT106	1	456273	PMID
NPC36061	NPC36061	NPT178	1	456277	PMID
NPC36061	NPC36061	NPT866	2	456272;456273	PMID
NPC36061	NPC36061	NPT99	1	456273	PMID
NPC36108	NPC36108	NPT346	1	470763	PMID
NPC36229	NPC36229	NPT109	2	531158;531162	PMID
NPC36229	NPC36229	NPT1274	1	531163	PMID
NPC36229	NPC36229	NPT282	1	531162	PMID
NPC36229	NPC36229	NPT48	1	531162	PMID
NPC36229	NPC36229	NPT51	1	531162	PMID
NPC36321	NPC36321	NPT1569	1	524644	PMID
NPC36321	NPC36321	NPT606	1	524644	PMID
NPC36321	NPC36321	NPT670	2	524644;524645	PMID
NPC36490	NPC36490	NPT568	1	558625	PMID
NPC36497	NPC36497	NPT439	1	490812	PMID
NPC36498	NPC36498	NPT1196	1	450814	PMID
NPC36498	NPC36498	NPT2670	1	450795	PMID
NPC36498	NPC36498	NPT2674	1	450805	PMID
NPC36661	NPC36661	NPT2680	1	543184	PMID
NPC36835	NPC36835	NPT10	1	475374	PMID
NPC36835	NPC36835	NPT109	1	475373	PMID
NPC36835	NPC36835	NPT151	1	475374	PMID
NPC36835	NPC36835	NPT218	1	475364	PMID
NPC36835	NPC36835	NPT47	1	475373	PMID
NPC36835	NPC36835	NPT48	2	475373;475374	PMID
NPC36835	NPC36835	NPT51	1	475373	PMID
NPC36835	NPC36835	NPT58	1	475374	PMID
NPC36835	NPC36835	NPT59	1	475374	PMID
NPC36835	NPC36835	NPT796	1	475376	PMID
NPC36835	NPC36835	NPT93	1	475374	PMID
NPC36836	NPC36836	NPT1028	1	454817	PMID
NPC36836	NPC36836	NPT109	2	454757;454809	PMID
NPC36836	NPC36836	NPT110	2	454807;454809	PMID
NPC36836	NPC36836	NPT1422	1	454763	PMID
NPC36836	NPC36836	NPT1463	1	454809	PMID
NPC36836	NPC36836	NPT208	1	454809	PMID
NPC36836	NPC36836	NPT212	3	454746;454807;454809	PMID
NPC36836	NPC36836	NPT213	2	454807;454809	PMID
NPC36836	NPC36836	NPT218	1	454748	PMID
NPC36836	NPC36836	NPT2683	1	454745	PMID
NPC36836	NPC36836	NPT2691	1	454805	PMID
NPC36836	NPC36836	NPT483	1	454775	PMID
NPC36836	NPC36836	NPT50	2	454775;454777	PMID
NPC36836	NPC36836	NPT51	2	454775;454777	PMID
NPC36836	NPC36836	NPT537	1	454776	PMID
NPC36836	NPC36836	NPT538	1	454776	PMID
NPC36836	NPC36836	NPT628	1	454807	PMID
NPC36836	NPC36836	NPT668	7	454757;454761;454763;454793;454794;454795;454796	PMID
NPC36836	NPC36836	NPT713	5	454814;454815;454816;454817;454827	PMID
NPC36836	NPC36836	NPT93	1	454775	PMID
NPC36836	NPC36836	NPT940	1	454776	PMID
NPC36916	NPC36916	NPT109	2	567485;567487	PMID
NPC36916	NPC36916	NPT151	1	567484	PMID
NPC36916	NPC36916	NPT1654	1	567500	PMID
NPC36916	NPC36916	NPT211	1	567485	PMID
NPC36916	NPC36916	NPT212	1	567487	PMID
NPC36916	NPC36916	NPT51	1	567484	PMID
NPC36916	NPC36916	NPT539	1	567485	PMID
NPC36916	NPC36916	NPT60	1	567485	PMID
NPC36916	NPC36916	NPT670	1	567500	PMID
NPC36916	NPC36916	NPT72	1	567502	PMID
NPC36916	NPC36916	NPT73	1	567502	PMID
NPC36916	NPC36916	NPT792	1	567485	PMID
NPC3693	NPC3693	NPT94	1	557162	PMID
NPC37135	NPC37135	NPT178	1	473113	PMID
NPC37135	NPC37135	NPT721	1	473112	PMID
NPC37139	NPC37139	NPT78	1	497545	PMID
NPC37208	NPC37208	NPT178	1	510338	PMID
NPC37226	NPC37226	NPT178	1	491775	PMID
NPC37299	NPC37299	NPT2982	1	529587	PMID
NPC37331	NPC37331	NPT178	1	464198	PMID
NPC37333	NPC37333	NPT967	1	504560	PMID
NPC37423	NPC37423	NPT109	1	496509	PMID
NPC37423	NPC37423	NPT110	1	496509	PMID
NPC37423	NPC37423	NPT149	1	496509	PMID
NPC37423	NPC37423	NPT151	1	496509	PMID
NPC37423	NPC37423	NPT208	1	496509	PMID
NPC37423	NPC37423	NPT211	1	496509	PMID
NPC37423	NPC37423	NPT48	1	496509	PMID
NPC37423	NPC37423	NPT94	1	496509	PMID
NPC37440	NPC37440	NPT1464	1	463280	PMID
NPC37479	NPC37479	NPT94	1	459619	PMID
NPC37493	NPC37493	NPT210	1	570535	PMID
NPC37493	NPC37493	NPT94	1	570535	PMID
NPC37496	NPC37496	NPT109	1	538449	PMID
NPC37496	NPC37496	NPT110	1	538448	PMID
NPC37496	NPC37496	NPT204	1	538452	PMID
NPC37496	NPC37496	NPT212	1	538448	PMID
NPC37496	NPC37496	NPT213	1	538448	PMID
NPC37502	NPC37502	NPT721	1	484590	PMID
NPC37506	NPC37506	NPT2520	1	515490	PMID
NPC375265	NPC375265	NPT108	3	18504132;18722119;20638844	PMID
NPC375265	NPC375265	NPT109	4	16248836;30091920;31274313;32031378	PMID
NPC375265	NPC375265	NPT153	21	11150172;12036351;12238914;12781198;15080982;15293993;15456242;16078847;18318463;18504132;18722119;20469868;20510622;20638844;26218343;30034593;30091920;31274313;8627601;9484511;9719599	PMID
NPC375265	NPC375265	NPT212	1	30091920	PMID
NPC375265	NPC375265	NPT248	1	20510622	PMID
NPC375265	NPC375265	NPT249	41	12036351;12238914;12781198;12824023;15080982;15261265;15261266;15293993;15456242;16078847;16112571;16821781;16987661;17070047;17169557;17258455;17317167;17616395;17705362;17822897;17855092;18038970;18226897;18318463;18504132;18722119;19217285;19863083;20334371;20469868;20510622;20638844;25978072;26218343;28368581;29424542;30034593;30091920;31274313;8627601;9719599	PMID
NPC375265	NPC375265	NPT541	8	12781198;15080982;15293993;16078847;18504132;18722119;20638844;26218343	PMID
NPC375265	NPC375265	NPT542	37	11150172;11591515;11859003;12036351;12238914;12419390;12781197;12781198;15080982;15261265;15293993;15925510;16078847;16678409;17169557;17258455;17317167;17855092;18318463;18504132;18722119;19216549;19217285;20149664;20469868;20510622;20638844;22104142;25978072;26218343;30034593;30091920;31274313;8627601;9484511;9719599;9873612	PMID
NPC375265	NPC375265	NPT628	2	30091920;31274313	PMID
NPC375265	NPC375265	NPT713	1	23956101	PMID
NPC37543	NPC37543	NPT862	1	450792	PMID
NPC37787	NPC37787	NPT203	1	519208	PMID
NPC37787	NPC37787	NPT540	1	519209	PMID
NPC38059	NPC38059	NPT3517	12	10.1016/S0960-894X(97)00309-0;10741561;10987430;11327580;11327581;12781178;18588282;22335555;24900459;8978842;9667974;9733492	DOI;PMID
NPC38059	NPC38059	NPT3569	8	10.1016/S0960-894X(97)00309-0;10741561;10987430;12781178;22335555;24900459;9667974;9733492	DOI;PMID
NPC38059	NPC38059	NPT3974	11	10.1016/S0960-894X(97)00309-0;10741561;10987430;11327580;11327581;12781178;22335555;24900459;8978842;9667974;9733492	DOI;PMID
NPC3825	NPC3825	NPT728	1	528148	PMID
NPC38350	NPC38350	NPT1591	1	512648	PMID
NPC38350	NPC38350	NPT540	1	512649	PMID
NPC38350	NPC38350	NPT956	1	512650	PMID
NPC38468	NPC38468	NPT94	1	496017	PMID
NPC38473	NPC38473	NPT1062	1	480790	PMID
NPC38473	NPC38473	NPT13	1	480788	PMID
NPC38473	NPC38473	NPT233	1	480790	PMID
NPC38473	NPC38473	NPT36	1	480788	PMID
NPC38473	NPC38473	NPT949	1	480790	PMID
NPC38473	NPC38473	NPT955	1	480790	PMID
NPC38604	NPC38604	NPT1287	1	558263	PMID
NPC38604	NPC38604	NPT232	1	558263	PMID
NPC38664	NPC38664	NPT741	1	447479	PMID
NPC38779	NPC38779	NPT204	1	477619	PMID
NPC38790	NPC38790	NPT99	1	30672698	PMID
NPC38874	NPC38874	NPT1551	1	489250	PMID
NPC38874	NPC38874	NPT41	1	489250	PMID
NPC38874	NPC38874	NPT57	1	489251	PMID
NPC38891	NPC38891	NPT2724	1	459056	PMID
NPC38891	NPC38891	NPT2725	1	459056	PMID
NPC38891	NPC38891	NPT532	1	459056	PMID
NPC38996	NPC38996	NPT233	1	487768	PMID
NPC38996	NPC38996	NPT947	1	487768	PMID
NPC39351	NPC39351	NPT178	1	454616	PMID
NPC39426	NPC39426	NPT108	23	518470;518478;518480;518482;518483;518484;518485;518486;518489;518490;518492;518494;518495;518498;518502;518504;518505;518506;518520;518610;518651;518673;518691	PMID
NPC39426	NPC39426	NPT109	2	518581;518587	PMID
NPC39426	NPC39426	NPT1187	1	518699	PMID
NPC39426	NPC39426	NPT1338	1	518563	PMID
NPC39426	NPC39426	NPT14	1	518659	PMID
NPC39426	NPC39426	NPT1422	1	518598	PMID
NPC39426	NPC39426	NPT1449	1	518540	PMID
NPC39426	NPC39426	NPT151	5	518581;518583;518584;518587;518589	PMID
NPC39426	NPC39426	NPT153	1	518555	PMID
NPC39426	NPC39426	NPT1587	1	518538	PMID
NPC39426	NPC39426	NPT1588	2	518538;518684	PMID
NPC39426	NPC39426	NPT1592	1	518690	PMID
NPC39426	NPC39426	NPT1721	1	518670	PMID
NPC39426	NPC39426	NPT1746	1	518511	PMID
NPC39426	NPC39426	NPT1794	1	518511	PMID
NPC39426	NPC39426	NPT208	1	518581	PMID
NPC39426	NPC39426	NPT210	1	518587	PMID
NPC39426	NPC39426	NPT211	1	518590	PMID
NPC39426	NPC39426	NPT212	1	518590	PMID
NPC39426	NPC39426	NPT213	2	518581;518588	PMID
NPC39426	NPC39426	NPT216	1	518610	PMID
NPC39426	NPC39426	NPT217	1	518610	PMID
NPC39426	NPC39426	NPT246	1	518610	PMID
NPC39426	NPC39426	NPT248	23	518470;518478;518480;518482;518483;518484;518485;518486;518489;518490;518492;518494;518495;518498;518502;518504;518505;518506;518520;518610;518651;518673;518691	PMID
NPC39426	NPC39426	NPT261	3	518610;518686;518698	PMID
NPC39426	NPC39426	NPT2680	1	518546	PMID
NPC39426	NPC39426	NPT2729	1	518475	PMID
NPC39426	NPC39426	NPT2736	1	518508	PMID
NPC39426	NPC39426	NPT2737	1	518508	PMID
NPC39426	NPC39426	NPT2742	1	518594	PMID
NPC39426	NPC39426	NPT2750	1	518659	PMID
NPC39426	NPC39426	NPT2752	1	518661	PMID
NPC39426	NPC39426	NPT282	2	518581;518587	PMID
NPC39426	NPC39426	NPT285	5	518467;518474;518475;518510;518659	PMID
NPC39426	NPC39426	NPT290	1	518610	PMID
NPC39426	NPC39426	NPT292	1	518610	PMID
NPC39426	NPC39426	NPT30	1	518527	PMID
NPC39426	NPC39426	NPT300	1	518610	PMID
NPC39426	NPC39426	NPT3319	1	518713	PMID
NPC39426	NPC39426	NPT36	1	518475	PMID
NPC39426	NPC39426	NPT38	1	518682	PMID
NPC39426	NPC39426	NPT41	1	518612	PMID
NPC39426	NPC39426	NPT441	2	518488;518539	PMID
NPC39426	NPC39426	NPT483	2	518582;518583	PMID
NPC39426	NPC39426	NPT497	1	518479	PMID
NPC39426	NPC39426	NPT50	1	518583	PMID
NPC39426	NPC39426	NPT51	5	518581;518583;518584;518586;518589	PMID
NPC39426	NPC39426	NPT52	1	518581	PMID
NPC39426	NPC39426	NPT537	2	518585;518586	PMID
NPC39426	NPC39426	NPT538	2	518585;518586	PMID
NPC39426	NPC39426	NPT539	2	518581;518587	PMID
NPC39426	NPC39426	NPT58	1	518583	PMID
NPC39426	NPC39426	NPT582	1	518698	PMID
NPC39426	NPC39426	NPT59	1	518586	PMID
NPC39426	NPC39426	NPT72	1	518647	PMID
NPC39426	NPC39426	NPT73	1	518647	PMID
NPC39426	NPC39426	NPT77	1	518650	PMID
NPC39426	NPC39426	NPT792	2	518581;518587	PMID
NPC39426	NPC39426	NPT796	1	518591	PMID
NPC39426	NPC39426	NPT93	3	518583;518584;518587	PMID
NPC39426	NPC39426	NPT94	2	518587;518589	PMID
NPC39426	NPC39426	NPT942	1	518676	PMID
NPC39426	NPC39426	NPT96	1	518581	PMID
NPC39426	NPC39426	NPT967	1	518531	PMID
NPC39600	NPC39600	NPT210	1	518129	PMID
NPC39600	NPC39600	NPT94	1	518129	PMID
NPC39664	NPC39664	NPT4717	1	549725	PMID
NPC39752	NPC39752	NPT178	1	28140583	PMID
NPC39753	NPC39753	NPT291	1	508270	PMID
NPC39753	NPC39753	NPT425	1	508270	PMID
NPC39793	NPC39793	NPT967	1	519226	PMID
NPC39799	NPC39799	NPT208	1	558982	PMID
NPC39799	NPC39799	NPT240	2	558983;558984	PMID
NPC3980	NPC3980	NPT178	1	570977	PMID
NPC39929	NPC39929	NPT570	1	557337	PMID
NPC39929	NPC39929	NPT956	1	557337	PMID
NPC40033	NPC40033	NPT2680	1	486897	PMID
NPC40209	NPC40209	NPT210	1	494295	PMID
NPC40209	NPC40209	NPT50	1	494295	PMID
NPC40209	NPC40209	NPT94	1	494295	PMID
NPC40302	NPC40302	NPT1119	1	510055	PMID
NPC40302	NPC40302	NPT792	2	510055;510058	PMID
NPC40352	NPC40352	NPT109	2	520664;520666	PMID
NPC40352	NPC40352	NPT110	1	520664	PMID
NPC4036	NPC4036	NPT178	1	452115	PMID
NPC40394	NPC40394	NPT178	1	464281	PMID
NPC40394	NPC40394	NPT540	1	464286	PMID
NPC40394	NPC40394	NPT570	1	464292	PMID
NPC40488	NPC40488	NPT439	1	546036	PMID
NPC40491	NPC40491	NPT156	1	551916	PMID
NPC40511	NPC40511	NPT1006	1	495425	PMID
NPC40663	NPC40663	NPT93	1	489686	PMID
NPC40702	NPC40702	NPT151	1	486854	PMID
NPC40702	NPC40702	NPT47	1	486854	PMID
NPC40702	NPC40702	NPT48	1	486854	PMID
NPC40702	NPC40702	NPT49	1	486854	PMID
NPC40702	NPC40702	NPT50	1	486854	PMID
NPC40702	NPC40702	NPT51	1	486854	PMID
NPC40702	NPC40702	NPT58	1	486854	PMID
NPC40702	NPC40702	NPT94	1	486854	PMID
NPC40818	NPC40818	NPT109	1	523907	PMID
NPC40818	NPC40818	NPT1422	1	523908	PMID
NPC40818	NPC40818	NPT46	1	523907	PMID
NPC40818	NPC40818	NPT668	1	523908	PMID
NPC40818	NPC40818	NPT94	1	523907	PMID
NPC41121	NPC41121	NPT366	1	520830	PMID
NPC41178	NPC41178	NPT677	1	496082	PMID
NPC41263	NPC41263	NPT1038	1	491706	PMID
NPC41263	NPC41263	NPT59	1	491706	PMID
NPC41326	NPC41326	NPT108	3	571117;571118;571132	PMID
NPC41326	NPC41326	NPT151	1	571122	PMID
NPC41326	NPC41326	NPT1598	1	571135	PMID
NPC41326	NPC41326	NPT211	1	571122	PMID
NPC41326	NPC41326	NPT248	3	571117;571118;571132	PMID
NPC41326	NPC41326	NPT46	1	571123	PMID
NPC41326	NPC41326	NPT47	2	571122;571124	PMID
NPC41326	NPC41326	NPT48	1	571122	PMID
NPC41326	NPC41326	NPT483	1	571122	PMID
NPC41326	NPC41326	NPT50	1	571124	PMID
NPC41326	NPC41326	NPT501	1	571124	PMID
NPC41326	NPC41326	NPT51	1	571122	PMID
NPC41326	NPC41326	NPT543	1	571130	PMID
NPC41326	NPC41326	NPT58	1	571124	PMID
NPC41326	NPC41326	NPT59	1	571122	PMID
NPC41326	NPC41326	NPT60	2	571122;571124	PMID
NPC41326	NPC41326	NPT94	1	571122	PMID
NPC41376	NPC41376	NPT2801	1	510660	PMID
NPC41409	NPC41409	NPT525	1	482709	PMID
NPC4154	NPC4154	NPT740	1	452408	PMID
NPC41594	NPC41594	NPT204	1	534091	PMID
NPC41594	NPC41594	NPT94	1	534083	PMID
NPC416184	NPC416184	NPT582	1	488080	PMID
NPC41719	NPC41719	NPT109	1	524939	PMID
NPC41719	NPC41719	NPT110	1	524940	PMID
NPC41719	NPC41719	NPT149	1	524939	PMID
NPC41719	NPC41719	NPT151	1	524939	PMID
NPC41719	NPC41719	NPT1603	1	524949	PMID
NPC41719	NPC41719	NPT1604	1	524949	PMID
NPC41719	NPC41719	NPT210	1	524940	PMID
NPC41719	NPC41719	NPT212	1	524940	PMID
NPC41719	NPC41719	NPT213	1	524940	PMID
NPC41719	NPC41719	NPT282	1	524939	PMID
NPC41719	NPC41719	NPT48	1	524939	PMID
NPC41719	NPC41719	NPT51	1	524939	PMID
NPC41719	NPC41719	NPT94	1	524939	PMID
NPC41721	NPC41721	NPT109	1	458718	PMID
NPC41721	NPC41721	NPT149	1	458718	PMID
NPC41721	NPC41721	NPT151	1	458718	PMID
NPC41721	NPC41721	NPT153	1	458717	PMID
NPC41721	NPC41721	NPT48	1	458718	PMID
NPC41721	NPC41721	NPT51	1	458718	PMID
NPC41721	NPC41721	NPT539	1	458718	PMID
NPC41721	NPC41721	NPT94	1	458718	PMID
NPC417745	NPC417745	NPT144	1	22044621	PMID
NPC417745	NPC417745	NPT166	2	17941623;23286284	PMID
NPC417745	NPC417745	NPT203	1	23286284	PMID
NPC417745	NPC417745	NPT287	1	11356112	PMID
NPC417745	NPC417745	NPT439	1	17941623	PMID
NPC418074	NPC418074	NPT166	8	15828829;16107154;17399985;18023188;19062296;21733699;23286284;26827140	PMID
NPC418074	NPC418074	NPT203	6	15828829;16107154;17399985;18023188;21733699;23286284	PMID
NPC42017	NPC42017	NPT2608	1	559396	PMID
NPC42017	NPC42017	NPT2816	1	559384	PMID
NPC42060	NPC42060	NPT745	1	500927	PMID
NPC42300	NPC42300	NPT109	1	569099	PMID
NPC42300	NPC42300	NPT110	1	569099	PMID
NPC42372	NPC42372	NPT240	1	564308	PMID
NPC42372	NPC42372	NPT2817	1	564299	PMID
NPC42383	NPC42383	NPT976	1	485996	PMID
NPC42384	NPC42384	NPT3732	1	453455	PMID
NPC42503	NPC42503	NPT2824	1	491442	PMID
NPC42586	NPC42586	NPT253	1	509848	PMID
NPC42675	NPC42675	NPT741	1	566522	PMID
NPC42716	NPC42716	NPT261	1	560032	PMID
NPC42716	NPC42716	NPT582	1	560032	PMID
NPC42760	NPC42760	NPT740	1	470229	PMID
NPC42793	NPC42793	NPT109	6	540660;540762;541023;541027;541148;541273	PMID
NPC42793	NPC42793	NPT110	1	541027	PMID
NPC42793	NPC42793	NPT1422	4	540719;540998;541227;541289	PMID
NPC42793	NPC42793	NPT1463	1	541027	PMID
NPC42793	NPC42793	NPT1594	9	540730;540764;540846;540993;540998;541192;541214;541227;541243	PMID
NPC42793	NPC42793	NPT213	1	541027	PMID
NPC42793	NPC42793	NPT222	1	540838	PMID
NPC42793	NPC42793	NPT244	1	540838	PMID
NPC42793	NPC42793	NPT252	1	540838	PMID
NPC42793	NPC42793	NPT2691	2	540624;541020	PMID
NPC42793	NPC42793	NPT2854	1	540940	PMID
NPC42793	NPC42793	NPT2856	1	541019	PMID
NPC42793	NPC42793	NPT290	1	540838	PMID
NPC42793	NPC42793	NPT291	1	540838	PMID
NPC42793	NPC42793	NPT292	1	540838	PMID
NPC42793	NPC42793	NPT295	1	540838	PMID
NPC42793	NPC42793	NPT613	2	540731;540922	PMID
NPC42793	NPC42793	NPT628	1	540820	PMID
NPC42793	NPC42793	NPT668	58	25856545;540619;540652;540660;540667;540685;540696;540701;540705;540707;540710;540719;540730;540737;540745;540758;540813;540846;540859;540898;540905;540907;540912;540913;540914;540915;540916;540917;540919;540920;540921;540923;540934;540938;540949;540958;540968;540976;540978;541000;541036;541041;541080;541137;541205;541212;541213;541214;541225;541227;541228;541243;541248;541254;541265;541266;541273;541294	PMID
NPC42793	NPC42793	NPT713	1	540904	PMID
NPC42793	NPC42793	NPT73	1	541026	PMID
NPC42793	NPC42793	NPT98	13	540611;540637;540654;540671;540673;540680;540729;540759;540812;540964;541019;541258;541267	PMID
NPC43053	NPC43053	NPT30	1	458274	PMID
NPC43069	NPC43069	NPT110	1	479740	PMID
NPC43069	NPC43069	NPT145	3	479739;479757;479758	PMID
NPC43069	NPC43069	NPT271	1	479758	PMID
NPC43069	NPC43069	NPT272	2	479739;479758	PMID
NPC43069	NPC43069	NPT613	1	479793	PMID
NPC43069	NPC43069	NPT98	1	479753	PMID
NPC43158	NPC43158	NPT1089	1	522560	PMID
NPC43158	NPC43158	NPT1090	1	522560	PMID
NPC43158	NPC43158	NPT280	1	522560	PMID
NPC43158	NPC43158	NPT567	1	522560	PMID
NPC43158	NPC43158	NPT568	1	522560	PMID
NPC43158	NPC43158	NPT69	1	522560	PMID
NPC43169	NPC43169	NPT646	1	481455	PMID
NPC43211	NPC43211	NPT1422	1	529411	PMID
NPC43211	NPC43211	NPT1785	1	529403	PMID
NPC43211	NPC43211	NPT612	1	529411	PMID
NPC43211	NPC43211	NPT622	1	529411	PMID
NPC43211	NPC43211	NPT699	1	529411	PMID
NPC43211	NPC43211	NPT901	1	529411	PMID
NPC43246	NPC43246	NPT2608	1	459721	PMID
NPC43246	NPC43246	NPT2871	1	459693	PMID
NPC43246	NPC43246	NPT2875	1	459712	PMID
NPC43246	NPC43246	NPT2876	1	459712	PMID
NPC43246	NPC43246	NPT2877	1	459712	PMID
NPC43246	NPC43246	NPT2878	1	459712	PMID
NPC43246	NPC43246	NPT2879	1	459712	PMID
NPC43264	NPC43264	NPT2724	2	561829;561830	PMID
NPC43264	NPC43264	NPT2725	1	561830	PMID
NPC43264	NPC43264	NPT2886	1	561829	PMID
NPC43264	NPC43264	NPT2887	2	561829;561830	PMID
NPC43264	NPC43264	NPT2889	1	561830	PMID
NPC43300	NPC43300	NPT540	1	466056	PMID
NPC43319	NPC43319	NPT178	1	560266	PMID
NPC434	NPC434	NPT109	1	465793	PMID
NPC434	NPC434	NPT149	1	465793	PMID
NPC434	NPC434	NPT151	1	465793	PMID
NPC434	NPC434	NPT94	1	465793	PMID
NPC4341	NPC4341	NPT668	1	512061	PMID
NPC4344	NPC4344	NPT540	1	519972	PMID
NPC43490	NPC43490	NPT178	1	545220	PMID
NPC43525	NPC43525	NPT30	1	545984	PMID
NPC43525	NPC43525	NPT31	1	545984	PMID
NPC43587	NPC43587	NPT1592	1	548353	PMID
NPC4370	NPC4370	NPT346	1	518809	PMID
NPC43787	NPC43787	NPT2892	1	503830	PMID
NPC43787	NPC43787	NPT51	1	503830	PMID
NPC43787	NPC43787	NPT537	1	503830	PMID
NPC43787	NPC43787	NPT538	1	503830	PMID
NPC43787	NPC43787	NPT59	1	503830	PMID
NPC43945	NPC43945	NPT1078	3	530649;530658;530709	PMID
NPC43945	NPC43945	NPT109	1	530659	PMID
NPC43945	NPC43945	NPT110	1	530660	PMID
NPC43945	NPC43945	NPT1224	1	530661	PMID
NPC43945	NPC43945	NPT151	1	530659	PMID
NPC43945	NPC43945	NPT1557	1	530642	PMID
NPC43945	NPC43945	NPT208	1	530660	PMID
NPC43945	NPC43945	NPT211	1	530660	PMID
NPC43945	NPC43945	NPT212	1	530660	PMID
NPC43945	NPC43945	NPT213	1	530660	PMID
NPC43945	NPC43945	NPT261	1	530674	PMID
NPC43945	NPC43945	NPT2662	1	530657	PMID
NPC43945	NPC43945	NPT2663	1	530657	PMID
NPC43945	NPC43945	NPT2742	3	530664;530699;530719	PMID
NPC43945	NPC43945	NPT282	2	530659;530660	PMID
NPC43945	NPC43945	NPT2927	2	530640;530643	PMID
NPC43945	NPC43945	NPT2930	1	530660	PMID
NPC43945	NPC43945	NPT3060	1	530712	PMID
NPC43945	NPC43945	NPT45	1	530660	PMID
NPC43945	NPC43945	NPT483	3	530659;530660;530661	PMID
NPC43945	NPC43945	NPT51	2	530659;530661	PMID
NPC43945	NPC43945	NPT52	1	530661	PMID
NPC43945	NPC43945	NPT524	1	530662	PMID
NPC43945	NPC43945	NPT539	2	530659;530660	PMID
NPC43945	NPC43945	NPT58	1	530661	PMID
NPC43945	NPC43945	NPT582	1	530674	PMID
NPC43945	NPC43945	NPT60	1	530661	PMID
NPC43945	NPC43945	NPT911	3	530652;530678;530712	PMID
NPC43945	NPC43945	NPT920	1	530729	PMID
NPC43945	NPC43945	NPT93	1	530661	PMID
NPC43945	NPC43945	NPT94	2	530659;530660	PMID
NPC44063	NPC44063	NPT211	1	463338	PMID
NPC44101	NPC44101	NPT1604	1	534121	PMID
NPC44193	NPC44193	NPT1287	1	464481	PMID
NPC44193	NPC44193	NPT232	1	464481	PMID
NPC44270	NPC44270	NPT1197	1	566559	PMID
NPC44270	NPC44270	NPT151	1	566559	PMID
NPC44270	NPC44270	NPT483	1	566559	PMID
NPC44270	NPC44270	NPT51	1	566559	PMID
NPC44270	NPC44270	NPT524	1	566559	PMID
NPC44270	NPC44270	NPT93	1	566559	PMID
NPC44328	NPC44328	NPT50	1	518301	PMID
NPC44363	NPC44363	NPT1418	2	479524;479525	PMID
NPC44437	NPC44437	NPT57	1	489859	PMID
NPC44437	NPC44437	NPT980	1	489859	PMID
NPC44649	NPC44649	NPT204	1	495870	PMID
NPC44830	NPC44830	NPT2944	1	515538	PMID
NPC44830	NPC44830	NPT51	1	515538	PMID
NPC44963	NPC44963	NPT109	1	573247	PMID
NPC44963	NPC44963	NPT51	1	573248	PMID
NPC44963	NPC44963	NPT543	2	573246;573247	PMID
NPC44963	NPC44963	NPT93	1	573248	PMID
NPC45040	NPC45040	NPT108	2	571175;571178	PMID
NPC45040	NPC45040	NPT248	1	571175	PMID
NPC45040	NPC45040	NPT4046	1	571177	PMID
NPC45040	NPC45040	NPT4047	1	571177	PMID
NPC45124	NPC45124	NPT211	2	571486;571487	PMID
NPC45165	NPC45165	NPT537	1	497420	PMID
NPC45165	NPC45165	NPT538	1	497420	PMID
NPC45255	NPC45255	NPT1078	1	498394	PMID
NPC45256	NPC45256	NPT149	1	536199	PMID
NPC45256	NPC45256	NPT151	1	536199	PMID
NPC45256	NPC45256	NPT94	1	536199	PMID
NPC45404	NPC45404	NPT282	1	509342	PMID
NPC45404	NPC45404	NPT94	1	509342	PMID
NPC45459	NPC45459	NPT1038	1	520926	PMID
NPC45459	NPC45459	NPT109	1	520927	PMID
NPC45459	NPC45459	NPT1416	1	520926	PMID
NPC45459	NPC45459	NPT149	2	520927;520929	PMID
NPC45459	NPC45459	NPT163	1	520927	PMID
NPC45459	NPC45459	NPT1785	1	520935	PMID
NPC45459	NPC45459	NPT210	1	520929	PMID
NPC45459	NPC45459	NPT290	2	520938;520939	PMID
NPC45459	NPC45459	NPT291	1	520939	PMID
NPC45459	NPC45459	NPT292	1	520939	PMID
NPC45459	NPC45459	NPT48	1	520926	PMID
NPC45459	NPC45459	NPT483	1	520926	PMID
NPC45459	NPC45459	NPT51	2	520926;520930	PMID
NPC45459	NPC45459	NPT58	1	520926	PMID
NPC45459	NPC45459	NPT792	1	520927	PMID
NPC45459	NPC45459	NPT796	1	520926	PMID
NPC45459	NPC45459	NPT92	2	520935;520938	PMID
NPC45459	NPC45459	NPT94	2	520926;520930	PMID
NPC45459	NPC45459	NPT940	1	520928	PMID
NPC45536	NPC45536	NPT346	1	481335	PMID
NPC45613	NPC45613	NPT50	1	573634	PMID
NPC45613	NPC45613	NPT792	1	573634	PMID
NPC45618	NPC45618	NPT149	1	497402	PMID
NPC45618	NPC45618	NPT151	1	497402	PMID
NPC45618	NPC45618	NPT48	1	497402	PMID
NPC45618	NPC45618	NPT50	1	497402	PMID
NPC45618	NPC45618	NPT51	1	497402	PMID
NPC45618	NPC45618	NPT94	1	497402	PMID
NPC457	NPC457	NPT862	1	28558206	PMID
NPC45849	NPC45849	NPT31	1	552603	PMID
NPC45849	NPC45849	NPT570	1	552603	PMID
NPC460	NPC460	NPT869	1	520639	PMID
NPC46080	NPC46080	NPT178	1	485106	PMID
NPC461214	NPC461214	NPT166	2	17941623;23286284	PMID
NPC461214	NPC461214	NPT203	1	23286284	PMID
NPC461214	NPC461214	NPT439	1	17941623	PMID
NPC461214	NPC461214	NPT57	1	23314054	PMID
NPC46190	NPC46190	NPT72	1	517456	PMID
NPC462686	NPC462686	NPT1265	3	17850214;19072652;19256503	PMID
NPC462686	NPC462686	NPT1444	21	10.1039/C2MD20044A;15546735;15658870;16789742;17339109;19297156;21121631;21216595;22480851;22924688;23410005;23855836;25387153;25589915;25693787;26854431;28280261;31029551;31446244;33135887;33388654	DOI;PMID
NPC462686	NPC462686	NPT1445	17	10.1007/s00044-013-0561-0;16789742;17049248;17095227;17339109;17601739;19297156;22924688;23410005;23855836;25050878;25387153;25693787;26720154;26854431;31029551;31446244	DOI;PMID
NPC462686	NPC462686	NPT1446	13	16789742;19748269;22520630;22924688;23410005;23855836;25387153;25693787;26854431;28280261;31029551;31446244;33135887	PMID
NPC462686	NPC462686	NPT1575	1	18077363	PMID
NPC462686	NPC462686	NPT1701	1	17850214	PMID
NPC462686	NPC462686	NPT2556	12	11597411;12941339;15546735;15658870;16302822;18678488;20472428;21216595;22835870;23855836;25387153;26854431	PMID
NPC462686	NPC462686	NPT2816	1	28280261	PMID
NPC462686	NPC462686	NPT3358	1	17135248	PMID
NPC462686	NPC462686	NPT3376	16	16789742;17049248;17339109;17601739;19748269;22520630;22924688;23410005;23855836;25387153;25693787;26854431;28280261;31029551;31446244;33135887	PMID
NPC462686	NPC462686	NPT3392	4	17049248;17339109;17601739;25589915	PMID
NPC462686	NPC462686	NPT3898	1	28280261	PMID
NPC462686	NPC462686	NPT3899	1	28280261	PMID
NPC462686	NPC462686	NPT5100	1	15125945	PMID
NPC462686	NPC462686	NPT591	1	18345609	PMID
NPC462686	NPC462686	NPT831	2	17135248;17850214	PMID
NPC462686	NPC462686	NPT940	9	15546735;15658870;17562705;21353571;22014755;23410005;23855836;25589915;26318067	PMID
NPC46274	NPC46274	NPT1721	1	496630	PMID
NPC46274	NPC46274	NPT1746	1	496628	PMID
NPC46274	NPC46274	NPT1794	1	496628	PMID
NPC46274	NPC46274	NPT30	2	496620;496621	PMID
NPC46274	NPC46274	NPT31	2	496620;496621	PMID
NPC46274	NPC46274	NPT670	1	496629	PMID
NPC46274	NPC46274	NPT870	1	496625	PMID
NPC46335	NPC46335	NPT280	1	479865	PMID
NPC46335	NPC46335	NPT568	1	479865	PMID
NPC46358	NPC46358	NPT94	1	517510	PMID
NPC46451	NPC46451	NPT109	2	538536;538537	PMID
NPC46451	NPC46451	NPT110	2	538536;538537	PMID
NPC46451	NPC46451	NPT1119	2	538536;538537	PMID
NPC46451	NPC46451	NPT1197	1	538538	PMID
NPC46451	NPC46451	NPT149	2	538536;538537	PMID
NPC46451	NPC46451	NPT151	2	538536;538538	PMID
NPC46451	NPC46451	NPT1620	1	538537	PMID
NPC46451	NPC46451	NPT163	1	538537	PMID
NPC46451	NPC46451	NPT204	1	538560	PMID
NPC46451	NPC46451	NPT208	2	538536;538537	PMID
NPC46451	NPC46451	NPT210	2	538536;538537	PMID
NPC46451	NPC46451	NPT211	2	538536;538537	PMID
NPC46451	NPC46451	NPT212	1	538536	PMID
NPC46451	NPC46451	NPT213	2	538536;538537	PMID
NPC46451	NPC46451	NPT282	3	538536;538537;538538	PMID
NPC46451	NPC46451	NPT2968	1	538535	PMID
NPC46451	NPC46451	NPT2969	1	538538	PMID
NPC46451	NPC46451	NPT2970	1	538551	PMID
NPC46451	NPC46451	NPT439	1	538560	PMID
NPC46451	NPC46451	NPT45	1	538537	PMID
NPC46451	NPC46451	NPT48	2	538536;538538	PMID
NPC46451	NPC46451	NPT483	1	538536	PMID
NPC46451	NPC46451	NPT51	1	538538	PMID
NPC46451	NPC46451	NPT52	1	538537	PMID
NPC46451	NPC46451	NPT537	1	538539	PMID
NPC46451	NPC46451	NPT538	1	538539	PMID
NPC46451	NPC46451	NPT539	2	538536;538537	PMID
NPC46451	NPC46451	NPT792	2	538536;538537	PMID
NPC46451	NPC46451	NPT93	2	538536;538538	PMID
NPC46451	NPC46451	NPT94	1	538538	PMID
NPC46451	NPC46451	NPT940	1	538539	PMID
NPC46451	NPC46451	NPT96	1	538537	PMID
NPC46565	NPC46565	NPT109	1	514770	PMID
NPC46565	NPC46565	NPT1119	1	514770	PMID
NPC46565	NPC46565	NPT1197	1	514771	PMID
NPC46565	NPC46565	NPT151	1	514770	PMID
NPC46565	NPC46565	NPT48	2	514770;514771	PMID
NPC46565	NPC46565	NPT50	1	514770	PMID
NPC46565	NPC46565	NPT51	3	514770;514771;514772	PMID
NPC46565	NPC46565	NPT539	1	514770	PMID
NPC46565	NPC46565	NPT685	1	514778	PMID
NPC46565	NPC46565	NPT687	1	514778	PMID
NPC46565	NPC46565	NPT741	2	514780;514782	PMID
NPC46565	NPC46565	NPT792	1	514770	PMID
NPC46565	NPC46565	NPT93	1	514770	PMID
NPC46565	NPC46565	NPT94	1	514772	PMID
NPC4665	NPC4665	NPT149	1	463010	PMID
NPC4665	NPC4665	NPT151	1	463009	PMID
NPC4665	NPC4665	NPT163	1	463010	PMID
NPC4665	NPC4665	NPT210	1	463010	PMID
NPC4665	NPC4665	NPT211	1	463010	PMID
NPC4665	NPC4665	NPT48	2	463009;463011	PMID
NPC4665	NPC4665	NPT483	1	463009	PMID
NPC4665	NPC4665	NPT49	1	463009	PMID
NPC4665	NPC4665	NPT50	1	463009	PMID
NPC4665	NPC4665	NPT51	3	463009;463011;463012	PMID
NPC4665	NPC4665	NPT58	1	463009	PMID
NPC4665	NPC4665	NPT59	2	463009;463011	PMID
NPC4665	NPC4665	NPT60	1	463011	PMID
NPC4665	NPC4665	NPT796	1	463013	PMID
NPC4665	NPC4665	NPT96	1	463010	PMID
NPC4668	NPC4668	NPT210	1	559408	PMID
NPC4668	NPC4668	NPT808	2	559403;559413	PMID
NPC4668	NPC4668	NPT810	2	559403;559407	PMID
NPC4668	NPC4668	NPT811	1	559403	PMID
NPC4668	NPC4668	NPT817	1	559407	PMID
NPC468984	NPC468984	NPT1037	1	554873	PMID
NPC468984	NPC468984	NPT1237	3	554533;554912;554913	PMID
NPC468984	NPC468984	NPT151	1	554768	PMID
NPC468984	NPC468984	NPT47	1	554767	PMID
NPC468984	NPC468984	NPT48	1	554767	PMID
NPC468984	NPC468984	NPT59	1	554767	PMID
NPC468994	NPC468994	NPT1044	1	32527548	PMID
NPC468994	NPC468994	NPT668	1	28645831	PMID
NPC469330	NPC469330	NPT109	1	455030	PMID
NPC469330	NPC469330	NPT163	1	455030	PMID
NPC469330	NPC469330	NPT3517	2	455022;455048	PMID
NPC469330	NPC469330	NPT3569	2	455024;455048	PMID
NPC469330	NPC469330	NPT3974	2	455022;455048	PMID
NPC46940	NPC46940	NPT669	1	549808	PMID
NPC469520	NPC469520	NPT144	1	560079	PMID
NPC469557	NPC469557	NPT178	1	564995	PMID
NPC46958	NPC46958	NPT862	1	566449	PMID
NPC469772	NPC469772	NPT30	1	484517	PMID
NPC469772	NPC469772	NPT31	1	484517	PMID
NPC469773	NPC469773	NPT30	1	497260	PMID
NPC469773	NPC469773	NPT31	1	497260	PMID
NPC469774	NPC469774	NPT30	1	509852	PMID
NPC469774	NPC469774	NPT31	1	509852	PMID
NPC469775	NPC469775	NPT30	1	468498	PMID
NPC469775	NPC469775	NPT31	1	468498	PMID
NPC469776	NPC469776	NPT30	1	524905	PMID
NPC469776	NPC469776	NPT31	1	524905	PMID
NPC469777	NPC469777	NPT30	1	486918	PMID
NPC469777	NPC469777	NPT31	1	486918	PMID
NPC469778	NPC469778	NPT30	1	548527	PMID
NPC469778	NPC469778	NPT31	1	548527	PMID
NPC469808	NPC469808	NPT151	1	488203	PMID
NPC469808	NPC469808	NPT48	1	488203	PMID
NPC469808	NPC469808	NPT582	1	488204	PMID
NPC469808	NPC469808	NPT94	1	488203	PMID
NPC469895	NPC469895	NPT668	1	533433	PMID
NPC469958	NPC469958	NPT204	1	556079	PMID
NPC469968	NPC469968	NPT204	1	470687	PMID
NPC469970	NPC469970	NPT204	1	478523	PMID
NPC469972	NPC469972	NPT483	1	571281	PMID
NPC469972	NPC469972	NPT51	1	571281	PMID
NPC469977	NPC469977	NPT582	1	521672	PMID
NPC469978	NPC469978	NPT151	1	526811	PMID
NPC469978	NPC469978	NPT582	1	526812	PMID
NPC469978	NPC469978	NPT94	1	526811	PMID
NPC470003	NPC470003	NPT109	1	545475	PMID
NPC470003	NPC470003	NPT143	1	545473	PMID
NPC470003	NPC470003	NPT149	1	545475	PMID
NPC470003	NPC470003	NPT151	1	545476	PMID
NPC470003	NPC470003	NPT208	1	545475	PMID
NPC470003	NPC470003	NPT211	1	545475	PMID
NPC470003	NPC470003	NPT94	1	545476	PMID
NPC470019	NPC470019	NPT261	1	575631	PMID
NPC470020	NPC470020	NPT261	1	514829	PMID
NPC470088	NPC470088	NPT582	1	505503	PMID
NPC470090	NPC470090	NPT1038	1	559693	PMID
NPC470090	NPC470090	NPT109	1	559691	PMID
NPC470090	NPC470090	NPT110	1	559691	PMID
NPC470090	NPC470090	NPT1226	1	559691	PMID
NPC470090	NPC470090	NPT1265	1	559708	PMID
NPC470090	NPC470090	NPT13	1	559708	PMID
NPC470090	NPC470090	NPT1337	1	559708	PMID
NPC470090	NPC470090	NPT1371	1	559708	PMID
NPC470090	NPC470090	NPT1423	1	559708	PMID
NPC470090	NPC470090	NPT1426	6	559683;559684;559688;559703;559708;559719	PMID
NPC470090	NPC470090	NPT1427	4	559683;559688;559708;559719	PMID
NPC470090	NPC470090	NPT1433	1	559708	PMID
NPC470090	NPC470090	NPT1435	1	559708	PMID
NPC470090	NPC470090	NPT1437	1	559708	PMID
NPC470090	NPC470090	NPT1440	1	559686	PMID
NPC470090	NPC470090	NPT1449	1	559708	PMID
NPC470090	NPC470090	NPT1478	1	559708	PMID
NPC470090	NPC470090	NPT1479	1	559708	PMID
NPC470090	NPC470090	NPT1480	1	559708	PMID
NPC470090	NPC470090	NPT149	1	559695	PMID
NPC470090	NPC470090	NPT1598	1	559708	PMID
NPC470090	NPC470090	NPT1608	1	559708	PMID
NPC470090	NPC470090	NPT1611	1	559708	PMID
NPC470090	NPC470090	NPT1630	1	559708	PMID
NPC470090	NPC470090	NPT1650	1	559708	PMID
NPC470090	NPC470090	NPT1658	1	559708	PMID
NPC470090	NPC470090	NPT1675	1	559708	PMID
NPC470090	NPC470090	NPT1676	1	559708	PMID
NPC470090	NPC470090	NPT1680	1	559708	PMID
NPC470090	NPC470090	NPT1682	1	559708	PMID
NPC470090	NPC470090	NPT1685	1	559708	PMID
NPC470090	NPC470090	NPT1686	1	559708	PMID
NPC470090	NPC470090	NPT1687	1	559708	PMID
NPC470090	NPC470090	NPT1699	1	559708	PMID
NPC470090	NPC470090	NPT1700	1	559708	PMID
NPC470090	NPC470090	NPT1701	1	559708	PMID
NPC470090	NPC470090	NPT1702	1	559708	PMID
NPC470090	NPC470090	NPT1705	1	559708	PMID
NPC470090	NPC470090	NPT1706	1	559708	PMID
NPC470090	NPC470090	NPT1709	1	559708	PMID
NPC470090	NPC470090	NPT1713	1	559708	PMID
NPC470090	NPC470090	NPT208	1	559691	PMID
NPC470090	NPC470090	NPT210	1	559695	PMID
NPC470090	NPC470090	NPT211	1	559695	PMID
NPC470090	NPC470090	NPT212	2	559691;559695	PMID
NPC470090	NPC470090	NPT2573	1	559708	PMID
NPC470090	NPC470090	NPT2574	1	559708	PMID
NPC470090	NPC470090	NPT277	1	559691	PMID
NPC470090	NPC470090	NPT282	2	559691;559708	PMID
NPC470090	NPC470090	NPT301	1	559708	PMID
NPC470090	NPC470090	NPT3107	1	559708	PMID
NPC470090	NPC470090	NPT3111	1	559708	PMID
NPC470090	NPC470090	NPT3114	1	559708	PMID
NPC470090	NPC470090	NPT3168	1	559708	PMID
NPC470090	NPC470090	NPT3204	1	559708	PMID
NPC470090	NPC470090	NPT3207	5	559682;559683;559688;559711;559719	PMID
NPC470090	NPC470090	NPT3213	1	559708	PMID
NPC470090	NPC470090	NPT3223	1	559708	PMID
NPC470090	NPC470090	NPT3227	1	559708	PMID
NPC470090	NPC470090	NPT3231	1	559708	PMID
NPC470090	NPC470090	NPT3238	2	559715;559717	PMID
NPC470090	NPC470090	NPT3239	1	559708	PMID
NPC470090	NPC470090	NPT3240	1	559708	PMID
NPC470090	NPC470090	NPT3244	1	559708	PMID
NPC470090	NPC470090	NPT3258	1	559708	PMID
NPC470090	NPC470090	NPT3266	1	559708	PMID
NPC470090	NPC470090	NPT3267	1	559708	PMID
NPC470090	NPC470090	NPT3270	1	559708	PMID
NPC470090	NPC470090	NPT3271	1	559708	PMID
NPC470090	NPC470090	NPT3276	1	559708	PMID
NPC470090	NPC470090	NPT3277	1	559708	PMID
NPC470090	NPC470090	NPT3280	1	559708	PMID
NPC470090	NPC470090	NPT3282	1	559708	PMID
NPC470090	NPC470090	NPT3312	1	559708	PMID
NPC470090	NPC470090	NPT3315	1	559708	PMID
NPC470090	NPC470090	NPT3316	1	559708	PMID
NPC470090	NPC470090	NPT3331	1	559708	PMID
NPC470090	NPC470090	NPT3365	1	559708	PMID
NPC470090	NPC470090	NPT3366	1	559708	PMID
NPC470090	NPC470090	NPT3369	1	559702	PMID
NPC470090	NPC470090	NPT3370	1	559708	PMID
NPC470090	NPC470090	NPT3381	1	559708	PMID
NPC470090	NPC470090	NPT3388	1	559708	PMID
NPC470090	NPC470090	NPT3396	1	559708	PMID
NPC470090	NPC470090	NPT3406	1	559708	PMID
NPC470090	NPC470090	NPT3425	1	559708	PMID
NPC470090	NPC470090	NPT3431	1	559708	PMID
NPC470090	NPC470090	NPT3432	1	559708	PMID
NPC470090	NPC470090	NPT3439	1	559708	PMID
NPC470090	NPC470090	NPT3456	1	559708	PMID
NPC470090	NPC470090	NPT3458	1	559708	PMID
NPC470090	NPC470090	NPT3460	1	559708	PMID
NPC470090	NPC470090	NPT4355	1	559700	PMID
NPC470090	NPC470090	NPT48	1	559691	PMID
NPC470090	NPC470090	NPT483	1	559692	PMID
NPC470090	NPC470090	NPT49	1	559692	PMID
NPC470090	NPC470090	NPT51	3	559691;559692;559696	PMID
NPC470090	NPC470090	NPT538	1	559694	PMID
NPC470090	NPC470090	NPT59	1	559692	PMID
NPC470090	NPC470090	NPT591	1	559708	PMID
NPC470090	NPC470090	NPT592	1	559708	PMID
NPC470090	NPC470090	NPT676	1	559708	PMID
NPC470090	NPC470090	NPT796	1	559693	PMID
NPC470090	NPC470090	NPT880	1	559708	PMID
NPC470090	NPC470090	NPT94	4	559691;559692;559696;559697	PMID
NPC470090	NPC470090	NPT940	1	559694	PMID
NPC470090	NPC470090	NPT96	1	559691	PMID
NPC470326	NPC470326	NPT204	1	486127	PMID
NPC470327	NPC470327	NPT204	1	549832	PMID
NPC470328	NPC470328	NPT204	1	513219	PMID
NPC470588	NPC470588	NPT178	1	502850	PMID
NPC470589	NPC470589	NPT178	1	555545	PMID
NPC47059	NPC47059	NPT109	1	570112	PMID
NPC47059	NPC47059	NPT149	1	570112	PMID
NPC47059	NPC47059	NPT151	1	570112	PMID
NPC47059	NPC47059	NPT48	1	570112	PMID
NPC47059	NPC47059	NPT94	1	570112	PMID
NPC470590	NPC470590	NPT178	1	528381	PMID
NPC470629	NPC470629	NPT178	1	502202	PMID
NPC470694	NPC470694	NPT1214	1	545439	PMID
NPC470694	NPC470694	NPT2584	1	545439	PMID
NPC470706	NPC470706	NPT582	1	523151	PMID
NPC470707	NPC470707	NPT582	1	496279	PMID
NPC470831	NPC470831	NPT3732	1	545165	PMID
NPC470887	NPC470887	NPT249	1	501458	PMID
NPC470890	NPC470890	NPT178	1	503170	PMID
NPC470945	NPC470945	NPT1210	1	544655	PMID
NPC470945	NPC470945	NPT178	1	544655	PMID
NPC470947	NPC470947	NPT1210	1	502716	PMID
NPC470947	NPC470947	NPT178	1	502716	PMID
NPC471083	NPC471083	NPT204	1	448428	PMID
NPC471108	NPC471108	NPT537	1	548268	PMID
NPC471108	NPC471108	NPT538	1	548268	PMID
NPC471108	NPC471108	NPT940	1	548268	PMID
NPC47113	NPC47113	NPT670	1	514879	PMID
NPC471209	NPC471209	NPT279	1	476796	PMID
NPC471213	NPC471213	NPT279	1	458932	PMID
NPC47135	NPC47135	NPT232	2	549511;549517	PMID
NPC47135	NPC47135	NPT2797	2	549560;549567	PMID
NPC47135	NPC47135	NPT28	1	549519	PMID
NPC47135	NPC47135	NPT2982	4	549517;549519;549533;549547	PMID
NPC47135	NPC47135	NPT2983	2	549519;549547	PMID
NPC47135	NPC47135	NPT2993	2	549519;549566	PMID
NPC47135	NPC47135	NPT2994	3	549519;549541;549546	PMID
NPC47135	NPC47135	NPT3004	2	549541;549546	PMID
NPC47135	NPC47135	NPT3066	1	549567	PMID
NPC47135	NPC47135	NPT3067	1	549567	PMID
NPC47135	NPC47135	NPT51	1	549520	PMID
NPC47135	NPC47135	NPT543	1	549544	PMID
NPC47135	NPC47135	NPT865	3	549530;549542;549555	PMID
NPC471473	NPC471473	NPT670	1	522271	PMID
NPC471518	NPC471518	NPT670	1	485830	PMID
NPC471522	NPC471522	NPT670	1	465780	PMID
NPC471523	NPC471523	NPT670	1	498372	PMID
NPC471593	NPC471593	NPT109	1	567079	PMID
NPC471593	NPC471593	NPT1416	1	567078	PMID
NPC471593	NPC471593	NPT208	1	567079	PMID
NPC471593	NPC471593	NPT210	1	567079	PMID
NPC471593	NPC471593	NPT211	1	567079	PMID
NPC471593	NPC471593	NPT212	1	567079	PMID
NPC471593	NPC471593	NPT213	1	567079	PMID
NPC471593	NPC471593	NPT30	7	567066;567073;567081;567086;567090;567097;567106	PMID
NPC471593	NPC471593	NPT31	4	567066;567086;567105;567106	PMID
NPC471593	NPC471593	NPT58	1	567078	PMID
NPC471593	NPC471593	NPT796	1	567080	PMID
NPC471593	NPC471593	NPT96	1	567079	PMID
NPC471602	NPC471602	NPT1214	1	492176	PMID
NPC471602	NPC471602	NPT143	1	492175	PMID
NPC471602	NPC471602	NPT2584	1	492176	PMID
NPC471603	NPC471603	NPT10	1	485337	PMID
NPC471603	NPC471603	NPT109	1	485338	PMID
NPC471603	NPC471603	NPT110	2	485338;485341	PMID
NPC471603	NPC471603	NPT1426	1	485350	PMID
NPC471603	NPC471603	NPT1427	1	485350	PMID
NPC471603	NPC471603	NPT1438	1	485350	PMID
NPC471603	NPC471603	NPT149	1	485338	PMID
NPC471603	NPC471603	NPT151	2	485337;485338	PMID
NPC471603	NPC471603	NPT1616	4	485326;485333;485366;485370	PMID
NPC471603	NPC471603	NPT163	1	485338	PMID
NPC471603	NPC471603	NPT1703	1	485350	PMID
NPC471603	NPC471603	NPT1814	1	485358	PMID
NPC471603	NPC471603	NPT208	1	485338	PMID
NPC471603	NPC471603	NPT210	2	485338;485341	PMID
NPC471603	NPC471603	NPT212	2	485338;485341	PMID
NPC471603	NPC471603	NPT213	2	485338;485341	PMID
NPC471603	NPC471603	NPT2816	3	485364;485366;485367	PMID
NPC471603	NPC471603	NPT282	2	485337;485338	PMID
NPC471603	NPC471603	NPT283	13	485324;485326;485329;485332;485333;485349;485350;485361;485362;485366;485368;485370;485377	PMID
NPC471603	NPC471603	NPT3168	1	485350	PMID
NPC471603	NPC471603	NPT3207	1	485350	PMID
NPC471603	NPC471603	NPT3231	1	485350	PMID
NPC471603	NPC471603	NPT3266	1	485362	PMID
NPC471603	NPC471603	NPT3270	1	485350	PMID
NPC471603	NPC471603	NPT3271	1	485350	PMID
NPC471603	NPC471603	NPT3316	1	485350	PMID
NPC471603	NPC471603	NPT3366	1	485350	PMID
NPC471603	NPC471603	NPT3373	1	485350	PMID
NPC471603	NPC471603	NPT4447	1	485370	PMID
NPC471603	NPC471603	NPT48	2	485337;485338	PMID
NPC471603	NPC471603	NPT483	1	485337	PMID
NPC471603	NPC471603	NPT50	1	485338	PMID
NPC471603	NPC471603	NPT51	4	485337;485338;485342;485343	PMID
NPC471603	NPC471603	NPT570	1	485322	PMID
NPC471603	NPC471603	NPT58	1	485337	PMID
NPC471603	NPC471603	NPT792	1	485338	PMID
NPC471603	NPC471603	NPT796	1	485344	PMID
NPC471603	NPC471603	NPT94	4	485337;485338;485342;485343	PMID
NPC471603	NPC471603	NPT96	1	485338	PMID
NPC471615	NPC471615	NPT109	1	558712	PMID
NPC471615	NPC471615	NPT110	1	558712	PMID
NPC471615	NPC471615	NPT543	1	558712	PMID
NPC471617	NPC471617	NPT4054	1	557417	PMID
NPC471617	NPC471617	NPT668	1	557429	PMID
NPC471628	NPC471628	NPT2818	1	561529	PMID
NPC471749	NPC471749	NPT74	1	489544	PMID
NPC471750	NPC471750	NPT74	1	568997	PMID
NPC471762	NPC471762	NPT1603	1	503932	PMID
NPC471762	NPC471762	NPT1604	2	503932;503936	PMID
NPC471762	NPC471762	NPT208	1	503932	PMID
NPC471762	NPC471762	NPT273	1	503937	PMID
NPC471780	NPC471780	NPT6631	1	523023	PMID
NPC471892	NPC471892	NPT503	1	569802	PMID
NPC471896	NPC471896	NPT956	1	555879	PMID
NPC471898	NPC471898	NPT956	1	504101	PMID
NPC471900	NPC471900	NPT956	1	550254	PMID
NPC471901	NPC471901	NPT956	1	465307	PMID
NPC471902	NPC471902	NPT956	1	554072	PMID
NPC472264	NPC472264	NPT1210	1	488133	PMID
NPC472264	NPC472264	NPT178	1	488133	PMID
NPC472264	NPC472264	NPT911	1	488133	PMID
NPC472265	NPC472265	NPT178	1	529589	PMID
NPC472271	NPC472271	NPT78	1	461190	PMID
NPC472359	NPC472359	NPT204	1	542319	PMID
NPC472369	NPC472369	NPT178	1	575684	PMID
NPC472370	NPC472370	NPT178	1	473491	PMID
NPC472398	NPC472398	NPT31	1	507333	PMID
NPC472458	NPC472458	NPT204	1	480342	PMID
NPC472570	NPC472570	NPT668	1	491453	PMID
NPC472571	NPC472571	NPT668	1	510829	PMID
NPC472573	NPC472573	NPT668	2	461226;461227	PMID
NPC472574	NPC472574	NPT668	1	550691	PMID
NPC472626	NPC472626	NPT31	1	459539	PMID
NPC472633	NPC472633	NPT570	1	447441	PMID
NPC472675	NPC472675	NPT204	1	469196	PMID
NPC472676	NPC472676	NPT204	1	459851	PMID
NPC472679	NPC472679	NPT204	1	486383	PMID
NPC472683	NPC472683	NPT204	1	541628	PMID
NPC472718	NPC472718	NPT38	1	495342	PMID
NPC472719	NPC472719	NPT38	1	495930	PMID
NPC472795	NPC472795	NPT1287	1	516078	PMID
NPC472795	NPC472795	NPT232	1	516078	PMID
NPC472796	NPC472796	NPT1287	1	566656	PMID
NPC472796	NPC472796	NPT232	1	566656	PMID
NPC472797	NPC472797	NPT1287	1	525418	PMID
NPC472797	NPC472797	NPT232	1	525418	PMID
NPC472798	NPC472798	NPT1287	1	566602	PMID
NPC472798	NPC472798	NPT232	1	566602	PMID
NPC472799	NPC472799	NPT1287	1	510585	PMID
NPC472799	NPC472799	NPT232	1	510585	PMID
NPC472800	NPC472800	NPT1287	1	561293	PMID
NPC472800	NPC472800	NPT232	1	561293	PMID
NPC47298	NPC47298	NPT204	4	488948;488953;488955;488956	PMID
NPC473206	NPC473206	NPT109	2	526648;526651	PMID
NPC473206	NPC473206	NPT110	2	526648;526651	PMID
NPC473206	NPC473206	NPT1620	1	526651	PMID
NPC473206	NPC473206	NPT208	2	526648;526651	PMID
NPC473206	NPC473206	NPT210	2	526648;526651	PMID
NPC473206	NPC473206	NPT212	2	526648;526651	PMID
NPC473206	NPC473206	NPT213	2	526648;526651	PMID
NPC473206	NPC473206	NPT282	1	526648	PMID
NPC473206	NPC473206	NPT537	1	526649	PMID
NPC473206	NPC473206	NPT538	1	526649	PMID
NPC473206	NPC473206	NPT539	2	526648;526651	PMID
NPC473206	NPC473206	NPT93	1	526650	PMID
NPC473206	NPC473206	NPT94	2	526648;526650	PMID
NPC473206	NPC473206	NPT940	1	526649	PMID
NPC473206	NPC473206	NPT96	1	526651	PMID
NPC473210	NPC473210	NPT865	1	519029	PMID
NPC473211	NPC473211	NPT865	1	496454	PMID
NPC473212	NPC473212	NPT865	1	503864	PMID
NPC473213	NPC473213	NPT865	1	567791	PMID
NPC473240	NPC473240	NPT178	1	481652	PMID
NPC473242	NPC473242	NPT178	1	456433	PMID
NPC473249	NPC473249	NPT1429	3	507753;507764;507765	PMID
NPC473249	NPC473249	NPT211	2	507754;507757	PMID
NPC473249	NPC473249	NPT918	2	507761;507771	PMID
NPC473264	NPC473264	NPT249	1	461152	PMID
NPC473272	NPC473272	NPT178	1	525781	PMID
NPC473309	NPC473309	NPT670	1	532793	PMID
NPC473391	NPC473391	NPT1422	1	491734	PMID
NPC473411	NPC473411	NPT366	1	476604	PMID
NPC473411	NPC473411	NPT570	1	476608	PMID
NPC473411	NPC473411	NPT935	1	476604	PMID
NPC473413	NPC473413	NPT178	1	508894	PMID
NPC473417	NPC473417	NPT109	2	564804;564805	PMID
NPC473417	NPC473417	NPT110	3	564804;564805;564809	PMID
NPC473417	NPC473417	NPT1274	1	564817	PMID
NPC473417	NPC473417	NPT149	1	564805	PMID
NPC473417	NPC473417	NPT163	1	564805	PMID
NPC473417	NPC473417	NPT208	2	564804;564805	PMID
NPC473417	NPC473417	NPT210	1	564805	PMID
NPC473417	NPC473417	NPT213	3	564804;564805;564809	PMID
NPC473417	NPC473417	NPT2556	1	564832	PMID
NPC473417	NPC473417	NPT282	1	564805	PMID
NPC473417	NPC473417	NPT296	1	564789	PMID
NPC473417	NPC473417	NPT4110	1	564789	PMID
NPC473417	NPC473417	NPT483	1	564804	PMID
NPC473417	NPC473417	NPT51	2	564807;564808	PMID
NPC473417	NPC473417	NPT537	1	564806	PMID
NPC473417	NPC473417	NPT538	1	564806	PMID
NPC473417	NPC473417	NPT539	1	564805	PMID
NPC473417	NPC473417	NPT6513	1	564834	PMID
NPC473417	NPC473417	NPT668	2	564787;564830	PMID
NPC473417	NPC473417	NPT713	2	564849;564850	PMID
NPC473417	NPC473417	NPT792	1	564805	PMID
NPC473417	NPC473417	NPT93	1	564807	PMID
NPC473417	NPC473417	NPT94	1	564807	PMID
NPC473417	NPC473417	NPT940	1	564806	PMID
NPC473417	NPC473417	NPT96	1	564805	PMID
NPC473417	NPC473417	NPT98	1	564827	PMID
NPC473429	NPC473429	NPT1569	1	480284	PMID
NPC473429	NPC473429	NPT4219	1	480281	PMID
NPC473429	NPC473429	NPT4418	1	480300	PMID
NPC473429	NPC473429	NPT502	1	480284	PMID
NPC473429	NPC473429	NPT6245	1	480305	PMID
NPC473429	NPC473429	NPT78	2	480316;480318	PMID
NPC473442	NPC473442	NPT204	1	534618	PMID
NPC473451	NPC473451	NPT31	1	515527	PMID
NPC473451	NPC473451	NPT570	1	515527	PMID
NPC473466	NPC473466	NPT279	1	543687	PMID
NPC473579	NPC473579	NPT4581	1	568237	PMID
NPC47363	NPC47363	NPT483	1	460824	PMID
NPC473680	NPC473680	NPT4581	1	518018	PMID
NPC473690	NPC473690	NPT1591	1	515862	PMID
NPC473718	NPC473718	NPT30	2	509183;509184	PMID
NPC473718	NPC473718	NPT570	1	509184	PMID
NPC47398	NPC47398	NPT283	1	448913	PMID
NPC47398	NPC47398	NPT30	1	448911	PMID
NPC473990	NPC473990	NPT178	1	569967	PMID
NPC473996	NPC473996	NPT441	1	573960	PMID
NPC474021	NPC474021	NPT178	1	541823	PMID
NPC474023	NPC474023	NPT178	1	548945	PMID
NPC474024	NPC474024	NPT178	1	573019	PMID
NPC474148	NPC474148	NPT228	1	486232	PMID
NPC474192	NPC474192	NPT346	1	484547	PMID
NPC47422	NPC47422	NPT94	1	458729	PMID
NPC474234	NPC474234	NPT967	1	447452	PMID
NPC474276	NPC474276	NPT30	1	486068	PMID
NPC474276	NPC474276	NPT31	1	486068	PMID
NPC474324	NPC474324	NPT109	1	529295	PMID
NPC474409	NPC474409	NPT1078	1	484572	PMID
NPC474468	NPC474468	NPT61	1	458326	PMID
NPC474565	NPC474565	NPT1603	1	468242	PMID
NPC474565	NPC474565	NPT30	1	468241	PMID
NPC474565	NPC474565	NPT31	1	468241	PMID
NPC474926	NPC474926	NPT109	1	488298	PMID
NPC474926	NPC474926	NPT300	1	488273	PMID
NPC474926	NPC474926	NPT3159	1	488261	PMID
NPC474926	NPC474926	NPT441	34	488258;488259;488260;488261;488262;488263;488264;488266;488267;488268;488271;488274;488275;488276;488277;488278;488279;488280;488281;488282;488283;488284;488286;488287;488290;488292;488293;488305;488310;488312;488317;488319;488320;488323	PMID
NPC474926	NPC474926	NPT6540	1	488275	PMID
NPC474926	NPC474926	NPT796	1	488296	PMID
NPC474989	NPC474989	NPT1044	1	525336	PMID
NPC475042	NPC475042	NPT1255	1	548256	PMID
NPC475042	NPC475042	NPT1256	1	548256	PMID
NPC475042	NPC475042	NPT1257	1	548256	PMID
NPC475042	NPC475042	NPT979	1	548256	PMID
NPC475052	NPC475052	NPT3595	1	531555	PMID
NPC475085	NPC475085	NPT1038	1	491855	PMID
NPC475085	NPC475085	NPT1416	1	491855	PMID
NPC475085	NPC475085	NPT2892	1	491855	PMID
NPC475085	NPC475085	NPT4897	1	491855	PMID
NPC475085	NPC475085	NPT51	1	491855	PMID
NPC475085	NPC475085	NPT59	1	491855	PMID
NPC475085	NPC475085	NPT60	1	491855	PMID
NPC475112	NPC475112	NPT1416	1	483279	PMID
NPC475112	NPC475112	NPT282	1	483279	PMID
NPC475112	NPC475112	NPT51	1	483279	PMID
NPC475112	NPC475112	NPT524	1	483279	PMID
NPC475112	NPC475112	NPT60	1	483279	PMID
NPC475224	NPC475224	NPT216	1	539018	PMID
NPC475311	NPC475311	NPT4581	1	458605	PMID
NPC475346	NPC475346	NPT4581	1	480322	PMID
NPC475454	NPC475454	NPT4581	1	489417	PMID
NPC475457	NPC475457	NPT4581	1	495012	PMID
NPC475524	NPC475524	NPT1197	1	513195	PMID
NPC475524	NPC475524	NPT211	1	513194	PMID
NPC475524	NPC475524	NPT2536	1	513186	PMID
NPC475524	NPC475524	NPT38	1	513192	PMID
NPC475524	NPC475524	NPT483	1	513195	PMID
NPC475524	NPC475524	NPT51	1	513195	PMID
NPC475524	NPC475524	NPT524	1	513195	PMID
NPC475524	NPC475524	NPT537	1	513195	PMID
NPC475524	NPC475524	NPT538	1	513195	PMID
NPC475524	NPC475524	NPT93	1	513195	PMID
NPC475553	NPC475553	NPT570	1	560082	PMID
NPC475553	NPC475553	NPT956	1	560082	PMID
NPC475627	NPC475627	NPT4581	1	491436	PMID
NPC475784	NPC475784	NPT178	1	518879	PMID
NPC475824	NPC475824	NPT967	1	460119	PMID
NPC475875	NPC475875	NPT967	1	509466	PMID
NPC476347	NPC476347	NPT1592	1	548382	PMID
NPC476440	NPC476440	NPT10	1	482852	PMID
NPC476440	NPC476440	NPT109	1	482854	PMID
NPC476440	NPC476440	NPT1197	1	482853	PMID
NPC476440	NPC476440	NPT1416	2	482852;482853	PMID
NPC476440	NPC476440	NPT151	2	482852;482853	PMID
NPC476440	NPC476440	NPT163	1	482854	PMID
NPC476440	NPC476440	NPT208	1	482854	PMID
NPC476440	NPC476440	NPT210	1	482854	PMID
NPC476440	NPC476440	NPT211	1	482854	PMID
NPC476440	NPC476440	NPT212	1	482854	PMID
NPC476440	NPC476440	NPT213	1	482854	PMID
NPC476440	NPC476440	NPT2755	1	482853	PMID
NPC476440	NPC476440	NPT278	1	482849	PMID
NPC476440	NPC476440	NPT282	1	482854	PMID
NPC476440	NPC476440	NPT483	2	482852;482853	PMID
NPC476440	NPC476440	NPT5013	1	482849	PMID
NPC476440	NPC476440	NPT51	3	482852;482853;482856	PMID
NPC476440	NPC476440	NPT537	1	482855	PMID
NPC476440	NPC476440	NPT539	1	482854	PMID
NPC476440	NPC476440	NPT58	1	482852	PMID
NPC476440	NPC476440	NPT796	1	482852	PMID
NPC476440	NPC476440	NPT93	3	482852;482853;482856	PMID
NPC476440	NPC476440	NPT94	3	482852;482853;482856	PMID
NPC476440	NPC476440	NPT940	1	482855	PMID
NPC476440	NPC476440	NPT96	1	482854	PMID
NPC476443	NPC476443	NPT271	1	509839	PMID
NPC476464	NPC476464	NPT1028	1	467593	PMID
NPC476464	NPC476464	NPT109	1	466987	PMID
NPC476464	NPC476464	NPT222	1	467680	PMID
NPC476464	NPC476464	NPT223	1	467680	PMID
NPC476464	NPC476464	NPT224	1	467680	PMID
NPC476464	NPC476464	NPT262	1	467680	PMID
NPC476464	NPC476464	NPT263	1	467680	PMID
NPC476464	NPC476464	NPT264	1	467680	PMID
NPC476464	NPC476464	NPT265	1	467680	PMID
NPC476464	NPC476464	NPT266	1	467680	PMID
NPC476464	NPC476464	NPT2852	1	466686	PMID
NPC476464	NPC476464	NPT296	1	467680	PMID
NPC476464	NPC476464	NPT366	1	467105	PMID
NPC476464	NPC476464	NPT740	1	467662	PMID
NPC476464	NPC476464	NPT78	1	467652	PMID
NPC476464	NPC476464	NPT98	6	466731;466903;467140;467377;467472;467680	PMID
NPC476473	NPC476473	NPT1214	1	449318	PMID
NPC476473	NPC476473	NPT143	1	449317	PMID
NPC476473	NPC476473	NPT2584	1	449318	PMID
NPC476477	NPC476477	NPT1214	1	448942	PMID
NPC476477	NPC476477	NPT143	1	448941	PMID
NPC476477	NPC476477	NPT2584	1	448942	PMID
NPC47653	NPC47653	NPT1210	1	573515	PMID
NPC47653	NPC47653	NPT1211	3	573499;573500;573501	PMID
NPC47653	NPC47653	NPT178	21	573501;573502;573503;573504;573505;573506;573507;573508;573509;573510;573511;573512;573513;573514;573515;573517;573518;573519;573520;573521;573522	PMID
NPC47653	NPC47653	NPT3012	1	573516	PMID
NPC476737	NPC476737	NPT1137	1	464820	PMID
NPC476737	NPC476737	NPT1138	1	464820	PMID
NPC476757	NPC476757	NPT204	1	20954721	PMID
NPC477185	NPC477185	NPT3207	1	16038553	PMID
NPC477186	NPC477186	NPT3207	1	16038553	PMID
NPC477267	NPC477267	NPT967	1	18512985	PMID
NPC477281	NPC477281	NPT163	1	19422206	PMID
NPC477281	NPC477281	NPT236	1	15454223	PMID
NPC477581	NPC477581	NPT178	1	24593120	PMID
NPC477582	NPC477582	NPT178	1	24593120	PMID
NPC477583	NPC477583	NPT178	1	24593120	PMID
NPC477584	NPC477584	NPT178	1	24593120	PMID
NPC477628	NPC477628	NPT967	1	16872152	PMID
NPC477878	NPC477878	NPT546	1	24959987	PMID
NPC477919	NPC477919	NPT1137	1	544094	PMID
NPC477957	NPC477957	NPT546	1	24959987	PMID
NPC477958	NPC477958	NPT546	1	24959987	PMID
NPC478136	NPC478136	NPT178	1	25835537	PMID
NPC478140	NPC478140	NPT178	1	25835537	PMID
NPC478418	NPC478418	NPT1444	14	10.1039/C2MD20044A;23410005;25666823;27846451;28209465;28541707;29534936;29601991;30053721;30996859;31176568;31434616;31647659;32784091	DOI;PMID
NPC478418	NPC478418	NPT1445	24	10.1039/C2MD20044A;10.1039/C5MD00364D;23410005;25666823;27774127;27846451;28106991;28209465;28541707;29534936;29601991;30053721;30237123;30530193;30582813;30878826;30975623;30996859;31033293;31176568;31434616;31550151;31647659;32784091	DOI;PMID
NPC478418	NPC478418	NPT1446	25	10.1039/C2MD20044A;10.1039/C5MD00364D;22924688;23410005;25589915;25666823;27774127;27846451;28209465;28541707;29486969;29534936;29601991;30053721;30530193;30582813;30975623;30996859;31033293;31176568;31188592;31434616;31647659;32784091;33180507	DOI;PMID
NPC478418	NPC478418	NPT2556	2	25589915;27644332	PMID
NPC478418	NPC478418	NPT3376	17	10.1039/C2MD20044A;23410005;25666823;27846451;28209465;28541707;29534936;29601991;30053721;30878826;30975623;30996859;31176568;31434616;31550151;31647659;32784091	DOI;PMID
NPC478504	NPC478504	NPT101	3	24308627;26308095;31471103	PMID
NPC478514	NPC478514	NPT204	1	10.1007/s00044-012-0353-y	DOI
NPC478514	NPC478514	NPT439	1	10.1007/s00044-012-0353-y	DOI
NPC478514	NPC478514	NPT740	1	21511472	PMID
NPC478516	NPC478516	NPT274	1	3339617	PMID
NPC47857	NPC47857	NPT109	1	449026	PMID
NPC47857	NPC47857	NPT47	1	449025	PMID
NPC478578	NPC478578	NPT1037	1	21741846	PMID
NPC478578	NPC478578	NPT1237	2	15567297;15974593	PMID
NPC478609	NPC478609	NPT862	1	28558206	PMID
NPC478610	NPC478610	NPT862	1	28558206	PMID
NPC478611	NPC478611	NPT862	1	28558206	PMID
NPC478612	NPC478612	NPT862	1	28558206	PMID
NPC478613	NPC478613	NPT862	1	28558206	PMID
NPC478614	NPC478614	NPT862	1	28558206	PMID
NPC478615	NPC478615	NPT570	1	23356879	PMID
NPC478615	NPC478615	NPT862	26	10.1007/s00044-013-0817-8;10.1039/C6MD00395H;16870439;16908134;17046265;17616115;19645482;19653681;21070033;21354674;22079754;23017883;23130964;23489630;24679441;25119815;26372074;26483136;26595749;27092411;27120257;28558206;30354105;31009908;31009912;32763463	DOI;PMID
NPC478658	NPC478658	NPT212	1	14761192	PMID
NPC478658	NPC478658	NPT30	1	10.1016/0960-894X(96)00097-2	DOI
NPC478658	NPC478658	NPT31	1	7562922	PMID
NPC478658	NPC478658	NPT669	1	12130730	PMID
NPC478668	NPC478668	NPT204	1	26503905	PMID
NPC478668	NPC478668	NPT30	1	17346963	PMID
NPC478668	NPC478668	NPT31	2	15780608;17346963	PMID
NPC478715	NPC478715	NPT1547	12	10498202;10669559;16797987;18417344;19715320;23181502;25086681;27211244;29087712;29944370;32003991;33271453	PMID
NPC478715	NPC478715	NPT214	1	19419206	PMID
NPC478715	NPC478715	NPT469	1	19419206	PMID
NPC478715	NPC478715	NPT6510	5	19715320;23181502;25086681;27211244;29087712	PMID
NPC478715	NPC478715	NPT6515	1	19715320	PMID
NPC478715	NPC478715	NPT6544	12	2120440;2202828;2657067;3275777;3298652;3531517;3531518;3543358;3882966;3906126;3906131;6267277	PMID
NPC478721	NPC478721	NPT1384	14	12825934;18327899;18937434;21780776;22390415;23610597;24911527;25630225;25815158;30216851;30730737;31577901;31699606;31725297	PMID
NPC478721	NPC478721	NPT1495	3	17535895;18800762;30730737	PMID
NPC478721	NPC478721	NPT233	2	24650641;24813742	PMID
NPC478721	NPC478721	NPT280	1	24071448	PMID
NPC478721	NPC478721	NPT4015	1	24071448	PMID
NPC478721	NPC478721	NPT568	2	24071448;24813742	PMID
NPC478721	NPC478721	NPT569	1	24071448	PMID
NPC478721	NPC478721	NPT948	2	24650641;24813742	PMID
NPC478721	NPC478721	NPT949	2	24650641;24813742	PMID
NPC478721	NPC478721	NPT954	2	24650641;24813742	PMID
NPC478793	NPC478793	NPT1755	2	20378362;2153206	PMID
NPC478793	NPC478793	NPT697	1	21123165	PMID
NPC478794	NPC478794	NPT2856	1	25087753	PMID
NPC478794	NPC478794	NPT5891	1	25087753	PMID
NPC478794	NPC478794	NPT901	1	21030469	PMID
NPC478794	NPC478794	NPT98	1	25087753	PMID
NPC478816	NPC478816	NPT1044	1	18258442	PMID
NPC478816	NPC478816	NPT110	1	15481972	PMID
NPC478816	NPC478816	NPT1422	1	31465686	PMID
NPC478816	NPC478816	NPT1540	1	23241029	PMID
NPC478816	NPC478816	NPT1546	1	23241029	PMID
NPC478816	NPC478816	NPT1594	2	16434618;31465686	PMID
NPC478816	NPC478816	NPT160	1	31926785	PMID
NPC478816	NPC478816	NPT3373	1	30108778	PMID
NPC478816	NPC478816	NPT4036	1	23241029	PMID
NPC478816	NPC478816	NPT4037	1	23241029	PMID
NPC478816	NPC478816	NPT613	1	23241029	PMID
NPC478816	NPC478816	NPT668	1	31465686	PMID
NPC478816	NPC478816	NPT72	1	25618019	PMID
NPC478816	NPC478816	NPT833	1	23442188	PMID
NPC478850	NPC478850	NPT3517	11	10987430;11327580;12620067;14761191;15163211;15357988;15501067;18024030;21684157;8576908;9526553	PMID
NPC478850	NPC478850	NPT3569	10	10987430;12620067;14761191;15163211;15357988;15501067;18024030;21684157;8576908;9526553	PMID
NPC478850	NPC478850	NPT3974	10	10987430;11327580;12620067;14761191;15163211;15357988;15501067;18024030;8576908;9526553	PMID
NPC478878	NPC478878	NPT178	1	31944695	PMID
NPC478879	NPC478879	NPT178	1	31944695	PMID
NPC478880	NPC478880	NPT178	1	31944695	PMID
NPC478881	NPC478881	NPT178	1	31944695	PMID
NPC478882	NPC478882	NPT178	1	31944695	PMID
NPC478883	NPC478883	NPT178	1	31944695	PMID
NPC478886	NPC478886	NPT178	1	31944695	PMID
NPC478921	NPC478921	NPT1166	9	10.1016/S0960-894X(01)80694-6;10669559;12477342;1995872;2160536;2544729;2993618;2999394;3020249	DOI;PMID
NPC478921	NPC478921	NPT1237	2	10052994;9706043	PMID
NPC478922	NPC478922	NPT1028	1	23956101	PMID
NPC478922	NPC478922	NPT1249	1	23956101	PMID
NPC478922	NPC478922	NPT247	1	22931505	PMID
NPC478922	NPC478922	NPT4358	7	10.1016/S0960-894X(01)80526-6;10893306;12190306;12361407;16220969;21071232;22931505	DOI;PMID
NPC478922	NPC478922	NPT713	3	23956101;24799086;32511920	PMID
NPC478922	NPC478922	NPT748	1	31439379	PMID
NPC478922	NPC478922	NPT98	1	21185626	PMID
NPC478930	NPC478930	NPT109	1	29407968	PMID
NPC478930	NPC478930	NPT110	1	29407968	PMID
NPC478931	NPC478931	NPT3060	1	8691459	PMID
NPC478931	NPC478931	NPT728	1	23415083	PMID
NPC479033	NPC479033	NPT178	1	28134521	PMID
NPC479034	NPC479034	NPT178	1	28134521	PMID
NPC479035	NPC479035	NPT178	1	28134521	PMID
NPC479036	NPC479036	NPT178	1	28134521	PMID
NPC479037	NPC479037	NPT178	1	28134521	PMID
NPC479038	NPC479038	NPT178	1	28134521	PMID
NPC479039	NPC479039	NPT178	5	21420867;23499238;24593120;28134521;32460492	PMID
NPC479039	NPC479039	NPT206	1	33210922	PMID
NPC479062	NPC479062	NPT178	1	28951079	PMID
NPC479063	NPC479063	NPT178	1	28951079	PMID
NPC479064	NPC479064	NPT178	1	28951079	PMID
NPC479095	NPC479095	NPT3114	1	30059217	PMID
NPC479118	NPC479118	NPT1028	1	23956101	PMID
NPC479118	NPC479118	NPT178	1	19783142	PMID
NPC479118	NPC479118	NPT582	3	20650633;22282722;25600407	PMID
NPC479118	NPC479118	NPT713	6	20829430;21965623;22961681;23956101;24799086;32511920	PMID
NPC479118	NPC479118	NPT866	3	11831892;14584939;31930920	PMID
NPC479118	NPC479118	NPT869	1	25441945	PMID
NPC479118	NPC479118	NPT99	41	10.1007/s00044-010-9428-9;10612594;10691680;11720854;11831892;12672231;14584939;16821769;17574414;20219371;20307981;20656494;21030263;21130649;21377875;21557540;21873070;22341573;22424975;23102891;23130964;23265881;25333853;26048793;26595749;27560282;27569195;27918994;28465099;30001846;30351933;30362739;30429097;30672698;30676741;31128991;31648125;31930920;32272420;33325691;9836620	DOI;PMID
NPC479190	NPC479190	NPT1028	1	23956101	PMID
NPC479190	NPC479190	NPT109	19	22328583;23355637;26204510;26900658;26962886;27105029;27145071;27548392;27606885;27789139;27955926;28337324;28400237;28558334;29243920;29251928;29681486;29779669;31288127	PMID
NPC479190	NPC479190	NPT110	1	22328583	PMID
NPC479190	NPC479190	NPT208	1	22328583	PMID
NPC479190	NPC479190	NPT212	1	22328583	PMID
NPC479190	NPC479190	NPT213	1	22328583	PMID
NPC479190	NPC479190	NPT3159	1	27789139	PMID
NPC479190	NPC479190	NPT3161	1	27789139	PMID
NPC479190	NPC479190	NPT441	1	27789139	PMID
NPC479190	NPC479190	NPT6124	2	28601511;28886997	PMID
NPC479190	NPC479190	NPT613	1	28230985	PMID
NPC479190	NPC479190	NPT628	1	22328583	PMID
NPC479190	NPC479190	NPT6441	1	27789139	PMID
NPC479190	NPC479190	NPT713	5	20829430;21965623;22961681;23956101;24799086	PMID
NPC479190	NPC479190	NPT901	1	21030469	PMID
NPC47936	NPC47936	NPT109	1	475567	PMID
NPC47936	NPC47936	NPT210	1	475567	PMID
NPC47936	NPC47936	NPT483	1	475565	PMID
NPC47936	NPC47936	NPT51	1	475565	PMID
NPC47936	NPC47936	NPT58	1	475565	PMID
NPC47936	NPC47936	NPT796	1	475568	PMID
NPC47936	NPC47936	NPT94	1	475565	PMID
NPC479379	NPC479379	NPT1028	1	23956101	PMID
NPC479379	NPC479379	NPT109	1	28400237	PMID
NPC479379	NPC479379	NPT1540	1	21599003	PMID
NPC479379	NPC479379	NPT204	151	10.1007/s00044-011-9695-0;10.1016/0960-894X(96)00102-3;10.1016/S0960-894X(00)80267-X;10.1016/S0960-894X(00)80545-4;10.1016/S0960-894X(97)10025-7;10.1039/C1MD00221J;10.1039/C5MD00274E;10052979;10821713;11101357;11495583;11689088;12166941;12620072;1507203;15317459;1552502;15588084;15603953;15633997;15658850;15715468;15878275;15887964;16420031;16570913;16722663;17154513;17181144;1738151;17822295;17850125;17902635;17944454;18047264;18181565;18232655;18479118;18605718;18640842;18786825;19374444;19422203;19726199;19856923;20047331;20053484;20545360;20575555;20684567;20817518;21216144;21417225;21435752;21459491;21570751;21798635;21873056;21920739;22023459;22185619;22243648;22503231;22795665;23041347;23199476;23719283;23791077;23891231;24128814;24140444;24160297;24220172;24389509;24461494;24681980;24704618;24738476;24934993;25047936;25088549;25089370;25226236;25259726;25282266;25282654;25597004;25621991;25656088;25707322;25812965;26003339;26159481;26242241;26503905;26583263;26632651;26827140;27068142;27253679;27460699;27484514;27560283;27736061;27918993;28242549;28445039;28578994;28863358;28923380;28986116;29031067;29400965;29407958;29466774;29533874;29541355;29958119;30031971;30104121;30108842;30245401;30579802;30744931;30771601;30771604;30798053;30851693;31376562;31401008;31479975;31609608;31669851;31708262;32165042;32454229;32706255;32882609;32950908;33039562;33120080;33137375;33340937;7636841;7707311;8064800;8558505;8709135;8978837;9435905;9784091	DOI;PMID
NPC479379	NPC479379	NPT208	2	16248836;28400237	PMID
NPC479379	NPC479379	NPT228	1	8558529	PMID
NPC479379	NPC479379	NPT262	1	29533874	PMID
NPC479379	NPC479379	NPT263	1	1507203	PMID
NPC479379	NPC479379	NPT4037	1	21599003	PMID
NPC479379	NPC479379	NPT439	108	10.1039/C5MD00274E;10052979;10464010;11101357;11495583;12014965;12166941;12620072;12824041;1507203;1552502;15588084;15603953;15633997;15658850;15715468;15887964;16279781;16420031;16570913;16722663;17154513;17181144;17681794;17850125;17902635;18047264;18232655;18479118;18517184;18605718;18640842;18786825;19374444;19856923;20545360;20817518;21216144;21417225;21435752;21570751;21798635;21920739;22023459;22185619;22243648;22503231;22795665;23041347;23199476;23719283;23791077;24140444;24389509;24508831;25088549;25089370;25226236;25259726;25597004;25656088;25812965;26116179;26503905;26632651;26827140;27392529;27460699;27484514;27484515;27736061;27908752;28189905;28242549;28863358;28923380;29031067;29400965;29407958;29466774;29533874;29541355;29958119;30031971;30108842;30245401;30739821;30744931;30771601;30771604;30798053;30851693;31376562;31609608;31708262;31736307;32165042;32454229;32706255;32882609;32950908;33039562;33310288;33340937;7636841;7707311;9357518;9784091	DOI;PMID
NPC479379	NPC479379	NPT613	2	21599003;28230985	PMID
NPC479379	NPC479379	NPT6226	2	16279811;31352246	PMID
NPC479379	NPC479379	NPT78	1	27061983	PMID
NPC479399	NPC479399	NPT1028	1	23956101	PMID
NPC479399	NPC479399	NPT106	1	15177462	PMID
NPC479399	NPC479399	NPT178	1	19783142	PMID
NPC479399	NPC479399	NPT261	1	22282722	PMID
NPC479399	NPC479399	NPT582	2	20650633;22282722	PMID
NPC479399	NPC479399	NPT713	6	20829430;21965623;22961681;23956101;24799086;32511920	PMID
NPC479399	NPC479399	NPT748	1	31439379	PMID
NPC479399	NPC479399	NPT866	15	11831892;12482434;14584939;15177462;15713415;16973358;17379517;17507225;18255290;18771917;18826205;18835719;20299214;26774923;28609708	PMID
NPC479399	NPC479399	NPT869	1	25441945	PMID
NPC479399	NPC479399	NPT98	1	30481687	PMID
NPC479399	NPC479399	NPT99	137	10.1007/s00044-010-9428-9;10.1016/S0960-894X(97)10017-8;10.1039/C5MD00151J;10612594;10691680;11405642;11720854;11831892;12482434;12617924;12657263;12672231;12729668;12873517;14584939;14695833;15163205;15177462;15293980;15582409;15603954;15771468;15801817;15863293;16107150;16137885;16153845;16366601;16451087;16821769;16854085;16919947;16970391;16973358;16979341;17005393;17005394;17034149;17129725;17157019;17292606;17343371;17379517;17403688;17507225;17553681;17560785;17624777;18029176;18029178;18255290;18291645;18329751;18394907;18625559;18771917;18826205;19053776;19275963;19301897;19349176;19423341;19507861;19530681;19574056;19719236;19775169;19783444;19807106;19879669;20138762;20219371;20299214;20444603;20527969;21030263;21112784;21128600;21218783;21450468;21482446;21515063;21873070;22051054;22070604;22081932;22197396;22225641;22582973;22727448;22934537;23171045;23186307;23265844;23286787;23294830;23466604;23502212;23582449;24075729;25305688;25462281;25497132;25978962;26226490;26708109;26988801;27591006;27622746;27876250;28076827;28117121;28465099;28539218;28609708;28667876;28720328;28735214;29446942;29615345;29628329;29940464;30199253;30220602;30241907;30296685;30429097;30702885;30996794;31268307;31591015;31629632;32096640;32267688;33142057;33423463;9836620	DOI;PMID
NPC479427	NPC479427	NPT109	1	17400460	PMID
NPC47946	NPC47946	NPT792	1	529852	PMID
NPC47946	NPC47946	NPT94	1	529852	PMID
NPC479624	NPC479624	NPT204	1	28898076	PMID
NPC479629	NPC479629	NPT204	1	28898076	PMID
NPC479770	NPC479770	NPT30	5	10197959;10197960;11859001;18063374;25453800	PMID
NPC479770	NPC479770	NPT31	22	10.1016/0960-894X(95)00131-C;10091674;10197959;10197960;11844663;11859001;12444669;16038536;18063374;18588282;20540535;23047224;24631895;24656662;25453800;25868745;27720548;30469039;7473585;7966148;9784154;9871729	DOI;PMID
NPC479770	NPC479770	NPT441	2	16480277;18271519	PMID
NPC479770	NPC479770	NPT956	3	21920764;22209272;23147075	PMID
NPC479956	NPC479956	NPT4999	2	26288158;29775308	PMID
NPC480192	NPC480192	NPT426	1	25790278	PMID
NPC480192	NPC480192	NPT98	4	15324906;15911273;18448342;21185626	PMID
NPC480220	NPC480220	NPT13	1	18942827	PMID
NPC480220	NPC480220	NPT1337	1	30826508	PMID
NPC480220	NPC480220	NPT1424	25	14741289;17850214;18434146;18473434;18783202;18942827;18947905;20166671;20797858;21341678;21420298;22694093;22721924;22808911;23726028;24675135;25086238;25440879;27017549;28242553;28927801;29266937;30529543;31053508;31284081	PMID
NPC480220	NPC480220	NPT1432	4	21708468;22726931;23618709;26081023	PMID
NPC480220	NPC480220	NPT1434	42	10.1039/C3MD00096F;15975507;16392826;16783341;17850214;18077425;18434146;18473434;18783202;18942827;19323560;20149658;20466542;20621496;20797858;21211972;21341678;21807507;22024030;22808911;23442188;23726028;24675135;24858546;25086238;25440879;25461318;25462267;26318998;27017549;27777009;28242553;28927801;29266937;29461827;29631788;29886324;30529543;30600149;31053508;31284081;32340792	DOI;PMID
NPC480220	NPC480220	NPT1447	1	17850214	PMID
NPC480220	NPC480220	NPT1478	62	10.1039/C3MD00096F;10.1039/C3MD00192J;16783341;18077425;18849971;20166671;20570526;20869793;21708468;21885287;22694093;22726931;23362959;23442188;23562241;23618709;24315192;25461318;25637123;25743214;25982075;26071861;26081023;26342134;26344591;26590508;26706113;26717201;26753815;26826581;26922228;27777009;28068599;28340913;28505536;28927801;29032031;29102175;29133058;29189002;29266937;29628325;29631788;29886324;30015070;30108994;30445264;30503935;30503942;30600149;30616052;30826508;31252306;31284081;31404864;31488358;31668972;31986406;32422489;33065442;33310290;33460739	DOI;PMID
NPC480220	NPC480220	NPT1479	6	16783341;18942827;20166671;22694093;31284081;33310290	PMID
NPC480220	NPC480220	NPT1480	4	16783341;26753815;30503942;31284081	PMID
NPC480220	NPC480220	NPT1571	1	30639897	PMID
NPC480220	NPC480220	NPT1650	12	16783341;19654408;21708468;22726931;23362959;23618709;24641103;26081023;29266937;29357250;31103903;32272419	PMID
NPC480220	NPC480220	NPT1784	1	22694093	PMID
NPC480220	NPC480220	NPT1785	1	22694093	PMID
NPC480220	NPC480220	NPT2572	6	18849971;28068599;29032031;29102175;30503935;30616052	PMID
NPC480220	NPC480220	NPT2573	3	20570526;22694093;33310290	PMID
NPC480220	NPC480220	NPT2574	1	18849971	PMID
NPC480220	NPC480220	NPT2575	7	16783341;18942827;20166671;22694093;30503942;31284081;31488358	PMID
NPC480220	NPC480220	NPT2576	5	28068599;29032031;29102175;30503935;30616052	PMID
NPC480220	NPC480220	NPT2729	2	18849971;18942827	PMID
NPC480220	NPC480220	NPT281	1	25778995	PMID
NPC480220	NPC480220	NPT282	1	25778995	PMID
NPC480220	NPC480220	NPT283	5	17850214;19928858;19962319;20621496;25778995	PMID
NPC480220	NPC480220	NPT285	5	26753815;26826581;30826508;31252306;31668972	PMID
NPC480220	NPC480220	NPT290	1	22694093	PMID
NPC480220	NPC480220	NPT291	1	22694093	PMID
NPC480220	NPC480220	NPT292	1	22694093	PMID
NPC480220	NPC480220	NPT294	1	22694093	PMID
NPC480220	NPC480220	NPT301	3	21708468;22694093;22726931	PMID
NPC480220	NPC480220	NPT3020	1	33310290	PMID
NPC480220	NPC480220	NPT3168	1	18849971	PMID
NPC480220	NPC480220	NPT3205	1	18849971	PMID
NPC480220	NPC480220	NPT3213	1	30115493	PMID
NPC480220	NPC480220	NPT3267	2	18942827;20166671	PMID
NPC480220	NPC480220	NPT3303	1	24754677	PMID
NPC480220	NPC480220	NPT3320	1	30826508	PMID
NPC480220	NPC480220	NPT3323	1	29266937	PMID
NPC480220	NPC480220	NPT3324	2	29266937;32599324	PMID
NPC480220	NPC480220	NPT3370	3	18849971;25625428;29133048	PMID
NPC480220	NPC480220	NPT3371	1	31622096	PMID
NPC480220	NPC480220	NPT3409	1	33636538	PMID
NPC480220	NPC480220	NPT3432	1	33636538	PMID
NPC480220	NPC480220	NPT3439	1	33636538	PMID
NPC480220	NPC480220	NPT3444	1	33636538	PMID
NPC480220	NPC480220	NPT36	1	18849971	PMID
NPC480220	NPC480220	NPT3960	1	26081023	PMID
NPC480220	NPC480220	NPT591	1	33499592	PMID
NPC480220	NPC480220	NPT713	3	20829430;22961681;24799086	PMID
NPC480220	NPC480220	NPT862	1	23726028	PMID
NPC480220	NPC480220	NPT92	1	22694093	PMID
NPC480220	NPC480220	NPT955	1	31419777	PMID
NPC480239	NPC480239	NPT109	1	16248836	PMID
NPC480239	NPC480239	NPT668	1	11716514	PMID
NPC480239	NPC480239	NPT72	1	23571415	PMID
NPC480239	NPC480239	NPT73	1	23571415	PMID
NPC480239	NPC480239	NPT98	4	12873512;15324906;15911273;18448342	PMID
NPC480243	NPC480243	NPT1119	1	8246226	PMID
NPC480243	NPC480243	NPT208	1	16248836	PMID
NPC480243	NPC480243	NPT2520	1	10691697	PMID
NPC480243	NPC480243	NPT3068	1	8759636	PMID
NPC480243	NPC480243	NPT3896	2	22059882;26922224	PMID
NPC480243	NPC480243	NPT570	62	10.1016/S0960-894X(01)80152-9;10.1016/S0960-894X(01)80717-4;10691695;11859001;1321908;1324317;15081022;15482930;15686917;19053751;19481465;19492852;20236826;20451397;21800856;21868137;22326163;22380511;22551629;22789707;23337599;23871907;24074025;24171493;24508141;24568174;24685113;24697244;24794107;24871899;25765759;26197161;26922224;27597418;28165233;28240894;28322565;28720329;30025348;30199704;30638966;31260889;31268709;31330449;31465225;31620227;31740050;31774676;32018096;32668380;32738413;32940035;7490726;7837242;7861415;8120869;8164257;8246226;8831761;9057869;9207936;9288168	DOI;PMID
NPC480243	NPC480243	NPT792	1	28318946	PMID
NPC480243	NPC480243	NPT862	1	23356879	PMID
NPC480243	NPC480243	NPT956	1	30053720	PMID
NPC480254	NPC480254	NPT5373	5	16970390;17636946;19209899;21925884;23582273	PMID
NPC480265	NPC480265	NPT2691	2	22761000;25087753	PMID
NPC480265	NPC480265	NPT2856	1	25087753	PMID
NPC480265	NPC480265	NPT98	9	12190308;12873512;15745831;15911273;18448342;19110341;21185626;23711922;25087753	PMID
NPC480387	NPC480387	NPT721	1	18024113	PMID
NPC480590	NPC480590	NPT1591	1	30701972	PMID
NPC480590	NPC480590	NPT204	1	30701972	PMID
NPC480591	NPC480591	NPT439	1	30701972	PMID
NPC480592	NPC480592	NPT204	1	30701972	PMID
NPC480592	NPC480592	NPT439	1	30701972	PMID
NPC480593	NPC480593	NPT1591	4	20627594;30701972;31393718;8027988	PMID
NPC480593	NPC480593	NPT6363	1	11809072	PMID
NPC480594	NPC480594	NPT1591	1	33118348	PMID
NPC480848	NPC480848	NPT2879	1	33479633	PMID
NPC48093	NPC48093	NPT109	1	465011	PMID
NPC481151	NPC481151	NPT102	1	19560921	PMID
NPC481151	NPC481151	NPT109	1	16248836	PMID
NPC481151	NPC481151	NPT1270	1	25375908	PMID
NPC481151	NPC481151	NPT237	1	19560921	PMID
NPC481151	NPC481151	NPT2818	1	32658475	PMID
NPC481151	NPC481151	NPT30	9	10406640;16252917;17341061;18095641;18588282;18811132;19191553;22236250;30344915	PMID
NPC481151	NPC481151	NPT31	18	10406640;16250658;16252917;17341061;17434872;19097798;20974503;22236250;24332492;24780593;25221653;25956953;27019010;28038322;28669741;30344915;31301566;31843462	PMID
NPC481151	NPC481151	NPT346	1	30878828	PMID
NPC481151	NPC481151	NPT5976	1	31740050	PMID
NPC481151	NPC481151	NPT604	1	15801837	PMID
NPC481151	NPC481151	NPT665	1	10991954	PMID
NPC481151	NPC481151	NPT699	1	15781124	PMID
NPC481151	NPC481151	NPT702	1	15781124	PMID
NPC481151	NPC481151	NPT703	1	15781124	PMID
NPC481151	NPC481151	NPT713	2	22961681;24799086	PMID
NPC481151	NPC481151	NPT77	1	26214366	PMID
NPC481151	NPC481151	NPT901	1	15781124	PMID
NPC481151	NPC481151	NPT903	1	15781124	PMID
NPC481152	NPC481152	NPT713	1	21965623	PMID
NPC481152	NPC481152	NPT866	2	22381047;23031596	PMID
NPC481153	NPC481153	NPT151	1	24360556	PMID
NPC481153	NPC481153	NPT543	1	20966043	PMID
NPC481153	NPC481153	NPT582	1	20650633	PMID
NPC481153	NPC481153	NPT713	2	20829430;23956101	PMID
NPC481153	NPC481153	NPT99	3	10.1007/s00044-010-9428-9;11975517;9836620	DOI;PMID
NPC481178	NPC481178	NPT109	1	23033255	PMID
NPC481178	NPC481178	NPT110	1	23033255	PMID
NPC481178	NPC481178	NPT1463	1	23033255	PMID
NPC481178	NPC481178	NPT208	1	23033255	PMID
NPC481178	NPC481178	NPT212	1	23033255	PMID
NPC481178	NPC481178	NPT213	1	23033255	PMID
NPC481178	NPC481178	NPT218	1	8709132	PMID
NPC481178	NPC481178	NPT2691	1	22761000	PMID
NPC481178	NPC481178	NPT540	1	23688559	PMID
NPC481178	NPC481178	NPT543	1	23688559	PMID
NPC481178	NPC481178	NPT713	1	24799086	PMID
NPC481212	NPC481212	NPT78	1	26099993	PMID
NPC481215	NPC481215	NPT78	1	26099993	PMID
NPC481271	NPC481271	NPT582	1	28368606	PMID
NPC48130	NPC48130	NPT862	1	532475	PMID
NPC481442	NPC481442	NPT204	1	29400966	PMID
NPC481444	NPC481444	NPT204	1	29400966	PMID
NPC481447	NPC481447	NPT204	1	29400966	PMID
NPC481448	NPC481448	NPT204	1	29400966	PMID
NPC481457	NPC481457	NPT203	1	32058719	PMID
NPC481458	NPC481458	NPT203	1	32058719	PMID
NPC481461	NPC481461	NPT203	1	32058719	PMID
NPC481462	NPC481462	NPT203	1	32058719	PMID
NPC481463	NPC481463	NPT203	1	32058719	PMID
NPC481464	NPC481464	NPT203	1	32058719	PMID
NPC481465	NPC481465	NPT203	1	32058719	PMID
NPC481466	NPC481466	NPT203	1	32058719	PMID
NPC481840	NPC481840	NPT1185	8	16686537;23540790;24321833;27158142;27318981;29292224;31312413;31732281	PMID
NPC481840	NPC481840	NPT1186	7	16686537;24321833;27158142;27318981;29292224;31312413;31732281	PMID
NPC481840	NPC481840	NPT1187	10	16686537;23540790;24321833;27158142;27318981;27889629;29292224;30581047;31312413;31732281	PMID
NPC481840	NPC481840	NPT214	2	16686537;26985310	PMID
NPC481840	NPC481840	NPT2601	1	18024113	PMID
NPC481840	NPC481840	NPT3595	1	10669559	PMID
NPC481841	NPC481841	NPT2742	1	20853847	PMID
NPC481841	NPC481841	NPT2852	1	12904059	PMID
NPC481841	NPC481841	NPT3172	1	8978846	PMID
NPC481841	NPC481841	NPT668	1	8862725	PMID
NPC481841	NPC481841	NPT713	1	22961681	PMID
NPC481992	NPC481992	NPT261	12	23374869;24007511;26107513;27347731;27578245;27908752;28456030;28728104;28988627;30108857;30568755;31917923	PMID
NPC481992	NPC481992	NPT582	27	10.1039/C5MD00124B;16137882;19321235;23454517;24007511;24128814;25542589;25600407;25934229;26107513;27347731;27575476;27908752;28728104;28988627;29172081;29395970;30108857;30568755;30686752;30975503;31151057;31325784;31740200;31917923;32503694;33479629	DOI;PMID
NPC482098	NPC482098	NPT178	1	27142786	PMID
NPC482099	NPC482099	NPT178	1	27142786	PMID
NPC482100	NPC482100	NPT178	1	27142786	PMID
NPC482101	NPC482101	NPT178	1	27142786	PMID
NPC482102	NPC482102	NPT178	1	27142786	PMID
NPC482103	NPC482103	NPT178	1	27142786	PMID
NPC482104	NPC482104	NPT178	1	27142786	PMID
NPC482105	NPC482105	NPT178	1	27142786	PMID
NPC482106	NPC482106	NPT178	1	27142786	PMID
NPC482107	NPC482107	NPT178	1	27142786	PMID
NPC482174	NPC482174	NPT178	1	24840014	PMID
NPC482175	NPC482175	NPT178	1	24840014	PMID
NPC482176	NPC482176	NPT178	1	24840014	PMID
NPC482177	NPC482177	NPT178	1	24840014	PMID
NPC482178	NPC482178	NPT178	1	24840014	PMID
NPC482179	NPC482179	NPT178	1	24840014	PMID
NPC482180	NPC482180	NPT178	1	24840014	PMID
NPC482181	NPC482181	NPT178	1	24840014	PMID
NPC482182	NPC482182	NPT178	1	24840014	PMID
NPC482183	NPC482183	NPT178	1	24840014	PMID
NPC482184	NPC482184	NPT178	1	24840014	PMID
NPC482185	NPC482185	NPT178	1	24840014	PMID
NPC482186	NPC482186	NPT178	1	24840014	PMID
NPC482187	NPC482187	NPT178	1	24840014	PMID
NPC482188	NPC482188	NPT178	1	24840014	PMID
NPC482189	NPC482189	NPT178	1	24840014	PMID
NPC482190	NPC482190	NPT178	1	24840014	PMID
NPC482191	NPC482191	NPT178	1	24840014	PMID
NPC482192	NPC482192	NPT178	1	24840014	PMID
NPC482193	NPC482193	NPT178	1	24840014	PMID
NPC482194	NPC482194	NPT178	1	24840014	PMID
NPC482195	NPC482195	NPT178	1	24840014	PMID
NPC482298	NPC482298	NPT3517	4	10.1016/0960-894X(95)00273-V;10987430;11327580;12620067	DOI;PMID
NPC482298	NPC482298	NPT3569	3	10987430;12620067;18477512	PMID
NPC482298	NPC482298	NPT3974	3	10987430;11327580;12620067	PMID
NPC482602	NPC482602	NPT865	1	20817450	PMID
NPC482626	NPC482626	NPT967	1	15730241	PMID
NPC482686	NPC482686	NPT1681	1	24798019	PMID
NPC482686	NPC482686	NPT3114	1	24798019	PMID
NPC482687	NPC482687	NPT1423	1	24798019	PMID
NPC482687	NPC482687	NPT1681	1	24798019	PMID
NPC482687	NPC482687	NPT1682	1	24798019	PMID
NPC482687	NPC482687	NPT1683	1	24798019	PMID
NPC482687	NPC482687	NPT3114	1	24798019	PMID
NPC482687	NPC482687	NPT3231	1	24798019	PMID
NPC482687	NPC482687	NPT3240	1	24798019	PMID
NPC482687	NPC482687	NPT3274	1	24798019	PMID
NPC482687	NPC482687	NPT3399	1	24798019	PMID
NPC482687	NPC482687	NPT3460	1	24798019	PMID
NPC482688	NPC482688	NPT1423	2	19994845;24798019	PMID
NPC482688	NPC482688	NPT1432	1	17665890	PMID
NPC482688	NPC482688	NPT1433	1	17665890	PMID
NPC482688	NPC482688	NPT1681	2	24530227;24798019	PMID
NPC482688	NPC482688	NPT3114	1	24798019	PMID
NPC482688	NPC482688	NPT3206	1	17665890	PMID
NPC482688	NPC482688	NPT3240	3	19994845;23336033;24798019	PMID
NPC482688	NPC482688	NPT3369	1	21632247	PMID
NPC482688	NPC482688	NPT3399	1	23336033	PMID
NPC482688	NPC482688	NPT540	1	23688559	PMID
NPC482688	NPC482688	NPT570	1	24697244	PMID
NPC482688	NPC482688	NPT591	1	27689729	PMID
NPC482688	NPC482688	NPT676	1	18077363	PMID
NPC482701	NPC482701	NPT741	1	28140583	PMID
NPC482703	NPC482703	NPT741	1	28140583	PMID
NPC482707	NPC482707	NPT144	1	15588081	PMID
NPC482713	NPC482713	NPT108	2	23043242;29641206	PMID
NPC482714	NPC482714	NPT108	6	11708925;19286283;22122563;27692995;29641206;29741891	PMID
NPC482714	NPC482714	NPT248	7	11708925;19286283;22122563;27692995;29641206;29741891;30967304	PMID
NPC482753	NPC482753	NPT1237	1	22490229	PMID
NPC482757	NPC482757	NPT178	1	32196343	PMID
NPC482759	NPC482759	NPT178	1	32196343	PMID
NPC482761	NPC482761	NPT178	1	32196343	PMID
NPC482762	NPC482762	NPT178	1	32196343	PMID
NPC482833	NPC482833	NPT497	1	27325449	PMID
NPC482922	NPC482922	NPT31	2	16038536;19476340	PMID
NPC482940	NPC482940	NPT410	1	11312774	PMID
NPC482940	NPC482940	NPT424	1	11312774	PMID
NPC482954	NPC482954	NPT204	18	10.1016/0960-894X(96)00102-3;10.1016/0960-894X(96)00337-X;11101357;11741490;12166941;15715468;15771413;16570913;16722663;17154513;19726199;20954721;21216144;22775474;23395652;23941108;25222040;26159481	DOI;PMID
NPC482954	NPC482954	NPT439	1	21216144	PMID
NPC483027	NPC483027	NPT1028	1	23956101	PMID
NPC483051	NPC483051	NPT204	1	28445039	PMID
NPC483052	NPC483052	NPT204	1	28445039	PMID
NPC483053	NPC483053	NPT204	1	28445039	PMID
NPC483054	NPC483054	NPT204	1	28445039	PMID
NPC483055	NPC483055	NPT204	1	28445039	PMID
NPC483056	NPC483056	NPT204	1	28445039	PMID
NPC483057	NPC483057	NPT204	1	28445039	PMID
NPC483058	NPC483058	NPT204	1	28445039	PMID
NPC483059	NPC483059	NPT204	1	28445039	PMID
NPC483060	NPC483060	NPT204	1	28445039	PMID
NPC483061	NPC483061	NPT204	1	28445039	PMID
NPC483062	NPC483062	NPT204	1	28445039	PMID
NPC483063	NPC483063	NPT204	1	28445039	PMID
NPC483064	NPC483064	NPT204	1	28445039	PMID
NPC483081	NPC483081	NPT228	1	27280968	PMID
NPC483081	NPC483081	NPT246	1	27280968	PMID
NPC483081	NPC483081	NPT295	1	27280968	PMID
NPC483291	NPC483291	NPT225	19	10377236;11806709;15603933;16640337;18307290;18553954;18651730;18752946;19232786;19317397;19362005;19366244;19581100;20462258;21696967;21925889;28355078;29751236;30392952	PMID
NPC483291	NPC483291	NPT226	23	10377236;11806709;15603933;16640337;18553954;18651730;19232786;19317397;19362005;19366244;19581100;19608416;20462258;21652207;21696967;21925889;24326276;27132867;28355078;29517238;29751236;30392952;31625751	PMID
NPC483291	NPC483291	NPT227	23	10.1016/S0960-894X(96)00603-8;10377236;11806709;12502364;15603933;16640337;18083578;18307290;18553954;18651730;18752946;19232786;19317397;19362005;19366244;19581100;19608416;20462258;21696967;21925889;26125514;28355078;29751236	DOI;PMID
NPC483291	NPC483291	NPT243	1	27132867	PMID
NPC483291	NPC483291	NPT244	1	27132867	PMID
NPC483291	NPC483291	NPT245	1	27132867	PMID
NPC483294	NPC483294	NPT6127	1	27977181	PMID
NPC483359	NPC483359	NPT665	1	30892891	PMID
NPC483359	NPC483359	NPT669	1	30892891	PMID
NPC483360	NPC483360	NPT665	1	30892891	PMID
NPC483360	NPC483360	NPT669	1	30892891	PMID
NPC483361	NPC483361	NPT669	1	30892891	PMID
NPC483362	NPC483362	NPT665	1	30892891	PMID
NPC483362	NPC483362	NPT669	1	30892891	PMID
NPC483363	NPC483363	NPT1472	4	12023506;12063169;14978359;30769179	PMID
NPC483363	NPC483363	NPT233	3	25027802;26007302;26264840	PMID
NPC483363	NPC483363	NPT2773	2	12023506;14978359	PMID
NPC483363	NPC483363	NPT346	1	30878828	PMID
NPC483363	NPC483363	NPT5234	3	10.1039/C6MD00190D;17325024;21449597	DOI;PMID
NPC483363	NPC483363	NPT612	1	15618649	PMID
NPC483363	NPC483363	NPT665	7	10929807;10991954;11426832;11669456;12472777;14978359;30769179	PMID
NPC483363	NPC483363	NPT669	5	11426832;11669456;12130730;14978359;30769179	PMID
NPC483363	NPC483363	NPT699	1	15781124	PMID
NPC483363	NPC483363	NPT702	1	15781124	PMID
NPC483363	NPC483363	NPT703	1	15781124	PMID
NPC483363	NPC483363	NPT713	2	21965623;22961681	PMID
NPC483363	NPC483363	NPT901	1	15781124	PMID
NPC483363	NPC483363	NPT903	1	15781124	PMID
NPC483363	NPC483363	NPT948	3	25027802;26007302;26264840	PMID
NPC483363	NPC483363	NPT949	3	25027802;26007302;26264840	PMID
NPC48342	NPC48342	NPT108	106	503247;503251;503258;503261;503262;503283;503284;503289;503306;503308;503339;503340;503345;503347;503350;503353;503356;503359;503370;503371;503372;503375;503376;503377;503380;503381;503382;503386;503387;503388;503391;503393;503394;503396;503397;503398;503399;503401;503402;503403;503404;503414;503415;503416;503419;503420;503421;503423;503430;503438;503440;503442;503452;503456;503457;503460;503464;503465;503468;503470;503473;503475;503488;503490;503500;503502;503503;503504;503505;503515;503522;503525;503527;503544;503545;503551;503556;503557;503564;503565;503569;503579;503580;503581;503588;503592;503593;503596;503601;503612;503613;503619;503621;503628;503631;503632;503634;503636;503643;503644;503647;503659;503662;503663;503668;503669	PMID
NPC48342	NPC48342	NPT109	1	503480	PMID
NPC48342	NPC48342	NPT149	1	503480	PMID
NPC48342	NPC48342	NPT153	3	503396;503421;503423	PMID
NPC48342	NPC48342	NPT1546	1	503538	PMID
NPC48342	NPC48342	NPT1604	1	503611	PMID
NPC48342	NPC48342	NPT1731	2	503296;503354	PMID
NPC48342	NPC48342	NPT210	1	503480	PMID
NPC48342	NPC48342	NPT246	1	503515	PMID
NPC48342	NPC48342	NPT248	86	503247;503251;503258;503261;503262;503284;503289;503306;503339;503340;503345;503347;503350;503359;503370;503371;503372;503373;503375;503376;503377;503380;503381;503382;503386;503387;503388;503391;503393;503394;503396;503397;503398;503399;503401;503402;503403;503404;503414;503415;503416;503419;503421;503423;503430;503438;503442;503452;503457;503460;503464;503465;503470;503473;503475;503490;503500;503502;503505;503522;503525;503527;503545;503551;503556;503557;503564;503565;503569;503580;503581;503588;503592;503601;503612;503617;503621;503631;503634;503636;503643;503648;503659;503663;503668;503669	PMID
NPC48342	NPC48342	NPT249	1	503515	PMID
NPC48342	NPC48342	NPT2691	1	503573	PMID
NPC48342	NPC48342	NPT2736	3	503422;503490;503548	PMID
NPC48342	NPC48342	NPT2737	3	503422;503490;503548	PMID
NPC48342	NPC48342	NPT2742	2	503485;503576	PMID
NPC48342	NPC48342	NPT295	1	503515	PMID
NPC48342	NPC48342	NPT3037	3	503470;503554;503585	PMID
NPC48342	NPC48342	NPT47	1	503478	PMID
NPC48342	NPC48342	NPT483	3	503477;503478;503479	PMID
NPC48342	NPC48342	NPT51	2	503477;503483	PMID
NPC48342	NPC48342	NPT58	1	503477	PMID
NPC48342	NPC48342	NPT613	1	503538	PMID
NPC48342	NPC48342	NPT627	1	503575	PMID
NPC48342	NPC48342	NPT745	1	503426	PMID
NPC48342	NPC48342	NPT796	1	503477	PMID
NPC48342	NPC48342	NPT894	1	503325	PMID
NPC48342	NPC48342	NPT895	1	503405	PMID
NPC48342	NPC48342	NPT920	1	503666	PMID
NPC48342	NPC48342	NPT93	2	503478;503482	PMID
NPC48342	NPC48342	NPT94	1	503482	PMID
NPC483487	NPC483487	NPT1788	3	16153828;26005522;29730027	PMID
NPC483487	NPC483487	NPT1789	2	16153828;26005522	PMID
NPC483487	NPC483487	NPT1791	1	18621536	PMID
NPC483487	NPC483487	NPT221	2	16153828;26005522	PMID
NPC483487	NPC483487	NPT222	3	16153828;7658428;8496700	PMID
NPC483487	NPC483487	NPT223	2	16153828;7658428	PMID
NPC483487	NPC483487	NPT224	2	16153828;7658428	PMID
NPC483487	NPC483487	NPT251	1	22793499	PMID
NPC483487	NPC483487	NPT296	1	7990111	PMID
NPC48366	NPC48366	NPT967	1	475245	PMID
NPC483990	NPC483990	NPT1166	30	10.1016/S0960-894X(01)80694-6;10.1016/S0960-894X(01)80703-4;10.1016/S0960-894X(01)80994-X;10.1039/C2MD20214J;10669559;16220969;16889963;18588282;18674901;19596577;2160536;24074025;24088053;24735644;2544729;25922884;29039662;29405714;2983076;2984419;2991517;2993618;2999394;3020249;3379417;6173481;6256550;6259352;8360884;9379435	DOI;PMID
NPC483990	NPC483990	NPT2520	4	10.1016/0960-894X(95)00441-U;10.1016/S0960-894X(01)80464-9;18674901;27651294	DOI;PMID
NPC483990	NPC483990	NPT30	1	24088053	PMID
NPC483990	NPC483990	NPT31	1	24088053	PMID
NPC483990	NPC483990	NPT5879	1	16220969	PMID
NPC483990	NPC483990	NPT6544	1	6267277	PMID
NPC483990	NPC483990	NPT670	1	15203151	PMID
NPC484271	NPC484271	NPT99	1	25333853	PMID
NPC484272	NPC484272	NPT99	1	25333853	PMID
NPC484273	NPC484273	NPT99	1	25333853	PMID
NPC484274	NPC484274	NPT99	2	25333853;30362739	PMID
NPC484275	NPC484275	NPT99	1	25333853	PMID
NPC484296	NPC484296	NPT5836	1	33591743	PMID
NPC484817	NPC484817	NPT1464	1	32100544	PMID
NPC484818	NPC484818	NPT1464	5	31013090;31035240;31099559;32100544;32115956	PMID
NPC484818	NPC484818	NPT4735	4	27713015;29502405;31013090;31035240	PMID
NPC484989	NPC484989	NPT226	1	29517238	PMID
NPC484990	NPC484990	NPT226	1	29517238	PMID
NPC485093	NPC485093	NPT472	1	32880179	PMID
NPC485099	NPC485099	NPT178	1	31738062	PMID
NPC485100	NPC485100	NPT178	1	31738062	PMID
NPC485101	NPC485101	NPT178	1	31738062	PMID
NPC485102	NPC485102	NPT178	1	31738062	PMID
NPC485103	NPC485103	NPT178	1	31738062	PMID
NPC485104	NPC485104	NPT178	1	31738062	PMID
NPC485105	NPC485105	NPT178	1	31738062	PMID
NPC485106	NPC485106	NPT178	1	31738062	PMID
NPC485107	NPC485107	NPT178	1	31738062	PMID
NPC485108	NPC485108	NPT178	1	31738062	PMID
NPC485314	NPC485314	NPT145	6	11755353;12643930;12672258;22341895;23134120;23880358	PMID
NPC485314	NPC485314	NPT271	8	11300879;11755353;12643930;16777416;22341895;23880358;7853350;8071934	PMID
NPC485314	NPC485314	NPT272	35	10.1039/C5MD00414D;10753461;11755353;12643930;12672258;12930147;16441078;16650985;17580847;17904842;18637671;20426456;20441176;20478711;21866885;22341895;22464684;23134120;23200250;23618710;23880358;24613457;24657054;24856182;25062506;25147605;25248680;25283554;25426797;25599950;26346669;28011222;28218838;29426768;29939744	DOI;PMID
NPC485341	NPC485341	NPT166	4	15828829;17399985;19062296;23286284	PMID
NPC485341	NPC485341	NPT203	3	15828829;17399985;23286284	PMID
NPC485342	NPC485342	NPT166	2	17378546;23286284	PMID
NPC485342	NPC485342	NPT203	1	23286284	PMID
NPC485342	NPC485342	NPT439	1	17378546	PMID
NPC485343	NPC485343	NPT166	2	17378546;23286284	PMID
NPC485343	NPC485343	NPT203	1	23286284	PMID
NPC485343	NPC485343	NPT439	1	17378546	PMID
NPC485344	NPC485344	NPT166	2	21733699;23286284	PMID
NPC485344	NPC485344	NPT203	2	21733699;23286284	PMID
NPC485345	NPC485345	NPT166	2	21733699;23286284	PMID
NPC485345	NPC485345	NPT203	2	21733699;23286284	PMID
NPC485346	NPC485346	NPT166	2	21733699;23286284	PMID
NPC485346	NPC485346	NPT203	2	21733699;23286284	PMID
NPC485347	NPC485347	NPT166	2	21733699;23286284	PMID
NPC485347	NPC485347	NPT203	2	21733699;23286284	PMID
NPC485458	NPC485458	NPT1464	41	10.1039/C2MD00273F;10691693;15715490;16263279;18243697;18686943;19049349;19256502;19464886;19827751;20188577;20825218;22891752;24597921;25075977;25126889;25149511;25264825;26473791;26526739;26908025;27597413;28196708;28888661;29291443;29353721;29545101;30131240;30131242;30553143;31035240;31099559;31244143;31281020;31610942;32115956;32717478;33002845;33022582;33062163;9464356	DOI;PMID
NPC485458	NPC485458	NPT2608	1	33488967	PMID
NPC485458	NPC485458	NPT273	2	8027992;9873594	PMID
NPC485458	NPC485458	NPT2761	14	10.1039/C2MD00273F;10691693;11052785;15715490;16263279;18243697;20825218;21456625;22891752;23806553;27597413;29353721;32717478;9464356	DOI;PMID
NPC485458	NPC485458	NPT4735	43	10.1016/0960-894X(95)00336-R;10.1039/C2MD00273F;11844693;15715490;16263279;18222088;18243697;18304812;18686943;19464886;20825218;22386978;22891752;23301853;23380174;23415088;25149511;25264825;26320621;26526739;26908025;27289320;27597413;28196708;28888661;29353721;29407965;29545101;30131240;30131242;30245393;30822711;31035240;31610942;32209292;32717478;33002845;33022582;33062163;33422981;7490734;7739009;9464356	DOI;PMID
NPC485458	NPC485458	NPT516	2	29173945;8568809	PMID
NPC485527	NPC485527	NPT1464	1	31244143	PMID
NPC485528	NPC485528	NPT1464	1	31244143	PMID
NPC485529	NPC485529	NPT1464	1	31244143	PMID
NPC485530	NPC485530	NPT1464	1	31244143	PMID
NPC485532	NPC485532	NPT1464	1	31244143	PMID
NPC485533	NPC485533	NPT1464	1	31244143	PMID
NPC485534	NPC485534	NPT1464	1	31244143	PMID
NPC485535	NPC485535	NPT1464	1	31244143	PMID
NPC485536	NPC485536	NPT1464	1	31244143	PMID
NPC485537	NPC485537	NPT1464	1	31244143	PMID
NPC485538	NPC485538	NPT1464	1	31244143	PMID
NPC485539	NPC485539	NPT1464	1	31244143	PMID
NPC485620	NPC485620	NPT261	1	27575476	PMID
NPC485620	NPC485620	NPT582	1	27575476	PMID
NPC48564	NPC48564	NPT109	2	570049;Patent: US8609708 B2	PMID;Patent
NPC48564	NPC48564	NPT240	2	570049;Patent: US8609708 B2	PMID;Patent
NPC48564	NPC48564	NPT410	1	570056	PMID
NPC48564	NPC48564	NPT98	1	570043	PMID
NPC485642	NPC485642	NPT441	3	11909717;12270163;18042388	PMID
NPC485642	NPC485642	NPT582	1	20045650	PMID
NPC485883	NPC485883	NPT1440	4	24417533;26701356;27137359;30926315	PMID
NPC485883	NPC485883	NPT1689	6	24417533;26351728;26701356;27137359;29298069;30926315	PMID
NPC485883	NPC485883	NPT3246	7	24417533;26351728;26701356;27137359;29298069;30926315;33570945	PMID
NPC485883	NPC485883	NPT3276	4	24417533;26351728;26701356;30926315	PMID
NPC486218	NPC486218	NPT4736	1	25495612	PMID
NPC486219	NPC486219	NPT4736	1	25495612	PMID
NPC486220	NPC486220	NPT4736	1	25495612	PMID
NPC486221	NPC486221	NPT4736	1	25495612	PMID
NPC486222	NPC486222	NPT4736	2	25495612;26908025	PMID
NPC486223	NPC486223	NPT4736	1	25495612	PMID
NPC486224	NPC486224	NPT4736	1	25495612	PMID
NPC486225	NPC486225	NPT4736	1	25495612	PMID
NPC486226	NPC486226	NPT4736	1	25495612	PMID
NPC48641	NPC48641	NPT443	2	496362;496363	PMID
NPC486443	NPC486443	NPT92	1	31789520	PMID
NPC486444	NPC486444	NPT92	1	31789520	PMID
NPC486445	NPC486445	NPT92	1	31789520	PMID
NPC486446	NPC486446	NPT92	1	31789520	PMID
NPC486447	NPC486447	NPT92	1	31789520	PMID
NPC486448	NPC486448	NPT92	1	31789520	PMID
NPC486455	NPC486455	NPT92	1	31789520	PMID
NPC486662	NPC486662	NPT1287	1	24175626	PMID
NPC486662	NPC486662	NPT232	1	24175626	PMID
NPC486821	NPC486821	NPT166	1	30351923	PMID
NPC486822	NPC486822	NPT166	1	30351923	PMID
NPC486822	NPC486822	NPT204	1	30351923	PMID
NPC486822	NPC486822	NPT439	1	30351923	PMID
NPC486823	NPC486823	NPT166	1	30351923	PMID
NPC486823	NPC486823	NPT204	1	30351923	PMID
NPC486823	NPC486823	NPT439	1	30351923	PMID
NPC488012	NPC488012	NPT109	2	19222165;19284751	PMID
NPC488012	NPC488012	NPT110	2	19222165;19284751	PMID
NPC488012	NPC488012	NPT208	2	19222165;19284751	PMID
NPC488012	NPC488012	NPT212	2	19222165;19284751	PMID
NPC488012	NPC488012	NPT213	1	19284751	PMID
NPC488012	NPC488012	NPT5968	1	22771008	PMID
NPC488012	NPC488012	NPT628	2	19222165;19284751	PMID
NPC488012	NPC488012	NPT98	1	19222165	PMID
NPC488034	NPC488034	NPT271	1	20426456	PMID
NPC488035	NPC488035	NPT271	1	20426456	PMID
NPC488036	NPC488036	NPT271	1	20426456	PMID
NPC488037	NPC488037	NPT271	1	20426456	PMID
NPC488038	NPC488038	NPT271	1	20426456	PMID
NPC488039	NPC488039	NPT271	1	20426456	PMID
NPC488040	NPC488040	NPT145	3	12672258;13678399;21866885	PMID
NPC488040	NPC488040	NPT271	43	11906279;12166947;12672258;1315868;1315870;1320122;1333014;16509592;16686530;16989522;17388627;17451272;17516639;18039010;18266313;18588282;18637671;18821747;19473027;19683449;20426456;20560643;20599386;20617791;21128594;21621410;21866885;21978284;22325949;22995061;23477419;23659286;25051243;25087049;25248680;25513968;25559207;26005537;7853350;7996538;8071934;8831778;9651168	PMID
NPC488041	NPC488041	NPT145	80	11906279;12672258;12699761;15380196;16392810;16942039;17276685;17407276;17433695;17490886;17616524;17625813;17935988;18380425;18417347;18588282;18637671;18983139;19027293;19091564;19113864;19199782;19217280;19282177;19627147;19683449;19836950;20055417;20426456;20599386;21351746;21621410;21866885;21978284;22341895;22439881;22724433;22995061;23142613;23403082;23434225;23466604;23477419;23582449;23587424;23618710;23880358;23880538;24613457;24657054;25051243;25087049;25193297;25248680;25599950;25783191;26125201;26632862;26789491;26988801;27096047;27607020;27624520;27776274;27876250;27958743;28011222;29901392;30199635;30996778;31147104;31531209;31676224;31834797;31834798;32435376;32530286;33170687;33479684;9651168	PMID
NPC488041	NPC488041	NPT271	13	11300879;12672258;12699761;16777416;19762245;21866885;22341895;23618710;23880358;23880538;25599950;26125201;9873602	PMID
NPC488041	NPC488041	NPT272	5	12672258;20055417;21866885;23880538;26125201	PMID
NPC488041	NPC488041	NPT4729	1	19113864	PMID
NPC488169	NPC488169	NPT30	1	10.1007/s00044-010-9312-7	DOI
NPC488169	NPC488169	NPT31	5	29289887;30818268;31539778;32127262;32485532	PMID
NPC488169	NPC488169	NPT3504	1	16183274	PMID
NPC488278	NPC488278	NPT1137	1	25098388	PMID
NPC488280	NPC488280	NPT1137	1	25098388	PMID
NPC488284	NPC488284	NPT1137	1	25098388	PMID
NPC488286	NPC488286	NPT1137	1	25098388	PMID
NPC488442	NPC488442	NPT99	1	25734377	PMID
NPC488449	NPC488449	NPT204	1	30183289	PMID
NPC488451	NPC488451	NPT204	1	30183289	PMID
NPC488458	NPC488458	NPT38	1	29140705	PMID
NPC488459	NPC488459	NPT38	1	29140705	PMID
NPC488460	NPC488460	NPT38	1	29140705	PMID
NPC488461	NPC488461	NPT38	1	29140705	PMID
NPC488462	NPC488462	NPT38	1	29140705	PMID
NPC488463	NPC488463	NPT38	1	29140705	PMID
NPC488464	NPC488464	NPT38	1	29140705	PMID
NPC488465	NPC488465	NPT38	1	29140705	PMID
NPC488467	NPC488467	NPT38	1	29140705	PMID
NPC488468	NPC488468	NPT38	1	29140705	PMID
NPC488469	NPC488469	NPT38	1	29140705	PMID
NPC488470	NPC488470	NPT38	1	29140705	PMID
NPC488479	NPC488479	NPT144	11	11591511;20800480;20947362;21486698;22405648;23265905;23312949;24119869;25554922;25965778;26883149	PMID
NPC488548	NPC488548	NPT570	1	28322565	PMID
NPC488549	NPC488549	NPT570	1	28322565	PMID
NPC488550	NPC488550	NPT31	1	28322565	PMID
NPC488551	NPC488551	NPT279	1	28968119	PMID
NPC488552	NPC488552	NPT279	1	28968119	PMID
NPC488554	NPC488554	NPT279	1	28968119	PMID
NPC488555	NPC488555	NPT279	1	28968119	PMID
NPC488556	NPC488556	NPT279	1	28968119	PMID
NPC488557	NPC488557	NPT279	1	28968119	PMID
NPC488558	NPC488558	NPT279	1	28968119	PMID
NPC488871	NPC488871	NPT1046	7	10.1039/C0MD00062K;19734050;22464458;22929231;23570514;24900427;26025875	DOI;PMID
NPC488871	NPC488871	NPT1158	2	23570514;24900427	PMID
NPC488871	NPC488871	NPT1391	1	18630897	PMID
NPC488871	NPC488871	NPT2556	1	12672248	PMID
NPC488871	NPC488871	NPT2654	1	12213051	PMID
NPC488871	NPC488871	NPT2675	1	12213051	PMID
NPC488871	NPC488871	NPT3826	2	12213051;18630897	PMID
NPC488871	NPC488871	NPT3829	2	12213051;16250663	PMID
NPC488871	NPC488871	NPT4245	2	17323938;20666457	PMID
NPC488871	NPC488871	NPT543	1	20966043	PMID
NPC488871	NPC488871	NPT707	4	22583019;23195732;24900427;25818461	PMID
NPC49009	NPC49009	NPT109	2	514078;514080	PMID
NPC49074	NPC49074	NPT30	1	480702	PMID
NPC49075	NPC49075	NPT109	1	534407	PMID
NPC49075	NPC49075	NPT149	1	534407	PMID
NPC49075	NPC49075	NPT3047	1	534404	PMID
NPC49130	NPC49130	NPT30	1	494878	PMID
NPC49196	NPC49196	NPT110	3	455917;455939;455958	PMID
NPC49196	NPC49196	NPT143	1	455947	PMID
NPC49196	NPC49196	NPT1788	1	455918	PMID
NPC49196	NPC49196	NPT1789	2	455911;455918	PMID
NPC49196	NPC49196	NPT221	3	455911;455918;455958	PMID
NPC49196	NPC49196	NPT222	8	455908;455918;455938;455940;455949;455958;455966;455977	PMID
NPC49196	NPC49196	NPT223	6	455908;455918;455940;455958;455968;455977	PMID
NPC49196	NPC49196	NPT224	6	455918;455940;455958;455969;455971;455977	PMID
NPC49196	NPC49196	NPT243	1	455958	PMID
NPC49196	NPC49196	NPT291	1	455958	PMID
NPC49196	NPC49196	NPT294	1	455958	PMID
NPC49196	NPC49196	NPT3060	1	455962	PMID
NPC49196	NPC49196	NPT713	1	455975	PMID
NPC49196	NPC49196	NPT940	1	455952	PMID
NPC49422	NPC49422	NPT109	1	543807	PMID
NPC4962	NPC4962	NPT203	1	548249	PMID
NPC50063	NPC50063	NPT14	1	489492	PMID
NPC50063	NPC50063	NPT155	2	489485;489488	PMID
NPC50063	NPC50063	NPT204	1	489492	PMID
NPC50063	NPC50063	NPT208	1	489492	PMID
NPC50063	NPC50063	NPT261	1	489492	PMID
NPC50063	NPC50063	NPT286	1	489492	PMID
NPC50362	NPC50362	NPT277	1	459505	PMID
NPC50362	NPC50362	NPT31	1	459469	PMID
NPC50511	NPC50511	NPT208	1	520889	PMID
NPC50511	NPC50511	NPT210	1	520888	PMID
NPC50511	NPC50511	NPT211	1	520889	PMID
NPC50511	NPC50511	NPT539	1	520888	PMID
NPC50511	NPC50511	NPT792	1	520888	PMID
NPC50511	NPC50511	NPT93	1	520888	PMID
NPC50583	NPC50583	NPT240	1	548918	PMID
NPC50720	NPC50720	NPT3101	1	518060	PMID
NPC50720	NPC50720	NPT947	1	518060	PMID
NPC50720	NPC50720	NPT948	1	518060	PMID
NPC50720	NPC50720	NPT949	1	518060	PMID
NPC50720	NPC50720	NPT955	1	518060	PMID
NPC5079	NPC5079	NPT483	1	466188	PMID
NPC5079	NPC5079	NPT51	1	466188	PMID
NPC5079	NPC5079	NPT93	1	466188	PMID
NPC50815	NPC50815	NPT204	1	559479	PMID
NPC50898	NPC50898	NPT10	1	516499	PMID
NPC50898	NPC50898	NPT108	1	516402	PMID
NPC50898	NPC50898	NPT109	3	516496;516500;516501	PMID
NPC50898	NPC50898	NPT110	2	516501;516504	PMID
NPC50898	NPC50898	NPT1187	1	516622	PMID
NPC50898	NPC50898	NPT1270	1	516578	PMID
NPC50898	NPC50898	NPT1338	1	516480	PMID
NPC50898	NPC50898	NPT1416	1	516499	PMID
NPC50898	NPC50898	NPT1422	1	516506	PMID
NPC50898	NPC50898	NPT1449	1	516532	PMID
NPC50898	NPC50898	NPT149	2	516496;516500	PMID
NPC50898	NPC50898	NPT151	4	516497;516498;516499;516500	PMID
NPC50898	NPC50898	NPT153	1	516470	PMID
NPC50898	NPC50898	NPT1571	2	516405;516534	PMID
NPC50898	NPC50898	NPT1587	1	516456	PMID
NPC50898	NPC50898	NPT1592	1	516605	PMID
NPC50898	NPC50898	NPT1594	2	516469;516528	PMID
NPC50898	NPC50898	NPT1598	3	516467;516471;516610	PMID
NPC50898	NPC50898	NPT1603	2	516489;516511	PMID
NPC50898	NPC50898	NPT1604	3	516489;516511;516591	PMID
NPC50898	NPC50898	NPT1606	1	516491	PMID
NPC50898	NPC50898	NPT163	1	516500	PMID
NPC50898	NPC50898	NPT1634	1	516589	PMID
NPC50898	NPC50898	NPT1650	1	516543	PMID
NPC50898	NPC50898	NPT1721	1	516574	PMID
NPC50898	NPC50898	NPT204	2	516473;516538	PMID
NPC50898	NPC50898	NPT208	3	516489;516500;516501	PMID
NPC50898	NPC50898	NPT210	1	516504	PMID
NPC50898	NPC50898	NPT211	2	516501;516504	PMID
NPC50898	NPC50898	NPT212	2	516500;516504	PMID
NPC50898	NPC50898	NPT213	2	516501;516504	PMID
NPC50898	NPC50898	NPT248	1	516402	PMID
NPC50898	NPC50898	NPT2562	1	516544	PMID
NPC50898	NPC50898	NPT2563	1	516544	PMID
NPC50898	NPC50898	NPT261	5	516477;516593;516597;516602;516621	PMID
NPC50898	NPC50898	NPT279	1	516598	PMID
NPC50898	NPC50898	NPT282	1	516500	PMID
NPC50898	NPC50898	NPT2930	1	516500	PMID
NPC50898	NPC50898	NPT31	1	516438	PMID
NPC50898	NPC50898	NPT3116	1	516562	PMID
NPC50898	NPC50898	NPT3213	1	516630	PMID
NPC50898	NPC50898	NPT41	1	516578	PMID
NPC50898	NPC50898	NPT439	1	516473	PMID
NPC50898	NPC50898	NPT441	4	516430;516457;516487;516575	PMID
NPC50898	NPC50898	NPT45	1	516500	PMID
NPC50898	NPC50898	NPT46	1	516500	PMID
NPC50898	NPC50898	NPT48	1	516500	PMID
NPC50898	NPC50898	NPT483	2	516499;516501	PMID
NPC50898	NPC50898	NPT49	1	516499	PMID
NPC50898	NPC50898	NPT50	4	516496;516497;516499;516500	PMID
NPC50898	NPC50898	NPT51	5	516497;516498;516499;516500;516503	PMID
NPC50898	NPC50898	NPT52	1	516500	PMID
NPC50898	NPC50898	NPT538	1	516502	PMID
NPC50898	NPC50898	NPT539	2	516496;516500	PMID
NPC50898	NPC50898	NPT582	2	516477;516593	PMID
NPC50898	NPC50898	NPT584	1	516608	PMID
NPC50898	NPC50898	NPT588	1	516544	PMID
NPC50898	NPC50898	NPT591	1	516538	PMID
NPC50898	NPC50898	NPT740	2	516524;516538	PMID
NPC50898	NPC50898	NPT77	3	516572;516586;Patent: US9308209 B2	PMID;Patent
NPC50898	NPC50898	NPT78	1	516594	PMID
NPC50898	NPC50898	NPT792	1	516500	PMID
NPC50898	NPC50898	NPT796	1	516505	PMID
NPC50898	NPC50898	NPT93	5	516496;516497;516499;516501;516503	PMID
NPC50898	NPC50898	NPT94	6	516496;516497;516498;516500;516501;516503	PMID
NPC50898	NPC50898	NPT96	1	516500	PMID
NPC50898	NPC50898	NPT967	3	516441;516562;516570	PMID
NPC51146	NPC51146	NPT109	1	501396	PMID
NPC51146	NPC51146	NPT110	1	501397	PMID
NPC51146	NPC51146	NPT149	2	501396;501397	PMID
NPC51146	NPC51146	NPT163	1	501394	PMID
NPC51146	NPC51146	NPT204	1	501404	PMID
NPC51146	NPC51146	NPT212	1	501397	PMID
NPC51146	NPC51146	NPT213	1	501397	PMID
NPC51146	NPC51146	NPT240	1	501398	PMID
NPC51146	NPC51146	NPT261	1	501403	PMID
NPC51146	NPC51146	NPT48	1	501396	PMID
NPC51198	NPC51198	NPT182	1	478323	PMID
NPC51198	NPC51198	NPT3124	1	478323	PMID
NPC51198	NPC51198	NPT760	1	478323	PMID
NPC51198	NPC51198	NPT761	1	478323	PMID
NPC51198	NPC51198	NPT880	1	478323	PMID
NPC51198	NPC51198	NPT881	1	478323	PMID
NPC51198	NPC51198	NPT887	1	478323	PMID
NPC51314	NPC51314	NPT668	1	493768	PMID
NPC51329	NPC51329	NPT94	1	551573	PMID
NPC51443	NPC51443	NPT109	2	457174;457175	PMID
NPC51443	NPC51443	NPT1119	2	457148;457174	PMID
NPC51443	NPC51443	NPT1226	2	457174;457175	PMID
NPC51443	NPC51443	NPT1371	1	457147	PMID
NPC51443	NPC51443	NPT1449	1	457190	PMID
NPC51443	NPC51443	NPT149	4	457174;457175;457176;457177	PMID
NPC51443	NPC51443	NPT151	2	457174;457175	PMID
NPC51443	NPC51443	NPT1566	1	457142	PMID
NPC51443	NPC51443	NPT1571	2	457143;457193	PMID
NPC51443	NPC51443	NPT1598	1	457215	PMID
NPC51443	NPC51443	NPT1834	2	457176;457177	PMID
NPC51443	NPC51443	NPT204	2	457169;457195	PMID
NPC51443	NPC51443	NPT212	2	457176;457177	PMID
NPC51443	NPC51443	NPT277	2	457174;457175	PMID
NPC51443	NPC51443	NPT282	1	457174	PMID
NPC51443	NPC51443	NPT2930	1	457175	PMID
NPC51443	NPC51443	NPT439	1	457169	PMID
NPC51443	NPC51443	NPT47	1	457175	PMID
NPC51443	NPC51443	NPT48	1	457175	PMID
NPC51443	NPC51443	NPT483	1	457175	PMID
NPC51443	NPC51443	NPT49	1	457175	PMID
NPC51443	NPC51443	NPT51	2	457174;457175	PMID
NPC51443	NPC51443	NPT539	2	457174;457175	PMID
NPC51443	NPC51443	NPT792	3	457148;457174;457175	PMID
NPC51443	NPC51443	NPT94	1	457174	PMID
NPC51443	NPC51443	NPT967	1	457160	PMID
NPC51641	NPC51641	NPT956	1	458615	PMID
NPC5167	NPC5167	NPT109	1	457066	PMID
NPC5167	NPC5167	NPT110	1	457066	PMID
NPC5167	NPC5167	NPT149	1	457066	PMID
NPC5167	NPC5167	NPT151	1	457066	PMID
NPC5167	NPC5167	NPT208	1	457066	PMID
NPC5167	NPC5167	NPT211	1	457066	PMID
NPC5167	NPC5167	NPT213	1	457066	PMID
NPC5167	NPC5167	NPT48	2	457066;457067	PMID
NPC5167	NPC5167	NPT483	1	457066	PMID
NPC5167	NPC5167	NPT94	2	457066;457067	PMID
NPC51695	NPC51695	NPT1197	1	467795	PMID
NPC51695	NPC51695	NPT211	1	467794	PMID
NPC51695	NPC51695	NPT2892	1	467795	PMID
NPC51695	NPC51695	NPT3133	1	467795	PMID
NPC51695	NPC51695	NPT483	1	467794	PMID
NPC51695	NPC51695	NPT537	1	467795	PMID
NPC51695	NPC51695	NPT538	1	467795	PMID
NPC51695	NPC51695	NPT918	1	467795	PMID
NPC51695	NPC51695	NPT93	1	467794	PMID
NPC51695	NPC51695	NPT94	1	467794	PMID
NPC51700	NPC51700	NPT103	2	566775;566776	PMID
NPC51700	NPC51700	NPT1137	1	566716	PMID
NPC51700	NPC51700	NPT1196	1	566749	PMID
NPC51700	NPC51700	NPT1210	3	566706;566738;566767	PMID
NPC51700	NPC51700	NPT1270	1	566755	PMID
NPC51700	NPC51700	NPT1547	1	566766	PMID
NPC51700	NPC51700	NPT166	1	566871	PMID
NPC51700	NPC51700	NPT178	39	566665;566687;566691;566702;566706;566709;566713;566714;566718;566719;566731;566737;566738;566747;566749;566753;566757;566760;566767;566771;566779;566783;566786;566793;566799;566811;566814;566815;566816;566817;566820;566828;566829;566830;566853;566862;566863;566865;566870	PMID
NPC51700	NPC51700	NPT1870	1	566749	PMID
NPC51700	NPC51700	NPT205	1	566706	PMID
NPC51700	NPC51700	NPT30	1	566685	PMID
NPC51700	NPC51700	NPT31	2	566678;566685	PMID
NPC51700	NPC51700	NPT41	1	566755	PMID
NPC51700	NPC51700	NPT441	1	566677	PMID
NPC51700	NPC51700	NPT47	1	566727	PMID
NPC51700	NPC51700	NPT4886	1	566824	PMID
NPC51700	NPC51700	NPT540	1	566712	PMID
NPC51700	NPC51700	NPT59	1	566682	PMID
NPC51700	NPC51700	NPT72	1	566770	PMID
NPC51700	NPC51700	NPT721	1	566834	PMID
NPC51700	NPC51700	NPT73	1	566770	PMID
NPC51700	NPC51700	NPT745	1	566712	PMID
NPC51700	NPC51700	NPT866	1	566739	PMID
NPC51700	NPC51700	NPT910	1	566825	PMID
NPC51758	NPC51758	NPT792	1	509107	PMID
NPC51956	NPC51956	NPT483	1	509268	PMID
NPC51957	NPC51957	NPT210	1	463762	PMID
NPC51957	NPC51957	NPT483	1	463762	PMID
NPC52005	NPC52005	NPT1594	1	534148	PMID
NPC52005	NPC52005	NPT1603	2	534150;534151	PMID
NPC52005	NPC52005	NPT1604	3	534150;534151;534167	PMID
NPC52005	NPC52005	NPT208	1	534150	PMID
NPC52021	NPC52021	NPT178	1	529802	PMID
NPC52247	NPC52247	NPT1226	1	551807	PMID
NPC52247	NPC52247	NPT149	1	551807	PMID
NPC52247	NPC52247	NPT151	1	551807	PMID
NPC52247	NPC52247	NPT1551	1	551805	PMID
NPC52247	NPC52247	NPT163	1	551806	PMID
NPC52247	NPC52247	NPT208	1	551807	PMID
NPC52247	NPC52247	NPT212	1	551807	PMID
NPC52247	NPC52247	NPT277	1	551807	PMID
NPC52247	NPC52247	NPT41	1	551805	PMID
NPC52247	NPC52247	NPT48	1	551807	PMID
NPC52247	NPC52247	NPT483	1	551807	PMID
NPC52247	NPC52247	NPT501	1	551807	PMID
NPC52247	NPC52247	NPT57	1	551840	PMID
NPC52247	NPC52247	NPT582	1	551802	PMID
NPC52247	NPC52247	NPT60	1	551807	PMID
NPC52247	NPC52247	NPT901	1	551825	PMID
NPC52247	NPC52247	NPT94	1	551807	PMID
NPC52247	NPC52247	NPT948	1	551816	PMID
NPC52247	NPC52247	NPT949	1	551816	PMID
NPC52247	NPC52247	NPT958	1	551803	PMID
NPC5238	NPC5238	NPT1811	1	570215	PMID
NPC5238	NPC5238	NPT242	2	570214;570215	PMID
NPC5238	NPC5238	NPT243	1	570215	PMID
NPC5238	NPC5238	NPT244	1	570215	PMID
NPC52382	NPC52382	NPT1356	1	449857	PMID
NPC52403	NPC52403	NPT93	1	482963	PMID
NPC52464	NPC52464	NPT109	1	487690	PMID
NPC52464	NPC52464	NPT253	1	487696	PMID
NPC52472	NPC52472	NPT233	1	474628	PMID
NPC52472	NPC52472	NPT947	1	474628	PMID
NPC52634	NPC52634	NPT670	1	546269	PMID
NPC52700	NPC52700	NPT208	1	552766	PMID
NPC52764	NPC52764	NPT109	1	484607	PMID
NPC52764	NPC52764	NPT210	1	484607	PMID
NPC52764	NPC52764	NPT213	1	484607	PMID
NPC52764	NPC52764	NPT3160	1	484620	PMID
NPC52764	NPC52764	NPT3161	1	484620	PMID
NPC52764	NPC52764	NPT441	33	484592;484596;484599;484600;484603;484605;484610;484611;484612;484615;484616;484618;484620;484621;484622;484623;484624;484625;484627;484629;484630;484631;484632;484633;484640;484641;484642;484643;484647;484648;484649;484650;484654	PMID
NPC52764	NPC52764	NPT713	1	484637	PMID
NPC52831	NPC52831	NPT151	1	509379	PMID
NPC52831	NPC52831	NPT2742	1	509376	PMID
NPC52831	NPC52831	NPT48	1	509378	PMID
NPC52831	NPC52831	NPT483	1	509379	PMID
NPC52831	NPC52831	NPT94	1	509379	PMID
NPC53069	NPC53069	NPT109	1	528614	PMID
NPC53069	NPC53069	NPT110	1	528614	PMID
NPC53069	NPC53069	NPT144	1	528623	PMID
NPC53069	NPC53069	NPT1591	1	528671	PMID
NPC53069	NPC53069	NPT1604	2	528652;528669	PMID
NPC53069	NPC53069	NPT178	1	528665	PMID
NPC53069	NPC53069	NPT204	2	528643;528671	PMID
NPC53069	NPC53069	NPT208	1	528614	PMID
NPC53069	NPC53069	NPT210	1	528614	PMID
NPC53069	NPC53069	NPT211	1	528614	PMID
NPC53069	NPC53069	NPT3504	2	528667;528682	PMID
NPC53069	NPC53069	NPT3507	1	528667	PMID
NPC53069	NPC53069	NPT439	2	528643;528671	PMID
NPC53069	NPC53069	NPT51	1	528613	PMID
NPC53069	NPC53069	NPT93	1	528614	PMID
NPC53069	NPC53069	NPT94	1	528613	PMID
NPC53069	NPC53069	NPT98	1	528615	PMID
NPC53109	NPC53109	NPT3167	1	455014	PMID
NPC53109	NPC53109	NPT570	1	455014	PMID
NPC53139	NPC53139	NPT862	1	518047	PMID
NPC53144	NPC53144	NPT591	1	464987	PMID
NPC5319	NPC5319	NPT273	1	511816	PMID
NPC5319	NPC5319	NPT59	1	511818	PMID
NPC53276	NPC53276	NPT204	1	555880	PMID
NPC53276	NPC53276	NPT439	1	555880	PMID
NPC53463	NPC53463	NPT1038	1	548928	PMID
NPC53545	NPC53545	NPT41	1	503203	PMID
NPC53545	NPC53545	NPT50	1	503197	PMID
NPC53545	NPC53545	NPT864	1	503198	PMID
NPC53744	NPC53744	NPT1044	1	485017	PMID
NPC53889	NPC53889	NPT4015	1	459756	PMID
NPC53889	NPC53889	NPT568	1	459756	PMID
NPC53986	NPC53986	NPT741	1	451043	PMID
NPC54016	NPC54016	NPT346	1	494697	PMID
NPC54123	NPC54123	NPT441	5	542488;542489;542490;542491;542496	PMID
NPC5413	NPC5413	NPT106	1	552638	PMID
NPC5413	NPC5413	NPT864	1	552631	PMID
NPC5413	NPC5413	NPT866	2	552637;552638	PMID
NPC5413	NPC5413	NPT867	1	552631	PMID
NPC5413	NPC5413	NPT868	2	552641;Patent: WO2009053857 A3	PMID;Patent
NPC5413	NPC5413	NPT869	1	552640	PMID
NPC5413	NPC5413	NPT99	1	552638	PMID
NPC54243	NPC54243	NPT99	1	479292	PMID
NPC54320	NPC54320	NPT912	1	489342	PMID
NPC54320	NPC54320	NPT93	1	489351	PMID
NPC54321	NPC54321	NPT178	1	480796	PMID
NPC54321	NPC54321	NPT204	1	480797	PMID
NPC54379	NPC54379	NPT1811	1	573491	PMID
NPC54379	NPC54379	NPT242	2	573490;573491	PMID
NPC54379	NPC54379	NPT243	2	573490;573491	PMID
NPC54379	NPC54379	NPT244	1	573491	PMID
NPC54379	NPC54379	NPT245	1	573491	PMID
NPC54394	NPC54394	NPT1603	1	471287	PMID
NPC54394	NPC54394	NPT1604	1	471287	PMID
NPC54394	NPC54394	NPT208	1	471287	PMID
NPC54460	NPC54460	NPT3178	1	500664	PMID
NPC5447	NPC5447	NPT870	1	471379	PMID
NPC54542	NPC54542	NPT106	1	548204	PMID
NPC54542	NPC54542	NPT866	1	548204	PMID
NPC54542	NPC54542	NPT99	1	548204	PMID
NPC54830	NPC54830	NPT1600	1	490278	PMID
NPC55018	NPC55018	NPT728	1	536091	PMID
NPC55068	NPC55068	NPT10	1	550625	PMID
NPC55068	NPC55068	NPT1110	1	550628	PMID
NPC55068	NPC55068	NPT1111	1	550628	PMID
NPC55068	NPC55068	NPT2801	1	550624	PMID
NPC55068	NPC55068	NPT282	1	550625	PMID
NPC55068	NPC55068	NPT3193	1	550620	PMID
NPC55068	NPC55068	NPT3194	1	550620	PMID
NPC55068	NPC55068	NPT46	1	550625	PMID
NPC55068	NPC55068	NPT483	1	550625	PMID
NPC55068	NPC55068	NPT501	1	550626	PMID
NPC55068	NPC55068	NPT51	1	550626	PMID
NPC55068	NPC55068	NPT58	1	550625	PMID
NPC55068	NPC55068	NPT59	1	550625	PMID
NPC55068	NPC55068	NPT910	1	550613	PMID
NPC55149	NPC55149	NPT151	1	474758	PMID
NPC55149	NPC55149	NPT48	1	474758	PMID
NPC55149	NPC55149	NPT483	1	474758	PMID
NPC55149	NPC55149	NPT94	1	474758	PMID
NPC55162	NPC55162	NPT109	1	495153	PMID
NPC55162	NPC55162	NPT149	1	495153	PMID
NPC55162	NPC55162	NPT151	1	495153	PMID
NPC55162	NPC55162	NPT48	1	495153	PMID
NPC55162	NPC55162	NPT94	1	495153	PMID
NPC55384	NPC55384	NPT862	1	28558206	PMID
NPC55412	NPC55412	NPT109	1	545865	PMID
NPC55412	NPC55412	NPT210	1	545865	PMID
NPC55412	NPC55412	NPT282	1	545865	PMID
NPC55412	NPC55412	NPT45	1	545865	PMID
NPC55412	NPC55412	NPT51	2	545866;545868	PMID
NPC55412	NPC55412	NPT78	1	545892	PMID
NPC55412	NPC55412	NPT792	1	545865	PMID
NPC55412	NPC55412	NPT920	1	545892	PMID
NPC55412	NPC55412	NPT94	3	545865;545866;545868	PMID
NPC55422	NPC55422	NPT109	1	456256	PMID
NPC55422	NPC55422	NPT149	1	456256	PMID
NPC55422	NPC55422	NPT151	1	456256	PMID
NPC55422	NPC55422	NPT282	1	456256	PMID
NPC55422	NPC55422	NPT48	1	456256	PMID
NPC55422	NPC55422	NPT51	1	456256	PMID
NPC55422	NPC55422	NPT539	1	456256	PMID
NPC55422	NPC55422	NPT58	1	456256	PMID
NPC55422	NPC55422	NPT792	1	456256	PMID
NPC55422	NPC55422	NPT93	1	456256	PMID
NPC55462	NPC55462	NPT204	1	459759	PMID
NPC55462	NPC55462	NPT439	1	459759	PMID
NPC55832	NPC55832	NPT178	2	489764;489767	PMID
NPC56085	NPC56085	NPT156	1	454031	PMID
NPC56271	NPC56271	NPT1028	1	487254	PMID
NPC56271	NPC56271	NPT1265	2	487150;487151	PMID
NPC56271	NPC56271	NPT13	2	487150;487151	PMID
NPC56271	NPC56271	NPT1422	3	487117;487157;487181	PMID
NPC56271	NPC56271	NPT1427	2	487150;487151	PMID
NPC56271	NPC56271	NPT1434	2	487189;487239	PMID
NPC56271	NPC56271	NPT1435	3	487150;487151;487233	PMID
NPC56271	NPC56271	NPT1447	1	487239	PMID
NPC56271	NPC56271	NPT1478	4	487128;487139;487188;487271	PMID
NPC56271	NPC56271	NPT1659	2	487150;487151	PMID
NPC56271	NPC56271	NPT1675	2	487150;487151	PMID
NPC56271	NPC56271	NPT1676	2	487150;487151	PMID
NPC56271	NPC56271	NPT1680	2	487150;487151	PMID
NPC56271	NPC56271	NPT1701	2	487150;487151	PMID
NPC56271	NPC56271	NPT1706	2	487150;487151	PMID
NPC56271	NPC56271	NPT2572	1	487128	PMID
NPC56271	NPC56271	NPT2573	2	487150;487151	PMID
NPC56271	NPC56271	NPT2729	1	487128	PMID
NPC56271	NPC56271	NPT283	2	487150;487151	PMID
NPC56271	NPC56271	NPT285	110	487093;487094;487096;487098;487099;487101;487102;487103;487106;487108;487109;487116;487118;487120;487121;487125;487127;487128;487129;487130;487132;487135;487139;487141;487146;487148;487149;487155;487156;487163;487164;487168;487169;487171;487172;487173;487176;487178;487182;487184;487188;487189;487190;487191;487192;487193;487200;487204;487213;487215;487217;487219;487220;487221;487223;487224;487225;487226;487229;487230;487232;487233;487235;487236;487239;487241;487242;487243;487244;487246;487249;487251;487252;487256;487259;487262;487263;487264;487265;487266;487269;487270;487271;487273;487275;487276;487278;487282;487287;487289;487291;487294;487296;487297;487298;487300;487302;487305;487306;487307;487315;487317;487318;487324;487325;487327;487329;487331;487333;487335	PMID
NPC56271	NPC56271	NPT286	20	487093;487094;487098;487106;487121;487135;487148;487150;487151;487182;487200;487232;487233;487235;487241;487294;487307;487315;487318;487322	PMID
NPC56271	NPC56271	NPT3109	2	487150;487151	PMID
NPC56271	NPC56271	NPT3111	2	487150;487151	PMID
NPC56271	NPC56271	NPT3204	2	487150;487151	PMID
NPC56271	NPC56271	NPT3205	3	487128;487150;487151	PMID
NPC56271	NPC56271	NPT3207	2	487150;487151	PMID
NPC56271	NPC56271	NPT3213	2	487150;487151	PMID
NPC56271	NPC56271	NPT3215	1	487239	PMID
NPC56271	NPC56271	NPT3221	1	487302	PMID
NPC56271	NPC56271	NPT3223	2	487150;487151	PMID
NPC56271	NPC56271	NPT3242	2	487150;487151	PMID
NPC56271	NPC56271	NPT3245	1	487239	PMID
NPC56271	NPC56271	NPT3266	2	487150;487151	PMID
NPC56271	NPC56271	NPT3290	2	487150;487151	PMID
NPC56271	NPC56271	NPT3312	2	487150;487151	PMID
NPC56271	NPC56271	NPT3315	2	487150;487151	PMID
NPC56271	NPC56271	NPT3316	2	487150;487151	PMID
NPC56271	NPC56271	NPT3365	2	487150;487151	PMID
NPC56271	NPC56271	NPT3366	2	487150;487151	PMID
NPC56271	NPC56271	NPT3370	1	487128	PMID
NPC56271	NPC56271	NPT3381	3	487150;487151;487239	PMID
NPC56271	NPC56271	NPT3386	2	487150;487151	PMID
NPC56271	NPC56271	NPT3425	2	487150;487151	PMID
NPC56271	NPC56271	NPT3439	2	487150;487151	PMID
NPC56271	NPC56271	NPT36	1	487128	PMID
NPC56271	NPC56271	NPT483	1	487132	PMID
NPC56271	NPC56271	NPT51	1	487132	PMID
NPC56271	NPC56271	NPT713	3	487247;487248;487254	PMID
NPC56271	NPC56271	NPT721	1	487324	PMID
NPC56271	NPC56271	NPT740	1	487231	PMID
NPC56540	NPC56540	NPT204	1	28898076	PMID
NPC57051	NPC57051	NPT240	1	507080	PMID
NPC57051	NPC57051	NPT2599	1	507080	PMID
NPC5707	NPC5707	NPT669	1	479643	PMID
NPC5707	NPC5707	NPT876	1	479640	PMID
NPC57279	NPC57279	NPT210	1	526083	PMID
NPC57279	NPC57279	NPT47	1	526082	PMID
NPC57463	NPC57463	NPT31	1	506186	PMID
NPC57463	NPC57463	NPT570	1	506186	PMID
NPC57565	NPC57565	NPT110	1	544041	PMID
NPC57565	NPC57565	NPT210	1	544045	PMID
NPC57565	NPC57565	NPT2592	1	544059	PMID
NPC57565	NPC57565	NPT282	1	544044	PMID
NPC57565	NPC57565	NPT483	1	544042	PMID
NPC57565	NPC57565	NPT51	1	544043	PMID
NPC57565	NPC57565	NPT93	1	544044	PMID
NPC57565	NPC57565	NPT94	1	544043	PMID
NPC57565	NPC57565	NPT98	2	544036;544047	PMID
NPC57601	NPC57601	NPT1270	1	568740	PMID
NPC57601	NPC57601	NPT1587	1	568715	PMID
NPC57601	NPC57601	NPT1604	1	568741	PMID
NPC57601	NPC57601	NPT208	1	568722	PMID
NPC57601	NPC57601	NPT233	1	568730	PMID
NPC57601	NPC57601	NPT41	1	568740	PMID
NPC57601	NPC57601	NPT441	1	568719	PMID
NPC57601	NPC57601	NPT947	1	568730	PMID
NPC57601	NPC57601	NPT948	1	568730	PMID
NPC57601	NPC57601	NPT949	1	568730	PMID
NPC57601	NPC57601	NPT958	1	568702	PMID
NPC57601	NPC57601	NPT967	1	568713	PMID
NPC57879	NPC57879	NPT208	1	453578	PMID
NPC57879	NPC57879	NPT240	1	453579	PMID
NPC57879	NPC57879	NPT741	1	453577	PMID
NPC57879	NPC57879	NPT94	1	453583	PMID
NPC58427	NPC58427	NPT109	1	555700	PMID
NPC58427	NPC58427	NPT1119	1	555700	PMID
NPC58427	NPC58427	NPT149	1	555700	PMID
NPC58427	NPC58427	NPT208	1	555700	PMID
NPC58427	NPC58427	NPT211	1	555700	PMID
NPC58427	NPC58427	NPT212	1	555700	PMID
NPC58427	NPC58427	NPT277	1	555700	PMID
NPC58427	NPC58427	NPT52	1	555700	PMID
NPC58427	NPC58427	NPT539	1	555700	PMID
NPC58427	NPC58427	NPT792	1	555700	PMID
NPC58427	NPC58427	NPT96	1	555700	PMID
NPC58616	NPC58616	NPT94	1	575722	PMID
NPC58629	NPC58629	NPT1728	1	522717	PMID
NPC58629	NPC58629	NPT1729	1	522717	PMID
NPC58805	NPC58805	NPT1464	1	493214	PMID
NPC58827	NPC58827	NPT48	1	510371	PMID
NPC58827	NPC58827	NPT51	1	510371	PMID
NPC58956	NPC58956	NPT47	1	536564	PMID
NPC58956	NPC58956	NPT50	1	536564	PMID
NPC59035	NPC59035	NPT210	1	506805	PMID
NPC59035	NPC59035	NPT240	1	506806	PMID
NPC59035	NPC59035	NPT94	1	506805	PMID
NPC59045	NPC59045	NPT261	74	10.1039/C0MD00014K;10.1039/C1MD00221J;10.1039/C3MD00376K;10.1039/C4MD00437J;10.1039/C5MD00124B;10.1039/C5MD00357A;18666768;18834112;19267475;19378991;19423346;19628387;19926363;20045650;20382016;20579890;20615716;20659799;20702005;20715818;20934874;21194943;21316817;21405131;21684743;21696156;21872365;21923181;22005185;22137786;22222137;23153812;23207410;23474901;23927971;24746464;24793878;24856304;25542589;25812965;26717204;26917219;27079124;27135371;27267007;27692996;27923535;27951485;28011206;28131710;28237559;28368606;28487125;28549891;28797881;28797883;29033232;29033233;29409707;29500132;30025348;30096650;30108765;30529634;31229875;31310916;31444085;31581002;32018096;32089390;32146060;32652406;33479629;33640707	DOI;PMID
NPC59045	NPC59045	NPT582	74	10.1039/C0MD00014K;10.1039/C1MD00221J;10.1039/C3MD00376K;10.1039/C4MD00437J;10.1039/C5MD00124B;10.1039/C5MD00357A;18666768;18834112;19267475;19378991;19423346;19628387;19926363;20045650;20382016;20579890;20615716;20659799;20702005;20715818;20934874;21194943;21316817;21405131;21684743;21696156;21872365;21923181;22005185;22137786;22222137;23153812;23207410;23474901;23927971;24746464;24793878;24856304;25542589;25812965;26717204;26917219;27079124;27135371;27267007;27692996;27923535;27951485;28011206;28131710;28237559;28368606;28487125;28549891;28797881;28797883;29033232;29033233;29409707;29500132;30025348;30096650;30108765;30529634;31229875;31310916;31444085;31581002;32018096;32089390;32146060;32652406;33479629;33640707	DOI;PMID
NPC59210	NPC59210	NPT178	1	28522265	PMID
NPC59314	NPC59314	NPT1291	2	498489;498498	PMID
NPC5948	NPC5948	NPT670	1	32142276	PMID
NPC59491	NPC59491	NPT441	1	552599	PMID
NPC59551	NPC59551	NPT261	1	521560	PMID
NPC59567	NPC59567	NPT1604	1	448506	PMID
NPC59650	NPC59650	NPT1006	1	493342	PMID
NPC59650	NPC59650	NPT210	1	493336	PMID
NPC5968	NPC5968	NPT166	1	549022	PMID
NPC59692	NPC59692	NPT30	1	564861	PMID
NPC59692	NPC59692	NPT31	1	564861	PMID
NPC59739	NPC59739	NPT2584	1	529815	PMID
NPC5989	NPC5989	NPT182	3	504346;504367;504369	PMID
NPC5989	NPC5989	NPT50	1	504366	PMID
NPC5989	NPC5989	NPT51	1	504366	PMID
NPC5989	NPC5989	NPT760	1	504346	PMID
NPC5989	NPC5989	NPT761	2	504346;504359	PMID
NPC5989	NPC5989	NPT880	1	504346	PMID
NPC5989	NPC5989	NPT881	3	504346;504359;504391	PMID
NPC5989	NPC5989	NPT887	1	504359	PMID
NPC5990	NPC5990	NPT3953	1	528116	PMID
NPC59907	NPC59907	NPT110	1	568181	PMID
NPC59907	NPC59907	NPT208	1	568181	PMID
NPC59951	NPC59951	NPT109	1	540374	PMID
NPC59951	NPC59951	NPT110	1	540374	PMID
NPC60120	NPC60120	NPT3504	3	525783;525785;525786	PMID
NPC60120	NPC60120	NPT3505	2	525783;525785	PMID
NPC60120	NPC60120	NPT3506	1	525783	PMID
NPC60120	NPC60120	NPT3507	2	525783;525785	PMID
NPC60538	NPC60538	NPT439	1	501436	PMID
NPC60553	NPC60553	NPT1062	1	504001	PMID
NPC60553	NPC60553	NPT1063	1	504001	PMID
NPC60553	NPC60553	NPT1143	1	504001	PMID
NPC60553	NPC60553	NPT1144	1	504001	PMID
NPC60553	NPC60553	NPT1146	1	504001	PMID
NPC60553	NPC60553	NPT3101	1	504001	PMID
NPC60553	NPC60553	NPT947	1	504001	PMID
NPC60553	NPC60553	NPT948	2	504001;504007	PMID
NPC60553	NPC60553	NPT949	2	504001;504007	PMID
NPC60553	NPC60553	NPT954	1	504001	PMID
NPC60553	NPC60553	NPT955	1	504001	PMID
NPC60672	NPC60672	NPT109	1	526873	PMID
NPC60672	NPC60672	NPT210	1	526873	PMID
NPC60672	NPC60672	NPT3517	1	526868	PMID
NPC60672	NPC60672	NPT792	1	526873	PMID
NPC60772	NPC60772	NPT1210	1	500711	PMID
NPC60772	NPC60772	NPT178	1	500711	PMID
NPC6095	NPC6095	NPT94	1	507980	PMID
NPC61	NPC61	NPT13	2	464894;464913	PMID
NPC61	NPC61	NPT14	1	464896	PMID
NPC61	NPC61	NPT1588	1	464941	PMID
NPC61	NPC61	NPT36	1	464913	PMID
NPC61	NPC61	NPT41	1	464917	PMID
NPC61	NPC61	NPT42	1	464918	PMID
NPC61	NPC61	NPT45	1	464921	PMID
NPC61	NPC61	NPT46	1	464921	PMID
NPC61	NPC61	NPT47	1	464921	PMID
NPC61	NPC61	NPT48	1	464921	PMID
NPC61	NPC61	NPT49	1	464921	PMID
NPC61	NPC61	NPT50	1	464921	PMID
NPC61	NPC61	NPT51	1	464921	PMID
NPC61	NPC61	NPT52	1	464921	PMID
NPC61	NPC61	NPT57	1	464921	PMID
NPC61	NPC61	NPT58	1	464921	PMID
NPC61	NPC61	NPT59	1	464921	PMID
NPC61	NPC61	NPT60	1	464921	PMID
NPC61	NPC61	NPT69	1	464928	PMID
NPC61	NPC61	NPT74	1	464932	PMID
NPC61	NPC61	NPT77	1	464934	PMID
NPC61	NPC61	NPT78	2	464936;464938	PMID
NPC61	NPC61	NPT920	1	464957	PMID
NPC61010	NPC61010	NPT441	1	551783	PMID
NPC61010	NPC61010	NPT721	1	551784	PMID
NPC6118	NPC6118	NPT178	1	28140583	PMID
NPC61198	NPC61198	NPT47	1	451871	PMID
NPC61198	NPC61198	NPT912	1	451865	PMID
NPC61435	NPC61435	NPT151	1	546127	PMID
NPC61435	NPC61435	NPT46	1	546129	PMID
NPC61435	NPC61435	NPT501	3	546127;546128;546129	PMID
NPC61435	NPC61435	NPT60	2	546128;546129	PMID
NPC61435	NPC61435	NPT93	1	546128	PMID
NPC61435	NPC61435	NPT94	2	546127;546128	PMID
NPC61473	NPC61473	NPT1210	1	554498	PMID
NPC61473	NPC61473	NPT178	1	554498	PMID
NPC61473	NPC61473	NPT911	1	554498	PMID
NPC61477	NPC61477	NPT1062	1	525500	PMID
NPC61477	NPC61477	NPT1063	1	525500	PMID
NPC61477	NPC61477	NPT1143	1	525500	PMID
NPC61477	NPC61477	NPT1144	1	525500	PMID
NPC61477	NPC61477	NPT1146	1	525500	PMID
NPC61477	NPC61477	NPT151	1	525502	PMID
NPC61477	NPC61477	NPT233	1	525500	PMID
NPC61477	NPC61477	NPT282	1	525502	PMID
NPC61477	NPC61477	NPT3101	1	525500	PMID
NPC61477	NPC61477	NPT47	1	525502	PMID
NPC61477	NPC61477	NPT48	1	525502	PMID
NPC61477	NPC61477	NPT49	1	525502	PMID
NPC61477	NPC61477	NPT50	1	525502	PMID
NPC61477	NPC61477	NPT51	1	525502	PMID
NPC61477	NPC61477	NPT792	1	525502	PMID
NPC61477	NPC61477	NPT94	1	525502	PMID
NPC61477	NPC61477	NPT947	1	525500	PMID
NPC61477	NPC61477	NPT948	1	525500	PMID
NPC61477	NPC61477	NPT949	1	525500	PMID
NPC61477	NPC61477	NPT954	1	525500	PMID
NPC61477	NPC61477	NPT955	1	525500	PMID
NPC61506	NPC61506	NPT47	1	507842	PMID
NPC61543	NPC61543	NPT178	2	545105;545107	PMID
NPC61546	NPC61546	NPT218	2	496836;496837	PMID
NPC61590	NPC61590	NPT3537	2	468880;468881	PMID
NPC61620	NPC61620	NPT261	1	506312	PMID
NPC6166	NPC6166	NPT109	1	451265	PMID
NPC6166	NPC6166	NPT46	1	451265	PMID
NPC6166	NPC6166	NPT907	1	451260	PMID
NPC61779	NPC61779	NPT2230	1	523964	PMID
NPC61779	NPC61779	NPT233	1	523969	PMID
NPC61779	NPC61779	NPT947	1	523969	PMID
NPC61871	NPC61871	NPT30	1	520682	PMID
NPC61871	NPC61871	NPT31	1	520682	PMID
NPC61904	NPC61904	NPT862	1	465962	PMID
NPC61944	NPC61944	NPT210	1	529839	PMID
NPC61944	NPC61944	NPT539	1	529839	PMID
NPC62042	NPC62042	NPT261	1	499334	PMID
NPC62366	NPC62366	NPT48	1	532272	PMID
NPC62640	NPC62640	NPT1603	1	470460	PMID
NPC62640	NPC62640	NPT1604	1	470460	PMID
NPC62640	NPC62640	NPT208	1	470460	PMID
NPC62730	NPC62730	NPT178	1	32196343	PMID
NPC62735	NPC62735	NPT151	1	466159	PMID
NPC62735	NPC62735	NPT282	1	466159	PMID
NPC62735	NPC62735	NPT48	1	466159	PMID
NPC62735	NPC62735	NPT51	1	466159	PMID
NPC62735	NPC62735	NPT93	1	466159	PMID
NPC62735	NPC62735	NPT94	1	466159	PMID
NPC62735	NPC62735	NPT956	1	466160	PMID
NPC62755	NPC62755	NPT792	1	449401	PMID
NPC62765	NPC62765	NPT210	1	452778	PMID
NPC62765	NPC62765	NPT645	3	452793;452794;452805	PMID
NPC62765	NPC62765	NPT741	1	452818	PMID
NPC62792	NPC62792	NPT1110	1	523079	PMID
NPC62792	NPC62792	NPT1788	1	523079	PMID
NPC62792	NPC62792	NPT1789	1	523079	PMID
NPC62792	NPC62792	NPT1814	1	523079	PMID
NPC62800	NPC62800	NPT182	1	485794	PMID
NPC62800	NPC62800	NPT3124	1	485794	PMID
NPC62800	NPC62800	NPT760	1	485794	PMID
NPC62800	NPC62800	NPT761	1	485794	PMID
NPC62800	NPC62800	NPT880	1	485794	PMID
NPC62800	NPC62800	NPT881	2	485794;485795	PMID
NPC62800	NPC62800	NPT887	1	485794	PMID
NPC62840	NPC62840	NPT1119	1	482600	PMID
NPC62840	NPC62840	NPT1464	1	482606	PMID
NPC62840	NPC62840	NPT178	1	482608	PMID
NPC62840	NPC62840	NPT204	1	482601	PMID
NPC62840	NPC62840	NPT30	1	482595	PMID
NPC62840	NPC62840	NPT31	2	482595;482600	PMID
NPC62840	NPC62840	NPT3997	1	482608	PMID
NPC62840	NPC62840	NPT439	1	482601	PMID
NPC62840	NPC62840	NPT570	1	482600	PMID
NPC62840	NPC62840	NPT740	1	482599	PMID
NPC63187	NPC63187	NPT273	1	522491	PMID
NPC63210	NPC63210	NPT92	1	571060	PMID
NPC63210	NPC63210	NPT98	1	571057	PMID
NPC63338	NPC63338	NPT483	1	479505	PMID
NPC63370	NPC63370	NPT10	1	489521	PMID
NPC63370	NPC63370	NPT109	1	489522	PMID
NPC63370	NPC63370	NPT1416	1	489521	PMID
NPC63370	NPC63370	NPT282	2	489521;489522	PMID
NPC63370	NPC63370	NPT483	1	489521	PMID
NPC63370	NPC63370	NPT50	2	489521;489522	PMID
NPC63370	NPC63370	NPT51	2	489521;489522	PMID
NPC63370	NPC63370	NPT58	1	489521	PMID
NPC63370	NPC63370	NPT796	1	489521	PMID
NPC63545	NPC63545	NPT1078	3	564270;564274;564289	PMID
NPC63545	NPC63545	NPT1265	1	564275	PMID
NPC63545	NPC63545	NPT1432	1	564275	PMID
NPC63545	NPC63545	NPT151	1	564267	PMID
NPC63545	NPC63545	NPT261	1	564283	PMID
NPC63545	NPC63545	NPT48	2	564267;564268	PMID
NPC63545	NPC63545	NPT582	2	564273;564287	PMID
NPC63545	NPC63545	NPT93	1	564267	PMID
NPC63545	NPC63545	NPT94	2	564267;564268	PMID
NPC63545	NPC63545	NPT981	1	564275	PMID
NPC63545	NPC63545	NPT982	1	564255	PMID
NPC6377	NPC6377	NPT74	1	559560	PMID
NPC6377	NPC6377	NPT918	1	559559	PMID
NPC64141	NPC64141	NPT1089	1	545436	PMID
NPC64141	NPC64141	NPT1090	1	545436	PMID
NPC64141	NPC64141	NPT280	1	545436	PMID
NPC64141	NPC64141	NPT567	1	545436	PMID
NPC64141	NPC64141	NPT568	1	545436	PMID
NPC6434	NPC6434	NPT441	1	546426	PMID
NPC64359	NPC64359	NPT1422	1	462977	PMID
NPC64359	NPC64359	NPT47	1	462976	PMID
NPC64359	NPC64359	NPT483	1	462976	PMID
NPC64359	NPC64359	NPT51	1	462976	PMID
NPC64359	NPC64359	NPT524	1	462976	PMID
NPC64359	NPC64359	NPT537	1	462976	PMID
NPC64359	NPC64359	NPT538	1	462976	PMID
NPC64359	NPC64359	NPT864	1	462976	PMID
NPC6451	NPC6451	NPT740	1	564294	PMID
NPC64576	NPC64576	NPT110	1	511249	PMID
NPC64576	NPC64576	NPT163	1	511249	PMID
NPC64705	NPC64705	NPT3583	1	502947	PMID
NPC64862	NPC64862	NPT93	1	491963	PMID
NPC64872	NPC64872	NPT109	1	543306	PMID
NPC64872	NPC64872	NPT50	1	543306	PMID
NPC65120	NPC65120	NPT178	1	512031	PMID
NPC65408	NPC65408	NPT208	1	520043	PMID
NPC65408	NPC65408	NPT240	1	520044	PMID
NPC65489	NPC65489	NPT178	1	451823	PMID
NPC65517	NPC65517	NPT10	1	454451	PMID
NPC65517	NPC65517	NPT1062	1	454440	PMID
NPC65517	NPC65517	NPT1063	1	454440	PMID
NPC65517	NPC65517	NPT109	1	454449	PMID
NPC65517	NPC65517	NPT1143	1	454440	PMID
NPC65517	NPC65517	NPT1144	1	454440	PMID
NPC65517	NPC65517	NPT1146	1	454440	PMID
NPC65517	NPC65517	NPT149	2	454449;454454	PMID
NPC65517	NPC65517	NPT151	3	454449;454450;454451	PMID
NPC65517	NPC65517	NPT163	1	454449	PMID
NPC65517	NPC65517	NPT211	1	454454	PMID
NPC65517	NPC65517	NPT233	2	454429;454440	PMID
NPC65517	NPC65517	NPT2930	1	454449	PMID
NPC65517	NPC65517	NPT47	1	454450	PMID
NPC65517	NPC65517	NPT48	1	454450	PMID
NPC65517	NPC65517	NPT483	2	454449;454451	PMID
NPC65517	NPC65517	NPT51	1	454451	PMID
NPC65517	NPC65517	NPT537	1	454453	PMID
NPC65517	NPC65517	NPT538	1	454453	PMID
NPC65517	NPC65517	NPT58	1	454451	PMID
NPC65517	NPC65517	NPT741	2	454483;454489	PMID
NPC65517	NPC65517	NPT792	1	454449	PMID
NPC65517	NPC65517	NPT796	1	454455	PMID
NPC65517	NPC65517	NPT94	1	454449	PMID
NPC65517	NPC65517	NPT940	1	454453	PMID
NPC65517	NPC65517	NPT947	2	454429;454440	PMID
NPC65517	NPC65517	NPT948	1	454440	PMID
NPC65517	NPC65517	NPT949	1	454440	PMID
NPC65517	NPC65517	NPT954	1	454440	PMID
NPC65517	NPC65517	NPT955	1	454440	PMID
NPC65517	NPC65517	NPT96	1	454449	PMID
NPC65665	NPC65665	NPT38	1	525220	PMID
NPC65873	NPC65873	NPT539	1	509951	PMID
NPC6597	NPC6597	NPT36	1	531410	PMID
NPC66083	NPC66083	NPT1197	1	454252	PMID
NPC66083	NPC66083	NPT149	1	454252	PMID
NPC66083	NPC66083	NPT151	2	454252;454254	PMID
NPC66083	NPC66083	NPT210	1	454252	PMID
NPC66083	NPC66083	NPT212	1	454255	PMID
NPC66083	NPC66083	NPT213	1	454255	PMID
NPC66083	NPC66083	NPT48	3	454252;454253;454254	PMID
NPC66083	NPC66083	NPT483	1	454252	PMID
NPC66083	NPC66083	NPT94	2	454252;454254	PMID
NPC66177	NPC66177	NPT145	1	508839	PMID
NPC66177	NPC66177	NPT272	1	508839	PMID
NPC66177	NPC66177	NPT296	1	508839	PMID
NPC66270	NPC66270	NPT1289	1	568508	PMID
NPC66288	NPC66288	NPT1422	1	535848	PMID
NPC66441	NPC66441	NPT740	1	500935	PMID
NPC66515	NPC66515	NPT178	2	480046;480049	PMID
NPC66566	NPC66566	NPT2533	1	522352	PMID
NPC66581	NPC66581	NPT1282	1	528387	PMID
NPC66655	NPC66655	NPT210	1	543111	PMID
NPC66677	NPC66677	NPT1210	1	528752	PMID
NPC66677	NPC66677	NPT178	1	528752	PMID
NPC66705	NPC66705	NPT48	1	570410	PMID
NPC66705	NPC66705	NPT537	1	570410	PMID
NPC66705	NPC66705	NPT538	1	570410	PMID
NPC66705	NPC66705	NPT59	1	570410	PMID
NPC66705	NPC66705	NPT94	1	570410	PMID
NPC66775	NPC66775	NPT1250	1	536411	PMID
NPC66777	NPC66777	NPT1603	1	458291	PMID
NPC66777	NPC66777	NPT1604	1	458291	PMID
NPC66777	NPC66777	NPT208	1	458291	PMID
NPC66862	NPC66862	NPT204	1	478421	PMID
NPC66862	NPC66862	NPT439	1	478421	PMID
NPC66909	NPC66909	NPT145	4	469685;469692;469695;469698	PMID
NPC66909	NPC66909	NPT271	1	469685	PMID
NPC66909	NPC66909	NPT272	1	469685	PMID
NPC66909	NPC66909	NPT613	1	469694	PMID
NPC67037	NPC67037	NPT41	1	513960	PMID
NPC67250	NPC67250	NPT149	1	544901	PMID
NPC67250	NPC67250	NPT151	1	544901	PMID
NPC67250	NPC67250	NPT210	1	544901	PMID
NPC67250	NPC67250	NPT277	1	544901	PMID
NPC67250	NPC67250	NPT46	1	544901	PMID
NPC67250	NPC67250	NPT47	1	544901	PMID
NPC67250	NPC67250	NPT50	1	544901	PMID
NPC67250	NPC67250	NPT51	1	544901	PMID
NPC67250	NPC67250	NPT78	1	544901	PMID
NPC67250	NPC67250	NPT792	1	544901	PMID
NPC67250	NPC67250	NPT920	1	544901	PMID
NPC67322	NPC67322	NPT4717	1	496636	PMID
NPC67349	NPC67349	NPT42	1	524859	PMID
NPC67450	NPC67450	NPT740	1	465856	PMID
NPC67585	NPC67585	NPT109	1	465998	PMID
NPC67585	NPC67585	NPT149	1	465998	PMID
NPC67585	NPC67585	NPT151	1	465998	PMID
NPC67585	NPC67585	NPT45	1	465998	PMID
NPC67585	NPC67585	NPT48	1	465998	PMID
NPC67585	NPC67585	NPT50	1	465998	PMID
NPC67585	NPC67585	NPT51	1	465998	PMID
NPC67585	NPC67585	NPT539	1	465998	PMID
NPC67585	NPC67585	NPT792	1	465998	PMID
NPC67585	NPC67585	NPT94	1	465998	PMID
NPC67654	NPC67654	NPT108	1	544903	PMID
NPC67917	NPC67917	NPT149	1	574719	PMID
NPC67917	NPC67917	NPT213	1	575132	PMID
NPC67917	NPC67917	NPT483	1	574719	PMID
NPC67978	NPC67978	NPT1038	1	464275	PMID
NPC67978	NPC67978	NPT110	1	464277	PMID
NPC68104	NPC68104	NPT178	1	452374	PMID
NPC6818	NPC6818	NPT178	1	490573	PMID
NPC68269	NPC68269	NPT1270	1	561386	PMID
NPC68269	NPC68269	NPT1566	2	561368;561370	PMID
NPC68269	NPC68269	NPT1674	1	561371	PMID
NPC68269	NPC68269	NPT31	1	561353	PMID
NPC68269	NPC68269	NPT41	1	561386	PMID
NPC68324	NPC68324	NPT980	1	524257	PMID
NPC68327	NPC68327	NPT2856	1	544643	PMID
NPC68327	NPC68327	NPT3708	3	544633;544635;544640	PMID
NPC68327	NPC68327	NPT3711	1	544635	PMID
NPC68327	NPC68327	NPT3712	2	544635;544643	PMID
NPC68327	NPC68327	NPT3713	3	544635;544640;544643	PMID
NPC68327	NPC68327	NPT3714	2	544635;544643	PMID
NPC68327	NPC68327	NPT3715	2	544635;544643	PMID
NPC68327	NPC68327	NPT3716	2	544635;544643	PMID
NPC68441	NPC68441	NPT108	1	525095	PMID
NPC68441	NPC68441	NPT109	1	525100	PMID
NPC68441	NPC68441	NPT110	1	525100	PMID
NPC68441	NPC68441	NPT1119	4	525095;525096;525098;525100	PMID
NPC68441	NPC68441	NPT1197	1	525095	PMID
NPC68441	NPC68441	NPT1226	1	525100	PMID
NPC68441	NPC68441	NPT1274	1	525171	PMID
NPC68441	NPC68441	NPT1416	1	525095	PMID
NPC68441	NPC68441	NPT149	2	525096;525100	PMID
NPC68441	NPC68441	NPT151	5	525095;525098;525099;525100;525101	PMID
NPC68441	NPC68441	NPT1619	1	525099	PMID
NPC68441	NPC68441	NPT1670	1	525132	PMID
NPC68441	NPC68441	NPT208	2	525096;525100	PMID
NPC68441	NPC68441	NPT211	1	525096	PMID
NPC68441	NPC68441	NPT212	2	525096;525100	PMID
NPC68441	NPC68441	NPT213	1	525096	PMID
NPC68441	NPC68441	NPT277	1	525100	PMID
NPC68441	NPC68441	NPT2796	15	525064;525066;525087;525088;525089;525094;525133;525136;525137;525141;525142;525146;525147;525159;Patent: US8436207 B2	PMID;Patent
NPC68441	NPC68441	NPT282	3	525095;525099;525100	PMID
NPC68441	NPC68441	NPT3720	1	525070	PMID
NPC68441	NPC68441	NPT3727	1	525138	PMID
NPC68441	NPC68441	NPT41	1	525065	PMID
NPC68441	NPC68441	NPT45	4	525095;525096;525100;525102	PMID
NPC68441	NPC68441	NPT46	6	525095;525097;525098;525099;525100;525101	PMID
NPC68441	NPC68441	NPT47	6	525095;525096;525098;525099;525100;525101	PMID
NPC68441	NPC68441	NPT48	5	525095;525096;525099;525100;525101	PMID
NPC68441	NPC68441	NPT483	1	525096	PMID
NPC68441	NPC68441	NPT50	5	525096;525098;525099;525100;525101	PMID
NPC68441	NPC68441	NPT51	5	525095;525098;525099;525100;525101	PMID
NPC68441	NPC68441	NPT537	1	525102	PMID
NPC68441	NPC68441	NPT538	1	525102	PMID
NPC68441	NPC68441	NPT539	2	525096;525100	PMID
NPC68441	NPC68441	NPT57	16	525066;525068;525083;525094;525095;525119;525127;525136;525137;525139;525142;525145;525146;525151;525159;525169	PMID
NPC68441	NPC68441	NPT58	5	525095;525098;525099;525100;525101	PMID
NPC68441	NPC68441	NPT59	1	525095	PMID
NPC68441	NPC68441	NPT60	1	525095	PMID
NPC68441	NPC68441	NPT644	2	525138;525156	PMID
NPC68441	NPC68441	NPT72	1	525129	PMID
NPC68441	NPC68441	NPT73	1	525129	PMID
NPC68441	NPC68441	NPT792	2	525096;525100	PMID
NPC68441	NPC68441	NPT832	2	525071;525121	PMID
NPC68441	NPC68441	NPT93	2	525095;525099	PMID
NPC68441	NPC68441	NPT94	2	525096;525098	PMID
NPC68441	NPC68441	NPT940	1	525102	PMID
NPC68441	NPC68441	NPT942	1	525148	PMID
NPC68441	NPC68441	NPT980	19	525066;525068;525070;525073;525088;525089;525094;525126;525127;525134;525137;525139;525141;525142;525145;525146;525150;525151;525159	PMID
NPC6848	NPC6848	NPT210	1	447977	PMID
NPC6848	NPC6848	NPT94	1	447977	PMID
NPC6854	NPC6854	NPT109	1	546600	PMID
NPC6854	NPC6854	NPT110	1	546600	PMID
NPC6854	NPC6854	NPT151	1	546600	PMID
NPC6854	NPC6854	NPT208	1	546600	PMID
NPC6854	NPC6854	NPT472	1	546597	PMID
NPC6854	NPC6854	NPT51	1	546600	PMID
NPC6854	NPC6854	NPT539	1	546600	PMID
NPC6854	NPC6854	NPT940	1	546601	PMID
NPC68577	NPC68577	NPT210	1	542412	PMID
NPC68779	NPC68779	NPT895	1	512122	PMID
NPC6883	NPC6883	NPT946	2	571523;571526	PMID
NPC68873	NPC68873	NPT3731	2	572832;572847	PMID
NPC6888	NPC6888	NPT233	1	564484	PMID
NPC6888	NPC6888	NPT947	1	564484	PMID
NPC6888	NPC6888	NPT948	1	564484	PMID
NPC6888	NPC6888	NPT949	1	564484	PMID
NPC6888	NPC6888	NPT954	1	564487	PMID
NPC6888	NPC6888	NPT955	1	564487	PMID
NPC68889	NPC68889	NPT792	1	492129	PMID
NPC68967	NPC68967	NPT271	1	522862	PMID
NPC69101	NPC69101	NPT1196	1	497512	PMID
NPC69101	NPC69101	NPT1416	1	497511	PMID
NPC69101	NPC69101	NPT178	2	497512;497514	PMID
NPC69101	NPC69101	NPT1870	1	497512	PMID
NPC69101	NPC69101	NPT483	1	497511	PMID
NPC69101	NPC69101	NPT93	1	497511	PMID
NPC6913	NPC6913	NPT78	1	550426	PMID
NPC69213	NPC69213	NPT1371	1	549824	PMID
NPC6923	NPC6923	NPT956	2	541936;541937	PMID
NPC69374	NPC69374	NPT151	1	476166	PMID
NPC69374	NPC69374	NPT3549	1	476160	PMID
NPC69374	NPC69374	NPT3737	3	476125;476129;476147	PMID
NPC69374	NPC69374	NPT3741	4	476129;476143;476147;476161	PMID
NPC69374	NPC69374	NPT3742	4	476129;476143;476147;476161	PMID
NPC69374	NPC69374	NPT3743	3	476129;476143;476147	PMID
NPC69374	NPC69374	NPT3744	2	476129;476147	PMID
NPC69374	NPC69374	NPT3745	3	476129;476143;476147	PMID
NPC69374	NPC69374	NPT3746	2	476129;476147	PMID
NPC69374	NPC69374	NPT3757	1	476160	PMID
NPC69374	NPC69374	NPT3758	1	476161	PMID
NPC69374	NPC69374	NPT483	2	476164;476165	PMID
NPC69374	NPC69374	NPT58	1	476164	PMID
NPC69374	NPC69374	NPT94	1	476166	PMID
NPC69394	NPC69394	NPT1603	1	540410	PMID
NPC69394	NPC69394	NPT1604	1	540410	PMID
NPC69394	NPC69394	NPT208	1	540410	PMID
NPC69394	NPC69394	NPT271	1	540409	PMID
NPC69454	NPC69454	NPT204	1	491887	PMID
NPC69454	NPC69454	NPT439	1	491887	PMID
NPC69669	NPC69669	NPT498	1	541838	PMID
NPC6984	NPC6984	NPT674	1	505803	PMID
NPC6984	NPC6984	NPT675	1	505803	PMID
NPC6984	NPC6984	NPT958	1	505804	PMID
NPC69906	NPC69906	NPT46	1	454508	PMID
NPC69906	NPC69906	NPT98	1	454509	PMID
NPC7013	NPC7013	NPT48	1	549618	PMID
NPC7013	NPC7013	NPT59	1	549618	PMID
NPC70136	NPC70136	NPT2562	1	506127	PMID
NPC70136	NPC70136	NPT2563	1	506127	PMID
NPC70136	NPC70136	NPT570	1	506130	PMID
NPC70136	NPC70136	NPT588	1	506127	PMID
NPC70172	NPC70172	NPT204	1	450104	PMID
NPC70172	NPC70172	NPT439	1	450104	PMID
NPC70201	NPC70201	NPT1062	1	479091	PMID
NPC70201	NPC70201	NPT1063	1	479091	PMID
NPC70201	NPC70201	NPT109	1	479093	PMID
NPC70201	NPC70201	NPT1143	1	479091	PMID
NPC70201	NPC70201	NPT1144	1	479091	PMID
NPC70201	NPC70201	NPT1146	1	479091	PMID
NPC70201	NPC70201	NPT149	1	479093	PMID
NPC70201	NPC70201	NPT211	1	479093	PMID
NPC70201	NPC70201	NPT233	2	479090;479091	PMID
NPC70201	NPC70201	NPT277	1	479093	PMID
NPC70201	NPC70201	NPT46	1	479093	PMID
NPC70201	NPC70201	NPT792	1	479093	PMID
NPC70201	NPC70201	NPT94	1	479093	PMID
NPC70201	NPC70201	NPT947	2	479090;479091	PMID
NPC70201	NPC70201	NPT948	1	479091	PMID
NPC70201	NPC70201	NPT949	1	479091	PMID
NPC70201	NPC70201	NPT954	1	479091	PMID
NPC70201	NPC70201	NPT955	1	479091	PMID
NPC7029	NPC7029	NPT3167	1	505643	PMID
NPC7029	NPC7029	NPT570	1	505643	PMID
NPC70290	NPC70290	NPT109	2	448465;448466	PMID
NPC70290	NPC70290	NPT208	1	448465	PMID
NPC70290	NPC70290	NPT210	2	448464;448465	PMID
NPC70290	NPC70290	NPT212	3	448464;448465;448466	PMID
NPC70290	NPC70290	NPT213	3	448464;448465;448466	PMID
NPC70290	NPC70290	NPT96	1	448465	PMID
NPC70387	NPC70387	NPT441	1	486006	PMID
NPC70387	NPC70387	NPT94	1	486007	PMID
NPC70622	NPC70622	NPT862	1	510904	PMID
NPC70744	NPC70744	NPT1062	1	487975	PMID
NPC70744	NPC70744	NPT1063	1	487975	PMID
NPC70744	NPC70744	NPT1143	2	487975;488066	PMID
NPC70744	NPC70744	NPT1144	1	487975	PMID
NPC70744	NPC70744	NPT1146	1	487975	PMID
NPC70744	NPC70744	NPT233	2	487975;488066	PMID
NPC70744	NPC70744	NPT48	1	487982	PMID
NPC70744	NPC70744	NPT920	1	488070	PMID
NPC70744	NPC70744	NPT947	1	487975	PMID
NPC70744	NPC70744	NPT948	2	487975;488066	PMID
NPC70744	NPC70744	NPT949	2	487975;488021	PMID
NPC70744	NPC70744	NPT954	2	487975;488021	PMID
NPC70744	NPC70744	NPT955	1	487975	PMID
NPC70940	NPC70940	NPT210	1	483683	PMID
NPC70940	NPC70940	NPT212	3	483681;483683;483686	PMID
NPC70940	NPC70940	NPT30	3	483676;483691;483692	PMID
NPC70940	NPC70940	NPT31	2	483692;483703	PMID
NPC70940	NPC70940	NPT3504	1	483693	PMID
NPC70940	NPC70940	NPT3507	1	483693	PMID
NPC70940	NPC70940	NPT483	1	483681	PMID
NPC70940	NPC70940	NPT58	1	483684	PMID
NPC70940	NPC70940	NPT796	1	483685	PMID
NPC71061	NPC71061	NPT280	1	464518	PMID
NPC71061	NPC71061	NPT740	1	464514	PMID
NPC71061	NPC71061	NPT78	1	464519	PMID
NPC71074	NPC71074	NPT1137	1	514322	PMID
NPC71074	NPC71074	NPT1197	1	514324	PMID
NPC71074	NPC71074	NPT1210	1	514320	PMID
NPC71074	NPC71074	NPT178	3	514320;514328;514329	PMID
NPC71074	NPC71074	NPT205	1	514320	PMID
NPC71074	NPC71074	NPT3783	1	514313	PMID
NPC71074	NPC71074	NPT59	1	514316	PMID
NPC71105	NPC71105	NPT1214	1	457035	PMID
NPC71288	NPC71288	NPT261	1	27575476	PMID
NPC71288	NPC71288	NPT582	1	27575476	PMID
NPC71339	NPC71339	NPT1755	3	504123;504129;504135	PMID
NPC71339	NPC71339	NPT3797	2	504146;504155	PMID
NPC7151	NPC7151	NPT979	1	461183	PMID
NPC7151	NPC7151	NPT980	1	461183	PMID
NPC7154	NPC7154	NPT109	1	544227	PMID
NPC7154	NPC7154	NPT149	1	544227	PMID
NPC7154	NPC7154	NPT210	1	544227	PMID
NPC7154	NPC7154	NPT212	1	544236	PMID
NPC7154	NPC7154	NPT483	1	544227	PMID
NPC7154	NPC7154	NPT50	1	544227	PMID
NPC7154	NPC7154	NPT622	1	544233	PMID
NPC7154	NPC7154	NPT72	1	544233	PMID
NPC7154	NPC7154	NPT73	1	544233	PMID
NPC7154	NPC7154	NPT792	1	544227	PMID
NPC7154	NPC7154	NPT94	1	544227	PMID
NPC71579	NPC71579	NPT570	1	567363	PMID
NPC71755	NPC71755	NPT109	1	540517	PMID
NPC71853	NPC71853	NPT109	1	450442	PMID
NPC71853	NPC71853	NPT1119	1	450442	PMID
NPC71853	NPC71853	NPT210	1	450442	PMID
NPC71853	NPC71853	NPT539	1	450442	PMID
NPC71853	NPC71853	NPT792	1	450442	PMID
NPC71853	NPC71853	NPT93	1	450441	PMID
NPC71853	NPC71853	NPT94	1	450442	PMID
NPC72016	NPC72016	NPT1044	1	537928	PMID
NPC72016	NPC72016	NPT143	1	537928	PMID
NPC7214	NPC7214	NPT210	1	555959	PMID
NPC7214	NPC7214	NPT222	1	555955	PMID
NPC7214	NPC7214	NPT224	1	555955	PMID
NPC7214	NPC7214	NPT792	1	555959	PMID
NPC7214	NPC7214	NPT987	3	555955;555957;555958	PMID
NPC72158	NPC72158	NPT178	1	473740	PMID
NPC72183	NPC72183	NPT1197	1	516022	PMID
NPC72183	NPC72183	NPT483	1	516022	PMID
NPC72183	NPC72183	NPT51	1	516022	PMID
NPC72183	NPC72183	NPT93	1	516022	PMID
NPC72258	NPC72258	NPT346	2	476785;476786	PMID
NPC72260	NPC72260	NPT38	1	480120	PMID
NPC72260	NPC72260	NPT3812	1	480132	PMID
NPC72260	NPC72260	NPT483	2	480120;480121	PMID
NPC72260	NPC72260	NPT51	2	480120;480122	PMID
NPC72260	NPC72260	NPT537	1	480120	PMID
NPC72260	NPC72260	NPT538	1	480120	PMID
NPC72260	NPC72260	NPT539	1	480122	PMID
NPC72260	NPC72260	NPT713	2	480140;480141	PMID
NPC72452	NPC72452	NPT218	1	557065	PMID
NPC72455	NPC72455	NPT109	1	454840	PMID
NPC72455	NPC72455	NPT1226	1	454840	PMID
NPC72455	NPC72455	NPT149	1	454840	PMID
NPC72455	NPC72455	NPT277	1	454840	PMID
NPC72772	NPC72772	NPT1283	1	509119	PMID
NPC72772	NPC72772	NPT537	1	509119	PMID
NPC72772	NPC72772	NPT538	1	509119	PMID
NPC72772	NPC72772	NPT539	1	509118	PMID
NPC72788	NPC72788	NPT110	2	481262;481263	PMID
NPC72788	NPC72788	NPT210	2	481262;481263	PMID
NPC72788	NPC72788	NPT212	2	481262;481263	PMID
NPC72788	NPC72788	NPT213	2	481262;481263	PMID
NPC72796	NPC72796	NPT109	1	464852	PMID
NPC72862	NPC72862	NPT178	1	32196343	PMID
NPC72977	NPC72977	NPT483	1	475673	PMID
NPC72980	NPC72980	NPT109	1	528874	PMID
NPC72980	NPC72980	NPT110	1	528875	PMID
NPC72980	NPC72980	NPT1226	1	528874	PMID
NPC72980	NPC72980	NPT149	1	528874	PMID
NPC72980	NPC72980	NPT151	1	528874	PMID
NPC72980	NPC72980	NPT157	1	528874	PMID
NPC72980	NPC72980	NPT277	1	528874	PMID
NPC72980	NPC72980	NPT47	1	528874	PMID
NPC72980	NPC72980	NPT48	1	528874	PMID
NPC72980	NPC72980	NPT50	1	528874	PMID
NPC72980	NPC72980	NPT51	1	528874	PMID
NPC72980	NPC72980	NPT58	1	528874	PMID
NPC72980	NPC72980	NPT94	1	528874	PMID
NPC73020	NPC73020	NPT109	1	571477	PMID
NPC73020	NPC73020	NPT110	1	571476	PMID
NPC73020	NPC73020	NPT212	1	571476	PMID
NPC73020	NPC73020	NPT213	1	571476	PMID
NPC73203	NPC73203	NPT30	1	526761	PMID
NPC73203	NPC73203	NPT570	1	526761	PMID
NPC73203	NPC73203	NPT956	1	526761	PMID
NPC73411	NPC73411	NPT1149	1	470250	PMID
NPC73411	NPC73411	NPT282	3	470242;470245;470248	PMID
NPC73411	NPC73411	NPT3441	2	470242;470245	PMID
NPC73411	NPC73411	NPT3442	5	470245;470246;470247;470248;470251	PMID
NPC73411	NPC73411	NPT491	3	470242;470245;470248	PMID
NPC73411	NPC73411	NPT721	1	470240	PMID
NPC73413	NPC73413	NPT1464	1	469550	PMID
NPC73416	NPC73416	NPT51	1	454180	PMID
NPC73416	NPC73416	NPT537	1	454180	PMID
NPC73416	NPC73416	NPT538	1	454180	PMID
NPC73422	NPC73422	NPT3820	1	544198	PMID
NPC73492	NPC73492	NPT48	1	552679	PMID
NPC73492	NPC73492	NPT50	1	552679	PMID
NPC73492	NPC73492	NPT51	1	552680	PMID
NPC73492	NPC73492	NPT538	1	552679	PMID
NPC73511	NPC73511	NPT537	1	473660	PMID
NPC73511	NPC73511	NPT538	1	473660	PMID
NPC73532	NPC73532	NPT109	1	448946	PMID
NPC73532	NPC73532	NPT410	1	448951	PMID
NPC73532	NPC73532	NPT51	1	448946	PMID
NPC73656	NPC73656	NPT1746	1	559589	PMID
NPC73656	NPC73656	NPT1794	1	559589	PMID
NPC73738	NPC73738	NPT109	1	463820	PMID
NPC73738	NPC73738	NPT110	1	463820	PMID
NPC73738	NPC73738	NPT1416	1	463819	PMID
NPC73738	NPC73738	NPT149	1	463820	PMID
NPC73738	NPC73738	NPT151	1	463819	PMID
NPC73738	NPC73738	NPT208	1	463820	PMID
NPC73738	NPC73738	NPT285	1	463814	PMID
NPC73738	NPC73738	NPT30	1	463815	PMID
NPC73738	NPC73738	NPT46	1	463819	PMID
NPC73738	NPC73738	NPT48	1	463819	PMID
NPC73738	NPC73738	NPT483	1	463819	PMID
NPC73738	NPC73738	NPT49	1	463819	PMID
NPC73738	NPC73738	NPT50	1	463819	PMID
NPC73738	NPC73738	NPT51	1	463819	PMID
NPC73738	NPC73738	NPT57	1	463835	PMID
NPC73738	NPC73738	NPT59	1	463819	PMID
NPC73738	NPC73738	NPT792	1	463820	PMID
NPC73738	NPC73738	NPT796	1	463822	PMID
NPC73738	NPC73738	NPT93	1	463819	PMID
NPC73738	NPC73738	NPT94	1	463819	PMID
NPC73738	NPC73738	NPT96	1	463820	PMID
NPC73738	NPC73738	NPT967	1	463812	PMID
NPC73767	NPC73767	NPT290	1	470654	PMID
NPC73767	NPC73767	NPT291	1	470654	PMID
NPC73767	NPC73767	NPT292	1	470654	PMID
NPC73767	NPC73767	NPT92	1	470656	PMID
NPC73855	NPC73855	NPT1356	1	515965	PMID
NPC73855	NPC73855	NPT3835	1	515965	PMID
NPC73855	NPC73855	NPT47	1	515965	PMID
NPC73855	NPC73855	NPT48	1	515965	PMID
NPC73855	NPC73855	NPT50	1	515965	PMID
NPC73855	NPC73855	NPT51	1	515965	PMID
NPC73855	NPC73855	NPT59	1	515965	PMID
NPC73855	NPC73855	NPT60	1	515965	PMID
NPC73855	NPC73855	NPT94	1	515965	PMID
NPC73899	NPC73899	NPT178	1	548940	PMID
NPC73899	NPC73899	NPT211	1	548943	PMID
NPC73906	NPC73906	NPT5646	1	512995	PMID
NPC73995	NPC73995	NPT31	1	553509	PMID
NPC74259	NPC74259	NPT1283	1	521459	PMID
NPC74306	NPC74306	NPT3838	5	545988;545990;545992;546003;546011	PMID
NPC74458	NPC74458	NPT94	1	474963	PMID
NPC74484	NPC74484	NPT668	1	470800	PMID
NPC74539	NPC74539	NPT109	1	528066	PMID
NPC74539	NPC74539	NPT110	1	528068	PMID
NPC74539	NPC74539	NPT149	1	528066	PMID
NPC74539	NPC74539	NPT1603	1	528086	PMID
NPC74539	NPC74539	NPT1604	1	528086	PMID
NPC74539	NPC74539	NPT208	1	528086	PMID
NPC74539	NPC74539	NPT210	1	528066	PMID
NPC74539	NPC74539	NPT212	1	528068	PMID
NPC74539	NPC74539	NPT213	1	528068	PMID
NPC74539	NPC74539	NPT240	1	528070	PMID
NPC74539	NPC74539	NPT261	1	528082	PMID
NPC74539	NPC74539	NPT2854	1	528063	PMID
NPC74539	NPC74539	NPT48	1	528067	PMID
NPC74539	NPC74539	NPT94	3	528066;528067;528069	PMID
NPC74591	NPC74591	NPT92	1	31789520	PMID
NPC74751	NPC74751	NPT1137	3	528390;528393;528394	PMID
NPC74751	NPC74751	NPT1138	3	528390;528393;528394	PMID
NPC74751	NPC74751	NPT1587	1	528390	PMID
NPC74751	NPC74751	NPT1588	1	528390	PMID
NPC74751	NPC74751	NPT166	1	528397	PMID
NPC74751	NPC74751	NPT203	1	528397	PMID
NPC74855	NPC74855	NPT1137	1	481654	PMID
NPC74881	NPC74881	NPT1594	1	479691	PMID
NPC74881	NPC74881	NPT47	1	479695	PMID
NPC74881	NPC74881	NPT50	1	479695	PMID
NPC74881	NPC74881	NPT870	1	479696	PMID
NPC7491	NPC7491	NPT212	1	476510	PMID
NPC7491	NPC7491	NPT213	1	476510	PMID
NPC75069	NPC75069	NPT261	1	489799	PMID
NPC75179	NPC75179	NPT109	1	486664	PMID
NPC75179	NPC75179	NPT110	1	486664	PMID
NPC7526	NPC7526	NPT864	1	520960	PMID
NPC75435	NPC75435	NPT497	1	533530	PMID
NPC75435	NPC75435	NPT60	1	533532	PMID
NPC75485	NPC75485	NPT1210	1	465739	PMID
NPC75485	NPC75485	NPT178	1	465739	PMID
NPC7560	NPC7560	NPT601	1	450891	PMID
NPC75694	NPC75694	NPT109	2	546340;546342	PMID
NPC75694	NPC75694	NPT149	3	546340;546342;546347	PMID
NPC75694	NPC75694	NPT151	4	546340;546342;546343;546346	PMID
NPC75694	NPC75694	NPT208	2	546340;546342	PMID
NPC75694	NPC75694	NPT2817	23	546298;546299;546300;546301;546302;546303;546304;546305;546306;546311;546313;546317;546319;546321;546322;546327;546329;546339;546348;546357;546360;546408;546409	PMID
NPC75694	NPC75694	NPT4762	12	546298;546299;546304;546310;546317;546321;546322;546327;546329;546339;546348;546408	PMID
NPC75694	NPC75694	NPT48	4	546340;546342;546343;546344	PMID
NPC75694	NPC75694	NPT483	1	546340	PMID
NPC75694	NPC75694	NPT697	1	546386	PMID
NPC75694	NPC75694	NPT93	5	546340;546342;546343;546344;546345	PMID
NPC75694	NPC75694	NPT94	2	546342;546345	PMID
NPC75810	NPC75810	NPT204	1	547003	PMID
NPC75844	NPC75844	NPT1197	1	457511	PMID
NPC75844	NPC75844	NPT210	1	457516	PMID
NPC75844	NPC75844	NPT2930	1	457512	PMID
NPC75844	NPC75844	NPT483	3	457510;457511;457512	PMID
NPC75844	NPC75844	NPT51	1	457510	PMID
NPC75844	NPC75844	NPT796	1	457517	PMID
NPC75844	NPC75844	NPT93	3	457510;457511;457514	PMID
NPC75844	NPC75844	NPT94	1	457512	PMID
NPC75844	NPC75844	NPT940	1	457515	PMID
NPC75844	NPC75844	NPT96	1	457512	PMID
NPC75906	NPC75906	NPT30	1	522772	PMID
NPC76217	NPC76217	NPT539	1	566061	PMID
NPC76336	NPC76336	NPT1224	1	493531	PMID
NPC76336	NPC76336	NPT1226	3	493558;493559;493560	PMID
NPC76336	NPC76336	NPT149	4	493558;493559;493560;493562	PMID
NPC76336	NPC76336	NPT151	3	493558;493559;493560	PMID
NPC76336	NPC76336	NPT1551	1	493556	PMID
NPC76336	NPC76336	NPT204	2	493532;493580	PMID
NPC76336	NPC76336	NPT208	1	493560	PMID
NPC76336	NPC76336	NPT211	1	493560	PMID
NPC76336	NPC76336	NPT2629	1	493561	PMID
NPC76336	NPC76336	NPT277	3	493558;493559;493560	PMID
NPC76336	NPC76336	NPT3101	1	493573	PMID
NPC76336	NPC76336	NPT3904	1	493561	PMID
NPC76336	NPC76336	NPT41	1	493556	PMID
NPC76336	NPC76336	NPT47	1	493558	PMID
NPC76336	NPC76336	NPT48	2	493558;493559	PMID
NPC76336	NPC76336	NPT501	3	493558;493559;493560	PMID
NPC76336	NPC76336	NPT57	1	493593	PMID
NPC76336	NPC76336	NPT60	3	493558;493559;493560	PMID
NPC76336	NPC76336	NPT94	3	493558;493559;493560	PMID
NPC76336	NPC76336	NPT947	1	493573	PMID
NPC76336	NPC76336	NPT948	1	493573	PMID
NPC76336	NPC76336	NPT949	1	493573	PMID
NPC76336	NPC76336	NPT955	1	493573	PMID
NPC76338	NPC76338	NPT108	1	448570	PMID
NPC76338	NPC76338	NPT1699	1	448567	PMID
NPC76338	NPC76338	NPT182	1	448567	PMID
NPC76338	NPC76338	NPT740	1	448566	PMID
NPC76338	NPC76338	NPT887	1	448567	PMID
NPC76406	NPC76406	NPT182	1	507089	PMID
NPC76458	NPC76458	NPT204	1	518285	PMID
NPC76478	NPC76478	NPT601	1	534774	PMID
NPC76682	NPC76682	NPT45	1	464129	PMID
NPC76726	NPC76726	NPT1057	1	558881	PMID
NPC76726	NPC76726	NPT503	1	558881	PMID
NPC76748	NPC76748	NPT290	1	543722	PMID
NPC7688	NPC7688	NPT212	2	530793;530798	PMID
NPC7688	NPC7688	NPT622	1	530796	PMID
NPC7688	NPC7688	NPT72	1	530796	PMID
NPC7688	NPC7688	NPT73	1	530796	PMID
NPC76982	NPC76982	NPT832	1	508241	PMID
NPC77000	NPC77000	NPT1038	1	451053	PMID
NPC77000	NPC77000	NPT1210	1	451064	PMID
NPC77000	NPC77000	NPT1416	1	451053	PMID
NPC77000	NPC77000	NPT166	1	451063	PMID
NPC77000	NPC77000	NPT178	1	451064	PMID
NPC77000	NPC77000	NPT1870	1	451064	PMID
NPC77000	NPC77000	NPT203	1	451063	PMID
NPC77000	NPC77000	NPT204	1	451063	PMID
NPC77000	NPC77000	NPT205	1	451064	PMID
NPC77000	NPC77000	NPT206	1	451064	PMID
NPC77000	NPC77000	NPT287	1	451064	PMID
NPC77000	NPC77000	NPT38	1	451061	PMID
NPC77000	NPC77000	NPT3914	1	451064	PMID
NPC77000	NPC77000	NPT46	1	451053	PMID
NPC77000	NPC77000	NPT47	1	451053	PMID
NPC77000	NPC77000	NPT48	1	451053	PMID
NPC77000	NPC77000	NPT50	1	451054	PMID
NPC77000	NPC77000	NPT51	1	451053	PMID
NPC77000	NPC77000	NPT59	1	451053	PMID
NPC77000	NPC77000	NPT864	1	451053	PMID
NPC77000	NPC77000	NPT94	1	451053	PMID
NPC77040	NPC77040	NPT109	1	529053	PMID
NPC7715	NPC7715	NPT1591	1	543730	PMID
NPC7715	NPC7715	NPT439	1	543730	PMID
NPC77249	NPC77249	NPT46	1	542432	PMID
NPC77272	NPC77272	NPT178	1	32255628	PMID
NPC77378	NPC77378	NPT1166	1	458528	PMID
NPC77572	NPC77572	NPT48	1	488207	PMID
NPC77660	NPC77660	NPT47	1	543308	PMID
NPC77660	NPC77660	NPT48	1	543308	PMID
NPC77660	NPC77660	NPT51	1	543308	PMID
NPC77660	NPC77660	NPT94	1	543308	PMID
NPC77672	NPC77672	NPT1356	1	515660	PMID
NPC77794	NPC77794	NPT108	1	570958	PMID
NPC77794	NPC77794	NPT1214	1	570963	PMID
NPC77794	NPC77794	NPT30	1	570957	PMID
NPC77794	NPC77794	NPT640	1	570955	PMID
NPC77794	NPC77794	NPT641	1	570955	PMID
NPC77794	NPC77794	NPT740	1	570959	PMID
NPC77858	NPC77858	NPT1265	5	509921;509922;509923;509927;509937	PMID
NPC77858	NPC77858	NPT870	1	509930	PMID
NPC77890	NPC77890	NPT109	1	572262	PMID
NPC77890	NPC77890	NPT208	1	572262	PMID
NPC77890	NPC77890	NPT410	5	572241;572249;572250;572252;572276	PMID
NPC77890	NPC77890	NPT48	2	572262;572263	PMID
NPC77890	NPC77890	NPT483	1	572263	PMID
NPC77890	NPC77890	NPT51	1	572265	PMID
NPC77955	NPC77955	NPT109	1	490490	PMID
NPC77955	NPC77955	NPT149	1	490490	PMID
NPC77955	NPC77955	NPT151	1	490490	PMID
NPC77955	NPC77955	NPT282	1	490490	PMID
NPC77955	NPC77955	NPT46	1	490490	PMID
NPC77955	NPC77955	NPT48	1	490490	PMID
NPC77955	NPC77955	NPT501	1	490490	PMID
NPC77955	NPC77955	NPT51	1	490490	PMID
NPC77955	NPC77955	NPT668	1	490491	PMID
NPC77955	NPC77955	NPT93	1	490490	PMID
NPC77955	NPC77955	NPT94	1	490490	PMID
NPC78058	NPC78058	NPT48	1	455873	PMID
NPC7814	NPC7814	NPT1037	1	558769	PMID
NPC7814	NPC7814	NPT483	1	558768	PMID
NPC78154	NPC78154	NPT151	1	517593	PMID
NPC78154	NPC78154	NPT94	1	517593	PMID
NPC78222	NPC78222	NPT109	1	491406	PMID
NPC78222	NPC78222	NPT1226	1	491406	PMID
NPC78222	NPC78222	NPT149	1	491406	PMID
NPC78222	NPC78222	NPT151	1	491406	PMID
NPC78222	NPC78222	NPT277	1	491406	PMID
NPC78222	NPC78222	NPT282	1	491406	PMID
NPC78222	NPC78222	NPT46	1	491406	PMID
NPC78222	NPC78222	NPT48	1	491406	PMID
NPC78222	NPC78222	NPT501	1	491406	PMID
NPC78222	NPC78222	NPT51	1	491406	PMID
NPC78222	NPC78222	NPT539	1	491406	PMID
NPC78222	NPC78222	NPT58	1	491406	PMID
NPC78222	NPC78222	NPT792	1	491406	PMID
NPC78222	NPC78222	NPT94	1	491406	PMID
NPC78326	NPC78326	NPT1422	1	519918	PMID
NPC78359	NPC78359	NPT204	68	495543;495544;495545;495546;495549;495550;495552;495553;495555;495559;495561;495564;495565;495566;495571;495573;495576;495580;495586;495590;495597;495600;495602;495603;495607;495611;495613;495614;495616;495621;495623;495626;495627;495629;495636;495638;495639;495645;495647;495653;495654;495655;495656;495661;495662;495664;495668;495669;495671;495678;495685;495689;495695;495696;495700;495701;495705;495708;495709;495710;495711;495714;495727;495728;495730;495731;495732;495733	PMID
NPC78359	NPC78359	NPT439	39	495535;495543;495546;495549;495552;495555;495564;495565;495566;495573;495576;495602;495616;495620;495621;495623;495629;495642;495654;495655;495656;495669;495672;495677;495685;495689;495698;495701;495705;495708;495709;495710;495711;495714;495715;495727;495728;495732;495733	PMID
NPC78359	NPC78359	NPT483	1	495594	PMID
NPC78359	NPC78359	NPT94	1	495594	PMID
NPC7839	NPC7839	NPT1038	1	476430	PMID
NPC7839	NPC7839	NPT282	1	476430	PMID
NPC7839	NPC7839	NPT45	1	476430	PMID
NPC7839	NPC7839	NPT46	1	476430	PMID
NPC7839	NPC7839	NPT47	1	476430	PMID
NPC7839	NPC7839	NPT48	1	476430	PMID
NPC7839	NPC7839	NPT49	1	476430	PMID
NPC7839	NPC7839	NPT50	1	476430	PMID
NPC7839	NPC7839	NPT51	1	476430	PMID
NPC7839	NPC7839	NPT52	1	476430	PMID
NPC7839	NPC7839	NPT57	1	476430	PMID
NPC7839	NPC7839	NPT58	1	476430	PMID
NPC7839	NPC7839	NPT59	1	476430	PMID
NPC7839	NPC7839	NPT60	1	476430	PMID
NPC78500	NPC78500	NPT240	1	480372	PMID
NPC78500	NPC78500	NPT741	1	480370	PMID
NPC78500	NPC78500	NPT94	1	480376	PMID
NPC78540	NPC78540	NPT1062	1	555460	PMID
NPC78540	NPC78540	NPT109	3	555399;555401;555402	PMID
NPC78540	NPC78540	NPT110	1	555402	PMID
NPC78540	NPC78540	NPT1187	1	555487	PMID
NPC78540	NPC78540	NPT1338	1	555386	PMID
NPC78540	NPC78540	NPT1422	1	555406	PMID
NPC78540	NPC78540	NPT149	1	555402	PMID
NPC78540	NPC78540	NPT151	2	555399;555400	PMID
NPC78540	NPC78540	NPT1566	1	555340	PMID
NPC78540	NPC78540	NPT1571	2	555342;555428	PMID
NPC78540	NPC78540	NPT1581	1	555367	PMID
NPC78540	NPC78540	NPT1603	3	555395;555407;555436	PMID
NPC78540	NPC78540	NPT1604	3	555395;555407;555471	PMID
NPC78540	NPC78540	NPT208	5	555395;555398;555402;555436;555471	PMID
NPC78540	NPC78540	NPT211	1	555402	PMID
NPC78540	NPC78540	NPT212	2	555398;555402	PMID
NPC78540	NPC78540	NPT213	1	555402	PMID
NPC78540	NPC78540	NPT233	1	555416	PMID
NPC78540	NPC78540	NPT282	1	555400	PMID
NPC78540	NPC78540	NPT31	1	555446	PMID
NPC78540	NPC78540	NPT41	2	555354;555405	PMID
NPC78540	NPC78540	NPT441	5	555343;555392;555415;555450;555459	PMID
NPC78540	NPC78540	NPT48	1	555400	PMID
NPC78540	NPC78540	NPT51	3	555399;555400;555401	PMID
NPC78540	NPC78540	NPT539	2	555399;555400	PMID
NPC78540	NPC78540	NPT93	3	555400;555401;555402	PMID
NPC78540	NPC78540	NPT94	4	555399;555400;555401;555402	PMID
NPC78540	NPC78540	NPT947	1	555416	PMID
NPC78540	NPC78540	NPT948	1	555416	PMID
NPC78540	NPC78540	NPT949	2	555416;555460	PMID
NPC78540	NPC78540	NPT955	1	555460	PMID
NPC78540	NPC78540	NPT967	1	555364	PMID
NPC78612	NPC78612	NPT109	1	532481	PMID
NPC78612	NPC78612	NPT792	1	532481	PMID
NPC78612	NPC78612	NPT94	1	532481	PMID
NPC78625	NPC78625	NPT212	1	449013	PMID
NPC78625	NPC78625	NPT483	1	449013	PMID
NPC78625	NPC78625	NPT51	1	449014	PMID
NPC78662	NPC78662	NPT741	1	485676	PMID
NPC78746	NPC78746	NPT204	1	539110	PMID
NPC78770	NPC78770	NPT48	1	522968	PMID
NPC78770	NPC78770	NPT59	1	522968	PMID
NPC78770	NPC78770	NPT60	1	522968	PMID
NPC78770	NPC78770	NPT802	1	522968	PMID
NPC78803	NPC78803	NPT2584	1	509315	PMID
NPC78803	NPC78803	NPT31	1	509319	PMID
NPC79056	NPC79056	NPT3938	1	550041	PMID
NPC79056	NPC79056	NPT59	1	550041	PMID
NPC79056	NPC79056	NPT591	1	550047	PMID
NPC79202	NPC79202	NPT240	1	542411	PMID
NPC79202	NPC79202	NPT2599	1	542411	PMID
NPC79372	NPC79372	NPT178	1	557123	PMID
NPC79672	NPC79672	NPT30	1	493143	PMID
NPC79715	NPC79715	NPT106	1	527953	PMID
NPC79715	NPC79715	NPT866	1	527953	PMID
NPC79943	NPC79943	NPT109	2	573447;573448	PMID
NPC79943	NPC79943	NPT1119	1	573448	PMID
NPC80129	NPC80129	NPT109	1	555707	PMID
NPC80129	NPC80129	NPT282	1	555707	PMID
NPC80710	NPC80710	NPT48	1	523624	PMID
NPC80710	NPC80710	NPT51	1	523624	PMID
NPC80710	NPC80710	NPT537	1	523624	PMID
NPC80710	NPC80710	NPT538	1	523624	PMID
NPC80710	NPC80710	NPT59	1	523624	PMID
NPC8087	NPC8087	NPT497	1	546474	PMID
NPC8087	NPC8087	NPT513	2	546476;546482	PMID
NPC8087	NPC8087	NPT514	1	546476	PMID
NPC81010	NPC81010	NPT1062	1	458973	PMID
NPC81010	NPC81010	NPT1063	1	458973	PMID
NPC81010	NPC81010	NPT108	1	459010	PMID
NPC81010	NPC81010	NPT1143	1	458973	PMID
NPC81010	NPC81010	NPT1144	1	458973	PMID
NPC81010	NPC81010	NPT1146	1	458973	PMID
NPC81010	NPC81010	NPT1270	1	458988	PMID
NPC81010	NPC81010	NPT1592	1	459014	PMID
NPC81010	NPC81010	NPT233	1	458973	PMID
NPC81010	NPC81010	NPT248	1	459010	PMID
NPC81010	NPC81010	NPT285	1	458948	PMID
NPC81010	NPC81010	NPT41	2	458988;459002	PMID
NPC81010	NPC81010	NPT525	1	458983	PMID
NPC81010	NPC81010	NPT741	2	459031;459040	PMID
NPC81010	NPC81010	NPT947	1	458973	PMID
NPC81010	NPC81010	NPT948	1	458973	PMID
NPC81010	NPC81010	NPT949	2	458973;459019	PMID
NPC81010	NPC81010	NPT954	2	458973;459019	PMID
NPC81010	NPC81010	NPT955	1	458973	PMID
NPC8104	NPC8104	NPT178	1	476102	PMID
NPC81337	NPC81337	NPT3953	1	502308	PMID
NPC81515	NPC81515	NPT182	1	476909	PMID
NPC81641	NPC81641	NPT956	1	461253	PMID
NPC81697	NPC81697	NPT740	1	449776	PMID
NPC81907	NPC81907	NPT210	1	524477	PMID
NPC81907	NPC81907	NPT546	1	524481	PMID
NPC81907	NPC81907	NPT5981	1	524481	PMID
NPC81907	NPC81907	NPT5983	1	524481	PMID
NPC81907	NPC81907	NPT94	1	524477	PMID
NPC82016	NPC82016	NPT108	1	520748	PMID
NPC82016	NPC82016	NPT155	1	520766	PMID
NPC82016	NPC82016	NPT1603	1	520747	PMID
NPC82016	NPC82016	NPT1604	1	520747	PMID
NPC82016	NPC82016	NPT182	1	520762	PMID
NPC82016	NPC82016	NPT208	1	520747	PMID
NPC82016	NPC82016	NPT31	1	520772	PMID
NPC82016	NPC82016	NPT366	1	520769	PMID
NPC82016	NPC82016	NPT3960	1	520750	PMID
NPC82016	NPC82016	NPT570	1	520775	PMID
NPC82016	NPC82016	NPT668	1	520750	PMID
NPC8219	NPC8219	NPT253	1	484761	PMID
NPC82285	NPC82285	NPT410	1	536591	PMID
NPC82295	NPC82295	NPT1062	1	526741	PMID
NPC82295	NPC82295	NPT1063	1	526741	PMID
NPC82295	NPC82295	NPT233	1	526741	PMID
NPC82295	NPC82295	NPT346	1	526752	PMID
NPC82295	NPC82295	NPT947	1	526741	PMID
NPC82337	NPC82337	NPT106	1	468450	PMID
NPC82337	NPC82337	NPT866	1	468450	PMID
NPC82337	NPC82337	NPT99	1	468450	PMID
NPC8235	NPC8235	NPT204	1	538487	PMID
NPC8235	NPC8235	NPT50	1	538491	PMID
NPC82534	NPC82534	NPT3953	1	473763	PMID
NPC82733	NPC82733	NPT204	1	485648	PMID
NPC8283	NPC8283	NPT108	1	450455	PMID
NPC8283	NPC8283	NPT248	1	450455	PMID
NPC82862	NPC82862	NPT204	1	448147	PMID
NPC82920	NPC82920	NPT178	1	542435	PMID
NPC82920	NPC82920	NPT2266	1	542439	PMID
NPC8305	NPC8305	NPT145	2	503007;503008	PMID
NPC8305	NPC8305	NPT271	2	503007;503008	PMID
NPC8305	NPC8305	NPT272	2	503007;503008	PMID
NPC8305	NPC8305	NPT296	4	502996;503000;503002;503004	PMID
NPC83187	NPC83187	NPT210	1	450068	PMID
NPC83214	NPC83214	NPT94	1	505334	PMID
NPC83241	NPC83241	NPT3720	1	548025	PMID
NPC83241	NPC83241	NPT980	3	548022;548025;548026	PMID
NPC83287	NPC83287	NPT10	1	520240	PMID
NPC83287	NPC83287	NPT38	1	520239	PMID
NPC83287	NPC83287	NPT3969	1	520218	PMID
NPC83287	NPC83287	NPT3970	1	520239	PMID
NPC83287	NPC83287	NPT483	3	520238;520239;520240	PMID
NPC83287	NPC83287	NPT537	2	520239;520241	PMID
NPC83287	NPC83287	NPT538	2	520239;520241	PMID
NPC83287	NPC83287	NPT539	1	520244	PMID
NPC83287	NPC83287	NPT796	1	520243	PMID
NPC83287	NPC83287	NPT93	4	520238;520239;520240;520242	PMID
NPC83287	NPC83287	NPT98	1	520299	PMID
NPC83508	NPC83508	NPT1588	1	542007	PMID
NPC83508	NPC83508	NPT3971	1	542005	PMID
NPC83838	NPC83838	NPT3973	1	517946	PMID
NPC83987	NPC83987	NPT109	1	504420	PMID
NPC83987	NPC83987	NPT210	1	504412	PMID
NPC83987	NPC83987	NPT50	1	504412	PMID
NPC84171	NPC84171	NPT204	1	496909	PMID
NPC84281	NPC84281	NPT262	1	565774	PMID
NPC84281	NPC84281	NPT263	1	565777	PMID
NPC84281	NPC84281	NPT264	1	565774	PMID
NPC84281	NPC84281	NPT266	3	565773;565774;565777	PMID
NPC84281	NPC84281	NPT48	1	565762	PMID
NPC84281	NPC84281	NPT483	1	565763	PMID
NPC84281	NPC84281	NPT58	1	565763	PMID
NPC84281	NPC84281	NPT59	1	565762	PMID
NPC84319	NPC84319	NPT1210	1	492860	PMID
NPC84319	NPC84319	NPT1270	1	492866	PMID
NPC84319	NPC84319	NPT178	1	492860	PMID
NPC84319	NPC84319	NPT3783	1	492851	PMID
NPC84319	NPC84319	NPT41	1	492866	PMID
NPC84478	NPC84478	NPT109	1	569063	PMID
NPC84478	NPC84478	NPT110	1	569065	PMID
NPC84478	NPC84478	NPT1197	1	569064	PMID
NPC84478	NPC84478	NPT1226	2	569062;569063	PMID
NPC84478	NPC84478	NPT149	3	569062;569063;569065	PMID
NPC84478	NPC84478	NPT151	3	569062;569063;569064	PMID
NPC84478	NPC84478	NPT204	1	569073	PMID
NPC84478	NPC84478	NPT210	1	569065	PMID
NPC84478	NPC84478	NPT261	1	569080	PMID
NPC84478	NPC84478	NPT277	2	569062;569063	PMID
NPC84478	NPC84478	NPT47	2	569063;569064	PMID
NPC84478	NPC84478	NPT48	3	569062;569063;569064	PMID
NPC84478	NPC84478	NPT483	1	569064	PMID
NPC84478	NPC84478	NPT50	1	569063	PMID
NPC84478	NPC84478	NPT501	1	569062	PMID
NPC84478	NPC84478	NPT51	3	569063;569064;569066	PMID
NPC84478	NPC84478	NPT524	1	569064	PMID
NPC84478	NPC84478	NPT58	1	569063	PMID
NPC84478	NPC84478	NPT59	1	569064	PMID
NPC84478	NPC84478	NPT60	1	569064	PMID
NPC84478	NPC84478	NPT94	4	569062;569063;569064;569066	PMID
NPC84585	NPC84585	NPT1187	1	470968	PMID
NPC8466	NPC8466	NPT282	1	448430	PMID
NPC8466	NPC8466	NPT346	1	448429	PMID
NPC84750	NPC84750	NPT94	1	483029	PMID
NPC84772	NPC84772	NPT865	1	561891	PMID
NPC84786	NPC84786	NPT1384	1	502147	PMID
NPC84786	NPC84786	NPT2797	1	502138	PMID
NPC84786	NPC84786	NPT956	2	502145;502146	PMID
NPC84894	NPC84894	NPT1416	1	543432	PMID
NPC84894	NPC84894	NPT47	1	543432	PMID
NPC84894	NPC84894	NPT48	1	543432	PMID
NPC84894	NPC84894	NPT51	1	543432	PMID
NPC84894	NPC84894	NPT94	1	543432	PMID
NPC8493	NPC8493	NPT1079	1	488328	PMID
NPC85121	NPC85121	NPT178	1	506197	PMID
NPC85233	NPC85233	NPT109	1	568288	PMID
NPC85233	NPC85233	NPT1422	1	568291	PMID
NPC85233	NPC85233	NPT149	1	568288	PMID
NPC85233	NPC85233	NPT151	1	568288	PMID
NPC85233	NPC85233	NPT282	2	568288;568290	PMID
NPC85233	NPC85233	NPT48	3	568288;568289;568290	PMID
NPC85233	NPC85233	NPT51	1	568290	PMID
NPC85233	NPC85233	NPT668	1	568300	PMID
NPC85233	NPC85233	NPT94	2	568288;568289	PMID
NPC85276	NPC85276	NPT149	1	572186	PMID
NPC85276	NPC85276	NPT163	1	572186	PMID
NPC85276	NPC85276	NPT208	1	572186	PMID
NPC85276	NPC85276	NPT210	1	572186	PMID
NPC85276	NPC85276	NPT211	1	572186	PMID
NPC85276	NPC85276	NPT212	1	572186	PMID
NPC85276	NPC85276	NPT282	1	572186	PMID
NPC85276	NPC85276	NPT51	1	572187	PMID
NPC85276	NPC85276	NPT539	1	572186	PMID
NPC85276	NPC85276	NPT792	1	572186	PMID
NPC85276	NPC85276	NPT96	1	572186	PMID
NPC85393	NPC85393	NPT178	1	518023	PMID
NPC85393	NPC85393	NPT211	1	518022	PMID
NPC85435	NPC85435	NPT178	1	537298	PMID
NPC85488	NPC85488	NPT109	1	475992	PMID
NPC85488	NPC85488	NPT69	1	475995	PMID
NPC85488	NPC85488	NPT895	1	475986	PMID
NPC85488	NPC85488	NPT967	1	475985	PMID
NPC85661	NPC85661	NPT109	2	501288;501290	PMID
NPC85661	NPC85661	NPT51	3	501288;501289;501290	PMID
NPC85661	NPC85661	NPT93	1	501289	PMID
NPC85661	NPC85661	NPT94	3	501288;501289;501290	PMID
NPC85689	NPC85689	NPT216	1	568162	PMID
NPC85707	NPC85707	NPT109	1	520357	PMID
NPC85707	NPC85707	NPT110	1	520357	PMID
NPC85707	NPC85707	NPT1705	5	520359;520361;520362;520364;520365	PMID
NPC85751	NPC85751	NPT109	1	558792	PMID
NPC85813	NPC85813	NPT106	1	574158	PMID
NPC85813	NPC85813	NPT109	1	574146	PMID
NPC85813	NPC85813	NPT142	3	574143;574163;574165	PMID
NPC85813	NPC85813	NPT149	1	574146	PMID
NPC85813	NPC85813	NPT151	1	574146	PMID
NPC85813	NPC85813	NPT210	1	574146	PMID
NPC85813	NPC85813	NPT30	1	574135	PMID
NPC85813	NPC85813	NPT3504	1	574174	PMID
NPC85813	NPC85813	NPT4001	3	574143;574163;574165	PMID
NPC85813	NPC85813	NPT4003	1	574162	PMID
NPC85813	NPC85813	NPT441	1	574137	PMID
NPC85813	NPC85813	NPT483	1	574145	PMID
NPC85813	NPC85813	NPT50	1	574146	PMID
NPC85813	NPC85813	NPT792	1	574146	PMID
NPC85813	NPC85813	NPT866	2	574155;574158	PMID
NPC85813	NPC85813	NPT869	3	574136;574168;574172	PMID
NPC85813	NPC85813	NPT94	1	574146	PMID
NPC85813	NPC85813	NPT99	1	574158	PMID
NPC86007	NPC86007	NPT792	1	489994	PMID
NPC86370	NPC86370	NPT203	1	529400	PMID
NPC86370	NPC86370	NPT540	1	529401	PMID
NPC86372	NPC86372	NPT1591	1	493203	PMID
NPC86372	NPC86372	NPT956	3	493208;493209;493212	PMID
NPC86412	NPC86412	NPT483	1	472706	PMID
NPC86412	NPC86412	NPT864	1	472707	PMID
NPC86452	NPC86452	NPT212	1	495200	PMID
NPC86469	NPC86469	NPT110	1	506649	PMID
NPC86477	NPC86477	NPT1581	1	475427	PMID
NPC86477	NPC86477	NPT46	2	475429;475430	PMID
NPC86477	NPC86477	NPT47	2	475429;475430	PMID
NPC86477	NPC86477	NPT49	1	475430	PMID
NPC86477	NPC86477	NPT50	2	475429;475430	PMID
NPC86477	NPC86477	NPT570	1	475425	PMID
NPC86477	NPC86477	NPT58	2	475429;475430	PMID
NPC86533	NPC86533	NPT862	1	475835	PMID
NPC86655	NPC86655	NPT870	1	525679	PMID
NPC86670	NPC86670	NPT102	1	501006	PMID
NPC86847	NPC86847	NPT46	1	574122	PMID
NPC86847	NPC86847	NPT47	1	574122	PMID
NPC8704	NPC8704	NPT1090	1	496111	PMID
NPC8704	NPC8704	NPT280	1	496111	PMID
NPC8704	NPC8704	NPT567	1	496111	PMID
NPC8704	NPC8704	NPT568	1	496111	PMID
NPC87099	NPC87099	NPT208	1	455768	PMID
NPC87099	NPC87099	NPT240	2	455769;455770	PMID
NPC87125	NPC87125	NPT109	1	469280	PMID
NPC87125	NPC87125	NPT149	1	469280	PMID
NPC87125	NPC87125	NPT41	1	469283	PMID
NPC87125	NPC87125	NPT46	2	469279;469280	PMID
NPC87125	NPC87125	NPT47	1	469279	PMID
NPC87125	NPC87125	NPT48	1	469280	PMID
NPC87125	NPC87125	NPT483	1	469280	PMID
NPC87125	NPC87125	NPT50	1	469280	PMID
NPC87125	NPC87125	NPT51	1	469280	PMID
NPC87231	NPC87231	NPT1416	1	522791	PMID
NPC87231	NPC87231	NPT2854	1	522790	PMID
NPC87231	NPC87231	NPT51	1	522791	PMID
NPC87317	NPC87317	NPT4015	1	448641	PMID
NPC87317	NPC87317	NPT4016	1	448641	PMID
NPC87317	NPC87317	NPT568	1	448641	PMID
NPC87394	NPC87394	NPT4018	2	478301;Patent: US8962837 B2	PMID;Patent
NPC87404	NPC87404	NPT740	1	476597	PMID
NPC87545	NPC87545	NPT1587	1	453367	PMID
NPC87545	NPC87545	NPT1588	1	453367	PMID
NPC87545	NPC87545	NPT51	1	453364	PMID
NPC87545	NPC87545	NPT59	1	453364	PMID
NPC87545	NPC87545	NPT60	1	453364	PMID
NPC87564	NPC87564	NPT1211	1	467802	PMID
NPC87777	NPC87777	NPT30	1	490740	PMID
NPC87777	NPC87777	NPT31	1	490740	PMID
NPC88000	NPC88000	NPT41	1	527961	PMID
NPC88043	NPC88043	NPT285	1	521700	PMID
NPC88043	NPC88043	NPT50	1	521701	PMID
NPC88043	NPC88043	NPT60	1	521701	PMID
NPC88121	NPC88121	NPT50	1	495735	PMID
NPC88278	NPC88278	NPT483	1	550372	PMID
NPC88325	NPC88325	NPT210	1	449638	PMID
NPC88429	NPC88429	NPT582	1	545232	PMID
NPC88445	NPC88445	NPT1604	1	558105	PMID
NPC88445	NPC88445	NPT204	1	558094	PMID
NPC88445	NPC88445	NPT483	1	558096	PMID
NPC88445	NPC88445	NPT740	2	558095;558100	PMID
NPC88445	NPC88445	NPT94	1	558096	PMID
NPC886	NPC886	NPT182	1	483610	PMID
NPC88638	NPC88638	NPT61	2	476290;Patent: US9056847 B2	PMID;Patent
NPC88803	NPC88803	NPT109	1	468262	PMID
NPC88803	NPC88803	NPT149	1	468262	PMID
NPC88803	NPC88803	NPT151	1	468262	PMID
NPC88803	NPC88803	NPT1619	1	468262	PMID
NPC88803	NPC88803	NPT282	1	468262	PMID
NPC88803	NPC88803	NPT45	1	468262	PMID
NPC88803	NPC88803	NPT47	1	468262	PMID
NPC88803	NPC88803	NPT48	1	468262	PMID
NPC88803	NPC88803	NPT49	1	468262	PMID
NPC88803	NPC88803	NPT50	1	468262	PMID
NPC88803	NPC88803	NPT51	1	468262	PMID
NPC88803	NPC88803	NPT58	1	468262	PMID
NPC88803	NPC88803	NPT792	1	468262	PMID
NPC88803	NPC88803	NPT94	1	468262	PMID
NPC88803	NPC88803	NPT98	1	468263	PMID
NPC88804	NPC88804	NPT728	1	483658	PMID
NPC88839	NPC88839	NPT210	1	475936	PMID
NPC88923	NPC88923	NPT10	1	513413	PMID
NPC88923	NPC88923	NPT1038	1	513413	PMID
NPC88923	NPC88923	NPT109	1	513412	PMID
NPC88923	NPC88923	NPT1226	1	513412	PMID
NPC88923	NPC88923	NPT1416	1	513413	PMID
NPC88923	NPC88923	NPT1422	2	513393;513481	PMID
NPC88923	NPC88923	NPT143	1	513400	PMID
NPC88923	NPC88923	NPT145	1	513427	PMID
NPC88923	NPC88923	NPT149	1	513412	PMID
NPC88923	NPC88923	NPT210	1	513412	PMID
NPC88923	NPC88923	NPT277	1	513412	PMID
NPC88923	NPC88923	NPT282	1	513412	PMID
NPC88923	NPC88923	NPT2930	1	513412	PMID
NPC88923	NPC88923	NPT48	1	513413	PMID
NPC88923	NPC88923	NPT483	1	513413	PMID
NPC88923	NPC88923	NPT50	3	513412;513413;513415	PMID
NPC88923	NPC88923	NPT51	1	513413	PMID
NPC88923	NPC88923	NPT58	1	513413	PMID
NPC88923	NPC88923	NPT59	1	513413	PMID
NPC88923	NPC88923	NPT612	2	513446;513475	PMID
NPC88923	NPC88923	NPT668	7	513385;513390;513393;513441;513443;513444;513445	PMID
NPC88923	NPC88923	NPT713	5	513440;513471;513472;513475;513496	PMID
NPC88923	NPC88923	NPT792	1	513412	PMID
NPC88923	NPC88923	NPT796	1	513413	PMID
NPC88923	NPC88923	NPT864	1	513416	PMID
NPC88923	NPC88923	NPT94	2	513412;513413	PMID
NPC88923	NPC88923	NPT96	1	513412	PMID
NPC88966	NPC88966	NPT4030	1	453917	PMID
NPC89105	NPC89105	NPT864	1	555279	PMID
NPC89630	NPC89630	NPT3504	4	515714;515715;515716;515717	PMID
NPC89630	NPC89630	NPT3505	1	515716	PMID
NPC89630	NPC89630	NPT3506	2	515715;515716	PMID
NPC89630	NPC89630	NPT3507	2	515716;515717	PMID
NPC8965	NPC8965	NPT204	1	524970	PMID
NPC89886	NPC89886	NPT261	1	537006	PMID
NPC89886	NPC89886	NPT582	1	537006	PMID
NPC90161	NPC90161	NPT741	1	455672	PMID
NPC90411	NPC90411	NPT48	1	521564	PMID
NPC90411	NPC90411	NPT60	1	521564	PMID
NPC90411	NPC90411	NPT93	1	521564	PMID
NPC90478	NPC90478	NPT1037	1	21741846	PMID
NPC90478	NPC90478	NPT669	1	12130730	PMID
NPC90478	NPC90478	NPT713	1	22961681	PMID
NPC90652	NPC90652	NPT1197	1	480512	PMID
NPC90652	NPC90652	NPT51	1	480512	PMID
NPC90652	NPC90652	NPT524	1	480512	PMID
NPC90652	NPC90652	NPT59	1	480512	PMID
NPC90652	NPC90652	NPT93	1	480512	PMID
NPC90875	NPC90875	NPT1038	1	538239	PMID
NPC90875	NPC90875	NPT1197	1	538239	PMID
NPC90875	NPC90875	NPT151	1	538239	PMID
NPC90875	NPC90875	NPT282	1	538239	PMID
NPC90875	NPC90875	NPT4034	1	538239	PMID
NPC90875	NPC90875	NPT483	1	538239	PMID
NPC90875	NPC90875	NPT51	1	538239	PMID
NPC90875	NPC90875	NPT524	1	538239	PMID
NPC90875	NPC90875	NPT93	1	538239	PMID
NPC90896	NPC90896	NPT644	1	572127	PMID
NPC9099	NPC9099	NPT862	1	475872	PMID
NPC90998	NPC90998	NPT1028	1	549128	PMID
NPC90998	NPC90998	NPT1540	1	549126	PMID
NPC90998	NPC90998	NPT4036	1	549126	PMID
NPC90998	NPC90998	NPT4037	1	549126	PMID
NPC91234	NPC91234	NPT1371	1	544858	PMID
NPC91341	NPC91341	NPT204	1	17822295	PMID
NPC91369	NPC91369	NPT178	1	519995	PMID
NPC91478	NPC91478	NPT108	1	502788	PMID
NPC91478	NPC91478	NPT248	1	502788	PMID
NPC91478	NPC91478	NPT901	1	502799	PMID
NPC91495	NPC91495	NPT106	1	550313	PMID
NPC91495	NPC91495	NPT109	2	550307;550308	PMID
NPC91495	NPC91495	NPT149	2	550307;550308	PMID
NPC91495	NPC91495	NPT151	2	550307;550308	PMID
NPC91495	NPC91495	NPT277	1	550307	PMID
NPC91495	NPC91495	NPT441	1	550304	PMID
NPC91495	NPC91495	NPT45	1	550307	PMID
NPC91495	NPC91495	NPT47	2	550307;550308	PMID
NPC91495	NPC91495	NPT48	2	550307;550308	PMID
NPC91495	NPC91495	NPT483	1	550307	PMID
NPC91495	NPC91495	NPT50	1	550307	PMID
NPC91495	NPC91495	NPT51	2	550307;550308	PMID
NPC91495	NPC91495	NPT539	1	550307	PMID
NPC91495	NPC91495	NPT58	1	550307	PMID
NPC91495	NPC91495	NPT72	1	550314	PMID
NPC91495	NPC91495	NPT73	1	550314	PMID
NPC91495	NPC91495	NPT792	2	550307;550308	PMID
NPC91495	NPC91495	NPT864	1	550309	PMID
NPC91495	NPC91495	NPT866	2	550312;550313	PMID
NPC91495	NPC91495	NPT94	2	550307;550308	PMID
NPC91495	NPC91495	NPT99	1	550313	PMID
NPC91560	NPC91560	NPT441	1	511838	PMID
NPC9161	NPC9161	NPT713	1	450432	PMID
NPC91695	NPC91695	NPT98	1	544207	PMID
NPC91887	NPC91887	NPT1079	4	469611;469612;469616;469618	PMID
NPC91887	NPC91887	NPT1080	2	469612;469616	PMID
NPC92075	NPC92075	NPT178	2	28522265;32196343	PMID
NPC92111	NPC92111	NPT110	1	491920	PMID
NPC92111	NPC92111	NPT1785	1	491899	PMID
NPC92111	NPC92111	NPT208	1	491920	PMID
NPC92111	NPC92111	NPT212	1	491920	PMID
NPC92111	NPC92111	NPT290	2	491906;491916	PMID
NPC92111	NPC92111	NPT291	1	491916	PMID
NPC92111	NPC92111	NPT292	2	491915;491916	PMID
NPC92111	NPC92111	NPT294	5	491899;491901;491907;491917;491924	PMID
NPC92111	NPC92111	NPT4046	1	491928	PMID
NPC92111	NPC92111	NPT4047	1	491928	PMID
NPC92111	NPC92111	NPT864	1	491919	PMID
NPC92111	NPC92111	NPT92	3	491914;491918;491919	PMID
NPC92111	NPC92111	NPT973	1	491914	PMID
NPC92111	NPC92111	NPT974	2	491909;491915	PMID
NPC92114	NPC92114	NPT144	1	552978	PMID
NPC92246	NPC92246	NPT1667	2	524440;524442	PMID
NPC92246	NPC92246	NPT3783	1	524440	PMID
NPC92299	NPC92299	NPT862	1	28558206	PMID
NPC92403	NPC92403	NPT4034	1	564697	PMID
NPC92403	NPC92403	NPT45	1	564697	PMID
NPC92403	NPC92403	NPT50	1	564697	PMID
NPC92403	NPC92403	NPT532	1	564697	PMID
NPC92403	NPC92403	NPT864	1	564697	PMID
NPC92722	NPC92722	NPT1416	1	478321	PMID
NPC92722	NPC92722	NPT51	1	478321	PMID
NPC92730	NPC92730	NPT108	4	495222;495231;495235;495241	PMID
NPC92730	NPC92730	NPT109	2	495215;495216	PMID
NPC92730	NPC92730	NPT149	1	495215	PMID
NPC92730	NPC92730	NPT151	1	495215	PMID
NPC92730	NPC92730	NPT153	1	495226	PMID
NPC92730	NPC92730	NPT210	1	495215	PMID
NPC92730	NPC92730	NPT228	1	495222	PMID
NPC92730	NPC92730	NPT246	1	495222	PMID
NPC92730	NPC92730	NPT248	2	495226;495241	PMID
NPC92730	NPC92730	NPT294	1	495222	PMID
NPC92730	NPC92730	NPT295	1	495222	PMID
NPC92730	NPC92730	NPT3033	1	495233	PMID
NPC92754	NPC92754	NPT483	1	568671	PMID
NPC92815	NPC92815	NPT1062	1	538822	PMID
NPC92815	NPC92815	NPT233	1	538822	PMID
NPC92815	NPC92815	NPT949	1	538822	PMID
NPC92815	NPC92815	NPT955	1	538822	PMID
NPC92830	NPC92830	NPT3101	1	496398	PMID
NPC92830	NPC92830	NPT947	1	496398	PMID
NPC92830	NPC92830	NPT948	1	496398	PMID
NPC92830	NPC92830	NPT949	1	496398	PMID
NPC92830	NPC92830	NPT955	1	496398	PMID
NPC92869	NPC92869	NPT109	1	529556	PMID
NPC92869	NPC92869	NPT792	1	529556	PMID
NPC93027	NPC93027	NPT204	1	520878	PMID
NPC93084	NPC93084	NPT483	1	525459	PMID
NPC93084	NPC93084	NPT94	1	525460	PMID
NPC93219	NPC93219	NPT204	1	466500	PMID
NPC93219	NPC93219	NPT740	1	466502	PMID
NPC93241	NPC93241	NPT166	1	509893	PMID
NPC93241	NPC93241	NPT203	1	509893	PMID
NPC93241	NPC93241	NPT205	1	509894	PMID
NPC93241	NPC93241	NPT206	1	509894	PMID
NPC93241	NPC93241	NPT50	1	509888	PMID
NPC93241	NPC93241	NPT51	1	509888	PMID
NPC93241	NPC93241	NPT58	1	509888	PMID
NPC93241	NPC93241	NPT59	1	509888	PMID
NPC93365	NPC93365	NPT4059	1	507902	PMID
NPC93365	NPC93365	NPT912	4	507900;507904;507906;507907	PMID
NPC93376	NPC93376	NPT3213	1	486161	PMID
NPC93556	NPC93556	NPT1044	1	31618025	PMID
NPC93556	NPC93556	NPT1079	4	28505447;29989811;30297119;31910017	PMID
NPC93556	NPC93556	NPT1080	1	30297119	PMID
NPC93556	NPC93556	NPT322	1	31618025	PMID
NPC93556	NPC93556	NPT956	1	29329790	PMID
NPC93610	NPC93610	NPT1214	1	474369	PMID
NPC93653	NPC93653	NPT1416	1	506711	PMID
NPC93653	NPC93653	NPT151	1	506711	PMID
NPC93653	NPC93653	NPT48	1	506711	PMID
NPC93653	NPC93653	NPT93	1	506711	PMID
NPC93653	NPC93653	NPT94	1	506711	PMID
NPC93685	NPC93685	NPT472	7	525000;525001;525008;525011;525013;525015;525016	PMID
NPC93730	NPC93730	NPT109	1	476230	PMID
NPC93730	NPC93730	NPT153	1	476226	PMID
NPC93730	NPC93730	NPT1604	1	476247	PMID
NPC93730	NPC93730	NPT233	1	476238	PMID
NPC93730	NPC93730	NPT282	1	476230	PMID
NPC93730	NPC93730	NPT48	1	476230	PMID
NPC93730	NPC93730	NPT483	1	476230	PMID
NPC93730	NPC93730	NPT539	1	476230	PMID
NPC93730	NPC93730	NPT792	1	476217	PMID
NPC93730	NPC93730	NPT947	1	476238	PMID
NPC93730	NPC93730	NPT948	1	476238	PMID
NPC93730	NPC93730	NPT949	1	476238	PMID
NPC93739	NPC93739	NPT47	1	521445	PMID
NPC93739	NPC93739	NPT48	1	521445	PMID
NPC93739	NPC93739	NPT51	1	521445	PMID
NPC93739	NPC93739	NPT58	1	521445	PMID
NPC93739	NPC93739	NPT59	1	521445	PMID
NPC93739	NPC93739	NPT60	1	521445	PMID
NPC93739	NPC93739	NPT956	1	521447	PMID
NPC93756	NPC93756	NPT109	1	542032	PMID
NPC93756	NPC93756	NPT51	1	542032	PMID
NPC93756	NPC93756	NPT539	1	542032	PMID
NPC93783	NPC93783	NPT211	1	488404	PMID
NPC93882	NPC93882	NPT109	2	463248;463250	PMID
NPC93882	NPC93882	NPT110	1	463248	PMID
NPC93882	NPC93882	NPT151	1	463247	PMID
NPC93882	NPC93882	NPT208	1	463248	PMID
NPC93882	NPC93882	NPT212	1	463248	PMID
NPC93882	NPC93882	NPT213	1	463248	PMID
NPC93882	NPC93882	NPT58	1	463247	PMID
NPC93882	NPC93882	NPT792	1	463248	PMID
NPC93882	NPC93882	NPT796	1	463249	PMID
NPC93882	NPC93882	NPT94	1	463247	PMID
NPC93962	NPC93962	NPT178	1	573498	PMID
NPC93962	NPC93962	NPT204	1	573497	PMID
NPC94045	NPC94045	NPT109	1	480984	PMID
NPC94045	NPC94045	NPT149	1	480984	PMID
NPC94045	NPC94045	NPT151	1	480984	PMID
NPC94045	NPC94045	NPT45	1	480984	PMID
NPC94045	NPC94045	NPT472	1	480989	PMID
NPC94045	NPC94045	NPT48	1	480984	PMID
NPC94045	NPC94045	NPT51	1	480984	PMID
NPC94045	NPC94045	NPT539	1	480984	PMID
NPC94045	NPC94045	NPT93	1	480984	PMID
NPC94045	NPC94045	NPT94	1	480984	PMID
NPC94167	NPC94167	NPT109	1	476805	PMID
NPC94167	NPC94167	NPT1226	1	476805	PMID
NPC94167	NPC94167	NPT149	1	476805	PMID
NPC94167	NPC94167	NPT151	1	476805	PMID
NPC94167	NPC94167	NPT157	1	476805	PMID
NPC94167	NPC94167	NPT277	1	476805	PMID
NPC94167	NPC94167	NPT282	1	476805	PMID
NPC94167	NPC94167	NPT47	1	476805	PMID
NPC94167	NPC94167	NPT50	1	476805	PMID
NPC94167	NPC94167	NPT792	1	476805	PMID
NPC94167	NPC94167	NPT94	1	476805	PMID
NPC94298	NPC94298	NPT210	1	454541	PMID
NPC94298	NPC94298	NPT50	1	454542	PMID
NPC94298	NPC94298	NPT94	1	454542	PMID
NPC94319	NPC94319	NPT2755	1	519548	PMID
NPC94319	NPC94319	NPT94	1	519642	PMID
NPC94368	NPC94368	NPT208	1	505405	PMID
NPC94632	NPC94632	NPT483	1	548146	PMID
NPC94632	NPC94632	NPT94	1	548147	PMID
NPC9470	NPC9470	NPT1109	1	546497	PMID
NPC9470	NPC9470	NPT1110	1	546497	PMID
NPC9470	NPC9470	NPT1111	1	546497	PMID
NPC94796	NPC94796	NPT981	1	466066	PMID
NPC94980	NPC94980	NPT94	1	474012	PMID
NPC95034	NPC95034	NPT540	1	570465	PMID
NPC95123	NPC95123	NPT1038	1	476031	PMID
NPC95123	NPC95123	NPT59	1	476031	PMID
NPC95126	NPC95126	NPT3174	1	481660	PMID
NPC95162	NPC95162	NPT1226	2	450904;450905	PMID
NPC95162	NPC95162	NPT149	3	450904;450905;450906	PMID
NPC95162	NPC95162	NPT151	2	450904;450905	PMID
NPC95162	NPC95162	NPT212	1	450906	PMID
NPC95162	NPC95162	NPT213	1	450906	PMID
NPC95162	NPC95162	NPT233	1	450912	PMID
NPC95162	NPC95162	NPT277	2	450904;450905	PMID
NPC95162	NPC95162	NPT282	2	450904;450905	PMID
NPC95162	NPC95162	NPT30	1	450902	PMID
NPC95162	NPC95162	NPT3101	1	450912	PMID
NPC95162	NPC95162	NPT48	2	450904;450905	PMID
NPC95162	NPC95162	NPT50	1	450904	PMID
NPC95162	NPC95162	NPT51	2	450904;450905	PMID
NPC95162	NPC95162	NPT57	1	450916	PMID
NPC95162	NPC95162	NPT792	1	450905	PMID
NPC95162	NPC95162	NPT93	1	450905	PMID
NPC95162	NPC95162	NPT94	2	450904;450905	PMID
NPC95162	NPC95162	NPT947	1	450912	PMID
NPC95162	NPC95162	NPT948	1	450912	PMID
NPC95162	NPC95162	NPT949	1	450912	PMID
NPC95162	NPC95162	NPT955	1	450912	PMID
NPC95172	NPC95172	NPT958	1	517680	PMID
NPC95309	NPC95309	NPT233	1	469595	PMID
NPC95309	NPC95309	NPT947	1	469595	PMID
NPC95309	NPC95309	NPT948	1	469595	PMID
NPC95309	NPC95309	NPT949	1	469595	PMID
NPC95309	NPC95309	NPT954	1	469595	PMID
NPC95309	NPC95309	NPT955	1	469595	PMID
NPC95381	NPC95381	NPT1592	1	470546	PMID
NPC95381	NPC95381	NPT77	1	470550	PMID
NPC95412	NPC95412	NPT109	1	494404	PMID
NPC95412	NPC95412	NPT149	1	494404	PMID
NPC95412	NPC95412	NPT151	1	494404	PMID
NPC95412	NPC95412	NPT282	2	494404;494408	PMID
NPC95412	NPC95412	NPT48	1	494404	PMID
NPC95412	NPC95412	NPT50	1	494404	PMID
NPC95412	NPC95412	NPT51	1	494404	PMID
NPC95412	NPC95412	NPT713	2	494418;494419	PMID
NPC95412	NPC95412	NPT72	1	494415	PMID
NPC95412	NPC95412	NPT73	1	494415	PMID
NPC95412	NPC95412	NPT94	1	494404	PMID
NPC95472	NPC95472	NPT48	1	468369	PMID
NPC95472	NPC95472	NPT59	1	468369	PMID
NPC95472	NPC95472	NPT864	1	468369	PMID
NPC95589	NPC95589	NPT1062	1	498462	PMID
NPC95589	NPC95589	NPT1063	1	498462	PMID
NPC95589	NPC95589	NPT1143	1	498462	PMID
NPC95589	NPC95589	NPT1144	1	498462	PMID
NPC95589	NPC95589	NPT1146	1	498462	PMID
NPC95589	NPC95589	NPT149	1	498463	PMID
NPC95589	NPC95589	NPT208	1	498463	PMID
NPC95589	NPC95589	NPT213	1	498463	PMID
NPC95589	NPC95589	NPT233	2	498462;498467	PMID
NPC95589	NPC95589	NPT4104	1	498458	PMID
NPC95589	NPC95589	NPT47	1	498464	PMID
NPC95589	NPC95589	NPT5859	1	498482	PMID
NPC95589	NPC95589	NPT792	1	498463	PMID
NPC95589	NPC95589	NPT947	2	498462;498467	PMID
NPC95589	NPC95589	NPT948	2	498462;498467	PMID
NPC95589	NPC95589	NPT949	2	498462;498467	PMID
NPC95589	NPC95589	NPT954	1	498462	PMID
NPC95589	NPC95589	NPT955	1	498462	PMID
NPC95589	NPC95589	NPT96	1	498465	PMID
NPC95679	NPC95679	NPT2230	1	572234	PMID
NPC95716	NPC95716	NPT108	1	491135	PMID
NPC95716	NPC95716	NPT248	1	491135	PMID
NPC95716	NPC95716	NPT665	1	491138	PMID
NPC95716	NPC95716	NPT669	1	491138	PMID
NPC95755	NPC95755	NPT208	1	485010	PMID
NPC95868	NPC95868	NPT1197	1	450767	PMID
NPC95868	NPC95868	NPT483	1	450767	PMID
NPC95868	NPC95868	NPT51	1	450768	PMID
NPC95965	NPC95965	NPT4109	1	458789	PMID
NPC96010	NPC96010	NPT1898	1	492497	PMID
NPC9609	NPC9609	NPT585	1	470327	PMID
NPC96102	NPC96102	NPT1078	2	469377;469383	PMID
NPC96102	NPC96102	NPT109	1	469364	PMID
NPC96102	NPC96102	NPT110	1	469364	PMID
NPC96102	NPC96102	NPT163	1	469364	PMID
NPC96102	NPC96102	NPT1634	1	469370	PMID
NPC96102	NPC96102	NPT1785	1	469382	PMID
NPC96102	NPC96102	NPT208	1	469364	PMID
NPC96102	NPC96102	NPT240	1	469375	PMID
NPC96102	NPC96102	NPT2599	1	469375	PMID
NPC96102	NPC96102	NPT290	1	469374	PMID
NPC96102	NPC96102	NPT292	1	469351	PMID
NPC96102	NPC96102	NPT294	2	469352;469369	PMID
NPC96102	NPC96102	NPT3595	1	469359	PMID
NPC96102	NPC96102	NPT973	1	469354	PMID
NPC96102	NPC96102	NPT974	1	469354	PMID
NPC96286	NPC96286	NPT109	1	543944	PMID
NPC96286	NPC96286	NPT1224	1	543935	PMID
NPC96286	NPC96286	NPT31	1	543958	PMID
NPC96286	NPC96286	NPT4115	1	543941	PMID
NPC96286	NPC96286	NPT570	1	543938	PMID
NPC96286	NPC96286	NPT668	1	543957	PMID
NPC96286	NPC96286	NPT94	2	543943;543944	PMID
NPC96294	NPC96294	NPT3101	1	503024	PMID
NPC96294	NPC96294	NPT947	1	503024	PMID
NPC96294	NPC96294	NPT948	1	503024	PMID
NPC96294	NPC96294	NPT949	1	503024	PMID
NPC96294	NPC96294	NPT955	1	503024	PMID
NPC96321	NPC96321	NPT346	2	458226;458227	PMID
NPC96321	NPC96321	NPT472	2	458226;458227	PMID
NPC9639	NPC9639	NPT94	1	458305	PMID
NPC96408	NPC96408	NPT204	1	458352	PMID
NPC96408	NPC96408	NPT439	1	458352	PMID
NPC96565	NPC96565	NPT1464	1	507241	PMID
NPC96565	NPC96565	NPT204	1	507238	PMID
NPC96565	NPC96565	NPT30	1	507234	PMID
NPC96565	NPC96565	NPT439	1	507238	PMID
NPC96565	NPC96565	NPT740	1	507236	PMID
NPC96619	NPC96619	NPT210	1	515135	PMID
NPC96619	NPC96619	NPT539	1	515135	PMID
NPC96619	NPC96619	NPT94	1	515135	PMID
NPC96663	NPC96663	NPT178	1	499348	PMID
NPC96835	NPC96835	NPT149	1	528553	PMID
NPC96835	NPC96835	NPT210	1	528553	PMID
NPC96835	NPC96835	NPT240	2	528550;528552	PMID
NPC96835	NPC96835	NPT50	1	528553	PMID
NPC96835	NPC96835	NPT94	1	528553	PMID
NPC96915	NPC96915	NPT51	1	514065	PMID
NPC96940	NPC96940	NPT1287	23	548818;548820;548827;548829;548831;548835;548837;548839;548840;548842;548844;548850;548851;548852;548854;548855;548856;548865;548870;548872;548882;548883;548884	PMID
NPC96940	NPC96940	NPT232	19	548814;548820;548827;548829;548835;548839;548840;548850;548851;548852;548854;548855;548856;548865;548870;548872;548878;548882;548883	PMID
NPC96940	NPC96940	NPT244	1	548874	PMID
NPC96940	NPC96940	NPT4119	2	548854;548855	PMID
NPC96940	NPC96940	NPT4120	2	548854;548855	PMID
NPC96940	NPC96940	NPT426	1	548867	PMID
NPC96940	NPC96940	NPT543	1	548868	PMID
NPC97028	NPC97028	NPT1422	1	520373	PMID
NPC97260	NPC97260	NPT210	1	546492	PMID
NPC97260	NPC97260	NPT50	1	546492	PMID
NPC97380	NPC97380	NPT92	1	491383	PMID
NPC9743	NPC9743	NPT109	1	545701	PMID
NPC9743	NPC9743	NPT1119	1	545701	PMID
NPC9743	NPC9743	NPT149	1	545701	PMID
NPC9743	NPC9743	NPT163	1	545701	PMID
NPC9743	NPC9743	NPT208	1	545701	PMID
NPC9743	NPC9743	NPT211	1	545701	PMID
NPC9743	NPC9743	NPT282	1	545701	PMID
NPC9743	NPC9743	NPT792	1	545701	PMID
NPC97432	NPC97432	NPT1566	1	557180	PMID
NPC97525	NPC97525	NPT1287	1	553996	PMID
NPC97525	NPC97525	NPT232	1	553996	PMID
NPC97578	NPC97578	NPT30	1	509209	PMID
NPC97578	NPC97578	NPT31	1	509209	PMID
NPC97716	NPC97716	NPT178	1	479590	PMID
NPC97811	NPC97811	NPT295	1	550719	PMID
NPC97870	NPC97870	NPT109	1	575328	PMID
NPC97870	NPC97870	NPT163	1	575322	PMID
NPC97870	NPC97870	NPT208	1	575323	PMID
NPC97870	NPC97870	NPT210	1	575324	PMID
NPC97870	NPC97870	NPT48	1	575323	PMID
NPC97870	NPC97870	NPT483	1	575321	PMID
NPC97870	NPC97870	NPT50	1	575325	PMID
NPC97870	NPC97870	NPT501	1	575325	PMID
NPC97870	NPC97870	NPT58	2	575325;575327	PMID
NPC97870	NPC97870	NPT796	1	575326	PMID
NPC97870	NPC97870	NPT96	1	575323	PMID
NPC97939	NPC97939	NPT1197	1	497385	PMID
NPC97939	NPC97939	NPT483	1	497385	PMID
NPC97939	NPC97939	NPT59	1	497385	PMID
NPC97939	NPC97939	NPT93	1	497385	PMID
NPC98028	NPC98028	NPT149	1	497197	PMID
NPC98028	NPC98028	NPT48	1	497198	PMID
NPC98028	NPC98028	NPT538	1	497198	PMID
NPC98028	NPC98028	NPT94	1	497198	PMID
NPC98098	NPC98098	NPT210	1	523346	PMID
NPC98098	NPC98098	NPT539	1	523346	PMID
NPC98179	NPC98179	NPT204	1	538023	PMID
NPC98254	NPC98254	NPT728	1	460156	PMID
NPC98371	NPC98371	NPT1028	1	482055	PMID
NPC98371	NPC98371	NPT1265	12	481861;481862;481866;481873;481982;482027;482075;482079;482095;482107;482154;482163	PMID
NPC98371	NPC98371	NPT13	11	481814;481873;481877;481885;481931;481933;482036;482061;482075;482107;482163	PMID
NPC98371	NPC98371	NPT1337	17	481843;481873;481931;481933;481982;482018;482034;482036;482043;482053;482075;482076;482091;482107;482142;482148;482163	PMID
NPC98371	NPC98371	NPT1371	4	481864;481873;481956;482036	PMID
NPC98371	NPC98371	NPT14	5	481845;481885;482036;482107;482163	PMID
NPC98371	NPC98371	NPT1423	4	481818;481842;481881;482019	PMID
NPC98371	NPC98371	NPT1424	4	481843;481907;482019;482090	PMID
NPC98371	NPC98371	NPT1426	6	481897;481933;482061;482107;482122;482163	PMID
NPC98371	NPC98371	NPT1427	4	482032;482107;482122;482163	PMID
NPC98371	NPC98371	NPT1430	6	481841;481842;481843;482032;482107;482163	PMID
NPC98371	NPC98371	NPT1431	4	481869;482094;482107;482163	PMID
NPC98371	NPC98371	NPT1432	20	481873;481880;481931;481933;481978;481986;481998;482018;482019;482030;482032;482036;482075;482090;482091;482100;482107;482138;482163;482177	PMID
NPC98371	NPC98371	NPT1433	10	481982;481998;482002;482030;482035;482100;482107;482138;482163;482177	PMID
NPC98371	NPC98371	NPT1434	5	482008;482018;482032;482095;482171	PMID
NPC98371	NPC98371	NPT1435	5	481873;482036;482107;482139;482163	PMID
NPC98371	NPC98371	NPT1436	11	481933;481958;481982;481994;482018;482019;482061;482091;482095;482107;482163	PMID
NPC98371	NPC98371	NPT1437	3	482036;482107;482163	PMID
NPC98371	NPC98371	NPT1438	10	481818;481897;481912;481933;481982;482018;482036;482091;482107;482163	PMID
NPC98371	NPC98371	NPT1439	4	482042;482052;482107;482163	PMID
NPC98371	NPC98371	NPT144	4	481932;481946;481961;482029	PMID
NPC98371	NPC98371	NPT1440	15	481850;481873;481879;481933;482018;482031;482036;482042;482052;482061;482075;482095;482107;482128;482163	PMID
NPC98371	NPC98371	NPT1441	7	481842;481889;481894;481897;481948;482107;482163	PMID
NPC98371	NPC98371	NPT1442	4	481873;482075;482107;482163	PMID
NPC98371	NPC98371	NPT1443	2	482107;482163	PMID
NPC98371	NPC98371	NPT1447	2	482107;482163	PMID
NPC98371	NPC98371	NPT1448	3	482032;482107;482163	PMID
NPC98371	NPC98371	NPT1449	11	481871;481873;481874;481933;481986;482018;482036;482061;482075;482107;482163	PMID
NPC98371	NPC98371	NPT1478	26	481818;481820;481841;481842;481873;481891;481925;481933;481947;481982;482015;482016;482018;482036;482039;482040;482052;482053;482056;482075;482080;482081;482091;482107;482141;482163	PMID
NPC98371	NPC98371	NPT1479	9	481841;481842;481933;482018;482036;482053;482091;482107;482163	PMID
NPC98371	NPC98371	NPT1480	5	481873;482036;482107;482163;482172	PMID
NPC98371	NPC98371	NPT1481	7	481873;481933;482018;482036;482107;482163;482172	PMID
NPC98371	NPC98371	NPT1598	1	481897	PMID
NPC98371	NPC98371	NPT1608	12	481841;481842;481864;481873;481881;481890;481931;481935;482032;482075;482107;482163	PMID
NPC98371	NPC98371	NPT1611	4	482032;482107;482161;482163	PMID
NPC98371	NPC98371	NPT1612	2	482107;482163	PMID
NPC98371	NPC98371	NPT1613	3	482032;482107;482163	PMID
NPC98371	NPC98371	NPT1614	2	482107;482163	PMID
NPC98371	NPC98371	NPT1615	2	482107;482163	PMID
NPC98371	NPC98371	NPT1630	4	481873;482075;482107;482163	PMID
NPC98371	NPC98371	NPT1650	13	481873;481933;481937;482002;482018;482036;482053;482075;482080;482107;482129;482163;482179	PMID
NPC98371	NPC98371	NPT1656	4	481982;482036;482107;482163	PMID
NPC98371	NPC98371	NPT1658	3	481982;482107;482163	PMID
NPC98371	NPC98371	NPT1659	5	481982;482036;482106;482107;482163	PMID
NPC98371	NPC98371	NPT1660	4	481982;482107;482122;482163	PMID
NPC98371	NPC98371	NPT1661	11	481931;481933;481982;482018;482032;482036;482043;482054;482095;482107;482163	PMID
NPC98371	NPC98371	NPT1663	4	482036;482061;482107;482163	PMID
NPC98371	NPC98371	NPT1672	2	482107;482163	PMID
NPC98371	NPC98371	NPT1673	2	482107;482163	PMID
NPC98371	NPC98371	NPT1674	2	482107;482163	PMID
NPC98371	NPC98371	NPT1675	2	482107;482163	PMID
NPC98371	NPC98371	NPT1676	2	482107;482163	PMID
NPC98371	NPC98371	NPT1677	2	482107;482163	PMID
NPC98371	NPC98371	NPT1678	2	482107;482163	PMID
NPC98371	NPC98371	NPT1680	9	481873;481881;481890;481914;481931;481935;482075;482107;482163	PMID
NPC98371	NPC98371	NPT1681	2	482107;482163	PMID
NPC98371	NPC98371	NPT1682	2	482107;482163	PMID
NPC98371	NPC98371	NPT1683	2	482107;482163	PMID
NPC98371	NPC98371	NPT1684	2	482107;482163	PMID
NPC98371	NPC98371	NPT1685	2	482107;482163	PMID
NPC98371	NPC98371	NPT1686	2	482107;482163	PMID
NPC98371	NPC98371	NPT1687	2	482107;482163	PMID
NPC98371	NPC98371	NPT1688	2	482107;482163	PMID
NPC98371	NPC98371	NPT1689	6	482031;482036;482042;482107;482128;482163	PMID
NPC98371	NPC98371	NPT1690	2	482107;482163	PMID
NPC98371	NPC98371	NPT1691	3	481820;482107;482163	PMID
NPC98371	NPC98371	NPT1693	2	482107;482163	PMID
NPC98371	NPC98371	NPT1695	4	482050;482107;482131;482163	PMID
NPC98371	NPC98371	NPT1696	2	482107;482163	PMID
NPC98371	NPC98371	NPT1697	2	482107;482163	PMID
NPC98371	NPC98371	NPT1699	2	482032;482095	PMID
NPC98371	NPC98371	NPT1700	4	481855;481862;482107;482163	PMID
NPC98371	NPC98371	NPT1701	3	482062;482107;482163	PMID
NPC98371	NPC98371	NPT1702	2	482107;482163	PMID
NPC98371	NPC98371	NPT1703	4	481979;482036;482061;482107	PMID
NPC98371	NPC98371	NPT1705	3	481931;482107;482163	PMID
NPC98371	NPC98371	NPT1706	2	482107;482163	PMID
NPC98371	NPC98371	NPT1707	2	482107;482163	PMID
NPC98371	NPC98371	NPT1708	2	482107;482163	PMID
NPC98371	NPC98371	NPT1709	2	482107;482163	PMID
NPC98371	NPC98371	NPT1710	2	482107;482163	PMID
NPC98371	NPC98371	NPT1711	2	482107;482163	PMID
NPC98371	NPC98371	NPT1712	3	481960;482107;482163	PMID
NPC98371	NPC98371	NPT1713	2	482107;482163	PMID
NPC98371	NPC98371	NPT1717	3	482107;482122;482163	PMID
NPC98371	NPC98371	NPT1721	6	481873;482062;482075;482107;482122;482163	PMID
NPC98371	NPC98371	NPT182	15	481807;481812;481818;481826;481834;481843;481873;481915;482036;482061;482075;482094;482107;482122;482163	PMID
NPC98371	NPC98371	NPT1890	2	482107;482163	PMID
NPC98371	NPC98371	NPT2546	7	481841;481842;481843;481864;482032;482107;482163	PMID
NPC98371	NPC98371	NPT2572	4	481873;482075;482107;482163	PMID
NPC98371	NPC98371	NPT2573	9	481841;481842;481873;482036;482075;482080;482091;482107;482163	PMID
NPC98371	NPC98371	NPT2574	6	481820;481873;482036;482075;482107;482163	PMID
NPC98371	NPC98371	NPT2575	7	482019;482036;482070;482090;482091;482107;482163	PMID
NPC98371	NPC98371	NPT2576	6	481873;482036;482075;482107;482146;482163	PMID
NPC98371	NPC98371	NPT2626	4	481814;481829;482107;482163	PMID
NPC98371	NPC98371	NPT2729	11	481838;481873;481933;481984;482032;482036;482061;482075;482091;482107;482163	PMID
NPC98371	NPC98371	NPT2750	2	482107;482163	PMID
NPC98371	NPC98371	NPT281	11	481843;481864;481873;481880;481897;481978;482018;482019;482075;482107;482163	PMID
NPC98371	NPC98371	NPT282	11	481810;481818;481820;481841;481842;481873;481933;482036;482075;482107;482163	PMID
NPC98371	NPC98371	NPT283	2	482036;482046	PMID
NPC98371	NPC98371	NPT285	19	481809;481818;481873;481897;481907;481933;482018;482025;482036;482045;482052;482053;482057;482063;482102;482103;482107;482139;482163	PMID
NPC98371	NPC98371	NPT286	6	482036;482045;482103;482107;482139;482163	PMID
NPC98371	NPC98371	NPT2941	3	482036;482107;482163	PMID
NPC98371	NPC98371	NPT301	7	481873;482036;482075;482080;482091;482107;482163	PMID
NPC98371	NPC98371	NPT3020	6	481873;482036;482053;482075;482107;482163	PMID
NPC98371	NPC98371	NPT3106	6	481873;481931;482032;482075;482107;482163	PMID
NPC98371	NPC98371	NPT3107	4	482074;482094;482107;482163	PMID
NPC98371	NPC98371	NPT3109	2	482107;482163	PMID
NPC98371	NPC98371	NPT3111	9	481873;481885;481933;482018;482036;482061;482075;482107;482163	PMID
NPC98371	NPC98371	NPT3112	2	482107;482163	PMID
NPC98371	NPC98371	NPT3113	2	482107;482163	PMID
NPC98371	NPC98371	NPT3114	3	482098;482107;482163	PMID
NPC98371	NPC98371	NPT3120	3	482075;482107;482163	PMID
NPC98371	NPC98371	NPT3124	4	481807;481826;482107;482163	PMID
NPC98371	NPC98371	NPT3160	1	482003	PMID
NPC98371	NPC98371	NPT3168	3	481897;482107;482163	PMID
NPC98371	NPC98371	NPT3174	2	481877;482095	PMID
NPC98371	NPC98371	NPT3204	2	482107;482163	PMID
NPC98371	NPC98371	NPT3205	2	482107;482163	PMID
NPC98371	NPC98371	NPT3206	2	482107;482163	PMID
NPC98371	NPC98371	NPT3211	2	482107;482163	PMID
NPC98371	NPC98371	NPT3212	3	482036;482107;482163	PMID
NPC98371	NPC98371	NPT3213	3	482075;482107;482163	PMID
NPC98371	NPC98371	NPT3214	3	482036;482107;482163	PMID
NPC98371	NPC98371	NPT3215	4	481985;482036;482107;482163	PMID
NPC98371	NPC98371	NPT3216	2	482107;482163	PMID
NPC98371	NPC98371	NPT3217	4	481873;482075;482107;482163	PMID
NPC98371	NPC98371	NPT3218	2	482107;482163	PMID
NPC98371	NPC98371	NPT3219	2	482107;482163	PMID
NPC98371	NPC98371	NPT3220	2	482107;482163	PMID
NPC98371	NPC98371	NPT3221	1	482169	PMID
NPC98371	NPC98371	NPT3223	4	481873;482075;482107;482163	PMID
NPC98371	NPC98371	NPT3224	2	482107;482163	PMID
NPC98371	NPC98371	NPT3225	3	482036;482107;482163	PMID
NPC98371	NPC98371	NPT3227	8	481873;481933;482018;482036;482075;482107;482163;482172	PMID
NPC98371	NPC98371	NPT3230	1	482008	PMID
NPC98371	NPC98371	NPT3231	2	482107;482163	PMID
NPC98371	NPC98371	NPT3232	2	482107;482163	PMID
NPC98371	NPC98371	NPT3233	2	482107;482163	PMID
NPC98371	NPC98371	NPT3234	2	482107;482163	PMID
NPC98371	NPC98371	NPT3235	2	482107;482163	PMID
NPC98371	NPC98371	NPT3236	2	482107;482163	PMID
NPC98371	NPC98371	NPT3239	8	481873;481990;482036;482075;482107;482146;482158;482163	PMID
NPC98371	NPC98371	NPT3241	2	482107;482163	PMID
NPC98371	NPC98371	NPT3242	2	482107;482163	PMID
NPC98371	NPC98371	NPT3243	2	482107;482163	PMID
NPC98371	NPC98371	NPT3244	3	482036;482107;482163	PMID
NPC98371	NPC98371	NPT3245	2	482107;482163	PMID
NPC98371	NPC98371	NPT3246	10	481873;481986;482008;482031;482032;482036;482042;482107;482128;482163	PMID
NPC98371	NPC98371	NPT3247	2	482107;482163	PMID
NPC98371	NPC98371	NPT3248	2	482107;482163	PMID
NPC98371	NPC98371	NPT3254	2	482107;482163	PMID
NPC98371	NPC98371	NPT3255	2	482107;482163	PMID
NPC98371	NPC98371	NPT3257	2	482107;482163	PMID
NPC98371	NPC98371	NPT3259	7	481871;481877;481931;482061;482095;482107;482163	PMID
NPC98371	NPC98371	NPT3261	3	481915;482107;482163	PMID
NPC98371	NPC98371	NPT3262	2	482107;482163	PMID
NPC98371	NPC98371	NPT3263	2	482107;482163	PMID
NPC98371	NPC98371	NPT3265	2	482107;482163	PMID
NPC98371	NPC98371	NPT3267	6	481933;482018;482052;482107;482163;482179	PMID
NPC98371	NPC98371	NPT3268	3	482107;482122;482163	PMID
NPC98371	NPC98371	NPT3269	2	482107;482163	PMID
NPC98371	NPC98371	NPT3270	4	481933;481990;482107;482163	PMID
NPC98371	NPC98371	NPT3271	2	482107;482163	PMID
NPC98371	NPC98371	NPT3272	2	482107;482163	PMID
NPC98371	NPC98371	NPT3273	2	482107;482163	PMID
NPC98371	NPC98371	NPT3274	2	482107;482163	PMID
NPC98371	NPC98371	NPT3275	2	482107;482163	PMID
NPC98371	NPC98371	NPT3276	5	482036;482061;482107;482152;482163	PMID
NPC98371	NPC98371	NPT3277	3	481897;482107;482163	PMID
NPC98371	NPC98371	NPT3278	2	482107;482163	PMID
NPC98371	NPC98371	NPT3279	2	482107;482163	PMID
NPC98371	NPC98371	NPT3280	2	482107;482163	PMID
NPC98371	NPC98371	NPT3281	2	482107;482163	PMID
NPC98371	NPC98371	NPT3282	2	482107;482163	PMID
NPC98371	NPC98371	NPT3283	2	482107;482163	PMID
NPC98371	NPC98371	NPT3285	2	482107;482163	PMID
NPC98371	NPC98371	NPT3286	2	482107;482163	PMID
NPC98371	NPC98371	NPT3287	1	481993	PMID
NPC98371	NPC98371	NPT3290	2	482107;482163	PMID
NPC98371	NPC98371	NPT3291	2	482107;482163	PMID
NPC98371	NPC98371	NPT3292	2	482107;482163	PMID
NPC98371	NPC98371	NPT3293	1	481993	PMID
NPC98371	NPC98371	NPT3296	2	482107;482163	PMID
NPC98371	NPC98371	NPT3297	2	482107;482163	PMID
NPC98371	NPC98371	NPT3299	2	482107;482163	PMID
NPC98371	NPC98371	NPT3300	2	482107;482163	PMID
NPC98371	NPC98371	NPT3303	2	482107;482163	PMID
NPC98371	NPC98371	NPT3304	1	481993	PMID
NPC98371	NPC98371	NPT3306	2	482107;482163	PMID
NPC98371	NPC98371	NPT3307	2	482107;482163	PMID
NPC98371	NPC98371	NPT3308	2	482107;482163	PMID
NPC98371	NPC98371	NPT3309	3	482036;482107;482163	PMID
NPC98371	NPC98371	NPT3311	2	482107;482163	PMID
NPC98371	NPC98371	NPT3312	2	482107;482163	PMID
NPC98371	NPC98371	NPT3313	1	481993	PMID
NPC98371	NPC98371	NPT3314	2	482107;482163	PMID
NPC98371	NPC98371	NPT3315	2	482107;482163	PMID
NPC98371	NPC98371	NPT3316	2	482107;482163	PMID
NPC98371	NPC98371	NPT3317	2	482107;482163	PMID
NPC98371	NPC98371	NPT3318	2	482107;482163	PMID
NPC98371	NPC98371	NPT3319	3	481820;482107;482163	PMID
NPC98371	NPC98371	NPT3320	3	482033;482107;482163	PMID
NPC98371	NPC98371	NPT3326	3	482107;482163;482173	PMID
NPC98371	NPC98371	NPT3327	3	482107;482163;482173	PMID
NPC98371	NPC98371	NPT3328	3	482107;482163;482173	PMID
NPC98371	NPC98371	NPT3329	2	482107;482163	PMID
NPC98371	NPC98371	NPT3330	2	482107;482163	PMID
NPC98371	NPC98371	NPT3331	4	481873;482075;482107;482163	PMID
NPC98371	NPC98371	NPT3332	3	482107;482122;482163	PMID
NPC98371	NPC98371	NPT3333	3	482036;482107;482163	PMID
NPC98371	NPC98371	NPT3334	2	482107;482163	PMID
NPC98371	NPC98371	NPT3335	2	482107;482163	PMID
NPC98371	NPC98371	NPT3336	2	482107;482163	PMID
NPC98371	NPC98371	NPT3338	2	482107;482163	PMID
NPC98371	NPC98371	NPT3339	2	482107;482163	PMID
NPC98371	NPC98371	NPT3340	2	482107;482163	PMID
NPC98371	NPC98371	NPT3341	2	482107;482163	PMID
NPC98371	NPC98371	NPT3342	3	482107;482158;482163	PMID
NPC98371	NPC98371	NPT3344	2	482107;482163	PMID
NPC98371	NPC98371	NPT3345	1	481864	PMID
NPC98371	NPC98371	NPT3348	2	482107;482163	PMID
NPC98371	NPC98371	NPT3349	2	482107;482163	PMID
NPC98371	NPC98371	NPT3350	2	482107;482163	PMID
NPC98371	NPC98371	NPT3351	3	482052;482107;482163	PMID
NPC98371	NPC98371	NPT3352	2	482107;482163	PMID
NPC98371	NPC98371	NPT3353	1	481962	PMID
NPC98371	NPC98371	NPT3354	3	482036;482107;482163	PMID
NPC98371	NPC98371	NPT3357	4	482036;482107;482122;482163	PMID
NPC98371	NPC98371	NPT3358	2	482107;482163	PMID
NPC98371	NPC98371	NPT3359	2	482107;482163	PMID
NPC98371	NPC98371	NPT3362	3	482075;482107;482163	PMID
NPC98371	NPC98371	NPT3363	3	482075;482107;482163	PMID
NPC98371	NPC98371	NPT3364	2	482107;482163	PMID
NPC98371	NPC98371	NPT3365	2	482107;482163	PMID
NPC98371	NPC98371	NPT3366	2	482107;482163	PMID
NPC98371	NPC98371	NPT3367	3	482032;482107;482163	PMID
NPC98371	NPC98371	NPT3368	2	482107;482163	PMID
NPC98371	NPC98371	NPT3369	1	481922	PMID
NPC98371	NPC98371	NPT3370	7	481873;482036;482053;482075;482107;482157;482163	PMID
NPC98371	NPC98371	NPT3372	5	482036;482107;482146;482163;482172	PMID
NPC98371	NPC98371	NPT3373	6	481882;481933;482018;482036;482107;482163	PMID
NPC98371	NPC98371	NPT3374	2	482107;482163	PMID
NPC98371	NPC98371	NPT3378	2	482107;482163	PMID
NPC98371	NPC98371	NPT3380	2	482107;482163	PMID
NPC98371	NPC98371	NPT3381	4	481873;482075;482107;482163	PMID
NPC98371	NPC98371	NPT3382	2	482107;482163	PMID
NPC98371	NPC98371	NPT3384	1	482173	PMID
NPC98371	NPC98371	NPT3386	2	482107;482163	PMID
NPC98371	NPC98371	NPT3388	2	482107;482163	PMID
NPC98371	NPC98371	NPT3389	2	482107;482163	PMID
NPC98371	NPC98371	NPT3390	5	481933;482018;482036;482107;482163	PMID
NPC98371	NPC98371	NPT3391	2	482107;482163	PMID
NPC98371	NPC98371	NPT3394	3	481859;482107;482163	PMID
NPC98371	NPC98371	NPT3395	2	482107;482163	PMID
NPC98371	NPC98371	NPT3396	2	482107;482163	PMID
NPC98371	NPC98371	NPT3398	2	482107;482163	PMID
NPC98371	NPC98371	NPT3399	2	482107;482163	PMID
NPC98371	NPC98371	NPT3407	2	482107;482163	PMID
NPC98371	NPC98371	NPT3409	2	482107;482163	PMID
NPC98371	NPC98371	NPT3410	2	482107;482163	PMID
NPC98371	NPC98371	NPT3411	2	482107;482163	PMID
NPC98371	NPC98371	NPT3412	2	482107;482163	PMID
NPC98371	NPC98371	NPT3413	2	482107;482163	PMID
NPC98371	NPC98371	NPT3414	6	481873;482073;482075;482107;482121;482163	PMID
NPC98371	NPC98371	NPT3416	2	482107;482163	PMID
NPC98371	NPC98371	NPT3417	2	482107;482163	PMID
NPC98371	NPC98371	NPT3418	2	482107;482163	PMID
NPC98371	NPC98371	NPT3419	2	482107;482163	PMID
NPC98371	NPC98371	NPT3422	2	482107;482163	PMID
NPC98371	NPC98371	NPT3423	3	482075;482107;482163	PMID
NPC98371	NPC98371	NPT3425	4	481873;482075;482107;482163	PMID
NPC98371	NPC98371	NPT3426	2	482107;482163	PMID
NPC98371	NPC98371	NPT3427	2	482107;482163	PMID
NPC98371	NPC98371	NPT3429	2	482107;482163	PMID
NPC98371	NPC98371	NPT3431	2	482107;482163	PMID
NPC98371	NPC98371	NPT3432	2	482107;482163	PMID
NPC98371	NPC98371	NPT3434	2	482107;482163	PMID
NPC98371	NPC98371	NPT3438	2	482107;482163	PMID
NPC98371	NPC98371	NPT3439	2	482107;482163	PMID
NPC98371	NPC98371	NPT3440	2	482107;482163	PMID
NPC98371	NPC98371	NPT3441	2	482107;482163	PMID
NPC98371	NPC98371	NPT3442	4	481873;482075;482107;482163	PMID
NPC98371	NPC98371	NPT3443	2	482107;482163	PMID
NPC98371	NPC98371	NPT3444	1	481873	PMID
NPC98371	NPC98371	NPT3445	2	482107;482163	PMID
NPC98371	NPC98371	NPT3446	2	482107;482163	PMID
NPC98371	NPC98371	NPT3447	2	482107;482163	PMID
NPC98371	NPC98371	NPT3448	3	481971;482107;482163	PMID
NPC98371	NPC98371	NPT3451	3	482107;482122;482163	PMID
NPC98371	NPC98371	NPT3454	2	482107;482163	PMID
NPC98371	NPC98371	NPT3455	3	482036;482107;482163	PMID
NPC98371	NPC98371	NPT3456	2	482107;482163	PMID
NPC98371	NPC98371	NPT3457	2	482107;482163	PMID
NPC98371	NPC98371	NPT3460	2	482107;482163	PMID
NPC98371	NPC98371	NPT3461	2	482107;482163	PMID
NPC98371	NPC98371	NPT3462	2	482107;482163	PMID
NPC98371	NPC98371	NPT36	26	481807;481809;481814;481820;481826;481841;481842;481873;481901;481909;481911;481931;481933;481936;481953;481969;481982;482019;482036;482075;482090;482091;482095;482107;482163;482179	PMID
NPC98371	NPC98371	NPT3960	3	482013;482162;482179	PMID
NPC98371	NPC98371	NPT4031	2	482107;482163	PMID
NPC98371	NPC98371	NPT4088	3	482021;482107;482163	PMID
NPC98371	NPC98371	NPT4093	3	482107;482122;482163	PMID
NPC98371	NPC98371	NPT4096	2	482107;482163	PMID
NPC98371	NPC98371	NPT4146	1	481873	PMID
NPC98371	NPC98371	NPT4147	1	481898	PMID
NPC98371	NPC98371	NPT4448	2	482107;482163	PMID
NPC98371	NPC98371	NPT4449	2	482107;482163	PMID
NPC98371	NPC98371	NPT47	1	481906	PMID
NPC98371	NPC98371	NPT491	12	481810;481820;481880;481907;481933;481978;481982;482018;482019;482061;482107;482163	PMID
NPC98371	NPC98371	NPT5020	2	482107;482163	PMID
NPC98371	NPC98371	NPT51	2	481906;481907	PMID
NPC98371	NPC98371	NPT591	32	481803;481818;481837;481873;481878;481880;481892;481897;481933;481937;481968;481978;481986;482001;482005;482008;482018;482022;482032;482036;482038;482075;482084;482095;482096;482107;482113;482127;482130;482135;482152;482163	PMID
NPC98371	NPC98371	NPT592	6	481873;482019;482032;482075;482107;482163	PMID
NPC98371	NPC98371	NPT6508	2	482107;482163	PMID
NPC98371	NPC98371	NPT676	3	482005;482107;482163	PMID
NPC98371	NPC98371	NPT713	2	482049;482055	PMID
NPC98371	NPC98371	NPT728	20	481841;481842;481843;481873;481933;481979;481982;481984;481986;482008;482018;482019;482032;482036;482061;482075;482091;482095;482107;482163	PMID
NPC98371	NPC98371	NPT760	8	481807;481818;481826;481834;481877;482107;482122;482163	PMID
NPC98371	NPC98371	NPT761	9	481807;481818;481826;481859;481880;481978;482008;482107;482163	PMID
NPC98371	NPC98371	NPT831	8	481933;481963;481982;482018;482073;482107;482121;482163	PMID
NPC98371	NPC98371	NPT833	8	481873;482036;482042;482052;482061;482075;482107;482163	PMID
NPC98371	NPC98371	NPT880	9	481807;481818;481826;481834;481842;481859;482061;482107;482163	PMID
NPC98371	NPC98371	NPT881	9	481807;481818;481826;481834;481842;481859;482095;482107;482163	PMID
NPC98371	NPC98371	NPT887	4	482107;482144;482145;482163	PMID
NPC98371	NPC98371	NPT94	1	481906	PMID
NPC98371	NPC98371	NPT98	1	482155	PMID
NPC98371	NPC98371	NPT981	9	481835;481864;481880;481914;481978;481986;482008;482107;482163	PMID
NPC98371	NPC98371	NPT982	4	481864;481914;482107;482163	PMID
NPC98372	NPC98372	NPT233	1	543551	PMID
NPC98372	NPC98372	NPT947	1	543551	PMID
NPC98543	NPC98543	NPT233	1	512551	PMID
NPC98543	NPC98543	NPT4161	1	512554	PMID
NPC98543	NPC98543	NPT947	1	512551	PMID
NPC98543	NPC98543	NPT948	1	512551	PMID
NPC98543	NPC98543	NPT949	1	512551	PMID
NPC98543	NPC98543	NPT954	1	512557	PMID
NPC98543	NPC98543	NPT955	1	512557	PMID
NPC988	NPC988	NPT166	1	449343	PMID
NPC988	NPC988	NPT203	1	449343	PMID
NPC988	NPC988	NPT204	2	449343;449346	PMID
NPC988	NPC988	NPT205	1	449344	PMID
NPC988	NPC988	NPT206	1	449344	PMID
NPC988	NPC988	NPT50	1	449339	PMID
NPC988	NPC988	NPT5886	2	449349;449350	PMID
NPC98809	NPC98809	NPT178	1	451653	PMID
NPC98874	NPC98874	NPT1591	1	505686	PMID
NPC99088	NPC99088	NPT483	1	483053	PMID
NPC99179	NPC99179	NPT271	1	512479	PMID
NPC99240	NPC99240	NPT109	1	491179	PMID
NPC99240	NPC99240	NPT151	1	491179	PMID
NPC99240	NPC99240	NPT539	1	491179	PMID
NPC99240	NPC99240	NPT93	1	491179	PMID
NPC99240	NPC99240	NPT94	1	491179	PMID
NPC99417	NPC99417	NPT2797	1	27908755	PMID
NPC99428	NPC99428	NPT542	1	516084	PMID
NPC99557	NPC99557	NPT888	1	568444	PMID
NPC99572	NPC99572	NPT109	1	498285	PMID
NPC99573	NPC99573	NPT78	1	519951	PMID
NPC99659	NPC99659	NPT1785	1	449579	PMID
NPC99659	NPC99659	NPT290	1	449579	PMID
NPC99659	NPC99659	NPT4163	1	449573	PMID
NPC99659	NPC99659	NPT92	1	449579	PMID
NPC99666	NPC99666	NPT582	1	485040	PMID
NPC99700	NPC99700	NPT947	1	572489	PMID
NPC99700	NPC99700	NPT948	1	572489	PMID
NPC99734	NPC99734	NPT108	4	499723;499735;499756;499800	PMID
NPC99734	NPC99734	NPT109	1	499751	PMID
NPC99734	NPC99734	NPT145	1	499756	PMID
NPC99734	NPC99734	NPT1540	1	499767	PMID
NPC99734	NPC99734	NPT217	1	499756	PMID
NPC99734	NPC99734	NPT218	1	499756	PMID
NPC99734	NPC99734	NPT228	1	499756	PMID
NPC99734	NPC99734	NPT246	1	499756	PMID
NPC99734	NPC99734	NPT248	3	499723;499735;499800	PMID
NPC99734	NPC99734	NPT249	1	499756	PMID
NPC99734	NPC99734	NPT2581	1	499781	PMID
NPC99734	NPC99734	NPT272	1	499756	PMID
NPC99734	NPC99734	NPT2742	2	499740;499780	PMID
NPC99734	NPC99734	NPT295	1	499756	PMID
NPC99734	NPC99734	NPT3604	1	499783	PMID
NPC99734	NPC99734	NPT4036	1	499767	PMID
NPC99734	NPC99734	NPT4037	1	499767	PMID
NPC99734	NPC99734	NPT627	1	499751	PMID
NPC99734	NPC99734	NPT713	2	499786;499787	PMID
NPC99734	NPC99734	NPT901	1	499779	PMID
NPC99836	NPC99836	NPT1287	1	531718	PMID
NPC99836	NPC99836	NPT232	1	531718	PMID
NPC99836	NPC99836	NPT472	1	531718	PMID
NPC99864	NPC99864	NPT109	2	449722;449746	PMID
NPC99864	NPC99864	NPT284	1	449680	PMID
NPC99864	NPC99864	NPT4023	1	449746	PMID
NPC99864	NPC99864	NPT4166	7	449680;449685;449688;449690;449696;449750;449768	PMID
NPC99864	NPC99864	NPT4169	1	449710	PMID
NPC99864	NPC99864	NPT4170	2	449735;449748	PMID
NPC99864	NPC99864	NPT543	1	449745	PMID
NPC99864	NPC99864	NPT612	1	449751	PMID
NPC99864	NPC99864	NPT713	1	449751	PMID
NPC99864	NPC99864	NPT73	1	449732	PMID
NPC99864	NPC99864	NPT940	2	449686;449697	PMID
NPC99886	NPC99886	NPT48	1	479179	PMID
NPC99886	NPC99886	NPT94	1	479179	PMID
NPC99891	NPC99891	NPT591	1	522535	PMID
NPC99968	NPC99968	NPT865	1	479227	PMID
