threshold	sensitivity	specificity	fpr	precision	f1	mcc	youden_j
inf	0.0	1.0	0.0	0.0	0.0	0.0	0.0
0.9071842828244557	0.000419639110365086	1.0	0.0	1.0	0.0008389261744966443	0.019971975985511124	0.0004196391103650221
0.8722716139862147	0.0029374737725556023	1.0	0.0	1.0	0.005857740585774059	0.05284417415431979	0.002937473772555599
0.8676577770335209	0.0029374737725556023	0.9999563023006839	4.3697699316131e-05	0.7777777777777778	0.005852842809364548	0.04591185339308075	0.0028937760732394846
0.8543600753748345	0.004616030214015947	0.9999563023006839	4.3697699316131e-05	0.8461538461538461	0.009181969949916527	0.06036223764928313	0.004572332514699795
0.8460751434024948	0.004616030214015947	0.9999344534510258	6.55465489741965e-05	0.7857142857142857	0.00917813934084272	0.0578891607748063	0.004550483665041849
0.8332174905588184	0.005455308434746118	0.9999344534510258	6.55465489741965e-05	0.8125	0.010837849103793247	0.06413902021389091	0.005389761885771893
0.8314729343196715	0.005455308434746118	0.9999126046013678	8.7395398632262e-05	0.7647058823529411	0.010833333333333334	0.06197239147289507	0.005367913036113947
0.8261314029271801	0.006714225765841376	0.9999126046013678	8.7395398632262e-05	0.8	0.013316687473990845	0.07053775525964949	0.0066268303672092355
0.8227582914637942	0.006714225765841376	0.9998907557517097	0.00010924424829032752	0.7619047619047619	0.013311148086522463	0.06861155304957192	0.006604981517551067
0.8131394573960516	0.007133864876206463	0.9998907557517097	0.00010924424829032752	0.7727272727272727	0.014137214137214138	0.07129372989972081	0.007024620627916089
0.8131109760092444	0.007133864876206463	0.9998689069020517	0.000131093097948393	0.7391304347826086	0.014131338320864505	0.06951049300033144	0.007002771778258143
0.8118654741354563	0.007553503986571549	0.9998689069020517	0.000131093097948393	0.75	0.014956377233070212	0.07212539376173725	0.0074224108886231654
0.8055236613775737	0.007553503986571549	0.9998252092027354	0.000174790797264524	0.6923076923076923	0.014943960149439602	0.06888930531474179	0.007378713189307051
0.8030977762657286	0.007973143096936634	0.9998252092027354	0.000174790797264524	0.7037037037037037	0.015767634854771784	0.07144689025239132	0.007798352299672073
0.8016275260351303	0.007973143096936634	0.9998033603530774	0.00019663964692258953	0.6785714285714286	0.015761094981335544	0.06996361275082841	0.007776503450013905
0.7999905944181648	0.00839278220730172	0.9998033603530774	0.00019663964692258953	0.6896551724137931	0.01658374792703151	0.07245725733854881	0.00819614256037915
0.7842259140131871	0.00839278220730172	0.9997159649544451	0.00028403504555485153	0.6060606060606061	0.016556291390728478	0.06720262314140811	0.008108747161746921
0.7786158147820063	0.008812421317666807	0.9997159649544451	0.00028403504555485153	0.6176470588235294	0.01737691352916839	0.06963400157997011	0.008528386272111943
0.7769257374955755	0.008812421317666807	0.9996941161047871	0.00030588389521291705	0.6	0.017369727047146403	0.06845690442011164	0.008506537422453997
0.7768621852954561	0.009232060428031893	0.9996941161047871	0.00030588389521291705	0.6111111111111112	0.018189334435717238	0.07082999255578695	0.008926176532819019
0.77084186308682	0.009232060428031893	0.999672267255129	0.00032773274487098256	0.5945945945945946	0.01818181818181818	0.06969598491977347	0.008904327683160851
0.7623016049110164	0.010071338648762064	0.999672267255129	0.00032773274487098256	0.6153846153846154	0.01981833195706028	0.0742854777385032	0.009743605903891117
0.754021756635666	0.010071338648762064	0.9996285695558129	0.00037143044418711354	0.5853658536585366	0.019801980198019802	0.07212755938787362	0.009699908204575003
0.7521965500129569	0.01049097775912715	0.9996285695558129	0.00037143044418711354	0.5952380952380952	0.020618556701030927	0.07434752142099002	0.010119547314940025
0.7489207671401775	0.01049097775912715	0.9995848718564968	0.00041512814350324457	0.5681818181818182	0.020601565718994644	0.07232599558959371	0.01007584961562391
0.7313008681755949	0.01174989509022241	0.9995848718564968	0.00041512814350324457	0.5957446808510638	0.023045267489711935	0.07872565626022968	0.0113347669467192
0.7288430027025822	0.01174989509022241	0.9995630230068386	0.0004369769931613101	0.5833333333333334	0.023035787741670095	0.07775192708826899	0.011312918097061031
0.7258531891461127	0.01258917331095258	0.9995630230068386	0.0004369769931613101	0.6	0.02466091245376079	0.08183440719815487	0.012152196317791297
0.7219092275918807	0.01258917331095258	0.9995411741571806	0.00045882584281937554	0.5882352941176471	0.024650780608052588	0.08088329470928447	0.01213034746813313
0.7217874386444382	0.013008812421317666	0.9995411741571806	0.00045882584281937554	0.5961538461538461	0.02546201232032854	0.08287371058765082	0.012549986578498151
0.7209199215710079	0.013008812421317666	0.9995193253075225	0.00048067469247744106	0.5849056603773585	0.025451559934318555	0.08194610083331658	0.012528137728840205
0.7195228437055228	0.013428451531682753	0.9995193253075225	0.00048067469247744106	0.5925925925925926	0.026261797291752154	0.0839039775817208	0.012947776839205227
0.710847379269726	0.013428451531682753	0.9994756276082064	0.000524372391793572	0.5714285714285714	0.026240262402624025	0.08211571107067966	0.012904079139889113
0.7089137388463101	0.014267729752412925	0.9994756276082064	0.000524372391793572	0.5862068965517241	0.027857435477263416	0.08593718548438413	0.01374335736061938
0.7035738584694265	0.014267729752412925	0.9994100810592322	0.0005899189407677686	0.5573770491803278	0.027823240589198037	0.08340027909161396	0.013677810811645097
0.7024133629459492	0.014687368862778011	0.9994100810592322	0.0005899189407677686	0.5645161290322581	0.028629856850715747	0.08526387383388496	0.014097449922010341
0.6933260102446676	0.014687368862778011	0.9993445345102581	0.0006554654897419651	0.5384615384615384	0.028594771241830064	0.08288840797105164	0.014031903373036059
0.6924708101740871	0.015107007973143098	0.9993445345102581	0.0006554654897419651	0.5454545454545454	0.02939975500204165	0.08471896533457259	0.01445154248340108
0.6900298116174727	0.015107007973143098	0.999300836810942	0.000699163189058096	0.5294117647058824	0.02937576499388005	0.08321315790212484	0.014407844784084967
0.6885572116097345	0.015526647083508182	0.999300836810942	0.000699163189058096	0.5362318840579711	0.030179445350734094	0.08501486517997375	0.01482748389445021
0.6872927211871249	0.015526647083508182	0.9992789879612839	0.0007210120387161616	0.5285714285714286	0.030167142274765593	0.08428193364478188	0.014805635044792043
0.6783306165974415	0.017205203524968526	0.9992789879612839	0.0007210120387161616	0.5540540540540541	0.03337403337403337	0.09126963787191439	0.016484191486252353
0.656837516143131	0.017205203524968526	0.9991041971640193	0.0008958028359806856	0.5	0.0332657200811359	0.08579100360823652	0.016309400688987896
0.6513339654692639	0.01888375996642887	0.9991041971640193	0.0008958028359806856	0.5232558139534884	0.03645200486026731	0.09239774244118198	0.017987957130448207
0.64481704591408	0.01888375996642887	0.9990168017653871	0.0009831982346129476	0.5	0.03639304488475536	0.08988603394301198	0.017900561731815978
0.6381037102139328	0.020562316407889216	0.9990168017653871	0.0009831982346129476	0.5212765957446809	0.03956398869600323	0.09620421214625118	0.01957911817327629
0.6358722966698864	0.020562316407889216	0.998994952915729	0.0010050470842710131	0.5157894736842106	0.03954802259887006	0.09559073893611177	0.019557269323618343
0.6210680719594935	0.02349979018044482	0.998994952915729	0.0010050470842710131	0.5490196078431373	0.04507042253521127	0.10611627309910726	0.02249474309617394
0.6206402879826619	0.02349979018044482	0.9989731040660709	0.0010268959339290787	0.5436893203883495	0.04505229283990346	0.10549841915701945	0.022472894246515773
0.6202888599979434	0.023919429290809903	0.9989731040660709	0.0010268959339290787	0.5480769230769231	0.045838359469240045	0.10695159399097028	0.022892533356880795
0.6142210715802391	0.023919429290809903	0.9987983132688064	0.0012016867311936026	0.5089285714285714	0.045691382765531065	0.10228275000301117	0.02271774255961634
0.6127637238014544	0.02433906840117499	0.9987983132688064	0.0012016867311936026	0.5132743362831859	0.046474358974358976	0.10371121992631438	0.02313738166998136
0.6088832592530694	0.02433906840117499	0.998689069020516	0.0013109309794839302	0.4915254237288136	0.04638144742103159	0.10101623201873049	0.023028137421690964
0.6076686965340045	0.02517834662190516	0.998689069020516	0.0013109309794839302	0.5	0.04794246903715541	0.10382385994703022	0.02386741564242123
0.6075030959697361	0.02517834662190516	0.998667220170858	0.0013327798291419956	0.49586776859504134	0.04792332268370607	0.10330037147872807	0.023845566792763062
0.6072974552602456	0.026017624842635333	0.998667220170858	0.0013327798291419956	0.5040650406504065	0.04948124501197127	0.10606541850333354	0.02468484501349333
0.602580484765828	0.026017624842635333	0.9986016736218838	0.001398326378116192	0.49206349206349204	0.04942208051016341	0.10452012623928966	0.024619298464519046
0.6008140113736095	0.026856903063365505	0.9986016736218838	0.001398326378116192	0.5	0.050975706889685383	0.10723775236792031	0.025458576685249312
0.5971246467067456	0.026856903063365505	0.9985798247722257	0.0014201752277742577	0.49612403100775193	0.050955414012738856	0.10673072944323472	0.025436727835591144
0.5903947010036087	0.028115820394460762	0.9985798247722257	0.0014201752277742577	0.5075757575757576	0.05328031809145129	0.11073632606481199	0.026695645166686433
0.5882591311309207	0.028115820394460762	0.9985579759225677	0.0014420240774323232	0.5037593984962406	0.05325914149443561	0.11023009641713595	0.026673796317028486
0.5865785821016003	0.028955098615190935	0.9985579759225677	0.0014420240774323232	0.5111111111111111	0.05480540111199365	0.1128554305947902	0.02751307453775853
0.58639219421149	0.028955098615190935	0.9985361270729096	0.0014638729270903888	0.5073529411764706	0.05478364430329496	0.11235163398547811	0.027491225688100585
0.5845019931884864	0.029374737725556023	0.9985361270729096	0.0014638729270903888	0.5109489051094891	0.05555555555555555	0.11365074209626144	0.027910864798465607
0.5826505164496322	0.029374737725556023	0.9985142782232516	0.0014857217767484541	0.5072463768115942	0.055533518445061485	0.11315074986031874	0.02788901594880766
0.5771778510087483	0.029794376835921108	0.9985142782232516	0.0014857217767484541	0.5107913669064749	0.056304520222045996	0.11444060577998454	0.028308655059172683
0.5746737156072427	0.029794376835921108	0.9984487316742774	0.0015512683257226506	0.5	0.05623762376237624	0.11296663761737258	0.0282431085101984
0.5732889962515957	0.030214015946286196	0.9984487316742774	0.0015512683257226506	0.5034965034965035	0.057007125890736345	0.11424473746177881	0.028662747620563644
0.570809862860775	0.030214015946286196	0.9983831851253031	0.0016168148746968471	0.4931506849315068	0.05693950177935943	0.11280986349599464	0.028597201071589362
0.5706902030291148	0.03063365505665128	0.9983831851253031	0.0016168148746968471	0.4965986394557823	0.057707509881422925	0.11407643651859714	0.029016840181954384
0.5674021501538891	0.03063365505665128	0.9982957897266709	0.0017042102733291092	0.48344370860927155	0.05761641673243883	0.11222102097217196	0.028929444783322156
0.565516067377681	0.03189257238774654	0.9982957897266709	0.0017042102733291092	0.4935064935064935	0.059913283405597165	0.11596190805522044	0.030188362114417444
0.5646772835374827	0.03189257238774654	0.9982520920273548	0.0017479079726452403	0.48717948717948717	0.05986608901142182	0.11505178604338445	0.03014466441510133
0.5639958612170727	0.03231221149811162	0.9982520920273548	0.0017479079726452403	0.49044585987261147	0.06062992125984252	0.11628251404220666	0.030564303525466352
0.5608659374116342	0.03231221149811162	0.9981865454783806	0.0018134545216194368	0.48125	0.060558395595753045	0.11494377510750517	0.03049875697649229
0.5600145963822678	0.03273185060847671	0.9981865454783806	0.0018134545216194368	0.484472049689441	0.06132075471698113	0.11616407853265906	0.030918396086857314
0.5595852964818085	0.03273185060847671	0.9981428477790645	0.0018571522209355677	0.4785276073619632	0.061272584446190104	0.11528845109098383	0.0308746983875412
0.5580171995616539	0.03357112882920688	0.9981428477790645	0.0018571522209355677	0.48484848484848486	0.06279434850863422	0.11770493245099808	0.031713976608271466
0.5563498638344854	0.03357112882920688	0.9980554523804321	0.0019445476195678298	0.47337278106508873	0.06269592476489028	0.11598796525030389	0.031626581209639015
0.5541810390025473	0.03441040704993705	0.9980554523804321	0.0019445476195678298	0.47953216374269003	0.06421299921691465	0.11837007811048092	0.03246585943036928
0.5530915520156946	0.03441040704993705	0.998011754681116	0.001988245318883961	0.47398843930635837	0.06416275430359937	0.11752792086727312	0.03242216173105317
0.5528254141619847	0.03483004616030214	0.998011754681116	0.001988245318883961	0.47701149425287354	0.06491982792334768	0.11870773047149548	0.03284180084141819
0.5501983908994338	0.03483004616030214	0.9979243592824838	0.0020756407175162228	0.46629213483146065	0.06481843030066381	0.11705891300879685	0.03275440544278596
0.5488153932398966	0.03524968527066723	0.9979243592824838	0.0020756407175162228	0.4692737430167598	0.06557377049180328	0.11822823390002914	0.03317404455315098
0.5477098678200502	0.03524968527066723	0.9978806615831677	0.002119338416832354	0.46408839779005523	0.0655226209048362	0.11742080200647541	0.03313034685383487
0.547166482046009	0.0360889634913974	0.9978806615831677	0.002119338416832354	0.46994535519125685	0.06703039750584568	0.11973816803344109	0.033969625074565135
0.5450295619391449	0.0360889634913974	0.9977932661845353	0.0022067338154646158	0.45989304812834225	0.0669260700389105	0.11815080566497924	0.033882229675932685
0.5416235547796997	0.03776751993285774	0.9977932661845353	0.0022067338154646158	0.4712041884816754	0.06993006993006994	0.1227038777126525	0.035560786117392995
0.5380667088350081	0.03776751993285774	0.9977277196355612	0.0022722803644388122	0.4639175257731959	0.06984866123399301	0.12153082556237355	0.035495239568418935
0.5366496329064688	0.039026437263953	0.9977277196355612	0.0022722803644388122	0.4720812182741117	0.07209302325581396	0.12488323413223577	0.03675415689951422
0.5307115318885745	0.039026437263953	0.9975966265376128	0.0024033734623872052	0.458128078817734	0.07192575406032482	0.12259270012046816	0.03662306380156588
0.5282743496338866	0.03944607637431809	0.9975966265376128	0.0024033734623872052	0.46078431372549017	0.0726710475454194	0.12369440888432995	0.0370427029119309
0.5256377615307644	0.03944607637431809	0.9975092311389805	0.0024907688610194675	0.4519230769230769	0.07255885758394442	0.12221534939433797	0.036955307513298674
0.5253870343595118	0.040285354595048256	0.9975092311389805	0.0024907688610194675	0.45714285714285713	0.07404550713459314	0.12439691246194201	0.03779458573402872
0.5251721593264168	0.040285354595048256	0.9974873822893224	0.002512617710677533	0.4549763033175355	0.07401696222050887	0.12403133393372698	0.03777273688437077
0.5233798835926035	0.04070499370541335	0.9974873822893224	0.002512617710677533	0.45754716981132076	0.07475915221579961	0.12511444821650938	0.038192375994735794
0.5218709793759522	0.04070499370541335	0.9974655334396644	0.002534466560335598	0.45539906103286387	0.07473035439137134	0.12475030146083789	0.038170527145077626
0.5196190688361382	0.0419639110365086	0.9974655334396644	0.002534466560335598	0.46296296296296297	0.07695267410542517	0.1279707219148493	0.039429444476172915
0.5188109009557328	0.0419639110365086	0.9974218357403483	0.0025781642596517293	0.45871559633027525	0.07689350249903883	0.127243830599879	0.0393857467768568
0.5153758622808309	0.04280318925723878	0.9974218357403483	0.0025781642596517293	0.4636363636363636	0.07837111025739531	0.12936593744252176	0.04022502499758707
0.513764892909747	0.04280318925723878	0.9973781380410321	0.0026218619589678605	0.4594594594594595	0.0783109404990403	0.12864467373946462	0.04018132729827095
0.5134253548444203	0.04322282836760386	0.9973781380410321	0.0026218619589678605	0.4618834080717489	0.07904834996162702	0.12969776391603055	0.040600966408635975
0.5118533164626845	0.04322282836760386	0.997312591492058	0.002687408507942057	0.4557522123893805	0.07895745496358758	0.12863009709827555	0.040535419859661914
0.5112299488037368	0.043642467477968946	0.997312591492058	0.002687408507942057	0.4581497797356828	0.07969348659003832	0.12967650566164618	0.040955058970026936
0.5080911083707106	0.043642467477968946	0.9972033472437676	0.002796652756232384	0.4482758620689655	0.07954110898661568	0.12793603853776822	0.04084581472173654
0.5079310127945477	0.04406210658833403	0.9972033472437676	0.002796652756232384	0.45064377682403434	0.08027522935779817	0.12897410567760137	0.04126545383210156
0.5076220605385491	0.04406210658833403	0.9971814983941095	0.00281850160589045	0.44871794871794873	0.08024455483377914	0.1286314251621977	0.041243604982443616
0.5072368518999335	0.044481745698699116	0.9971814983941095	0.00281850160589045	0.451063829787234	0.08097784568372804	0.12966479420127186	0.04166324409280864
0.5060200354437988	0.044481745698699116	0.9971596495444515	0.0028403504555485153	0.4491525423728814	0.08094692630775105	0.12932328447715669	0.04164139524315047
0.5053150726839517	0.04532102391942929	0.9971596495444515	0.0028403504555485153	0.453781512605042	0.08241129339946585	0.13137702810118015	0.042480673463880736
0.5046714649558431	0.04532102391942929	0.9971378006947934	0.0028621993052065807	0.45188284518828453	0.08237986270022883	0.13103583116462764	0.04245882461422279
0.5044457556433725	0.045740663029794376	0.9971378006947934	0.0028621993052065807	0.45416666666666666	0.08311094166984369	0.13205631643054888	0.04287846372458781
0.5018985403350372	0.045740663029794376	0.9970941029954773	0.002905897004522712	0.45041322314049587	0.08304761904761905	0.13137821702194122	0.0428347660252717
0.49964756796475857	0.04741921947125472	0.9970941029954773	0.002905897004522712	0.45934959349593496	0.08596424496006086	0.13541763835376172	0.04451332246673201
0.4988780168560789	0.04741921947125472	0.9970504052961612	0.002949594703838843	0.45564516129032256	0.08589889775750666	0.13474090753741283	0.044469624767415894
0.49834084614930624	0.047838858581619806	0.9970504052961612	0.002949594703838843	0.4578313253012048	0.08662613981762918	0.13574041942418416	0.044889263877780916
0.4964046955853269	0.047838858581619806	0.996984858747187	0.0030151412528130394	0.4523809523809524	0.08652751423149906	0.13473721819699694	0.044823717328806856
0.49383932859631213	0.049937054133445236	0.996984858747187	0.0030151412528130394	0.46303501945525294	0.09015151515151515	0.13967278453498372	0.04692191288063219
0.4873725587010071	0.049937054133445236	0.9968974633485547	0.0031025366514453013	0.4559386973180077	0.09001512859304085	0.13834599041504791	0.04683451748199996
0.485648078649173	0.05035669324381032	0.9968974633485547	0.0031025366514453013	0.4580152671755725	0.09073724007561437	0.13932039111364547	0.04725415659236498
0.4854331931761029	0.05035669324381032	0.9968756144988966	0.003124385501103367	0.45627376425855515	0.09070294784580499	0.13899242754102897	0.047232307742707036
0.4838490674401335	0.05077633235417541	0.9968756144988966	0.003124385501103367	0.4583333333333333	0.09142425387230828	0.13996294388964753	0.04765194685307206
0.4833028248275049	0.05077633235417541	0.9968537656492386	0.0031462343507614324	0.45660377358490567	0.09138972809667674	0.13963601812983242	0.04763009800341389
0.48254229676344274	0.051195971464540496	0.9968537656492386	0.0031462343507614324	0.45864661654135336	0.09211023027557569	0.14060269660062738	0.048049737113779134
0.4824121292038906	0.051195971464540496	0.9968319167995805	0.0031680832004194978	0.45692883895131087	0.09207547169811321	0.14027679931121734	0.048027888264120966
0.48058483310259253	0.052035249685270665	0.9968319167995805	0.0031680832004194978	0.46096654275092935	0.09351432880844646	0.14219950168335882	0.04886716648485123
0.4791823881711103	0.052035249685270665	0.9967226725512902	0.0032773274487098254	0.45255474452554745	0.0933383515242755	0.1405884496645446	0.048757922236560836
0.4791171758286444	0.05245488879563575	0.9967226725512902	0.0032773274487098254	0.45454545454545453	0.09405568096313018	0.1415418638584569	0.04917756134692586
0.47825409730720053	0.05245488879563575	0.9966571260023159	0.003342873997684022	0.44964028776978415	0.09394964299135664	0.14059284800235528	0.049112014797951575
0.4767267701652009	0.05287452790600084	0.9966571260023159	0.003342873997684022	0.45161290322580644	0.0946656649135988	0.14154128667903518	0.04953165390831682
0.47512027157822806	0.05287452790600084	0.9965915794533418	0.0034084205466582184	0.44680851063829785	0.09455909943714821	0.14060449368693037	0.04946610735934254
0.47396773729893926	0.05371380612673101	0.9965915794533418	0.0034084205466582184	0.4507042253521127	0.09598800149981253	0.14248869335748143	0.0503053855800728
0.4713655096337554	0.05371380612673101	0.9965697306036837	0.003430269396316284	0.44912280701754387	0.095952023988006	0.14217820101275938	0.050283536730414635
0.4708659494667162	0.054133445237096095	0.9965697306036837	0.003430269396316284	0.45104895104895104	0.09666541775946047	0.14311538092276646	0.05070317584077988
0.4694490266618634	0.054133445237096095	0.9965260329043676	0.003473967095632415	0.4479166666666667	0.09659303631598652	0.14249765120349037	0.050659478141463765
0.469384929349606	0.054553084347461187	0.9965260329043676	0.003473967095632415	0.44982698961937717	0.09730538922155689	0.14343073922289196	0.05107911725182879
0.4690259578297787	0.054553084347461187	0.9965041840547095	0.0034958159452904806	0.4482758620689655	0.09726898615787505	0.1431234804898002	0.05105726840217062
0.4678100388950143	0.055392362568191356	0.9965041840547095	0.0034958159452904806	0.4520547945205479	0.09869158878504673	0.14498010818845236	0.051896546622900885
0.4665923113845413	0.055392362568191356	0.9964386375057354	0.003561362494264677	0.44745762711864406	0.09858103061986558	0.14406337282799056	0.0518310000739266
0.4665674512423452	0.05581200167855644	0.9964386375057354	0.003561362494264677	0.44932432432432434	0.09929078014184398	0.14498573922813887	0.05225063918429185
0.4659223823801531	0.05581200167855644	0.9963949398064192	0.003605060193580808	0.4463087248322148	0.09921671018276762	0.14438056247876377	0.05220694148497573
0.46499068819567285	0.056231640788921525	0.9963949398064192	0.003605060193580808	0.44816053511705684	0.09992542878448919	0.14529902721877222	0.052626580595340755
0.4645186340805599	0.056231640788921525	0.9963730909567611	0.0036269090432388736	0.44666666666666666	0.09988818486768543	0.14499795225394235	0.05260473174568259
0.4630631519257318	0.0570709190096517	0.9963730909567611	0.0036269090432388736	0.4503311258278146	0.10130353817504656	0.1468257834222737	0.05344400996641285
0.46184808729864796	0.0570709190096517	0.996351242107103	0.003648757892896939	0.44884488448844884	0.10126582278481013	0.14652490168219193	0.053422161116754685
0.46158276456933717	0.058329836340746954	0.996351242107103	0.003648757892896939	0.4542483660130719	0.10338415767943473	0.14924550957741844	0.05468107844784997
0.4615057003855694	0.058329836340746954	0.9963075444077869	0.00369245559221307	0.4512987012987013	0.10330732069862504	0.14864438398206153	0.05463738074853386
0.46027367690363213	0.058749475451112046	0.9963075444077869	0.00369245559221307	0.45307443365695793	0.10401188707280833	0.14954503242189907	0.05505701985889888
0.45752891005608515	0.058749475451112046	0.9962201490091547	0.003779850990845332	0.4472843450479233	0.10385756676557864	0.14835674214006836	0.05496962446026665
0.45750301269450144	0.05916911456147713	0.9962201490091547	0.003779850990845332	0.44904458598726116	0.10456062291434928	0.14925263004450642	0.0553892635706319
0.45542565106737215	0.05916911456147713	0.9961546024601805	0.0038453975398195285	0.444794952681388	0.10444444444444445	0.14837357604651447	0.055323717021657615
0.4535978490588513	0.06042803189257239	0.9961546024601805	0.0038453975398195285	0.45	0.10654827968923418	0.1510416206784536	0.0565826343527529
0.45095575311095093	0.06042803189257239	0.996023509362232	0.003976490637767922	0.44171779141104295	0.10631229235880399	0.14930787238480933	0.05645154125480434
0.45076101361335547	0.060847671002937476	0.996023509362232	0.003976490637767922	0.4434250764525994	0.1070110701107011	0.15018916732622	0.05687118036516958
0.4483153295181421	0.060847671002937476	0.9959361139635998	0.004063886036400183	0.4380664652567976	0.10685335298452468	0.14905575433715293	0.056783784966537354
0.44600269987439956	0.061686949223667645	0.9959361139635998	0.004063886036400183	0.44144144144144143	0.10824742268041238	0.15080707360606	0.0576230631872674
0.4431422440149939	0.061686949223667645	0.9958487185649676	0.0041512814350324456	0.4362017804154303	0.10808823529411765	0.14968830154174062	0.05753566778863517
0.442642126670688	0.06210658833403273	0.9958487185649676	0.0041512814350324456	0.4378698224852071	0.1087835354649026	0.15055842198492925	0.057955306899000414
0.44240710491303376	0.06210658833403273	0.9958268697153095	0.004173130284690511	0.4365781710914454	0.10874357090374724	0.15028109097180353	0.057933458049342246
0.4415886531839539	0.06252622744439781	0.9958268697153095	0.004173130284690511	0.43823529411764706	0.10943811972089607	0.1511484614312924	0.05835309715970727
0.4382467853547965	0.06252622744439781	0.9957176254670191	0.0042823745329808385	0.4318840579710145	0.1092375366568915	0.14977610630294264	0.05824385291141687
0.43784715254332346	0.0629458665547629	0.9957176254670191	0.0042823745329808385	0.43352601156069365	0.10993037742762916	0.15063864183940506	0.058663492021782115
0.4368351926981064	0.0629458665547629	0.9956957766173611	0.004304223382638904	0.4322766570605187	0.10989010989010989	0.15036697583992034	0.05864164317212395
0.4356204314101572	0.06336550566512798	0.9956957766173611	0.004304223382638904	0.4339080459770115	0.11058220432076163	0.15122683532253092	0.05906128228248897
0.4341717954222757	0.06336550566512798	0.9956083812187289	0.004391618781271166	0.4289772727272727	0.11042047531992688	0.1501489174737923	0.05897388688385674
0.4337634068277438	0.06420478388585817	0.9956083812187289	0.004391618781271166	0.4322033898305085	0.11180124223602485	0.15185812171495755	0.05981316510458701
0.4336475834226478	0.06420478388585817	0.9955865323690708	0.0044134676309292315	0.4309859154929577	0.11176040905770636	0.15159027864391536	0.05979131625492906
0.43188184788206435	0.06504406210658834	0.9955865323690708	0.0044134676309292315	0.4341736694677871	0.11313868613138686	0.15329013915089107	0.060630594475659105
0.4274086788210126	0.06504406210658834	0.9954991369704385	0.004500863029561494	0.4293628808864266	0.1129737609329446	0.15222515966230346	0.06054319907702688
0.4267800003986637	0.06546370121695343	0.9954991369704385	0.004500863029561494	0.430939226519337	0.11366120218579236	0.15307000991156455	0.0609628381873919
0.42640952669541	0.06546370121695343	0.9954772881207804	0.004522711879219559	0.4297520661157025	0.11361981063364894	0.1528058389069485	0.06094098933773373
0.42596499095691626	0.0658833403273185	0.9954772881207804	0.004522711879219559	0.43131868131868134	0.11430651619949035	0.1536481772907028	0.061360628448098975
0.42537555289855983	0.0658833403273185	0.9954554392711223	0.0045445607288776245	0.4301369863013699	0.11426491994177583	0.15338452588995063	0.06133877959844081
0.42353145609583853	0.0663029794376836	0.9954554392711223	0.0045445607288776245	0.43169398907103823	0.1149508912331757	0.15422437486205048	0.06175841870880605
0.4186300007950372	0.0663029794376836	0.9952806484738579	0.004719351526142149	0.42245989304812837	0.11461733768589046	0.1521469387471551	0.061583627911541594
0.4184734010331875	0.06672261854804867	0.9952806484738579	0.004719351526142149	0.424	0.11530094271211022	0.15298090811977344	0.062003267021906616
0.4174932312507112	0.06672261854804867	0.9952151019248836	0.0047848980751163455	0.42063492063492064	0.11517566099239405	0.15221633053543931	0.061937720472932334
0.41734956256985595	0.06714225765841376	0.9952151019248836	0.0047848980751163455	0.42216358839050133	0.11585807385952208	0.15304691794830608	0.062357359583297356
0.4173338112816052	0.06714225765841376	0.9951932530752255	0.0048067469247744105	0.42105263157894735	0.11581614187477379	0.15279345276922385	0.06233551073363941
0.41472189380610264	0.0688208140998741	0.9951932530752255	0.0048067469247744105	0.4270833333333333	0.11853993494759668	0.1560950075268679	0.06401406717509972
0.41177288825506736	0.0688208140998741	0.9951277065262514	0.004872293473748607	0.42377260981912146	0.1184115523465704	0.155334477710967	0.06394852062612544
0.4115408784630648	0.0692404532102392	0.9951277065262514	0.004872293473748607	0.4252577319587629	0.11909058101768315	0.1561538219770006	0.06436815973649068
0.4114006813205071	0.0692404532102392	0.9951058576765933	0.004894142323406673	0.4241645244215938	0.11904761904761904	0.15590167696849955	0.06434631088683251
0.41137993894886565	0.06966009232060429	0.9951058576765933	0.004894142323406673	0.4256410256410256	0.11972592859718716	0.1567187350395067	0.06476594999719754
0.4102289123791871	0.06966009232060429	0.9950403111276191	0.004959688872380869	0.4223918575063613	0.11959654178674352	0.15596632325656878	0.06470040344822348
0.40740499640855354	0.07091900965169953	0.9950403111276191	0.004959688872380869	0.42676767676767674	0.12162648434688737	0.15840261362196936	0.06595932077931876
0.40230902508304167	0.07091900965169953	0.9948218226310385	0.0051781773689615245	0.41625615763546797	0.12119039082108282	0.1559378052186091	0.06574083228273797
0.40171731424264295	0.0721779269827948	0.9948218226310385	0.0051781773689615245	0.42053789731051344	0.12320916905444126	0.15834501889196884	0.06699974961383326
0.40119098672452996	0.0721779269827948	0.9947562760820643	0.005243723917935721	0.4174757281553398	0.12307692307692308	0.15761807335678624	0.06693420306485898
0.398736155201369	0.07385648342425515	0.9947562760820643	0.005243723917935721	0.4230769230769231	0.12575919971418364	0.16079885119453768	0.06861275950631951
0.39832788387405543	0.07385648342425515	0.9947344272324062	0.005265572767593786	0.42206235011990406	0.12571428571428572	0.1605564699186574	0.06859091065666134
0.39798905359429954	0.07469576164498531	0.9947344272324062	0.005265572767593786	0.42482100238663484	0.1270521056388294	0.16213609278452942	0.06943018887739161
0.3971366167701697	0.07469576164498531	0.9946907295330901	0.0053092704669099175	0.42280285035629456	0.12696148359486448	0.16165209766902475	0.0693864911780755
0.3965930467711359	0.07511540075535039	0.9946907295330901	0.0053092704669099175	0.42417061611374407	0.12762923351158645	0.16243864340837721	0.06980613028844052
0.396194942573477	0.07511540075535039	0.9946470318337739	0.005352968166226048	0.4221698113207547	0.12753829711435696	0.1619570294757374	0.0697624325891244
0.3960924851973833	0.07553503986571548	0.9946470318337739	0.005352968166226048	0.4235294117647059	0.1282051282051282	0.16274115116476873	0.07018207169948942
0.3960610344833005	0.07553503986571548	0.9946251829841158	0.005374817015884114	0.4225352112676056	0.12815948736205054	0.16250112607274766	0.07016022284983126
0.3955520697833638	0.07595467897608058	0.9946251829841158	0.005374817015884114	0.4238875878220141	0.1288256227758007	0.16328324834226615	0.0705798619601965
0.3954386144964462	0.07595467897608058	0.9946033341344578	0.005396665865542179	0.42289719626168226	0.1287797936677339	0.1630436062796414	0.07055801311053833
0.39533665832838955	0.07637431808644565	0.9946033341344578	0.005396665865542179	0.42424242424242425	0.12944523470839261	0.16382374448960754	0.07097765222090335
0.39340762229623505	0.07637431808644565	0.9945159387358256	0.005484061264174441	0.42032332563510394	0.12926136363636365	0.16287133927904182	0.07089025682227112
0.3930882156802458	0.07679395719681074	0.9945159387358256	0.005484061264174441	0.4216589861751152	0.1299254526091587	0.16364832122983758	0.07130989593263637
0.39210333131978903	0.07679395719681074	0.9944940898861675	0.005505910113832507	0.4206896551724138	0.12987934705464868	0.1634117407301822	0.0712880470829782
0.3918488846024504	0.078052874527906	0.9944940898861675	0.005505910113832507	0.4246575342465753	0.13186813186813187	0.16573224358065441	0.07254696441407349
0.39079409658092673	0.078052874527906	0.9944503921868514	0.005549607813148638	0.42272727272727273	0.13177470775770456	0.16525901448094885	0.07250326671475738
0.39044172274154226	0.07889215274863617	0.9944503921868514	0.005549607813148638	0.4253393665158371	0.13309734513274335	0.16679685808495073	0.07334254493548764
0.389432617231178	0.07889215274863617	0.9943848456378772	0.005615154362122834	0.42247191011235957	0.13295615275813297	0.1660903288919186	0.07327699838651336
0.3884584980290536	0.07973143096936634	0.9943848456378772	0.005615154362122834	0.4250559284116331	0.13427561837455831	0.16761991451312458	0.07411627660724363
0.38576989786742866	0.07973143096936634	0.9942974502392449	0.005702549760755096	0.4212860310421286	0.1340860973888497	0.16668514847777127	0.07402888120861117
0.3853679766237083	0.08015107007973143	0.9942974502392449	0.005702549760755096	0.4225663716814159	0.1347442680776014	0.1674462387094508	0.0744485203189762
0.38535600420534327	0.08015107007973143	0.9942756013895868	0.005724398610413161	0.4216335540838852	0.13469675599435826	0.16721398295488724	0.07442667146931825
0.38487902152975667	0.08057070919009651	0.9942756013895868	0.005724398610413161	0.42290748898678415	0.1353542474444836	0.16797324776128664	0.07484631057968327
0.3847020109126018	0.08057070919009651	0.9942537525399288	0.005746247460071227	0.421978021978022	0.13530655391120508	0.16774133842328512	0.07482446173002533
0.3833737341905688	0.08224926563155686	0.9942537525399288	0.005746247460071227	0.42701525054466233	0.13793103448275862	0.1707625528182855	0.07650301817148564
0.38326147471659694	0.08224926563155686	0.9942100548406126	0.005789945159387359	0.42516268980477223	0.13783403656821377	0.17029797733359114	0.07645932047216952
0.3830786499669669	0.08266890474192194	0.9942100548406126	0.005789945159387359	0.4264069264069264	0.13848857644991214	0.1710490164690977	0.07687895958253455
0.37917012507705244	0.08266890474192194	0.9940789617426643	0.005921038257335752	0.42094017094017094	0.13819712381620483	0.16966988996388335	0.0767478664845862
0.37871516741338507	0.08308854385228703	0.9940789617426643	0.005921038257335752	0.42217484008528783	0.1388499298737728	0.1704174207593789	0.07716750559495145
0.37815569704446794	0.08308854385228703	0.99401341519369	0.005986584806309948	0.4194915254237288	0.13870402802101575	0.16973602342316851	0.07710195904597716
0.37814374417059016	0.08350818296265212	0.99401341519369	0.005986584806309948	0.42071881606765327	0.13935574229691877	0.17048112828654355	0.07752159815634219
0.37767475879247825	0.08350818296265212	0.9939697174943739	0.006030282505626079	0.4189473684210526	0.13925822253324002	0.17002951322763424	0.07747790045702607
0.37732374798012835	0.0839278220730172	0.9939697174943739	0.006030282505626079	0.42016806722689076	0.13990905911157747	0.17077256107887517	0.0778975395673911
0.37720562810873076	0.0839278220730172	0.9939478686447158	0.006052131355284145	0.4192872117400419	0.13986013986013987	0.17054740052442152	0.07787569071773315
0.3768700771547712	0.08476710029374737	0.9939478686447158	0.006052131355284145	0.42171189979123175	0.14116002795248078	0.17202876183089447	0.07871496893846319
0.37640546772226074	0.08476710029374737	0.9939260197950578	0.0060739802049422096	0.42083333333333334	0.1411107230178135	0.17180357356292042	0.07869312008880525
0.3762449600167341	0.08518673940411246	0.9939260197950578	0.0060739802049422096	0.42203742203742206	0.14175977653631286	0.17254190761839722	0.07911275919917027
0.3755657937731595	0.08518673940411246	0.9939041709453997	0.006095829054600275	0.4211618257261411	0.14171029668411866	0.17231703462208037	0.0790909103495121
0.37432611670431376	0.0868652958455728	0.9939041709453997	0.006095829054600275	0.42592592592592593	0.1443011502265598	0.17525582432573772	0.08076946679097263
0.371028966061614	0.0868652958455728	0.9937512289977932	0.006248771002206734	0.4198782961460446	0.14394993045897078	0.17369042729715803	0.08061652484336612
0.37055912079157444	0.08728493495593789	0.9937512289977932	0.006248771002206734	0.42105263157894735	0.1445950643030935	0.17441957604548175	0.08103616395373114
0.3689256713029632	0.08728493495593789	0.9936419847495029	0.006358015250497061	0.4168336673346693	0.1443442054129077	0.17331866973851637	0.08092691970544075
0.368820148729257	0.08812421317666806	0.9936419847495029	0.006358015250497061	0.41916167664670656	0.14563106796116504	0.17476991070242207	0.08176619792617101
0.368388281910669	0.08812421317666806	0.9936201358998449	0.006379864100155127	0.41832669322709165	0.14558058925476602	0.1745509279227427	0.08174434907651285
0.3682194221088689	0.08854385228703315	0.9936201358998449	0.006379864100155127	0.4194831013916501	0.14622314622314622	0.1752743465453794	0.08216398818687809
0.36808337119040163	0.08854385228703315	0.9935982870501868	0.006401712949813192	0.41865079365079366	0.14617249740214755	0.17505565159622596	0.08214213933721992
0.366177838529832	0.09022240872849349	0.9935982870501868	0.006401712949813192	0.42322834645669294	0.14873746108612937	0.17793567509470823	0.08382069577868023
0.3650125322683803	0.09022240872849349	0.9935108916515546	0.006489108348445454	0.419921875	0.14853195164075994	0.17706188587715263	0.083733300380048
0.36495584997519237	0.09064204783885858	0.9935108916515546	0.006489108348445454	0.42105263157894735	0.14917127071823205	0.17777759340999633	0.08415293949041325
0.36411267076712966	0.09064204783885858	0.9934890428018964	0.00651095719810352	0.42023346303501946	0.14911977908180876	0.1775603254817401	0.08413109064075508
0.3639806315250072	0.09148132605958875	0.9934890428018964	0.00651095719810352	0.42248062015503873	0.15039668851328045	0.17898751664009924	0.08497036886148512
0.3632748482147505	0.09148132605958875	0.9934234962529223	0.0065765037470777166	0.42003853564547206	0.15024121295658166	0.17833740548070806	0.08490482231251106
0.3623986319121701	0.09274024339068401	0.9934234962529223	0.0065765037470777166	0.42337164750957856	0.15215146299483648	0.18046655605875597	0.08616373964360635
0.3605798620363563	0.09274024339068401	0.9933579497039481	0.006642050296051913	0.42095238095238097	0.15199449793672629	0.1798189698419975	0.08609819309463207
0.3601277830822775	0.09357952161141418	0.9933579497039481	0.006642050296051913	0.42314990512333966	0.15326460481099657	0.1812307697764011	0.08693747131536234
0.36010405939997997	0.09357952161141418	0.993314252004632	0.006685747995368044	0.4215500945179584	0.15315934065934067	0.1808007301620271	0.08689377361604622
0.3594379203235994	0.09399916072177927	0.993314252004632	0.006685747995368044	0.4226415094339623	0.15379334019910745	0.18150431166580236	0.08731341272641124
0.3591914048687866	0.09399916072177927	0.9932924031549739	0.0067075968450261095	0.4218455743879473	0.15374056280027454	0.18128985064738504	0.0872915638767533
0.35887574554039364	0.09441879983214435	0.9932924031549739	0.0067075968450261095	0.42293233082706766	0.15437392795883362	0.18199199630300716	0.08771120298711832
0.35688124570355234	0.09441879983214435	0.9931613100570255	0.0068386899429745025	0.41821561338289964	0.15405682985279015	0.1807152268172472	0.08758010988916975
0.3558723658829496	0.09567771716323961	0.9931613100570255	0.0068386899429745025	0.4214417744916821	0.15595075239398085	0.18280970306524774	0.08883902722026504
0.35399499911428206	0.09567771716323961	0.9930520658087352	0.00694793419126483	0.4175824175824176	0.15568453397063844	0.18175651409862037	0.08872978297197487
0.35332209509715806	0.09651699538396978	0.9930520658087352	0.00694793419126483	0.4197080291970803	0.15694302285909245	0.18314444594701557	0.08956906119270491
0.3519530920867473	0.09651699538396978	0.9929428215604449	0.007057178439555158	0.4159132007233273	0.1566757493188011	0.18210180817995067	0.08945981694441474
0.35113629329761564	0.09693663449433487	0.9929428215604449	0.007057178439555158	0.41696750902527074	0.15730337078651685	0.18279273618468098	0.08987945605477976
0.35111645296129473	0.09693663449433487	0.9929209727107868	0.007079027289213223	0.41621621621621624	0.1572498298162015	0.1825855066597412	0.08985760720512159
0.3492703089305162	0.09777591271506504	0.9929209727107868	0.007079027289213223	0.41831238779174146	0.15850340136054422	0.18396357609300965	0.09069688542585186
0.3483502794252469	0.09777591271506504	0.9928772750114706	0.007122724988529354	0.41681574239713776	0.1583956492182189	0.18354956885105972	0.09065318772653574
0.347558213385098	0.09819555182543013	0.9928772750114706	0.007122724988529354	0.41785714285714287	0.15902140672782875	0.18423645076471587	0.09107282683690077
0.34704495935326446	0.09819555182543013	0.9928335773121545	0.007166422687845485	0.41637010676156583	0.15891341256366723	0.18382395710668856	0.09102912913758465
0.34696260495155623	0.09861519093579521	0.9928335773121545	0.007166422687845485	0.41740674955595025	0.15953835709436523	0.18450923419666307	0.09144876824794967
0.34517440253026793	0.09861519093579521	0.9927680307631803	0.0072319692368196815	0.41519434628975266	0.15937605968124788	0.1838935015074049	0.09138322169897561
0.345096100141459	0.0990348300461603	0.9927680307631803	0.0072319692368196815	0.41622574955908287	0.16	0.18457691454119693	0.09180286080934064
0.3422922149400305	0.0990348300461603	0.992636937665232	0.0073630623347680745	0.4118673647469459	0.15967523680649526	0.18335737085535045	0.0916717677113923
0.3411389218440593	0.09987410826689047	0.992636937665232	0.0073630623347680745	0.41391304347826086	0.16091954022988506	0.18471785419610268	0.09251104593212256
0.33906705576717466	0.09987410826689047	0.9925058445672835	0.007494155432716467	0.40963855421686746	0.16059379217273953	0.18351275812638837	0.092379952834174
0.33824602793300634	0.10113302559798573	0.9925058445672835	0.007494155432716467	0.4126712328767123	0.16245365689248398	0.18554105788379593	0.09363887016526928
0.3371836897557174	0.10113302559798573	0.9924621468679674	0.007537853132032598	0.4112627986348123	0.1623442236443247	0.18514161941450477	0.09359517246595317
0.3370989056407235	0.10155266470835082	0.9924621468679674	0.007537853132032598	0.4122657580919932	0.16296296296296298	0.18581518917099804	0.09401481157631819
0.3358592079074858	0.10155266470835082	0.9924402980183094	0.007559701981690664	0.41156462585034015	0.16290811174688657	0.18561592067964375	0.09399296272666025
0.335257467012575	0.10281158203944607	0.9924402980183094	0.007559701981690664	0.41455160744500846	0.16476126429051782	0.18762990571380475	0.09525188005775531
0.33258649701038007	0.10281158203944607	0.9921781118224126	0.00782188817758745	0.40630182421227196	0.1640991292699263	0.18526563575051014	0.09498969386185863
0.33252218834720865	0.10323122114981116	0.9921781118224126	0.00782188817758745	0.40728476821192056	0.16471375962504184	0.18593193811185052	0.09540933297222365
0.332318478062782	0.10323122114981116	0.9921562629727545	0.007843737027245515	0.4066115702479339	0.1646586345381526	0.18573762154357124	0.0953874841225657
0.3321598779832844	0.10365086026017625	0.9921562629727545	0.007843737027245515	0.4075907590759076	0.16527266644362662	0.1864027125153079	0.09580712323293072
0.33131851084065206	0.10365086026017625	0.9920688675741223	0.007931132425877778	0.40491803278688526	0.1650517875041764	0.18562888102832098	0.0957197278342985
0.3312540768935353	0.10449013848090642	0.9920688675741223	0.007931132425877778	0.4068627450980392	0.1662771285475793	0.18695419728398008	0.09655900605502876
0.32989376653954516	0.10449013848090642	0.9919159256265158	0.008084074373484237	0.40226171243941844	0.1658894070619587	0.1856133241206737	0.09640606410742225
0.3292956771224848	0.1049097775912715	0.9919159256265158	0.008084074373484237	0.4032258064516129	0.1665001665001665	0.18627282619250538	0.09682570321778727
0.328883264291865	0.1049097775912715	0.9918503790775416	0.008149620922458432	0.4012841091492777	0.16633399866932802	0.1857038613341949	0.09676015666881299
0.32884349472039043	0.10532941670163659	0.9918503790775416	0.008149620922458432	0.40224358974358976	0.1669437978051214	0.18636169447156323	0.09717979577917824
0.3286653994017144	0.10532941670163659	0.9917848325285674	0.00821516747143263	0.4003189792663477	0.16677740863787374	0.1857957848437041	0.09711424923020395
0.3286360292785628	0.10574905581200168	0.9917848325285674	0.00821516747143263	0.4012738853503185	0.16738625041514446	0.1864519612327233	0.0975338883405692
0.3279561395022923	0.10574905581200168	0.9917192859795931	0.008280714020406825	0.3993660855784469	0.1672196416721964	0.18588906605177943	0.09746834179159491
0.3276128782126779	0.10658833403273185	0.9917192859795931	0.008280714020406825	0.40126382306477093	0.16843501326259946	0.1871972281514142	0.09830762001232496
0.3275711511004636	0.10658833403273185	0.9916974371299351	0.008302562870064891	0.40063091482649843	0.16837918462048393	0.1870099340325908	0.09828577116266701
0.3272309457824252	0.10700797314309694	0.9916974371299351	0.008302562870064891	0.4015748031496063	0.16898608349900596	0.18766242395624833	0.09870541027303203
0.3244151335817576	0.10700797314309694	0.991653739430619	0.008346260569381023	0.4003139717425432	0.16887417218543047	0.18728858122949954	0.09866171257371592
0.32425656033200057	0.10742761225346202	0.991653739430619	0.008346260569381023	0.4012539184952978	0.16948030453492222	0.18793969583809683	0.09908135168408094
0.3232048690884198	0.10742761225346202	0.9915881928816448	0.008411807118355218	0.3993759750390016	0.1693121693121693	0.18738126036447134	0.09901580513510688
0.3227442549221922	0.10784725136382711	0.9915881928816448	0.008411807118355218	0.40031152647975077	0.16991735537190084	0.18803076897161244	0.0994354442454719
0.32085066734004825	0.10784725136382711	0.9915007974830126	0.008499202516987481	0.3978328173374613	0.1696929679762298	0.18729086006308954	0.09934804884683968
0.32072655626064567	0.10826689047419219	0.9915007974830126	0.008499202516987481	0.3987635239567233	0.1702970297029703	0.18793853594771007	0.0997676879572047
0.31992875519262837	0.10826689047419219	0.9914134020843802	0.008586597915619743	0.39631336405529954	0.17007251153592617	0.1872040182379763	0.09968029255857247
0.31974561697866904	0.10910616869492237	0.9914134020843802	0.008586597915619743	0.3981623277182236	0.1712779973649539	0.18849486978218158	0.10051957077930251
0.3181563559820704	0.10910616869492237	0.991326006685748	0.008673993314252004	0.395738203957382	0.17105263157894737	0.18776471048001525	0.10043217538067029
0.3179838363507686	0.10994544691565254	0.991326006685748	0.008673993314252004	0.3975720789074355	0.1722550953320184	0.18905025504214049	0.10127145360140055
0.31704309885451093	0.10994544691565254	0.9911949135877997	0.008805086412200397	0.39398496240601505	0.17191601049868765	0.18796372397072664	0.10114036050345221
0.31647969272515203	0.11078472513638271	0.9911949135877997	0.008805086412200397	0.39580209895052476	0.17311475409836066	0.18924310451045875	0.10197963872418248
0.3160914086235878	0.11078472513638271	0.9911730647381415	0.008826935261858463	0.39520958083832336	0.17305801376597837	0.18906287876122316	0.10195778987452409
0.3158514736672036	0.1112043642467478	0.9911730647381415	0.008826935261858463	0.3961136023916293	0.17365661861074705	0.18970108635608898	0.10237742898488933
0.31583472099017657	0.1112043642467478	0.9911512158884834	0.008848784111516529	0.39552238805970147	0.17359973796265968	0.18952100642158579	0.10235558013523116
0.3158171850344605	0.11162400335711288	0.9911512158884834	0.008848784111516529	0.39642324888226527	0.1741977734119188	0.19015815556514046	0.1027752192455964
0.3156546522183997	0.11162400335711288	0.9911293670388254	0.008870632961174595	0.3958333333333333	0.17414075286415712	0.18997822136382103	0.10275337039593824
0.31534245403283484	0.11204364246747797	0.9911293670388254	0.008870632961174595	0.3967310549777117	0.17473821989528796	0.1906143173754291	0.10317300950630326
0.31518359121499384	0.11204364246747797	0.9910638204898512	0.00893617951014879	0.39497041420118345	0.17456685191238966	0.1900760618314545	0.1031074629573292
0.3147333729927216	0.11246328157784305	0.9910638204898512	0.00893617951014879	0.39586410635155095	0.17516339869281045	0.1907106601073114	0.10352710206769422
0.3124576376799563	0.11246328157784305	0.9908671808429286	0.00913281915707138	0.39067055393586003	0.1746497230368198	0.18911358634275083	0.1033304624207716
0.31217954899954997	0.11330255979857323	0.9908671808429286	0.00913281915707138	0.39244186046511625	0.17583848909150113	0.19037632066410048	0.10416974064150186
0.31144221665311084	0.11330255979857323	0.9908234831436125	0.00917651685638751	0.391304347826087	0.1757240481614058	0.1900244720319132	0.10412604294218575
0.31061480802774283	0.1141418380193034	0.9908234831436125	0.00917651685638751	0.3930635838150289	0.17691056910569106	0.1912831247908852	0.10496532116291579
0.3100375837540816	0.1141418380193034	0.9907797854442963	0.009220214555703642	0.3919308357348703	0.17679558011049723	0.1909318073785448	0.10492162346359968
0.30999779403033695	0.11456147712966848	0.9907797854442963	0.009220214555703642	0.39280575539568346	0.17738791423001948	0.19155950655435378	0.10534126257396492
0.3091820072782929	0.11456147712966848	0.9907142388953222	0.00928576110467784	0.39111747851002865	0.17721518987341772	0.19103450292327737	0.10527571602499064
0.3091619784598495	0.11498111624003357	0.9907142388953222	0.00928576110467784	0.39198855507868385	0.17780661907852044	0.1916607620139885	0.10569535513535566
0.3082900643800592	0.11498111624003357	0.9906049946470319	0.009395005352968167	0.38920454545454547	0.17751862649821834	0.19079159623622313	0.10558611088706549
0.3075901743607387	0.11540075535039866	0.9906049946470319	0.009395005352968167	0.3900709219858156	0.17810880829015543	0.19141599208946067	0.10600574999743051
0.3058394439415453	0.11540075535039866	0.9904520526994254	0.009547947300574625	0.3862359550561798	0.1777059773828756	0.1902119419335526	0.105852808049824
0.30480179580040834	0.11582039446076374	0.9904520526994254	0.009547947300574625	0.3870967741935484	0.17829457364341086	0.1908340584794911	0.10627244716018902
0.3047037961474695	0.11582039446076374	0.9904302038497673	0.009569796150232691	0.3865546218487395	0.17823700355182434	0.1906631773078173	0.10625059831053107
0.30468372135837934	0.11624003357112883	0.9904302038497673	0.009569796150232691	0.38741258741258744	0.1788250484183344	0.19128431762240403	0.1066702374208961
0.30150186674845614	0.11624003357112883	0.990320959601477	0.009679040398523018	0.38472222222222224	0.17853689977441187	0.19043379653801532	0.10656099317260592
0.30053370772033466	0.11665967268149391	0.990320959601477	0.009679040398523018	0.3855755894590846	0.1791237113402062	0.19105311389841514	0.10698063228297094
0.30012449225801	0.11665967268149391	0.9902991107518189	0.009700889248181084	0.3850415512465374	0.17906602254428342	0.190883779944505	0.10695878343331278
0.2998601727270975	0.117079311791859	0.9902991107518189	0.009700889248181084	0.38589211618257263	0.17965228589826143	0.1915021349247044	0.1073784225436778
0.2997703275527761	0.117079311791859	0.9902772619021608	0.009722738097839148	0.38535911602209943	0.17959446411329258	0.19133291440412387	0.10735657369401985
0.2992127913107155	0.11749895090222409	0.9902772619021608	0.009722738097839148	0.38620689655172413	0.18018018018018017	0.1919503115342459	0.10777621280438487
0.29801569723493326	0.11749895090222409	0.9901898665035286	0.009810133496471411	0.3840877914951989	0.17994858611825193	0.19127581650240935	0.10768881740575265
0.29800249203794577	0.11791859001258917	0.9901898665035286	0.009810133496471411	0.38493150684931504	0.18053324767105686	0.1918916321327274	0.10810845651611767
0.2964907030886447	0.11791859001258917	0.9901461688042125	0.009853831195787541	0.383879781420765	0.18041733547351524	0.1915558881899243	0.10806475881680155
0.29533053703789963	0.11917750734368443	0.9901461688042125	0.009853831195787541	0.38639455782312926	0.18216805644644002	0.19339767723257792	0.10932367614789684
0.2950576212765081	0.11917750734368443	0.9901243199545544	0.009875680045445607	0.3858695652173913	0.1821096505290157	0.1932296606837699	0.1093018272982389
0.294860958978777	0.1200167855644146	0.9901243199545544	0.009875680045445607	0.3875338753387534	0.1832745914770907	0.19445346473818323	0.11014110551896894
0.2948116853688796	0.1200167855644146	0.9901024711048964	0.009897528895103673	0.3870094722598105	0.1832158872517617	0.19428535585624504	0.110119256669311
0.2947174642538382	0.12085606378514478	0.9901024711048964	0.009897528895103673	0.38866396761133604	0.18437900128040974	0.1955058625134687	0.11095853489004104
0.29430031148417773	0.12085606378514478	0.9900587734055802	0.009941226594419804	0.3876177658142665	0.18426103646833014	0.1951697809901029	0.11091483719072492
0.29383313400572275	0.12127570289550986	0.9900587734055802	0.009941226594419804	0.38844086021505375	0.18484170131116084	0.195778555020613	0.11133447630109017
0.29188121768503517	0.12127570289550986	0.9899495291572898	0.010050470842710131	0.38584779706275035	0.18454661558109833	0.19494281398250063	0.11122523205279977
0.29166824587765844	0.12169534200587495	0.9899495291572898	0.010050470842710131	0.38666666666666666	0.18512607724225982	0.1955498761486048	0.1116448711631648
0.2906479144645175	0.12169534200587495	0.9898402849089996	0.010159715091000459	0.3841059602649007	0.18483110261312938	0.19472084385931254	0.11153562691487462
0.29042030908597205	0.12211498111624003	0.9898402849089996	0.010159715091000459	0.38492063492063494	0.18540936604014016	0.19532620675036566	0.11195526602523964
0.2894429462606975	0.12211498111624003	0.9897747383600254	0.010225261639974656	0.383399209486166	0.18523233609166137	0.19483183898249928	0.11188971947626536
0.2893676583420975	0.12253462022660512	0.9897747383600254	0.010225261639974656	0.38421052631578945	0.18580973592109448	0.19543591003187247	0.1123093585866306
0.2893273220640144	0.12253462022660512	0.9897528895103673	0.01024711048963272	0.38370565045992117	0.18575063613231552	0.19527152526692867	0.11228750973697244
0.2886626658407256	0.12295425933697021	0.9897528895103673	0.01024711048963272	0.38451443569553806	0.1863275039745628	0.19587470552998867	0.11270714884733746
0.2869914599058629	0.12295425933697021	0.989687342961393	0.010312657038606917	0.38300653594771245	0.18614993646759848	0.19538275428278992	0.11264160229836317
0.28648465318237887	0.12337389844733529	0.989687342961393	0.010312657038606917	0.3838120104438642	0.1867259447443633	0.19598465684609603	0.11306124140872842
0.28636168404762863	0.12337389844733529	0.9896436452620769	0.010356354737923049	0.3828125	0.18660742621390036	0.1956577826395536	0.1130175437094123
0.28615948617742754	0.12379353755770038	0.9896436452620769	0.010356354737923049	0.3836150845253576	0.18718274111675126	0.19625860992100588	0.11343718281977733
0.28453851803795566	0.12379353755770038	0.9895344010137866	0.010465598986213376	0.38113695090439276	0.18688628444726005	0.19544559197676917	0.11332793857148693
0.2841763167801384	0.12463281577843055	0.9895344010137866	0.010465598986213376	0.38273195876288657	0.18803418803418803	0.196643271650431	0.1141672167922172
0.28362950509854545	0.12463281577843055	0.9894033079158382	0.01059669208416177	0.3797953964194373	0.1876777251184834	0.1956748954815517	0.11403612369426863
0.283211363772188	0.12547209399916073	0.9894033079158382	0.01059669208416177	0.38137755102040816	0.18882222923902747	0.1968675885030397	0.1148754019149989
0.28243975933247484	0.12547209399916073	0.989315912517206	0.01068408748279403	0.37944162436548223	0.18858404288867864	0.19622618107679335	0.11478800651636667
0.2822750525902363	0.1258917331095258	0.989315912517206	0.01068408748279403	0.38022813688212925	0.18915510718789408	0.196820772214534	0.11520764562673169
0.28216752565226405	0.1258917331095258	0.9892940636675479	0.010705936332452096	0.379746835443038	0.18909549322407815	0.19666093582501076	0.11518579677707375
0.2821135497562803	0.1263113722198909	0.9892940636675479	0.010705936332452096	0.3805309734513274	0.18966603654694392	0.19725467956291895	0.11560543588743877
0.28186420939893747	0.1263113722198909	0.9892503659682318	0.010749634031768228	0.37957124842370743	0.18954659949622166	0.19693546966691589	0.11556173818812265
0.2816041069809542	0.12673101133025597	0.9892503659682318	0.010749634031768228	0.380352644836272	0.1901164620711363	0.19752818216428772	0.11598137729848768
0.28134836383010353	0.12673101133025597	0.9891848194192576	0.010815180580742424	0.37892095357590966	0.189937106918239	0.1970508914459729	0.11591583074951362
0.28114003529462456	0.12715065044062107	0.9891848194192576	0.010815180580742424	0.37969924812030076	0.19050613014775228	0.19764239167926842	0.11633546985987864
0.2809224804235425	0.12715065044062107	0.9891629705695996	0.01083702943040049	0.37922403003754696	0.19044626021370206	0.19748366126911718	0.11631362101022069
0.2797232372007065	0.1292488459924465	0.9891629705695996	0.01083702943040049	0.38308457711442784	0.19328522121117037	0.20043055676528415	0.11841181656204602
0.27927447740939404	0.1292488459924465	0.9891411217199414	0.010858878280058555	0.3826086956521739	0.1932245922208281	0.20027118232245306	0.11838996771238786
0.2792325381146607	0.1296684851028116	0.9891411217199414	0.010858878280058555	0.38337468982630274	0.19379115710253997	0.20085845783199904	0.1188096068227531
0.2791314392444446	0.1296684851028116	0.9891192728702833	0.010880727129716621	0.3828996282527881	0.19373040752351098	0.2006991765649003	0.11878775797309493
0.2789164544882844	0.13008812421317667	0.9891192728702833	0.010880727129716621	0.38366336633663367	0.19429645879034785	0.20128563586863246	0.11920739708345995
0.27827728813495667	0.13008812421317667	0.9890537263213092	0.010946273678690817	0.38224414303329224	0.19411396368190356	0.2008088890894109	0.1191418505344859
0.2781978637670337	0.13092740243390685	0.9890537263213092	0.010946273678690817	0.3837638376383764	0.19524405506883605	0.2019788354286502	0.11998112875521594
0.2762232172529126	0.13092740243390685	0.9889007843737028	0.011099215626297275	0.3804878048780488	0.19481735872619418	0.20087337047565054	0.11982818680760965
0.27592948840830894	0.13134704154427193	0.9889007843737028	0.011099215626297275	0.3812423873325213	0.19538077403245943	0.20145615809419215	0.12024782591797467
0.2757924395261752	0.13134704154427193	0.9888789355240447	0.011121064475955341	0.38077858880778587	0.1953198127925117	0.20129912506600495	0.12022597706831673
0.2757904858318115	0.131766680654637	0.9888789355240447	0.011121064475955341	0.38153098420413123	0.19588271990018716	0.2018811160813529	0.12064561617868175
0.27537585310075957	0.131766680654637	0.9888133889750704	0.011186611024929537	0.3801452784503632	0.19569959488937363	0.20141107153880675	0.12058006962970746
0.2751718615677289	0.13218631976500209	0.9888133889750704	0.011186611024929537	0.3808948004836759	0.19626168224299065	0.2019919174554961	0.12099970874007249
0.2748559639443442	0.13218631976500209	0.9887696912757543	0.011230308724245668	0.37997587454764775	0.19613947696139478	0.20167951554290814	0.12095601104075637
0.2748276806207595	0.1326059588753672	0.9887696912757543	0.011230308724245668	0.38072289156626504	0.19670090258325554	0.20225939808148474	0.1213756501511214
0.27364522561005294	0.1326059588753672	0.988638598177806	0.011361401822194061	0.37799043062200954	0.19633426529978254	0.20132737636128023	0.12124455705317327
0.27360380423553826	0.13302559798573227	0.988638598177806	0.011361401822194061	0.37873357228195936	0.1968944099378882	0.20190560385993406	0.1216641961635383
0.27273592007837494	0.13302559798573227	0.9885949004784899	0.011405099521510193	0.3778307508939213	0.196772191185599	0.20159663951343634	0.12162049846422218
0.27267310959914776	0.13344523709609735	0.9885949004784899	0.011405099521510193	0.37857142857142856	0.1973316785603475	0.20217391680177946	0.1220401375745872
0.27231474231965414	0.13344523709609735	0.9884856562301995	0.01151434376980052	0.3763313609467456	0.1970260223048327	0.20140508454083375	0.12193089332629681
0.27210320836209795	0.13428451531682753	0.9884856562301995	0.01151434376980052	0.3778040141676505	0.19814241486068113	0.2025561189293474	0.12277017154702707
0.2719683579931931	0.13428451531682753	0.9884638073805414	0.011536192619458586	0.37735849056603776	0.19808108944599195	0.2024027646428877	0.1227483226973689
0.27181124082458424	0.1347041544271926	0.9884638073805414	0.011536192619458586	0.37809187279151946	0.19863861386138615	0.20297722004596344	0.12316796180773393
0.27179618318366344	0.1347041544271926	0.9884419585308833	0.011558041469116652	0.3776470588235294	0.19857717290442314	0.20282394535247616	0.12314611295807598
0.2717272838084591	0.1351237935375577	0.9884419585308833	0.011558041469116652	0.3783783783783784	0.19913419913419914	0.20339763956011717	0.123565752068441
0.27012864580258156	0.1351237935375577	0.9883327142825931	0.011667285717406979	0.37616822429906543	0.1988267983945662	0.20263414698899596	0.12345650782015083
0.2699823534750428	0.13596307175828787	0.9883327142825931	0.011667285717406979	0.3776223776223776	0.19993829065103363	0.20377808222083876	0.12429578604088087
0.2697016670254495	0.13596307175828787	0.9882671677336188	0.011732832266381174	0.37630662020905925	0.1997533908754624	0.20332193348936176	0.12423023949190659
0.2687531462812201	0.13722198908938313	0.9882671677336188	0.011732832266381174	0.3784722222222222	0.20141669233138282	0.20503197250902658	0.12548915682300188
0.2680842806543444	0.13722198908938313	0.9881579234853285	0.011842076514671503	0.3762945914844649	0.2011070110701107	0.2042740952282862	0.1253799125747117
0.26775514205546314	0.1376416281997482	0.9881579234853285	0.011842076514671503	0.37701149425287356	0.20166000614817092	0.2048421289157536	0.12579955168507673
0.26752299407136665	0.1376416281997482	0.9881142257860124	0.011885774213987633	0.3761467889908257	0.20153609831029187	0.20454033711540545	0.1257558539857606
0.2672977187889354	0.13890054553084347	0.9881142257860124	0.011885774213987633	0.3782857142857143	0.20319214241866176	0.20624003894423085	0.1270147713168559
0.2656374093216624	0.13890054553084347	0.9879175861390898	0.012082413860910223	0.3744343891402715	0.20263238445056628	0.20488932788673722	0.12681813166993328
0.2652361795568973	0.13932018464120857	0.9879175861390898	0.012082413860910223	0.3751412429378531	0.20318237454100369	0.2054533040472486	0.1272377707802983
0.2652191855362002	0.13932018464120857	0.9878957372894317	0.01210426271056829	0.3747178329571106	0.20312022025084123	0.20530423892490168	0.12721592193064035
0.265215374876495	0.13973982375157365	0.9878957372894317	0.01210426271056829	0.3754227733934611	0.2036697247706422	0.20586749673675603	0.12763556104100537
0.26518391780638656	0.13973982375157365	0.9878738884397736	0.012126111560226353	0.375	0.20360745949250994	0.20571850307379339	0.1276137121913472
0.264820215299774	0.14015946286193873	0.9878738884397736	0.012126111560226353	0.37570303712035996	0.2041564792176039	0.20628104532152186	0.12803335130171245
0.2638711735765689	0.14015946286193873	0.9877646441914834	0.012235355808516682	0.37360178970917224	0.20384498016478486	0.20553874422348908	0.12792410705342205
0.26381031425375706	0.1405791019723038	0.9877646441914834	0.012235355808516682	0.3743016759776536	0.20439292251372787	0.2060999340999445	0.12834374616378708
0.26335591991165797	0.1405791019723038	0.987677248792851	0.012322751207148944	0.37263626251390436	0.2041438147471054	0.20550958060707147	0.12825635076515485
0.26309573963113514	0.1409987410826689	0.987677248792851	0.012322751207148944	0.37333333333333335	0.2046908315565032	0.20606958596900474	0.12867598987551987
0.2620826612832932	0.1409987410826689	0.9875898533942188	0.012410146605781205	0.37168141592920356	0.20444174018862185	0.20548222150472414	0.12858859447688764
0.26154152659694613	0.14183801930339907	0.9875898533942188	0.012410146605781205	0.3730684326710817	0.20553359683794467	0.20659933746035977	0.1294278726976179
0.2613953025055293	0.14183801930339907	0.9875680045445607	0.012431995455439271	0.37265711135611906	0.20547112462006079	0.20645274233506933	0.12940602384795974
0.26094224800662763	0.14225765841376417	0.9875680045445607	0.012431995455439271	0.3733480176211454	0.20601640838650867	0.2070103346101834	0.12982566295832498
0.25930795461436623	0.14225765841376417	0.9874369114466124	0.012563088553387664	0.37089715536105033	0.20564149226569609	0.20613449676437914	0.12969456986037664
0.2590734796172758	0.14309693663449433	0.9874369114466124	0.012563088553387664	0.3722707423580786	0.20672931191270083	0.207246201920581	0.13053384808110668
0.25864749052054054	0.14309693663449433	0.98734951604798	0.012650483952019927	0.3706521739130435	0.20647895852255524	0.20666547233922808	0.13044645268247446
0.2582747206883227	0.14351657574485943	0.98734951604798	0.012650483952019927	0.3713355048859935	0.20702179176755447	0.2072199097837951	0.13086609179283948
0.2579373742206981	0.14351657574485943	0.9873058183486639	0.012694181651336057	0.3705308775731311	0.20689655172413793	0.20693054426507212	0.13082239409352336
0.2575969217752291	0.1447754930759547	0.9873058183486639	0.012694181651336057	0.37257019438444927	0.2085222121486854	0.2085897822030204	0.13208131142461865
0.2575031843149898	0.1447754930759547	0.9872621206493478	0.012737879350652188	0.37176724137931033	0.20839625490788283	0.20830036294368992	0.13203761372530254
0.2573794005445989	0.14519513218631977	0.9872621206493478	0.012737879350652188	0.37244348762109797	0.20893719806763286	0.2088520934124523	0.13245725283566756
0.2570110010749639	0.14519513218631977	0.9872184229500317	0.01278157704996832	0.3716433941997852	0.2088111044055522	0.2085632321438234	0.13241355513635145
0.2563740237523346	0.14603441040704992	0.9872184229500317	0.01278157704996832	0.3729903536977492	0.20989143546441497	0.20966453277937439	0.1332528333570817
0.2544137987164832	0.14603441040704992	0.9870873298520833	0.012912670147916713	0.3706070287539936	0.2095123419626731	0.20880126462451606	0.13312174025913315
0.2543125177009065	0.14645404951741503	0.9870873298520833	0.012912670147916713	0.37127659574468086	0.21005115859163406	0.20935024082242107	0.13354137936949817
0.25414035593167245	0.14645404951741503	0.9870654810024252	0.012934518997574777	0.3708820403825717	0.20998796630565583	0.20920695488982355	0.13351953051984022
0.2539624455073341	0.1468736886277801	0.9870654810024252	0.012934518997574777	0.37154989384288745	0.21052631578947367	0.2097552712010498	0.13393916963020525
0.25339829785479334	0.1468736886277801	0.9869562367541349	0.013043763245865106	0.36958817317845827	0.21021021021021022	0.20904124262701007	0.13382992538191507
0.2531119728194111	0.14729332773814519	0.9869562367541349	0.013043763245865106	0.370253164556962	0.2107475232662864	0.2095883067419474	0.1342495644922801
0.25310367667643335	0.14729332773814519	0.9869343879044769	0.01306561209552317	0.3698630136986301	0.21068427370948378	0.20944597819098107	0.13422771564262215
0.25284430096864857	0.1477129668485103	0.9869343879044769	0.01306561209552317	0.3705263157894737	0.21122112211221122	0.20999238973458786	0.13464735475298717
0.25218491810005	0.1477129668485103	0.9869125390548188	0.013087460945181236	0.37013669821240797	0.21115776844631073	0.20985012055058583	0.134625505903329
0.25216282787603744	0.14813260595887537	0.9869125390548188	0.013087460945181236	0.3707983193277311	0.21169415292353824	0.21039588189524333	0.13504514501369425
0.2517757421158535	0.14813260595887537	0.9868688413555027	0.013131158644497367	0.370020964360587	0.21156727599640396	0.21011166882075905	0.13500144731437813
0.251349907555294	0.14855224506924045	0.9868688413555027	0.013131158644497367	0.3706806282722513	0.2121030557219892	0.21065663556755085	0.13542108642474315
0.24876216497064033	0.14855224506924045	0.9866066551596059	0.013393344840394153	0.36608066184074456	0.21134328358208956	0.20896673907470978	0.13515890022884625
0.24818837151405712	0.14939152328997063	0.9866066551596059	0.013393344840394153	0.3673890608875129	0.21241050119331742	0.2100516805742248	0.1359981784495765
0.24761858623276636	0.14939152328997063	0.9865629574602898	0.013437042539710285	0.3666323377960865	0.21228384019081695	0.209772267579303	0.1359544807502604
0.24731398461220244	0.1498111624003357	0.9865629574602898	0.013437042539710285	0.36728395061728397	0.2128166915052161	0.21031371410232721	0.13637411986062542
0.2471814386164877	0.1498111624003357	0.9865411086106316	0.013458891389368349	0.3669064748201439	0.21275327771156138	0.2101741612341556	0.13635227101096725
0.24656056584939437	0.15107007973143097	0.9865411086106316	0.013458891389368349	0.36885245901639346	0.21434950878237571	0.21179515061343138	0.13761118834206254
0.2460194518307002	0.15107007973143097	0.9864537132119994	0.013546286788000612	0.3673469387755102	0.21409455842997324	0.21123719507194624	0.1375237929434303
0.24594622635671035	0.15148971884179604	0.9864537132119994	0.013546286788000612	0.36799184505606525	0.2146254458977408	0.21177598718075288	0.13794343205379533
0.2458454649942429	0.15148971884179604	0.9864318643623413	0.013568135637658678	0.36761710794297353	0.21456166419019315	0.211636848008261	0.1379215832041374
0.24576876953842422	0.15232899706252623	0.9864318643623413	0.013568135637658678	0.36890243902439024	0.21562221562221562	0.21271270977119572	0.13876086142486743
0.2457154161625077	0.15232899706252623	0.9863881666630252	0.013611833336974808	0.36815415821501013	0.21549421193232413	0.21243445294240876	0.13871716372555154
0.24550300176329384	0.1531682752832564	0.9863881666630252	0.013611833336974808	0.3694331983805668	0.21655295164639574	0.21350784336002082	0.13955644194628158
0.24547944402130736	0.1531682752832564	0.9863663178133671	0.013633682186632873	0.3690596562184024	0.21648873072360617	0.21336872706327661	0.13953459309662364
0.24532321672288923	0.1535879143936215	0.9863663178133671	0.013633682186632873	0.3696969696969697	0.21701749184702046	0.21390457076733424	0.13995423220698866
0.2442511242379873	0.1535879143936215	0.9862133758657606	0.013786624134239332	0.36710130391173523	0.2165680473372781	0.21293519949038955	0.13980129025938215
0.244184316592839	0.15400755350398657	0.9862133758657606	0.013786624134239332	0.36773547094188375	0.2170955338657202	0.21346959888784153	0.14022092936974717
0.24400177710962798	0.15400755350398657	0.9861915270161026	0.013808472983897398	0.36736736736736736	0.21703134240094618	0.21333174697376472	0.14019908052008923
0.2434897294516959	0.15442719261435164	0.9861915270161026	0.013808472983897398	0.368	0.21755838013597398	0.2138655401824536	0.14061871963045425
0.24249054357863628	0.15442719261435164	0.9860604339181542	0.013939566081845791	0.3658051689860835	0.21717320743582177	0.21304158871499623	0.1404876265325059
0.24219613725173825	0.15484683172471675	0.9860604339181542	0.013939566081845791	0.36643495531281034	0.2176991150442478	0.21357409022576596	0.14090726564287093
0.24219270303919513	0.15484683172471675	0.9860385850684962	0.013961414931503857	0.36607142857142855	0.21763491595399587	0.2134372880295939	0.14088541679321298
0.24177914942101886	0.15526647083508183	0.9860385850684962	0.013961414931503857	0.3666997026759167	0.21816037735849056	0.21396919026655564	0.141305055903578
0.24122687010515817	0.15526647083508183	0.9859730385195219	0.014026961480478052	0.36561264822134387	0.21796759941089838	0.21355949631494872	0.14123950935460372
0.24059131832336042	0.1565253881661771	0.9859730385195219	0.014026961480478052	0.367487684729064	0.21954090641553856	0.2151512194238762	0.142498426685699
0.23879709945444252	0.1565253881661771	0.9858419454215736	0.014158054578426445	0.3653281096963761	0.2191539365452409	0.21433440314120014	0.14236733358775067
0.23852674799271278	0.15694502727654217	0.9858419454215736	0.014158054578426445	0.3659491193737769	0.2196769456681351	0.21486325528867334	0.1427869726981157
0.23690703439205021	0.15694502727654217	0.9856016080753348	0.014398391924665166	0.36205227492739595	0.2189695550351288	0.2133813756004454	0.14254663535187695
0.23668786030659208	0.15736466638690727	0.9856016080753348	0.014398391924665166	0.36266924564796904	0.21949078138718173	0.21390830176275233	0.1429662744622422
0.23598641478047602	0.15736466638690727	0.9855360615263606	0.014463938473639363	0.36162005785920925	0.21929824561403508	0.21350753086524454	0.1429007279132679
0.23575226537136718	0.15778430549727235	0.9855360615263606	0.014463938473639363	0.3622350674373796	0.21981876644256065	0.21403361125544038	0.14332036702363293
0.2351725272609311	0.15778430549727235	0.9854705149773865	0.014529485022613559	0.3611911623439001	0.21962616822429906	0.21363403908023545	0.14325482047465887
0.23470779881116696	0.1590432228283676	0.9854705149773865	0.014529485022613559	0.36302681992337166	0.22118470965859352	0.2152084326549106	0.14451373780575416
0.2341781549601937	0.1590432228283676	0.9854486661277284	0.014551333872271624	0.3626794258373206	0.22112018669778297	0.2150751987480126	0.144491888956096
0.2337919628941411	0.1594628619387327	0.9854486661277284	0.014551333872271624	0.3632887189292543	0.2216389617964421	0.21559898548452403	0.14491152806646102
0.23131265825346728	0.1594628619387327	0.9852738753304638	0.014726124669536149	0.3605313092979127	0.22112307244690138	0.21453836829881298	0.14473673726919656
0.2312849144053081	0.15988250104909776	0.9852738753304638	0.014726124669536149	0.36113744075829385	0.22164048865619546	0.21506067236224183	0.14515637637956158
0.23024655197830413	0.15988250104909776	0.9850772356835412	0.01492276431645874	0.3580827067669173	0.22106179286335945	0.2138795138416492	0.14495973673263896
0.22980517155432464	0.16156105749055813	0.9850772356835412	0.01492276431645874	0.3604868913857678	0.2231237322515213	0.21595975598466358	0.14663829317409927
0.2297001486757512	0.16156105749055813	0.9850335379842251	0.014966462015774869	0.3598130841121495	0.22299449753837242	0.21569811613773046	0.14659459547478315
0.22951068125599405	0.16240033571128829	0.9850335379842251	0.014966462015774869	0.36100746268656714	0.2240231548480463	0.21673516943915028	0.14743387369551342
0.22939910614731085	0.16240033571128829	0.985011689134567	0.014988310865432935	0.36067101584342964	0.22395833333333334	0.2166043474107072	0.14741202484585525
0.2290176974409277	0.16323961393201847	0.985011689134567	0.014988310865432935	0.36186046511627906	0.22498554077501445	0.2176394553904529	0.14825130306658552
0.22629868021109756	0.16323961393201847	0.9848150494876444	0.015184950512355525	0.35885608856088563	0.2244014998557831	0.2164673053043848	0.1480546634196629
0.22624947544427312	0.16365925304238355	0.9848150494876444	0.015184950512355525	0.35944700460829493	0.22491349480968859	0.2169830946490175	0.1484743025300279
0.22588781338043817	0.16365925304238355	0.9847276540890122	0.015272345910987787	0.3581267217630854	0.22465437788018433	0.21646594025692145	0.14838690713139568
0.2258183571354203	0.16407889215274862	0.9847276540890122	0.015272345910987787	0.3587155963302752	0.2251655629139073	0.21698081256893387	0.1488065462417607
0.2254529594787662	0.16407889215274862	0.984662107540038	0.015337892459961982	0.35773101555352244	0.22497123130034521	0.2165942888633885	0.14874099969278665
0.22539138394146216	0.16449853126311373	0.984662107540038	0.015337892459961982	0.3583180987202925	0.2254817371297095	0.21710837358782584	0.14916063880315167
0.22525455252990675	0.16449853126311373	0.98464025869038	0.015359741309620048	0.35799086757990867	0.2254169062679701	0.21697973294449094	0.14913878995349372
0.22492280048967914	0.1649181703734788	0.98464025869038	0.015359741309620048	0.3585766423357664	0.22592699051451567	0.21749328212107819	0.14955842906385874
0.2239603511176874	0.1649181703734788	0.9845091655924315	0.015490834407568441	0.3566243194192377	0.2255380200860832	0.21672408381231026	0.1494273359659104
0.2238478236135867	0.16533780948384388	0.9845091655924315	0.015490834407568441	0.357207615593835	0.22604704532415376	0.21723648075951021	0.14984697507627542
0.22340044614584711	0.16533780948384388	0.9844217701937993	0.015578229806200704	0.35591689250225833	0.22578796561604583	0.21672639079899483	0.1497595796776432
0.22327135013909546	0.16617708770457407	0.9844217701937993	0.015578229806200704	0.3570784490532011	0.2268041237113402	0.21774898208563948	0.15059885789837324
0.22169728810357345	0.16617708770457407	0.9842469793965347	0.01575302060346523	0.35452103849597133	0.22628571428571428	0.21673442555532824	0.15042406710110878
0.2216620280885253	0.16659672681493914	0.9842469793965347	0.01575302060346523	0.3550983899821109	0.22679234504427306	0.21724413887532823	0.1508437062114738
0.22001329739484746	0.16659672681493914	0.9840721885992703	0.01592781140072975	0.35257548845470693	0.2262752921060131	0.21623857963313972	0.15066891541420935
0.21924667013897273	0.16701636592530425	0.9840721885992703	0.01592781140072975	0.3531499556344277	0.22678062678062677	0.21674692217744382	0.1510885545245746
0.21919634565955456	0.16701636592530425	0.9840503397496122	0.015949660250387816	0.3528368794326241	0.22671603531757334	0.2166217986046849	0.15106670567491642
0.21915552266456753	0.16743600503566933	0.9840503397496122	0.015949660250387816	0.3534100974313552	0.22722095671981776	0.21712962492907723	0.15148634478528145
0.21905708498256074	0.16743600503566933	0.9840284908999541	0.015971509100045883	0.3530973451327434	0.22715627668659266	0.217004533342015	0.1514644959356235
0.21901442193416631	0.1678556441460344	0.9840284908999541	0.015971509100045883	0.3536693191865606	0.22766078542970974	0.2175118450486783	0.15188413504598852
0.2186032965375214	0.1678556441460344	0.9839192466516637	0.01608075334833621	0.352112676056338	0.2273373117362887	0.21688806669917846	0.15177489079769813
0.21851007563446365	0.16827528325639948	0.9839192466516637	0.01608075334833621	0.3526824978012313	0.2278409090909091	0.2173943856684098	0.15219452990806315
0.21815431081783673	0.16827528325639948	0.9838537001026896	0.016146299897310406	0.35175438596491226	0.22764689185353393	0.21702157281391243	0.1521289833590891
0.21800964255405053	0.1686949223667646	0.9838537001026896	0.016146299897310406	0.3523225241016652	0.22814982973893302	0.2175271432515671	0.1525486224694541
0.21732791121794515	0.1686949223667646	0.9837444558543993	0.016255544145600733	0.3507853403141361	0.22782657976763956	0.21690818719519622	0.15243937822116393
0.21727442975191677	0.16953420058749474	0.9837444558543993	0.016255544145600733	0.3519163763066202	0.22883035967148116	0.2179169767600951	0.15327865644189398
0.21703478706364765	0.16953420058749474	0.9837226070047412	0.0162773929952588	0.3516100957354221	0.2287655719139298	0.2177933948220134	0.15325680759223603
0.21694758364147182	0.16995383969785985	0.9837226070047412	0.0162773929952588	0.3521739130434783	0.22926691197282761	0.2182970938204366	0.15367644670260105
0.21640494407732333	0.16995383969785985	0.9835915139067928	0.016408486093207192	0.35034602076124566	0.22887821418479798	0.2175579947939997	0.1535453536046527
0.2163225587403531	0.17037347880822493	0.9835915139067928	0.016408486093207192	0.3509075194468453	0.22937853107344633	0.21806060483508508	0.15396499271501773
0.21546364912763138	0.17037347880822493	0.9834167231095283	0.016583276890471718	0.3484978540772532	0.22886133032694475	0.21708238223255502	0.15379020191775328
0.215131731385499	0.1716323961393202	0.9834167231095283	0.016583276890471718	0.3501712328767123	0.23035764573359618	0.2185851335473561	0.15504911924884857
0.214370581263151	0.1716323961393202	0.983329327710896	0.016670672289103978	0.34897610921501704	0.230098452883263	0.218098088843266	0.15496172385021612
0.21399004215454717	0.17247167436005037	0.983329327710896	0.016670672289103978	0.35008517887563884	0.2310936182175991	0.21909712027061143	0.15580100207094638
0.2134091269213758	0.17247167436005037	0.9831763857632896	0.016823614236710437	0.34801016088060965	0.23063973063973064	0.21824866376861	0.15564806012333987
0.2132432047274739	0.17289131347041545	0.9831763857632896	0.016823614236710437	0.34856175972927245	0.2311360448807854	0.21874681718775627	0.15606769923370511
0.2130400882947953	0.17289131347041545	0.9831326880639735	0.016867311936026568	0.34797297297297297	0.23100644799551442	0.21850544319617535	0.156024001534389
0.21293543778087787	0.17331095258078053	0.9831326880639735	0.016867311936026568	0.34852320675105486	0.23150224215246637	0.21900299872144566	0.15644364064475402
0.21172156070571757	0.17331095258078053	0.983001594966025	0.016998405033974963	0.34676742233417296	0.2311135982092893	0.2182815481325195	0.15631254754680546
0.21167419995616554	0.1737305916911456	0.983001594966025	0.016998405033974963	0.34731543624161076	0.2316083916083916	0.21877805344144413	0.1567321866571707
0.21161903809483498	0.1737305916911456	0.9829578972667089	0.01704210273329109	0.34673366834170855	0.23147889292703383	0.21853845392817056	0.1566884889578546
0.2115403213749897	0.1741502308015107	0.9829578972667089	0.01704210273329109	0.3472803347280335	0.2319731693683622	0.21903436752378666	0.1571081280682196
0.21135771164572945	0.1741502308015107	0.9829141995673928	0.017085800432607223	0.3467000835421888	0.23184357541899442	0.21879509364015592	0.1570644303689035
0.21103227720758896	0.17540914813260597	0.9829141995673928	0.017085800432607223	0.34833333333333333	0.23332403014233882	0.22027997882803715	0.15832334769999878
0.20955075324553885	0.17540914813260597	0.9827394087701282	0.01726059122987175	0.34602649006622516	0.2328042328042328	0.21932566415667587	0.1581485569027341
0.20951917524981076	0.17582878724297105	0.9827394087701282	0.01726059122987175	0.3465674110835401	0.23329621380846324	0.21981900999678095	0.15856819601309935
0.20944287831722805	0.17582878724297105	0.9827175599204702	0.017282440079529813	0.34628099173553717	0.23323128305037574	0.21970022102718098	0.15854634716344118
0.20936397323283149	0.17624842635333612	0.9827175599204702	0.017282440079529813	0.3468208092485549	0.2337228714524207	0.22019309794946773	0.1589659862738062
0.20903560245448569	0.17624842635333612	0.982673862221154	0.017326137778845944	0.3462489694971146	0.2335928809788654	0.21995570288179844	0.1589222885744901
0.20891299973704616	0.17666806546370123	0.982673862221154	0.017326137778845944	0.3467874794069193	0.23408395885460107	0.22044800158811123	0.15934192768485533
0.20855160752665328	0.17666806546370123	0.9825864668225218	0.017413533177478204	0.34564860426929395	0.23382393779505692	0.2199743815198773	0.1592545322862231
0.20832212184244145	0.1770877045740663	0.9825864668225218	0.017413533177478204	0.34618539786710417	0.23431426985008327	0.22046588372468923	0.15967417139658813
0.20785723712206416	0.1770877045740663	0.9824772225742314	0.017522777425768535	0.34477124183006536	0.23398946492930414	0.21987630980399117	0.15956492714829773
0.20785688952858616	0.17750734368443138	0.9824772225742314	0.017522777425768535	0.34530612244897957	0.23447893569844788	0.22036690967161598	0.15998456625866275
0.2077563670727626	0.17750734368443138	0.9824553737245734	0.0175446262754266	0.3450244698205546	0.2344139650872818	0.22024928286191287	0.1599627174090048
0.20764114872411124	0.17792698279479646	0.9824553737245734	0.0175446262754266	0.34555827220863894	0.23490304709141274	0.22073942216093295	0.16038235651936983
0.20752917964018258	0.17792698279479646	0.9824335248749153	0.017566475125084663	0.34527687296416937	0.23483799501523123	0.22062181801381736	0.16036050766971188
0.20747074025510978	0.17834662190516157	0.9824335248749153	0.017566475125084663	0.34580960130187144	0.2353266888150609	0.22111149806818461	0.1607801467800769
0.20736622746949332	0.17834662190516157	0.9824116760252573	0.01758832397474273	0.34552845528455284	0.23526155549404926	0.22099391671521784	0.16075829793041874
0.20724196733165956	0.17918590012589172	0.9824116760252573	0.01758832397474273	0.3465909090909091	0.23623789764868602	0.22197201259814112	0.161597576151149
0.20436136831733887	0.17918590012589172	0.9820620944307282	0.01793790556927178	0.3421474358974359	0.23519691545028917	0.2201049561551226	0.16124799455661987
0.20435132627214178	0.17960553923625683	0.9820620944307282	0.01793790556927178	0.34267413931144913	0.2356828193832599	0.22059175936418635	0.1616676336669851
0.20405406308719665	0.17960553923625683	0.9820183967314121	0.017981603268587908	0.34212629896083135	0.23555310952118877	0.22036047793397728	0.161623935967669
0.20373880537046593	0.1800251783466219	0.9820183967314121	0.017981603268587908	0.3426517571884984	0.2360385144429161	0.22084672504059932	0.16204357507803402
0.20265155472458787	0.1800251783466219	0.9818873036334637	0.018112696366536302	0.3410174880763116	0.23564954682779457	0.22015527872260118	0.16191248198008568
0.20251327235230998	0.18044481745698698	0.9818873036334637	0.018112696366536302	0.3415409054805401	0.23613399231191654	0.22064054542056438	0.1623321210904507
0.20198672198110082	0.18044481745698698	0.9817562105355153	0.018243789464484694	0.33992094861660077	0.23574561403508773	0.2199529796622762	0.16220102799250236
0.20194027968117736	0.18128409567771717	0.9817562105355153	0.018243789464484694	0.3409629044988161	0.23671232876712328	0.2209212275603804	0.1630403062132324
0.20130138323931446	0.18128409567771717	0.9815595708885927	0.018440429111407284	0.3385579937304075	0.2361300901885761	0.2198963371827009	0.16284366656630977
0.20129777398964488	0.18170373478808224	0.9815595708885927	0.018440429111407284	0.33907595927956147	0.2366120218579235	0.2203790109591228	0.16326330567667502
0.2012828474787857	0.18170373478808224	0.9815377220389346	0.01846227796106535	0.33881064162754304	0.23654739142310843	0.2202656424623013	0.16324145682701685
0.20119634546409002	0.18212337389844732	0.9815377220389346	0.01846227796106535	0.3393275996872557	0.23702894593118515	0.22074787958524278	0.16366109593738187
0.20116249283361184	0.18212337389844732	0.9815158731892766	0.018484126810723416	0.3390625	0.23696423696423696	0.2206345281905276	0.16363924708772393
0.20102023182656228	0.1829626521191775	0.9815158731892766	0.018484126810723416	0.34009360374414976	0.2379263301500682	0.22159780139370036	0.16447852530845397
0.2008313170790285	0.1829626521191775	0.9814940243396185	0.01850597566038148	0.33982852689010135	0.23786142935079105	0.22148436315286246	0.16445667645879603
0.20077152078916538	0.18338229122954258	0.9814940243396185	0.01850597566038148	0.34034267912772587	0.23834196891191708	0.2219654013042756	0.16487631556916105
0.20068246657586053	0.18338229122954258	0.9814503266403024	0.01854967335969761	0.33981337480559876	0.23821204687925865	0.22173868148556636	0.16483261786984493
0.200581022964645	0.1838019303399077	0.9814503266403024	0.01854967335969761	0.34032634032634035	0.23869209809264305	0.22221918403989646	0.16525225698021018
0.20056992165425866	0.1838019303399077	0.9814284777906443	0.01857152220935568	0.34006211180124224	0.238627077090711	0.22210590239406758	0.165230408130552
0.20037321185711862	0.18422156945027277	0.9814284777906443	0.01857152220935568	0.3405740884406517	0.23910675381263616	0.2225859742908154	0.16565004724091703
0.19992175971308898	0.18422156945027277	0.9813629312416702	0.018637068758329874	0.3397832817337461	0.23891156462585034	0.2222465443031805	0.16558450069194297
0.19990054509291247	0.18464120856063784	0.9813629312416702	0.018637068758329874	0.3402938901778809	0.23939064200217627	0.22272598129573665	0.166004139802308
0.19989932369160912	0.18464120856063784	0.981341082392012	0.01865891760798794	0.3400309119010819	0.23932553712265434	0.2226129759414645	0.16598229095264982
0.1998766262936099	0.18506084767100295	0.981341082392012	0.01865891760798794	0.34054054054054056	0.2398042414355628	0.22309198528889926	0.16640193006301507
0.19669991084849045	0.18506084767100295	0.9807293146015862	0.019270685398413773	0.3333333333333333	0.23799244468429573	0.21997287229224105	0.16579016227258903
0.1966984481486478	0.18548048678136803	0.9807293146015862	0.019270685398413773	0.3338368580060423	0.2384677636903156	0.22044871220569576	0.16620980138295427
0.1966611377092271	0.18548048678136803	0.9806856169022701	0.019314383097729905	0.3333333333333333	0.2383391749797789	0.22022918778686887	0.16616610368363816
0.1966549632649973	0.1859001258917331	0.9806856169022701	0.019314383097729905	0.333835719668425	0.23881401617250675	0.2207045101800471	0.16658574279400318
0.196422988461222	0.1859001258917331	0.9806200703532959	0.0193799296467041	0.3330827067669173	0.23862106113654727	0.22037577177994505	0.1665201962450289
0.19640633085252943	0.1863197650020982	0.9806200703532959	0.0193799296467041	0.3335837716003005	0.23909531502423265	0.22085047800698154	0.16693983535539414
0.19619954558991629	0.1863197650020982	0.9805108261050056	0.019489173894994428	0.3323353293413174	0.23877386394191988	0.2203043336372465	0.16683059110710374
0.1961237579008915	0.1867394041124633	0.9805108261050056	0.019489173894994428	0.33283470456245323	0.239247311827957	0.22077822620200044	0.167250230217469
0.19586706601027407	0.1867394041124633	0.9804889772553476	0.019511022744652495	0.3325859491778774	0.23918301531846278	0.22066923380465162	0.16722838136781082
0.195789704757431	0.18715904322282836	0.9804889772553476	0.019511022744652495	0.3330843913368185	0.23965609887157444	0.22114271515773645	0.16764802047817584
0.19527756278748212	0.18715904322282836	0.9804234307063733	0.01957656929362669	0.3323397913561848	0.23946308724832216	0.2208161085004174	0.16758247392920156
0.19525735694335386	0.18757868233319344	0.9804234307063733	0.01957656929362669	0.33283693224125094	0.23993558776167473	0.22128898111332837	0.1680021130395668
0.19353651971421784	0.18757868233319344	0.979986453713212	0.020013546286788	0.32795304475421866	0.2386545648691938	0.21913491865443707	0.16756513604640544
0.19350137677138246	0.18841796055392362	0.979986453713212	0.020013546286788	0.32893772893772893	0.23959445037353255	0.2200757948228433	0.1684044142671357
0.19242983297757363	0.18841796055392362	0.9798335117656055	0.02016648823439446	0.3272594752186589	0.23914780292942742	0.21933070869007767	0.1682514723195292
0.19224335729565922	0.1892572387746538	0.9798335117656055	0.02016648823439446	0.3282387190684134	0.2400851743412297	0.2202690068859558	0.16909075054025924
0.19220302041171636	0.1892572387746538	0.9798116629159475	0.020188337084052526	0.328	0.2400212879191059	0.22016279634981256	0.1690689016906013
0.19215545072941395	0.18967687788501889	0.9798116629159475	0.020188337084052526	0.32848837209302323	0.24048949188613994	0.22063139774272958	0.16948854080096631
0.19212357640993757	0.18967687788501889	0.9797898140662894	0.02021018593371059	0.3282498184458969	0.2404255319148936	0.22052519601061749	0.16946669195130837
0.19202850395742208	0.19009651699538396	0.9797898140662894	0.02021018593371059	0.32873730043541366	0.24089337942036693	0.22099340112112512	0.1698863310616734
0.19187138356728006	0.19009651699538396	0.9797024186676572	0.020297581332342853	0.32778581765557163	0.24063745019920318	0.22056926206160038	0.16979893566304116
0.19181079278856225	0.19093579521611415	0.9797024186676572	0.020297581332342853	0.32875722543352603	0.24157154234138573	0.22150400625495625	0.17063821388377143
0.19180979953724253	0.19093579521611415	0.9796805698179991	0.020319430182000917	0.3285198555956679	0.24150743099787686	0.22139804190100823	0.17061636503411326
0.1916184704361922	0.19135543432647922	0.9796805698179991	0.020319430182000917	0.329004329004329	0.2419739984080658	0.22186487269771527	0.17103600414447828
0.19150541449194602	0.19135543432647922	0.9796587209683411	0.020341279031658985	0.3287671232876712	0.24190981432360742	0.221758917382064	0.17101415529482034
0.19098338138914991	0.1917750734368443	0.9796587209683411	0.020341279031658985	0.3292507204610951	0.24237602757889154	0.2222253565521868	0.17143379440518536
0.18975930327722876	0.1917750734368443	0.9795276278703926	0.020472372129607376	0.3278335724533716	0.24199099814667727	0.22159124335139263	0.17130270130723702
0.18958190736776778	0.19261435165757448	0.9795276278703926	0.020472372129607376	0.32879656160458454	0.24292140777983592	0.22252209581767338	0.17214197952796706
0.18920025846731803	0.19261435165757448	0.9794620813214184	0.02053791867858157	0.3280914939242316	0.24272871496562665	0.2222058707194774	0.172076432978993
0.18912681458453173	0.19303399076793956	0.9794620813214184	0.02053791867858157	0.32857142857142857	0.24319323288395453	0.22267057379687138	0.17249607208935802
0.18735453578233385	0.19303399076793956	0.9791343485765475	0.020865651423452557	0.3250883392226148	0.24223275408109532	0.22110185567280866	0.17216833934448705
0.18709031551044755	0.19345362987830467	0.9791343485765475	0.020865651423452557	0.3255649717514124	0.24269544617004474	0.22156485774423615	0.17258797845485208
0.18656589916684063	0.19345362987830467	0.9790251043282571	0.020974895671742884	0.32441942294159043	0.24237644584647738	0.22104653576678565	0.17247873420656168
0.186551389770508	0.19387326898866974	0.9790251043282571	0.020974895671742884	0.32489451476793246	0.24283837056504598	0.22150878330657092	0.1728983733169267
0.18574685444378924	0.19387326898866974	0.9788284646813346	0.02117153531866547	0.3228511530398323	0.2422653382275826	0.22058122718796688	0.1727017336700043
0.18561845054753257	0.19471254720939993	0.9788284646813346	0.02117153531866547	0.32379623168178645	0.2431865828092243	0.22150319456559397	0.17354101189073456
0.1854234080391476	0.19471254720939993	0.9787629181323604	0.02123708186763967	0.3231197771587744	0.24299554857292485	0.22119522592948915	0.17347546534176028
0.18526368566139517	0.195132186319765	0.9787629181323604	0.02123708186763967	0.3235908141962422	0.24345549738219896	0.22165550822076724	0.1738951044521253
0.18520516988490135	0.195132186319765	0.9787192204330442	0.0212807795669558	0.3231410701876303	0.24332810047095763	0.2214505001859413	0.1738514067528092
0.18515950372651668	0.19597146454049516	0.9787192204330442	0.0212807795669558	0.3240804996530187	0.2442468619246862	0.22236985245467228	0.17469068497353923
0.18508024530316167	0.19597146454049516	0.978675522733728	0.02132447726627193	0.32363132363132363	0.24411918452692108	0.22216486700635138	0.17464698727422312
0.18465287232957847	0.19723038187159042	0.978675522733728	0.02132447726627193	0.32503457814661135	0.24549490728649778	0.22354124565034622	0.1759059046053184
0.18268470796814476	0.19723038187159042	0.9783696388385151	0.021630361161484847	0.3219178082191781	0.24460057246942493	0.2221133331897891	0.1756000207101056
0.18264309603891882	0.19765002098195553	0.9783696388385151	0.021630361161484847	0.32238193018480493	0.24505723204994798	0.2225703017715058	0.17601965982047063
0.1822495445924025	0.19765002098195553	0.9782603945902248	0.021739605409775174	0.32128240109140516	0.24473889321901793	0.22206441477821037	0.17591041557218046
0.1818362287697187	0.19848929920268568	0.9782603945902248	0.021739605409775174	0.32220708446866486	0.24565048039470266	0.22297662883983896	0.1767496937929105
0.1818113486185903	0.19848929920268568	0.9782385457405668	0.021761454259433242	0.3219877467665078	0.24558670820353062	0.22287555518634342	0.17672784494325255
0.1817791698957053	0.19932857742341586	0.9782385457405668	0.021761454259433242	0.32290958531611147	0.24649714582252205	0.22378649781033272	0.1775671231639826
0.1817698455104468	0.19932857742341586	0.9782166968909087	0.021783303109091306	0.3226902173913043	0.24643320363164722	0.22368533978148913	0.17754527431432465
0.18158840083019503	0.19974821653378094	0.9782166968909087	0.021783303109091306	0.3231500339443313	0.24688796680497926	0.22414031371171936	0.17796491342468967
0.1812967979122105	0.19974821653378094	0.9780856037929603	0.0219143962070397	0.3218390804597701	0.24650440186431902	0.22353480103567705	0.17783382032674133
0.18102117755079802	0.20058749475451113	0.9780856037929603	0.0219143962070397	0.32275489534098584	0.2474120082815735	0.2244428731334166	0.17867309854747138
0.18083499833899105	0.20058749475451113	0.9780419060936442	0.02195809390635583	0.32231962238705325	0.24728401448525608	0.22424142855025797	0.17862940084815526
0.1805666564496163	0.20142677297524128	0.9780419060936442	0.02195809390635583	0.32323232323232326	0.2481902792140641	0.22514807129693082	0.17946867906888553
0.1801817925206444	0.20142677297524128	0.9779326618453539	0.02206733815464616	0.3221476510067114	0.24786986831913246	0.2246452038522663	0.17935943482059513
0.180140161116584	0.20184641208560639	0.9779326618453539	0.02206733815464616	0.3226022803487592	0.2483221476510067	0.22509768537419722	0.17977907393096038
0.1797091579817959	0.20184641208560639	0.9777797198977474	0.022220280102252618	0.3210947930574099	0.2478742592115434	0.22439692527680527	0.17962613198335386
0.17963004247719472	0.20226605119597146	0.9777797198977474	0.022220280102252618	0.32154769846564374	0.24832560535806286	0.22484853055935525	0.1800457710937189
0.17889429721499872	0.20226605119597146	0.9775393825515086	0.022460617448491337	0.31920529801324504	0.24762394040585667	0.22375538142635656	0.17980543374748015
0.1788783813828444	0.20268569030633654	0.9775393825515086	0.022460617448491337	0.3196558570483124	0.24807395993836673	0.22420576942077197	0.18022507285784517
0.17872206207078814	0.20268569030633654	0.9774738360025345	0.022526163997465532	0.3190224570673712	0.24788298691301	0.22390926671929767	0.1801595263088709
0.17869987263767675	0.20310532941670165	0.9774738360025345	0.022526163997465532	0.3194719471947195	0.2483324781939456	0.22435913406494362	0.18057916541923613
0.17798499676383348	0.20310532941670165	0.9772990452052699	0.02270095479473006	0.31779382797110967	0.24782386072708654	0.22357168244311817	0.18040437462197145
0.17789421882761855	0.20352496852706672	0.9772990452052699	0.02270095479473006	0.318241469816273	0.24827233171231122	0.2240206023447485	0.1808240137323367
0.1778698539078842	0.20352496852706672	0.9772771963556118	0.022722803644388122	0.3180327868852459	0.24820880245649948	0.22392248270449153	0.18080216488267853
0.1777778398814828	0.2039446076374318	0.9772771963556118	0.022722803644388122	0.31847968545216254	0.24865694551036072	0.2243710580219901	0.18122180399304355
0.17745126901030361	0.2039446076374318	0.9771898009569796	0.022810199043020386	0.3176470588235294	0.248402760030667	0.2239791153851666	0.18113440859441132
0.1773999797765705	0.2043642467477969	0.9771898009569796	0.022810199043020386	0.31809274983670804	0.24885028104241186	0.2244270914889687	0.18155404770477657
0.1771094916340413	0.2043642467477969	0.9770805567086893	0.022919443291310713	0.3170572916666667	0.2485327889767798	0.22393870232433685	0.18144480345648617
0.1770670757837949	0.20478388585816198	0.9770805567086893	0.022919443291310713	0.31750162654521796	0.24897959183673468	0.22438599693063818	0.1818644425668512
0.17670885153219648	0.20478388585816198	0.977015010159715	0.02298498984028491	0.3168831168831169	0.2487891919449401	0.22409375059395562	0.1817988960178769
0.1766907107432437	0.20520352496852706	0.977015010159715	0.02298498984028491	0.3173264114211551	0.2492354740061162	0.22454053569064888	0.18221853512824215
0.17595380263124819	0.20520352496852706	0.9768620682121086	0.023137931787891367	0.31589147286821706	0.24879165606715847	0.223861051047737	0.18206559318063564
0.17589228983092178	0.20562316407889214	0.9768620682121086	0.023137931787891367	0.31633311814073595	0.24923702950152593	0.22430699204827537	0.1824852322910009
0.1756761147149091	0.20562316407889214	0.9767965216631345	0.023203478336865563	0.31572164948453607	0.24904701397712833	0.22401681559839406	0.1824196857420266
0.17564286633608547	0.20604280318925725	0.9767965216631345	0.023203478336865563	0.3161622665808113	0.24949186991869918	0.22446225190048438	0.18283932485239163
0.175521464405506	0.20604280318925725	0.9767528239638184	0.023247176036181694	0.3157556270096463	0.2493651599796851	0.22426905867242947	0.1827956271530755
0.17523110564371	0.2068820814099874	0.9767528239638184	0.023247176036181694	0.3166345536287733	0.250253807106599	0.2251588408740445	0.18363490537380578
0.17430410854829737	0.2068820814099874	0.9764469400686054	0.023553059931394612	0.31381285805219605	0.24936772888214467	0.22381359185645128	0.18332902147859276
0.17427190334483134	0.20772135963071758	0.9764469400686054	0.023553059931394612	0.3146853146853147	0.25025278058645095	0.22470005051126016	0.18416829969932302
0.17426083620674312	0.20772135963071758	0.9764250912189473	0.023574908781052676	0.3144853875476493	0.25018953752843065	0.22460442264539446	0.18414645084966486
0.17418990070770887	0.20856063785144777	0.9764250912189473	0.023574908781052676	0.3153553299492386	0.251073503409952	0.22548972552190888	0.18498572907039512
0.1736252404873363	0.20856063785144777	0.976337695820315	0.02366230417968494	0.31455696202531647	0.2508200857935907	0.22510738472190742	0.1848983336717629
0.1735127983792016	0.20898027696181284	0.976337695820315	0.02366230417968494	0.31499051233396586	0.2512613521695257	0.22554933816637932	0.18531797278212792
0.17307117634198568	0.20898027696181284	0.9761629050230506	0.023837094976949462	0.31340465701699183	0.25075528700906347	0.22478795228451473	0.18514318198486346
0.17300598556436264	0.20939991607217792	0.9761629050230506	0.023837094976949462	0.31383647798742137	0.2511955700981626	0.2252290080112757	0.18556282109522848
0.1729259658587188	0.20939991607217792	0.9760755096244182	0.023924490375581725	0.31304893350062735	0.25094292180035205	0.22484994881075354	0.18547542569659625
0.17271430298253795	0.2102391942929081	0.9760755096244182	0.023924490375581725	0.31390977443609025	0.2518220658456899	0.2257306802944531	0.1863147039173263
0.17261666424115718	0.2102391942929081	0.9760536607747602	0.023946339225239793	0.3137132122730119	0.25175879396984924	0.22563595635131786	0.18629285506766835
0.17256440833833073	0.21065883340327318	0.9760536607747602	0.023946339225239793	0.3141426783479349	0.25219794021602615	0.22607587732463172	0.18671249417803337
0.17240575700552455	0.21065883340327318	0.9760318119251021	0.023968188074897857	0.3139462163852408	0.25213460572576596	0.22598115364601656	0.1866906453283752
0.17235691561182517	0.21107847251363826	0.9760318119251021	0.023968188074897857	0.314375	0.25257343710770774	0.22642075205734535	0.18711028443874045
0.172199931511259	0.21107847251363826	0.975966265376128	0.024033734623872052	0.3137866500311915	0.2523833416959358	0.22613682421405065	0.18704473788976617
0.17207544406757588	0.21191775073436844	0.975966265376128	0.024033734623872052	0.3146417445482866	0.253259779338014	0.22701481581330266	0.18788401611049643
0.17196008563240125	0.21191775073436844	0.9759225676768118	0.024077432323188184	0.31425015556938396	0.2531328320802005	0.22682561291042724	0.18784031841118032
0.17188368188359912	0.21275702895509863	0.9759225676768118	0.024077432323188184	0.3151025481665631	0.25400801603206413	0.2277023242241842	0.18867959663191058
0.17177930872236216	0.21275702895509863	0.9758788699774957	0.024121130022504315	0.31471135940409684	0.2538808212318478	0.22751312387585604	0.18863589893259425
0.17176121349653672	0.2131766680654637	0.9758788699774957	0.024121130022504315	0.315136476426799	0.2543178973717146	0.22795096159077036	0.1890555380429595
0.17163578233283308	0.2131766680654637	0.9758570211278377	0.02414297887216238	0.31494110353378796	0.25425425425425424	0.22785640228852863	0.18903368919330132
0.17161731340222786	0.21359630717582878	0.9758570211278377	0.02414297887216238	0.315365551425031	0.2546910182636978	0.22829392218630595	0.18945332830366635
0.1713985416478124	0.21359630717582878	0.9757914745788634	0.02420852542113658	0.3147804576376005	0.2545	0.22801048651177544	0.18938778175469206
0.17135433930830057	0.2140159462861939	0.9757914745788634	0.02420852542113658	0.315203955500618	0.25493626593351665	0.2284475314757935	0.1898074208650573
0.1711952547875185	0.2140159462861939	0.9757696257292053	0.024230374270794643	0.3150092649783817	0.25487256371814093	0.22835313354504883	0.18978557201539914
0.1711857151292094	0.21485522450692404	0.9757696257292053	0.024230374270794643	0.3158544108574954	0.25574425574425574	0.2292263547052899	0.1906248502361294
0.17112414408480323	0.21485522450692404	0.9757040791802312	0.024295920819768838	0.31527093596059114	0.2555527826303968	0.2289431665678812	0.19055930368715512
0.1710931446136079	0.21527486361728912	0.9757040791802312	0.024295920819768838	0.3156923076923077	0.2559880239520958	0.22937918741618704	0.19097894279752037
0.17084592566907594	0.21527486361728912	0.975638532631257	0.024361467368743037	0.3151105651105651	0.25579655946148094	0.22909647808068087	0.19091339624854609
0.17079853601480602	0.2161141418380193	0.975638532631257	0.024361467368743037	0.3159509202453988	0.2566658360328931	0.2299673455607913	0.19175267446927635
0.17074260592292964	0.2161141418380193	0.9756166837815989	0.0243833162184011	0.3157572041692213	0.25660189337319383	0.22987311136518257	0.19173082561961818
0.17067069721166042	0.21653378094838438	0.9756166837815989	0.0243833162184011	0.3161764705882353	0.25703611457036113	0.23030811562707898	0.1921504647299832
0.1703056656815418	0.21653378094838438	0.9755511372326247	0.024448862767375297	0.3155963302752294	0.25684420109507217	0.23002565306391548	0.19208491818100892
0.1701003541336865	0.21695342005874949	0.9755511372326247	0.024448862767375297	0.3160146699266504	0.25727792983329184	0.2304601911395838	0.19250455729137417
0.1700393884338022	0.21695342005874949	0.9755292883829666	0.024470711617033365	0.3158216249236408	0.2572139303482587	0.23036611684382988	0.192482708441716
0.16997078452116055	0.21737305916911456	0.9755292883829666	0.024470711617033365	0.3162393162393162	0.2576473514051231	0.23080034460489438	0.19290234755208124
0.16968845532489626	0.21737305916911456	0.9753544975857021	0.024645502414297887	0.31470230862697446	0.2571357656986845	0.23004994816683827	0.1927275567548168
0.16966929818233858	0.21779269827947964	0.9753544975857021	0.024645502414297887	0.3151183970856102	0.2575682382133995	0.23048332814570038	0.1931471958651818
0.16938760233164765	0.21779269827947964	0.9752671021870698	0.02473289781293015	0.3143549364021805	0.25731284085275163	0.23010968778099664	0.19305980046654936
0.16937738235890157	0.21821233738984475	0.9752671021870698	0.02473289781293015	0.31476997578692495	0.2577447335811648	0.23054253053032925	0.1934794395769146
0.1686550705188603	0.21821233738984475	0.9752015556380956	0.024798444361904346	0.31419939577039274	0.25755324418028724	0.23026288089104915	0.19341389302794032
0.16819936805072325	0.21989089383130508	0.9752015556380956	0.024798444361904346	0.31585292344786015	0.25927758535378526	0.23199104243453664	0.19509244946940063
0.16808994660897306	0.21989089383130508	0.9751360090891215	0.024863990910878542	0.31528279181708785	0.2590852904820766	0.23171117222273932	0.19502690292042657
0.1680813211641267	0.22031053294167016	0.9751360090891215	0.024863990910878542	0.3156945279615153	0.25951557093425603	0.23214241451015327	0.1954465420307916
0.1678296465165161	0.22031053294167016	0.9750486136904892	0.024951386309510805	0.3149370125974805	0.25925925925925924	0.2317700235952845	0.19535914663215936
0.16778994462025507	0.22073017205203524	0.9750486136904892	0.024951386309510805	0.31534772182254195	0.25968896568748456	0.23220073719773113	0.19577878574252439
0.1677579366593731	0.22073017205203524	0.9750267648408312	0.02497323515916887	0.3151587777112043	0.2596248766041461	0.23210775483297671	0.19575693689286644
0.16759694841986728	0.22114981116240034	0.9750267648408312	0.02497323515916887	0.3155688622754491	0.26005428077966936	0.2325381668555844	0.19617657600323146
0.16729465560201348	0.22114981116240034	0.9748956717428827	0.025104328257117264	0.31443914081145585	0.259669869425967	0.23198141572967826	0.19604548290528312
0.16729009406390075	0.22156945027276542	0.9748956717428827	0.025104328257117264	0.3148479427549195	0.2600985221674877	0.23241115275665086	0.19646512201564814
0.1670855779353436	0.22156945027276542	0.9748738228932247	0.025126177106775328	0.3146603098927294	0.2600344742674218	0.23231855071435062	0.1964432731659902
0.16707008860511544	0.2219890893831305	0.9748738228932247	0.025126177106775328	0.3150684931506849	0.2604628261939931	0.23274798840121477	0.19686291227635522
0.16702000666722502	0.2219890893831305	0.9748301251939085	0.02516987480609146	0.31469363474122547	0.2603346456692913	0.23256286107706378	0.1968192145770391
0.16679001555565787	0.2224087284934956	0.9748301251939085	0.02516987480609146	0.3151010701545779	0.2607626076260763	0.23299192570426003	0.19723885368740413
0.16607363005221906	0.2224087284934956	0.9746334855469859	0.02536651445301405	0.3134240094618569	0.2601865488463427	0.23216189042672986	0.1970422140404815
0.16600580363478665	0.22282836760386068	0.9746334855469859	0.02536651445301405	0.31382978723404253	0.26061349693251534	0.2325900646613641	0.19746185315084652
0.1656209700624276	0.22282836760386068	0.9745023924490376	0.02549760755096244	0.3127208480565371	0.2602303357020338	0.23203960682591712	0.19733076005289818
0.16550947802733634	0.22324800671422576	0.9745023924490376	0.02549760755096244	0.3131253678634491	0.26065654091131796	0.23246711671387676	0.19775039916326342
0.16521734514120792	0.22324800671422576	0.9744149970504052	0.025585002949594704	0.3123899001761597	0.26040137053352913	0.23210132278106624	0.19766300376463097
0.1651573419636451	0.22366764582459084	0.9744149970504052	0.025585002949594704	0.31279342723004694	0.26082701247859064	0.23252831815128686	0.198082642874996
0.1633215497224451	0.22366764582459084	0.9739561712075859	0.02604382879241408	0.3089855072463768	0.25949367088607594	0.23062541013579885	0.19762381703217669
0.1632967117773633	0.22408728493495594	0.9739561712075859	0.02604382879241408	0.3093858632676709	0.2599172548065223	0.23105065316928508	0.19804345614254193
0.16294272130766574	0.22408728493495594	0.9738032292599794	0.02619677074002054	0.30813618003462206	0.2594752186588921	0.2304228471254122	0.19789051419493542
0.16287503248551333	0.22450692404532102	0.9738032292599794	0.02619677074002054	0.30853517877739334	0.2598979839689094	0.2308473665680802	0.19831015330530044
0.1626595025405949	0.22450692404532102	0.9737376827110052	0.026262317288994735	0.3080023028209557	0.25970873786407767	0.2305791466514375	0.19824460675632638
0.16262962338800518	0.2249265631556861	0.9737376827110052	0.026262317288994735	0.3084004602991945	0.26013103615627275	0.2310032345539773	0.1986642458666914
0.1624322832520608	0.2249265631556861	0.9736065896130569	0.026393410386943126	0.3073394495412844	0.2597528471044342	0.2304682509206437	0.19853315276874306
0.16224806363856667	0.2253462022660512	0.9736065896130569	0.026393410386943126	0.30773638968481376	0.2601744186046512	0.230891693009393	0.19895279187910808
0.1615428327368354	0.2253462022660512	0.9733662522668182	0.026633747733181848	0.30580865603644647	0.25948296690021744	0.22991658238345852	0.19871245453286934
0.16140257372377753	0.22618548048678136	0.9733662522668182	0.026633747733181848	0.30659840728100113	0.26032359333494326	0.23076125477587572	0.1995517327535996
0.16079035937020955	0.22618548048678136	0.9731914614695536	0.02680853853044637	0.3052095130237826	0.25982164376958305	0.23005615238339383	0.19937694195633493
0.1607583182647458	0.22660511959714646	0.9731914614695536	0.02680853853044637	0.30560271646859083	0.26024096385542167	0.23047760379894555	0.19979658106670017
0.16051536863436086	0.22660511959714646	0.9731040660709214	0.026895933929078634	0.3049124788255223	0.2599903707270101	0.23012639767440432	0.19970918566806795
0.1604194606694522	0.22702475870751154	0.9731040660709214	0.026895933929078634	0.30530474040632055	0.26040914560770156	0.23054735664624598	0.20012882477843297
0.1603613284135191	0.22702475870751154	0.9730603683716053	0.026939631628394765	0.30496054114994364	0.2602838585518403	0.2303720169181714	0.20008512707911685
0.16031236098267546	0.22744439781787662	0.9730603683716053	0.026939631628394765	0.30535211267605633	0.2607022607022607	0.23079262620308363	0.20050476618948188
0.15984199738509294	0.22744439781787662	0.9729074264239987	0.027092573576001224	0.3041526374859708	0.2602641056422569	0.2301805568371904	0.20035182424187536
0.1597689605869559	0.22786403692824173	0.9729074264239987	0.027092573576001224	0.3045429052159282	0.26068170907345173	0.2306004661576974	0.2007714633522404
0.1596027582253785	0.22786403692824173	0.9727763333260504	0.027223666673949615	0.3035215204024595	0.26030680728667305	0.23007801313685278	0.20064037025429204
0.1595499200065363	0.2282836760386068	0.9727763333260504	0.027223666673949615	0.3039106145251397	0.26072369997603645	0.23049729583285253	0.2010600093646573
0.1589807924013519	0.2282836760386068	0.9726233913784439	0.027376608621556074	0.30272676683361155	0.2602870813397129	0.2298902836816428	0.20090706741705078
0.15897473286093322	0.22870331514897188	0.9726233913784439	0.027376608621556074	0.3031145717463849	0.26070318105716334	0.23030887300123665	0.2013267065274158
0.1586169364641347	0.22870331514897188	0.9724922982804955	0.02750770171950447	0.30210643015521066	0.26032959159302604	0.22979071425245345	0.20119561342946746
0.15861175713805695	0.22912295425933696	0.9724922982804955	0.02750770171950447	0.30249307479224374	0.2607449856733524	0.23020868288909802	0.20161525253983248
0.1584474471153027	0.22912295425933696	0.9724486005811794	0.0275513994188206	0.302158273381295	0.2606205250596659	0.23003634538169582	0.20157155484051636
0.15826805113432377	0.22954259336970206	0.9724486005811794	0.0275513994188206	0.30254424778761063	0.26103555237413506	0.23045397234358772	0.2019911939508816
0.15760003881513782	0.22954259336970206	0.9722082632349407	0.02779173676505932	0.3007146783947224	0.26035221323179436	0.22950997216006075	0.20175085660464287
0.1575516660501555	0.22996223248006714	0.9722082632349407	0.02779173676505932	0.3010989010989011	0.2607661194384963	0.22992663909789746	0.2021704957150079
0.15699555752194186	0.22996223248006714	0.9720116235880181	0.02798837641198191	0.2996172772006561	0.26020892687559355	0.22915941162258452	0.20197385606808527
0.15697256744460752	0.23038187159043222	0.9720116235880181	0.02798837641198191	0.3	0.26062188464277236	0.22957526137060838	0.2023934951784503
0.15694916730674327	0.23038187159043222	0.97198977473836	0.028010225261639973	0.2998361551064992	0.26056003796867583	0.22949026230162745	0.20237164632879212
0.15674280018482564	0.2312211498111624	0.97198977473836	0.028010225261639973	0.3006001091107474	0.26138519924098674	0.23032122671437377	0.2032109245495224
0.15648515645542221	0.2312211498111624	0.9719460770390439	0.028053922960956105	0.3002724795640327	0.26126126126126126	0.23015114532490089	0.20316722685020627
0.15637396487812763	0.23164078892152748	0.9719460770390439	0.028053922960956105	0.3006535947712418	0.26167338231808485	0.2305661930218999	0.2035868659605713
0.1563253934861267	0.23164078892152748	0.9719242281893858	0.028075771810614172	0.3004899292324442	0.2616113744075829	0.2304811789306942	0.20356501711091335
0.15627598409498922	0.23206042803189258	0.9719242281893858	0.028075771810614172	0.30087051142546245	0.2620232172470978	0.23089596034156382	0.20398465622127837
0.15612376510781242	0.23206042803189258	0.9718805304900697	0.0281194695099303	0.3005434782608696	0.2618991238456074	0.23072598535465805	0.20394095852196226
0.15605422741424668	0.23248006714225766	0.9718805304900697	0.0281194695099303	0.3009234111895709	0.2623106060606061	0.23114043346805385	0.2043605976323275
0.15589922117028576	0.23248006714225766	0.9718586816404117	0.028141318359588368	0.3007600434310532	0.26224852071005916	0.23105547260837117	0.20433874878266933
0.15585442004318104	0.23289970625262274	0.9718586816404117	0.028141318359588368	0.3011394465545307	0.2626597255087553	0.231469655648068	0.20475838789303435
0.15562495846453217	0.23289970625262274	0.9717712862417793	0.02822871375822063	0.3004872766648619	0.2624113475177305	0.2311301688634387	0.20467099249440213
0.1553288717221315	0.23331934536298782	0.9717712862417793	0.02822871375822063	0.3008658008658009	0.26282202788938785	0.2315438858066837	0.20509063160476715
0.15496365425406103	0.23331934536298782	0.9717275885424632	0.02827241145753676	0.3005405405405405	0.2626978502244271	0.23137438271768215	0.20504693390545103
0.1548681074976932	0.23457826269408308	0.9717275885424632	0.02827241145753676	0.30167296276308686	0.26392823418319167	0.23261395397320012	0.20630585123654632
0.15404170843085907	0.23457826269408308	0.9715091000458825	0.028490899954117417	0.30005367686527107	0.2633066415449835	0.2317681573395498	0.20608736273996553
0.1540317880803556	0.23499790180444818	0.9715091000458825	0.028490899954117417	0.30042918454935624	0.26371556392747825	0.23218029162264772	0.20650700185033077
0.1539828809585425	0.23499790180444818	0.9714654023465664	0.028534597653433545	0.30010718113612006	0.26359143327841844	0.23201174000016472	0.20646330415101466
0.15386815815825927	0.23541754091481326	0.9714654023465664	0.028534597653433545	0.30048205677557577	0.264	0.23242354781967284	0.20688294326137968
0.15384547966379206	0.23541754091481326	0.9714435534969084	0.028556446503091613	0.30032119914346894	0.2639378969654199	0.23233929789673644	0.2068610944117215
0.1538419413204073	0.23583718002517834	0.9714435534969084	0.028556446503091613	0.30069555912252544	0.264346190028222	0.23275084609814892	0.20728073352208676
0.1537663281290159	0.23583718002517834	0.9713998557975922	0.028600144202407744	0.3003741314804917	0.2642219087917254	0.23258239801836236	0.20723703582277064
0.15372713673638116	0.23625681913554344	0.9713998557975922	0.028600144202407744	0.30074786324786323	0.2646298472385429	0.23299362124738762	0.20765667493313567
0.15354308361523783	0.23625681913554344	0.971290611549302	0.02870938845069807	0.2999467234949387	0.2643192488262911	0.2325732407076421	0.2075474306848455
0.1535356403210668	0.23667645824590852	0.971290611549302	0.02870938845069807	0.3003194888178914	0.2647265900023469	0.23298394285957727	0.2079670697952105
0.1534570672154055	0.23667645824590852	0.9712469138499858	0.028753086150014203	0.3	0.26460239268121044	0.23281608540101847	0.2079233720958944
0.15336479090758148	0.2370960973562736	0.9712469138499858	0.028753086150014203	0.3003721424774056	0.2650093808630394	0.23322646474574518	0.20834301120625942
0.15332551566335195	0.2370960973562736	0.9712250650003277	0.028774934999672267	0.3002125398512221	0.264947245017585	0.233142561576007	0.20832116235660125
0.15332227174813348	0.23751573646663868	0.9712250650003277	0.028774934999672267	0.3005841741901221	0.2653539615564932	0.23355268421172898	0.20874080146696627
0.15279305527964698	0.23751573646663868	0.9711158207520374	0.028884179247962594	0.2997881355932203	0.26504331538281434	0.23313374923648789	0.2086315572186761
0.15269706604408542	0.23877465379773394	0.9711158207520374	0.028884179247962594	0.3008989952406134	0.26626111371080957	0.23436199692263351	0.2098904745497714
0.1519267564878831	0.23877465379773394	0.9708973322554567	0.02910266774454325	0.29931614939505524	0.26563958916900093	0.23352668799341517	0.2096719860531906
0.15187692942133826	0.23919429290809904	0.9708973322554567	0.02910266774454325	0.2996845425867508	0.2660443407234539	0.23393507834875027	0.21009162516355584
0.15141568391071406	0.23919429290809904	0.9707662391575084	0.029233760842491643	0.29874213836477986	0.26567233745047775	0.23343636732856154	0.2099605320656075
0.15099454827589068	0.2400335711288292	0.9707662391575084	0.029233760842491643	0.2994764397905759	0.2664803167947822	0.23425181277938179	0.21079981028633754
0.15096110851489422	0.2400335711288292	0.9707443903078503	0.029255609692149707	0.29931972789115646	0.26641825803446667	0.23416877315522985	0.2107779614366796
0.15087766461683796	0.24087284934955938	0.9707443903078503	0.029255609692149707	0.30005227391531625	0.2672253258845438	0.23498334222121176	0.21161723965740964
0.15050830479823366	0.24087284934955938	0.9705477506609277	0.029452249339072298	0.29864724245577523	0.26666666666666666	0.23423748459857371	0.21142060001048701
0.15033633803599658	0.24171212757028956	0.9705477506609277	0.029452249339072298	0.2993762993762994	0.2674715579289529	0.23505016349922062	0.21225987823121728
0.15005808444085406	0.24171212757028956	0.9703511110140051	0.029648888985994888	0.29798241076047594	0.2669138090824838	0.23430789542921068	0.21206323858429466
0.1499733200559543	0.24213176668065464	0.9703511110140051	0.029648888985994888	0.2983453981385729	0.26731526523048416	0.23471338860330634	0.21248287769465968
0.14984036007798865	0.24213176668065464	0.970307413314689	0.02969258668531102	0.2980371900826446	0.2671914795091456	0.23454895138931334	0.21243917999534356
0.14983824011995642	0.24255140579101972	0.970307413314689	0.02969258668531102	0.29839958699019103	0.2675925925925926	0.23495413487736055	0.21285881910570859
0.14972841374309567	0.24255140579101972	0.9702200179160567	0.02977998208394328	0.29778464708912933	0.26734505087881594	0.23462570011079134	0.21277142370707636
0.14953437413730472	0.2433906840117499	0.9702200179160567	0.02977998208394328	0.29850746268656714	0.26814609338881185	0.23543501562238142	0.21361070192780662
0.1491804507505359	0.2433906840117499	0.9701544713670825	0.02984552863291748	0.29804727646454265	0.26796026796026795	0.23518891650716983	0.21354515537883234
0.1491611251405591	0.24381032312211498	0.9701544713670825	0.02984552863291748	0.29840780688238316	0.26836027713625865	0.23559311308827627	0.21396479448919759
0.14884710973895957	0.24381032312211498	0.9700452271187922	0.029954772881207806	0.29764344262295084	0.2680507497116494	0.23518377911057317	0.2138555502409072
0.1488432422463673	0.24422996223248006	0.9700452271187922	0.029954772881207806	0.2980030721966206	0.26845018450184505	0.2355874825306429	0.2142751893512722
0.14878153038235384	0.24422996223248006	0.9700233782691341	0.02997662173086587	0.2978505629477994	0.2683882868342172	0.2355057244216758	0.21425334050161426
0.14871742012520248	0.24548887956357532	0.9700233782691341	0.02997662173086587	0.2989269289729177	0.2695852534562212	0.23671556273600672	0.21551225783270933
0.14868299299846985	0.24548887956357532	0.969979680569818	0.030020319430182	0.2986217457886677	0.2694610778443114	0.2365518453448419	0.21546856013339322
0.14852981410048152	0.2463281577843055	0.969979680569818	0.030020319430182	0.2993370729219786	0.27025782688766115	0.23735725522894482	0.21630783835412348
0.1485274160744201	0.2463281577843055	0.9699578317201599	0.030042168279840065	0.29918450560652393	0.2701956271576525	0.23727535845046865	0.21628598950446554
0.1484303029924882	0.24674779689467058	0.9699578317201599	0.030042168279840065	0.2995415180845644	0.27059364933271973	0.23767773217880694	0.21670562861483056
0.1481618881771971	0.24674779689467058	0.9697393432235792	0.03026065677642072	0.29802331474911303	0.2699724517906336	0.23686125804032596	0.21648714011824977
0.14812610293561063	0.24716743600503566	0.9697393432235792	0.03026065677642072	0.2983789260385005	0.2703695203121414	0.23726284018079927	0.2169067792286148
0.14772977078550242	0.24716743600503566	0.9695864012759728	0.03041359872402718	0.2973245835436648	0.26993583868011	0.23669421825766648	0.2167538372810085
0.14766181309313112	0.24758707511540076	0.9695864012759728	0.03041359872402718	0.2976791120080727	0.27033218785796104	0.23709519577247926	0.21717347639137352
0.14722727448425427	0.24758707511540076	0.9693679127793922	0.030632087220607836	0.2961847389558233	0.26971428571428574	0.2362869873597036	0.21695498789479295
0.14719753248455972	0.24800671422576584	0.9693679127793922	0.030632087220607836	0.2965378825890617	0.27010968921389394	0.2366871812964124	0.21737462700515797
0.14681597922553735	0.24800671422576584	0.9692149708317856	0.030785029168214295	0.2955	0.26967830253251196	0.23612428211167102	0.21722168505755146
0.1467788674039768	0.24842635333613092	0.9692149708317856	0.030785029168214295	0.2958520739630185	0.27007299270072993	0.236523877670804	0.21764132416791648
0.14671667454880116	0.24842635333613092	0.9691931219821276	0.03080687801787236	0.2957042957042957	0.2700114025085519	0.23644362151509155	0.21761947531825854
0.14657362405770819	0.24884599244649602	0.9691931219821276	0.03080687801787236	0.2960559161258113	0.270405836753306	0.23684298198556067	0.21803911442862356
0.14646873144012654	0.24884599244649602	0.9691494242828115	0.03085057571718849	0.29576059850374065	0.2702825888787603	0.23668251250857839	0.21799541672930745
0.14645684524923722	0.2492656315568611	0.9691494242828115	0.03085057571718849	0.29611166500498504	0.2706766917293233	0.23708157830232288	0.2184150558396727
0.14612831897497514	0.2492656315568611	0.9690183311848631	0.030981668815136882	0.2952286282306163	0.27030716723549486	0.23660111074490883	0.21828396274172412
0.14606446671102688	0.24968527066722618	0.9690183311848631	0.030981668815136882	0.295578738201689	0.27070063694267515	0.23699964328485015	0.21870360185208937
0.1456008685836692	0.24968527066722618	0.9688872380869147	0.031112761913085277	0.29470034670629025	0.27033166742389825	0.23652075787540566	0.2185725087541408
0.14547260665298511	0.25052454888795633	0.9688872380869147	0.031112761913085277	0.2953983176645225	0.27111716621253407	0.23731658830253585	0.21941178697487107
0.14543212011282985	0.25052454888795633	0.9688653892372566	0.03113461076274334	0.2952522255192878	0.27105561861521	0.23723684281945442	0.2193899381252129
0.14540708656080953	0.25094418799832147	0.9688653892372566	0.03113461076274334	0.29560059317844783	0.271448025419882	0.23763444007133805	0.21980957723557815
0.14538021583230062	0.25094418799832147	0.9688435403875986	0.03115645961240141	0.29545454545454547	0.2713864306784661	0.23755468878053654	0.21978772838591998
0.14534144732127738	0.2517834662190516	0.9688435403875986	0.03115645961240141	0.29615004935834155	0.27217056021773645	0.2383492489835567	0.22062700660665024
0.14505751824016544	0.2517834662190516	0.9686687495903341	0.03133125040966593	0.2949852507374631	0.2716776092370387	0.23771221269745688	0.2204522158093858
0.14497303406815515	0.2522031053294167	0.9686687495903341	0.03133125040966593	0.29533169533169534	0.27206880941602535	0.23810876407609752	0.2208718549197508
0.14496770394051353	0.2522031053294167	0.968646900740676	0.031353099259323995	0.2951866404715128	0.2720072414573433	0.23802931481635328	0.22085000607009286
0.14495620633530626	0.2526227444397818	0.968646900740676	0.031353099259323995	0.29553264604810997	0.27239819004524884	0.23842563692386465	0.22126964518045789
0.14478322627515472	0.2526227444397818	0.9685158076427276	0.031484192357272386	0.29466470876162504	0.272028920018075	0.23794969895096826	0.22113855208250932
0.14469597840180648	0.25304238355014685	0.9685158076427276	0.031484192357272386	0.29500978473581213	0.27241924553873953	0.2383454995334136	0.22155819119287434
0.14460227657452063	0.25304238355014685	0.9684939587930695	0.03150604120693046	0.2948655256723716	0.27235772357723576	0.23826630244900013	0.2215363423432164
0.14457400915725047	0.25346202266051193	0.9684939587930695	0.03150604120693046	0.29521016617790813	0.2727477986001355	0.23866187519762433	0.22195598145358142
0.1445138463194222	0.25346202266051193	0.9684502610937534	0.031549738906246586	0.294921875	0.27262468968630105	0.2385035218767641	0.2219122837542653
0.14445084313287396	0.25430130088124214	0.9684502610937534	0.031549738906246586	0.29560975609756096	0.2734040153394992	0.2392939272774681	0.22275156197499557
0.1442318402587657	0.25430130088124214	0.9683410168454631	0.03165898315453691	0.2948905109489051	0.27309598918431727	0.23889837910736472	0.2226423177267054
0.14422053007213345	0.2547209399916072	0.9683410168454631	0.03165898315453691	0.29523346303501946	0.27348501914845685	0.23929303896604276	0.22306195683707042
0.14421587896313254	0.2547209399916072	0.968319167995805	0.03168083200419498	0.29508993680116674	0.2734234234234234	0.23921402812361053	0.22304010798741225
0.14418934064985842	0.2551405791019723	0.968319167995805	0.03168083200419498	0.2954324586977648	0.2738122044584553	0.23960846225996568	0.22345974709777727
0.1438864965493606	0.2551405791019723	0.9681443771985405	0.0318556228014595	0.2942884801548887	0.2733198471566644	0.23897778439465717	0.22328495630051282
0.14383552025306137	0.2555602182123374	0.9681443771985405	0.0318556228014595	0.2946298984034833	0.27370786516853934	0.23937158991266358	0.22370459541087784
0.14301676603646582	0.2555602182123374	0.9677729467543534	0.03222705324564662	0.29222648752399233	0.27266621893888515	0.23804135690236933	0.22333316496669076
0.14295187708475943	0.25597985732270245	0.9677729467543534	0.03222705324564662	0.29256594724220625	0.2730528200537153	0.23843402193306765	0.22375280407705578
0.14287936818856242	0.25597985732270245	0.967663702506063	0.03233629749393695	0.291866028708134	0.27274759669125864	0.238045288948142	0.2236435598287656
0.1427561274143574	0.2563994964330676	0.967663702506063	0.03233629749393695	0.29220468675274985	0.2731336611533304	0.2384375043113854	0.22406319893913063
0.14267856274157706	0.2563994964330676	0.9676200048067469	0.032379995193253075	0.2919254658385093	0.27301161751563896	0.23828225011074464	0.2240195012398145
0.14256350764394995	0.25723877465379774	0.9676200048067469	0.032379995193253075	0.29260143198090693	0.27378293881196963	0.23906596159499494	0.22485877946054478
0.14236373877684497	0.25723877465379774	0.9675326094081147	0.03246739059188534	0.2920438303954264	0.27353859883980364	0.2387556019869676	0.22477138406191255
0.1423207964060064	0.2576584137641628	0.9675326094081147	0.03246739059188534	0.2923809523809524	0.27392371180013386	0.23914698603075651	0.22519102317227757
0.14215253995521782	0.2576584137641628	0.9674670628591404	0.03253293714085954	0.291963861150737	0.27374052608114136	0.238914572524422	0.2251254766233033
0.14215105108368906	0.258497691984893	0.9674670628591404	0.03253293714085954	0.29263657957244654	0.27450980392156865	0.2396965136299254	0.22596475484403333
0.14209393365497627	0.258497691984893	0.9674452140094824	0.0325547859905176	0.2924976258309592	0.27444865226108267	0.23961902968947027	0.2259429059943754
0.14202459326862218	0.2593369702056232	0.9674452140094824	0.0325547859905176	0.29316888045540795	0.27521710086840345	0.24040020902387205	0.22678218421510543
0.1411692224894303	0.2593369702056232	0.9671174812646114	0.03288251873538858	0.29109750353273667	0.27430093209054596	0.2392422224713927	0.22645445147023446
0.14109863550693744	0.26017624842635334	0.9671174812646114	0.03288251873538858	0.2917647058823529	0.27506654835847383	0.2400210805035997	0.22729372969096473
0.1408978905151953	0.26017624842635334	0.9669426904673469	0.03305730953265311	0.2906704172526957	0.2745792736935341	0.2394071227394053	0.22711893889370027
0.1408462271179775	0.2605958875367184	0.9669426904673469	0.03305730953265311	0.2910028116213683	0.2749612574717733	0.2397958679370053	0.2275385780040653
0.14083386316445426	0.2605958875367184	0.9669208416176889	0.03307915838231117	0.2908665105386417	0.2749003984063745	0.2397192872824262	0.22751672915440735
0.14082144049461498	0.2610155266470835	0.9669208416176889	0.03307915838231117	0.29119850187265917	0.27528214206682894	0.24010781795246278	0.22793636826477237
0.14068260924505668	0.2610155266470835	0.9668552950687146	0.033144704931285365	0.29079008882655444	0.2750995134896064	0.239878201644659	0.2278708217157981
0.14050055109512385	0.2614351657574486	0.9668552950687146	0.033144704931285365	0.2911214953271028	0.275480875525094	0.24026640792006673	0.2282904608261631
0.1402475063370372	0.2614351657574486	0.9667897485197404	0.033210251480259564	0.2907139524031731	0.2752982766239505	0.24003706236050693	0.22822491427718905
0.14022829268064071	0.2622744439781788	0.9667897485197404	0.033210251480259564	0.2913752913752914	0.2760600706713781	0.24081266976191024	0.2290641924979191
0.14013961093388838	0.2622744439781788	0.9667023531211082	0.03329764687889183	0.2908329455560726	0.2758164165931156	0.24050711254223328	0.22897679709928687
0.14008517574901116	0.26269408308854386	0.9667023531211082	0.03329764687889183	0.2911627906976744	0.27619677917493934	0.24089446027905423	0.2293964362096521
0.1397609794935192	0.26269408308854386	0.9665275623238436	0.03347243767615635	0.29008341056533826	0.27571019599207225	0.24028521447849271	0.22922164541238743
0.13971254557188487	0.26311372219890894	0.9665275623238436	0.03347243767615635	0.2904122278832793	0.2760898282694848	0.2406719684954672	0.22964128452275245
0.1396613566524819	0.26311372219890894	0.9664620157748695	0.033537984225130546	0.290009250693802	0.2759075907590759	0.2404441263575625	0.2295757379737784
0.1396541990711619	0.263533361309274	0.9664620157748695	0.033537984225130546	0.29033749422098937	0.27628684557853056	0.2408305607891756	0.22999537708414342
0.13924345021753212	0.263533361309274	0.9661561318796565	0.033843868120343464	0.28847037207165827	0.2754385964912281	0.23977217290134387	0.22968949318893062
0.1391531126352268	0.26437263953000417	0.9661561318796565	0.033843868120343464	0.289123451124369	0.2761946514686541	0.24054305987646343	0.23052877140966066
0.13887824522841377	0.26437263953000417	0.9660250387817082	0.033974961218291855	0.28832951945080093	0.27583187390542907	0.24009163571362785	0.23039767831171232
0.1388727365574931	0.2647922786403693	0.9660250387817082	0.033974961218291855	0.28865507776761207	0.2762092361567082	0.24047652480043916	0.23081731742207756
0.13880831165782626	0.2647922786403693	0.9659376433830759	0.03406235661692412	0.28812785388127854	0.275967636125082	0.2401762920463557	0.2307299220234451
0.13880452076388106	0.2652119177507344	0.9659376433830759	0.03406235661692412	0.2884527612962118	0.2763445561871447	0.24056081297705803	0.23114956113381036
0.13848555387742156	0.2652119177507344	0.9657847014354695	0.03421529856453058	0.2875341219290264	0.27592228771010696	0.24003681343084723	0.23099661918620384
0.13843324270615845	0.26563155686109946	0.9657847014354695	0.03421529856453058	0.2878581173260573	0.276298559580969	0.24042080727732754	0.23141625829656887
0.13820565474870677	0.26563155686109946	0.965631759487863	0.034368240512137035	0.2869446962828649	0.27587709740684246	0.23989868867075717	0.23126331634896236
0.13819855811503598	0.26605119597146454	0.965631759487863	0.034368240512137035	0.28726778432260985	0.2762527233115468	0.24028215766403896	0.23168295545932738
0.1380127328892667	0.26605119597146454	0.9655880617885468	0.034411938211453164	0.2870076957899502	0.2761324041811847	0.24013328637627457	0.23163925776001149
0.13800315621074713	0.2664708350818296	0.9655880617885468	0.034411938211453164	0.2873303167420814	0.276507729153059	0.24051649751031667	0.2320588968703765
0.13780901517181746	0.2664708350818296	0.9654132709912823	0.03458672900871769	0.2862939585211903	0.2760269506628994	0.23992240771690215	0.23188410607311183
0.13776499325526212	0.2668904741921947	0.9654132709912823	0.03458672900871769	0.2866155926092835	0.27640156453715775	0.2403050445995727	0.23230374518347707
0.13753436977293312	0.2668904741921947	0.9652603290436759	0.03473967095632415	0.2857142857142857	0.27598177478845737	0.23978722014287313	0.23215080323587056
0.13753056291436097	0.26731011330255977	0.9652603290436759	0.03473967095632415	0.2860350246969017	0.27635574837310195	0.2401693379588282	0.23257044234623558
0.1374535375813188	0.26731011330255977	0.9651947824947017	0.034805217505298344	0.28565022421524666	0.27617602427921095	0.23994792936248246	0.23250489579726152
0.13743463273547185	0.2677297524129249	0.9651947824947017	0.034805217505298344	0.28597041685342894	0.2765496315561335	0.2403297398822279	0.23292453490762655
0.13742519984474755	0.2677297524129249	0.9651729336450436	0.03482706635495641	0.28584229390681004	0.27648970747562296	0.24025597410420474	0.2329026860579686
0.13739554924655437	0.26814939152329	0.9651729336450436	0.03482706635495641	0.2861621137483206	0.2768630849220104	0.24063758276460417	0.23332232516833362
0.13729376789108994	0.26814939152329	0.9651073870960694	0.03489261290393061	0.28577817531305905	0.27668326477592553	0.2404163964609599	0.23325677861935934
0.13726777914809538	0.26856903063365506	0.9651073870960694	0.03489261290393061	0.2860974519445686	0.27705627705627706	0.24079769917060231	0.23367641772972436
0.1366837085579952	0.26856903063365506	0.9648670497498306	0.035132950250169326	0.2846975088967972	0.2763981861369035	0.2399895307230238	0.23343608038348562
0.13654281976901675	0.2698279479647503	0.9648670497498306	0.035132950250169326	0.28565082185695245	0.27751402675873976	0.24113083224211196	0.2346949977145809
0.13637619103200718	0.2698279479647503	0.9647796543511984	0.03522034564880159	0.2851441241685144	0.27727468736524363	0.2408376557756412	0.23460760231594868
0.13634241158097624	0.2702475870751154	0.9647796543511984	0.03522034564880159	0.2854609929078014	0.277646044406122	0.24121758777628427	0.2350272414263137
0.13613702353181467	0.2702475870751154	0.9645611658546177	0.03543883414538224	0.28420123565754635	0.27704882770488276	0.24048719778204802	0.23480875292973313
0.13612551928872785	0.2706672261854805	0.9645611658546177	0.03543883414538224	0.28451698279664756	0.27741935483870966	0.2408664682738459	0.23522839204009816
0.13611166113644588	0.2706672261854805	0.9644956193056435	0.03550438069435644	0.2841409691629956	0.27724049000644746	0.24064804656524494	0.2351628454911241
0.13608500581292104	0.2710868652958456	0.9644956193056435	0.03550438069435644	0.28445618670189343	0.27761065749892566	0.24102701719099187	0.23558248460148912
0.13600325409590516	0.2710868652958456	0.9644519216063274	0.03554807839367257	0.2842058952925649	0.2774914089347079	0.24088151696495147	0.235538786902173
0.1358807458690268	0.2723457826269408	0.9644519216063274	0.03554807839367257	0.2851493848857645	0.27860055805966943	0.24201724881323233	0.2367977042332683
0.13557654237715092	0.2723457826269408	0.9643426773580371	0.0356573226419629	0.28452433143358175	0.2783018867924528	0.24165348924780444	0.2366884599849779
0.1355485787050529	0.2727654217373059	0.9643426773580371	0.0356573226419629	0.2848378615249781	0.27867095391211144	0.24203152191810362	0.23710809909534314
0.1354759146214121	0.2727654217373059	0.9642552819594048	0.03574471804059516	0.28433945756780404	0.27843221246519595	0.2417410865601318	0.2370207036967107
0.1354447058498731	0.273185060847671	0.9642552819594048	0.03574471804059516	0.28465238303454304	0.27880085653104925	0.24211877192251052	0.23744034280707593
0.1351850221305292	0.273185060847671	0.9641241888614565	0.03587581113854356	0.2839075447012647	0.27844311377245506	0.24168410107151939	0.23730924970912737
0.1351468864155867	0.2736046999580361	0.9641241888614565	0.03587581113854356	0.2842197035745423	0.278811203763096	0.242061339188105	0.2377288888194926
0.13492784626513518	0.2736046999580361	0.9640367934628242	0.035963206537175815	0.28372497824194953	0.2785729544969024	0.2417722100946331	0.23764149342086038
0.13492233583088356	0.2740243390684012	0.9640367934628242	0.035963206537175815	0.2840365376250544	0.27894062366510036	0.2421491032602214	0.2380611325312254
0.13478570477433655	0.2740243390684012	0.9639493980641919	0.03605060193580808	0.2835432045158489	0.2787025181391379	0.24186045242435983	0.23797373713259296
0.134770462238498	0.27444397817876626	0.9639493980641919	0.03605060193580808	0.2838541666666667	0.27906976744186046	0.24223700166495138	0.2383933762429582
0.1346585479829442	0.27444397817876626	0.9638183049662435	0.03618169503375647	0.2831168831168831	0.2787129767739186	0.24180499269083136	0.23826228314500986
0.1343237495494546	0.27780109106168693	0.9638183049662435	0.03618169503375647	0.28559102674719583	0.2816422037864284	0.2448098745757781	0.24161939602793048
0.13379253832243	0.27780109106168693	0.9635124210710306	0.03648757892896939	0.28387650085763294	0.2808059384941676	0.24380216509488506	0.24131351213271746
0.13373698302177678	0.278220730172052	0.9635124210710306	0.03648757892896939	0.28418345477925416	0.2811704834605598	0.2441764491944983	0.2417331512430827
0.1337323396932866	0.278220730172052	0.9634687233717145	0.03653127662828552	0.28394004282655244	0.2810512929207291	0.24403306005600967	0.24168945354376659
0.13370479514123834	0.27864036928241714	0.9634687233717145	0.03653127662828552	0.2842465753424658	0.2814155541428269	0.2444071061382736	0.2421090926541316
0.13352946760743617	0.27864036928241714	0.9634250256723984	0.03657497432760165	0.2840034217279726	0.2812963355221351	0.24426378481908176	0.2420653949548155
0.13345509395674085	0.2790600083927822	0.9634250256723984	0.03657497432760165	0.28430953398888414	0.2816603134265142	0.24463759338105046	0.24248503406518074
0.13343982494514484	0.2790600083927822	0.9634031768227402	0.036596823177259714	0.2841880341880342	0.28160067753546475	0.24456594590277891	0.24246318521552235
0.13342683478536108	0.2798992866135124	0.9634031768227402	0.036596823177259714	0.284799316823228	0.2823280423280423	0.24531304763810555	0.24330246343625261
0.133355986083432	0.2798992866135124	0.9632720837247919	0.03672791627520811	0.28407155025553665	0.2819699852039738	0.24488344480112872	0.24317137033830427
0.13327855016627507	0.28031892572387745	0.9632720837247919	0.03672791627520811	0.28437633035334187	0.28233305156382077	0.24525649512809342	0.2435910094486693
0.1331283654583761	0.28031892572387745	0.9632283860254758	0.03677161397452424	0.2841344108889834	0.2822137727080693	0.24511352663720964	0.24354731174935318
0.13304794217185276	0.28073856483424253	0.9632283860254758	0.03677161397452424	0.2844387755102041	0.28257655755015837	0.24548634152000648	0.24396695085971842
0.13296709431693968	0.28073856483424253	0.9632065371758177	0.036793462824182305	0.2843178920526987	0.2825168918918919	0.24541487040035317	0.24394510201006026
0.13291189301221837	0.2811582039446076	0.9632065371758177	0.036793462824182305	0.28462192013593884	0.28287945957356975	0.2457874987580972	0.24436474112042528
0.13252994640125837	0.2811582039446076	0.9630098975288951	0.036990102471104895	0.2835378755818874	0.28234302570585756	0.24514566569640814	0.24416810147350265
0.13252850431516017	0.28157784305497274	0.9630098975288951	0.036990102471104895	0.28384094754653133	0.282704866231304	0.24551772151349827	0.2445877405838679
0.13245949700618795	0.28157784305497274	0.962988048679237	0.03701195132076296	0.2837209302325581	0.2826453243470935	0.24544656250793231	0.24456589173420973
0.13245595162133927	0.2819974821653378	0.962988048679237	0.03701195132076296	0.28402366863905326	0.2830069488313329	0.2458184330933448	0.24498553084457475
0.13231443963126635	0.2819974821653378	0.9628788044309468	0.037121195569053286	0.2834247153099958	0.28270929743374	0.2454630066031481	0.24487628659628458
0.13226153844210098	0.2824171212757029	0.9628788044309468	0.037121195569053286	0.2837268128161889	0.28307045215562565	0.24583450016080802	0.2452959257066496
0.13222573595260795	0.2824171212757029	0.9628569555812887	0.03714304441871136	0.2836072482090181	0.2830109335576114	0.24576348843872092	0.24527407685699165
0.13219267128083373	0.28325639949643305	0.9628569555812887	0.03714304441871136	0.28421052631578947	0.2837326607818411	0.24650597076312544	0.2461133550777217
0.13213248389336887	0.28325639949643305	0.9627695601826564	0.037230439817343614	0.2837326607818411	0.28349433011339775	0.24622194512205087	0.24602595967908947
0.1321121697500761	0.28367603860679813	0.9627695601826564	0.037230439817343614	0.28403361344537814	0.28385471341591434	0.24659279120957434	0.2464455987894545
0.13132033659523504	0.28367603860679813	0.9623325831894951	0.03766741681050493	0.2816666666666667	0.2826677817269496	0.24518133101372386	0.24600862179629335
0.13100127191833563	0.28409567771716326	0.9623325831894951	0.03766741681050493	0.2819658475635152	0.2830267558528428	0.24555109186459967	0.24642826090665837
0.1308998714511128	0.28409567771716326	0.9622233389412047	0.037776661058795256	0.28137988362427263	0.2827312591355189	0.24520047142743892	0.24631901665836797
0.13088569800709268	0.28451531682752834	0.9622233389412047	0.037776661058795256	0.281678437889489	0.28308977035490607	0.24556986206492795	0.246738655768733
0.13074041161304598	0.28451531682752834	0.9621140946929144	0.037885905307085584	0.2810945273631841	0.28279457768508864	0.24521998854779575	0.24662941152044282
0.1307270717195976	0.2849349559378934	0.9621140946929144	0.037885905307085584	0.2813924575217571	0.28315262718932444	0.24558901016821874	0.24704905063080784
0.13020123696559524	0.2849349559378934	0.9618737573466757	0.0381262426533243	0.2801155115511551	0.2825046806740171	0.24482220753030193	0.2468087132845691
0.1301970147428594	0.2853545950482585	0.9618737573466757	0.0381262426533243	0.2804123711340206	0.28286189683860236	0.24519058019898446	0.24722835239493413
0.130069772351517	0.2853545950482585	0.9617645130983854	0.03823548690161463	0.27983539094650206	0.28256804487845416	0.2448433508518606	0.24711910814664395
0.13005730278669334	0.2857742341586236	0.9617645130983854	0.03823548690161463	0.2801316330728095	0.2829248026589115	0.24521135773308042	0.24753874725700897
0.12993694176242113	0.2857742341586236	0.9616771176997531	0.03832288230024689	0.27967145790554415	0.28268991282689915	0.24493408128696026	0.24745135185837652
0.1298026442118204	0.28703315148971886	0.9616771176997531	0.03832288230024689	0.280557834290402	0.28375855631611696	0.2460367535941965	0.24871026918947203
0.12973571141130927	0.28703315148971886	0.961633420000437	0.03836657999956302	0.28032786885245903	0.2836408874144723	0.2458980670503758	0.2486665714901557
0.1296982097637304	0.28745279060008394	0.961633420000437	0.03836657999956302	0.2806226956165506	0.2839966832504146	0.24626526935325185	0.24908621060052094
0.12969500039897341	0.28745279060008394	0.9615897223011208	0.038410277698879156	0.280392959476054	0.2838789888106092	0.24612664360264772	0.24904251290120483
0.12968307955875283	0.287872429710449	0.9615897223011208	0.038410277698879156	0.2806873977086743	0.2842345141910089	0.2464936225472882	0.24946215201156985
0.1295864367365823	0.287872429710449	0.9615460246018047	0.038453975398195284	0.2804578904333606	0.28411679436736387	0.24635505753189596	0.24941845431225373
0.12955316029933414	0.2882920688208141	0.9615460246018047	0.038453975398195284	0.28075194115243157	0.284472049689441	0.24672181356635714	0.24983809342261876
0.12921328166317703	0.2882920688208141	0.9613712338045401	0.03862876619545981	0.27983706720977597	0.28400165357585777	0.24616871076216748	0.2496633026253543
0.1292064112691663	0.2887117079311792	0.9613712338045401	0.03862876619545981	0.28013029315960913	0.2843562719570159	0.2465349684766026	0.2500829417357193
0.12909543419055478	0.2887117079311792	0.9613493849548821	0.038650615045117874	0.28001628001628004	0.28429752066115704	0.246465955777032	0.25006109288606115
0.12905079103279157	0.28913134704154425	0.9613493849548821	0.038650615045117874	0.2803091944670464	0.28465193141912826	0.2468320378903355	0.2504807319964264
0.12826744787518693	0.28913134704154425	0.960956105661037	0.039043894338963055	0.2782714054927302	0.28359744803457504	0.2455954313875503	0.25008745270258115
0.12824242661002175	0.2895509861519094	0.960956105661037	0.039043894338963055	0.2785627775534921	0.2839506172839506	0.24596056211009507	0.2505070918129464
0.1273299959770937	0.2895509861519094	0.9602569424719789	0.03974305752802115	0.2750099641291351	0.2820932134096484	0.2437903606061619	0.24980792862388834
0.12732781318286474	0.28997062526227446	0.9602569424719789	0.03974305752802115	0.2752988047808765	0.28244430819538113	0.24415391549873172	0.25022756773425336
0.12708909089358716	0.28997062526227446	0.9601258493740304	0.039874150625969544	0.2746422893481717	0.2820983874260053	0.24375088369023099	0.250096474636305
0.1269307855704888	0.29039026437263954	0.9601258493740304	0.039874150625969544	0.2749304727850616	0.28244897959183674	0.2441140430902185	0.25051611374667004
0.12688952587294977	0.29039026437263954	0.9601040005243724	0.03989599947562761	0.2748212867355044	0.28239134870434607	0.24404695213222272	0.2504942648970119
0.12688564060296478	0.2908099034830046	0.9601040005243724	0.03989599947562761	0.27510917030567683	0.2827417380660955	0.24440994116508763	0.2509139040073771
0.1268296308560354	0.2908099034830046	0.9600384539753982	0.03996154602460181	0.27478191911181604	0.28256880733944956	0.24420874915244128	0.25084835745840284
0.12676550109021173	0.29206882081409985	0.9600384539753982	0.03996154602460181	0.27564356435643567	0.28361858190709044	0.24529656256577442	0.2521072747894981
0.1264062846990543	0.29206882081409985	0.9599510585767659	0.040048941423234063	0.2752075919335706	0.28338762214983715	0.24502827240312378	0.2520198793908657
0.1263876975026529	0.292488459924465	0.9599510585767659	0.040048941423234063	0.2754940711462451	0.2837370242214533	0.2453904491236673	0.2524395185012309
0.1261102650984082	0.292488459924465	0.9597981166291595	0.040201883370840526	0.27473393772171856	0.2833333333333333	0.24492200350137508	0.2522865765536244
0.1260973497360247	0.29290809903483006	0.9597981166291595	0.040201883370840526	0.27501970055161545	0.28368217841902055	0.24528374544044218	0.25270621566398965
0.1259754651911876	0.29290809903483006	0.9597325700801853	0.040267429919814725	0.2746950019677292	0.2835093419983753	0.2450833829373573	0.25264066911501537
0.12590733908023247	0.2941670163659253	0.9597325700801853	0.040267429919814725	0.2755503144654088	0.2845544956362898	0.24616746820677768	0.25389958644611066
0.12485399076769262	0.2941670163659253	0.9590771045904433	0.04092289540955669	0.27233877233877235	0.2828323582812185	0.24417725195256926	0.2532441209563685
0.12474383191549264	0.29458665547629037	0.9590771045904433	0.04092289540955669	0.272621359223301	0.28317870108914883	0.24453705317395655	0.2536637600667335
0.12460737169453207	0.29458665547629037	0.958967860342153	0.041032139657847015	0.27209302325581397	0.28289341124319967	0.2442081678874702	0.25355451581844335
0.12459672964795714	0.29500629458665545	0.958967860342153	0.041032139657847015	0.27237504843084076	0.2832393231265109	0.24456763016581481	0.25397415492880837
0.12451108391327732	0.29500629458665545	0.9589241626428369	0.04107583735716314	0.2721641502129307	0.28312525171163916	0.24443622922708175	0.25393045722949226
0.12449958562893322	0.2954259336970206	0.9589241626428369	0.04107583735716314	0.2724458204334365	0.28347090799275215	0.24479548363589598	0.2543500963398575
0.12431975407878149	0.2954259336970206	0.9587930695448884	0.04120693045511154	0.27181467181467184	0.28312889603860847	0.24440184084164862	0.25421900324190894
0.12430303015816964	0.29584557280738566	0.9587930695448884	0.04120693045511154	0.2720957159397916	0.28347406513872137	0.24476071477783815	0.25463864235227396
0.12409494323878793	0.29584557280738566	0.9587275229959142	0.041272477004085734	0.271781033153431	0.2833031946955998	0.24456422357581326	0.2545730958032999
0.12407736939444826	0.29626521191775074	0.9587275229959142	0.041272477004085734	0.2720616570327553	0.28364805142627564	0.24492284765156702	0.2549927349136649
0.12401617524357113	0.29626521191775074	0.9587056741462562	0.0412943258537438	0.27195685670261943	0.2835910825466961	0.2448573753977061	0.254970886064007
0.12398825753270108	0.2971044901384809	0.9587056741462562	0.0412943258537438	0.27251732101616627	0.2842802650070267	0.24557417715749327	0.255810164284737
0.12351526125950281	0.2971044901384809	0.9583779414013852	0.041622058598614786	0.2709529276693456	0.28342674139311447	0.24459485878413603	0.25548243153986605
0.123509748944114	0.29752412924884597	0.9583779414013852	0.041622058598614786	0.2712318286151492	0.2837702621572944	0.24495243727767463	0.2559020706502313
0.12330606244744365	0.29752412924884597	0.9582031506041206	0.041796849395879306	0.2704042715484363	0.2833166833166833	0.24443287914380918	0.2557272798529666
0.12325811757874294	0.2983634074695762	0.9582031506041206	0.041796849395879306	0.2709603658536585	0.2840023966446974	0.245146998013142	0.2565665580736969
0.12321843864411113	0.2983634074695762	0.9581594529048045	0.04184054709519544	0.27075399847677073	0.28388899980035937	0.2450172713555378	0.25652286037438077
0.12313903879432657	0.29920268569030634	0.9581594529048045	0.04184054709519544	0.2713089802130898	0.28457393733785674	0.24573074763634822	0.2573621385951108
0.1231258491530569	0.29920268569030634	0.9581376040551465	0.041862395944853505	0.2712057816660327	0.28451715881883477	0.2456658493349819	0.25734028974545287
0.12304880264058093	0.3000419639110365	0.9581376040551465	0.041862395944853505	0.27175978715317367	0.28520143597925807	0.24637876939570133	0.2581795679661829
0.12303230402198286	0.3000419639110365	0.9581157552054884	0.04188424479451157	0.2716565349544073	0.2851445663010967	0.24631381975576613	0.25815771911652496
0.12297648858490927	0.30046160302140157	0.9581157552054884	0.04188424479451157	0.27193315609570834	0.28548644338118023	0.2466700610709085	0.25857735822689
0.12296279219355445	0.30046160302140157	0.9580939063558304	0.04190609364416963	0.2718299164768413	0.2854295395654774	0.24660510245309908	0.2585555093772318
0.12294597483030406	0.3008812421317667	0.9580939063558304	0.04190609364416963	0.27210626185958253	0.2857712235950578	0.24696118415894083	0.25897514848759706
0.12275573319525025	0.3008812421317667	0.957940964408224	0.042059035591776095	0.27138531415594247	0.2853731343283582	0.24650710651997892	0.2588222065399908
0.12275192491746267	0.3013008812421318	0.957940964408224	0.042059035591776095	0.27166099129776766	0.2857142857142857	0.2468627768602325	0.2592418456503558
0.12273355288342402	0.3013008812421318	0.9579191155585658	0.04208088444143416	0.27155824508320725	0.2856574497712353	0.24679799879924044	0.2592199968006976
0.12272804333296634	0.30172052035249686	0.9579191155585658	0.04208088444143416	0.2718336483931947	0.2859984089101034	0.24715351040000053	0.25963963591106265
0.12232442130808081	0.30172052035249686	0.9576569293626691	0.04234307063733094	0.27060594655626646	0.2853174603174603	0.24637823343313736	0.25937744971516596
0.1223224539116129	0.30214015946286193	0.9576569293626691	0.04234307063733094	0.2708803611738149	0.2856576076175362	0.24673312726680893	0.259797088825531
0.12210224107104911	0.30214015946286193	0.9575476851143787	0.04245231488562127	0.270371761171611	0.2853745541022592	0.24641127544994623	0.2596878445772406
0.12208664204286805	0.3029794376835921	0.9575476851143787	0.04245231488562127	0.27091932457786116	0.286053882725832	0.24712029981671468	0.26052712279797086
0.12191777062245307	0.3029794376835921	0.9574602897157465	0.04253971028425353	0.27051330086174596	0.28582739509105304	0.24686307079708827	0.2604397273993386
0.12185252484669667	0.3033990767939572	0.9574602897157465	0.04253971028425353	0.27078651685393257	0.28616663368296064	0.2472172440675903	0.26085936650970365
0.12183236795707957	0.3033990767939572	0.9574384408660884	0.0425615591339116	0.270685136652939	0.2861100118717847	0.2471529764131493	0.2608375176600457
0.12176044477439263	0.3038187159043223	0.9574384408660884	0.0425615591339116	0.27095808383233533	0.2864490603363007	0.24750699322089467	0.2612571567704107
0.12160536809190008	0.3038187159043223	0.95730734776814	0.042692652231859994	0.2703510082150859	0.28610946453270103	0.24712181784680495	0.2611260636724624
0.12152946730218768	0.3042383550146874	0.95730734776814	0.042692652231859994	0.2706233669279582	0.28644804425128406	0.24747547224577449	0.2615457027828274
0.1213757720494356	0.3042383550146874	0.9572636500688239	0.04273634993117612	0.27042148452070125	0.2863349131121643	0.24734725587106	0.2615020050835113
0.12136339424612631	0.30465799412505246	0.9572636500688239	0.04273634993117612	0.27069351230425054	0.28667324777887465	0.24770071345409309	0.2619216441938763
0.12103679333512994	0.30465799412505246	0.9570451615722432	0.04295483842775678	0.26968796433878156	0.2861083743842365	0.24706114457985667	0.26170315569729574
0.12100336873571294	0.30507763323541753	0.9570451615722432	0.04295483842775678	0.2699591533605644	0.2864460204885737	0.24741407776659186	0.26212279480766076
0.12093796101158483	0.30507763323541753	0.9570014638729271	0.04299853612707291	0.26975881261595547	0.2863332020480504	0.2472864653580192	0.26207909710834465
0.1209025782640621	0.3054972723457826	0.9570014638729271	0.04299853612707291	0.27002967359050445	0.28667060444969483	0.24763920308803247	0.26249873621870967
0.12078962811503176	0.3054972723457826	0.9568485219253207	0.04315147807467937	0.2693303736588975	0.28627605190719624	0.24719327446759368	0.2623457942711034
0.12077929226177749	0.3063365505665128	0.9568485219253207	0.04315147807467937	0.2698706099815157	0.2869496855345912	0.24789783915418684	0.2631850724918334
0.12070207333009014	0.3063365505665128	0.9566955799777142	0.04330442002228583	0.2691740412979351	0.28655544651619236	0.24745289085832892	0.2630321305442269
0.12065783069804396	0.3067561896768779	0.9566955799777142	0.04330442002228583	0.2694434205676373	0.2868916797488226	0.2478047197309639	0.26345176965459194
0.12051963002673144	0.3067561896768779	0.9565863357294239	0.043413664270576156	0.2689477557027226	0.28661046853558125	0.24748764097083273	0.26334252540630176
0.12050926806036617	0.307175828787243	0.9565863357294239	0.043413664270576156	0.26921662375873484	0.28694629557036455	0.24783915513560778	0.2637621645166668
0.12038347839869339	0.307175828787243	0.9564552426314754	0.04354475736852455	0.2686238532110092	0.28660924040720437	0.24745945146148635	0.26363107141871844
0.12033013078238763	0.30801510700797313	0.9564552426314754	0.04354475736852455	0.26916024935826915	0.287279843444227	0.24816165993226066	0.2644703496394485
0.12020707070133307	0.30801510700797313	0.9564115449321593	0.043588455067840676	0.268962990106266	0.2871674491392801	0.24803518059986496	0.2644266519401324
0.1201397717458571	0.3084347461183382	0.9564115449321593	0.043588455067840676	0.2692307692307692	0.2875024447486798	0.24838603702636733	0.2648462910504974
0.11960612354564217	0.3084347461183382	0.9559090213900239	0.044090978609976184	0.26698147475481293	0.286214953271028	0.24693949708667048	0.26434376750836197
0.11959263277754907	0.3088543852287033	0.9559090213900239	0.044090978609976184	0.2672476397966594	0.28654856920381544	0.2472893227523244	0.2647634066187272
0.11944576880108959	0.3088543852287033	0.9558216259913915	0.04417837400860845	0.2668600435097897	0.2863256175841276	0.2470392478964299	0.26467601122009476
0.1193497913856375	0.3092740243390684	0.9558216259913915	0.04417837400860845	0.2671257702065966	0.2866588875923765	0.24738880440023595	0.26509565033046
0.11917040755225827	0.3092740243390684	0.9557779282920754	0.044222071707924575	0.26693227091633465	0.286547433903577	0.24726387007304762	0.2650519526311439
0.11909846001014368	0.3096936634494335	0.9557779282920754	0.044222071707924575	0.2671976828385228	0.2868804664723032	0.24761323740000585	0.2654715917415089
0.11898913851746584	0.3096936634494335	0.9556905328934432	0.04430946710655684	0.2668112798264642	0.28665760341813945	0.24736357435464698	0.2653841963428767
0.1189876900584147	0.3101133025597986	0.9556905328934432	0.04430946710655684	0.26707625587278644	0.28699029126213593	0.24771267370158073	0.2658038354532417
0.11897124323513954	0.3101133025597986	0.9556468351941271	0.04435316480587297	0.26688335139039365	0.28687888198757766	0.2475879447962959	0.2657601377539256
0.11886404340134209	0.31095258078052873	0.9556468351941271	0.04435316480587297	0.2674124864669794	0.28754365541327126	0.24828565763947577	0.26659941597465586
0.11863555753887778	0.31095258078052873	0.9555375909458367	0.0444624090541633	0.2669308357348703	0.287264973832138	0.24797396954865444	0.26649017172636547
0.11858109948571773	0.3113722198908938	0.9555375909458367	0.0444624090541633	0.2671948145480735	0.2875968992248062	0.24832246554299922	0.2669098108367305
0.1185197682353032	0.3113722198908938	0.9554720443968625	0.04452795560313749	0.2669064748201439	0.2874297888824327	0.24813569636576024	0.2668442642877564
0.118519741626812	0.31179185900125894	0.9554720443968625	0.04452795560313749	0.2671700827040633	0.2877614252517428	0.2484839658562425	0.26726390339812145
0.11840712601229886	0.31179185900125894	0.9553846489982303	0.044615351001769755	0.266786355475763	0.28753869969040247	0.2482352039599612	0.2671765079994892
0.11839993455385174	0.312211498111624	0.9553846489982303	0.044615351001769755	0.2670495333811917	0.2878699941961695	0.2485832082917532	0.26759614710985424
0.11821346425380563	0.312211498111624	0.9552317070506238	0.04476829294937622	0.2663802363050483	0.2874806800618238	0.24814875343480194	0.26744320516224773
0.11818476676983942	0.3130507763323542	0.9552317070506238	0.04476829294937622	0.2669051878354204	0.2881421398223252	0.24884389118482167	0.268282483382978
0.11814425574735356	0.3130507763323542	0.9551443116519915	0.044855688348008474	0.2665237584851733	0.2879197221150135	0.24859597530093233	0.26819508798434577
0.11813835140959118	0.31347041544271925	0.9551443116519915	0.044855688348008474	0.2667857142857143	0.28825004823461314	0.24894322705291125	0.2686147270947108
0.11795855563449271	0.31347041544271925	0.9551006139526754	0.04489938604732461	0.26659528907922914	0.28813886210221795	0.24881936969870755	0.2685710293953947
0.11792248981196325	0.31389005455308433	0.9551006139526754	0.04489938604732461	0.2668569389939351	0.2884689548785191	0.2491664364435803	0.2689906685057597
0.1174028986217054	0.31389005455308433	0.9547510323581463	0.045248967641853655	0.26534231997162117	0.2875816993464052	0.24817921176201377	0.26864108691123056
0.11737289599849567	0.3143096936634494	0.9547510323581463	0.045248967641853655	0.26560283687943265	0.2879108206803767	0.24852555284297387	0.2690607260215958
0.11697102733119158	0.3143096936634494	0.954314055364985	0.04568594463501496	0.26373239436619716	0.2868083476928968	0.24730127370806332	0.26862374902843444
0.1169528836780734	0.31472933277381454	0.954314055364985	0.04568594463501496	0.26399155227032733	0.2871362940275651	0.24764674047631763	0.2690433881387997
0.11681175627886187	0.31472933277381454	0.9542266599663528	0.04577334003364723	0.26362038664323373	0.2869166029074216	0.24740311870111972	0.26895599274016746
0.11680095484155245	0.3151489718841796	0.9542266599663528	0.04577334003364723	0.26387912860154605	0.2872442149550583	0.24774832731881552	0.2693756318505325
0.1167522019748553	0.3151489718841796	0.9541611134173785	0.045838886582621426	0.2636012636012636	0.2870795107033639	0.24756579765162914	0.2693100853015582
0.11673114775771536	0.3155686109945447	0.9541611134173785	0.045838886582621426	0.263859649122807	0.2874068412000764	0.24791078686883541	0.2697297244119232
0.11662432240903207	0.3155686109945447	0.9540300203194302	0.04596997968056982	0.26330532212885155	0.28707768658140864	0.24754627097236656	0.2695986313139749
0.11662233874164007	0.3159882501049098	0.9540300203194302	0.04596997968056982	0.26356317815890795	0.28740458015267173	0.2478909272260301	0.2700182704243399
0.11640222604397303	0.3159882501049098	0.9538770783718237	0.04612292162817628	0.2629189944134078	0.28702115494568325	0.24746668832256738	0.2698653284767334
0.11635527447721394	0.31640788921527485	0.9538770783718237	0.04612292162817628	0.2631762652705061	0.28734756097560976	0.2478109747945082	0.27028496758709863
0.11620270379780197	0.31640788921527485	0.9537678341235334	0.046232165876466606	0.2627177700348432	0.2870740529221397	0.24750860780582795	0.27017572333880824
0.11618645309994213	0.31682752832563993	0.9537678341235334	0.046232165876466606	0.2629745733194009	0.2874000761324705	0.24785260129391926	0.27059536244917326
0.1159128797550119	0.31682752832563993	0.9536585898752431	0.046341410124756933	0.2625173852573018	0.2871268301958547	0.24755075079498595	0.2704861182008831
0.11590052278621538	0.31724716743600506	0.9536585898752431	0.046341410124756933	0.26277372262773724	0.2874524714828897	0.2478944521278646	0.2709057573112481
0.11565338312524842	0.31724716743600506	0.9534619502283205	0.046538049771679524	0.26195426195426197	0.2869614727652306	0.24735255085683622	0.2707091176643255
0.11559187854331987	0.31766680654637014	0.9534619502283205	0.046538049771679524	0.26220990647731207	0.2872865275142315	0.24769581070593394	0.2711287567746905
0.11542130757858031	0.31766680654637014	0.9532434617317398	0.04675653826826018	0.2613047980669658	0.28674242424242424	0.24709597273339332	0.27091026827810993
0.11539603351504213	0.3180864456567352	0.9532434617317398	0.04675653826826018	0.261559696342305	0.2870668434008711	0.24743875554504088	0.27132990738847496
0.11531434069496853	0.3180864456567352	0.9531779151827656	0.04682208481723437	0.2612892106170286	0.28690386071158214	0.2472592327293951	0.2712643608395009
0.11530152721893187	0.3185060847671003	0.9531779151827656	0.04682208481723437	0.26154376292212267	0.2872280037842952	0.24760180129779494	0.2716839999498659
0.11520718920843474	0.3185060847671003	0.9530468220848173	0.04695317791518277	0.2610041265474553	0.2869022869022869	0.24724327699343232	0.2715529068519176
0.11520557573572267	0.3189257238774654	0.9530468220848173	0.04695317791518277	0.26125816431763493	0.2872260015117158	0.24758552021457417	0.2719725459622826
0.11490697609978616	0.3189257238774654	0.9528501824378947	0.04714981756210535	0.2604523646333105	0.2867383512544803	0.24704925302064037	0.27177590631535997
0.11485303937934672	0.31934536298783045	0.9528501824378947	0.04714981756210535	0.26070572113737583	0.2870614862316107	0.24739106078855236	0.272195545425725
0.11450638076164156	0.31934536298783045	0.9525224496930237	0.04747755030697634	0.25937286980231766	0.2862516456648486	0.2465016306749944	0.271867812680854
0.11450191707548675	0.3197650020981955	0.9525224496930237	0.04747755030697634	0.2596252129471891	0.28657389996239185	0.24684278366858525	0.27228745179121927
0.11445244670314843	0.3197650020981955	0.9524350542943913	0.0475649457056086	0.2592718611772712	0.28635851183765504	0.24660648245319472	0.2722000563925868
0.11439653428011527	0.32018464120856066	0.9524350542943913	0.0475649457056086	0.25952380952380955	0.28668044335900805	0.24694738789351994	0.27261969550295206
0.11427597702723097	0.32018464120856066	0.9523476588957591	0.04765234110424086	0.2591711956521739	0.2864651773981603	0.2467113698077099	0.27253230010431984
0.11424120417247148	0.32060428031892574	0.9523476588957591	0.04765234110424086	0.25942275042444823	0.28678678678678676	0.24705202829975412	0.27295193921468486
0.11407378789635332	0.32060428031892574	0.9521728680984947	0.047827131901505386	0.2587199458178124	0.2863568215892054	0.24658098399839798	0.2727771484174204
0.11405753418731912	0.3210239194292908	0.9521728680984947	0.047827131901505386	0.25897088693297227	0.2866779089376054	0.24692125001441073	0.2731967875277854
0.11381457315514239	0.3210239194292908	0.951976228451572	0.048023771548427976	0.2581842726965913	0.28619528619528617	0.24639303333784435	0.2730001478808628
0.11380770821416523	0.3214435585396559	0.951976228451572	0.048023771548427976	0.2584345479082321	0.2865158032541612	0.24673287196773555	0.2734197869912278
0.11369302115915643	0.3214435585396559	0.9518888330529398	0.04811116694706024	0.2580862533692722	0.28630162586432445	0.24649865194601467	0.2733323915925956
0.11367372471758237	0.32186319765002097	0.9518888330529398	0.04811116694706024	0.25833614011451667	0.2866218236173393	0.246838246205366	0.27375203070296084
0.11341518486112091	0.32186319765002097	0.951626646857043	0.04837335314295702	0.2572962093257296	0.2859806114839672	0.24613767658728714	0.27348984450706393
0.11338499984447382	0.32228283676038605	0.951626646857043	0.04837335314295702	0.2575452716297787	0.2863000931966449	0.24647673781968296	0.27390948361742895
0.11326590269771215	0.32228283676038605	0.9515174026087526	0.04848259739124735	0.25711416136591897	0.2860335195530726	0.2461857652554144	0.2738002393691388
0.11322390002857885	0.3227024758707511	0.9515174026087526	0.04848259739124735	0.2573627844712182	0.2863526345187116	0.24652454796022732	0.2742198784795038
0.11301798973255317	0.3227024758707511	0.951298914112172	0.048701085887828004	0.2565043362241494	0.2858204794647835	0.24594419160313447	0.2740013899829232
0.11300847206096111	0.32312211498111626	0.951298914112172	0.048701085887828004	0.2567522507502501	0.2861389817911557	0.2462825170665285	0.27442102909328825
0.1129850825820925	0.32312211498111626	0.9512115187135397	0.04878848128646027	0.2564102564102564	0.28592647604901594	0.2460509550564608	0.274333633694656
0.11297484983795052	0.32354175409148134	0.9512115187135397	0.04878848128646027	0.2566577896138482	0.28624466307777985	0.24638903977537843	0.27475327280502104
0.112934498233201	0.32354175409148134	0.9511678210142236	0.0488321789857764	0.2564870259481038	0.28613843013546114	0.24627334173333257	0.27470957510570493
0.11292468719451597	0.3239613932018464	0.9511678210142236	0.0488321789857764	0.25673428666444964	0.28645640074211504	0.24661125771004416	0.27512921421606995
0.11272711989972505	0.3239613932018464	0.9510804256155914	0.04891957438440866	0.2563932248422451	0.28624397478680014	0.24638002712937754	0.2750418188174377
0.11269278259000992	0.3243810323122115	0.9510804256155914	0.04891957438440866	0.25664010624169986	0.2865616311399444	0.24671770334964394	0.27546145792780274
0.11242279094044001	0.3243810323122115	0.9507963905700365	0.04920360942996351	0.25553719008264464	0.28587278106508873	0.24596856706073464	0.2751774228822481
0.11232049792694598	0.32480067142257657	0.9507963905700365	0.04920360942996351	0.255783212161269	0.28618968386023297	0.24630568452634322	0.27559706199261313
0.11222759976956893	0.32480067142257657	0.9507308440210623	0.04926915597893771	0.25552987784747444	0.2860310421286031	0.24613331119296544	0.27553151544363885
0.11217278952984722	0.32522031053294165	0.9507308440210623	0.04926915597893771	0.25577557755775576	0.28634768150748197	0.24647022618064243	0.2759511545540039
0.11212434760243441	0.32522031053294165	0.9506871463217461	0.04931285367825384	0.25560686015831136	0.28624192059095105	0.24635536651005643	0.27590745685468776
0.11205820875713675	0.3256399496433068	0.9506871463217461	0.04931285367825384	0.25585229146060007	0.2865583456425406	0.24669211475474448	0.276327095965053
0.11196727776088544	0.3256399496433068	0.9506652974720881	0.0493347025279119	0.25576796308503624	0.28650544581871884	0.24663468754411066	0.27630524711539484
0.1119665849776813	0.32605958875367186	0.9506652974720881	0.0493347025279119	0.2560131795716639	0.2868217054263566	0.24697130459422315	0.27672488622575986
0.11177965488787606	0.32605958875367186	0.9504249601258494	0.04957503987415063	0.25508864084044647	0.28624055995579295	0.24634088189214448	0.27648454887952134
0.11158590733073444	0.3273185060847671	0.9504249601258494	0.04957503987415063	0.25582158084617906	0.28718703976435933	0.2473489989978476	0.2777434662106164
0.11154490682126862	0.3273185060847671	0.9503812624265332	0.049618737573466756	0.255653883972468	0.28708133971291866	0.2472344929240965	0.2776997685113003
0.11152034047829418	0.32773814519513217	0.9503812624265332	0.049618737573466756	0.2558977719528178	0.2873965041398344	0.24757027161107809	0.2781194076216653
0.11150023151676462	0.32773814519513217	0.9503594135768751	0.04964058642312482	0.2558139534883721	0.2873436350257542	0.24751302119548502	0.27809755877200737
0.11136862240802015	0.32815778430549725	0.9503594135768751	0.04964058642312482	0.25605762933857235	0.2876586352768071	0.24784866996356197	0.2785171978823724
0.11096979732831654	0.32815778430549725	0.9498787388843978	0.050121261115602264	0.2542262678803641	0.2864993588569335	0.24659469616716487	0.27803652318989514
0.11094017792562745	0.32941670163659253	0.9498787388843978	0.050121261115602264	0.25495290678791815	0.2874404979860857	0.2475987808579644	0.2792954405209902
0.11092600127670678	0.32941670163659253	0.9498568900347397	0.05014310996526033	0.25487012987012986	0.28738788211605343	0.24754196288999109	0.27927359167133226
0.1109138334122366	0.3302559798573227	0.9498568900347397	0.05014310996526033	0.2553536664503569	0.28801463860933213	0.24821081461135203	0.2801128698920623
0.11085815068989147	0.3302559798573227	0.9497913434857654	0.05020865651423453	0.25510534846029176	0.2878566203365033	0.24804030138654937	0.280047323343088
0.11078507666551947	0.3310952580780529	0.9497913434857654	0.05020865651423453	0.2555879494655005	0.28848263254113343	0.2487085721509681	0.2808866015638183
0.11060134354935124	0.3310952580780529	0.9496820992374752	0.050317900762524854	0.2551746442432083	0.2882191780821918	0.2484245311387943	0.2807773573155281
0.11059034552596975	0.331514897188418	0.9496820992374752	0.050317900762524854	0.2554154542515357	0.2885317750182615	0.2487583548415058	0.28119699642589313
0.11057776108530991	0.331514897188418	0.9496602503878171	0.05033974961218292	0.2553329023917259	0.2884790943947416	0.24870158595717992	0.28117514757623496
0.11056813373084372	0.33193453629878306	0.9496602503878171	0.05033974961218292	0.2555735056542811	0.2887915297553852	0.24903528232155278	0.2815947866866002
0.11056695451742161	0.33193453629878306	0.949638401538159	0.05036159846184098	0.2554909560723514	0.2887388209527286	0.2489785036931957	0.28157293783694204
0.11048319226683785	0.3331934536298783	0.949638401538159	0.05036159846184098	0.25621168118747983	0.28967530098504196	0.24997893270777288	0.2828318551680373
0.11038474719154191	0.3331934536298783	0.9495291572898686	0.05047084271013131	0.25579896907216493	0.28941133588481865	0.24969489448471185	0.28272261091974693
0.1103385641708192	0.33361309274024337	0.9495291572898686	0.05047084271013131	0.2560386473429952	0.28972303206997085	0.25002801496694194	0.28314225003011195
0.11025906736911482	0.33361309274024337	0.9494199130415784	0.05058008695842164	0.25562700964630225	0.2894593118514473	0.24974441730047425	0.2830330057818218
0.11024632351831354	0.3340327318506085	0.9494199130415784	0.05058008695842164	0.255866280938605	0.28977065890061887	0.2500772754475156	0.2834526448921868
0.1097994481858683	0.3340327318506085	0.9490484825973913	0.050951517402608754	0.2544757033248082	0.28887679187080384	0.24911700447798138	0.2830812144479997
0.10978335504430552	0.3344523709609736	0.9490484825973913	0.050951517402608754	0.2547139661233621	0.28918722786647316	0.2494491953334728	0.28350085355836496
0.10963394138749583	0.3344523709609736	0.9489392383491009	0.05106076165089908	0.25430759412890874	0.28892514047489576	0.24916791953240772	0.28339160931007434
0.10962322323462907	0.33487201007133865	0.9489392383491009	0.05106076165089908	0.2545454545454545	0.28923523015585356	0.24949985047825385	0.2838112484204396
0.10961446024388966	0.33487201007133865	0.9488955406497848	0.05110445935021521	0.25438316863245136	0.2891304347826087	0.24938744055709935	0.2837675507211235
0.10959023879834535	0.33529164918170373	0.9488955406497848	0.05110445935021521	0.25462077756532825	0.2894403187828292	0.24971921304636296	0.2841871898314885
0.10941054119544417	0.33529164918170373	0.9487425987021784	0.05125740129782167	0.25405405405405407	0.2890738060781476	0.24932629553056826	0.284034247883882
0.10934697889526075	0.3357112882920688	0.9487425987021784	0.05125740129782167	0.25429116338207247	0.2893832519442937	0.2496577422068569	0.28445388699424723
0.10868997025163545	0.3357112882920688	0.9480215866634621	0.05197841333653783	0.2516514627241271	0.2876663070837828	0.24781991189466826	0.283732874955531
0.10864250952749892	0.33655056651279897	0.9480215866634621	0.05197841333653783	0.25212197422194277	0.2882818116462976	0.24848033616848952	0.28457215317626106
0.1083982537007419	0.33655056651279897	0.9478467958661977	0.05215320413380235	0.25148949513954216	0.28786791098348885	0.2480381008819597	0.2843973623789966
0.10835662162740638	0.3369702056231641	0.9478467958661977	0.05215320413380235	0.2517241379310345	0.28817513009151263	0.24836791458850094	0.28481700148936184
0.10832910329740686	0.3369702056231641	0.9478030981668815	0.05219690183311849	0.25156641604010027	0.2880717488789238	0.24825752085408048	0.2847733037900455
0.10825953306588192	0.3373898447335292	0.9478030981668815	0.05219690183311849	0.25180081428124024	0.2883787661406026	0.2485871796098432	0.28519294290041053
0.10812057424094701	0.3373898447335292	0.9476720050689331	0.05232799493106688	0.25132854016880274	0.28806879254747403	0.24825635341803798	0.2850618498024624
0.10809616328418958	0.33780948384389425	0.9476720050689331	0.05232799493106688	0.2515625	0.2883754253985313	0.2485857259872483	0.28548148891282743
0.10763115699526116	0.33780948384389425	0.9472568769254299	0.052743123074570124	0.2500776638707673	0.2873973580863977	0.24754291927922056	0.28506636076932423
0.10762598186829923	0.33822912295425933	0.9472568769254299	0.052743123074570124	0.2503105590062112	0.2877030162412993	0.24787158139912652	0.28548599987968926
0.10758606837757045	0.33822912295425933	0.9471913303764556	0.05280866962354432	0.25007756748371085	0.2875490545843739	0.24770757952364772	0.285420453330715
0.10755159818144462	0.3386487620646244	0.9471913303764556	0.05280866962354432	0.2503101736972705	0.28785446762974853	0.2480360559960898	0.28584009244108
0.10716498465121022	0.3386487620646244	0.9467980510826105	0.0532019489173895	0.24892041949413943	0.2869333333333333	0.24705571176902386	0.28544681314723497
0.10712982898911676	0.3394880402853546	0.9467980510826105	0.0532019489173895	0.24938347718865597	0.28754220721521234	0.24771123381325058	0.28628609136796523
0.10709723001625608	0.3394880402853546	0.9467762022329524	0.05322379776704757	0.24930662557781202	0.2874911158493248	0.2476569181562543	0.28626424251830707
0.10706746790670213	0.3399076793957197	0.9467762022329524	0.05322379776704757	0.24953789279112754	0.2877953455320661	0.24798451642699856	0.2866838816286721
0.10704552202717067	0.3399076793957197	0.9467106556839783	0.05328934431602176	0.24930747922437674	0.28764204545454547	0.24782160625777336	0.28661833507969803
0.10695958895935231	0.34074695761644985	0.9467106556839783	0.05328934431602176	0.24976930175330667	0.2882499112531061	0.24847634893289297	0.28745761330042807
0.106839219745548	0.34074695761644985	0.9464266206384234	0.05357337936157661	0.24877450980392157	0.2875863290242607	0.24777187637967366	0.2871735782548732
0.10683847442819928	0.34116659672681493	0.9464266206384234	0.05357337936157661	0.24900459418070445	0.2878895184135977	0.24809870039519194	0.28759321736523846
0.10679001451030563	0.34116659672681493	0.9463829229391073	0.05361707706089274	0.24885215794306703	0.287787610619469	0.2479905875192829	0.2875495196659221
0.10678730248126617	0.34158623583718	0.9463829229391073	0.05361707706089274	0.24908200734394126	0.28809060343302073	0.24831726142043306	0.28796915877628737
0.10676631892441853	0.34158623583718	0.946317376390133	0.05368262360986694	0.2488535616019566	0.28793774319066145	0.24815516128156387	0.2879036122273131
0.10674342798374699	0.3420058749475451	0.946317376390133	0.05368262360986694	0.24908312958435208	0.28824049513704686	0.24848165336688366	0.2883232513376781
0.10630082495261284	0.3420058749475451	0.9459240970962879	0.05407590290371212	0.24772036474164133	0.2873259298431165	0.24751261787391918	0.2879299720438331
0.10629141139396436	0.3424255140579102	0.9459240970962879	0.05407590290371212	0.2479489516864175	0.28762777581952764	0.24783845144302838	0.2883496111541981
0.10608472530081897	0.3424255140579102	0.9457274574493653	0.05427254255063471	0.24727272727272728	0.287172268168221	0.24735629020740224	0.2881529715072755
0.10607995679179	0.3428451531682753	0.9457274574493653	0.05427254255063471	0.2475007573462587	0.28747361013370865	0.24768175367469056	0.2885726106176405
0.10602876618028911	0.3428451531682753	0.9456837597500491	0.05431624024995084	0.2473508931274599	0.28737249384453045	0.24757478105274752	0.2885289129183244
0.10601656394118554	0.3432647922786404	0.9456837597500491	0.05431624024995084	0.24757869249394673	0.2876736416388254	0.2479000965835353	0.2889485520286894
0.10558797792041963	0.3432647922786404	0.9452467827568879	0.05475321724311215	0.24608904933814682	0.286665498510601	0.24683445717743102	0.28851157503552827
0.105577170175849	0.34368443138900545	0.9452467827568879	0.05475321724311215	0.2463157894736842	0.2869656622284513	0.2471590590780976	0.2889312141458933
0.10551426213302255	0.34368443138900545	0.9451812362079136	0.05481876379208635	0.24609375	0.2868149185781825	0.24699985449085016	0.288865667596919
0.10549927248596301	0.34410407049937053	0.9451812362079136	0.05481876379208635	0.24632021628116552	0.28711484593837533	0.24732427852498476	0.28928530670728403
0.10542332933326637	0.34410407049937053	0.9450719919596233	0.054928008040376675	0.24595080983803239	0.2868637397236313	0.2470592046832083	0.28917606245899385
0.10538043501908097	0.34494334872010074	0.9450719919596233	0.054928008040376675	0.24640287769784172	0.28746284315439763	0.24770748921377067	0.2900153406797241
0.10507121663263759	0.34494334872010074	0.9447879569140685	0.05521204308593153	0.2454464019110182	0.2868108862526169	0.24701995322072864	0.28973130563416927
0.10505914754348115	0.3453629878304658	0.9447879569140685	0.05521204308593153	0.24567164179104478	0.28710971568114424	0.24734356590157863	0.2901509447445343
0.10493568232735484	0.3453629878304658	0.9447224103650943	0.05527758963490572	0.24545183417834776	0.2869595536959554	0.24718531429799115	0.29008539819556
0.10488741473483358	0.3457826269408309	0.9447224103650943	0.05527758963490572	0.2456768038163387	0.2872581488582883	0.24750875097705605	0.29050503730592525
0.10487663995925652	0.3457826269408309	0.9447005615154362	0.055299438484563784	0.24560357675111774	0.2872080864412687	0.2474560112729181	0.2904831884562671
0.10485579794811468	0.346202266051196	0.9447005615154362	0.055299438484563784	0.24582836710369488	0.2875065342394145	0.24777933415489753	0.2909028275666321
0.10484645462695934	0.346202266051196	0.9446568638161201	0.05534313618387992	0.24568195354377606	0.2874063751959589	0.24767385552565535	0.2908591298673162
0.10481773049364594	0.34662190516156105	0.9446568638161201	0.05534313618387992	0.2459065197975588	0.28770463253221873	0.24799703384020183	0.29127876897768123
0.10469807686842862	0.34662190516156105	0.9445694684174878	0.05543053158251218	0.24561403508771928	0.28750435085276715	0.24778620335536652	0.2911913735790488
0.10468432865262117	0.34704154427192613	0.9445694684174878	0.05543053158251218	0.24583828775267538	0.2878023316512963	0.24810917564687943	0.29161101268941403
0.10468117431479305	0.34704154427192613	0.9445476195678297	0.05545238043217025	0.24576523031203565	0.28775226165622825	0.2480564892765456	0.29158916383975586
0.10466541966372422	0.3474611833822912	0.9445476195678297	0.05545238043217025	0.24598930481283424	0.28805009566881196	0.24837934832460948	0.2920088029501209
0.10464186879921838	0.3474611833822912	0.9445039218685136	0.055496078131486375	0.24584323040380046	0.28794992175273865	0.24827397643408083	0.29196510525080477
0.1045697546653166	0.3483004616030214	0.9445039218685136	0.055496078131486375	0.24629080118694363	0.2885451069007474	0.2489193245728473	0.29280438347153503
0.10455463745804618	0.3483004616030214	0.9444602241691975	0.05553977583080251	0.24614472123368922	0.2884448305821025	0.24881391297000816	0.2927606857722189
0.10454409049802453	0.3487201007133865	0.9444602241691975	0.05553977583080251	0.24636821820337979	0.28874218207088254	0.24913640239978305	0.29318032488258394
0.10442624467286395	0.3487201007133865	0.944307282221591	0.055692717778408965	0.24585798816568047	0.2883914627798022	0.24876790095578824	0.29302738293497743
0.10437605356543063	0.34913973982375157	0.944307282221591	0.055692717778408965	0.24608104111209703	0.2886884108258154	0.24909009414528713	0.29344702204534245
0.10436114409898749	0.34913973982375157	0.9442635845222749	0.0557364154777251	0.24593556015370974	0.2885882761012834	0.2489849332119503	0.29340332434602656
0.10435056255153967	0.34955937893411665	0.9442635845222749	0.0557364154777251	0.2461583924349882	0.28888503554707823	0.2493069835623809	0.2938229634563916
0.1043448452226124	0.34955937893411665	0.9442417356726168	0.055758264327383164	0.24608567208271787	0.28883495145631066	0.24925440357089904	0.2938011146067334
0.1043219351505122	0.3499790180444817	0.9442417356726168	0.055758264327383164	0.24630832841110456	0.2891315652626105	0.24957634177230203	0.29422075371709866
0.10402949787442729	0.3499790180444817	0.9439358517774039	0.05606414822259608	0.24529411764705883	0.28843160989106	0.24884195722823335	0.29391486982188564
0.1040076826351569	0.3503986571548468	0.9439358517774039	0.05606414822259608	0.24551602469861805	0.2887275242047026	0.24916338842521255	0.29433450893225066
0.10395670128524208	0.3503986571548468	0.9438266075291136	0.05617339247088641	0.2451556077510276	0.2884781482121265	0.24890193005942046	0.2942252646839605
0.103950527210132	0.35081829626521194	0.9438266075291136	0.05617339247088641	0.24537716466099208	0.2887737478411054	0.2492231287909426	0.2946449037943255
0.1038254793892593	0.35081829626521194	0.9437829098297975	0.05621709017020254	0.2452332062188325	0.2886740331491713	0.24911862772598475	0.2946012060950094
0.10380791929255558	0.3516575744859421	0.9437829098297975	0.05621709017020254	0.2456757549105834	0.28926475664480494	0.24976066182955353	0.29544048431573966
0.10377712013352035	0.3516575744859421	0.9437610609801395	0.0562389390198606	0.2456037514654162	0.2892148403796376	0.24970838146933172	0.2954186354660815
0.10374883130761077	0.35207721359630717	0.9437610609801395	0.0562389390198606	0.2458247875769118	0.28951000690131123	0.25002924730374476	0.29583827457644674
0.1037086107702177	0.35207721359630717	0.9436955144311652	0.0563044855688348	0.24560889929742388	0.28936023452319365	0.24987243796595757	0.29577272802747245
0.10366652696584644	0.35249685270667225	0.9436955144311652	0.0563044855688348	0.24582967515364354	0.2896551724137931	0.25019313290569867	0.2961923671378375
0.103061239857708	0.35249685270667225	0.9431274443400555	0.05687255565994451	0.24397327911704908	0.2883625128733265	0.2488409604824348	0.29562429704672777
0.10305639197141703	0.3529164918170373	0.9431274443400555	0.05687255565994451	0.24419279907084784	0.2886562553629655	0.24916079642311145	0.2960439361570928
0.10300663120486502	0.3529164918170373	0.9430618977910813	0.0569381022089187	0.24398027270089934	0.28850771869639796	0.24900556006724758	0.2959783896081185
0.10299278341684025	0.35333613092740246	0.9430618977910813	0.0569381022089187	0.24419953596287702	0.28880123477962616	0.24932522701353746	0.29639802871848375
0.10296578668993746	0.35333613092740246	0.9429963512421071	0.0570036487578929	0.24398725007244276	0.2886527254028111	0.249170080668756	0.2963324821695097
0.10295853641171064	0.35375577003776754	0.9429963512421071	0.0570036487578929	0.24420625724217845	0.28894601542416454	0.2494895789298635	0.2967521212798747
0.10294251119676245	0.35375577003776754	0.9429089558434749	0.05709104415652516	0.2439236111111111	0.2887480733002226	0.24928287668716168	0.2966647258812425
0.10292140157445473	0.3541754091481326	0.9429089558434749	0.05709104415652516	0.24414231993057564	0.28904109589041094	0.2496021769027704	0.2970843649916075
0.10287576607759556	0.3541754091481326	0.9427560138958684	0.05724398610413162	0.24364896073903003	0.288695057294339	0.2492410038803694	0.296931423044001
0.10282336106099114	0.3545950482584977	0.9427560138958684	0.05724398610413162	0.24386724386724387	0.28898768809849523	0.24956001770525751	0.297351062154366
0.10268414674749132	0.3545950482584977	0.94262492079792	0.05737507920208001	0.24344569288389514	0.28869149299624186	0.2492510339807729	0.2972199690564177
0.10264066139940144	0.35501468736886277	0.94262492079792	0.05737507920208001	0.2436635944700461	0.28898377455166524	0.24956979177969188	0.2976396081667829
0.10262060318707283	0.35501468736886277	0.9425375253992877	0.05746247460071227	0.24338319907940162	0.2887864823348694	0.2493640783847599	0.29755221276815047
0.10254068058904392	0.35543432647922785	0.9425375253992877	0.05746247460071227	0.24360080529191833	0.28907849829351534	0.24968263971781135	0.2979718518785155
0.10229585946904014	0.35543432647922785	0.9421442461054426	0.05785575389455745	0.24234620886981403	0.28819326301463083	0.24876027430156236	0.29757857258467046
0.10229141600288592	0.3558539655895929	0.9421442461054426	0.05785575389455745	0.2425629290617849	0.2884844361285933	0.24907822911019836	0.2979982116950355
0.10215965177739976	0.3558539655895929	0.9419257576088619	0.058074242391138106	0.2418710781517399	0.28799456614026153	0.24856823100336614	0.2977797231984547
0.10214861498373412	0.35627360469995806	0.9419257576088619	0.058074242391138106	0.24208725406330198	0.28828522920203736	0.24888581596868495	0.29819936230881994
0.10190125950142015	0.35627360469995806	0.9416854202626231	0.058314579737376825	0.2413303013075611	0.28774783934926285	0.24832672177572176	0.2979590249625812
0.10178506496818655	0.35669324381032314	0.9416854202626231	0.058314579737376825	0.24154589371980675	0.28803795323619114	0.24864390928387872	0.2983786640729462
0.10173817473993635	0.35669324381032314	0.9415980248639909	0.05840197513600909	0.24127164348566563	0.28784287165594313	0.24844106073046296	0.298291268674314
0.10173006603286465	0.3571128829206882	0.9415980248639909	0.05840197513600909	0.24148694665153234	0.28813272388691386	0.24875805508442272	0.29871090778467924
0.10165567063746118	0.3571128829206882	0.9414450829163844	0.05855491708361555	0.2410082129708298	0.28779168075752454	0.24840360128664796	0.2985579658370727
0.10161172776594911	0.35795216114141837	0.9414450829163844	0.05855491708361555	0.24143787149731108	0.28837052062204194	0.2490369543052109	0.29939724405780277
0.10160691824752954	0.35795216114141837	0.9414232340667263	0.058576765933273614	0.24136955291454443	0.2883217846881866	0.24898633635596237	0.2993753952081448
0.10160185378112523	0.35837180025178345	0.9414232340667263	0.058576765933273614	0.24158415841584158	0.28861101723555255	0.24930286894576978	0.29979503431850985
0.10133573520780481	0.35837180025178345	0.9410518036225393	0.058948196377460724	0.24042792792792791	0.2877843302443134	0.24844476970873786	0.29942360387432276
0.10131165006667064	0.35921107847251366	0.9410518036225393	0.058948196377460724	0.24085537422622397	0.2883611251473808	0.24907662855869733	0.30026288209505303
0.101300446037491	0.35921107847251366	0.9410299547728812	0.058970045227118795	0.24078762306610407	0.28831256315257664	0.2490262644403399	0.30024103324539486
0.10129206702273486	0.35963071758287873	0.9410299547728812	0.058970045227118795	0.24100112485939257	0.28860077454116856	0.2493420511674281	0.3006606723557599
0.10119209782605264	0.35963071758287873	0.940942559374249	0.05905744062575105	0.24073033707865168	0.2884065286892142	0.24914066799044177	0.30057327695712766
0.1011687108723815	0.3600503566932438	0.940942559374249	0.05905744062575105	0.2409435551811289	0.28869448183041724	0.2494562645096964	0.3009929160674929
0.1011042879779926	0.3600503566932438	0.9408988616749329	0.059101138325067186	0.24080830760595004	0.2885973763874874	0.24935562830187524	0.30094921836817656
0.1010560153884323	0.36088963491397397	0.9408988616749329	0.059101138325067186	0.24123422159887797	0.28917283120376597	0.24998647999846538	0.30178849658890683
0.10097892616089776	0.36088963491397397	0.9408333151259586	0.059166684874041385	0.24103139013452915	0.28902705427659214	0.24983549516687784	0.30172295003993255
0.10097695309899235	0.36130927402433904	0.9408333151259586	0.059166684874041385	0.24124404595124685	0.28931451612903225	0.25015072221580037	0.30214258915029757
0.10092239719688585	0.36130927402433904	0.9407022220280102	0.059297777971989776	0.24083916083916085	0.2890231621349446	0.2498490865001252	0.3020114960523492
0.10090114634360359	0.36214855224506926	0.9407022220280102	0.059297777971989776	0.2412636287391669	0.2895973154362416	0.25047897381069983	0.3028507742730795
0.10077597057626607	0.36214855224506926	0.9405055823810876	0.05949441761891237	0.24065811489124372	0.28916066342770985	0.250027267000684	0.30265413462615687
0.10075842241521138	0.36256819135543433	0.9405055823810876	0.05949441761891237	0.24086980763869528	0.2894472361809045	0.25034184342820526	0.3030737737365219
0.10068241477166211	0.36256819135543433	0.9404400358321134	0.05955996416788656	0.2406685236768802	0.28930185836263184	0.2501915237228614	0.30300822718754783
0.10066348667770368	0.3629878304657994	0.9404400358321134	0.05955996416788656	0.24087997772208297	0.2895882156009374	0.2505059406418977	0.30342786629791285
0.10054735930514618	0.3629878304657994	0.9402870938845069	0.05971290611549302	0.24041133963312952	0.28924928941648553	0.25015564426823145	0.30327492435030634
0.10054017975222845	0.3634074695761645	0.9402870938845069	0.05971290611549302	0.2406223951097527	0.28953527248411903	0.2504697895245395	0.30369456346067136
0.10046413849240866	0.3634074695761645	0.9402215473355328	0.05977845266446721	0.24042198778456414	0.289390142021721	0.25031985468165374	0.3036290169116973
0.10038854566289811	0.36382710868652957	0.9402215473355328	0.05977845266446721	0.24063280599500417	0.2896759104577347	0.2506338411927126	0.3040486560220623
0.10031136829294975	0.36382710868652957	0.9401341519369005	0.059865848063099476	0.2403659550873302	0.28948247078464107	0.2504340732291577	0.3039612606234301
0.10029443990534025	0.3646663869072598	0.9401341519369005	0.059865848063099476	0.24078692158492657	0.29005340453938583	0.25106159904737924	0.30480053884416036
0.09994450516491486	0.3646663869072598	0.939653477244423	0.06034652275557692	0.23932800881299918	0.28899235118057864	0.24996687144009747	0.3043198641516829
0.09991391255653981	0.36550566512798993	0.939653477244423	0.06034652275557692	0.23974676575832646	0.28956117021276595	0.2505928754512269	0.30515914237241293
0.09977270382187553	0.36550566512798993	0.9395660818457908	0.06043391815420918	0.23948309045916966	0.2893687707641196	0.2503945561798285	0.3050717469737807
0.09976105337377002	0.365925304238355	0.9395660818457908	0.06043391815420918	0.23969213853765806	0.2896528815811327	0.250707337029853	0.30549138608414594
0.09974377141116157	0.365925304238355	0.9395005352968167	0.060499464703183375	0.2394946443284812	0.28950863213811423	0.2505587040816201	0.30542583953517166
0.09971647022085041	0.3663449433487201	0.9395005352968167	0.060499464703183375	0.2397034596375618	0.28979253112033193	0.2508713285884226	0.3058454786455367
0.09961254246690511	0.3663449433487201	0.9393912910485263	0.0606087089514737	0.23937482862626816	0.28955223880597014	0.2506238290944768	0.3057362343972463
0.0995960806340157	0.36676458245908516	0.9393912910485263	0.0606087089514737	0.23958333333333334	0.2898358481180567	0.25093624236883677	0.30615587350761153
0.09943729316113437	0.36676458245908516	0.9392165002512618	0.06078349974873823	0.23905908096280087	0.28945189600927307	0.2505409563032698	0.3059810827103471
0.09940310634785976	0.3671842215694503	0.9392165002512618	0.06078349974873823	0.2392671588733935	0.2897350993377483	0.2508530763410867	0.3064007218207121
0.09940275163898143	0.3671842215694503	0.9391946514016037	0.06080534859839629	0.23920174958993987	0.28968713789107764	0.25080371865842555	0.30637887297105415
0.09938346574994283	0.3676038606798154	0.9391946514016037	0.06080534859839629	0.23940967477452857	0.2899702085402185	0.2511157384044326	0.3067985120814192
0.09923693541173806	0.3676038606798154	0.9390198606043392	0.06098013939566082	0.23888737387510225	0.2895867768595041	0.25072129982678015	0.3066237212841545
0.099201952497715	0.36844313890054553	0.9390198606043392	0.06098013939566082	0.23930226219678385	0.29015201586252476	0.25134468289735185	0.30746299950488476
0.09916480004669163	0.36844313890054553	0.938932465205707	0.06106753479429308	0.23904165532262456	0.2899603698811096	0.2511476719858354	0.30737560410625253
0.09915880248141085	0.3688627780109106	0.938932465205707	0.06106753479429308	0.2392487751769189	0.2902426944031699	0.251459145595966	0.30779524321661755
0.09910781155997823	0.3688627780109106	0.9388450698070746	0.061154930192925346	0.23898858075040783	0.2900511466754661	0.25126230954560447	0.3077078478179853
0.09909412817638082	0.3692824171212757	0.9388450698070746	0.061154930192925346	0.2391954335417233	0.2903332233586275	0.25157360185263133	0.30812748692835035
0.09901835890261272	0.3692824171212757	0.9387358255587843	0.06126417444121567	0.23887079261672095	0.29009395088181966	0.25132781903086715	0.30801824268005995
0.09898512483620298	0.36970205623164076	0.9387358255587843	0.06126417444121567	0.2390773405698779	0.2903757415952538	0.25163890322758403	0.3084378817904252
0.09895219825487789	0.36970205623164076	0.9386921278594682	0.0613078721405318	0.23894765391917547	0.2902800658978583	0.25154065943722076	0.30839418409110886
0.0989215054630342	0.370541334452371	0.9386921278594682	0.0613078721405318	0.2393602602331255	0.29084321475625824	0.2521625034240262	0.3092334623118391
0.09875335144783337	0.370541334452371	0.9385391859118617	0.061460814088138256	0.2389069264069264	0.2905083072873828	0.2518188258386606	0.3090805203642326
0.09874979726480232	0.37096097356273605	0.9385391859118617	0.061460814088138256	0.23911279415742495	0.29078947368421054	0.2521294506600097	0.30950015947459786
0.09863672646524117	0.37096097356273605	0.9384299416635714	0.06157005833642859	0.23878984332793085	0.2905505341002465	0.2518843589634244	0.30939091522630746
0.09849885376003999	0.37138061267310113	0.9384299416635714	0.06157005833642859	0.23899540912773426	0.29083141636542886	0.25219477723389544	0.3098105543366725
0.09824936179068956	0.37138061267310113	0.9381896043173327	0.06181039568266731	0.2382875605815832	0.290306708217156	0.25165681892805436	0.30957021699043374
0.09823215134227932	0.3718002517834662	0.9381896043173327	0.06181039568266731	0.23849259757738897	0.29058707773040343	0.2519668697992496	0.309989856100799
0.09821450809010934	0.3718002517834662	0.9381240577683585	0.0618759422316415	0.23830016137708446	0.2904441894771349	0.25182043935464316	0.3099243095518247
0.09818384837875675	0.3730591691145615	0.9381240577683585	0.0618759422316415	0.2389142703574308	0.29128440366972475	0.2527499242150995	0.31118322688292
0.09817578179882074	0.3730591691145615	0.9381022089187004	0.06189779108129957	0.23885008060182697	0.2912366912366912	0.2527010684514577	0.3111613780332618
0.09813598006906683	0.37389844733529165	0.9381022089187004	0.06189779108129957	0.23925886143931258	0.29179629932863926	0.25332031697013224	0.3120006562539921
0.09799416866507499	0.37389844733529165	0.9378181738731456	0.06218182612685442	0.23842654535723842	0.2911764705882353	0.2526860758701749	0.31171662120843724
0.09789776769263596	0.37431808644565673	0.9378181738731456	0.06218182612685442	0.2386302835741038	0.29145564450253225	0.2529952475854384	0.31213626031880226
0.09778394769548056	0.37431808644565673	0.937643383075881	0.062356616924118945	0.2381206620395088	0.2910752161853483	0.25260618309131777	0.3119614695215378
0.09775644948230754	0.3751573646663869	0.937643383075881	0.062356616924118945	0.23852721451440767	0.2916326863480672	0.2532238908106188	0.31280074774226785
0.09756484083151702	0.3751573646663869	0.9374904411282746	0.0625095588717254	0.23808255659121172	0.2913000977517107	0.25288398989032096	0.31264780579466156
0.09755706247916136	0.375577003776752	0.9374904411282746	0.0625095588717254	0.23828541001064962	0.291578432969539	0.2531925534355691	0.3130674449050266
0.09741748711866532	0.375577003776752	0.9373374991806681	0.06266250081933186	0.2378421472229604	0.29124633908233	0.25285330552770374	0.31291450295742007
0.09738506215570418	0.37641628199748217	0.9373374991806681	0.06266250081933186	0.23824701195219122	0.2918022121014964	0.2534698539195513	0.31375378117815034
0.09727504557512763	0.37641628199748217	0.9372282549323778	0.06277174506762219	0.23793103448275862	0.2915650901999025	0.25322778182604494	0.31364453692985994
0.09726879557015977	0.37683592110784725	0.9372282549323778	0.06277174506762219	0.2381331211880138	0.2918427039324017	0.2535358201218278	0.3140641760402252
0.09719786614161853	0.37683592110784725	0.9370753129847713	0.06292468701522864	0.23769190047644256	0.29151111832494725	0.2531974485369502	0.3139112340926187
0.09719567291401134	0.3772555602182123	0.9370753129847713	0.06292468701522864	0.2378936226514951	0.2917883803959753	0.2535052338467377	0.3143308732029837
0.09712259154161919	0.3772555602182123	0.9369223710371649	0.0630776289628351	0.2374537770734284	0.2914572864321608	0.2531675078468035	0.3141779312553772
0.09711457681868373	0.3776751993285774	0.9369223710371649	0.0630776289628351	0.23765513599155003	0.2917341977309562	0.2534750408871172	0.3145975703657422
0.09690325359098771	0.3776751993285774	0.9367475802399003	0.06325241976009963	0.23715415019762845	0.29135642602784073	0.25308986994830973	0.31442277956847775
0.09689554795248445	0.3780948384389425	0.9367475802399003	0.06325241976009963	0.23735511064278186	0.29163295031558506	0.2533971253888271	0.3148424186788428
0.0968468738127955	0.3780948384389425	0.936616487141952	0.06338351285804802	0.2369805365597054	0.2913500404203719	0.25310879538951575	0.31471132558089443
0.0968440373279863	0.3785144775493076	0.936616487141952	0.06338351285804802	0.23718117275834869	0.29162625282896865	0.2534158260280286	0.3151309646912597
0.09683168732933316	0.3785144775493076	0.9365727894426359	0.06342721055736415	0.23705650459921157	0.2915319974143504	0.2533197978369209	0.31508726699194356
0.09682051547026123	0.3789341166596727	0.9365727894426359	0.06342721055736415	0.2372569626904887	0.2918080465341735	0.25362670794647396	0.3155069061023086
0.09641804624179062	0.3789341166596727	0.9359828705018681	0.06401712949813192	0.2355857031046178	0.2905405405405405	0.2523361281644243	0.3149169871615407
0.09639448826732032	0.37977339488040285	0.9359828705018681	0.06401712949813192	0.23598435462842243	0.2910903827597298	0.2529483488794913	0.315756265382271
0.09628175856879967	0.37977339488040285	0.9358736262535777	0.06412637374642226	0.23567708333333334	0.2908565000803471	0.2527104143736542	0.3156470211339806
0.09627291107580323	0.380612673101133	0.9358736262535777	0.06412637374642226	0.23607496095783445	0.2914056224899598	0.2533221072073501	0.3164862993547106
0.0961524277063771	0.380612673101133	0.9356988354563133	0.06430116454368677	0.2355844155844156	0.2910316059682336	0.2529418527156667	0.31631150855744616
0.0961236554136768	0.38103231221149814	0.9356988354563133	0.06430116454368677	0.23578291352895353	0.2913057427013154	0.25324739302564403	0.3167311476678114
0.09604299340604945	0.38103231221149814	0.9356114400576809	0.06438855994231904	0.23553826199740596	0.2911189483808913	0.2530575550817394	0.31664375226917896
0.09601823341938868	0.3814519513218632	0.9356114400576809	0.06438855994231904	0.23573651452282157	0.2913928514184966	0.2533629259226201	0.3170633913795442
0.09587780188581403	0.3814519513218632	0.9354366492604165	0.06456335073958357	0.23524844720496896	0.2910196894509364	0.2529838261206002	0.31688860058227974
0.09584943600643404	0.3818715904322283	0.9354366492604165	0.06456335073958357	0.23544631306597671	0.2912932138284251	0.25328892604858605	0.31730823969264477
0.09575448841177248	0.3818715904322283	0.935305556162468	0.06469444383753195	0.23508137432188064	0.2910137511992325	0.25300512882944787	0.3171771465946964
0.09574926869896032	0.38229122954259337	0.935305556162468	0.06469444383753195	0.2352789256198347	0.2912869704236611	0.2533100093969936	0.31759678570506145
0.09557309992501789	0.38229122954259337	0.9350433699665712	0.06495663003342873	0.23455200823892894	0.29072921653103556	0.2527438509034669	0.31733459950916454
0.0955645804116449	0.38271086865295845	0.9350433699665712	0.06495663003342873	0.23474903474903475	0.2910019144862795	0.25304836093526195	0.3177542386195298
0.09550238802950466	0.38271086865295845	0.934955974567939	0.065044025432061	0.2345075854975572	0.29081632653061223	0.25286005375208154	0.31766684322089755
0.0954841359073561	0.3831305077633235	0.934955974567939	0.065044025432061	0.23470437017994858	0.2910887932408736	0.25316439631886506	0.3180864823312626
0.09541335836821759	0.3831305077633235	0.9348248814699907	0.0651751185300094	0.2343429158110883	0.29081063863672557	0.2528822635532567	0.31795538923331423
0.09541185074817941	0.3835501468736886	0.9348248814699907	0.0651751185300094	0.23453938927380036	0.2910828025477707	0.2531863886510168	0.31837502834367926
0.09537842101463362	0.3835501468736886	0.9347593349210164	0.06524066507898359	0.23435897435897435	0.29094381664809804	0.25304546196282807	0.318309481794705
0.09537793425293511	0.38396978598405374	0.9347593349210164	0.06524066507898359	0.23455524224557806	0.29121578612348825	0.25334944545581156	0.3187291209050702
0.09523765473361696	0.38396978598405374	0.93460639297341	0.06539360702659006	0.23413510747185262	0.2908917501192179	0.25302099697721186	0.3185761789574637
0.09522442450315362	0.3843894250944188	0.93460639297341	0.06539360702659006	0.23433103095420824	0.291163382072473	0.2533247388510775	0.31899581806782873
0.09474216152739319	0.3843894250944188	0.9340383228823003	0.06596167711769975	0.23278271918678525	0.28996517885406775	0.25211090609117504	0.318427747976719
0.09473997826370724	0.3848090642047839	0.9340383228823003	0.06596167711769975	0.23297764227642276	0.29023579680329165	0.2524139334912408	0.31884738708708404
0.09464424464020149	0.3848090642047839	0.9339727763333261	0.06602722366667395	0.2328002030972328	0.2900980702309396	0.2522744826766756	0.31878184053811
0.09463946500241714	0.38522870331514897	0.9339727763333261	0.06602722366667395	0.23299492385786802	0.29036849596710423	0.25257737028798416	0.319201479648475
0.0946327367743151	0.38522870331514897	0.9339509274836679	0.06604907251633202	0.232935803095661	0.2903225806451613	0.25253089300904746	0.31917963079881684
0.09455568713633787	0.38564834242551405	0.9339509274836679	0.06604907251633202	0.23313039066463723	0.29059288537549405	0.2528336906328462	0.31959926990918186
0.0943409120642823	0.38564834242551405	0.9335794970394808	0.06642050296051913	0.2321293255872695	0.28981393882056133	0.2520455294000786	0.319227839464995
0.09433568304327485	0.3860679815358791	0.9335794970394808	0.06642050296051913	0.23232323232323232	0.2900835566766514	0.2523478416987237	0.31964747857536
0.09412182040874388	0.3860679815358791	0.9334265550918744	0.06657344490812558	0.23191328459793295	0.28976377952755905	0.2520244288639238	0.3194945366277535
0.09412145846532767	0.38648762064624426	0.9334265550918744	0.06657344490812558	0.2321068548387097	0.2900330656589514	0.2523265041019568	0.31991417573811876
0.09398466921982686	0.38648762064624426	0.9332299154449518	0.06677008455504818	0.23158159416645713	0.28962264150943395	0.25191157073335274	0.31971753609119613
0.09396902551276108	0.3873268988669744	0.9332299154449518	0.06677008455504818	0.23196783111334507	0.29016032694121346	0.25251508598492256	0.3205568143119262
0.0938518173521179	0.3873268988669744	0.9330551246476873	0.0669448753523127	0.23150238274391774	0.2897959183673469	0.25214690273479484	0.3203820235146617
0.09384953055824496	0.3877465379773395	0.9330551246476873	0.0669448753523127	0.2316950852557673	0.2900643541045362	0.25244836833703294	0.32080166262502674
0.09378693542369969	0.3877465379773395	0.932945880399397	0.06705411960060303	0.23140495867768596	0.28983688833124216	0.25221862608225715	0.32069241837673657
0.09378672816173844	0.38816617708770457	0.932945880399397	0.06705411960060303	0.2315973960941412	0.2901050650776227	0.25251990568451965	0.3211120574871016
0.09360686906244768	0.38816617708770457	0.9327273919028163	0.06727260809718369	0.23101898101898102	0.289650853295757	0.252061313581051	0.3208935689905208
0.09357486616864659	0.38858581619806964	0.9327273919028163	0.06727260809718369	0.23121098626716605	0.28991859737006886	0.2523622860454058	0.3213132081008858
0.09340319872429476	0.38858581619806964	0.9324870545565775	0.0675129454434224	0.23057768924302788	0.28942022190967337	0.2518593084920154	0.3210728707546471
0.093396520003644	0.3890054553084347	0.9324870545565775	0.0675129454434224	0.23076923076923078	0.2896875	0.2521599506857594	0.3214925098650123
0.09337861493562634	0.3890054553084347	0.9323996591579453	0.06760034084205467	0.23053966674956478	0.28950655840099937	0.2519774029655811	0.3214051144663801
0.09337832157029802	0.38942509441879986	0.9323996591579453	0.06760034084205467	0.23073097961213326	0.2897736143637783	0.25227788509865806	0.3218247535767451
0.09316505064862828	0.38942509441879986	0.9322030195110227	0.06779698048897725	0.2302158273381295	0.28936700966635487	0.2518678090572963	0.3216281139298225
0.09315217761744206	0.38984473352916493	0.9322030195110227	0.06779698048897725	0.23040674603174602	0.28963367108339827	0.25216801093645375	0.3220477530401875
0.09296285589145842	0.38984473352916493	0.9319189844654678	0.06808101553453211	0.22966625463535228	0.28904791537025515	0.2515774911433729	0.3217637179946329
0.09295581753629201	0.39026437263953	0.9319189844654678	0.06808101553453211	0.22985664854176965	0.28931404573028463	0.25187731768494365	0.3221833571049979
0.09284324302940594	0.39026437263953	0.9317004959688873	0.06829950403111276	0.22928994082840237	0.28886473054822176	0.25142453054133956	0.32196486860841733
0.09277965036127678	0.3906840117498951	0.9317004959688873	0.06829950403111276	0.22947991126448114	0.2891304347826087	0.2517240550256535	0.32238450771878235
0.09277491547633658	0.3906840117498951	0.9316786471192292	0.06832135288077083	0.22942336126170526	0.2890855457227139	0.25167883327581586	0.3223626588691242
0.09277166401086262	0.39110365086026017	0.9316786471192292	0.06832135288077083	0.22961320522296133	0.2893511331884508	0.25197827140956613	0.32278229797948943
0.09252167237813913	0.39110365086026017	0.9313509143743581	0.06864908562564181	0.22876779577810505	0.28867895307418306	0.25130134347071614	0.32245456523461824
0.0925207758443239	0.39152328997062524	0.9313509143743581	0.06864908562564181	0.22895705521472393	0.28894394549396096	0.25160036200681307	0.32287420434498326
0.0924448270247964	0.39152328997062524	0.9312635189757259	0.06873648102427407	0.22873253248345182	0.28876508820798513	0.25142030685461314	0.32278680894635103
0.09241277101311514	0.3919429290809903	0.9312635189757259	0.06873648102427407	0.22892156862745097	0.2890298622930528	0.25171916838194625	0.3232064480567163
0.09238865371470324	0.3919429290809903	0.9312416701260678	0.06875832987393214	0.228865474148493	0.28898514851485146	0.2516741671878663	0.3231845992070581
0.09238136345193791	0.39236256819135545	0.9312416701260678	0.06875832987393214	0.2290543851053405	0.28924980665119876	0.25197294306558526	0.32360423831742335
0.09221351238512553	0.39236256819135545	0.9309139373811969	0.06908606261880312	0.22821576763485477	0.28858024691358025	0.25129930717077076	0.3232765055725524
0.09216966825312724	0.39278220730172053	0.9309139373811969	0.06908606261880312	0.22840409956076135	0.2888443141490511	0.25159766666651234	0.3236961446829174
0.09216880121710862	0.39278220730172053	0.9308920885315388	0.06910791146846118	0.22834837765308613	0.28879975316260414	0.2515528494608709	0.32367429583325924
0.09214507548384986	0.3936214855224507	0.9308920885315388	0.06910791146846118	0.22872470129236772	0.28932757557063543	0.2521493367207912	0.3245135740539895
0.09207326474893103	0.3936214855224507	0.9307828442832485	0.06921715571675151	0.22844617632732586	0.2891046386192017	0.25192523094340635	0.3244043298056991
0.09206078347830027	0.39404112463281576	0.9307828442832485	0.06921715571675151	0.22863403944485025	0.2893682588597843	0.2522232648270164	0.32482396891606435
0.09201012846978189	0.39404112463281576	0.9307172977342743	0.0692827022657257	0.22846715328467154	0.28923456029570305	0.25208890323979005	0.32475842236709007
0.09200911554971891	0.39446076374318084	0.9307172977342743	0.0692827022657257	0.2286548285088786	0.28949799815214045	0.25238680540639996	0.3251780614774551
0.09179718314364262	0.39446076374318084	0.9303677161397452	0.06963228386025476	0.22776835473709717	0.2887864823348694	0.25167200903803855	0.32482847988292596
0.09177069978472868	0.394880402853546	0.9303677161397452	0.06963228386025476	0.22795542635658914	0.289049301182614	0.25196947575760686	0.3252481189932912
0.09171306878613507	0.394880402853546	0.9302366230417969	0.06976337695820314	0.22762457668118047	0.28878318244591067	0.25170222652863616	0.32511702589534286
0.09168451822503099	0.39571968107427613	0.9302366230417969	0.06976337695820314	0.2279980657640232	0.2893081761006289	0.2522966978368744	0.3259563041160729
0.09153583310465786	0.39571968107427613	0.9299744368459001	0.07002556315409994	0.22733847637415622	0.28877660388914406	0.25176316892739675	0.3256941179201762
0.09149207130309638	0.3961393201846412	0.9299744368459001	0.07002556315409994	0.22752470474813208	0.28903857930189836	0.2520600349707496	0.32611375703054124
0.09146277885239489	0.3961393201846412	0.929930739146584	0.07006926085341607	0.22741508070344496	0.2889501071319253	0.25197126450954604	0.3260700593312251
0.09145577076132716	0.3965589592950063	0.929930739146584	0.07006926085341607	0.22760115606936415	0.28921193573068094	0.2522680238304873	0.32648969844159037
0.0913262547597035	0.3965589592950063	0.9298214948982936	0.0701785051017064	0.22732739956699544	0.2889908256880734	0.25204622789420755	0.32638045419329975
0.09132238537091018	0.39697859840537136	0.9298214948982936	0.0701785051017064	0.2275132275132275	0.28925240788870205	0.25234281130255787	0.326800093303665
0.09129833801086613	0.39697859840537136	0.9297777971989775	0.07022220280102252	0.22740384615384615	0.28916399205257526	0.2522541449588214	0.3267563956043489
0.091293517502003	0.39739823751573644	0.9297777971989775	0.07022220280102252	0.22758952174957942	0.28942542787286063	0.2525506220085908	0.3271760347147139
0.09116902401259619	0.39739823751573644	0.9295374598527387	0.07046254014726125	0.22698945349952063	0.2889397406559878	0.2520637037894994	0.32693569736847516
0.09115092274037417	0.3978178766261016	0.9295374598527387	0.07046254014726125	0.2271746944644141	0.2892007321537523	0.25235986750117084	0.3273553364788402
0.09108646106239986	0.3978178766261016	0.9294500644541065	0.0705499355458935	0.22695714627723246	0.2890243902439024	0.25218313280946736	0.32726794108020796
0.0910852382414876	0.39823751573646665	0.9294500644541065	0.0705499355458935	0.22714217328865485	0.28928516994360615	0.25247914480733724	0.3276875801905732
0.09077329866091675	0.39823751573646665	0.9290786340099194	0.07092136599008063	0.22622169249106078	0.2885375494071146	0.2517301078730906	0.3273161497463861
0.09072945682713403	0.39865715484683173	0.9290786340099194	0.07092136599008063	0.22640610104861772	0.28879768961848307	0.2520256711649333	0.32773578885675114
0.0906103227763994	0.39865715484683173	0.9289038432126548	0.07109615678734514	0.22597526165556614	0.2884469409442842	0.2516743798464943	0.3275609980594867
0.09058345249200832	0.3990767939571968	0.9289038432126548	0.07109615678734514	0.22615933412604042	0.2887067395264117	0.2519697014113173	0.3279806371698517
0.09056938186958939	0.3990767939571968	0.9288382966636807	0.07116170333631934	0.2259980988593156	0.2885753299954483	0.25183812529286587	0.3279150906208774
0.09055076122883672	0.3994964330675619	0.9288382966636807	0.07116170333631934	0.22618199097172725	0.28883495145631066	0.25213331941193795	0.32833472973124245
0.09043272900393755	0.3994964330675619	0.9286853547160742	0.0713146452839258	0.22580645161290322	0.2885285649340809	0.2518266282420139	0.32818178778363594
0.09042997553048367	0.39991607217792696	0.9286853547160742	0.0713146452839258	0.22599004031301873	0.2887878787878788	0.25212160437616654	0.3286014268940012
0.09037370560896418	0.39991607217792696	0.9284887150691516	0.07151128493084839	0.22550875532418363	0.28839461340596156	0.25172806494693784	0.32840478724707856
0.09036831881759105	0.4003357112882921	0.9284887150691516	0.07151128493084839	0.22569198012775019	0.2886535552193646	0.2520227784466317	0.3288244263574438
0.0902624426731366	0.4003357112882921	0.9283576219712032	0.07164237802879678	0.22537207654145996	0.2883917775090689	0.25176089444075817	0.32869333325949524
0.09022740076423517	0.40117498950902225	0.9283576219712032	0.07164237802879678	0.2257378984651712	0.28890903596252643	0.25234987445327833	0.3295326114802255
0.08992172323594688	0.40117498950902225	0.9277895518800935	0.07221044811990648	0.22436047876085427	0.28777844671884406	0.25121948242575654	0.3289645413891158
0.08990667649706387	0.40159462861938733	0.9277895518800935	0.07221044811990648	0.22454246832473018	0.2880361173814898	0.2515133009918086	0.3293841804994808
0.08984984196102824	0.40159462861938733	0.9276803076318032	0.07231969236819681	0.22427935317553316	0.2878195488721805	0.2512968441171696	0.32927493625119064
0.08978736763337176	0.4024339068401175	0.9276803076318032	0.07231969236819681	0.22464277348325135	0.288334335538184	0.25188408374947024	0.3301142144719207
0.08968753686458832	0.4024339068401175	0.9276366099324871	0.07236339006751294	0.2245375790213065	0.2882476705740908	0.25179750494669073	0.33007051677260457
0.0896767718070708	0.40285354595048256	0.9276366099324871	0.07236339006751294	0.2247191011235955	0.28850488354620585	0.25209099330334955	0.3304901558829696
0.08966696364775138	0.40285354595048256	0.927592912233171	0.07240708776682908	0.22461394478240523	0.28841820639927895	0.2520044231592337	0.3304464581836535
0.08966451326955399	0.4032731850608477	0.927592912233171	0.07240708776682908	0.2247953216374269	0.2886752778612196	0.25229780915725697	0.3308660972940187
0.0895112694683687	0.4032731850608477	0.9271996329393257	0.07280036706067426	0.22385278360121127	0.28789694427801077	0.2515206634085611	0.3304728180001735
0.08949944123984453	0.40369282417121277	0.9271996329393257	0.07280036706067426	0.224033535165347	0.2881533622884529	0.25181359232562306	0.3308924571105385
0.08928288081537912	0.40369282417121277	0.9269374467434289	0.07306255325657104	0.22340919647004182	0.287636417999701	0.2512976014863532	0.3306302709146416
0.08927379707233955	0.4045321023919429	0.9269374467434289	0.07306255325657104	0.22376973073351902	0.2881482588551786	0.2518827572789853	0.33146954913537185
0.08912730996955624	0.4045321023919429	0.9267845047958225	0.0732154952041775	0.22340672074159906	0.2878471185428486	0.25158232460392316	0.33131660718776557
0.08911226120825937	0.404951741502308	0.9267845047958225	0.0732154952041775	0.22358665430954588	0.28810270189580534	0.25187466279193477	0.3317362462981306
0.08910479902108588	0.404951741502308	0.9267626559461645	0.07323734405383557	0.2235348621728052	0.2880597014925373	0.2518317740554302	0.3317143974484724
0.08907719559669885	0.40579101972303816	0.9267626559461645	0.07323734405383557	0.2238944200046307	0.28857057594747837	0.25241623562254056	0.3325536756692027
0.08907172059520248	0.40579101972303816	0.9267408070965064	0.07325919290349363	0.2238425925925926	0.28852752498881096	0.25237331602828617	0.3325318268195445
0.08903181921238723	0.4062106588334033	0.9267408070965064	0.07325919290349363	0.22402221707937978	0.28878281622911695	0.2526654395281706	0.33295146592990976
0.08881277396447317	0.4062106588334033	0.9264567720509516	0.07354322794904848	0.2233502538071066	0.2882239094834003	0.2521083837979842	0.3326674308843549
0.08880663245984773	0.40663029794376837	0.9264567720509516	0.07354322794904848	0.2235294117647059	0.2884787139029473	0.2524001662290693	0.33308706999471993
0.08840347445385693	0.40663029794376837	0.9258450042605257	0.07415499573947432	0.22209488883795553	0.2872813519122443	0.25120715340588046	0.3324753022042941
0.08839556109295166	0.40704993705413345	0.9258450042605257	0.07415499573947432	0.22227314390467462	0.2875352008299985	0.25149827058988083	0.33289494131465913
0.08828575411359178	0.40704993705413345	0.9256265157639451	0.07437348423605497	0.2217649748513946	0.28710966405209415	0.25107440799921715	0.33267645281807856
0.08828066634982429	0.4074695761644985	0.9256265157639451	0.07437348423605497	0.22194285714285714	0.287363125184966	0.25136525290672024	0.3330960919284436
0.08819683350785829	0.4074695761644985	0.9254954226659966	0.07450457733400337	0.22163889522939967	0.28710821998817265	0.2511114148950645	0.33296499883049524
0.08819168432722767	0.4078892152748636	0.9254954226659966	0.07450457733400337	0.22181652213601094	0.28736141906873613	0.25140207457003166	0.33338463794086026
0.08819114404421106	0.4078892152748636	0.9254735738163385	0.07452642618366143	0.22176591375770022	0.28731894767957433	0.2513597909746002	0.3333627890912021
0.08818290487362758	0.4083088543852287	0.9254735738163385	0.07452642618366143	0.2219434306569343	0.28757204078616816	0.2516503733997527	0.33378242820156734
0.08779816075514996	0.4083088543852287	0.9247962594769386	0.07520374052306146	0.2203850509626274	0.2862606649014416	0.2503451509680416	0.33310511386216723
0.08778279705601329	0.4087284934955938	0.9247962594769386	0.07520374052306146	0.22056159420289856	0.2865127224591852	0.2506350134580215	0.3335247529725325
0.08757343897009788	0.4087284934955938	0.9243811313334352	0.07561886866656471	0.21961668545659527	0.2857142857142857	0.24984054952098686	0.33310962482902906
0.08753258860174196	0.40956777171632397	0.9243811313334352	0.07561886866656471	0.21996844714897454	0.28621700879765394	0.2504193007588033	0.3339489030497593
0.08747444888752143	0.40956777171632397	0.9243155847844611	0.0756844152155389	0.21981981981981982	0.28609116224534664	0.25029413889340535	0.33388335650078504
0.08746455609495905	0.40998741082668905	0.9243155847844611	0.0756844152155389	0.21999549650979508	0.28634232121922626	0.25058336882251253	0.33430299561115007
0.08741768003034363	0.40998741082668905	0.9242500382354869	0.0757499617645131	0.21984698469846986	0.28621649333528637	0.25045825403229655	0.334237449062176
0.08739011919565913	0.4104070499370541	0.9242500382354869	0.0757499617645131	0.22002249718785152	0.28646748681898065	0.25074736582646595	0.33465708817254103
0.08729889438637022	0.4104070499370541	0.9240315497389062	0.07596845026109375	0.21952861952861952	0.28604855220824804	0.2503309020578656	0.33443859967596046
0.08728991755010491	0.4108266890474192	0.9240315497389062	0.07596845026109375	0.21970377019748655	0.2862991665448165	0.2506197481602529	0.3348582387863255
0.08706640092342967	0.4108266890474192	0.9235508750464287	0.0764491249535712	0.2186243858865565	0.2853811397755429	0.24970735426481097	0.334377564093848
0.08705065872773589	0.4112463281577843	0.9235508750464287	0.0764491249535712	0.21879883902656844	0.2856310113669484	0.24999568365421881	0.334797203204213
0.08693468643913381	0.4112463281577843	0.9233979330988223	0.07660206690117766	0.21845742309407043	0.2853399330324647	0.24970645833340196	0.3346442612566065
0.08689656122392071	0.4116659672681494	0.9233979330988223	0.07660206690117766	0.21863160240695342	0.28558951965065504	0.24999458725678853	0.33506390036697176
0.08681080607842155	0.4116659672681494	0.9231357469029255	0.07686425309707444	0.2180484552122694	0.2850915431560593	0.2494998917990781	0.33480171417107485
0.08679138257880374	0.4120856063785145	0.9231357469029255	0.07686425309707444	0.21822222222222223	0.28534069446462296	0.24978771652851725	0.3352213532814401
0.08678049925872512	0.4120856063785145	0.9230920492036094	0.07690795079639057	0.21812527765437584	0.28525780682643426	0.24970539328933553	0.335177655582124
0.08677746892629525	0.41250524548887957	0.9230920492036094	0.07690795079639057	0.21829891183655342	0.28550682544292766	0.2499931227844219	0.335597294692489
0.08662841727919657	0.41250524548887957	0.9228954095566868	0.07710459044331316	0.21786347517730498	0.2851341551849166	0.24962307170035983	0.3354006550455664
0.08662413381243089	0.41292488459924465	0.9228954095566868	0.07710459044331316	0.21803678262796367	0.2853828306264501	0.24991056072572773	0.3358202941559314
0.08655795810415483	0.41292488459924465	0.9226987699097643	0.07730123009023575	0.21760283060592658	0.28501086169442436	0.24954128636965206	0.335623654509009
0.0865568189214317	0.4133445237096097	0.9226987699097643	0.07730123009023575	0.21777581251381825	0.2852591949029829	0.24982853564296556	0.336043293619374
0.08655335244546786	0.4133445237096097	0.9226550722104481	0.07734492778955188	0.2176795580110497	0.2851766068326578	0.24974656370155718	0.3359995959200579
0.08653369326046938	0.4137641628199748	0.9226550722104481	0.07734492778955188	0.21785240830755634	0.2854248082211608	0.25003371844313255	0.3364192350304229
0.08650755362321665	0.4137641628199748	0.9225458279621578	0.0774541720378422	0.2176120061796513	0.2852183974544403	0.24982889226851956	0.33630999078213253
0.08649000745831618	0.41418380193033993	0.9225458279621578	0.0774541720378422	0.2177846425419241	0.2854663774403471	0.25011589070741896	0.3367296298924978
0.08645457074381761	0.41418380193033993	0.9225021302628417	0.07749786973715835	0.217688575209528	0.28538383692352176	0.2500340016743397	0.33668593219318166
0.08645210588445547	0.414603441040705	0.9225021302628417	0.07749786973715835	0.21786108048511577	0.2856316854582249	0.2503209058821738	0.3371055713035467
0.08641666500098837	0.414603441040705	0.9223710371648932	0.07762896283510673	0.2175732217573222	0.2853841709994223	0.25007539818403945	0.33697447820559834
0.08637339897067453	0.41544271926143517	0.9223710371648932	0.07762896283510673	0.2179176755447942	0.28587929540860524	0.2506488010384724	0.3378137564263284
0.08624541596482473	0.41544271926143517	0.9220651532696803	0.07793484673031965	0.21724818959842002	0.28530259365994237	0.2500770197869688	0.33750787253111536
0.08621231611502922	0.41586235837180024	0.9220651532696803	0.07793484673031965	0.21741992101799035	0.28554963261777844	0.25036335519639524	0.3379275116414806
0.0859630917598093	0.41586235837180024	0.9217155716751513	0.07828442832484869	0.21665937909925667	0.28489291361218916	0.2497123670919598	0.33757793004695147
0.08595658834337554	0.4162819974821653	0.9217155716751513	0.07828442832484869	0.21683060109289617	0.28513940787582637	0.24999832359549173	0.3379975691573165
0.08593071274761122	0.4162819974821653	0.9216500251261771	0.07834997487382289	0.2166885102664919	0.28501652061485416	0.24987653326538448	0.33793202260834243
0.0859238515856806	0.4167016365925304	0.9216500251261771	0.07834997487382289	0.21685957632670888	0.2852628555012927	0.25016237647346856	0.33835166171870745
0.08586925519264726	0.4167016365925304	0.9215189320282287	0.07848106797177129	0.21657579062159216	0.28501722158438575	0.24991898622525166	0.3382205686207591
0.08586468906525542	0.41712127570289553	0.9215189320282287	0.07848106797177129	0.21674662014827736	0.2852633089395896	0.25020465543012477	0.33864020773112413
0.08576302226423098	0.41712127570289553	0.92127859468199	0.07872140531801	0.21622797476615183	0.2848137535816619	0.2497592951731799	0.3383998703848856
0.08575153271122517	0.4179605539236257	0.92127859468199	0.07872140531801	0.21656881930854532	0.285305070180464	0.2503300321739356	0.33923914860561566
0.08565315111600848	0.4179605539236257	0.9211038038847255	0.07889619611527453	0.21619275016279574	0.2849785407725322	0.25000668348393806	0.3390643578083512
0.08563906657037768	0.41838019303399077	0.9211038038847255	0.07889619611527453	0.2163628472222222	0.2852238592476041	0.25029181283775326	0.3394839969187162
0.0855949950909604	0.41838019303399077	0.9210164084860932	0.0789835915139068	0.21617519514310493	0.28506075768406003	0.2501303326281884	0.339396601520084
0.08558397278344915	0.4192194712547209	0.9210164084860932	0.0789835915139068	0.21651495448634592	0.2855509504073174	0.25070027528555044	0.34023587974081426
0.08543313110907634	0.4192194712547209	0.9206449780419061	0.07935502195809391	0.2157201468365364	0.2848588537211292	0.25001533545509713	0.33986444929662696
0.08541082752782143	0.419639110365086	0.9206449780419061	0.07935502195809391	0.2158894645941278	0.2851033499643621	0.25029988864307084	0.3402840884069922
0.08540662781457782	0.419639110365086	0.920623129192248	0.07937687080775198	0.2158428663932657	0.28506271379703535	0.2502596802661807	0.34026223955733403
0.08539223342306441	0.42005874947545113	0.920623129192248	0.07937687080775198	0.21601208459214502	0.28530711130112585	0.2505441621508077	0.34068187866769906
0.08524234077043963	0.42005874947545113	0.9204483383949835	0.07955166160501649	0.2156398104265403	0.28498220640569394	0.2502227425119854	0.3405070878704346
0.08524090488131127	0.4204783885858162	0.9204483383949835	0.07955166160501649	0.2158087443463278	0.2852263023057216	0.25050701352796456	0.3409267269807996
0.08503620573902958	0.4204783885858162	0.9201206056501126	0.07987939434988747	0.21511378273937312	0.2846186621218577	0.2499059964339001	0.34059899423592865
0.0850326701665111	0.4208980276961813	0.9201206056501126	0.07987939434988747	0.21528224940974458	0.28486225504118146	0.2501899181108072	0.3410186333462939
0.084850648003647	0.4208980276961813	0.9199021171535319	0.08009788284646813	0.21482116084814734	0.2844583096993761	0.24979044229199135	0.3408001448497131
0.0848152389265735	0.42131766680654636	0.9199021171535319	0.08009788284646813	0.21498929336188438	0.28470154544165605	0.2500741150119551	0.34121978396007835
0.08478026246469476	0.42131766680654636	0.9198584194542158	0.08014158054578427	0.2148972602739726	0.28462083628632173	0.24999431414827378	0.341176086260762
0.08477890864739394	0.42173730591691144	0.9198584194542158	0.08014158054578427	0.21506526856409158	0.2848639455782313	0.2502778966375966	0.34159572537112726
0.08475598050309811	0.42173730591691144	0.9197491752059254	0.0802508247940746	0.21483539974348012	0.2846622291460133	0.25007849044099867	0.34148648112283686
0.0847409515709715	0.4221569450272765	0.9197491752059254	0.0802508247940746	0.21500320581320795	0.2849051260266214	0.25036192361314175	0.3419061202332019
0.08463462679104244	0.4221569450272765	0.9195088378596867	0.08049116214031331	0.214498933901919	0.2844620387388661	0.24992398972602325	0.34166578288696314
0.0846109509036382	0.42257658413764165	0.9195088378596867	0.08049116214031331	0.21466638243444894	0.2847045518801244	0.2502071558379935	0.3420854219973284
0.0845743417944748	0.42257658413764165	0.9194651401603705	0.08053485983962945	0.2145748987854251	0.28462408140192197	0.2501276360358146	0.3420417242980123
0.08456655484871616	0.42299622324800673	0.9194651401603705	0.08053485983962945	0.21474222411589264	0.28486646884273	0.2504107125156353	0.3424613634083773
0.08451761843835921	0.42299622324800673	0.9193121982127641	0.0806878017872359	0.21442246330567966	0.2845849802371542	0.25013260335632026	0.3423084214607708
0.08450754378796588	0.4234158623583718	0.9193121982127641	0.0806878017872359	0.2145895363675032	0.2848270995059986	0.25041549231025156	0.3427280605711358
0.08448730172392994	0.4234158623583718	0.9192466516637899	0.0807533483362101	0.21445270988310308	0.28470654627539504	0.25029640911336065	0.34266251402216175
0.08444738495466832	0.42467477968946704	0.9192466516637899	0.0807533483362101	0.21495327102803738	0.28543223804823015	0.2511445990872442	0.34392143135325703
0.08442793297833405	0.42467477968946704	0.9192029539644737	0.08079704603552623	0.2148619957537155	0.28535175525165657	0.2510651480156938	0.3438777336539407
0.08442251531153311	0.4250944187998321	0.9192029539644737	0.08079704603552623	0.21502865633623436	0.2855934592613476	0.2513477388494154	0.3442973727643057
0.08433643344399118	0.4250944187998321	0.9189844654678931	0.08101553453210689	0.2145731836475323	0.28519144144144143	0.2509509473629119	0.34407888426772537
0.08432376805712422	0.42551405791019725	0.9189844654678931	0.08101553453210689	0.21473951715374842	0.28543279380717806	0.2512332935048833	0.3444985233780904
0.08417626177929767	0.42551405791019725	0.9186785815726802	0.0813214184273198	0.21410472972972974	0.28487147071217866	0.2506793504105494	0.34419263948287737
0.08416680628078416	0.42593369702056233	0.9186785815726802	0.0813214184273198	0.21427063542326366	0.2851123595505618	0.2509613751070278	0.3446122785932426
0.0840705718140039	0.42593369702056233	0.9185256396250737	0.08147436037492627	0.21395446880269814	0.28483232776764417	0.2506850676848767	0.3444593366456361
0.08407033505343904	0.4263533361309274	0.9185256396250737	0.08147436037492627	0.21412012644889358	0.2850729517396184	0.2509669074024014	0.3448789757560011
0.08406545965213075	0.4263533361309274	0.9185037907754157	0.08149620922458432	0.21407501053518752	0.2850329639500631	0.2509274589586997	0.34485712690634296
0.08405872755836614	0.4267729752412925	0.9185037907754157	0.08149620922458432	0.21424057299346955	0.285273492286115	0.2512092298976133	0.3452767660167082
0.08398834277057321	0.4267729752412925	0.9183508488278093	0.08164915117219078	0.2139251156920488	0.2849936948297604	0.2509332586680309	0.3451238240691017
0.08398326481875786	0.42719261435165756	0.9183508488278093	0.08164915117219078	0.21409043112513143	0.2852339590921827	0.25121484524246357	0.34554346317946694
0.08353275118358944	0.42719261435165756	0.9174113482925124	0.0825886517074876	0.2121717382242601	0.2835259713131876	0.24953030171478083	0.3446039626441699
0.08351739844893404	0.42761225346202264	0.9174113482925124	0.0825886517074876	0.21233590331319024	0.2837649679754943	0.24981101543317394	0.34502360175453495
0.08322217458556064	0.42761225346202264	0.9168869759007188	0.08311302409928117	0.21127928675098487	0.28281987232861505	0.24887886860336456	0.34449922936274135
0.08320017734517732	0.4280318925723878	0.9168869759007188	0.08311302409928117	0.21144278606965175	0.2830581379214652	0.2491590778287132	0.3449188684731066
0.08315709241333502	0.4280318925723878	0.9167777316524285	0.0832222683475715	0.2112238558707807	0.28286189683860236	0.248965545055355	0.3448096242248162
0.0831533910506451	0.42845153168275285	0.9167777316524285	0.0832222683475715	0.2113871635610766	0.2830999584084292	0.24924561139081297	0.34522926333518145
0.0830858776837503	0.42845153168275285	0.9165592431558478	0.08344075684415216	0.2109504132231405	0.28270801605980894	0.24885913742729274	0.34501077483860065
0.08308249306848235	0.42887117079311793	0.9165592431558478	0.08344075684415216	0.21111340632100806	0.28294573643410853	0.24913896684569145	0.3454304139489657
0.08302660001896245	0.42887117079311793	0.9163844523585833	0.08361554764141668	0.21076510620746547	0.28263274336283184	0.24883038361110932	0.3452556231517012
0.08302479242104537	0.429290809903483	0.9163844523585833	0.08361554764141668	0.2109278350515464	0.28287017834923267	0.24911001443319786	0.34567526226206624
0.08299678022557361	0.429290809903483	0.9163407546592672	0.08365924534073281	0.210840890354493	0.2827919834139599	0.2490329344153731	0.34563156456275035
0.08297785483305169	0.4297104490138481	0.9163407546592672	0.08365924534073281	0.21100350298784257	0.2830292979546711	0.24931247975205256	0.34605120367311537
0.08296496968423973	0.4297104490138481	0.916275208110293	0.08372479188970701	0.21087314662273476	0.2829120044205001	0.24919688080793592	0.3459856571241411
0.08296150122082059	0.43013008812421316	0.916275208110293	0.08372479188970701	0.2110356186946675	0.28314917127071826	0.2494763220003447	0.3464052962345061
0.08294932917891724	0.43013008812421316	0.9162533592606349	0.08374664073936507	0.21099217785096747	0.2831100676702113	0.2494377908963267	0.34638344738484816
0.08293250623676991	0.43054972723457824	0.9162533592606349	0.08374664073936507	0.2111545585511422	0.28334714167357083	0.2497171655478624	0.3468030864952132
0.08288902322244353	0.43054972723457824	0.9161659638620027	0.08383403613799734	0.21098087600246762	0.28319072591774774	0.24956306926843647	0.34671569109658096
0.08287531035143615	0.43138900545530845	0.9161659638620027	0.08383403613799734	0.21130524152106886	0.2836644591611479	0.2501215256507586	0.347554969317311
0.08273678731287303	0.43138900545530845	0.9158819288164478	0.08411807118355219	0.21074210742107422	0.2831565900013772	0.24962136293214576	0.34727093427175637
0.0827115348586313	0.4318086445656735	0.9158819288164478	0.08411807118355219	0.2109038737446198	0.2833930046819058	0.24990027717742946	0.3476905733821214
0.08267754180049167	0.4318086445656735	0.9158163822674736	0.08418361773252639	0.2107742728390004	0.28327598072952515	0.24978504518005776	0.3476250268331471
0.08267746216071581	0.4322282836760386	0.9158163822674736	0.08418361773252639	0.21093590006143764	0.2835122488301679	0.2500638561537026	0.34804466594351213
0.08251220843161586	0.4322282836760386	0.9154231029736284	0.08457689702637156	0.21016119159355234	0.2828116419549698	0.24937405721538816	0.3476513866496669
0.08250913270977932	0.4326479227864037	0.9154231029736284	0.08457689702637156	0.21032231742146063	0.2830473575840769	0.2496524869902788	0.3480710257600321
0.08247257956038671	0.4326479227864037	0.9153794052743123	0.0846205947256877	0.21023654159869495	0.28296967201866335	0.2495760088791386	0.348027328060716
0.08246366943708512	0.43306756189676876	0.9153794052743123	0.0846205947256877	0.21039755351681957	0.283205268935236	0.2498543545380509	0.34844696717108103
0.08243482894906747	0.43306756189676876	0.915270161026022	0.08472983897397802	0.21018329938900204	0.2830111065405183	0.2496632440326905	0.34833772292279086
0.08243227074447118	0.43348720100713384	0.915270161026022	0.08472983897397802	0.2103441254327021	0.2832465039758706	0.24994145029745607	0.3487573620331559
0.08232027684835441	0.43348720100713384	0.9150735213790994	0.08492647862090061	0.20995934959349594	0.2828974394084623	0.24959792177511092	0.34856072238623326
0.08230433349121226	0.4347461183382291	0.9150735213790994	0.08492647862090061	0.21044078813731465	0.2836025184779633	0.2504317617179157	0.34981963971732855
0.08218837861450526	0.4347461183382291	0.9148987305818349	0.08510126941816513	0.210099371324275	0.2832923161060979	0.2501266466720881	0.3496448489200641
0.08217359784648308	0.4355853965589593	0.9148987305818349	0.08510126941816513	0.21041962294749644	0.28376161837069436	0.2506820124755443	0.35048412714079413
0.08217357882101921	0.4355853965589593	0.9148768817321768	0.0851231182678232	0.21037697608431294	0.28372283722837227	0.25064388167640667	0.3504622782911362
0.0821676473313238	0.43600503566932436	0.9148768817321768	0.0851231182678232	0.2105369807497467	0.28395736540038263	0.25092147627693084	0.3508819174015012
0.08215539324210007	0.43600503566932436	0.9148550328825187	0.08514496711748126	0.21049432739059967	0.2839185681103976	0.25088333722299344	0.35086006855184304
0.08213522693354823	0.4364246747796895	0.9148550328825187	0.08514496711748126	0.21065424346769293	0.28415300546448086	0.2511608669166044	0.3512797076622083
0.08201452530295096	0.4364246747796895	0.9146802420852542	0.08531975791474579	0.2103134479271992	0.2838427947598253	0.25085596936949267	0.35110491686494383
0.08200572863382033	0.43726395300041965	0.9146802420852542	0.08531975791474579	0.2106327066909238	0.2843110504774898	0.25141059711078684	0.35194419508567387
0.0819645199953251	0.43726395300041965	0.9145273001376477	0.08547269986235224	0.21033508276140492	0.28403979828267684	0.25114408203213073	0.35179125313806736
0.08194407485910399	0.4376835921107847	0.9145273001376477	0.08547269986235224	0.21049445005045408	0.28427364404469885	0.25142119887663306	0.3522108922484324
0.08182756333448118	0.4376835921107847	0.9143525093403833	0.08564749065961677	0.21015514809590974	0.2839640620745984	0.2511170634024974	0.3520361014511679
0.08180379136947717	0.43894250944187996	0.9143525093403833	0.08564749065961677	0.21063229963753524	0.28466458021499524	0.25194770077506484	0.3532950187822632
0.08167675462239188	0.43894250944187996	0.9140903231444865	0.08590967685551355	0.2101245480112495	0.28420051623420733	0.25149203819801685	0.3530328325863663
0.08166656818122116	0.4393621485522451	0.9140903231444865	0.08590967685551355	0.21028318939546092	0.2844335778321108	0.2517686081294462	0.35345247169673155
0.08161649270440037	0.4393621485522451	0.913959230046538	0.08604076995346195	0.21003009027081243	0.28420195439739415	0.25154120343217107	0.3533213785987832
0.08159244287596244	0.43978178766261017	0.913959230046538	0.08604076995346195	0.21018852787805856	0.2844347944090107	0.25181761925287777	0.35374101770914823
0.08146239441873593	0.43978178766261017	0.9137844392492736	0.08621556075072648	0.20985182218662396	0.2841263386200352	0.2515148214914829	0.3535662269118838
0.08143800582307269	0.4414603441040705	0.9137844392492736	0.08621556075072648	0.21048419367747098	0.2850562254437068	0.2526194514125238	0.3552447833533441
0.08127216431940676	0.4414603441040705	0.9133911599554283	0.08660884004457166	0.20972886762360446	0.28436275172320585	0.2519391641630962	0.35485150405949883
0.08127131828465207	0.4418799832144356	0.9133911599554283	0.08660884004457166	0.20988638628662548	0.2845945945945946	0.25221488555002797	0.35527114316986386
0.08123091590490156	0.4418799832144356	0.9133256134064541	0.08667438659354584	0.2097609561752988	0.28447926516277183	0.2521017591035616	0.3552055966208898
0.0812099224547237	0.4422996223248007	0.9133256134064541	0.08667438659354584	0.20991834295956982	0.2847109670448406	0.2523773815774741	0.3556252357312548
0.08111367140768837	0.4422996223248007	0.9129978806615832	0.08700211933841684	0.20929308975377284	0.28413532821134924	0.2518127964296866	0.35529750298638385
0.08109932032739092	0.44271926143516577	0.9129978806615832	0.08700211933841684	0.20945006948580505	0.284366576819407	0.2520881068756208	0.3557171420967489
0.08108439336908634	0.44271926143516577	0.9129760318119251	0.0870239681880749	0.2094084954346963	0.28432825764721736	0.2520505277720988	0.3556952932470909
0.08108381485872539	0.44313890054553084	0.9129760318119251	0.0870239681880749	0.20956538995832508	0.28455941794664513	0.25232577531549066	0.35611493235745595
0.08101481199718331	0.44313890054553084	0.9127793921650025	0.0872206078349975	0.2091917591125198	0.2842147759386354	0.2519878391494555	0.3559182927105333
0.0810147410497427	0.4435585396558959	0.9127793921650025	0.0872206078349975	0.20934838581897405	0.2844456404736276	0.25226288225105514	0.35633793182089835
0.08084424235258733	0.4435585396558959	0.9123861128711573	0.08761388712884266	0.208604697059404	0.28375838926174496	0.25158903249239756	0.3559446525270533
0.08081977589704835	0.443978178766261	0.9123861128711573	0.08761388712884266	0.20876085240726125	0.28398872634545697	0.2518637131482483	0.35636429163741834
0.08075391014799714	0.443978178766261	0.9122550197732089	0.08774498022679106	0.2085139929050059	0.2837602252916723	0.25163968099462986	0.3562331985394698
0.08068092996370836	0.4448174569869912	0.9122550197732089	0.08774498022679106	0.20882584712371946	0.2842204048800107	0.2521886972053986	0.35707247676020004
0.08067351936941114	0.4448174569869912	0.9122113220738928	0.08778867792610719	0.20874359984245766	0.28414421659295	0.2521140259700662	0.3570287790608839
0.08065483731021507	0.44565673520772137	0.9122113220738928	0.08778867792610719	0.20905511811023622	0.2846040466300415	0.25266279349152626	0.3578680572816142
0.08043594758347332	0.44565673520772137	0.9117524962310735	0.08824750376892657	0.20819447167222113	0.2838054516301443	0.2518803075743836	0.3574092314387949
0.08042369292067071	0.44607637431808644	0.9117524962310735	0.08824750376892657	0.20834966679733438	0.28403473613894453	0.25215425762787086	0.3578288705491599
0.08026777026814096	0.44607637431808644	0.9113155192379121	0.08868448076208788	0.2075361187036314	0.2832778147901399	0.25141256009967566	0.35739189355599854
0.08024878908684224	0.4464960134284515	0.9113155192379121	0.08868448076208788	0.20769080616826077	0.28350652811084465	0.2516861182945654	0.35781153266636356
0.08020018318891688	0.4464960134284515	0.9112499726889379	0.08875002731106207	0.2075692547795552	0.2833932614196298	0.2515751355504004	0.3577459861173895
0.08018915699286493	0.4469156525388166	0.9112499726889379	0.08875002731106207	0.2077238150965477	0.2836218375499334	0.2518485977436541	0.3581656252277545
0.08013742133722125	0.4469156525388166	0.9111844261399638	0.08881557386003627	0.20760233918128654	0.28350858511912685	0.2517376472401963	0.35810007867878024
0.0801311113731369	0.4473352916491817	0.9111844261399638	0.08881557386003627	0.20775677255895536	0.2837370242214533	0.25201101355847566	0.3585197177891455
0.08000666027943885	0.4473352916491817	0.9109877864930411	0.08901221350695886	0.20739299610894943	0.28339758075235943	0.2516785105933958	0.35832307814222286
0.07994768481050535	0.4477549307595468	0.9109877864930411	0.08901221350695886	0.20754716981132076	0.28362573099415206	0.25195167761031073	0.3587427172525879
0.07991931813225801	0.4477549307595468	0.9109003910944089	0.08909960890559113	0.20738581146744411	0.2834750265674814	0.25180407171341684	0.35865532185395566
0.07991839233670632	0.4481745698699119	0.9109003910944089	0.08909960890559113	0.20753983676642052	0.28370301500863326	0.25207712602490356	0.3590749609643207
0.07977340701438558	0.4481745698699119	0.9105508094998799	0.08944919050012017	0.20689655172413793	0.2831013916500994	0.25148791129614884	0.35872537936979176
0.07976997765271489	0.44859420898027697	0.9105508094998799	0.08944919050012017	0.20705016463296533	0.2833289159819772	0.25176064702247003	0.3591450184801568
0.0797033141610028	0.44859420898027697	0.9103978675522734	0.08960213244772662	0.20676982591876208	0.28306633125910236	0.2515034893072537	0.3589920765325503
0.07970225763327267	0.44901384809064204	0.9103978675522734	0.08960213244772662	0.20692322568168633	0.28329361927455654	0.25177606165055333	0.3594117156429153
0.07954503518272037	0.44901384809064204	0.9100701348074024	0.08992986519259762	0.20632472040107983	0.2827321971198309	0.2512262688765298	0.35908398289804433
0.07952392653805505	0.4494334872010071	0.9100701348074024	0.08992986519259762	0.20647773279352227	0.2829590488771466	0.2514985417359584	0.3595036220084096
0.07945406194091242	0.4494334872010071	0.9097860997618475	0.09021390023815246	0.20596153846153847	0.2824739548991164	0.2510234966946602	0.3592195869628547
0.07945126366962288	0.4498531263113722	0.9097860997618475	0.09021390023815246	0.20611420880599884	0.28270042194092826	0.25129550523389593	0.35963922607321974
0.07942161858574874	0.4498531263113722	0.9097205532128734	0.09027944678712665	0.20599538816295157	0.28258863846052457	0.25118604686560575	0.35957367952424546
0.07941472113818777	0.45027276542173733	0.9097205532128734	0.09027944678712665	0.20614793467819403	0.28281497100685293	0.25145796146025606	0.3599933186346107
0.07934506318447465	0.45027276542173733	0.9095894601149249	0.09041053988507505	0.20591057378622146	0.28259151962075324	0.25123918790522143	0.35986222553666236
0.07933588813980108	0.4506924045321024	0.9095894601149249	0.09041053988507505	0.20606293169608594	0.28281764318630676	0.25151095787766664	0.3602818646470274
0.07929060907006581	0.4506924045321024	0.9095020647162927	0.09049793528370731	0.20590490797546013	0.2826687722068693	0.2513652222553846	0.36019446924839515
0.07928617545569222	0.4511120436424675	0.9095020647162927	0.09049793528370731	0.20605712095073797	0.28289473684210525	0.2516368816921443	0.3606141083587602
0.07928196843388007	0.4511120436424675	0.9094802158666346	0.09051978413336538	0.2060176312763511	0.28285751874753323	0.25160045349363086	0.36059225950910223
0.07927734613948807	0.45153168275283256	0.9094802158666346	0.09051978413336538	0.20616976432266718	0.28308339910549857	0.2518720532081983	0.36101189861946725
0.07923625085887347	0.45153168275283256	0.9093491227686863	0.09065087723131376	0.205933014354067	0.28286014721345953	0.2516535724091471	0.3608808055215189
0.07923021482727712	0.45195132186319764	0.9093491227686863	0.09065087723131376	0.2060849598163031	0.2830858194243659	0.2519250281368968	0.36130044463188393
0.07921676876213866	0.45195132186319764	0.9093054250693701	0.0906945749306299	0.2060061208875287	0.28301143082380764	0.2518522396774254	0.3612567469325678
0.07921482156807524	0.4523709609735627	0.9093054250693701	0.0906945749306299	0.20615796519410978	0.2832369942196532	0.2521236190151298	0.36167638604293284
0.0790396295765926	0.4523709609735627	0.908933994625183	0.09106600537481702	0.20548989706443005	0.28260584611351425	0.25150608329466234	0.36130495559874576
0.07903019908732663	0.4527906000839278	0.908933994625183	0.09106600537481702	0.20564131884886602	0.28283093053735253	0.25177713449526307	0.3617245947091108
0.07888039384921967	0.4527906000839278	0.908606261880312	0.091393738119688	0.20505511212466743	0.28227599738391107	0.2512341459369251	0.3613968619642398
0.0788788993469635	0.45321023919429293	0.908606261880312	0.091393738119688	0.20520615618468555	0.28250065393669893	0.25150490383471846	0.36181650107460506
0.07866124840850659	0.45321023919429293	0.9080163429395443	0.09198365706045576	0.20415879017013233	0.2815065815196142	0.25053210241735496	0.3612265821338372
0.07865053252549596	0.453629878304658	0.9080163429395443	0.09198365706045576	0.20430920430920432	0.2817305186343497	0.25080236886151513	0.3616462212442022
0.07856795270822652	0.453629878304658	0.9078852498415958	0.09211475015840416	0.20407777987540118	0.28151041666666665	0.2505869629119547	0.36151512814625386
0.0785638999295572	0.4540495174150231	0.9078852498415958	0.09211475015840416	0.20422801057002643	0.281734149199323	0.2508570880124269	0.3619347672566189
0.07848889490268901	0.4540495174150231	0.9077323078939894	0.09226769210601062	0.20395852968897266	0.281477627471384	0.2506060635272067	0.3617818253090124
0.07847536411067507	0.45446915652538816	0.9077323078939894	0.09226769210601062	0.2041085563513004	0.2817011314865392	0.25087603104281647	0.3622014644193776
0.07834282914384463	0.45446915652538816	0.9074045751491184	0.0925954248508816	0.20353317045668107	0.2811526479750779	0.2503393125899065	0.36187373167450665
0.07834254402315473	0.45488879563575324	0.9074045751491184	0.0925954248508816	0.2036828260052612	0.28137573004542504	0.2506089911080559	0.36229337078487167
0.07826735348722302	0.45488879563575324	0.9071423889532216	0.0928576110467784	0.20322459692538433	0.28093818841518725	0.25018082468112884	0.36203118458897476
0.07826407214883026	0.4553084347461183	0.9071423889532216	0.0928576110467784	0.20337394564198688	0.28116092251878727	0.25045026453619207	0.36245082369934
0.0782165688832891	0.4553084347461183	0.9070549935545893	0.09294500644541065	0.2032215770743585	0.281015281015281	0.2503077532344565	0.36236342830070756
0.07819150696799189	0.45572807385648345	0.9070549935545893	0.09294500644541065	0.20337078651685395	0.28123786093486985	0.250577086124311	0.3627830674110728
0.0780006914037298	0.45572807385648345	0.9066617142607442	0.09333828573925583	0.2026875699888018	0.2805839038883865	0.24993719314749493	0.36238978811722755
0.07798790403968552	0.45614771296684853	0.9066617142607442	0.09333828573925583	0.2028363500653107	0.2808059932833893	0.25020619063392646	0.3628094272275928
0.07783466211314291	0.45614771296684853	0.9062028884179247	0.09379711158207521	0.2020446096654275	0.2800463738245524	0.24946280571413365	0.36235060138477326
0.07782642141810131	0.4565673520772136	0.9062028884179247	0.09379711158207521	0.20219290094777922	0.28026790314270994	0.24973142065442375	0.3627702404951383
0.07774604352856239	0.4565673520772136	0.9059625510716861	0.09403744892831392	0.20178041543026706	0.27987138263665595	0.24934334307914857	0.36252990314889977
0.07774481350546429	0.4569869911875787	0.9059625510716861	0.09403744892831392	0.20192842573706657	0.2800925925925926	0.24961173901517245	0.3629495422592648
0.07765361862406393	0.4569869911875787	0.9057877602744215	0.09421223972557845	0.20162932790224034	0.27980472764645425	0.24933001243177602	0.3627747514620001
0.07764287427540839	0.45740663029794376	0.9057877602744215	0.09421223972557845	0.20177711958533875	0.2800256904303147	0.24959823841983286	0.36319439057236536
0.07742026660297303	0.45740663029794376	0.905263387882628	0.09473661211737203	0.20088462956137118	0.2791650659495454	0.24875589092404524	0.36267001818057176
0.07740675783828375	0.45782626940830884	0.905263387882628	0.09473661211737203	0.20103187764879307	0.2793854033290653	0.249023690272143	0.3630896572909368
0.0773765647616208	0.45782626940830884	0.9052196901833118	0.09478030981668815	0.2009578191195432	0.2793138760880696	0.2489536794530986	0.36304595959162067
0.07737285560262759	0.4582459085186739	0.9052196901833118	0.09478030981668815	0.2011049723756906	0.2795341098169717	0.24922140635642417	0.3634655987019857
0.07730045938778833	0.4582459085186739	0.9049793528370731	0.09502064716292687	0.20069840102922257	0.2791411042944785	0.24883676411474948	0.36322526135574695
0.07729832546031619	0.45866554762903905	0.9049793528370731	0.09502064716292687	0.2008452774715178	0.2793610223642172	0.24910427472224564	0.3636449004661122
0.07699923561216127	0.45866554762903905	0.904280189648015	0.09571981035198497	0.19967117281695287	0.27822324042255314	0.24799047875036762	0.36294573727705415
0.0769871169365241	0.4590851867394041	0.904280189648015	0.09571981035198497	0.19981735159817351	0.27844235174344617	0.2482574399537123	0.36336537638741917
0.07698146176625238	0.4590851867394041	0.9042364919486989	0.0957635080513011	0.1997443856125616	0.2783715012722646	0.2481880745518625	0.36332167868810306
0.07696429929044844	0.4595048258497692	0.9042364919486989	0.0957635080513011	0.19989047097480833	0.27859051011321717	0.24845496420010715	0.3637413177984681
0.07690266895401317	0.4595048258497692	0.9040835500010924	0.09591644999890755	0.19963536918869645	0.2783426537874936	0.24821233107495533	0.36358837585086157
0.0768892001726821	0.4599244649601343	0.9040835500010924	0.09591644999890755	0.1997812613926358	0.27856144363959845	0.24847907016010062	0.3640080149612266
0.07684171655496101	0.4599244649601343	0.9040180034521182	0.09598199654788175	0.1996720714155584	0.2784552845528455	0.2483751591420667	0.36394246841225253
0.07681588501778057	0.46034410407049936	0.9040180034521182	0.09598199654788175	0.19981785063752278	0.27867394893941316	0.24864181111212735	0.36436210752261755
0.07675496974699424	0.46034410407049936	0.9038650615045118	0.09613493849548821	0.1995633982172094	0.2784263959390863	0.24839952573207058	0.36420916557501126
0.0767533004286557	0.46076374318086444	0.9038650615045118	0.09613493849548821	0.19970898508548562	0.27864484202512374	0.24866602765385984	0.3646288046853763
0.07666537314682431	0.46076374318086444	0.9036465730079312	0.09635342699206886	0.19934640522875818	0.27829172474971486	0.24832043646413968	0.3644103161887955
0.07664036119661657	0.4611833822912295	0.9036465730079312	0.09635342699206886	0.19949174078780177	0.27850988342625443	0.24858674151416646	0.36482995529916074
0.07663501649256896	0.4611833822912295	0.9036247241582731	0.09637527584172693	0.19945553539019964	0.2784745977448372	0.2485522111121999	0.36480810644950257
0.07661197265682507	0.4620226605119597	0.9036247241582731	0.09637527584172693	0.19974600870827286	0.27891070297656745	0.24908467139937857	0.36564738467023283
0.07659095837234892	0.4620226605119597	0.903581026458957	0.09641897354104306	0.19967355821545157	0.2788400658477903	0.24901557203571897	0.3656036869709167
0.07657427905530366	0.4624422996223248	0.903581026458957	0.09641897354104306	0.19981867633726202	0.2790579893643961	0.24928171166922308	0.36602332608128174
0.07646734373797598	0.4624422996223248	0.9033188402630602	0.09668115973693985	0.19938483806766782	0.2786346396965866	0.2488676041820017	0.36576113988538506
0.07646488342795214	0.4628619387326899	0.9033188402630602	0.09668115973693985	0.19952966714905934	0.2788522310706611	0.24913351673298215	0.3661807789957501
0.07637935897271893	0.4628619387326899	0.9030566540671634	0.09694334593283664	0.19909747292418772	0.2784298876688123	0.2487203777309462	0.3659185927998534
0.07636076034790905	0.46328157784305496	0.9030566540671634	0.09694334593283664	0.19924201407688144	0.2786471479050984	0.24898606393045158	0.3663382319102184
0.07630701310838668	0.46328157784305496	0.902925560969215	0.09707443903078503	0.1990265008112493	0.2784363177805801	0.2487798326896841	0.36620713881226985
0.07629222151450743	0.46370121695342004	0.902925560969215	0.09707443903078503	0.19917087238644557	0.27865338544950197	0.2490453864578263	0.36662677792263487
0.07628709061373351	0.46370121695342004	0.9028818632698988	0.09711813673010115	0.1990990990990991	0.27858313374511534	0.24897667541497645	0.366583080223319
0.0762852796662259	0.46412085606378517	0.9028818632698988	0.09711813673010115	0.19924337957124844	0.27880010083186285	0.2492421590812927	0.367002719333684
0.07620834396626273	0.46412085606378517	0.902597828224344	0.09740217177565601	0.19877785765636233	0.27834402919340634	0.24879611097798984	0.36671868428812915
0.07619412300404643	0.46454049517415025	0.902597828224344	0.09740217177565601	0.19892183288409704	0.27856064418721693	0.24906135421126863	0.36713832339849417
0.07584532432016093	0.46454049517415025	0.9018986650352859	0.09810133496471411	0.19778452742540648	0.2774436090225564	0.24796858358711016	0.3664391602094361
0.0758360545139516	0.4649601342845153	0.9018986650352859	0.09810133496471411	0.19792783136834582	0.27765944117278535	0.24823329477993997	0.36685879931980114
0.07580985268048862	0.4649601342845153	0.9018549673359697	0.09814503266403024	0.19785714285714287	0.27758987849179506	0.24816523272414986	0.36681510162048503
0.07579359862665482	0.4657994125052455	0.9018549673359697	0.09814503266403024	0.19814352017136738	0.27802128991859737	0.24869447817312498	0.3676543798412153
0.07573066322566116	0.4657994125052455	0.9017238742380214	0.09827612576197862	0.1979315263908702	0.2778125391064948	0.24849029536136039	0.36752328674326673
0.07573016475102144	0.46621905161561056	0.9017238742380214	0.09827612576197862	0.19807452308789444	0.278028028028028	0.24875476847422373	0.367942925853632
0.07570294673801521	0.46621905161561056	0.9016146299897311	0.09838537001026897	0.19789811186319914	0.27785419532324623	0.24858475403867064	0.3678336816053416
0.07569626368600142	0.46663869072597564	0.9016146299897311	0.09838537001026897	0.19804096170970614	0.2780695173793448	0.24884911231234094	0.3682533207157066
0.07542543776222964	0.46663869072597564	0.9010902575979375	0.09890974240206253	0.19719808476680262	0.27723759660932434	0.2480353775072504	0.36772894832391323
0.07542257203027602	0.46705832983634077	0.9010902575979375	0.09890974240206253	0.1973404255319149	0.27745232456687025	0.2482993318716035	0.36814858743427825
0.0753757603198127	0.46705832983634077	0.9010028621993053	0.09899713780069479	0.19720056697377747	0.277314065030522	0.2481640812624743	0.368061192035646
0.0753752026370947	0.46747796894670585	0.9010028621993053	0.09899713780069479	0.19734278122232063	0.27752864972595914	0.2484279368278841	0.36848083114601105
0.07528492358746731	0.46747796894670585	0.9007625248530665	0.09923747514693351	0.19695898161244696	0.27714889911680557	0.24805646491097502	0.3682404937997723
0.07525673337356094	0.4678976080570709	0.9007625248530665	0.09923747514693351	0.19710093689234576	0.277363184079602	0.24832011584755412	0.36866013291013733
0.07511765311619963	0.4678976080570709	0.9005658852061439	0.09943411479385611	0.19678785739498764	0.2770530500683315	0.24801673771384042	0.3684634932632149
0.07511086264811606	0.468317247167436	0.9005658852061439	0.09943411479385611	0.196929592376919	0.2772670807453416	0.24828021480197313	0.36888313237357995
0.0751082995866235	0.468317247167436	0.9005221875068278	0.09947781249317224	0.1968601164226495	0.27719821162444114	0.2482128512963802	0.36883943467426383
0.07510829488233535	0.4687368862778011	0.9005221875068278	0.09947781249317224	0.19700176366843034	0.27741214454240654	0.24847626042304904	0.36925907378462886
0.07506657405790007	0.4687368862778011	0.9004129432585375	0.09958705674146257	0.1968281938325991	0.27724000992802184	0.24830790975573058	0.36914982953633846
0.07504956191795399	0.46915652538816616	0.9004129432585375	0.09958705674146257	0.19696969696969696	0.27745377838441493	0.24857120582485379	0.3695694686467037
0.07500638359274471	0.46915652538816616	0.9003036990102471	0.09969630098975289	0.19679633867276888	0.27728174603174605	0.24840297030981093	0.3694602243984133
0.07498931808618003	0.4695761644985313	0.9003036990102471	0.09969630098975289	0.1969376979936642	0.27749535027898325	0.24866615351017005	0.36987986350877833
0.07496230389606641	0.4695761644985313	0.9002381524612729	0.09976184753872709	0.19683377308707123	0.2773921665840357	0.24856525837970542	0.36981431695980427
0.07495419688359284	0.46999580360889637	0.9002381524612729	0.09976184753872709	0.1969750263805839	0.2776056512579006	0.24882835890502802	0.3702339560701693
0.07490624229444076	0.46999580360889637	0.9001507570626407	0.09984924293735935	0.1968365553602812	0.2774681035550601	0.24869387836880655	0.37014656067153706
0.07489974248796953	0.47041544271926145	0.9001507570626407	0.09984924293735935	0.19697768406255492	0.2776814466187763	0.2489568813341519	0.3705661997819021
0.07482158874949245	0.47041544271926145	0.8999978151150342	0.1000021848849658	0.19673569673569674	0.277440910778369	0.24872172744268184	0.3704132578342956
0.07478621517476572	0.4712547209399916	0.8999978151150342	0.1000021848849658	0.19701754385964912	0.2778671285413831	0.24924741132583106	0.37125253605502584
0.07474718766240095	0.4712547209399916	0.8998667220170858	0.1001332779829142	0.19681037504381352	0.2776610211398195	0.24904596662169046	0.3711214429570775
0.0747249423936529	0.4716743600503567	0.8998667220170858	0.1001332779829142	0.19695111266865253	0.27787391841779974	0.24930866283379485	0.3715410820674425
0.0747137360137367	0.4716743600503567	0.8998230243177696	0.10017697568223033	0.19688211595726046	0.277805239742956	0.24924154521325198	0.3714973843681264
0.07470810816209061	0.47209399916072176	0.8998230243177696	0.10017697568223033	0.19702276707530647	0.27801804028172494	0.2495041742430031	0.3719170234784914
0.07460869514372491	0.47209399916072176	0.8996263846708471	0.10037361532915293	0.1967127120125896	0.27770920760306095	0.24920238417618226	0.3717203838315688
0.07459947333882692	0.4725136382710869	0.8996263846708471	0.10037361532915293	0.19685314685314687	0.2779217573738122	0.2494648419704544	0.37214002294193405
0.07458511094684238	0.4725136382710869	0.899582686971531	0.10041731302846905	0.19678434113946172	0.27785317705120294	0.24939783060281073	0.37209632524261793
0.07458459987340636	0.47293327738145197	0.899582686971531	0.10041731302846905	0.19692468984798184	0.27806563039723664	0.24966022145368016	0.37251596435298295
0.07456943462741628	0.47293327738145197	0.8995608381218729	0.10043916187812711	0.19689028651292803	0.27803133094856297	0.24962671220102653	0.3724941155033248
0.0745667936749519	0.47335291649181704	0.8995608381218729	0.10043916187812711	0.19703056768558952	0.27824370991613223	0.24988905100771502	0.37291375461369003
0.07454686490253971	0.47335291649181704	0.8994297450239245	0.10057025497607551	0.1968242889548072	0.27803795908306633	0.24968806427891785	0.37278266151574146
0.07454573054206914	0.4737725556021821	0.8994297450239245	0.10057025497607551	0.19696441032798326	0.2782501540357363	0.24995027700023364	0.3732023006261067
0.0745258681119265	0.4737725556021821	0.8993860473246084	0.10061395267539164	0.1968957098011859	0.27818159418504373	0.2498833118540506	0.3731586029267904
0.07452170051853299	0.4741921947125472	0.8993860473246084	0.10061395267539164	0.1970357454228422	0.2783936930278394	0.250145457873065	0.3735782420371556
0.07451627934985205	0.4741921947125472	0.8993205007756342	0.10067949922436584	0.1969327291739282	0.2782908508804334	0.25004502201049283	0.37351269548818133
0.07451047212616296	0.4746118338229123	0.8993205007756342	0.10067949922436584	0.1970726607422896	0.27850283181482394	0.2503070866160102	0.3739323345985466
0.07443040763147997	0.4746118338229123	0.8990583145797374	0.10094168542026262	0.19666145018257694	0.27809195967543643	0.24990583937303787	0.37367014840264967
0.07439718109515846	0.47503147293327735	0.8990583145797374	0.10094168542026262	0.19680111265646733	0.2783036263060848	0.2501676899799001	0.3740897875130147
0.07431747529192723	0.47503147293327735	0.8988179772334987	0.10118202276650134	0.19642547284400486	0.2779278173336607	0.24980066136413562	0.37384945016677595
0.07431639808892805	0.4754511120436425	0.8988179772334987	0.10118202276650134	0.1965648854961832	0.2781391923407389	0.25006231332708545	0.3742690892771412
0.07411143185320253	0.4754511120436425	0.8983810002403374	0.10161899975966265	0.19588520055325034	0.2774580629362067	0.24939699356286213	0.37383211228397983
0.07410854033080032	0.47587075115400757	0.8983810002403374	0.10161899975966265	0.19602420051858255	0.2776689520078355	0.24965831577799527	0.3742517513943451
0.07409776699657712	0.47587075115400757	0.8983373025410212	0.10166269745897878	0.19595645412130638	0.2776009791921665	0.24959191696273877	0.37420805369502874
0.0740936099183387	0.47629039026437264	0.8983373025410212	0.10166269745897878	0.19609536973047684	0.2778117733447558	0.24985317337335394	0.37462769280539376
0.0739977789260714	0.47629039026437264	0.8981188140444406	0.10188118595555944	0.1957571576405657	0.2774721916636108	0.24952147446170786	0.3744092043088132
0.07399469227832133	0.4767100293747377	0.8981188140444406	0.10188118595555944	0.19589584411105362	0.2776827181618186	0.24978254852182674	0.37482884341917844
0.07392057286194785	0.4767100293747377	0.8978784766982019	0.10212152330179816	0.1955249569707401	0.2773098986940071	0.2494183662734338	0.3745885060729397
0.07391966519781562	0.4771296684851028	0.8978784766982019	0.10212152330179816	0.1956633970056789	0.27752013668537956	0.2496792439506552	0.3750081451833047
0.07387969060879229	0.4771296684851028	0.8978129301492277	0.10218706985077236	0.195562435500516	0.2774185677686959	0.2495800314259548	0.37494259863433044
0.0738622922704165	0.4775493075954679	0.8978129301492277	0.10218706985077236	0.19570077386070509	0.2776286899243718	0.24984082923592366	0.37536223774469546
0.07385288742771474	0.4775493075954679	0.8977910812995695	0.10220891870043042	0.1956671251719395	0.27759482863763874	0.24980775848103523	0.3753403888950375
0.07384419547188109	0.477968946705833	0.8977910812995695	0.10220891870043042	0.19580539797146296	0.2778048780487805	0.25006850549946114	0.37576002800540254
0.07360554465419247	0.477968946705833	0.8973322554567502	0.1026677445432498	0.19510106200753682	0.2770952438876049	0.2493753958295379	0.3753012021625832
0.07359714029820773	0.47880822492656316	0.8973322554567502	0.1026677445432498	0.19537671232876713	0.2775142891888605	0.24989617420911514	0.3761404803833135
0.07356795314190102	0.47880822492656316	0.8972885577574341	0.10271144224256593	0.1953098254022595	0.2774468085106383	0.2498302728651647	0.37609678268399716
0.07356332221629479	0.47922786403692824	0.8972885577574341	0.10271144224256593	0.19544754406982714	0.2776562120106978	0.2500905791603413	0.3765164217943624
0.07353534579173054	0.47922786403692824	0.8971793135091437	0.10282068649085625	0.19528043775649795	0.2774875470781193	0.2499258803262712	0.376407177546072
0.073533002575187	0.4796475031472933	0.8971793135091437	0.10282068649085625	0.19541802017438878	0.27769679300291544	0.2501860786840731	0.376826816656437
0.0735300494513028	0.4796475031472933	0.8971137669601695	0.10288623303983045	0.19531784005468217	0.27759562841530055	0.2500873029147034	0.37676127010746274
0.0735285991370004	0.4800671422576584	0.8971137669601695	0.10288623303983045	0.19545532205706476	0.277804759592035	0.2503474222215149	0.377180909217828
0.07351434363652971	0.4800671422576584	0.8970700692608534	0.10292993073914658	0.19538855678906916	0.27773731488225295	0.25028157906390724	0.3771372115185119
0.07350949129760986	0.4804867813680235	0.8970700692608534	0.10292993073914658	0.195525956284153	0.27794635271270784	0.2505416337556813	0.3775568506288769
0.07342432687555368	0.4804867813680235	0.8969608250125631	0.10303917498743691	0.19535915372803275	0.2777777777777778	0.25037708028336064	0.3774476063805867
0.0734023336550763	0.48174569869911876	0.8969608250125631	0.10303917498743691	0.19577080491132332	0.2784042682187462	0.2511568142995612	0.3787065237116818
0.07329496581579324	0.48174569869911876	0.8967423365159825	0.10325766348401756	0.1954375212802179	0.27806709458641155	0.2508278178115388	0.3784880352151012
0.07328593713235244	0.48216533780948384	0.8967423365159825	0.10325766348401756	0.1955744680851064	0.27827561152821506	0.25108751473336627	0.37890767432546624
0.07319438260001039	0.48216533780948384	0.8965019991697437	0.10349800083025629	0.19520897043832824	0.2779054299189745	0.2507262904444639	0.3786673369792275
0.07319205846372472	0.4825849769198489	0.8965019991697437	0.10349800083025629	0.19534567691523697	0.2781136638452237	0.25098579502116247	0.37908697608959274
0.07313276976394344	0.4825849769198489	0.8963709060717953	0.10362909392820469	0.1951467843203801	0.27791203479942	0.2507890429265863	0.3789558829916442
0.0731294101218978	0.483004616030214	0.8963709060717953	0.10362909392820469	0.19528333898880218	0.27812009182070796	0.25104842666967087	0.3793755221020092
0.07305148697742471	0.483004616030214	0.8961087198758986	0.10389128012410147	0.19488655604470032	0.2777174568705513	0.25065552164016436	0.3791133359061125
0.0730475742340815	0.48342425514057913	0.8961087198758986	0.10389128012410147	0.19502285424073135	0.27792521109770807	0.2509146997829919	0.37953297501647776
0.07297178089259464	0.48342425514057913	0.895912080228976	0.10408791977102405	0.1947261663286004	0.2776238100976021	0.2506205646270421	0.37933633536955513
0.07295985736623863	0.4838438942509442	0.895912080228976	0.10408791977102405	0.19486226128105458	0.2778313253012048	0.2508795801538457	0.37975597447992016
0.07274500556972499	0.4838438942509442	0.8953440101378662	0.10465598986213376	0.1940097593807841	0.276963728080711	0.2500327006314065	0.37918790438881045
0.07274116640758871	0.4842635333613093	0.8953440101378662	0.10465598986213376	0.19414535666218036	0.27717064969376726	0.2502913148515095	0.37960754349917547
0.07270179973220811	0.4842635333613093	0.895256614739234	0.10474338526076601	0.19401479488903833	0.27703757051974554	0.2501613907927898	0.37952014810054324
0.07270006559141977	0.48468317247167436	0.895256614739234	0.10474338526076601	0.1941502773575391	0.2772443590974556	0.2504199138349091	0.37993978721090826
0.0725963138693952	0.48468317247167436	0.8949944285433372	0.10500557145666281	0.1937594363361852	0.27684563758389263	0.25003064394182933	0.3796776010150116
0.07259603782353401	0.48510281158203944	0.8949944285433372	0.10500557145666281	0.19389466621938947	0.27705212702216897	0.2502889640165651	0.3800972401253766
0.0725775530472169	0.48510281158203944	0.8948851842950468	0.10511481570495314	0.19373219373219372	0.27688622754491016	0.25012699438645386	0.3799879958770862
0.07257121141220901	0.4859420898027696	0.8948851842950468	0.10511481570495314	0.19400234545149941	0.27729885057471265	0.25064339023431537	0.38082727409781647
0.07252351521780748	0.4859420898027696	0.8947977888964146	0.1052022111035854	0.19387242591662482	0.2771661081857348	0.25051382801806055	0.38073987869918424
0.0725109409970253	0.4863617289131347	0.8947977888964146	0.1052022111035854	0.19400736524941412	0.2773722627737226	0.2507719179422812	0.38115951780954926
0.07250809337344476	0.4863617289131347	0.8947540911970985	0.10524590880290152	0.19394243641231593	0.27730589783466925	0.2507071506395443	0.38111582011023315
0.07249911768766655	0.4867813680234998	0.8947540911970985	0.10524590880290152	0.1940772963024929	0.27751196172248804	0.25096517793901246	0.3815354592205984
0.07247618611589714	0.4867813680234998	0.8947103934977824	0.10528960650221766	0.19401237665161397	0.27744558718010043	0.25090041056471546	0.38149176152128206
0.07247471901098455	0.4872010071338649	0.8947103934977824	0.10528960650221766	0.19414715719063544	0.2776515604448165	0.25115837529822826	0.3819114006316473
0.0724502645086003	0.4872010071338649	0.8946666957984662	0.10533330420153379	0.19408224674022065	0.2775851763299462	0.25109360786834944	0.3818677029323312
0.0724456856112038	0.48762064624422996	0.8946666957984662	0.10533330420153379	0.19421694801938827	0.27779105904852974	0.2513515100946216	0.3822873420426962
0.07240634999956191	0.48762064624422996	0.8945137538508597	0.10548624614914025	0.19398998330550918	0.2775588200167204	0.2511249451556557	0.3821344000950897
0.07240563604723071	0.48804028535459504	0.8945137538508597	0.10548624614914025	0.1941245201135036	0.2777645091951278	0.2513827156063739	0.3825540392054547
0.07238257490065715	0.48804028535459504	0.8944482073018856	0.10555179269811445	0.19402736069402737	0.2776650352154709	0.25128567855868755	0.38248849265648066
0.0723767958649063	0.4884599244649601	0.8944482073018856	0.10555179269811445	0.19416180150125104	0.27787061351157794	0.251543372845445	0.3829081317668457
0.07232469180942484	0.4884599244649601	0.8942952653542791	0.1057047346457209	0.1939353548817061	0.2776386404293381	0.2513170979132006	0.38275518981923917
0.07232425349269461	0.4888795635753252	0.8942952653542791	0.1057047346457209	0.1940696318507413	0.2778440257572144	0.2515746608454804	0.3831748289296042
0.07223648447333657	0.4888795635753252	0.8940549280080403	0.10594507199195963	0.19371466577984703	0.27748005239966655	0.2512196160457269	0.38293449158336546
0.07221303111183806	0.4892992026856903	0.8940549280080403	0.10594507199195963	0.19384871155444722	0.27768516313407954	0.2514769927626111	0.3833541306937307
0.07207673098728734	0.4892992026856903	0.8936616487141952	0.10633835128580481	0.19327034642797944	0.27709125475285173	0.25089755238893097	0.38296085139988545
0.07206527954233972	0.4897188417960554	0.8936616487141952	0.10633835128580481	0.1934040437520716	0.2772959486753	0.25115464731950893	0.38338049051025047
0.07195797842959566	0.4897188417960554	0.89326836942035	0.10673163057964997	0.19282881692002643	0.27670420865441614	0.250577168588347	0.38298721121640544
0.07195026719852109	0.4901384809064205	0.89326836942035	0.10673163057964997	0.1929621675202379	0.27690848743480323	0.25083398292216647	0.38340685032677047
0.07194078754286694	0.4901384809064205	0.8932246717210339	0.10677532827896612	0.19289843104872006	0.2768428537568144	0.25076992695311384	0.38336315262745435
0.07192907200031677	0.49055812001678556	0.8932246717210339	0.10677532827896612	0.19303170409511228	0.277047043488565	0.25102667989927036	0.3837827917378194
0.07191629042856784	0.49055812001678556	0.8931591251720596	0.10684087482794032	0.1929361280739396	0.2769485903814262	0.2509306057436923	0.3837172451888451
0.07190076045355684	0.4913973982375157	0.8931591251720596	0.10684087482794032	0.19320244184128033	0.2773567029843676	0.2514439276902428	0.38455652340957536
0.07184136402440837	0.4913973982375157	0.8930061832244532	0.10699381677554677	0.19297956493078444	0.2771269672228139	0.2512198004514368	0.38440358146196907
0.0718343039303991	0.49181703734788085	0.8930061832244532	0.10699381677554677	0.19311253913330037	0.277330809275911	0.25147631516738533	0.3848232205723341
0.07181508661898918	0.49181703734788085	0.892918787825821	0.10708121217417903	0.1929853449695373	0.2771996215704825	0.2513483365539985	0.38473582517370186
0.071811321930747	0.4922366764582459	0.892918787825821	0.10708121217417903	0.1931182087586434	0.27740333451578575	0.25160476300228657	0.3851554642840669
0.07180153304431684	0.4922366764582459	0.8928532412768467	0.10714675872315323	0.19302287312818825	0.2773049645390071	0.25150880906954876	0.3850899177350926
0.07179723269124685	0.492656315568611	0.8928532412768467	0.10714675872315323	0.19315564330371832	0.27750856872710084	0.25176516093192103	0.3855095568454576
0.07179451868845096	0.492656315568611	0.8928313924271887	0.1071686075728113	0.19312386905741075	0.27747577404868823	0.25173317619382607	0.3854877079957997
0.07179377531691357	0.4930759546789761	0.8928313924271887	0.1071686075728113	0.19325657894736842	0.27767930993737444	0.25198948065346616	0.3859073471061647
0.07179142710241727	0.4930759546789761	0.8928095435775306	0.10719045642246935	0.1932247985528696	0.27764650283553877	0.2519574890969596	0.38588549825650675
0.0717887493930253	0.49349559378934116	0.8928095435775306	0.10719045642246935	0.19335744820782638	0.2778499704666273	0.2522137461861668	0.3863051373668718
0.07168943646688325	0.49349559378934116	0.8926347527802662	0.10736524721973388	0.19310344827586207	0.2775876312994217	0.25195794759653445	0.3861303465696073
0.07168297598201279	0.49475451112043645	0.8926347527802662	0.10736524721973388	0.1935007385524372	0.27819726285983953	0.252726191745257	0.3873892639007026
0.07167750409682905	0.49475451112043645	0.8926129039306081	0.10738709606939195	0.19346898588775846	0.27816444496873893	0.2526942066496753	0.38736741505104444
0.07166541860424021	0.4951741502308015	0.8926129039306081	0.10738709606939195	0.19360131255127153	0.2783675395140363	0.25295020712417454	0.3877870541614097
0.07162452943163451	0.4951741502308015	0.8924381131333435	0.10756188686665646	0.1933475339996723	0.2781051143059156	0.2526944601669094	0.387612263364145
0.07161050810135888	0.4960134284515317	0.8924381131333435	0.10756188686665646	0.19361179361179362	0.27851083883129124	0.25320614469653474	0.38845154158487527
0.0715963075766571	0.4960134284515317	0.8923725665843694	0.10762743341563066	0.19351669941060903	0.2784124366976799	0.2531102694998403	0.388385995035901
0.07159266687004258	0.49643306756189676	0.8923725665843694	0.10762743341563066	0.19364871501064004	0.2786151672162035	0.25336602106649425	0.38880563414626623
0.07136791000907709	0.49643306756189676	0.8918700430422338	0.10812995695776617	0.19292237442922375	0.2778625954198473	0.25263266619401686	0.3883031106041306
0.07136184960232515	0.49685270667226183	0.8918700430422338	0.10812995695776617	0.19305397032447416	0.2780648191639267	0.25288807616134074	0.3887227497144956
0.07135901432855113	0.49685270667226183	0.8918481941925758	0.10815180580742424	0.19302249755461362	0.2780321709522132	0.25285625767336406	0.38870090086483766
0.0713588999892819	0.49727234578262697	0.8918481941925758	0.10815180580742424	0.19315403422982885	0.2782343273068795	0.2531116209295304	0.3891205399752027
0.07132997197030061	0.49727234578262697	0.8917607987939435	0.1082392012060565	0.19302818048542109	0.2781037315184229	0.25298435991996926	0.38903314457657046
0.07131580315128817	0.49769198489299205	0.8917607987939435	0.1082392012060565	0.1931596091205212	0.27830576088231845	0.2532396364816458	0.3894527836869357
0.07122350327964354	0.49769198489299205	0.8914986125980467	0.10850138740195328	0.19278283485045514	0.2779144698301113	0.25285832921414764	0.3891905974910388
0.07121430217451195	0.4981116240033571	0.8914986125980467	0.10850138740195328	0.1929140256785308	0.278116213683224	0.2531134127532745	0.3896102366014038
0.0710376604546371	0.4981116240033571	0.8910616356048854	0.1089383643951146	0.19228900048598738	0.277466105656849	0.2524797444929693	0.38917325960824245
0.07102995864185685	0.4985312631137222	0.8910616356048854	0.1089383643951146	0.1924198250728863	0.2776674068014491	0.2527345296149597	0.38959289871860747
0.07101822429954323	0.4985312631137222	0.8910179379055693	0.10898206209443073	0.19235751295336787	0.277602523659306	0.2526712807299862	0.3895492010192916
0.07101703005574676	0.4989509022240873	0.8910179379055693	0.10898206209443073	0.19248826291079812	0.277803738317757	0.2529260063863424	0.3899688401296566
0.0709897428613339	0.4989509022240873	0.890930542506937	0.10906945749306299	0.19236369519495228	0.2776739841195703	0.252799534270264	0.3898814447310244
0.07098680148842514	0.49937054133445236	0.890930542506937	0.10906945749306299	0.1924943384018117	0.2778750729713952	0.25305417410047154	0.3903010838413894
0.07085166995994037	0.49937054133445236	0.8905591120627498	0.1094408879372501	0.19196644620100017	0.27732463295269166	0.25251760843080684	0.3899296533972021
0.07084304675277539	0.49979018044481743	0.8905591120627498	0.1094408879372501	0.1920967741935484	0.2775253407899336	0.2527719913381956	0.39034929250756734
0.07079464157702535	0.49979018044481743	0.8903843212654854	0.10961567873451462	0.19184922680412372	0.27726690722849495	0.25252003506128246	0.3901745017103029
0.07078342555568007	0.5002098195551825	0.8903843212654854	0.10961567873451462	0.19197938476405219	0.2774674115456238	0.2527742800853891	0.3905941408206679
0.0707712171375021	0.5002098195551825	0.8903624724158273	0.1096375275841727	0.19194847020933978	0.2774351216106133	0.2527428016030777	0.39057229197100973
0.07076700067956374	0.5006294586655476	0.8903624724158273	0.1096375275841727	0.19207857027853809	0.27763555969280895	0.2529970007871763	0.390991931081375
0.07074904752183503	0.5006294586655476	0.8903406235661693	0.10965937643383075	0.19204764971023824	0.27760325770796973	0.25296551566846665	0.3909700822317168
0.07072683753467261	0.5014687368862778	0.8903406235661693	0.10965937643383075	0.19230769230769232	0.2780039548679772	0.25347378973549084	0.3918093604524471
0.07071202080533613	0.5014687368862778	0.8902532281675369	0.10974677183246302	0.19218398198777742	0.27787466573654224	0.2533478092412151	0.3917219650538146
0.07071081857237065	0.5018883759966429	0.8902532281675369	0.10974677183246302	0.1923138768290722	0.27807486631016043	0.253601844925052	0.39214160416417987
0.07067709978254198	0.5018883759966429	0.8900784373702725	0.10992156262972755	0.19206680584551147	0.2778164924506388	0.25335008988662533	0.3919668133669154
0.07067605206942938	0.502308015107008	0.8900784373702725	0.10992156262972755	0.19219653179190752	0.27801649053536176	0.25360398844936444	0.39238645247728043
0.07066182002069123	0.502308015107008	0.8900347396709564	0.10996526032904368	0.19213483146067414	0.2779519331243469	0.2535410881852517	0.3923427547779643
0.07063716986550779	0.5031472933277381	0.8900347396709564	0.10996526032904368	0.1923940949935815	0.2783517121300058	0.2540487355144301	0.39318203299869436
0.07062125845775785	0.5031472933277381	0.8899691931219821	0.11003080687801788	0.19230152365677627	0.27825481550243675	0.25395435531021987	0.3931164864497201
0.07061996545805452	0.5035669324381032	0.8899691931219821	0.11003080687801788	0.19243104554201412	0.278454577097111	0.2542080911401922	0.3935361255600853
0.07058994442509521	0.5035669324381032	0.889925495422666	0.110074504577334	0.1923693491503687	0.2783899779607934	0.2541451772256472	0.3934924278607692
0.07058637843326195	0.5039865715484683	0.889925495422666	0.110074504577334	0.19249879788427632	0.27858965437253536	0.25439885456664724	0.39391206697113423
0.07055231661342987	0.5039865715484683	0.8898381000240337	0.11016189997596626	0.19237546051577767	0.27846046835149546	0.2542730520788524	0.393824671572502
0.0705498231804711	0.5044062106588334	0.8898381000240337	0.11016189997596626	0.19250480461242794	0.278660020864727	0.2545266450066928	0.394244310682867
0.07039644111845376	0.5044062106588334	0.8894011230308725	0.11059887696912757	0.19189016602809705	0.27801549670405923	0.25389891536118653	0.3938073336897059
0.07039417801788755	0.5048258497691985	0.8894011230308725	0.11059887696912757	0.1920191540303272	0.27821461609620723	0.2541522168122976	0.3942269728000709
0.07037621440035634	0.5048258497691985	0.8893355764818982	0.11066442351810177	0.19192724952137843	0.2781181366316033	0.2540582395525007	0.3941614262510966
0.07037112161788951	0.5052454888795636	0.8893355764818982	0.11066442351810177	0.19205614930610942	0.2783171521035599	0.25431147000902876	0.39458106536146165
0.0702508972967844	0.5052454888795636	0.8890515414363434	0.11094845856365662	0.19165870741801974	0.2778995960761685	0.2539047307398025	0.394297030315907
0.07024547973073125	0.5056651279899287	0.8890515414363434	0.11094845856365662	0.19178736272481298	0.2780983152550196	0.25415776141874485	0.39471666942627204
0.07018492797391827	0.5056651279899287	0.8887893552404466	0.1112106447595534	0.19142176330420968	0.27771375893062916	0.2537831088565088	0.39445448323037535
0.07018452080419847	0.5060847671002937	0.8887893552404466	0.1112106447595534	0.19155019059720457	0.2779122018665745	0.2540359532182544	0.3948741223407404
0.07018218106221098	0.5060847671002937	0.8887238086914724	0.1112761913085276	0.19145896173995872	0.2778161713890809	0.2539423941154672	0.3948085757917661
0.07017505610930776	0.5065044062106588	0.8887238086914724	0.1112761913085276	0.19158730158730158	0.27801451111367037	0.254195168004009	0.3952282149021311
0.0700760058058275	0.5065044062106588	0.8884834713452336	0.11151652865476633	0.19125336713674537	0.2776627559236255	0.25385246338937734	0.3949878775558924
0.07006550056079647	0.5069240453210239	0.8884834713452336	0.11151652865476633	0.19138149556400508	0.2778608395629672	0.2541050645046322	0.3954075166662574
0.06995483254391359	0.5069240453210239	0.8881557386003627	0.11184426139963731	0.1909277698751383	0.2773823191733639	0.25363877589852757	0.39507978392138643
0.06994424743134514	0.507343684431389	0.8881557386003627	0.11184426139963731	0.19105562579013907	0.2775800711743772	0.2538911537183988	0.3954994230317517
0.06986726823653037	0.507343684431389	0.8879154012541239	0.11208459874587604	0.19072408897302415	0.27722999312084384	0.2535499648133053	0.39525908568551293
0.06986632678074839	0.5077633235417541	0.8879154012541239	0.11208459874587604	0.19085173501577288	0.27742749054224464	0.25380217093750534	0.3956787247958782
0.06983559938616936	0.5077633235417541	0.8877624593065175	0.11223754069348249	0.19064124783362218	0.27720504009163804	0.25358535506248847	0.39552578284827167
0.06982169588584121	0.5086026017624843	0.8877624593065175	0.11223754069348249	0.1908962041266341	0.2775996335318369	0.25408949470640385	0.3963650610690017
0.06981911272158015	0.5086026017624843	0.8877406104568595	0.11225938954314055	0.19086614173228347	0.2775678461009962	0.2540585205653177	0.39634321221934377
0.06980868555724816	0.5090222408728493	0.8877406104568595	0.11225938954314055	0.19099354432372856	0.2777650561025876	0.2543105303460431	0.3967628513297088
0.06972735436762871	0.5090222408728493	0.8874347265616466	0.11256527343835347	0.19057344854674	0.27732053040695015	0.25387736793307325	0.39645696743449577
0.06972458744590106	0.5094418799832144	0.8874347265616466	0.11256527343835347	0.19070059692114358	0.277517430563493	0.25412916914107553	0.396876606544861
0.06969710187328747	0.5094418799832144	0.8872817846140401	0.11271821538595993	0.19049113447356034	0.27729556875285516	0.25391295535284075	0.3967236645972545
0.0696800089438667	0.5098615190935796	0.8872817846140401	0.11271821538595993	0.19061813617822404	0.2774922918807811	0.2541646368369197	0.39714330370761974
0.06964971972305062	0.5098615190935796	0.8871943892154078	0.1128056107845922	0.1904985888993415	0.277365597534528	0.2540411717335218	0.3970559083089875
0.06964850105708258	0.5102811582039446	0.8871943892154078	0.1128056107845922	0.1906254898886973	0.2775622004108651	0.25429277147209345	0.39747554741935254
0.06952960706120519	0.5102811582039446	0.8868011099215627	0.11319889007843736	0.19008910426762546	0.2769931662870159	0.2537381724577305	0.3970822681255073
0.06952646031082424	0.5107007973143097	0.8868011099215627	0.11319889007843736	0.1902156924038762	0.27718938617469535	0.25398951482173254	0.3975019072358723
0.06949571512117571	0.5107007973143097	0.8867574122222465	0.1132425877777535	0.19015625	0.2771262666514858	0.25392799055144594	0.3974582095365562
0.06948935558492582	0.5111204364246748	0.8867574122222465	0.1132425877777535	0.1902827683174504	0.2773224043715847	0.25417927666280543	0.3978778486469212
0.06948931477908991	0.5111204364246748	0.8867355633725884	0.11326443662741156	0.190253045923149	0.27729083665338644	0.25414851120163195	0.39785599979726305
0.0694721140263886	0.5115400755350399	0.8867355633725884	0.11326443662741156	0.1903795096048727	0.2774869109947644	0.25439975362363837	0.3982756389076283
0.06944092190324297	0.5115400755350399	0.886560772575324	0.11343922742467609	0.19014194353455	0.2772344780532181	0.2541537503899267	0.39810084811036384
0.06942070712099584	0.5119597146454049	0.886560772575324	0.11343922742467609	0.19026824703680598	0.27743035815804434	0.25440486167438886	0.39852048722072886
0.06940110858774932	0.5119597146454049	0.8864296794773755	0.11357032052262449	0.1900903708320349	0.2772412225883422	0.25422054120901844	0.3983893941227805
0.06939790906224307	0.51237935375577	0.8864296794773755	0.11357032052262449	0.19021654463312043	0.2774369461486026	0.2544715465627312	0.39880903323314554
0.06936937136724862	0.51237935375577	0.8863204352290852	0.11367956477091481	0.19006849315068494	0.2772794368116271	0.2543180516970232	0.39869978898485536
0.06935637032456751	0.5127989928661352	0.8863204352290852	0.11367956477091481	0.19019455252918288	0.2774750227066303	0.2545689637490532	0.3991194280952204
0.06930004365467095	0.5127989928661352	0.8861893421311368	0.1138106578688632	0.1900171046493547	0.27728613569321536	0.2543848962949256	0.3989883349972718
0.06929052061868413	0.5132186319765002	0.8861893421311368	0.1138106578688632	0.19014303482587064	0.27748156551332953	0.25463570275873015	0.39940797410763684
0.06918569370686176	0.5132186319765002	0.8858834582359238	0.11411654176407612	0.1897300651566863	0.2770415675614452	0.25420688873956954	0.39910209021242404
0.06917505574517128	0.5140579101972303	0.8858834582359238	0.11411654176407612	0.18998138957816377	0.27743177443098177	0.2547080616913383	0.3999413684331543
0.06912373772997961	0.5140579101972303	0.8857523651379755	0.11424763486202451	0.1898047722342733	0.2772434083965147	0.2545244991436913	0.39981027533520574
0.06911517829812457	0.5144775493075955	0.8857523651379755	0.11424763486202451	0.18993028659953523	0.27743833446481103	0.2547749652058411	0.400229914445571
0.06910688471393907	0.5144775493075955	0.8857086674386594	0.11429133256134065	0.18987145733312685	0.27737556561085974	0.2547138013319119	0.4001862167462549
0.06909934516171913	0.5148971884179605	0.8857086674386594	0.11429133256134065	0.1899969030659647	0.2775704105870377	0.2549642119403871	0.4006058558566199
0.0690926176170567	0.5148971884179605	0.8856431208896851	0.11435687911031484	0.18990868286642934	0.2774762550881954	0.2548724743848416	0.4005403093076456
0.06908738836893698	0.5153168275283256	0.8856431208896851	0.11435687911031484	0.19003404518724853	0.27767100056529115	0.25512281725411845	0.40095994841801064
0.06908695987821353	0.5153168275283256	0.885621272040027	0.1143787279599729	0.19000464180721027	0.2776396111236717	0.2550922378086477	0.4009380995683527
0.06908429881920954	0.5157364666386908	0.885621272040027	0.1143787279599729	0.1901299504950495	0.2778342941109981	0.2553425376564855	0.4013577386787177
0.06906875794280258	0.5157364666386908	0.8855775743407109	0.11442242565928903	0.19007114135477884	0.27777149960447506	0.25528137222307096	0.4013140409794018
0.06904804858672813	0.5161561057490558	0.8855775743407109	0.11442242565928903	0.1901963816298129	0.27796610169491526	0.2555316167638194	0.40173368008976684
0.06887009919435351	0.5161561057490558	0.8850095042496012	0.11499049575039874	0.18943477591252117	0.2771518702118071	0.2547383357565962	0.40116560999865714
0.06886733701661017	0.5165757448594209	0.8850095042496012	0.11499049575039874	0.1895595934708962	0.27734595020840375	0.2549882304875305	0.40158524910902216
0.06880348538073189	0.5165757448594209	0.8847691669033625	0.11523083309663747	0.18923904688701	0.277002700270027	0.2546536952175518	0.4013449117627834
0.06880281155796501	0.516995383969786	0.8847691669033625	0.11523083309663747	0.1893636643098678	0.27719653504331193	0.2549034250054359	0.40176455087314844
0.06875010485263562	0.516995383969786	0.8845506784067819	0.11544932159321812	0.18907305095150398	0.276885043263288	0.25459980505083507	0.40154606237656787
0.06872698713914133	0.5174150230801511	0.8845506784067819	0.11544932159321812	0.18919748350468008	0.27707865168539325	0.25484938251840605	0.4019657014869331
0.06871296028662617	0.5174150230801511	0.8844851318578076	0.11551486814219232	0.18911042944785275	0.2769852858586993	0.2547583757616233	0.40190015493795883
0.0686982367542786	0.5178346621905161	0.8844851318578076	0.11551486814219232	0.18923477994172672	0.2771787960467206	0.25500788641683425	0.40231979404832385
0.0686784683818399	0.5178346621905161	0.8843977364591754	0.11560226354082458	0.18911877394636015	0.27705433318365513	0.25488657838377177	0.4022323986496916
0.06867061987331345	0.5182543013008812	0.8843977364591754	0.11560226354082458	0.1892430278884462	0.2772477270176226	0.2551360101448516	0.40265203776005665
0.06863845256577222	0.5182543013008812	0.884244794511569	0.11575520548843103	0.18904025715597736	0.2770300583221175	0.25492386391653415	0.40249909581245014
0.06862944028648048	0.5186739404112464	0.884244794511569	0.11575520548843103	0.1891643709825528	0.27722328137265895	0.2551731804832483	0.4029187349228154
0.06861333150950646	0.5186739404112464	0.8841573991129367	0.1158426008870633	0.18904863872743957	0.2770989799349849	0.2550520355643302	0.40283133952418293
0.06861108411868766	0.5190935795216114	0.8841573991129367	0.1158426008870633	0.18917265636947544	0.2772920869760144	0.25530127348920445	0.40325097863454795
0.06860830284010956	0.5190935795216114	0.8841355502632786	0.11586444973672136	0.18914373088685016	0.27726101087078336	0.2552709899019514	0.40322912978489
0.06860091356659419	0.5195132186319765	0.8841355502632786	0.11586444973672136	0.18926769607093716	0.2774540564769162	0.25552018559426587	0.40364876889525503
0.06853598938540555	0.5195132186319765	0.8840044571653303	0.11599554283466976	0.18909424163739116	0.27726763717805153	0.25533853530434614	0.4035176757973069
0.06853497955395337	0.5199328577423415	0.8840044571653303	0.11599554283466976	0.1892180818570556	0.2774605307356399	0.2555876283354549	0.40393731490767193
0.06842648195579164	0.5199328577423415	0.8838733640673818	0.11612663593261814	0.18904485810192248	0.2772742531050688	0.2554061175830338	0.40380622180972336
0.06842636869740289	0.5203524968527067	0.8838733640673818	0.11612663593261814	0.18916857360793288	0.2774669948534348	0.2556551081268151	0.4042258609200884
0.06837331438541615	0.5203524968527067	0.8837422709694335	0.11625772903056654	0.188995579942082	0.2772808586762075	0.2554737366339164	0.40409476782214027
0.06836451303734964	0.5207721359630717	0.8837422709694335	0.11625772903056654	0.18911917098445596	0.27747344885410846	0.25572262486381536	0.4045144069325053
0.06835096261468639	0.5207721359630717	0.8836767244204593	0.11632327557954074	0.18903274942878903	0.2773804202056325	0.2556319822269825	0.404448860383531
0.06834669551474366	0.5211917750734368	0.8836767244204593	0.11632327557954074	0.18915625951873286	0.2775729131746564	0.2558808044001712	0.40486849949389603
0.06834160691608875	0.5211917750734368	0.8836548755708011	0.11634512442919881	0.18912745545911375	0.2775418994413408	0.2558505898857068	0.4048466506442381
0.0683359786980954	0.522031053294167	0.8836548755708011	0.11634512442919881	0.1893743339929974	0.2779267202859696	0.2563481204398797	0.4056859288649681
0.06832652386744935	0.522031053294167	0.8836330267211432	0.11636697327885687	0.1893455098934551	0.2778956774265609	0.2563178877520477	0.4056640800153102
0.06831706329764119	0.5224506924045321	0.8836330267211432	0.11636697327885687	0.18946887840511337	0.27808800536073264	0.25656659617773053	0.4060837191256752
0.06821138334229893	0.5224506924045321	0.8832397474272979	0.11676025257270205	0.18895128244043102	0.2775300936246099	0.2560231927922198	0.40569043983182995
0.06820514997135418	0.5228703315148971	0.8832397474272979	0.11676025257270205	0.1890743550834598	0.27772205505405106	0.2562716557039771	0.406110078942195
0.06811947889808224	0.5228703315148971	0.8829775612314011	0.11702243876859883	0.1887306876704029	0.2773511407902059	0.25591029315728847	0.4058478927462983
0.068104119870198	0.5232899706252623	0.8829775612314011	0.11702243876859883	0.18885355141602303	0.2775428444246606	0.2561585830476188	0.4062675318566633
0.06807322258596642	0.5232899706252623	0.8828464681334528	0.11715353186654723	0.18868210016643971	0.2773576512455516	0.25597814387615075	0.4061364387587152
0.06807230748510017	0.5237096097356274	0.8828464681334528	0.11715353186654723	0.18880484114977308	0.27754920493717333	0.2562263326347915	0.4065560778690802
0.06801457357636914	0.5237096097356274	0.8826061307872141	0.11739386921278595	0.18849116447666517	0.2772101288316304	0.2558959379166062	0.4063157405228415
0.0680129836734591	0.5241292488459924	0.8826061307872141	0.11739386921278595	0.18861371186952583	0.27740144364242086	0.2561439663076273	0.4067353796332065
0.06799722764316608	0.5241292488459924	0.8825405842382399	0.11745941576176014	0.18852830188679245	0.27730905861456484	0.25605394435115153	0.4066698330842322
0.06799014049732206	0.5245488879563576	0.8825405842382399	0.11745941576176014	0.18865076969514036	0.2775002775002775	0.2563019076268684	0.40708947219459746
0.06792814092778855	0.5245488879563576	0.8821691537940527	0.11783084620594726	0.18816799638717446	0.27697762020828715	0.2557925604862909	0.4067180417504104
0.06792628833138602	0.5249685270667226	0.8821691537940527	0.11783084620594726	0.1882901866345575	0.27716849451645065	0.25604029304205006	0.4071376808607754
0.06789847576610468	0.5249685270667226	0.8820380606961044	0.11796193930389565	0.1881203007518797	0.2769843905679176	0.2558608486636004	0.40700658776282683
0.06788632630860329	0.5253881661770877	0.8820380606961044	0.11796193930389565	0.18824236956848595	0.2771751162275847	0.2561084810216483	0.4074262268731921
0.06785978187497511	0.5253881661770877	0.881885118748498	0.1181148812515021	0.18804445779513368	0.27696051321756443	0.2558993070121226	0.4072732849255858
0.06784014041273745	0.526647083508183	0.881885118748498	0.1181148812515021	0.18841014862633237	0.27753206545776204	0.2566417808965607	0.40853220225668085
0.06778009624150337	0.526647083508183	0.8817103279512334	0.11828967204876663	0.18818413555255661	0.27728678745028723	0.25640278509520514	0.4083574114594164
0.06777879530513785	0.527066722618548	0.8817103279512334	0.11828967204876663	0.18830584707646178	0.2774770794211863	0.2566501239101122	0.4087770505697814
0.06776625486925182	0.527066722618548	0.8816666302519173	0.11833336974808277	0.1882494004796163	0.2774157923799006	0.25659040851100196	0.4087333528704653
0.06775634469445131	0.5274863617289132	0.8816666302519173	0.11833336974808277	0.18837104750487038	0.2776060070671378	0.2568376946881859	0.40915299198083055
0.0676701371910879	0.5274863617289132	0.8813607463567044	0.11863925364329568	0.1879766711529834	0.27717750826901877	0.256420159946403	0.4088471080856175
0.06764896080799808	0.5279060008392782	0.8813607463567044	0.11863925364329568	0.1880980861244019	0.27736743468195346	0.2566672530637207	0.40926674719598255
0.06749759067311804	0.5279060008392782	0.880923769363543	0.11907623063645699	0.18753726893261777	0.27675723242767575	0.2560724674866429	0.4088297702028212
0.06749537821673048	0.5283256399496433	0.880923769363543	0.11907623063645699	0.18765836935459831	0.27694676638803345	0.25631929826061506	0.40924940931318643
0.06743547250174009	0.5283256399496433	0.8807926762655947	0.11920732373440539	0.18749069247952346	0.27676412398329303	0.256141232613883	0.40911831621523786
0.06743228940014656	0.5287452790600083	0.8807926762655947	0.11920732373440539	0.18761167361524717	0.27695351137487634	0.256387964694497	0.4095379553256029
0.06737527265633814	0.5287452790600083	0.8805086412200398	0.11949135877996024	0.18724921979491752	0.276558384547849	0.25600269821028054	0.40925392028004826
0.06737195583582088	0.5291649181703735	0.8805086412200398	0.11949135877996024	0.187369985141159	0.2767475035663338	0.25624925058116477	0.4096735593904133
0.06728354605593499	0.5291649181703735	0.8801590596255107	0.11984094037448928	0.1869255855321672	0.27626246029137913	0.25577618866537455	0.40932397779588414
0.06727066088688105	0.5300041963911036	0.8801590596255107	0.11984094037448928	0.18716656787196206	0.27664001752272477	0.2562688370866603	0.4101632560166144
0.06720859377867187	0.5300041963911036	0.8796783849330333	0.12032161506696673	0.18655834564254062	0.27597509013438215	0.2556201937717972	0.40968258132413693
0.06719871969743897	0.5304238355014688	0.8796783849330333	0.12032161506696673	0.18667848176044896	0.27616342582477604	0.25586622170991513	0.41010222043450195
0.0671900309393006	0.5304238355014688	0.8796128383840591	0.12038716161594092	0.18659580749926188	0.2760729496560009	0.2557779434785482	0.4100366738855279
0.06717468052898587	0.5308434746118338	0.8796128383840591	0.12038716161594092	0.18671586715867158	0.27626119240008734	0.25602390847511247	0.4104563129958929
0.06716398851561771	0.5308434746118338	0.8795472918350848	0.12045270816491511	0.18663322514015934	0.2761707237201179	0.25593564549070424	0.41039076644691863
0.06715900731177296	0.5316827528325639	0.8795472918350848	0.12045270816491511	0.18687315634218288	0.2765469824293354	0.25642742129320023	0.4112300446676489
0.06684129083672774	0.5316827528325639	0.878236360855601	0.12176363914439904	0.18523391812865497	0.2747479128266291	0.254671145015759	0.409919113688165
0.06684080591200753	0.5321023919429291	0.878236360855601	0.12176363914439904	0.18535301856453734	0.27493495229835213	0.25491630686929895	0.41033875279853005
0.06680401252116878	0.5321023919429291	0.8781052677576525	0.12189473224234744	0.18519059442091426	0.27475622968580715	0.25474168750497456	0.4102076597005815
0.06680041921707115	0.5325220310532942	0.8781052677576525	0.12189473224234744	0.18530957943925233	0.27494312642183943	0.2549867534163727	0.41062729881094673
0.06655100691456788	0.5325220310532942	0.8772094649216718	0.12279053507832813	0.18420670634344607	0.27372735116479724	0.2537982306334898	0.40973149597496605
0.06654920287184247	0.5329416701636592	0.8772094649216718	0.12279053507832813	0.18432510885341075	0.273913512347676	0.2540428068497104	0.4101511350853311
0.06648187868669049	0.5329416701636592	0.8770346741244074	0.12296532587559265	0.18411133661930995	0.2736774054519987	0.25381185574068055	0.4099763442880666
0.06648044496040713	0.5333613092740244	0.8770346741244074	0.12296532587559265	0.18422959849253515	0.27386339151045036	0.25405631457435346	0.41039598339843186
0.06642212398400783	0.5333613092740244	0.876925429876117	0.12307457012388298	0.18409617612977983	0.27371594702271995	0.2539120864721077	0.41028673915014124
0.06640628296681315	0.5337809483843894	0.876925429876117	0.12307457012388298	0.18421433743664012	0.2739018087855297	0.2541564616909378	0.41070637826050627
0.06635494521522436	0.5337809483843894	0.8767069413795363	0.12329305862046364	0.18394793926247288	0.27360722736072274	0.2538682904523005	0.4104878897639257
0.06635159874260121	0.5342005874947545	0.8767069413795363	0.12329305862046364	0.18406593406593408	0.27379288095494136	0.25411252638180193	0.41090752887429094
0.06633138951477656	0.5342005874947545	0.8766632436802202	0.12333675631977976	0.18401272043943337	0.2737340070960112	0.25405493319206535	0.4108638311749746
0.06632498548117821	0.5350398657154847	0.8766632436802202	0.12333675631977976	0.1842485549132948	0.2741051273782651	0.25454327775193636	0.41170310939570487
0.06631770303768258	0.5350398657154847	0.876597697131246	0.12340230286875396	0.18416871298569984	0.27401676337846553	0.2544568606850593	0.4116375628467308
0.066314561898453	0.5354595048258498	0.876597697131246	0.12340230286875396	0.18428653957250143	0.2742022133877726	0.2547009582519207	0.41205720195709583
0.06629524454697829	0.5354595048258498	0.8764884528829557	0.12351154711704429	0.18415355751190648	0.27405498281786944	0.2545569796112863	0.41194795770880566
0.06628789881996505	0.5358791439362148	0.8764884528829557	0.12351154711704429	0.18427128427128428	0.2742403092451412	0.25480099408337636	0.4123675968191707
0.06616496506549431	0.5358791439362148	0.8760514758897944	0.1239485241102056	0.1837410071942446	0.27365263045108756	0.2542261714397441	0.4119306198260091
0.06616114049181965	0.53629878304658	0.8760514758897944	0.1239485241102056	0.18385843763487267	0.27383758302978356	0.2544699367529699	0.41235025893637434
0.06616011672861648	0.53629878304658	0.8760077781904783	0.12399222180952173	0.18380555156047748	0.2737789203084833	0.2544125476441499	0.4123065612370582
0.06615583898222248	0.536718422156945	0.8760077781904783	0.12399222180952173	0.18392292205924649	0.27396379993573955	0.25465626349291154	0.41272620034742324
0.06612256214033048	0.536718422156945	0.8758329873932138	0.12416701260678625	0.18371157713300776	0.27372926698769395	0.2544268276203746	0.4125514095501588
0.06611226026221584	0.5371380612673101	0.8758329873932138	0.12416701260678625	0.18382880942122648	0.2739139738925744	0.2546704278173698	0.4129710486605238
0.06606140386754877	0.5371380612673101	0.8757018942952653	0.12429810570473465	0.1836705409671402	0.2737382378100941	0.2544985037998802	0.41283995556257547
0.06604446970728603	0.5379773394880403	0.8757018942952653	0.12429810570473465	0.18390474824271985	0.27410733376095786	0.2549854901722729	0.41367923378330573
0.06603729536043984	0.5379773394880403	0.8756800454456073	0.12431995455439271	0.18387837062535858	0.2740780331373597	0.2549568323767009	0.41365738493364757
0.0660306055044966	0.5383969785984054	0.8756800454456073	0.12431995455439271	0.1839954108705005	0.2742625053441642	0.25520027372651394	0.4140770240440128
0.06602123108334139	0.5383969785984054	0.8756581965959492	0.12434180340405078	0.18396902781760827	0.2742331943999145	0.25517161013837325	0.41405517519435464
0.06601375957828677	0.5388166177087704	0.8756581965959492	0.12434180340405078	0.18408602150537634	0.2744176106005557	0.25541501328995314	0.41447481430471966
0.06600260978778051	0.5388166177087704	0.8756144988966331	0.12438550110336691	0.18403325211408916	0.2743589743589744	0.2553576797517505	0.41443111660540355
0.06599994333333127	0.5392362568191356	0.8756144988966331	0.12438550110336691	0.18415018629979937	0.2745433180215789	0.2556010337444119	0.41485075571576857
0.06594510597427493	0.5392362568191356	0.8753741615503944	0.12462583844960563	0.18386035198168552	0.274221084080239	0.2552859503847008	0.41461041836952983
0.06593924006697426	0.5396558959295006	0.8753741615503944	0.12462583844960563	0.18397711015736767	0.27440520644404137	0.25552915658048353	0.41503005747989485
0.0658684591301187	0.5396558959295006	0.8752430684524459	0.12475693154755402	0.1838193253287593	0.27422966201087534	0.2553574919323417	0.4148989643819465
0.06585156854766645	0.5400755350398657	0.8752430684524459	0.12475693154755402	0.18393597255966843	0.2744136460554371	0.25560060537183904	0.41531860349231176
0.06584332836035153	0.5400755350398657	0.8751556730538137	0.12484432694618629	0.18383088130267106	0.27429667519181583	0.25548622212296124	0.4152312080936795
0.06584219347582625	0.5404951741502309	0.8751556730538137	0.12484432694618629	0.18394744358754642	0.27448055407565264	0.25572926480047004	0.41565084720404455
0.06584130805462808	0.5404951741502309	0.8751338242041556	0.12486617579584434	0.18392117663858346	0.2744513104623908	0.2557006710013469	0.4156289983543866
0.06583874734347282	0.5409148132605959	0.8751338242041556	0.12486617579584434	0.1840376927470017	0.2746351336955364	0.2559436757444154	0.4160486374647516
0.06583011172499605	0.5409148132605959	0.8750901265048395	0.12490987349516049	0.18398515558093062	0.27457663222920436	0.2558864818338743	0.4160049397654353
0.06582743628873522	0.541334452370961	0.8750901265048395	0.12490987349516049	0.18410161267304123	0.2747603833865815	0.25612943775791336	0.41642457887580053
0.06568736630634632	0.541334452370961	0.8744783587144137	0.12552164128558632	0.18336886993603413	0.27394351242301973	0.2553305835937318	0.4158128110853747
0.06566696534250545	0.541754091481326	0.8744783587144137	0.12552164128558632	0.1834849346219443	0.2741267650493683	0.25557320807882566	0.41623245019573973
0.0656177446418079	0.541754091481326	0.8742817190674911	0.1257182809325089	0.18325053229240595	0.2738650827322868	0.255317190723859	0.4160358105488171
0.0656095344271054	0.5421737305916912	0.8742817190674911	0.1257182809325089	0.18336644904910587	0.27404814932654575	0.25555969091314373	0.41645544965918235
0.06560737310431054	0.5421737305916912	0.874259870217833	0.12574012978216698	0.1833404285511565	0.2740190880169671	0.2555312592811158	0.4164336008095242
0.06560538250476274	0.5425933697020562	0.874259870217833	0.12574012978216698	0.18345629965947788	0.2742020994592302	0.25577372190426184	0.4168532399198892
0.0655687708327931	0.5425933697020562	0.8741287771198847	0.12587122288011537	0.18330025517436915	0.2740277630602946	0.2556031744575479	0.41672214682194086
0.06556518210579078	0.5430130088124213	0.8741287771198847	0.12587122288011537	0.1834160170092133	0.2742106378470015	0.2558455455231149	0.4171417859323059
0.06555626089405846	0.5430130088124213	0.8740632305709104	0.12593676942908955	0.18333805610654577	0.2741235038661159	0.2557603082755647	0.4170762393833316
0.06555525577756258	0.5434326479227864	0.8740632305709104	0.12593676942908955	0.18345374698965858	0.2743062910400339	0.25600262028160814	0.41749587849369685
0.06551978669546457	0.5434326479227864	0.8739758351722782	0.12602416482772183	0.18334985133795836	0.27419013338979464	0.2558889988172552	0.4174084830950646
0.06551926119702008	0.5438522870331515	0.8739758351722782	0.12602416482772183	0.18346545866364666	0.2743728167672277	0.2561312410504629	0.41782812220542964
0.06548302868411214	0.5438522870331515	0.8737791955253555	0.1262208044746444	0.18323200904849427	0.27411167512690354	0.25587579348581846	0.417631482558507
0.06547989006982692	0.5442719261435166	0.8737791955253555	0.1262208044746444	0.1833474696070116	0.2742941736280004	0.2561179122569563	0.41805112166887204
0.06543467773159585	0.5442719261435166	0.8734733116301426	0.12652668836985734	0.18298532731376976	0.2738887129131032	0.25572121585258095	0.41774523777365924
0.06542511045283879	0.5446915652538816	0.8734733116301426	0.12652668836985734	0.18310057836084073	0.27407094594594594	0.25596315781632584	0.41816487688402426
0.06535197424261834	0.5446915652538816	0.8731892765845878	0.1268107234154122	0.18276541819205858	0.27369530838165523	0.25559554464603906	0.4178808418384694
0.06534349907290561	0.5455308434746118	0.8731892765845878	0.1268107234154122	0.18299549549549549	0.27405923895857487	0.2560790710126095	0.41872012005919945
0.0653433749143905	0.5455308434746118	0.8731674277349297	0.12683257226507025	0.18296973961998592	0.2740303541315346	0.256050806984125	0.4186982712095415
0.06534326470040457	0.5459504825849769	0.8731674277349297	0.12683257226507025	0.1830847171404447	0.2742122457582464	0.25629251989750035	0.41911791031990653
0.0652991070869466	0.5459504825849769	0.8729707880880071	0.12702921191199285	0.18285312719606464	0.2739524110339019	0.2560382739800262	0.4189212706729841
0.06529791674210664	0.546370121695342	0.8729707880880071	0.12702921191199285	0.18296795952782463	0.2741341193809875	0.2562798645753079	0.41934090978334915
0.06527431053049952	0.546370121695342	0.8727741484410846	0.12722585155891541	0.18273684210526317	0.2738746318889356	0.256025929516877	0.41914427013642674
0.06527383963418976	0.5467897608057071	0.8727741484410846	0.12722585155891541	0.18285152960987933	0.27405615732463984	0.25626739805725046	0.41956390924679177
0.06525288385966156	0.5467897608057071	0.8726212064934782	0.12737879350652187	0.1826720874807234	0.27385456073980663	0.2560700990832068	0.41941096729918526
0.06524986399217204	0.5472093999160722	0.8726212064934782	0.12737879350652187	0.18278665545276143	0.27403593569402124	0.25631146704719887	0.4198306064095503
0.0652402026356324	0.5472093999160722	0.872577508794162	0.127422491205838	0.1827354260089686	0.273978359071331	0.256255119686898	0.41978690871023416
0.06523813157174631	0.5476290390264372	0.872577508794162	0.127422491205838	0.1828499369482976	0.27415966386554624	0.2564964402333602	0.4202065478205992
0.06512382209325816	0.5476290390264372	0.8722060783499749	0.12779392165002512	0.18241543192619514	0.2736709657124882	0.25601811294735544	0.4198351173764121
0.06511833451672927	0.5480486781368024	0.8722060783499749	0.12779392165002512	0.1825296995108316	0.2738519605787377	0.25625922745628377	0.4202547564867771
0.06503686215254911	0.5480486781368024	0.8719438921540781	0.12805610784592192	0.18222408260080927	0.2735078534031414	0.2559223227976002	0.41999257029088044
0.06503587686223633	0.5484683172471674	0.8719438921540781	0.12805610784592192	0.18233816964285715	0.27368861899277563	0.2561632846600902	0.42041220940124546
0.0649354788213128	0.5484683172471674	0.8715287640105749	0.12847123598942517	0.18185612912202587	0.2731452455590387	0.25563110851748916	0.41999708125774227
0.06492599581598563	0.5488879563575325	0.8715287640105749	0.12847123598942517	0.18196994991652754	0.2733256712987149	0.25587184463815404	0.4204167203681073
0.06492197114416048	0.5488879563575325	0.8715069151609167	0.12849308483908323	0.18194463764084018	0.27329711659005435	0.2558438741522617	0.42039487151844934
0.06489750221713544	0.5497272345782627	0.8715069151609167	0.12849308483908323	0.18217215964399944	0.27365782327135996	0.25632524772493914	0.4212341497391794
0.06488479720634416	0.5497272345782627	0.8714850663112588	0.12851493368874128	0.182146829810901	0.27362924281984335	0.2562972611902028	0.42121230088952144
0.06487808960214468	0.5501468736886278	0.8714850663112588	0.12851493368874128	0.18226053107187543	0.27380952380952384	0.2565378986783093	0.42163193999988646
0.06477269837109743	0.5501468736886278	0.8710917870174135	0.12890821298258648	0.18180557481625295	0.27329580988117574	0.2560347924506514	0.4212386607060412
0.06476755425662102	0.5505665127989928	0.8710917870174135	0.12890821298258648	0.18191902384914033	0.2734757686294945	0.25627521593562075	0.42165829981640623
0.06470724016739965	0.5505665127989928	0.8709825427691232	0.1290174572308768	0.18179298877649994	0.2733333333333333	0.2561356937119798	0.42154905556811606
0.06470537127284821	0.5514057910197231	0.8709825427691232	0.1290174572308768	0.182019670314448	0.27369298062903563	0.25661635918726	0.4223883337888463
0.06470037014084505	0.5514057910197231	0.870938845069807	0.12906115493019293	0.18196925633568758	0.2736359850062474	0.2565605428360167	0.4223446360895302
0.06469941315675064	0.5518254301300881	0.870938845069807	0.12906115493019293	0.1820825256161728	0.273815720978657	0.2568008161818537	0.42276427519989523
0.06462607425691608	0.5518254301300881	0.8706329611745942	0.12936703882540584	0.18173023770038696	0.27341719513462936	0.2564105025651438	0.4224583913046822
0.06461992032489378	0.5522450692404532	0.8706329611745942	0.12936703882540584	0.18184330523697664	0.2735966735966736	0.2566506047816159	0.42287803041504746
0.06449636637299358	0.5522450692404532	0.8702178330310909	0.1297821669689091	0.18136714443219404	0.2730573710965868	0.2561222203955312	0.42246290227154404
0.06449121707739536	0.5530843474611834	0.8702178330310909	0.1297821669689091	0.18159272526866904	0.2734156207862255	0.25660195470581404	0.4233021804922743
0.06447686778621077	0.5530843474611834	0.8701304376324587	0.12986956236754135	0.18149270173505921	0.27330222913426644	0.2564908559754146	0.4232147850936421
0.06446083329685072	0.5535039865715484	0.8701304376324587	0.12986956236754135	0.1816053972187801	0.2734812357453867	0.2567306436042386	0.4236344242040071
0.06444541356759205	0.5535039865715484	0.8700867399331426	0.12991326006685747	0.18155540261527872	0.273424543946932	0.2566751025971717	0.423590726504691
0.06444485702474012	0.5539236256819136	0.8700867399331426	0.12991326006685747	0.18166804293971925	0.27360348222613745	0.2569148441435449	0.424010365615056
0.06437076229931633	0.5539236256819136	0.8698464025869038	0.1301535974130962	0.18139343135907654	0.2732919254658385	0.2566096002378089	0.42377002826881727
0.06436948383961	0.5543432647922787	0.8698464025869038	0.1301535974130962	0.181505908216543	0.2734706552116758	0.25684920311613213	0.4241896673791825
0.06435873453232623	0.5543432647922787	0.8698027048875877	0.13019729511241232	0.18145604395604395	0.2734140536065404	0.2567937462897986	0.4241459696798664
0.06435474801544303	0.5547629039026437	0.8698027048875877	0.13019729511241232	0.1815684658700728	0.2735927152317881	0.2570333032400328	0.4245656087902314
0.06434331049800127	0.5547629039026437	0.8697153094889554	0.1302846905110446	0.1814687714481812	0.27347952006619775	0.2569224062250646	0.4244782133915992
0.06434329226876989	0.5551825430130088	0.8697153094889554	0.1302846905110446	0.18158111446609937	0.2736580825318027	0.2571618967568022	0.4248978525019642
0.06429857607648524	0.5551825430130088	0.8695405186916909	0.13045948130830912	0.1813819577735125	0.2734318487134442	0.2569402512915394	0.42472306170469976
0.0642970131491947	0.5556021821233739	0.8695405186916909	0.13045948130830912	0.18149417409184374	0.27361025005166356	0.2571796345010738	0.4251427008150648
0.06421288223792285	0.5556021821233739	0.8692127859468199	0.1307872140531801	0.1811217510259918	0.27318683586093057	0.2567647223197707	0.4248149680701938
0.06420861225652293	0.556021821233739	0.8692127859468199	0.1307872140531801	0.18123375735193545	0.27336496802145654	0.2570039269005357	0.42523460718055883
0.06394668096017954	0.556021821233739	0.8682951342611811	0.13170486573881884	0.1801985584115327	0.27218570254724733	0.2558474407669558	0.4243169554949202
0.06394508408083409	0.556441460344104	0.8682951342611811	0.13170486573881884	0.1803100353549089	0.27236315086782376	0.25608619313095354	0.42473659460528523
0.06393654280166883	0.556441460344104	0.8681858900128908	0.13181410998710918	0.1801875254790053	0.272223362759187	0.2559490209366472	0.42462735035699484
0.06393358707687101	0.5568610994544692	0.8681858900128908	0.13181410998710918	0.18029891304347825	0.2724006979369804	0.2561876977357222	0.4250469894673601
0.06390298717704936	0.5568610994544692	0.8680110992156262	0.1319889007843737	0.18010314875135722	0.27217721259358013	0.25596838569713537	0.4248721986700954
0.06389495962556925	0.5572807385648343	0.8680110992156262	0.1319889007843737	0.18021441172479305	0.2723543888433142	0.2562069567375459	0.42529183778046065
0.06388593471193214	0.5572807385648343	0.8679455526666521	0.1320544473333479	0.18014107433532284	0.27227063044592514	0.2561247618625793	0.42522629123148636
0.06387646352564275	0.5577003776751993	0.8679455526666521	0.1320544473333479	0.1802522718025227	0.27244772447724475	0.2563632777568782	0.4256459303418514
0.06385414425994523	0.5577003776751993	0.8677926107190457	0.13220738928095435	0.18008130081300813	0.2722523814401311	0.25617158311165156	0.4254929883942449
0.06384838823207663	0.5581200167855644	0.8677926107190457	0.13220738928095435	0.18019238585557512	0.2724293322408849	0.25641000362562993	0.4259126275046101
0.0636483251676344	0.5581200167855644	0.8669405055823811	0.1330594944176189	0.1792452830188679	0.2713455064776089	0.2553457797645426	0.42506052236794556
0.06363643014609753	0.5585396558959295	0.8669405055823811	0.1330594944176189	0.17935588195660962	0.27152182782537737	0.255583784317152	0.4254801614783106
0.06353986957553386	0.5585396558959295	0.8665035285892198	0.13349647141078022	0.1788738072839672	0.2709690553745928	0.2550405594284791	0.4250431844851492
0.06353580746641894	0.5589592950062946	0.8665035285892198	0.13349647141078022	0.17898414404729912	0.27114503816793895	0.25527833991672944	0.42546282359551446
0.06348622753317479	0.5589592950062946	0.8663942843409295	0.13360571565907056	0.17886397206928964	0.27100712105798574	0.2551427712304384	0.42535357934722406
0.0634790469517757	0.5593789341166596	0.8663942843409295	0.13360571565907056	0.17897422126745435	0.27118299257450923	0.25538047749070647	0.4257732184575891
0.063464136159659	0.5593789341166596	0.866263191242981	0.13373680875701893	0.17883015830426616	0.2710175866626004	0.25521788667055056	0.42564212535964074
0.06344361499683791	0.5602182123373899	0.866263191242981	0.13373680875701893	0.17905042918454936	0.27136904156926517	0.2556931066579545	0.4264814035803708
0.06340851273268917	0.5602182123373899	0.8660447027464004	0.1339552972535996	0.17881060809000804	0.27109351203167836	0.2554222895343309	0.42626291508379044
0.06340232955908219	0.5606378514477549	0.8660447027464004	0.1339552972535996	0.17892058390250434	0.2712690355329949	0.25565976381870886	0.42668255419415546
0.06339631022844143	0.5606378514477549	0.8660010050470843	0.13399899495291573	0.17887267371803453	0.27121396670726755	0.25560563541304177	0.4266388564948391
0.06339489320007435	0.56105749055812	0.8660010050470843	0.13399899495291573	0.1789825970548862	0.271389424540749	0.25584306555289893	0.42705849560520437
0.06337096611000408	0.56105749055812	0.8658043654001617	0.13419563459983833	0.1787672148682979	0.2711417562360576	0.2555996244455031	0.42686185595828174
0.06336734517902111	0.5618967687788502	0.8658043654001617	0.13419563459983833	0.17898676647507017	0.27149229521492296	0.2560742339461846	0.4277011341790118
0.06331732685702678	0.5618967687788502	0.8655203303546068	0.13447966964539318	0.17867627435281558	0.2711349600080996	0.2557229909488103	0.42741709913345716
0.06329396574731083	0.5627360469995804	0.8655203303546068	0.13447966964539318	0.17889541088580577	0.2714849681141816	0.25619724730493715	0.4282563773541872
0.0632376704455349	0.5627360469995804	0.8653892372566585	0.13461076274334155	0.178752332711277	0.27132018209408193	0.25603527583865554	0.42812528425623886
0.06323321716874508	0.5631556861099455	0.8653892372566585	0.13461076274334155	0.17886178861788618	0.27149504349585274	0.2562723087720013	0.4285449233666041
0.06321126836811213	0.5631556861099455	0.865236295309052	0.13476370469094803	0.17869507323568576	0.2713029414737693	0.25608347940722237	0.4283919814189976
0.06321100415405362	0.5635753252203105	0.865236295309052	0.13476370469094803	0.17880442018373052	0.27147766323024053	0.25632041952564727	0.4288116205293626
0.06310326890132857	0.5635753252203105	0.8646682252179423	0.1353317747820577	0.17818760780151255	0.27076612903225805	0.25562073401851176	0.4282435504382529
0.06310242326146763	0.5639949643306756	0.8646682252179423	0.1353317747820577	0.1782966304059432	0.27094042939219837	0.25585739587544976	0.42866318954861793
0.06299073400074416	0.5639949643306756	0.8640783062771745	0.1359216937228255	0.17766027759418374	0.27020506634499397	0.2551337438269228	0.4280732706078503
0.06297865961234579	0.5644146034410407	0.8640783062771745	0.1359216937228255	0.17776896642876025	0.2703789325560358	0.2553701191197642	0.4284929097182153
0.06292676086952359	0.5644146034410407	0.8637505735323036	0.13624942646769647	0.1774172272787231	0.2699718988358089	0.2549693468119843	0.42816517697334433
0.06292057291341925	0.5648342425514058	0.8637505735323036	0.13624942646769647	0.17752571880770246	0.2701455092824887	0.25520555298130787	0.42858481608370935
0.06265984088470773	0.5648342425514058	0.8626799798990583	0.1373200201009417	0.17638579478443192	0.2688236468943479	0.2539028035313501	0.4275142224504642
0.06265495060818159	0.5652538816617709	0.8626799798990583	0.1373200201009417	0.1764937106918239	0.2689965052421368	0.25413851420620315	0.42793386156082924
0.06255893483795166	0.5652538816617709	0.8623522471541873	0.13764775284581265	0.17614750882699098	0.26859421734795613	0.25374166829723466	0.4276061288159583
0.06255817262517216	0.565673520772136	0.8623522471541873	0.13764775284581265	0.17625523012552302	0.2687668228491676	0.25397721190444333	0.4280257679263233
0.0624545802579114	0.565673520772136	0.8620245144093164	0.13797548559068365	0.1759102179303145	0.26836551861437385	0.25358119846119875	0.42769803518145233
0.06244614263216252	0.5660931598825011	0.8620245144093164	0.13797548559068365	0.176017745302714	0.2685378720015925	0.2538165755192713	0.42811767429181735
0.06244564876665623	0.5660931598825011	0.8620026655596583	0.1379973344403417	0.17599478147423353	0.2685111464968153	0.25379019968191885	0.4280958254421594
0.0624383738131734	0.5665127989928661	0.8620026655596583	0.1379973344403417	0.17610226976258805	0.2686834510896607	0.25402554384836007	0.4285154645525244
0.06243820870950275	0.5665127989928661	0.8619808167100003	0.1380191832899998	0.17607930089996088	0.26865671641791045	0.2539991628072118	0.4284936157028665
0.06243689367090005	0.5669324381032312	0.8619808167100003	0.1380191832899998	0.1761867501304121	0.268828972241568	0.25423447410071676	0.4289132548132315
0.062393207517524384	0.5669324381032312	0.8617841770630776	0.13821582293692236	0.1759802005991924	0.26858846918489065	0.2539971532625599	0.4287166151663089
0.062391933077283225	0.5673520772135963	0.8617841770630776	0.13821582293692236	0.17608752279239384	0.2687605605804592	0.25423235568269675	0.4291362542766739
0.06238872504622611	0.5673520772135963	0.8617404793637615	0.1382595206362385	0.17604166666666668	0.26870714498658455	0.2541796461339127	0.4290925565773578
0.062373051266309536	0.5677717163239614	0.8617404793637615	0.1382595206362385	0.17614893894024217	0.268879173290938	0.2544148062799967	0.4295121956877228
0.062286055757480675	0.5677717163239614	0.8613690489195744	0.1386309510804256	0.17575993764614187	0.26842575141355024	0.25396730818635926	0.42914076524353595
0.06228149124246008	0.5681913554343265	0.8613690489195744	0.1386309510804256	0.17586699571372905	0.26859750049593334	0.2542022840728853	0.42956040435390097
0.062180444036092825	0.5681913554343265	0.8611068627236775	0.1388931372763224	0.17559330826092595	0.26827818506043194	0.2538870353532483	0.42929821815800406
0.06217961295598263	0.5686109945446916	0.8611068627236775	0.1388931372763224	0.17570020746887965	0.2684497275879148	0.2541218747515931	0.4297178572683691
0.062126037841971925	0.5686109945446916	0.8609320719264131	0.13906792807358692	0.17551813471502592	0.26823715728001585	0.2539119751228563	0.42954306647110463
0.062116701411101434	0.5694502727654217	0.8609320719264131	0.13906792807358692	0.17573167573167572	0.2685799109351806	0.2543814338483735	0.4303823446918349
0.06199930466183767	0.5694502727654217	0.860560641482226	0.13943935851777403	0.17534565189300944	0.2681288282948034	0.25393598167108333	0.4300109142476476
0.06199249790001984	0.5698699118757868	0.860560641482226	0.13943935851777403	0.17545219638242895	0.26829991109354934	0.2541705167621542	0.43043055335801284
0.06198783891768191	0.5698699118757868	0.8605387926325678	0.13946120736743212	0.17542953106833742	0.26827340971947844	0.25414434252813806	0.43040870450835467
0.06198278985134322	0.5702895509861519	0.8605387926325678	0.13946120736743212	0.17553603719969	0.26844444444444443	0.25437884525583343	0.4308283436187197
0.06196249174204182	0.5702895509861519	0.8603640018353034	0.13963599816469663	0.1753548387096774	0.2682325076482779	0.2541695289423751	0.43065355282145523
0.06196149214920374	0.570709190096517	0.8603640018353034	0.13963599816469663	0.1754612308089279	0.26840339451351886	0.25440393380627224	0.43107319193182025
0.061949510811277995	0.570709190096517	0.8602110598876969	0.13978894011230308	0.17530291312193863	0.26821812444532095	0.2542209386608727	0.43092024998421374
0.0619468335307386	0.5711288292068821	0.8602110598876969	0.13978894011230308	0.17540920221678052	0.2683888779333465	0.2544552551812081	0.431339889094579
0.0617972983464554	0.5711288292068821	0.8596211409469292	0.14037885905307085	0.17480092473670691	0.26767627101976593	0.2537510987438488	0.43074997015381133
0.06179513078502797	0.5715484683172471	0.8596211409469292	0.14037885905307085	0.17490689610889945	0.26784660766961654	0.2539851409302357	0.43116960926417636
0.061740848377991396	0.5715484683172471	0.8594463501496646	0.1405536498503354	0.17472738935214882	0.26763607781489485	0.2537770150378935	0.4309948184669117
0.06173767491003762	0.5719681074276123	0.8594463501496646	0.1405536498503354	0.17483324781939455	0.2678062678062678	0.254010960215801	0.4314144575772769
0.06173463652493883	0.5719681074276123	0.8594026524503485	0.1405973475496515	0.17478840728391895	0.26775365877615165	0.25395895200035934	0.4313707598779608
0.0617252294024687	0.5723877465379773	0.8594026524503485	0.1405973475496515	0.17489421720733428	0.2679237870752308	0.25419285591979307	0.43179039898832583
0.061661835097522384	0.5723877465379773	0.8590967685551356	0.14090323144486444	0.17458082682708306	0.26755590427618675	0.2538291360054184	0.4314845150931128
0.06165713677381299	0.5728073856483424	0.8590967685551356	0.14090323144486444	0.17468646019964168	0.2677258017063842	0.25406288770683216	0.43190415420347805
0.06165211688213992	0.5728073856483424	0.8590530708558195	0.14094692914418055	0.1746417604912999	0.2676733013040494	0.2540109758782104	0.43186045650416194
0.06164860279411349	0.5732270247587075	0.8590530708558195	0.14094692914418055	0.1747473455289753	0.26784313725490194	0.254244686475839	0.43228009561452696
0.061431372036613446	0.5732270247587075	0.8582009657191549	0.14179903428084512	0.17387983706720977	0.266822931926946	0.2532353585079004	0.4314279904778624
0.061418509435266964	0.5736466638690726	0.8582009657191549	0.14179903428084512	0.173984981545119	0.2669921875	0.2534686877914111	0.43184762958822764
0.061413872231794925	0.5736466638690726	0.8581791168694968	0.14182088313050317	0.173962840417409	0.2669661165901767	0.25344288092457623	0.43182578073856925
0.061413855526359105	0.5740663029794377	0.8581791168694968	0.14182088313050317	0.17406794757602748	0.2671353251318102	0.25367617860687536	0.4322454198489345
0.06140386145501261	0.5740663029794377	0.8581135703205226	0.14188642967947737	0.1740015263291783	0.26705710102489016	0.25359875517838343	0.43217987329996044
0.06138791816131802	0.5744859420898027	0.8581135703205226	0.14188642967947737	0.1741065750985629	0.2672262346281476	0.25383200297028563	0.43259951241032546
0.06131643087805194	0.5744859420898027	0.8577639887259936	0.14223601127400642	0.17375301434192156	0.2668095887741181	0.2534195551149948	0.4322499308157963
0.061314068640288356	0.5749055812001679	0.8577639887259936	0.14223601127400642	0.17385786802030456	0.2669784663353795	0.2536526343383287	0.43266956992616157
0.06131246831241688	0.5749055812001679	0.8577421398763355	0.14225786012366448	0.17383580763862455	0.26695245518316446	0.2536268820221775	0.4326477210765034
0.0613085279247251	0.575744859420898	0.8577421398763355	0.14225786012366448	0.17404541418241787	0.26729008377167346	0.25409295525584574	0.43348699929723367
0.061293260167535	0.575744859420898	0.8576547444777033	0.14234525552229674	0.17395714466844173	0.26718597857838366	0.25398991396126547	0.43339960389860144
0.061292603008319534	0.5761644985312631	0.8576547444777033	0.14234525552229674	0.17406186612576066	0.26735468795638206	0.2542228806881741	0.43381924300896646
0.061274805641292236	0.5761644985312631	0.8575891979287291	0.14241080207127094	0.1739956912938791	0.2672766205956784	0.2541456153199423	0.4337536964599922
0.06127413975561749	0.5765841376416282	0.8575891979287291	0.14241080207127094	0.1741003547896604	0.2674452554744526	0.25437853247495174	0.4341733355703572
0.06125615188009404	0.5765841376416282	0.8575455002294129	0.14245449977058708	0.17405624524955662	0.26739320813466966	0.25432702446431277	0.4341296378710411
0.061255170985795686	0.5770037767519933	0.8575455002294129	0.14245449977058708	0.1741608613046232	0.2675617824479471	0.25455990117932165	0.43454927698140633
0.06103277621433437	0.5770037767519933	0.8566059996941161	0.1433940003058839	0.17321743512219703	0.266447049704486	0.25345602208425466	0.4336097764461093
0.06102892153736594	0.5774234158623583	0.8566059996941161	0.1433940003058839	0.1733215770248142	0.2666149970935865	0.25368848747600486	0.43402941555647434
0.06098237676976562	0.5774234158623583	0.8563875111975354	0.14361248880246455	0.17310353503585357	0.26635694928377857	0.25343275261977877	0.43381092705989377
0.060977661028294015	0.5778430549727235	0.8563875111975354	0.14361248880246455	0.17320754716981132	0.266524726604084	0.2536651059194964	0.434230566170259
0.06078807234567352	0.5778430549727235	0.8556009526098451	0.1443990473901549	0.17242674680691208	0.26559938277558104	0.2527474550333361	0.4334440075825685
0.06077820405034323	0.5782626940830885	0.8556009526098451	0.1443990473901549	0.17253036183798673	0.2657666345226615	0.25297946360578877	0.43386364669293354
0.06075333135356511	0.5782626940830885	0.8554698595118967	0.1445301404881033	0.17240085074440134	0.2656129529683886	0.2528269704829062	0.4337325535949852
0.06073922619790073	0.5786823331934536	0.8554698595118967	0.1445301404881033	0.1725043782837128	0.2657800905849475	0.25305890363799677	0.43415219270535044
0.06072724090277931	0.5786823331934536	0.8554043129629225	0.1445956870370775	0.17243966487432788	0.2657032755298651	0.252982683895905	0.43408664615637615
0.06071874040782904	0.5791019723038188	0.8554043129629225	0.1445956870370775	0.17254313578394598	0.2658703400443117	0.25321456848479373	0.4345062852667412
0.06070231992020802	0.5791019723038188	0.8553824641132645	0.14461753588673557	0.17252156519564946	0.2658447312656521	0.25318916092273597	0.43448443641708323
0.060698720868044446	0.5795216114141838	0.8553824641132645	0.14461753588673557	0.172625	0.2660117499759222	0.2534210148075179	0.43490407552744825
0.06068071631058722	0.5795216114141838	0.8552950687146321	0.14470493128536782	0.17253873063468267	0.2659093097140657	0.2533193885809562	0.434816680128816
0.060678217273940016	0.5799412505245489	0.8552950687146321	0.14470493128536782	0.1726420986883198	0.2660762418174817	0.2535511850736188	0.43523631923918105
0.06065747821541467	0.5799412505245489	0.8552076733159999	0.14479232668400008	0.17255587464102884	0.2659738260200154	0.2534495866630407	0.4351489238405488
0.06065095535223856	0.580360889634914	0.8552076733159999	0.14479232668400008	0.17265917602996256	0.26614067160588856	0.253681325828245	0.43556856295091384
0.060506914759035156	0.580360889634914	0.8546833009242063	0.14531669907579367	0.17214339058999253	0.26552750311990014	0.25307284997307394	0.43504419055912025
0.060490599226452675	0.5812001678556441	0.8546833009242063	0.14531669907579367	0.1723494275759084	0.2658604472598138	0.25353583758434445	0.4358834687798505
0.06047545048080627	0.5812001678556441	0.8545959055255741	0.14540409447442593	0.1722636815920398	0.2657584188813202	0.2534345747913062	0.4357960733812183
0.06047423798565898	0.5816198069660092	0.8545959055255741	0.14540409447442593	0.17236662106703146	0.2659247889485802	0.25366600081134333	0.4362157124915833
0.06036609160545625	0.5816198069660092	0.8541807773820709	0.14581922261792918	0.17196029776674937	0.2654409652398736	0.2531856921602756	0.4358005843480801
0.06035587008758878	0.5820394460763744	0.8541807773820709	0.14581922261792918	0.17206301947649175	0.2656070471083876	0.25341692906459595	0.43622022345844513
0.060295422538154154	0.5820394460763744	0.853896742336516	0.146103257663484	0.17178597968788706	0.2652768480443722	0.2530889958156426	0.4359361884128905
0.060290915657126985	0.5824590851867394	0.853896742336516	0.146103257663484	0.17188854489164088	0.26544272327404855	0.25332009695150803	0.4363558275232555
0.06013557197014965	0.5824590851867394	0.853241276846774	0.146758723153226	0.17125231338679828	0.2646834477498093	0.252565572070004	0.43570036203351337
0.06013404013482779	0.5828787242971045	0.853241276846774	0.146758723153226	0.17135455218356774	0.2648488893126132	0.25279638915335617	0.4361200011438786
0.060107646408740924	0.5828787242971045	0.8530446371998515	0.14695536280014856	0.17116451016635859	0.2646218327300438	0.2525706318848419	0.435923361496956
0.06010527204556856	0.5832983634074695	0.8530446371998515	0.14695536280014856	0.1712666338097585	0.26478712258310316	0.25280134916110525	0.436343000607321
0.059968635585320805	0.5832983634074695	0.8524547182590837	0.14754528174091633	0.17069875967088297	0.2641079232376971	0.25212571014607754	0.43575308166655313
0.05996436284661299	0.5837180025178347	0.8524547182590837	0.14754528174091633	0.17080058939096268	0.2642728222665527	0.2523561714993079	0.4361727207769184
0.059941871466649775	0.5837180025178347	0.8523673228604514	0.1476326771395486	0.17071674030436917	0.2641724432627481	0.25225627951993246	0.4360853253782859
0.059941718393460804	0.5841376416281997	0.8523673228604514	0.1476326771395486	0.1708185053380783	0.2643372578807444	0.2524866850575623	0.43650496448865095
0.05992692202684899	0.5841376416281997	0.8523017763114772	0.1476982236885228	0.17075564278704614	0.2642619838633128	0.25241178016970267	0.4364394179396769
0.05992679766179585	0.5845572807385648	0.8523017763114772	0.1476982236885228	0.17085735312155034	0.2644267274107821	0.25264213860608964	0.43685905705004213
0.05991481138414778	0.5845572807385648	0.8521925320631869	0.14780746793681313	0.17075263544986516	0.2643012996869367	0.25251733014658506	0.43674981280175174
0.059886569035097925	0.585396558959295	0.8521925320631869	0.14780746793681313	0.17095588235294118	0.26463056056151	0.2529778972419931	0.437589091022482
0.05985479707163235	0.585396558959295	0.8520395901155804	0.14796040988441958	0.1708093547202155	0.26445497630331755	0.2528032044898128	0.4374361490748755
0.059853340527976494	0.5858161980696601	0.8520395901155804	0.14796040988441958	0.17091087169441724	0.26461946734906644	0.2530333960087857	0.4378557881852405
0.059850871728369504	0.5858161980696601	0.8520177412659223	0.14798225873407764	0.1708899498102583	0.26459438968915844	0.253008446505578	0.43783393933558257
0.059844851484986576	0.5862358371800251	0.8520177412659223	0.14798225873407764	0.17099143206854345	0.26475883634985314	0.253238608356906	0.4382535784459476
0.05979907259798015	0.5862358371800251	0.8517337062203675	0.1482662937796325	0.170719784919956	0.26443308726102593	0.25291449870653065	0.4379695434003925
0.059795154505083166	0.5866554762903903	0.8517337062203675	0.1482662937796325	0.17082111436950145	0.26459733131446955	0.25314452765812334	0.43838918251075776
0.059704739717376075	0.5866554762903903	0.8511874849789158	0.14881251502108414	0.17030088926787673	0.2639728096676737	0.2525228239867031	0.4378429612693062
0.059704153542415615	0.5870751154007553	0.8511874849789158	0.14881251502108414	0.17040194884287455	0.2641366940432361	0.25275261761815965	0.43826260037967124
0.059695892788501216	0.5870751154007553	0.8511437872795997	0.14885621272040028	0.17036044812469556	0.2640868334119868	0.2527029660728935	0.4382189026803549
0.059695421737486855	0.5874947545111204	0.8511437872795997	0.14885621272040028	0.17046146353342262	0.2642506606266516	0.252932721730588	0.43863854179072015
0.059531163380848386	0.5874947545111204	0.8505320194891739	0.1494679805108261	0.16988229583788375	0.2635542168674699	0.2522389375066026	0.4380267740002943
0.05952272334487684	0.5879143936214856	0.8505320194891739	0.1494679805108261	0.16998301383159428	0.26371764705882356	0.25246843359847826	0.43844641311065935
0.05950385456884691	0.5879143936214856	0.8504883217898578	0.14951167821014225	0.16994177583697234	0.2636680154323892	0.25241897284016934	0.43840271541134346
0.059502237723632355	0.5883340327318506	0.8504883217898578	0.14951167821014225	0.1700424499696786	0.26383138878434326	0.25264843119089553	0.4388223545217085
0.05948792055815053	0.5883340327318506	0.8504009263912256	0.1495990736087745	0.16995999515092738	0.263732129420617	0.25254952045954887	0.43873495912307625
0.05948222421465519	0.5887536718422157	0.8504009263912256	0.1495990736087745	0.17006060606060605	0.26389541991911974	0.2527789241158418	0.4391545982334413
0.05941905471371395	0.5887536718422157	0.8498547051497739	0.15014529485022612	0.16954682779456193	0.2632764120848189	0.25216186893649367	0.4386083769919895
0.059405985634927994	0.5891733109525807	0.8498547051497739	0.15014529485022612	0.16964717254712422	0.2634393470306783	0.2523910401953686	0.43902801610235453
0.059404835726551454	0.5891733109525807	0.8498328563001158	0.1501671436998842	0.16962667633200434	0.2634146341463415	0.25236639777729586	0.4390061672526966
0.059397651567492736	0.5895929500629459	0.8498328563001158	0.1501671436998842	0.16972698719497464	0.263577525560454	0.2525955399908728	0.4394258063630616
0.059386245960722665	0.5895929500629459	0.8497673097511416	0.1502326902488584	0.169665499335829	0.263503375843961	0.2525216096155112	0.43936025981408733
0.05938587996359616	0.5900125891733109	0.8497673097511416	0.1502326902488584	0.16976575706351124	0.26366619784341305	0.2527507059229448	0.43977989892445235
0.05935733811957097	0.5900125891733109	0.8496580655028513	0.15034193449714872	0.1696633281042597	0.26354264292408625	0.2526275204493559	0.4396706546761622
0.05935537368702167	0.590432228283676	0.8496580655028513	0.15034193449714872	0.16976351351351351	0.263705369693562	0.2528565540382701	0.4400902937865272
0.059346137089449615	0.590432228283676	0.8496143678035352	0.15038563219646486	0.16972255729794933	0.26365595427714794	0.25280728887828385	0.4400465960872113
0.059345286842186845	0.5908518673940412	0.8496143678035352	0.15038563219646486	0.16982269931250754	0.2638186246955218	0.2530362850805014	0.44046623519757633
0.05929082469119115	0.5908518673940412	0.8491336931110577	0.1508663068889423	0.1693732707807049	0.26327599102468213	0.25249515695397695	0.43998556050509885
0.0592785974309245	0.5912715065044062	0.8491336931110577	0.1508663068889423	0.16947317777243204	0.2634383472001496	0.25272394782137	0.44040519961546387
0.059275674614380235	0.5912715065044062	0.8491118442613996	0.15088815573860037	0.16945279615153339	0.26341372219106374	0.25269938502096373	0.4403833507658059
0.05927220394707822	0.5916911456147713	0.8491118442613996	0.15088815573860037	0.16955266955266957	0.26357603514347133	0.25292814706859384	0.44080298987617095
0.05924199842034409	0.5916911456147713	0.8489370534641352	0.15106294653586488	0.16938971648246035	0.2633790977864948	0.25273170978061366	0.4406281990789065
0.05923692792273755	0.5921107847251363	0.8489370534641352	0.15106294653586488	0.1694894894894895	0.2635412775494957	0.2529603844365886	0.4410478381892715
0.0592196639508315	0.5921107847251363	0.8488496580655028	0.15115034193449714	0.16940809220794814	0.2634428678117999	0.2528622203353644	0.4409604427906393
0.05921201850942259	0.5925304238355015	0.8488496580655028	0.15115034193449714	0.1695078031212485	0.2636049659292448	0.25309084116663894	0.4413800819010043
0.05906444800677212	0.5925304238355015	0.8480412506281544	0.1519587493718456	0.16875821680411138	0.26269767441860464	0.2521852833569533	0.44057167446365586
0.059064141615957466	0.5929500629458666	0.8480412506281544	0.1519587493718456	0.16885755258126195	0.2628592689052181	0.25241357574775203	0.4409913135740209
0.058939268283159374	0.5929500629458666	0.8474294828377286	0.1525705171622714	0.1682944259171034	0.26217645421653213	0.2517313566119425	0.4403795457835953
0.05893630244869582	0.5933697020562316	0.8474294828377286	0.1525705171622714	0.1683934738597118	0.2623376623376623	0.25195939699487846	0.4407991848939603
0.05892767458018189	0.5933697020562316	0.8473639362887544	0.1526360637112456	0.16833333333333333	0.26226467587869795	0.25188644485450495	0.440733638344986
0.05892532196508849	0.5937893411665968	0.8473639362887544	0.1526360637112456	0.16843232948458517	0.2624258160237389	0.25211444036806313	0.44115327745535104
0.0589169129036756	0.5937893411665968	0.8472546920404641	0.15274530795953592	0.16833214370687605	0.2623041987209195	0.25199288405745407	0.44104403320706087
0.05891526745555692	0.5942089802769618	0.8472546920404641	0.15274530795953592	0.16843106934697277	0.26246524559777573	0.25222081825865694	0.4414636723174259
0.058776859424162886	0.5942089802769618	0.8463151915051672	0.15368480849483274	0.16757396449704143	0.26142342841318195	0.2511787699908856	0.4405241717821289
0.058764310143403255	0.5946286193873269	0.8463151915051672	0.15368480849483274	0.16767246479706543	0.26158390252907515	0.25140633118366806	0.4409438108924941
0.058750330033932506	0.5946286193873269	0.846227796106535	0.15377220389346502	0.16759314015375518	0.26148735929138217	0.2513096981806446	0.4408564154938619
0.058742929966623815	0.5950482584976919	0.846227796106535	0.15377220389346502	0.16769157994323558	0.2616477534827936	0.25153720678300834	0.4412760546042269
0.05872580023516747	0.5950482584976919	0.8460748541589285	0.15392514584107148	0.16755287723029658	0.26147888622533655	0.2513681781648117	0.4411231126566204
0.058720698851078335	0.5954678976080571	0.8460748541589285	0.15392514584107148	0.16765122873345936	0.2616391629021849	0.2515956097572541	0.44154275176698565
0.05870367846403098	0.5954678976080571	0.8459656099106382	0.1540343900893618	0.1675522493800921	0.2615186140803539	0.2514749403380318	0.44143350751869526
0.05870245091320748	0.5958875367184222	0.8459656099106382	0.1540343900893618	0.16765053128689492	0.2616787984888971	0.251702311334441	0.4418531466290605
0.05858529321002542	0.5958875367184222	0.8453538421202124	0.15464615787978764	0.16709814073899742	0.26100542229574486	0.25102796277254863	0.44124137883863446
0.058581184099769805	0.5963071758287872	0.8453538421202124	0.15464615787978764	0.16719614072243794	0.2611652269803345	0.25125508646811634	0.4416610179489995
0.05831282881910622	0.5963071758287872	0.8440647599903865	0.1559352400096135	0.16604346810002338	0.2597568777991043	0.24984262653647005	0.4403719358191738
0.05830559866217464	0.5967268149391524	0.8440647599903865	0.1559352400096135	0.1661409043112513	0.25991592030707367	0.2500692547942291	0.440791574929539
0.058200746231977164	0.5967268149391524	0.8434748410496187	0.15652515895038127	0.16561844863731656	0.2592761418543167	0.2494266705465073	0.4402016559887709
0.05819451897012834	0.5975660931598825	0.8434748410496187	0.15652515895038127	0.16581276199347927	0.25959347370339986	0.24987943651851321	0.4410409342095012
0.058152377672032164	0.5975660931598825	0.8431908060040638	0.15680919399593612	0.16556214393675153	0.25928623452294247	0.24957072688787135	0.44075689916394634
0.05814957584036784	0.5979857322702475	0.8431908060040638	0.15680919399593612	0.16565914903510812	0.2594446973145198	0.24979697718760424	0.44117653827431136
0.05804544407252659	0.5979857322702475	0.8426664336122703	0.1573335663877297	0.16519823788546256	0.25887909891906624	0.24922837283151306	0.440652165882518
0.058043388162638564	0.5984053713806127	0.8426664336122703	0.1573335663877297	0.16529500405703026	0.25903723887375113	0.24945441318103617	0.441071804992883
0.05800024648226943	0.5984053713806127	0.8423387008673994	0.15766129913260066	0.1650080999768572	0.2586848072562358	0.24909990803222293	0.44074407224801204
0.05799908385857155	0.5988250104909778	0.8423387008673994	0.15766129913260066	0.16510470901307417	0.25884273535280244	0.24932581043569807	0.44116371135837706
0.057963916481021116	0.5988250104909778	0.8421857589197929	0.15781424108020714	0.16497109826589595	0.25867850992477115	0.24916057930780852	0.44101076941077055
0.057955193948783644	0.5992446496013428	0.8421857589197929	0.15781424108020714	0.16506762224020344	0.2588363240891789	0.24938640725877062	0.4414304085211356
0.05789842111960039	0.5992446496013428	0.841901723874238	0.15809827612576197	0.16481994459833796	0.25853172807096947	0.24907988445420687	0.44114637347558094
0.0578970838444142	0.599664288711708	0.841901723874238	0.15809827612576197	0.16491633006347375	0.25868935553946415	0.2493055908180851	0.44156601258594597
0.05781932325992271	0.599664288711708	0.8414865957307348	0.15851340426926522	0.16455550437586366	0.2582452335773019	0.24885846621963087	0.44115088444244277
0.05781760013445292	0.600083927822073	0.8414865957307348	0.15851340426926522	0.16465169833045482	0.25840260209613297	0.24908400422302593	0.4415705235528078
0.05773913546791127	0.600083927822073	0.8410933164368896	0.1589066835631104	0.16431115707227392	0.2579830416741837	0.24866138343950725	0.44117724425896254
0.05772615902309745	0.6009232060428031	0.8410933164368896	0.1589066835631104	0.16450315910396324	0.2582972582972583	0.24911212059806873	0.4420165224796926
0.05767573578199919	0.6009232060428031	0.8406563394437283	0.15934366055627172	0.16412607449856734	0.2578321930140439	0.24864349223724688	0.44157954548653144
0.05767288990779865	0.6017624842635334	0.8406563394437283	0.15934366055627172	0.16431763492609144	0.25814581458145813	0.24909384174429433	0.4424188237072617
0.05765060653666085	0.6017624842635334	0.8403941532478315	0.1596058467521685	0.16409200137315483	0.2578672900557454	0.24881311338585274	0.4421566375113648
0.05764850622905591	0.6021821233738984	0.8403941532478315	0.1596058467521685	0.16418764302059496	0.2580239144115796	0.24903816658112693	0.4425762766217298
0.057609859656592134	0.6021821233738984	0.8402630601498831	0.1597369398501169	0.16407500571689915	0.25788480546320425	0.24889793400462437	0.4424451835237815
0.057608519616430244	0.6026017624842636	0.8402630601498831	0.1597369398501169	0.1641705727678061	0.25804132973944294	0.2491229218404221	0.4428648226341467
0.05756198917768618	0.6026017624842636	0.8400227228036444	0.1599772771963556	0.16396437542817996	0.25778655416928464	0.24886605132731704	0.442624485287908
0.05755175435613371	0.6030214015946286	0.8400227228036444	0.1599772771963556	0.16405982418084256	0.2579429186860528	0.24909093520354522	0.443044124398273
0.0575131463002852	0.6030214015946286	0.8398697808560379	0.16013021914396208	0.16392881587953456	0.25778096690286123	0.2489276249952948	0.4428911824506665
0.057493341417403254	0.6038606798153587	0.8398697808560379	0.16013021914396208	0.16411952554744524	0.2580934445341225	0.2493772283354422	0.44373046067139654
0.0574632970554681	0.6038606798153587	0.8397168389084315	0.16028316109156854	0.163988603988604	0.2579315289478401	0.2492139707362603	0.44357751872379025
0.0574533661995948	0.6042803189257239	0.8397168389084315	0.16028316109156854	0.1640838650865998	0.25808764226185144	0.24943869034431584	0.4439971578341555
0.05745033599796014	0.6042803189257239	0.8396731412091154	0.16032685879088465	0.16404647983595352	0.25804139414031	0.249392059387493	0.44395346013483916
0.05744243701144083	0.604699958036089	0.8396731412091154	0.16032685879088465	0.16414170178835857	0.25819745565310875	0.24961674490216035	0.4443730992452044
0.05737709445321753	0.604699958036089	0.8393891061635605	0.1606108938364395	0.1638989990900819	0.25789709172259506	0.24931386253075705	0.44408906419964955
0.057375086457726425	0.605119597146454	0.8393891061635605	0.1606108938364395	0.16399408620493575	0.2580529706513959	0.24953842939718077	0.4445087033100146
0.05734216129548337	0.605119597146454	0.8391924665166379	0.1608075334833621	0.16382640309020677	0.25784532856504244	0.2493289956673776	0.44431206366309195
0.05734041024912596	0.6055392362568192	0.8391924665166379	0.1608075334833621	0.16392139043507895	0.2580010727695333	0.2495534748493911	0.4447317027734572
0.05731728603408701	0.6055392362568192	0.8389958268697153	0.1610041731302847	0.16375397185655924	0.2577936578829835	0.2493442358826473	0.44453506312653435
0.057316960527466494	0.6059588753671842	0.8389958268697153	0.1610041731302847	0.1638488596391694	0.25794926759556985	0.24956862754675824	0.44495470223689937
0.05724703931491354	0.6059588753671842	0.8387336406738185	0.16126635932618147	0.1636260623229462	0.25767309064953603	0.2492899597315936	0.4446925160410027
0.057247025956478126	0.6063785144775493	0.8387336406738185	0.16126635932618147	0.16372082483571268	0.2578285306450174	0.24951424113305407	0.4451121551513677
0.0572201051382679	0.6063785144775493	0.838537001026896	0.16146299897310407	0.16355404640633842	0.25762167944375114	0.24930547776802914	0.4449155155044453
0.05721620926483225	0.6067981535879144	0.838537001026896	0.16146299897310407	0.16364870982344953	0.25777698547107586	0.24952967202653473	0.4453351546148103
0.057214703599418076	0.6067981535879144	0.8384933033275798	0.1615066966724202	0.16361167684996605	0.257731040014259	0.24948330050257722	0.4452914569154942
0.05721321129009984	0.6072177926982795	0.8384933033275798	0.1615066966724202	0.16370630161783006	0.2578862947781144	0.2497074610576892	0.44571109602585923
0.05720398268607015	0.6072177926982795	0.8384714544779217	0.16152854552207827	0.16368778280542987	0.2578633164038136	0.2496842725287339	0.44568924717620106
0.05720183571702206	0.6076374318086446	0.8384714544779217	0.16152854552207827	0.16378237755909966	0.2580185317177477	0.2499084070139977	0.4461088862865663
0.057196853268095295	0.6076374318086446	0.8384059079289475	0.16159409207105246	0.16372682044323836	0.25794958581989846	0.24983883798725803	0.44604333973759225
0.05718957935429194	0.6080570709190096	0.8384059079289475	0.16159409207105246	0.16382136800452232	0.2581047381546135	0.2500629312070543	0.44646297884795727
0.05716691927100051	0.6080570709190096	0.8381874194323669	0.16181258056763312	0.16363636363636364	0.2578750667378537	0.24983116829152746	0.4462444903513765
0.057161023721551345	0.6084767100293748	0.8381874194323669	0.16181258056763312	0.1637308039747064	0.25803007384998666	0.2500551671381855	0.4466641294617415
0.05707478656202051	0.6084767100293748	0.8377504424392056	0.16224955756079443	0.1633618747183416	0.2575717204014566	0.2495924555134293	0.44622715246858036
0.05706694980865288	0.6088963491397398	0.8377504424392056	0.16224955756079443	0.16345612256392925	0.2577264653641208	0.2498162845186478	0.4466467915789454
0.05700400377940588	0.6088963491397398	0.8374227096943346	0.1625772903056654	0.1631803868645974	0.25738359201773836	0.2494699792789844	0.4463190588340744
0.056999603939232375	0.60973562736047	0.8374227096943346	0.1625772903056654	0.16336856307623115	0.25769264875410125	0.2499173559411641	0.4471583370548047
0.05698605043557	0.60973562736047	0.8373353142957023	0.16266468570429768	0.1632951224994381	0.25760127648258135	0.2498250690518593	0.4470709416561722
0.05698488272318491	0.6101552664708351	0.8373353142957023	0.16266468570429768	0.1633891448477357	0.25775571707144124	0.250048699867409	0.44749058076653725
0.05697656105014553	0.6101552664708351	0.837226070047412	0.162773929952588	0.1632973944294699	0.25764153450872684	0.24993337543879512	0.4473813365182471
0.0569719947219986	0.6105749055812002	0.837226070047412	0.162773929952588	0.16339135317237508	0.2577958894401134	0.2501569504054423	0.4478009756286121
0.05690914047735792	0.6105749055812002	0.8369638838515152	0.1630361161484848	0.16317147022541215	0.2575221238938053	0.24988040664232208	0.4475387894327154
0.05690681358854454	0.6109945446915652	0.8369638838515152	0.1630361161484848	0.16326530612244897	0.2576763118308114	0.25010387329732053	0.44795842854308043
0.05678927867601991	0.6109945446915652	0.8360462321658765	0.16395376783412352	0.1625	0.2567222075288724	0.2491392507907515	0.4470407768574418
0.056784363455227825	0.6114141838019304	0.8360462321658765	0.16395376783412352	0.16259346055127777	0.25687588152327223	0.24936238544910042	0.44746041596780683
0.05664507511749387	0.6114141838019304	0.8350848827809216	0.16491511721907842	0.1617990005552471	0.2558833860203723	0.2483574469953268	0.4464990665828519
0.056632917524224974	0.6118338229122954	0.8350848827809216	0.16491511721907842	0.16189207195203198	0.2560365264729125	0.24858023724588452	0.4469187056932169
0.056578659009978015	0.6118338229122954	0.8349756385326312	0.16502436146736874	0.1618022417045833	0.2559241706161137	0.24846638455659498	0.4468094614449267
0.056575899215162394	0.6122534620226605	0.8349756385326312	0.16502436146736874	0.16189525077674213	0.2560772268538833	0.24868911999327387	0.44722910055529175
0.056570804545712255	0.6122534620226605	0.8349100919836571	0.16508990801634293	0.16184137548530228	0.2560098262853132	0.24862082347238204	0.44716355400631747
0.05656994903152698	0.6130927402433907	0.8349100919836571	0.16508990801634293	0.16202728180104248	0.2563157894736842	0.24906619649951983	0.44800283222704773
0.05655159005210348	0.6130927402433907	0.8348008477353668	0.16519915226463328	0.16193748614497894	0.2562034195528277	0.24895235725921713	0.44789358797875733
0.056550912671038255	0.6135123793537558	0.8348008477353668	0.16519915226463328	0.162030366840297	0.2563563036998071	0.24917498017030226	0.4483132270891226
0.05649950607963272	0.6135123793537558	0.834560510389128	0.165439489610872	0.16183307504981181	0.2561093106770605	0.2489247254700373	0.44807288974288384
0.05649947587697065	0.6139320184641208	0.834560510389128	0.165439489610872	0.16192584394023243	0.25626204238921	0.24914724966482624	0.44849252885324886
0.05645764243381962	0.6139320184641208	0.8343201730428893	0.1656798269571107	0.1617289409683838	0.25601539942252166	0.24889728818304924	0.4482521915070101
0.05645744494443181	0.614351657574486	0.8343201730428893	0.1656798269571107	0.16182159831988505	0.25616797900262467	0.2491197138783772	0.44867183061737537
0.05637331187561103	0.614351657574486	0.833926893749044	0.1660731062509559	0.16150027578599008	0.2557651991614256	0.24871135820778084	0.4482785513235301
0.056371937529185207	0.614771296684851	0.833926893749044	0.1660731062509559	0.1615927641738363	0.25591754738405104	0.2489336344402959	0.44869819043389514
0.05634442059986359	0.614771296684851	0.8337521029517796	0.1662478970482204	0.16145029755344942	0.25573884961159116	0.24875240399892307	0.4485233996366307
0.05634397860310835	0.6151909357952161	0.8337521029517796	0.1662478970482204	0.1615426997245179	0.2558910804677954	0.24897460415462241	0.4489430387469957
0.05629435692393422	0.6151909357952161	0.8334243702069086	0.1665756297930914	0.16127612761276128	0.25555652401289985	0.24863521573899075	0.44861530600212474
0.05628926410555398	0.6156105749055812	0.8334243702069086	0.1665756297930914	0.16136838631613684	0.2557085584800418	0.24885728899879597	0.44903494511248976
0.05622793773718843	0.6156105749055812	0.8331621840110118	0.16683781598898817	0.16115566296825223	0.25544140693017586	0.2485861854658014	0.4487727589165931
0.05622491767348917	0.6160302140159463	0.8331621840110118	0.16683781598898817	0.16124780316344464	0.2555932793592757	0.2488081539559557	0.4491923980269581
0.05617915771683174	0.6160302140159463	0.832899997815115	0.16710000218488497	0.16103554190434402	0.25532655013479433	0.24853740148259698	0.4489302118310614
0.05617714370761382	0.6164498531263114	0.832899997815115	0.16710000218488497	0.16112756389163102	0.2554782608695652	0.24875926544919627	0.44934985094142643
0.05605695889859794	0.6164498531263114	0.8323319277240053	0.16766807227599467	0.16066936454117905	0.2549019607843137	0.24817394371514362	0.4487817808503167
0.05605551485719936	0.6168694922366764	0.8323319277240053	0.16766807227599467	0.16076115485564305	0.2550533529973107	0.24839560238464486	0.44920141996068175
0.05603794260651157	0.6168694922366764	0.8322445323253731	0.16775546767462693	0.16069086139046787	0.2549648772873125	0.24830570519520326	0.4491140245620495
0.05603572224899125	0.6172891313470416	0.8322445323253731	0.16775546767462693	0.16078259919116844	0.25511619840443983	0.24852731762960703	0.44953366367241454
0.05602058499598839	0.6172891313470416	0.8321134392274246	0.16788656077257533	0.16067722555980338	0.2549835326746403	0.24839251896671344	0.4494025705744662
0.05601466879817533	0.6177087704574066	0.8321134392274246	0.16788656077257533	0.16076889471384884	0.25513476037784905	0.24861407083176812	0.4498222096848312
0.05599985835585646	0.6177087704574066	0.8319604972798182	0.16803950272018178	0.16064607661246316	0.2549800796812749	0.24845689221744993	0.44966926773722493
0.055989399051674216	0.6185480486781368	0.8319604972798182	0.16803950272018178	0.16082924168030552	0.25528229996536195	0.2488998432578723	0.450508545957955
0.055981224654428195	0.6185480486781368	0.8318512530315278	0.16814874696847212	0.16074154852780806	0.2551718168441098	0.24878759115300317	0.4503993017096648
0.055977702205559254	0.6189676877885019	0.8318512530315278	0.16814874696847212	0.16083306073492531	0.25532283191968147	0.24900900479102892	0.4508189408200298
0.055925624470048695	0.6189676877885019	0.8315453691363149	0.16845463086368503	0.16058791507893305	0.2550138312586445	0.24869499737754	0.4505130569248168
0.05592468767246842	0.619387326898867	0.8315453691363149	0.16845463086368503	0.16067929457870672	0.25516466418878037	0.24891629349661604	0.4509326960351818
0.055910122041734144	0.619387326898867	0.8314142760383666	0.16858572396163343	0.16057441253263707	0.2550323974082073	0.24878185554848778	0.4508016029372337
0.055901790442718514	0.619806966009232	0.8314142760383666	0.16858572396163343	0.1606657239203742	0.2551831375259157	0.24900309153223857	0.4512212420475987
0.05590017254639031	0.619806966009232	0.8313924271887085	0.1686075728112915	0.16064824885795084	0.25516109527511444	0.248980688526	0.45119939319794056
0.055900120111083675	0.6202266051195972	0.8313924271887085	0.1686075728112915	0.1607395323545405	0.2553117982380377	0.2492019001138978	0.4516190323083058
0.0558560654483374	0.6202266051195972	0.8310865432934956	0.1689134567065044	0.16049516777065914	0.2550034506556246	0.24888847146561785	0.4513131484130928
0.0558506061416378	0.6206462442299623	0.8310865432934956	0.1689134567065044	0.16058631921824104	0.25515397222461833	0.24910956607436655	0.4517327875234578
0.0558021838663581	0.6206462442299623	0.830868054796915	0.16913194520308505	0.160412147505423	0.2549340687753167	0.2488859746436397	0.45151429902687723
0.05579658697549703	0.6210658833403273	0.830868054796915	0.16913194520308505	0.16050319921917364	0.25508445363667703	0.24910698097943074	0.45193393813724225
0.055791963793459416	0.6210658833403273	0.8308462059472569	0.1691537940527431	0.16048579483842984	0.25506247307195173	0.2490846310797358	0.4519120892875841
0.05579139996438267	0.6214855224506924	0.8308462059472569	0.1691537940527431	0.16057681882250893	0.2552128209546786	0.24930561314830113	0.45233172839794933
0.055708493140853	0.6214855224506924	0.8304310778037536	0.16956892219624636	0.16024669984851764	0.2547956989247312	0.24888139369959872	0.4519166002544459
0.05570752083779879	0.6219051615610575	0.8304310778037536	0.16956892219624636	0.16033755274261605	0.25494581111302256	0.24910222402243865	0.45233623936481093
0.05563441234618758	0.6219051615610575	0.8299285542616182	0.17007144573838187	0.15993956399740988	0.2544424414112799	0.24858995973916448	0.4518337158226755
0.05562966696290928	0.6227444397817876	0.8299285542616182	0.17007144573838187	0.16012084592145015	0.25474208222470174	0.24903124454136233	0.4526729940434058
0.05561724067873253	0.6227444397817876	0.8297974611636697	0.17020253883633027	0.16001725253396593	0.2546109633696491	0.2488977819088898	0.45254190094545743
0.05561360194143387	0.6231640788921528	0.8297974611636697	0.17020253883633027	0.1601078167115903	0.2547606793618116	0.24911835656880624	0.45296154005582245
0.05558323257216658	0.6231640788921528	0.8296226703664052	0.17037732963359478	0.15996983733706777	0.2545859763415052	0.24894051453060403	0.452786749258558
0.05557778736295527	0.6235837180025179	0.8296226703664052	0.17037732963359478	0.16006031882809135	0.2547355789834576	0.24916101600071947	0.453206388368923
0.05556524687499414	0.6235837180025179	0.8295352749677729	0.17046472503222707	0.15999138673557278	0.2546482734984149	0.24907213726170108	0.4531189929702908
0.055563316885745534	0.6240033571128829	0.8295352749677729	0.17046472503222707	0.1600818172031435	0.2547978067169294	0.24929259370596005	0.4535386320806558
0.05556099752863256	0.6240033571128829	0.8295134261181148	0.17048657388188512	0.16006458557588804	0.25477597875439045	0.24927037433173738	0.45351678323099787
0.05556059037270903	0.624422996223248	0.8295134261181148	0.17048657388188512	0.16015498869874073	0.25492547541545313	0.24949080681634112	0.4539364223413629
0.05550594417517154	0.624422996223248	0.8291638445235858	0.17083615547641418	0.15987966047061353	0.2545765611633875	0.24913558256726315	0.453586840746834
0.055502455156369236	0.6248426353336131	0.8291638445235858	0.17083615547641418	0.15996991834980662	0.2547258574972201	0.24935588616575138	0.454006479857199
0.05546788247682241	0.6248426353336131	0.828879809478031	0.17112019052196903	0.15974680828237314	0.2544429254955571	0.24906772570014207	0.4537224448116439
0.05546637100789503	0.6252622744439782	0.828879809478031	0.17112019052196903	0.15983694486161767	0.25459205467748824	0.2492879216999155	0.45414208392200917
0.05544812930258439	0.6252622744439782	0.8288361117787149	0.17116388822128514	0.1598026598026598	0.25454856069018533	0.24924361904157608	0.45409838622269305
0.05544326332724394	0.6256819135543432	0.8288361117787149	0.17116388822128514	0.15989276139410188	0.2546976426375128	0.24946378426175797	0.4545180253330581
0.05544118024704586	0.6256819135543432	0.8288142629290568	0.17118573707094323	0.15987561655586532	0.2546758903407635	0.2494416303291631	0.4544961764834001
0.055437659165817665	0.6261015526647083	0.8288142629290568	0.17118573707094323	0.15996569100461028	0.25482493595217764	0.24966177175153598	0.45491581559376515
0.05535819631942521	0.6261015526647083	0.8282898905372632	0.1717101094627368	0.15955512779381884	0.2543037327424578	0.24913078109430067	0.45439144320197156
0.055357312976562184	0.6265211917750735	0.8282898905372632	0.1717101094627368	0.15964499572284002	0.25445249254367275	0.24935073900338903	0.4548110823123368
0.05533115252332377	0.6265211917750735	0.8281369485896568	0.17186305141034325	0.15952559034084837	0.25430080054505194	0.24919613226902926	0.4546581403647303
0.05532915545656645	0.6269408308854385	0.8281369485896568	0.17186305141034325	0.1596153846153846	0.25444945925232054	0.24941602494774787	0.4550777794750953
0.05530116699517049	0.6269408308854385	0.8279840066420503	0.1720159933579497	0.1594961033415181	0.25429787234042556	0.24926151118330625	0.4549248375274888
0.05529685688831016	0.6273604699958036	0.8279840066420503	0.1720159933579497	0.15958582408198121	0.25444643009105605	0.24948133873074643	0.4553444766378538
0.055173320210690845	0.6273604699958036	0.8271974480543599	0.17280255194564006	0.15897490429604424	0.2536692966827861	0.24868867274581366	0.45455791805016355
0.05517020301122386	0.6277801091061687	0.8271974480543599	0.17280255194564006	0.15906432748538013	0.2538174414658975	0.24890823559616138	0.45497755716052857
0.05514701123540555	0.6277801091061687	0.8270663549564116	0.17293364504358846	0.15896291573690363	0.25368831609292863	0.24877644405616217	0.4548464640625802
0.055134629613157106	0.6281997482165338	0.8270663549564116	0.17293364504358846	0.15905227369315766	0.2538363713437897	0.24899594913528617	0.45526610317294525
0.05512410043791697	0.6281997482165338	0.826913413008805	0.17308658699119492	0.15893406943412253	0.253685815963396	0.2488422740612532	0.45511316122533874
0.05512281383881971	0.6286193873268988	0.826913413008805	0.17308658699119492	0.15902335456475583	0.25383377107515037	0.24906171459716236	0.45553280033570376
0.05496872566326912	0.6286193873268988	0.8259302147741922	0.17406978522580785	0.15826730058108823	0.2528696826468602	0.2480768159176735	0.45454960210109085
0.05496754637414319	0.629039026437264	0.8259302147741922	0.17406978522580785	0.1583562222691739	0.25301713224744704	0.2482959328848406	0.4549692412114561
0.0549476505087202	0.629039026437264	0.8257335751272695	0.17426642487273045	0.15820580474934037	0.25282509698094113	0.24809957800354066	0.4547726015645335
0.05494433527229269	0.6294586655476291	0.8257335751272695	0.17426642487273045	0.1582946390882229	0.2529724260055654	0.2483186174399414	0.4551922406748985
0.054933425608877595	0.6294586655476291	0.8256680285782954	0.17433197142170465	0.15824454056335058	0.25290844714213456	0.24825319603577015	0.45512669412592444
0.054922271741369814	0.6298783046579941	0.8256680285782954	0.17433197142170465	0.15833333333333333	0.2530557194638793	0.24847219874673043	0.45554633323628946
0.05488697501982429	0.6298783046579941	0.8254276912320566	0.17457230876794336	0.1581498261510905	0.25282129021391275	0.24823246174472924	0.4553059958900507
0.05488548383304975	0.6302979437683592	0.8254276912320566	0.17457230876794336	0.1582385166455963	0.25296842105263156	0.2484513736002448	0.45572563500041596
0.05482434544346332	0.6302979437683592	0.8250781096375276	0.1749218903624724	0.15797223390828777	0.2526280380119418	0.24810316165979712	0.4553760534058868
0.0548182923319788	0.6307175828787243	0.8250781096375276	0.1749218903624724	0.1580607845199285	0.25277497477295663	0.24832194911026287	0.45579569251625185
0.05478123484047793	0.6307175828787243	0.8249251676899212	0.17507483231007887	0.15794451450189156	0.2526262711152198	0.2481697839024975	0.45564275056864556
0.054780887582940314	0.6311372219890894	0.8249251676899212	0.17507483231007887	0.15803299359041714	0.2527731092436975	0.2483885078946219	0.4560623896790106
0.054772979122350705	0.6311372219890894	0.824881469990605	0.175118530009395	0.15799978989389643	0.2527306335069736	0.24834504372828742	0.45601869197969425
0.05475503348348414	0.6319765002098195	0.824881469990605	0.175118530009395	0.15817666211532402	0.2530241935483871	0.2487824160273403	0.4568579702004245
0.05462854721980712	0.6319765002098195	0.8240730625532566	0.17592693744674343	0.15756434400502198	0.2522401808893727	0.24797983537772803	0.4560495627630763
0.05462673563709928	0.6323961393201847	0.8240730625532566	0.17592693744674343	0.15765247410817032	0.25238653491877405	0.24819824903465237	0.4564692018734413
0.05462291809727352	0.6323961393201847	0.8240075160042823	0.17599248399571762	0.157603011922192	0.2523231477605693	0.2481333209518996	0.45640365532446703
0.054618929658361105	0.6328157784305497	0.8240075160042823	0.17599248399571762	0.15769110111889575	0.25246944583961156	0.24835169842926405	0.45682329443483205
0.054607647741938235	0.6328157784305497	0.8239638183049662	0.17603618169503377	0.1576581285938317	0.2524271844660194	0.2483084134749722	0.45677959673551594
0.054606601048067964	0.6332354175409148	0.8239638183049662	0.17603618169503377	0.1577461844030943	0.25257343710770774	0.24852676147911773	0.4571992358458812
0.0546061974072641	0.6332354175409148	0.8239201206056501	0.17607987939434988	0.15771321070234115	0.2525311689398377	0.24848347420732045	0.45715553814656484
0.05460478175591076	0.6336550566512799	0.8239201206056501	0.17607987939434988	0.15780123314870936	0.25267737617135205	0.2487017927581547	0.45757517725692987
0.054601089104157584	0.6336550566512799	0.823876422906334	0.17612357709366602	0.1577682582802215	0.2526351012213485	0.24865850317692934	0.457531479557614
0.05460100484215789	0.634074695761645	0.823876422906334	0.17612357709366602	0.15785624738821563	0.2527812630698453	0.24887679229434284	0.457951118667979
0.05458053401833444	0.634074695761645	0.8237890275077018	0.17621097249229828	0.1577903091060986	0.2526967137720545	0.24879021955688466	0.45786372326934677
0.05457979462832621	0.6344943348720101	0.8237890275077018	0.17621097249229828	0.1578782499738958	0.2528428093645485	0.2490084659397325	0.4582833623797118
0.0545019017885956	0.6344943348720101	0.8232865039655662	0.1767134960344338	0.1575	0.2523575064674956	0.24851137395845035	0.45778083883757636
0.05449897860153444	0.6349139739823751	0.8232865039655662	0.1767134960344338	0.15758775127590877	0.2525033377837116	0.24872945143762287	0.4582004779479414
0.054496880848975325	0.6349139739823751	0.8232646551159082	0.17673534488409184	0.1575713393043116	0.2524822695035461	0.2487078650526166	0.45817862909828344
0.054496755722243016	0.6353336130927403	0.8232646551159082	0.17673534488409184	0.15765906487555972	0.25262806607708993	0.24892591989796503	0.45859826820864846
0.05449249664184566	0.6353336130927403	0.8231772597172758	0.17682274028272413	0.15759342146351618	0.2525437864887406	0.24883957524443312	0.45851087281001623
0.054488062101232436	0.6357532522031053	0.8231772597172758	0.17682274028272413	0.15768109908409658	0.25268951713785337	0.24905758759553095	0.45893051192038126
0.054431319494041376	0.6357532522031053	0.8228276781227468	0.17717232187725315	0.15741895261845387	0.25235279420338136	0.24871254083652936	0.4585809303258521
0.05442324553166381	0.6361728913134704	0.8228276781227468	0.17717232187725315	0.1575064935064935	0.2524983344437042	0.2489304314250391	0.45900056943621736
0.054249148520389846	0.6361728913134704	0.821516747143263	0.17848325285673708	0.1565307176045431	0.2512429565793835	0.247642307689444	0.4576896384567335
0.05424239734665869	0.6365925304238355	0.821516747143263	0.17848325285673708	0.15661779888498864	0.25138785317756235	0.24785978815519077	0.4581092775670985
0.0542051462521669	0.6365925304238355	0.821189014398392	0.17881098560160807	0.15637563137820842	0.251075802714333	0.24753917636903636	0.45778154482222755
0.054204993020821525	0.6370121695342006	0.821189014398392	0.17881098560160807	0.1564625850340136	0.25122052130740585	0.24775654313455303	0.45820118393259257
0.054173644443170695	0.6370121695342006	0.8209049793528371	0.17909502064716293	0.15625321667524447	0.2509505703422053	0.24747908221117246	0.4579171488870377
0.05417173868345535	0.6378514477549307	0.8209049793528371	0.17909502064716293	0.15642688072450345	0.2512396694214876	0.24791359930680573	0.458756427107768
0.054153759417864177	0.6378514477549307	0.8206864908562564	0.17931350914374358	0.15626606353449163	0.2510322047894302	0.24770034486556813	0.4585379386111872
0.054153328871862645	0.6382710868652959	0.8206864908562564	0.17931350914374358	0.15635279605263158	0.2511766162992321	0.24791751494607006	0.4589575777215522
0.05413453430954246	0.6382710868652959	0.8204680023596758	0.17953199764032424	0.15619223659889095	0.25096939196435936	0.2477044620705498	0.45873908922497164
0.054134241758065	0.6386907259756609	0.8204680023596758	0.17953199764032424	0.15627887873498306	0.25111367761095527	0.24792155168163632	0.45915872833533666
0.05409601083217062	0.6386907259756609	0.8201184207651467	0.1798815792348533	0.15602255253716044	0.2507826660075795	0.24758111620622428	0.4588091467408075
0.05409472781726784	0.639110365086026	0.8201184207651467	0.1798815792348533	0.1561090610906109	0.250926764972403	0.24779808673412176	0.45922878585117277
0.05406653772805257	0.639110365086026	0.8198999322685661	0.18010006773143394	0.15594921155027647	0.25072022388673965	0.24758559448065665	0.4590102973545922
0.05406603110542138	0.639530004196391	0.8198999322685661	0.18010006773143394	0.15603563018327019	0.2508641975308642	0.24780248493063	0.4594299364649572
0.054046651126832455	0.639530004196391	0.8197469903209595	0.1802530096790404	0.15592387968078575	0.25071974993830715	0.24765385252066546	0.4592769945173507
0.05404662610367411	0.6399496433067562	0.8197469903209595	0.1802530096790404	0.15601023017902813	0.25086362888633	0.24787068235558785	0.45969663362771573
0.05404043167943535	0.6399496433067562	0.8197251414713016	0.18027485852869846	0.15599427168576105	0.2508429969569866	0.24784945327813196	0.4596747847780578
0.05403675077929552	0.6403692824171213	0.8197251414713016	0.18027485852869846	0.15608059732024138	0.2509868421052632	0.24806626116895525	0.4600944238884228
0.05403357909764447	0.6403692824171213	0.8196377460726693	0.1803622539273307	0.15601676720171762	0.250904307793489	0.24798134551791617	0.4600070284897906
0.05403261425839906	0.6407889215274863	0.8196377460726693	0.1803622539273307	0.15610304641177672	0.2510480887792848	0.24819811219143095	0.4604266676001556
0.05402590671141815	0.6407889215274863	0.8195940483733531	0.18040595162664685	0.15607113654946853	0.2510068217309115	0.24815565734130654	0.4603829699008395
0.05402561324978078	0.6412085606378515	0.8195940483733531	0.18040595162664685	0.15615738375063873	0.2511505588428665	0.24837239568063954	0.46080260901120473
0.05401892517744759	0.6412085606378515	0.819528501824379	0.18047149817562105	0.15610952186350632	0.25108865335633884	0.2483087139194717	0.46073706246223045
0.05401853545784736	0.6416281997482165	0.819528501824379	0.18047149817562105	0.15619572990090919	0.251232336510023	0.24852541752682764	0.4611567015725955
0.05381840387697067	0.6416281997482165	0.817867989250366	0.18213201074963403	0.15499239736441967	0.24967341606792945	0.24691952499863748	0.45949618899858247
0.05381833334477074	0.6420478388585816	0.817867989250366	0.18213201074963403	0.15507804581390636	0.24981631153563555	0.24713572854690632	0.4599158281089477
0.05378092316365376	0.6420478388585816	0.8176495007537853	0.1823504992462147	0.15492102065613608	0.24961252957011176	0.24692548179095103	0.4596973396123669
0.05378046333205889	0.6424674779689467	0.8176495007537853	0.1823504992462147	0.15500658094563127	0.24975530179445352	0.24714160676117222	0.46011697872273194
0.05373655336695928	0.6424674779689467	0.8174965588061789	0.18250344119382114	0.1548968029138001	0.24961278226135158	0.24699454333372645	0.45996403677512543
0.05373567895432546	0.6428871170793118	0.8174965588061789	0.18250344119382114	0.15498229640870004	0.24975546136289534	0.24721060882692678	0.4603836758854907
0.0537066963310602	0.6428871170793118	0.8172562214599401	0.18274377854005985	0.15481002425222312	0.24953172082417135	0.24697969472233114	0.46014333853925193
0.05370451769710217	0.6433067561896769	0.8172562214599401	0.18274377854005985	0.15489542285541072	0.2496742671009772	0.24719567560262293	0.4605629776496172
0.05368412112162574	0.6433067561896769	0.8171469772116497	0.1828530227883502	0.15481720864471823	0.24957264957264957	0.24709078600493486	0.46045373340132656
0.05368170710812053	0.6437263953000419	0.8171469772116497	0.1828530227883502	0.15490255478137938	0.2497151229041185	0.2473067202130561	0.4608733725116916
0.05355569044667971	0.6437263953000419	0.8162948720749852	0.18370512792501476	0.15429491048078858	0.24892494929006084	0.24649053356510714	0.46002126737502724
0.05355520979174764	0.6441460344104071	0.8162948720749852	0.18370512792501476	0.154379965805089	0.24906701281843258	0.2467062078777922	0.46044090648539227
0.053483864649344064	0.6441460344104071	0.8157486508335337	0.18425134916646638	0.15399277688603533	0.24856286940328717	0.24618489255077255	0.4598946852439407
0.05348099594920075	0.6445656735207721	0.8157486508335337	0.18425134916646638	0.154077640686127	0.24870466321243523	0.24640039575807096	0.46031432435430575
0.05343786458315896	0.6445656735207721	0.8154864646376369	0.18451353536236317	0.15389239555154793	0.24846328049175023	0.24615065166141997	0.46005213815840884
0.053435341371323684	0.6449853126311372	0.8154864646376369	0.18451353536236317	0.15397715888599478	0.2486049332794177	0.24636606522003032	0.4604717772687741
0.053395196241582045	0.6449853126311372	0.8152679761410562	0.18473202385894383	0.1538230584467574	0.2484040404040404	0.24615816047265437	0.4602532887721935
0.053394622882069566	0.6454049517415023	0.8152679761410562	0.18473202385894383	0.15390773541479036	0.24854557207498384	0.24637349699091424	0.46067292788255854
0.05327659697272089	0.6454049517415023	0.8146125106513142	0.1853874893486858	0.1534470717350095	0.24794454296308238	0.24575110435251687	0.4600174623928166
0.05327507478892471	0.6458245908518674	0.8146125106513142	0.1853874893486858	0.1535315243415802	0.24808575803981622	0.24596624032875022	0.4604371015031816
0.05327297020919885	0.6458245908518674	0.8145688129519981	0.18543118704800193	0.15350089766606823	0.2480457732291079	0.24592481527764856	0.4603934038038655
0.05327274186174172	0.6462442299622325	0.8145688129519981	0.18543118704800193	0.15358531963698016	0.24818694601128122	0.24613992407153662	0.46081304291423075
0.05324231715866476	0.6462442299622325	0.8144377198540497	0.1855622801459503	0.1534934715439051	0.24806701030927836	0.246015671855607	0.4606819498162822
0.0532397142153772	0.6466638690725975	0.8144377198540497	0.1855622801459503	0.15357783535977676	0.24820810179592495	0.24623072883533031	0.4611015889266472
0.05304789962583864	0.6466638690725975	0.8131704865738819	0.18682951342611812	0.1526952041220769	0.24705410821643287	0.24503387933250742	0.45983435564647945
0.053046294049692196	0.6470835081829627	0.8131704865738819	0.18682951342611812	0.15277915386901814	0.2471946136582238	0.24524856590839822	0.4602539947568447
0.05301749862880494	0.6470835081829627	0.8129956957766173	0.18700430422338263	0.15265815265815266	0.24703620634412046	0.24508408659632364	0.46007920395958
0.053014230560947374	0.6475031472933277	0.8129956957766173	0.18700430422338263	0.15274203128093447	0.2471766119343212	0.24529870972589288	0.46049884306994504
0.053013989385753135	0.6475031472933277	0.8129738469269593	0.1870261530730407	0.15272691279817877	0.24715681563350952	0.2452781547772396	0.4604769942202869
0.05301023893541709	0.6479227864036928	0.8129738469269593	0.1870261530730407	0.15281076801266824	0.2472971890766397	0.24549275717377056	0.4608966333306521
0.05298797915548942	0.6479227864036928	0.8127772072800368	0.18722279271996328	0.15267477504202512	0.2471190781049936	0.24530781832273374	0.4606999936837295
0.05298329760729555	0.648342425514058	0.8127772072800368	0.18722279271996328	0.1527585525014831	0.2472593422421381	0.24552235132966377	0.46111963279409474
0.052974962252818725	0.648342425514058	0.8127116607310625	0.18728833926893748	0.15271325491746565	0.2472	0.2454607309654068	0.46105408624512045
0.05297114229177404	0.648762064624423	0.8127116607310625	0.18728833926893748	0.15279699545364697	0.24734021278297735	0.2456752311356846	0.4614737253554855
0.0529494001782874	0.648762064624423	0.812536869933798	0.18746313006620202	0.15267627888603594	0.2471820289391638	0.24551096939227562	0.461298934558221
0.05294694087769922	0.6491817037347881	0.812536869933798	0.18746313006620202	0.1527599486521181	0.24732214228617105	0.24572540641902513	0.46171857366858626
0.05293085131933891	0.6491817037347881	0.8123402302868754	0.1876597697131246	0.1526243093922652	0.24714434060228452	0.245540744586725	0.4615219340216634
0.052924518187869474	0.6496013428451531	0.8123402302868754	0.1876597697131246	0.15270790174607873	0.24728434504792332	0.24575511251825582	0.46194157313202844
0.05281897118698653	0.6496013428451531	0.8116847647971335	0.18831523520286658	0.15225730303924462	0.24669322709163347	0.24514081815381458	0.4612861076422865
0.05281528573541739	0.6500209819555183	0.8116847647971335	0.18831523520286658	0.15234067663257278	0.24683292167954746	0.2453549904130602	0.46170574675265175
0.05275663016419976	0.6500209819555183	0.8113570320522625	0.18864296794773755	0.1521162722184032	0.2465382778927264	0.24504857245809164	0.4613780140077808
0.052751553206941304	0.6504406210658833	0.8113570320522625	0.18864296794773755	0.15219952867242734	0.2466778069547227	0.24526264003063564	0.4617976531181458
0.052713770654491225	0.6504406210658833	0.8110948458563656	0.18890515414363435	0.15202040015692428	0.24644248350425313	0.24501782528547877	0.4615354669222489
0.05271305707118388	0.6508602601762484	0.8110948458563656	0.18890515414363435	0.15210355987055016	0.2465818759936407	0.24523180643212608	0.4619551060326139
0.05266704446899176	0.6508602601762484	0.8108108108108107	0.1891891891891892	0.15190989226248774	0.24632732470420074	0.24496690431320903	0.4616710709870593
0.05266631890786821	0.6512798992866136	0.8108108108108107	0.1891891891891892	0.15199294878072667	0.24646657138319836	0.2451807932469499	0.4620907100974243
0.05263501905359739	0.6512798992866136	0.8105267757652559	0.18947322423474405	0.15179968701095461	0.2462124216705005	0.2449162197124411	0.46180667505186945
0.05263060313406221	0.6516995383969786	0.8105267757652559	0.18947322423474405	0.15188264058679707	0.2463515228426396	0.24513001665360928	0.4622263141622345
0.05259392220294659	0.6516995383969786	0.8103082872686753	0.1896917127313247	0.1517342452369321	0.2461562846726898	0.24492671466230428	0.4620078256656539
0.05259360749567469	0.6521191775073437	0.8103082872686753	0.1896917127313247	0.15181711606096132	0.2462952690387511	0.24514043768918242	0.4624274647760189
0.05257863078870719	0.6521191775073437	0.8101334964714108	0.18986650352858922	0.15169855525185474	0.2461392254692326	0.24497792074266417	0.46225267397875447
0.052575297933927796	0.6525388166177087	0.8101334964714108	0.18986650352858922	0.15178135675939483	0.24627811213177067	0.24519158188499426	0.4626723130891195
0.052571830736566016	0.6525388166177087	0.8100679499224366	0.18993205007756342	0.1517369242779079	0.24621961839917664	0.24513065962126085	0.4626067665401452
0.052566399165832965	0.6529584557280739	0.8100679499224366	0.18993205007756342	0.1518196897258269	0.24635845471817605	0.24534428866521663	0.46302640565051045
0.05256588766411103	0.6529584557280739	0.8100461010727785	0.18995389892722148	0.15180487804878048	0.24633895353439406	0.2453239800803127	0.4630045568008523
0.05256560182968626	0.6533780948384389	0.8100461010727785	0.18995389892722148	0.15188762071992976	0.24647775842963432	0.24553758892284214	0.4634241959112173
0.05253805633019535	0.6533780948384389	0.8098276125761978	0.19017238742380213	0.15173959653055258	0.2462828218918064	0.24533457497816255	0.46320570741463674
0.05253763209396003	0.653797733948804	0.8098276125761978	0.19017238742380213	0.15182225687000583	0.24642151047844998	0.2455481102691695	0.463625346525002
0.052499883626108	0.653797733948804	0.8094561821320108	0.19054381786798924	0.15157116451016636	0.2460906649818354	0.2452034324694399	0.4632539160808147
0.05249720315633171	0.6542173730591692	0.8094561821320108	0.19054381786798924	0.15165369649805446	0.24622917160230592	0.2454168529783398	0.4636735551911799
0.0524860905477641	0.6542173730591692	0.8093250890340624	0.19067491096593764	0.15156523429904725	0.24611255821296077	0.24529533048694102	0.4635424620932316
0.052482361999114234	0.6546370121695342	0.8093250890340624	0.19067491096593764	0.15164771070282881	0.2462509865824783	0.24550870139683986	0.4639621012035966
0.05247234069109177	0.6546370121695342	0.8092376936354301	0.1907623063645699	0.15158876688368478	0.24617326810793752	0.24542771023884177	0.46387470580496437
0.052471787123807144	0.6550566512798993	0.8092376936354301	0.1907623063645699	0.15167120093276332	0.24631163708086784	0.24564104339942083	0.4642943449153294
0.05246748413072789	0.6550566512798993	0.8091721470864559	0.1908278529135441	0.1516270033997086	0.246253352263764	0.24558030723644797	0.4642287983663551
0.05246430254866885	0.6554762903902643	0.8091721470864559	0.1908278529135441	0.1517094017094017	0.24639167126745012	0.2457936085727839	0.46464843747672013
0.05244024876288337	0.6554762903902643	0.8089536585898752	0.19104634141012475	0.15156219677857558	0.2461974938923477	0.24559124973103658	0.46442994898013956
0.05243927721774148	0.6558959295006295	0.8089536585898752	0.19104634141012475	0.15164451343746968	0.24633569739952718	0.24580447810741732	0.4648495880905048
0.052431655170322715	0.6558959295006295	0.808888112040901	0.19111188795909895	0.1516003879728419	0.24627747577404868	0.24574379894672294	0.4647840415415305
0.05242859213635761	0.6563155686109945	0.808888112040901	0.19111188795909895	0.15168266899427796	0.24641562943122736	0.24595699558624098	0.46520368065189555
0.05237434117371253	0.6563155686109945	0.8084729838973979	0.1915270161026022	0.15140367860600193	0.24604735310312278	0.2455730760222459	0.46478855250839235
0.05237219635461098	0.6567352077213596	0.8084729838973979	0.1915270161026022	0.15148581937856936	0.24618530753500079	0.24578614719125438	0.46520819161875737
0.05234763227130993	0.6567352077213596	0.8083200419497913	0.19167995805020865	0.1513832462758754	0.24604983884914708	0.2456448765061955	0.46505524967115086
0.052345078134333284	0.6571548468317248	0.8083200419497913	0.19167995805020865	0.15146532546667957	0.24618770633548184	0.24585789268609823	0.4654748887815161
0.052340341328010576	0.6571548468317248	0.8082544954008172	0.19174550459918285	0.1514213885128602	0.24612966601178782	0.24579736583377854	0.46540934223254204
0.05233493776285351	0.6579941250524549	0.8082544954008172	0.19174550459918285	0.15158546017014696	0.24640528011314528	0.24622332104991	0.4662486204532721
0.05230019116253223	0.6579941250524549	0.8079267626559461	0.19207323734405385	0.1513659619654407	0.2461152095432428	0.2459208286186989	0.4659208877084011
0.05229990913493846	0.6584137641628199	0.8079267626559461	0.19207323734405385	0.15144787644787644	0.24625284469905045	0.24613369777098704	0.46634052681876614
0.0522684766306954	0.6584137641628199	0.8076645764600494	0.19233542353995062	0.1512726571538758	0.24602116816934536	0.24589201352132303	0.46607834062286946
0.052267887642887284	0.6588334032731851	0.8076645764600494	0.19233542353995062	0.1513544779716572	0.24615867042960177	0.24610479892446036	0.4664979797332345
0.052183949175201895	0.6588334032731851	0.8071402040682558	0.19285979593174418	0.15100509762431472	0.24569640062597808	0.24562229942982833	0.4659736073414409
0.052175974191192194	0.6592530423835501	0.8071402040682558	0.19285979593174418	0.15108674745143297	0.24583365933807996	0.24583493178466506	0.4663932464518059
0.052103084642856824	0.6592530423835501	0.80652843627783	0.19347156372217003	0.15068098983310954	0.2452962760558982	0.24527354482056976	0.4657814786613801
0.05209700909336467	0.6600923206042804	0.80652843627783	0.19347156372217003	0.15084388185654007	0.2455702130981188	0.24569844476521036	0.46662075688211035
0.05205377323305677	0.6600923206042804	0.8062662500819332	0.19373374991806683	0.1506704980842912	0.24534040396163145	0.2454582670151204	0.46635857068621345
0.05205050829300589	0.6605119597146454	0.8062662500819332	0.19373374991806683	0.15075184369313285	0.2454772301933874	0.2456706272716173	0.46677820979657847
0.05196695798319546	0.6605119597146454	0.8054141449452686	0.19458585505473136	0.1501908396946565	0.2447329549871725	0.24489211191535992	0.46592610465991413
0.05196475182332581	0.6609315988250105	0.8054141449452686	0.19458585505473136	0.1502719206182616	0.24486940298507462	0.24510423513563961	0.46634574377027915
0.05190279432829145	0.6609315988250105	0.8050208656514235	0.19497913434857655	0.1500142870749595	0.24452724732184444	0.24474599068435196	0.4659524644764339
0.0519021343006374	0.6617708770457407	0.8050208656514235	0.19497913434857655	0.15017617369774308	0.2447997516299286	0.2451699909728893	0.46679174269716417
0.051822496267676384	0.6617708770457407	0.8043654001616815	0.19563459983831852	0.1497483619789194	0.24423106705900574	0.24457421166582244	0.466136277207422
0.05182045178022018	0.6621905161561058	0.8043654001616815	0.19563459983831852	0.1498290922901633	0.2443670150987224	0.2447860211655496	0.46655591631778726
0.05179187976748956	0.6621905161561058	0.8041469116651008	0.19585308833489917	0.14968696642003415	0.24417794970986462	0.24458782399468706	0.4663374278212067
0.05178812453502505	0.6626101552664708	0.8041469116651008	0.19585308833489917	0.14976761832495494	0.2443137861674145	0.24479956338748501	0.4667570669315717
0.05173375915012226	0.6626101552664708	0.803841027769888	0.19615897223011208	0.14956900634649994	0.24404945904173106	0.24452238693409925	0.4664511830363587
0.051728458185038885	0.663029794376836	0.803841027769888	0.19615897223011208	0.1496495548399318	0.24418514797929064	0.24473403380818526	0.46687082214672393
0.05171813396164828	0.663029794376836	0.8037754812209137	0.19622451877908628	0.14960704478742543	0.24412855377008652	0.2446746793150358	0.46680527559774965
0.051717030030443055	0.663449433487201	0.8037754812209137	0.19622451877908628	0.1496875591743988	0.24426419466975666	0.24488629578030138	0.46722491470811467
0.05170844041436149	0.663449433487201	0.8037099346719395	0.19629006532806048	0.14964505442498816	0.24420759962928637	0.24482694462173052	0.4671593681591406
0.0517069095796221	0.6638690725975661	0.8037099346719395	0.19629006532806048	0.14972553473405262	0.24434319252451928	0.24503853070283513	0.46757900726950563
0.05161378976577035	0.6638690725975661	0.8029670737835652	0.1970329262164347	0.1492452830188679	0.2437033043210352	0.24436710267393238	0.46683614638113147
0.05161360657633254	0.6642887117079311	0.8029670737835652	0.1970329262164347	0.14932553532685597	0.24383857054836722	0.24457848457116038	0.4672557854914965
0.05148017219193529	0.6642887117079311	0.8019401778496362	0.19805982215036377	0.1486664162283997	0.24295909753664338	0.24365430974783617	0.46622888955756725
0.051477504851979265	0.6647083508182963	0.8019401778496362	0.19805982215036377	0.14874636116067236	0.2430939226519337	0.24386541633421968	0.4666485286679325
0.05141314312563638	0.6647083508182963	0.8014595031571587	0.19854049684284122	0.14843969637334833	0.24268423471732803	0.24343437846491348	0.466167853975455
0.05140992183547089	0.6651279899286614	0.8014595031571587	0.19854049684284122	0.14851949025487257	0.2428188433550364	0.2436453498361905	0.46658749308582026
0.05137499437056054	0.6651279899286614	0.8012410146605782	0.19875898533942188	0.14838045309867065	0.2426329889016456	0.24344971959703746	0.46636900458923947
0.051368066664164845	0.6655476290390264	0.8012410146605782	0.19875898533942188	0.14846017036412992	0.24276748813714985	0.2436606224544275	0.4667886436996045
0.05131262186698138	0.6655476290390264	0.8009351307653652	0.1990648692346348	0.14826586893521548	0.24250764525993884	0.24338703060608918	0.46648275980439147
0.05130910983886023	0.6659672681493916	0.8009351307653652	0.1990648692346348	0.14834548513740886	0.2426419998471065	0.24359784304177676	0.4669023989147567
0.05124544832934327	0.6659672681493916	0.8004544560728878	0.19954554392711224	0.1480410447761194	0.2422346027627261	0.24316865593869802	0.46642172422227945
0.05124447228882926	0.6663869072597566	0.8004544560728878	0.19954554392711224	0.14812051114634828	0.24236874236874237	0.2433793342528511	0.4668413633326445
0.05124434911860951	0.6663869072597566	0.8004326072232297	0.1995673927767703	0.1481066965118448	0.24235024799694774	0.24335984528572918	0.4668195144829863
0.05124392344621726	0.6668065463701217	0.8004326072232297	0.1995673927767703	0.1481861419378905	0.24248435830917137	0.24357050496888533	0.46723915359335155
0.051211323527173946	0.6668065463701217	0.8002359675763071	0.1997640324236929	0.14806187103988072	0.2423179565383149	0.24339515264981607	0.4670425139464287
0.051207828033843855	0.6672261854804867	0.8002359675763071	0.1997640324236929	0.14814124662256592	0.242451967063129	0.243605749884768	0.46746215305679373
0.051191803686344635	0.6672261854804867	0.7999956302300684	0.2000043697699316	0.14798957557706627	0.2422488001828293	0.24339160875602428	0.467221815710555
0.05119027716682126	0.6676458245908519	0.7999956302300684	0.2000043697699316	0.14806886924150767	0.24238269347958563	0.24360213272243622	0.46764145482092023
0.05090236770623638	0.6676458245908519	0.7978325941139199	0.2021674058860801	0.1467170785687938	0.24056853405912149	0.2416860282662079	0.4654784187047718
0.050891755651655324	0.668065463701217	0.7978325941139199	0.2021674058860801	0.14679575841401568	0.24070154218324766	0.24189600243466797	0.4658980578151368
0.05088334019815937	0.668065463701217	0.7977451987152877	0.20225480128471235	0.14674163517374872	0.24062877871825877	0.24181900151978283	0.4658106624165046
0.05088195755195457	0.668485102811582	0.7977451987152877	0.20225480128471235	0.14682027649769586	0.24076173203355247	0.24202894130228436	0.4662303015268696
0.050853616670380526	0.668485102811582	0.797504861369049	0.2024951386309511	0.14667157720283583	0.24056176381757777	0.24181730400136559	0.4659899641806309
0.050850677927396115	0.6689047419219472	0.797504861369049	0.2024951386309511	0.1467501380961149	0.24069460173650434	0.2420271718570546	0.4664096032909961
0.05084360599685569	0.6689047419219472	0.7974611636697329	0.2025388363302672	0.14672312223858616	0.24065826224805617	0.24198870905916944	0.46636590559168
0.0508422799278927	0.6693243810323122	0.7974611636697329	0.2025388363302672	0.14680165669581224	0.24079106280193235	0.24219855335310786	0.46678554470204503
0.05079052990011193	0.6693243810323122	0.7970678843758876	0.2029321156241124	0.1465588532573739	0.24046434494195687	0.24185267095946061	0.4663922654081998
0.05078487672077614	0.6697440201426773	0.7970678843758876	0.2029321156241124	0.1466372657111356	0.24059696992537877	0.2420624060893274	0.4668119045185648
0.05073353064176678	0.6697440201426773	0.7966746050820425	0.20332539491795756	0.14639515685195378	0.24027098231087693	0.24171710834815635	0.4664186252247198
0.05073206177202736	0.6701636592530423	0.7966746050820425	0.20332539491795756	0.14647344767495185	0.2404034321842541	0.2419267346517395	0.4668382643350848
0.05072465118578546	0.6701636592530423	0.7965872096834101	0.20341279031658982	0.14641973044833592	0.24033107599699022	0.24185007270580838	0.46675086893645235
0.05071850464452019	0.6705832983634075	0.7965872096834101	0.20341279031658982	0.1464979831316465	0.2404634715220826	0.24205966496307013	0.4671705080468176
0.05063686917811847	0.6705832983634075	0.7959535930433262	0.20404640695667373	0.14610953643595137	0.23993993993993995	0.24150471082436448	0.4665368914067338
0.05063563153594921	0.6710029374737726	0.7959535930433262	0.20404640695667373	0.14618760285244103	0.24007206666166203	0.2417141363739841	0.46695653051709884
0.0506090605095098	0.6710029374737726	0.7957569533964037	0.20424304660359632	0.14606741573033707	0.2399099774943736	0.24154221756175986	0.46675989087017644
0.050604940896561285	0.6718422156945028	0.7957569533964037	0.20424304660359632	0.14622339939720522	0.2401740174017402	0.2419609354040794	0.4675991690909065
0.05057861006988459	0.6718422156945028	0.7956040114487972	0.20439598855120278	0.14612997444322745	0.2400479796086663	0.2418272630012982	0.4674462271433
0.05056203528971855	0.6722618548048678	0.7956040114487972	0.20439598855120278	0.14620790362325453	0.24017991004497752	0.24203656597683618	0.467865866253665
0.05056102618615623	0.6722618548048678	0.7955821625991392	0.20441783740086084	0.14619456105128673	0.24016190690353048	0.24201747293728493	0.46784401740400705
0.05055859648225227	0.6726814939152329	0.7955821625991392	0.20441783740086084	0.14627247011588648	0.2402938090241343	0.24222675800632631	0.4682636565143721
0.05052086382751513	0.6726814939152329	0.7952762787039263	0.20472372129607377	0.1460858470791944	0.240041928721174	0.24195959916155807	0.46795777261915905
0.05051821788198213	0.6731011330255979	0.7952762787039263	0.20472372129607377	0.14616365955895755	0.2401736916972374	0.2421687978457257	0.4683774117295241
0.0502850920700754	0.6731011330255979	0.793528370731281	0.206471629268719	0.14510584403835716	0.2387437672099427	0.24064949191287657	0.46662950375687906
0.05028016254927948	0.6735207721359631	0.793528370731281	0.206471629268719	0.1451831750339213	0.2388748325643697	0.2408582596254127	0.4670491428672441
0.050258378025084455	0.6735207721359631	0.7934846730319649	0.20651532696803512	0.14515691417201773	0.23883928571428573	0.24082043408086345	0.46700544516792797
0.050256277122978484	0.6739404112463282	0.7934846730319649	0.20651532696803512	0.1452342195695424	0.23897031470872704	0.24102917897549692	0.4674250842782932
0.05020872071459583	0.6739404112463282	0.79320063798641	0.20679936201358998	0.14506367988438262	0.23873940835439275	0.2407834432507114	0.46714104923273814
0.05020532871851688	0.6743600503566932	0.79320063798641	0.20679936201358998	0.14514089595375723	0.2388703084355258	0.24099210828287984	0.46756068834310316
0.05016326610481086	0.6743600503566932	0.792894754091197	0.20710524590880292	0.14495760418545914	0.23862202093696636	0.24072778001623918	0.46725480444789014
0.05015797562810139	0.6747796894670584	0.792894754091197	0.20710524590880292	0.1450347253540182	0.23875278396436525	0.24093636020169187	0.4676744435582554
0.05010739174452339	0.6747796894670584	0.7924577770980358	0.20754222290196422	0.14477356621950122	0.23839881393624907	0.2405593313701099	0.467237466565094
0.05010303764672044	0.6751993285774234	0.7924577770980358	0.20754222290196422	0.14485055815628375	0.23852938996367948	0.24076779598929296	0.46765710567545904
0.050056412880913496	0.6751993285774234	0.7919334047062422	0.2080665952937578	0.14453826805605463	0.23810580836108028	0.2403162993015554	0.46713273328366567
0.05005357269041912	0.6756189676877885	0.7919334047062422	0.2080665952937578	0.14461510823677357	0.23823616454572358	0.24052462820951817	0.4675523723940307
0.04999755064430344	0.6756189676877885	0.7916712185103454	0.20832878148965456	0.14445939883355766	0.23802483737433472	0.24029925083382286	0.467290186198134
0.049987877552880755	0.6764582459085187	0.7916712185103454	0.20832878148965456	0.14461290033192786	0.23828529194382853	0.24071574886713468	0.46812946441886405
0.049971079318800495	0.6764582459085187	0.7916275208110293	0.2083724791889707	0.1445869584716118	0.2382500738989063	0.2406781934554674	0.46808576671954794
0.049967648648273306	0.6768778850188838	0.7916275208110293	0.2083724791889707	0.14466367713004485	0.23838025567132196	0.2408864138871428	0.4685054058299132
0.04996125275272692	0.6768778850188838	0.791518276562739	0.20848172343726104	0.1445988346033169	0.23829221450731275	0.2407925347175986	0.4683961615816228
0.04995745599464044	0.6772975241292488	0.791518276562739	0.20848172343726104	0.1446755109358193	0.2384223354752936	0.24100071736380776	0.4688158006919878
0.04993192357281936	0.6772975241292488	0.7913653346151325	0.2086346653848675	0.14458478903520558	0.23829912889413848	0.24086933454682466	0.4686628587443813
0.0499315762010012	0.677717163239614	0.7913653346151325	0.2086346653848675	0.14466141168040128	0.23842917251051893	0.24107746924287976	0.46908249785474654
0.04989376739445001	0.677717163239614	0.7911031484192357	0.20889685158076426	0.1445060844667144	0.23821815768124494	0.24085240743003192	0.46882031165884963
0.04989050255690874	0.678136802349979	0.7911031484192357	0.20889685158076426	0.14458262503355104	0.2383480825958702	0.2410604687769977	0.46923995076921465
0.04987581122505955	0.678136802349979	0.7909939041709454	0.2090060958290546	0.1445179753174745	0.23826022852930334	0.24096675209710372	0.46913070652092426
0.04987440866645868	0.6785564414603441	0.7909939041709454	0.2090060958290546	0.1445944737548064	0.23839009287925697	0.24117477583632033	0.4695503456312895
0.049858758326122084	0.6785564414603441	0.7907754156743647	0.20922458432563526	0.14446529080675422	0.23821449616971124	0.2409874405668508	0.46933185713470893
0.049851037954263745	0.6789760805707092	0.7907754156743647	0.20922458432563526	0.14454171877791674	0.23834425867275538	0.24119540134954773	0.46975149624507395
0.04983223925493113	0.6789760805707092	0.7906443225764164	0.20935567742358366	0.1444642857142857	0.2382389751895752	0.24108306493085677	0.4696204031471256
0.04982808534038511	0.6793957196810743	0.7906443225764164	0.20935567742358366	0.14454066601196322	0.23836866902237927	0.2412909831479074	0.47004004225749063
0.049685240450922576	0.6793957196810743	0.7894426358452228	0.21055736415477724	0.14383439943141435	0.23740743456265123	0.24026426493028225	0.46883835552629716
0.04968149611807824	0.6798153587914394	0.7894426358452228	0.21055736415477724	0.1439104557164431	0.2375366568914956	0.24047189343871073	0.4692579946366622
0.049546669287486446	0.6798153587914394	0.7883283445126614	0.2116716554873386	0.14326140785284755	0.23665181506098898	0.23952488076375758	0.4681437033041007
0.04954658876351739	0.6802349979018044	0.7883283445126614	0.2116716554873386	0.14333716508975153	0.23678060181127666	0.2397322419822268	0.46856334241446573
0.04952311702339778	0.6802349979018044	0.7880443094671066	0.21195569053289345	0.14317258434905494	0.2365560014593214	0.23949158907851628	0.4682793073689111
0.04951418616115222	0.6806546370121695	0.7880443094671066	0.21195569053289345	0.14324825576260708	0.23668466365095578	0.2396988736523077	0.4686989464792761
0.049501275104540325	0.6806546370121695	0.787869518669842	0.21213048133015797	0.1431471185244021	0.23654659472072334	0.23955090196308995	0.46852415568201167
0.04949893343343984	0.6810742761225346	0.787869518669842	0.21213048133015797	0.1432227320861278	0.23667517316806416	0.23975813489681486	0.4689437947923767
0.04948547392338996	0.6810742761225346	0.7876728790229195	0.21232712097708056	0.14310907327396175	0.23651996502477413	0.23959176949668654	0.46874715514545406
0.049484296131336675	0.6814939152328997	0.7876728790229195	0.21232712097708056	0.14318462352318814	0.23664845173041896	0.23979894591224626	0.4691667942558193
0.04945062813331643	0.6814939152328997	0.7874325416766808	0.21256745832331927	0.14304589095393289	0.23645894001164822	0.2395957675422511	0.46892645690958057
0.04944980630431752	0.6819135543432648	0.7874325416766808	0.21256745832331927	0.14312136691914742	0.2365873189197059	0.23980287763799013	0.4693460960199456
0.04942368971415222	0.6819135543432648	0.7872140531801001	0.21278594681989993	0.14299542414642732	0.23641521786571615	0.23961832220275422	0.4691276075233648
0.04942288681824375	0.6823331934536299	0.7872140531801001	0.21278594681989993	0.14307083150021999	0.2365434972359616	0.2398253710516115	0.4695472466337298
0.04938009151779693	0.6823331934536299	0.7869081692848872	0.21309183071511284	0.14289480622198789	0.2363028629559657	0.2395672462382385	0.469241362738517
0.04937850682226613	0.682752832563995	0.7869081692848872	0.21309183071511284	0.1429701230228471	0.23643101068081088	0.23977421423981632	0.46966100184888226
0.04937732095699151	0.682752832563995	0.7868863204352291	0.21311367956477092	0.14295756084702574	0.23641383318802672	0.23975578617432633	0.4696391529992241
0.049377045781500185	0.68317247167436	0.7868863204352291	0.21311367956477092	0.14303285890001757	0.23654195423174718	0.23996273748638913	0.4700587921095891
0.04933113710686559	0.68317247167436	0.786493041141384	0.2135069588586161	0.14280701754385966	0.23623304070231443	0.23963127023664305	0.4696655128157441
0.04932947102607375	0.6835921107847251	0.786493041141384	0.2135069588586161	0.14288220331549864	0.23636099825885085	0.23983812129840404	0.4700851519261091
0.04931519923128489	0.6835921107847251	0.7863619480434355	0.2136380519565645	0.1428070483036732	0.23625815808556924	0.23972774002085825	0.46995405882816055
0.04931461404702899	0.6840117498950902	0.7863619480434355	0.2136380519565645	0.1428821879382889	0.23638604887245304	0.23993454992699306	0.47037369793852557
0.04918122482353166	0.6840117498950902	0.7851821101619	0.21481788983810002	0.14220903856220554	0.23546406644998194	0.23894392609345774	0.46919386005699026
0.049179558202551155	0.6844313890054553	0.7851821101619	0.21481788983810002	0.14228386984210067	0.23559150657229525	0.2391504606714056	0.4696134991673553
0.04917663674627762	0.6844313890054553	0.7851384124625839	0.21486158753741616	0.14225904928041866	0.23555748122472558	0.23911386689896863	0.46956980146803917
0.04917442881527128	0.6848510281158204	0.7851384124625839	0.21486158753741616	0.1423338566195709	0.23568488699545093	0.23932038015338408	0.4699894405784044
0.049164246224539715	0.6848510281158204	0.7850073193646354	0.21499268063536456	0.14225941422594143	0.23558282208588957	0.23921061481311373	0.46985834748045585
0.049162929600412346	0.6852706672261855	0.7850073193646354	0.21499268063536456	0.14233417589122288	0.23571016166281755	0.23941708734028297	0.4702779865908209
0.04915156056151016	0.6852706672261855	0.7849417728156612	0.21505822718433876	0.14229696758452423	0.23565913846597877	0.23936221548284053	0.4702124400418466
0.04914906173021557	0.6856903063365506	0.7849417728156612	0.21505822718433876	0.1423716999215823	0.2357864357864358	0.23956866187717077	0.47063207915221184
0.049140201205282265	0.6856903063365506	0.7847451331687387	0.21525486683126133	0.14226014278251783	0.23563342706756074	0.23940410406966345	0.4704354395052892
0.04914003221244021	0.6861099454469156	0.7847451331687387	0.21525486683126133	0.1423348132671716	0.2357606344628695	0.23961049529596873	0.47085507861565423
0.04913913699196393	0.6861099454469156	0.7847232843190806	0.2152767156809194	0.14232242339832868	0.23574363780549348	0.23959221563611888	0.4708332297659963
0.049138651529949014	0.6865295845572807	0.7847232843190806	0.2152767156809194	0.14239707546348682	0.2358708189158016	0.23979859046922983	0.4712528688763613
0.049123706790590936	0.6865295845572807	0.7846140400707903	0.21538595992920972	0.1423351313728902	0.2357858326727679	0.2397071961121746	0.47114362462807113
0.04912202651548391	0.6869492236676458	0.7846140400707903	0.21538595992920972	0.14240974336668116	0.23591295575731375	0.23991353522389064	0.47156326373843616
0.049070490285225886	0.6869492236676458	0.7842207607769451	0.21577923922305492	0.14218709285155912	0.23560736902705814	0.23958481622251665	0.4711699844445909
0.04906834614815991	0.6873688627780109	0.7842207607769451	0.21577923922305492	0.1422615945805107	0.23573433115060805	0.23979105696121378	0.47158962355495593
0.04902222825159099	0.6873688627780109	0.7838056326334418	0.21619436736655814	0.142027226220411	0.23541247484909456	0.2394446406819817	0.47117449541145273
0.04902141352947795	0.687788501888376	0.7838056326334418	0.21619436736655814	0.14210161262354778	0.2355392685205145	0.23965077854581576	0.47159413452181775
0.04900073238476913	0.687788501888376	0.7836308418361773	0.21636915816382268	0.14200311904349333	0.23540394973070017	0.23950508172042015	0.4714193437245533
0.049000623777420566	0.6882081409987411	0.7836308418361773	0.21636915816382268	0.14207744953651563	0.23553066207094644	0.23971116973925524	0.4718389828349183
0.04891619249284982	0.6882081409987411	0.7827350390001966	0.21726496099980336	0.14157458563535913	0.23483926397937996	0.23896613887417525	0.47094317999893764
0.04891552141381944	0.6886277801091062	0.7827350390001966	0.21726496099980336	0.14164868364264135	0.2349656357388316	0.23917201953056005	0.47136281910930267
0.048817939476373806	0.6886277801091062	0.7820140269614805	0.21798597303851952	0.14124634188328455	0.23441182772659097	0.2385744534781038	0.47064180707058667
0.048815115552598896	0.6890474192194712	0.7820140269614805	0.21798597303851952	0.1413202513125054	0.23453792315383518	0.2387801659999108	0.4710614461809517
0.04881339644419256	0.6890474192194712	0.7819484804125063	0.21805151958749372	0.14128377215625537	0.23448768297036773	0.23872592657306718	0.47099589963197763
0.04881016698337846	0.6894670583298363	0.7819484804125063	0.21805151958749372	0.14135765292953625	0.23461373696987006	0.23893161358132795	0.47141553874234265
0.04880097140280443	0.6894670583298363	0.7818610850138741	0.21813891498612598	0.1413090221037241	0.2345467523197716	0.23885930100543615	0.4713281433437104
0.04880077836362062	0.6898866974402015	0.7818610850138741	0.21813891498612598	0.14138286893704852	0.2346727571194062	0.23906495778950143	0.47174778245407545
0.04879963967932679	0.6898866974402015	0.7818392361642159	0.21816076383578403	0.1413707111531516	0.23465600913502713	0.23904687948497447	0.4717259336044175
0.048795645521675646	0.6903063365505665	0.7818392361642159	0.21816076383578403	0.1414445399828031	0.23478198815385715	0.23925252025382696	0.4721455727147825
0.04875636935211083	0.6903063365505665	0.7814896545696869	0.21851034543031309	0.14125021466597973	0.2345142205431606	0.23896344011627743	0.4717959911202534
0.048751577278473186	0.6907259756609316	0.7814896545696869	0.21851034543031309	0.14132394608053575	0.23464005702067	0.23916899407550843	0.47221563023061863
0.048747009010713695	0.6907259756609316	0.7813585614717385	0.21864143852826148	0.14125117995366	0.23453975491593046	0.23906068108452005	0.47208453713267007
0.04874028513039613	0.6911456147712967	0.7813585614717385	0.21864143852826148	0.14132486699845548	0.2346655268219705	0.23926619552732278	0.4725041762430351
0.04868304804985241	0.6911456147712967	0.7807467936813126	0.21925320631868733	0.14098613251155623	0.2341983647351582	0.23876146837220735	0.47189240845260927
0.048681998477343426	0.6915652538816618	0.7807467936813126	0.21925320631868733	0.14105965933407516	0.2343239016067112	0.23896684005264113	0.4723120475629745
0.048663825905033604	0.6915652538816618	0.7805938517337062	0.2194061482662938	0.14097519247219847	0.23420734740282811	0.23884084750767198	0.472159105615368
0.04866011135800513	0.6919848929920268	0.7805938517337062	0.2194061482662938	0.1410486699170302	0.23433281227795935	0.23904617522047317	0.472578744725733
0.048581525337142134	0.6919848929920268	0.7797198977473836	0.2202801022526164	0.14056772653652716	0.23366869774691795	0.23832772629343488	0.4717047907394103
0.04857335406286547	0.6928241712127571	0.7797198977473836	0.2202801022526164	0.14071422483593285	0.2339189572116747	0.23873797505943917	0.4725440689601408
0.048503669712603614	0.6928241712127571	0.779173676505932	0.22082632349406803	0.1404150365708454	0.23350540980128703	0.23829017049512863	0.471997847718689
0.04850172607057252	0.6932438103231221	0.779173676505932	0.22082632349406803	0.14048813674632196	0.23363032102955736	0.23849516225365341	0.47241748682905405
0.04847386938114679	0.6932438103231221	0.7789333391596932	0.22106666084030677	0.14035683942226	0.23344873878329683	0.2382984309897165	0.4721771494828153
0.04847102835949513	0.6936634494334872	0.7789333391596932	0.22106666084030677	0.14042987001953955	0.23357354811360745	0.23850336082503737	0.47259678859318033
0.048312349344853685	0.6936634494334872	0.777535012781577	0.22246498721842295	0.13967046894803548	0.23252215501477	0.23736270539732102	0.47119846221506423
0.048304468149560464	0.6940830885438523	0.777535012781577	0.22246498721842295	0.139743156471781	0.2326464589633589	0.23756732994001462	0.47161810132542925
0.048158924541513555	0.6940830885438523	0.7763770237496996	0.22362297625030042	0.13912019513836318	0.23178251121076232	0.2366279342692183	0.4704601122935519
0.04815411877752498	0.6945027276542174	0.7763770237496996	0.22362297625030042	0.13919259882253995	0.23190639669305682	0.23683230640468883	0.4708797514039169
0.048121206494395635	0.6945027276542174	0.7761366864034609	0.22386331359653913	0.13906394420636922	0.23172780733688042	0.23663790101827017	0.4706394140576782
0.04811499125213272	0.6949223667645824	0.7761366864034609	0.22386331359653913	0.1391362796168711	0.23185159257962898	0.2368422124733769	0.4710590531680432
0.04811193366484432	0.6949223667645824	0.7760492910048286	0.22395070899517142	0.1390895346883924	0.23178668906151584	0.23677155353626056	0.47097165776941097
0.048110688437649346	0.6953420058749475	0.7760492910048286	0.22395070899517142	0.13916183757453598	0.2319104268719384	0.23697583609290407	0.471391296879776
0.04802024180861933	0.6953420058749475	0.7749349996722672	0.22506500032773274	0.13856832246195017	0.2310856983473956	0.23607712720694143	0.47027700554721474
0.04801901019848862	0.6957616449853127	0.7749349996722672	0.22506500032773274	0.13864035454469437	0.2312090363965974	0.2362811691497627	0.47069664465758
0.04800575877558619	0.6957616449853127	0.7747383600253447	0.22526163997465534	0.1385360962566845	0.23106403734931363	0.2361229974878942	0.47050000501065736
0.048005496662629904	0.6961812840956777	0.7747383600253447	0.22526163997465534	0.13860807084969504	0.23118729096989968	0.2363269883744992	0.4709196441210224
0.04791870906545214	0.6961812840956777	0.774170289934235	0.22582971006576505	0.13830762817840767	0.23076923076923078	0.2358707098102835	0.4703515740299127
0.047918196378368604	0.6966009232060428	0.774170289934235	0.22582971006576505	0.13837945981994	0.23089227345434313	0.23607457376221622	0.4707712131402779
0.047910953336766586	0.6966009232060428	0.7741047433852608	0.22589525661473922	0.13834486207183933	0.23084411069392297	0.23602198706597322	0.47070566659130364
0.047910578188052215	0.6970205623164079	0.7741047433852608	0.22589525661473922	0.13841666666666666	0.23096711395397343	0.2362258270089728	0.47112530570166866
0.0479077869427886	0.6970205623164079	0.7740391968362865	0.22596080316371342	0.13838207114887946	0.23091894897817322	0.23617324226382605	0.4710597591526944
0.04789719322458585	0.697440201426773	0.7740391968362865	0.22596080316371342	0.1384538487170943	0.23104191283797873	0.2363770582166519	0.4714793982630594
0.04786776780551316	0.697440201426773	0.7736896152417575	0.22631038475824247	0.13826955074875208	0.2307852530722766	0.23609679356915425	0.4711298166685305
0.04786610644759801	0.697859840537138	0.7736896152417575	0.22631038475824247	0.13834123617003577	0.23090808108858651	0.23630052773090898	0.4715494557788955
0.04785333322349048	0.697859840537138	0.773492975594835	0.22650702440516507	0.13823773898586866	0.23076389370707	0.23614302994262987	0.4713528161319731
0.047851113262282356	0.6982794796475031	0.773492975594835	0.22650702440516507	0.13830936746737593	0.23088663799084225	0.23634671357256967	0.47177245524233813
0.04773054573107216	0.6982794796475031	0.772509777360222	0.22749022263977803	0.13779397151374628	0.23016806141503562	0.23556107944928273	0.4707892570077252
0.04773016112764103	0.6986991187578683	0.772509777360222	0.22749022263977803	0.13786536391487952	0.23029045643153526	0.235764553641351	0.47120889611809025
0.04769394574956595	0.6986991187578683	0.7722038934650091	0.22779610653499094	0.1377057315358531	0.23006770761365206	0.23552076754662626	0.4709030122228772
0.047690212344823756	0.6991187578682333	0.7722038934650091	0.22779610653499094	0.13777704267284155	0.23018998272884283	0.235724169672577	0.47132265133324225
0.04761702694068298	0.6991187578682333	0.7714610325766349	0.22853896742336516	0.13739073066138874	0.22965056172031154	0.23513333339596776	0.4705797904448681
0.04761466238383009	0.6995383969785984	0.7714610325766349	0.22853896742336516	0.13746186196091367	0.22977257064093728	0.23533657609854458	0.47099942955523333
0.047614025619351914	0.6995383969785984	0.7714391837269767	0.22856081627302322	0.1374505277044855	0.22975673626903728	0.23531922336809757	0.47097758070557516
0.04761314523611481	0.6999580360889635	0.7714391837269767	0.22856081627302322	0.13752164234479347	0.2298787210584344	0.23552245129963922	0.4713972198159402
0.04754848445393275	0.6999580360889635	0.7708929624855252	0.22910703751447486	0.1372387691295047	0.22948338721882094	0.23508906381361974	0.47085099857448864
0.04754578037971915	0.7003776751993286	0.7708929624855252	0.22910703751447486	0.13730974907445495	0.22960517265098362	0.23529217239147135	0.4712706376848539
0.04741944967326009	0.7003776751993286	0.7696912757543315	0.23030872424566848	0.1366912366912367	0.22873980675666417	0.23434211605995922	0.4700689509536602
0.04741816877407349	0.7007973143096936	0.7696912757543315	0.23030872424566848	0.13676193595938088	0.2288611758256818	0.23454497608575084	0.4704885900640252
0.04741634629733905	0.7007973143096936	0.7696694269046734	0.23033057309532654	0.13675073698001966	0.2288454950325454	0.2345277440319496	0.47046674121436705
0.0474160848197894	0.7012169534200587	0.7696694269046734	0.23033057309532654	0.1368214197985753	0.22896684023020006	0.23473058948391545	0.4708863803247323
0.04734093337153467	0.7012169534200587	0.7690795079639057	0.2309204920360943	0.13651960784313724	0.2285440744033372	0.23426582563067727	0.4702964613839644
0.047340768691687	0.7016365925304239	0.7690795079639057	0.2309204920360943	0.13659014786373663	0.2286652078774617	0.23446854470356704	0.47071610049432966
0.04729296944214472	0.7016365925304239	0.7687736240686928	0.2312263759313072	0.13643410852713178	0.2284465090859407	0.234227963854156	0.47041021659911664
0.04728880954523215	0.7020562316407889	0.7687736240686928	0.2312263759313072	0.13650456919060053	0.22856752510417377	0.2344306127093128	0.47082985570948166
0.047240750993609755	0.7020562316407889	0.7682492516768992	0.2317507483231008	0.13623778501628664	0.22819341198936097	0.23401882605677474	0.47030548331768807
0.047233106571412296	0.702475870751154	0.7682492516768992	0.2317507483231008	0.1363081182314144	0.22831423895253683	0.23422136218559875	0.4707251224280533
0.04720103232349784	0.702475870751154	0.7678778212327121	0.2321221787672879	0.13611969425922915	0.22804986036373545	0.23393017133614943	0.470353691983866
0.047195327162963076	0.702895509861519	0.7678778212327121	0.2321221787672879	0.13618993414098707	0.22817054897152977	0.23413262493446235	0.47077333109423103
0.04715516459149658	0.702895509861519	0.7676374838864733	0.23236251611352662	0.13606823720552397	0.22799972776151908	0.23394440890612075	0.4705329937479923
0.047153842071744445	0.7037347880822493	0.7676374838864733	0.23236251611352662	0.1362085769980507	0.22824089826471589	0.23434919232966	0.4713722719687228
0.04706227049357039	0.7037347880822493	0.7666761345015185	0.2333238654984815	0.1357235351246358	0.22755953592509667	0.23359789808513728	0.4704109225837678
0.04705815707163574	0.7041544271926143	0.7666761345015185	0.2333238654984815	0.1357934773812414	0.2276797829036635	0.23380008866407329	0.47083056169413284
0.047045155914446246	0.7041544271926143	0.7665450414035702	0.2334549585964299	0.13572757421337864	0.22758714227587143	0.23369785409672778	0.4706994685961845
0.047040530369283295	0.7045740663029795	0.7665450414035702	0.2334549585964299	0.1357974765448075	0.2277073303044687	0.23390000939552646	0.47111910770654974
0.047037254224691384	0.7045740663029795	0.766523192553912	0.23347680744608795	0.1357864941366761	0.22769189042582044	0.23388297167363936	0.47109725885689135
0.047036432140341776	0.7049937054133445	0.766523192553912	0.23347680744608795	0.1358563803978651	0.22781205505457996	0.2340851127574434	0.4715168979672564
0.04696545282852307	0.7049937054133445	0.7658677270641701	0.23413227293582992	0.1355275895450145	0.22734961770079165	0.23357459498153657	0.47086143247751444
0.04696507584564987	0.7054133445237096	0.7658677270641701	0.23413227293582992	0.13559732193272567	0.22746955345060893	0.23377660021370947	0.4712810715878797
0.046945153409880286	0.7054133445237096	0.7657147851165635	0.2342852148834364	0.1355207997420187	0.2273618719145195	0.23365765567566626	0.4711281296402732
0.04694231544436386	0.7066722618548049	0.7657147851165635	0.2342852148834364	0.13572982993471427	0.22772143340094658	0.23426352386640512	0.47238704697136846
0.046909625075203916	0.7066722618548049	0.7653433546723765	0.2346566453276235	0.13554410817772053	0.22745998514216248	0.23397476847508517	0.4720156165271814
0.04690950273784273	0.7070919009651699	0.7653433546723765	0.2346566453276235	0.13561368209255534	0.2275796866558617	0.2341766337770781	0.4724352556375464
0.046785631051023104	0.7070919009651699	0.7639450282942604	0.2360549717057397	0.13491872848106334	0.22660032275416891	0.23309336985192583	0.4710369292594303
0.04678299838397815	0.7075115400755351	0.7639450282942604	0.2360549717057397	0.13498799039231385	0.22671955893229342	0.2332949600793238	0.47145656836979555
0.04677888906268072	0.7075115400755351	0.763857632895628	0.23614236710437195	0.13494477349127582	0.22665860052429926	0.2332274525206445	0.4713691729711631
0.04677814647946197	0.7079311791859001	0.763857632895628	0.23614236710437195	0.1350140056022409	0.22677779271407447	0.23342901645916056	0.4717888120815281
0.046739415260817235	0.7079311791859001	0.7632240162555441	0.23677598374445585	0.13470137336314278	0.2263366203796874	0.2329402118906059	0.47115519544144435
0.04673911093700012	0.7083508182962652	0.7632240162555441	0.23677598374445585	0.13477045908183632	0.22645559431177892	0.2331416468639935	0.4715748345518094
0.046711707171796374	0.7083508182962652	0.7630492254582797	0.23695077454172037	0.13468443309662492	0.22633413783856263	0.23300700113764777	0.4714000437545449
0.0467077674089394	0.7087704574066302	0.7630492254582797	0.23695077454172037	0.13475347056007658	0.22645304015552725	0.2332083935896592	0.47181968286490994
0.04668059923962326	0.7087704574066302	0.7628962835106732	0.23710371648932685	0.13467825532254207	0.2263468239077995	0.233090631201512	0.47166674091730343
0.04668003648061068	0.7091900965169954	0.7628962835106732	0.23710371648932685	0.13474724924254505	0.22646566164154103	0.23329198528593859	0.47208638002766845
0.04664721651552702	0.7091900965169954	0.7625685507658022	0.23743144923419782	0.13458628653340765	0.22623828647925034	0.2330398310360286	0.4717586472827975
0.046644385484926575	0.7096097356273605	0.7625685507658022	0.23743144923419782	0.13465519987259117	0.22635700421658522	0.23324111416595278	0.4721782863931627
0.0465758683198142	0.7096097356273605	0.7617382944787957	0.23826170552120432	0.13424896792632582	0.22578276253421456	0.23260371924933132	0.4713480301061561
0.046572609790004105	0.7100293747377255	0.7617382944787957	0.23826170552120432	0.13431769468921173	0.22590120160213617	0.23280483822599538	0.47176766921652113
0.04654597683093053	0.7100293747377255	0.7614105617339247	0.2385894382660753	0.13415794481446242	0.22567522507502502	0.23255378361617143	0.47143993647165017
0.04654336020598434	0.7104490138480907	0.7614105617339247	0.2385894382660753	0.13422659161182907	0.22579354494531875	0.23275483224886495	0.4718595755820154
0.046540063840453644	0.7104490138480907	0.7613887128842667	0.23861128711573334	0.13421595053115587	0.22577848903113956	0.2327381034561697	0.47183772673235724
0.046537775492495013	0.7108686529584557	0.7613887128842667	0.23861128711573334	0.13428458184700753	0.2258967862381651	0.23293913843702405	0.47225736584272227
0.046533084053622616	0.7108686529584557	0.7613231663352924	0.23867683366470754	0.13425265493739102	0.22585160989267383	0.2328889490993468	0.472191819293748
0.04652792655405432	0.7112882920688208	0.7613231663352924	0.23867683366470754	0.13432126158966637	0.2259698706839088	0.2330899623586767	0.4726114584041132
0.0465143337257037	0.7112882920688208	0.7611920732373441	0.23880792676265594	0.13425742574257427	0.22587953091684435	0.23298960067597874	0.4724803653061649
0.0465099827327294	0.7117079311791858	0.7611920732373441	0.23880792676265594	0.1343259939806748	0.22599773469251783	0.23319058013147181	0.4729000044165299
0.04641551724095793	0.7117079311791858	0.7602088750027312	0.2397911249972689	0.13384894641306921	0.225322173508702	0.23243943214114293	0.471916806181917
0.04641537630664853	0.712127570289551	0.7602088750027312	0.2397911249972689	0.13391729797979798	0.2254400531384922	0.2326402212326173	0.472336445292282
0.04641308000989635	0.712127570289551	0.7601214796040988	0.23987852039590116	0.13387503944461976	0.22538017132611726	0.2325735850802295	0.4722490498936498
0.0464129995831358	0.7125472093999161	0.7601214796040988	0.23987852039590116	0.13394336199416265	0.2254980079681275	0.23277434864858113	0.4726686890040148
0.04630614997143098	0.7125472093999161	0.7590508859708536	0.24094911402914637	0.13342762847713344	0.22476669534714408	0.23195981669551488	0.4715980953707697
0.046302805132019544	0.7129668485102811	0.7590508859708536	0.24094911402914637	0.1334957177653807	0.22488418266048973	0.2321603755398456	0.4720177344811347
0.046292941969408606	0.7129668485102811	0.7589197928729052	0.24108020712709477	0.13343281237728735	0.22479491929081769	0.23206086080283458	0.47188664138318637
0.046283625774056765	0.7133864876206463	0.7589197928729052	0.24108020712709477	0.13350086382911888	0.22491235033406098	0.23226138641503752	0.4723062804935516
0.04627798683299573	0.7133864876206463	0.7588542463239311	0.24114575367606894	0.133469419800581	0.22486772486772486	0.2322116373483628	0.47224073394457733
0.04627456741745472	0.7138061267310113	0.7588542463239311	0.24114575367606894	0.1335374470089496	0.22498512003174392	0.23241214165079668	0.47266037305494235
0.04627215654166844	0.7138061267310113	0.7588105486246149	0.24118945137538508	0.13351648351648351	0.22495536599880975	0.23237897516118305	0.47261667535562624
0.04627132184241579	0.7142257658413764	0.7588105486246149	0.24118945137538508	0.13358449101326428	0.22507273208145992	0.23257946212866779	0.4730363144659915
0.0462653784517816	0.7142257658413764	0.7587668509252987	0.24123314907470123	0.13356352507258887	0.22504297236546345	0.23254629370349783	0.47299261676667514
0.04626515347084056	0.7146454049517414	0.7587668509252987	0.24123314907470123	0.133631512868801	0.22516030938057777	0.23274676334667826	0.47341225587704017
0.046214382220655305	0.7146454049517414	0.7583298739321375	0.24167012606786253	0.1334221247257913	0.22486300917673466	0.23241532861000455	0.472975278883879
0.046209741299028224	0.7150650440621066	0.7583298739321375	0.24167012606786253	0.13349001175088132	0.22498019540533404	0.2326157098760568	0.47339491799424405
0.04618034376866124	0.7150650440621066	0.7580895365858987	0.24191046341410125	0.13337507827175954	0.2248169404314269	0.23243363156764865	0.4731545806480053
0.046179155486655056	0.7154846831724717	0.7580895365858987	0.24191046341410125	0.13344290522031776	0.224934036939314	0.23263396014158427	0.47357421975837033
0.04617122810739704	0.7154846831724717	0.7580458388865826	0.2419541611134174	0.13342202050238672	0.2249043661786044	0.23260086646709568	0.47353052205905444
0.046170496294384133	0.7159043222828367	0.7580458388865826	0.2419541611134174	0.13348982785602503	0.22502143375321507	0.23280117782003304	0.47395016116941946
0.046149516222849095	0.7159043222828367	0.7578055015403439	0.2421944984596561	0.13337502931748885	0.22485831026756295	0.23261922563616536	0.4737098238231807
0.04614499186335819	0.7163239613932019	0.7578055015403439	0.2421944984596561	0.13344277673545965	0.22497528830313016	0.23281948443674438	0.47412946293354574
0.04614345672690187	0.7163239613932019	0.7577399549913697	0.2422600450086303	0.13341148886283705	0.22493082092502306	0.23276988052679407	0.47406391638457146
0.04614140360664157	0.717163239613932	0.7577399549913697	0.2422600450086303	0.13354692506056107	0.2251646903820817	0.23317034660800898	0.4749031946053017
0.04613905087462935	0.717163239613932	0.7576962572920536	0.24230374270794644	0.1335260567231815	0.2251350283230141	0.2331372690752335	0.4748594969059856
0.04613754150598778	0.7175828787242972	0.7576962572920536	0.24230374270794644	0.13359375	0.22525192649673978	0.23333748029565865	0.47527913601635063
0.04613388524483971	0.7175828787242972	0.7575870130437632	0.24241298695623675	0.13354158531823507	0.2251777719252041	0.23325479285710363	0.47516989176806046
0.04613148372603087	0.7180025178346622	0.7575870130437632	0.24241298695623675	0.13360924566609403	0.22529462110738033	0.23345497519003855	0.4755895308784255
0.046127062187804595	0.7180025178346622	0.7575651641941052	0.2424348358058948	0.1335988131490591	0.22527978933508888	0.2334384382415292	0.47556768202876754
0.046126477738876355	0.7184221569450273	0.7575651641941052	0.2424348358058948	0.13366645846346034	0.22539661641761569	0.2336386073559537	0.47598732113913256
0.04608316147186403	0.7184221569450273	0.7571063383512858	0.2428936616487142	0.1334476576506353	0.2250854588482777	0.23329159171865488	0.475528495296313
0.04608222866990391	0.7188417960553923	0.7571063383512858	0.2428936616487142	0.13351519875292284	0.2252021297574443	0.23349166956676157	0.47594813440667805
0.04601064965366455	0.7188417960553923	0.7563634774629115	0.24363652253708842	0.13316231343283583	0.2246999409719945	0.23293108328558368	0.4752052735183039
0.046007719218609945	0.7192614351657575	0.7563634774629115	0.24363652253708842	0.13322969296541004	0.22481636935991606	0.23313101975238198	0.4756249126286689
0.045995427263160395	0.7192614351657575	0.7562979309139374	0.24370206908606262	0.13319863226608641	0.22477214608878107	0.23308162630179322	0.47555936607969485
0.045988695087194637	0.7196810742761225	0.7562979309139374	0.24370206908606262	0.1332659880332582	0.22488853920797272	0.23328154192900957	0.47597900519005987
0.045933564122291555	0.7196810742761225	0.7555769188752213	0.24442308112477878	0.13292512788714927	0.2244030094864246	0.2327389568112977	0.47525799315134387
0.04593353687405894	0.7201007133864876	0.7555769188752213	0.24442308112477878	0.1329923273657289	0.2245191678660212	0.23293873579064037	0.4756776322617089
0.045903180958922075	0.7201007133864876	0.7553147326793245	0.24468526732067555	0.13286875725900116	0.22434305137926527	0.23274178040902443	0.4754154460658122
0.045901695281714984	0.7205203524968528	0.7553147326793245	0.24468526732067555	0.1329358934654692	0.22445911497483495	0.23294150405785038	0.47583508517617723
0.0458610861919189	0.7205203524968528	0.7548122091371889	0.24518779086281106	0.13269959038565576	0.22412217726145411	0.23256450360980477	0.4753325616340418
0.045858788300813046	0.7209399916072178	0.7548122091371889	0.24518779086281106	0.13276661514683152	0.22423807348430463	0.23276412989013323	0.47575220074440683
0.045811413347805995	0.7209399916072178	0.7543315344447115	0.2456684655552885	0.13254127449467676	0.2239165852069078	0.2324041544070151	0.47527152605192935
0.045810720221929634	0.7213596307175829	0.7543315344447115	0.2456684655552885	0.13260819254802128	0.22403232112602633	0.23260368750362914	0.47569116516229437
0.04579309768893113	0.7213596307175829	0.7541785924971051	0.24582140750289497	0.1325366229760987	0.22393017651273367	0.23248926987736468	0.47553822321468786
0.04579200074940883	0.7217792698279479	0.7541785924971051	0.24582140750289497	0.1326035001156426	0.22404585124397552	0.23268876721621587	0.4759578623250529
0.045736821332744565	0.7217792698279479	0.753523127007363	0.24647687299263693	0.13229751557572494	0.22360894435777431	0.23219909134422875	0.47530239683531095
0.04573515444476665	0.7221989089383131	0.753523127007363	0.24647687299263693	0.13236425165359175	0.22372440688982775	0.23239846561951155	0.47572203594567597
0.045646860575880584	0.7221989089383131	0.7526928707203566	0.24730712927964343	0.13197852760736195	0.22317318290864294	0.2317799183013907	0.4748917796586696
0.04564529186485266	0.7226185480486781	0.7526928707203566	0.24730712927964343	0.1320450885668277	0.2232883817427386	0.23197913994084543	0.4753114187690346
0.04558907009885944	0.7226185480486781	0.752168498328563	0.247831501671437	0.1318025258323766	0.22294148109787676	0.23158944883224752	0.47478704637724123
0.045589003286922475	0.7230381871590432	0.752168498328563	0.247831501671437	0.13186897290678096	0.2230565085118778	0.2317885712561165	0.47520668548760625
0.045563363436029326	0.7230381871590432	0.7519281609823243	0.2480718390176757	0.13175804848206776	0.22289780077619664	0.23161019477860148	0.4749663481413675
0.04556244927866652	0.7234578262694084	0.7519281609823243	0.2480718390176757	0.13182443798745985	0.22301274173727442	0.23180926703406043	0.47538598725173253
0.04548142203991693	0.7234578262694084	0.7510760558456597	0.24892394415434027	0.1314324921857132	0.2224516129032258	0.23117807319789097	0.4745338821150682
0.04547674350413822	0.7238774653797734	0.7510760558456597	0.24892394415434027	0.1314987040707425	0.22256628604606155	0.23137699091795585	0.4749535212254332
0.04545618756435552	0.7238774653797734	0.7508794161987371	0.24912058380126287	0.1314085472689876	0.22243713733075435	0.23123160142304558	0.47475688157851037
0.04545612799901683	0.7242971044901385	0.7508794161987371	0.24912058380126287	0.1314747105423522	0.22255173747662949	0.23143047681869838	0.4751765206888756
0.04543095525967433	0.7242971044901385	0.7505735323035242	0.24942646769647578	0.13133465225993	0.2223510466988728	0.23120448923464212	0.4748706367936628
0.04542882824914385	0.7247167436005035	0.7505735323035242	0.24942646769647578	0.1314007456440691	0.222465541672034	0.2314033038328386	0.47529027590402784
0.04529252457449253	0.7247167436005035	0.7491970547750662	0.2508029452249339	0.13077389065576253	0.22156648919109628	0.2303895115341694	0.4739137983755697
0.0452922384452068	0.7251363827108687	0.7491970547750662	0.2508029452249339	0.1308397062164004	0.22168056446440026	0.23058808491845853	0.4743334374859347
0.045252564832218005	0.7251363827108687	0.7486945312329305	0.25130546876706944	0.1306122448979592	0.22135399987190163	0.23021925740414073	0.4738309139437993
0.04525128253982427	0.7255560218212337	0.7486945312329305	0.25130546876706944	0.13067795329151236	0.22146791341104138	0.2304177377943248	0.4742505530541643
0.04517572615096396	0.7255560218212337	0.7479953680438725	0.2520046319561275	0.13036266304757596	0.2210149558992714	0.22990568103235548	0.47355138986510603
0.045173088017220364	0.7259756609315988	0.7479953680438725	0.2520046319561275	0.13042822677925212	0.2211286508595897	0.2301040360123621	0.4739710289754713
0.04514774350021975	0.7259756609315988	0.7476894841486597	0.2523105158513404	0.13029070643169152	0.22093097503352277	0.2298804016965242	0.4736651450802585
0.04514218172023481	0.726395300041964	0.7476894841486597	0.2523105158513404	0.1303562015211989	0.22104456646660708	0.2300786971608905	0.4740847841906235
0.045102684641929736	0.726395300041964	0.7472525071554983	0.25274749284450176	0.13016016241822692	0.2207626578242571	0.2297596113335347	0.47364780719746236
0.045099310756610854	0.726814939152329	0.7472525071554983	0.25274749284450176	0.13022556390977444	0.22087610788752152	0.22995782571395407	0.4740674463078274
0.04509909563515518	0.726814939152329	0.7472306583058401	0.2527693416941598	0.13021577325013156	0.22086202499362406	0.22994188211540786	0.474045597458169
0.045090738462076924	0.7272345782626941	0.7472306583058401	0.2527693416941598	0.13028116072771012	0.22097545425565826	0.23014008428447139	0.47446523656853423
0.04505095630405656	0.7272345782626941	0.7467281347637047	0.2532718652362953	0.1300562851782364	0.22065189712248537	0.22977367372025162	0.4739627130263988
0.04504937489422709	0.7276542173730591	0.7467281347637047	0.2532718652362953	0.13012156686177398	0.2207651664650837	0.22997178431170504	0.47438235213676383
0.045022130917949786	0.7276542173730591	0.7464004020188337	0.25359959798116627	0.12997526422307173	0.22055456626812517	0.22973315355529356	0.47405461939189286
0.045022024612335065	0.7280738564834243	0.7464004020188337	0.25359959798116627	0.13004047369210014	0.2206677265500795	0.22993120164099157	0.4744742585022581
0.04499543251008481	0.7280738564834243	0.7461163669732789	0.2538836330267211	0.1299138899288656	0.22048544923116026	0.22972458783532831	0.47419022345670303
0.04499469945734952	0.7284934955937893	0.7461163669732789	0.2538836330267211	0.129979035639413	0.22059851324734736	0.22992258074600117	0.47460986256706805
0.04497779163077722	0.7284934955937893	0.7459634250256724	0.2540365749743276	0.12991094814038764	0.2205004445573479	0.2298113965863262	0.47445692061946154
0.0449751131229019	0.7289131347041544	0.7459634250256724	0.2540365749743276	0.12997605507333135	0.22061345018098685	0.23000935591405214	0.4748765597298268
0.04493942206849652	0.7289131347041544	0.7454827503331949	0.25451724966680506	0.12976243836844464	0.22030566300970258	0.22966027103538447	0.4743958850373493
0.044937498331099175	0.7293327738145196	0.7454827503331949	0.25451724966680506	0.12982744453574363	0.22041851616994293	0.2298581432792529	0.47481552414771455
0.044933508263398016	0.7293327738145196	0.7454390526338788	0.25456094736612117	0.12980805138546567	0.22039056555921888	0.22982643343278408	0.4747718264483982
0.04493164915271335	0.7297524129248846	0.7454390526338788	0.25456094736612117	0.12987303958177746	0.22050339187218665	0.23002429007480044	0.47519146555876324
0.04480293360997486	0.7297524129248846	0.7443247613013175	0.2556752386986825	0.12938025444535378	0.2197927199191102	0.22921731721060679	0.4740771742262022
0.04480220830197923	0.7301720520352497	0.7443247613013175	0.2556752386986825	0.12944502306204433	0.21990521327014217	0.22941498440934296	0.47449681333656724
0.044772933481535215	0.7301720520352497	0.7439314820074723	0.25606851799252767	0.12927191679049035	0.21965536830145807	0.22913093475812238	0.474103534042722
0.04476718347071543	0.7310113302559799	0.7439314820074723	0.25606851799252767	0.12940127767047988	0.21988008835594824	0.22952611694537856	0.47494281226345203
0.044752958523066134	0.7310113302559799	0.7438003889095239	0.25619961109047606	0.12934362934362933	0.21979685824238218	0.22943148702037364	0.4748117191655039
0.04474840109083884	0.731430969366345	0.7438003889095239	0.25619961109047606	0.12940827084416068	0.21990915972747918	0.2296290444368851	0.47523135827586893
0.044731094516582796	0.731430969366345	0.7436037492626013	0.2563962507373987	0.12932185784240985	0.21978437677321733	0.2294871573683916	0.4750347186289463
0.04473054898129333	0.73185060847671	0.7436037492626013	0.2563962507373987	0.12938645300096446	0.2198966082461228	0.22968467479253124	0.47545435773931133
0.04465699911060327	0.73185060847671	0.7427953418252529	0.2572046581747471	0.12903225806451613	0.21938486697276557	0.22910235624420888	0.4746459503019629
0.04465557396402111	0.7322702475870752	0.7427953418252529	0.2572046581747471	0.12909669305319227	0.21949685534591196	0.2292997357798234	0.4750655894123281
0.04450602942744181	0.7322702475870752	0.741484410845769	0.258515589154231	0.12852618398762614	0.218671679197995	0.2283590475939435	0.47375465843284426
0.04450507628533006	0.7326898866974402	0.741484410845769	0.258515589154231	0.12859036676977464	0.21878328425537247	0.22855621037243545	0.4741742975432093
0.04447876343580901	0.7326898866974402	0.7410911315519237	0.2589088684480762	0.12842012356575463	0.21853682958883536	0.2282748569968363	0.473781018249364
0.044469341575882226	0.7331095258078053	0.7410911315519237	0.2589088684480762	0.12848422446127822	0.218648310387985	0.22847194941055285	0.47420065735972905
0.04440787893737851	0.7331095258078053	0.7402827241145753	0.25971727588542465	0.12813554349420567	0.21814322282574763	0.22789480203797555	0.4733922499223806
0.04440647351240523	0.7335291649181703	0.7402827241145753	0.25971727588542465	0.1281994866153282	0.21825446372830565	0.2280917590881543	0.4738118890327456
0.044172434360323476	0.7335291649181703	0.7376390133059494	0.26236098669405056	0.1270718232044199	0.21661812999566268	0.22621616243639972	0.4711681782241197
0.044171018471732736	0.7339488040285355	0.7376390133059494	0.26236098669405056	0.12713527658646506	0.216728624535316	0.22641270054351328	0.47158781733448496
0.04415397187710943	0.7339488040285355	0.7373768271100527	0.26262317288994735	0.12702447527053526	0.21656760772659733	0.22622766198051097	0.4713256311385883
0.04415012212686692	0.7343684431389006	0.7373768271100527	0.26262317288994735	0.1270878721859114	0.21667801646752924	0.22642415178493722	0.4717452702489533
0.04414704888870872	0.7343684431389006	0.7373331294107366	0.26266687058926347	0.1270694162067964	0.2166511915815537	0.22639332290989442	0.4717015725496372
0.0441436765909455	0.7347880822492656	0.7373331294107366	0.26266687058926347	0.12713279605024322	0.2167615746471899	0.22658979803571186	0.4721212116600022
0.044135414434170774	0.7347880822492656	0.737158338613472	0.262841661386528	0.1270589942674697	0.21665429349170998	0.22646650594600742	0.4719464208627375
0.044131785442430925	0.7352077213596308	0.737158338613472	0.262841661386528	0.12712233347845014	0.21676461490875348	0.22666294629867112	0.47236605997310277
0.04404246497421966	0.7352077213596308	0.7359566518822784	0.2640433481177216	0.1266170412661704	0.21602959309494452	0.22581729722591223	0.4711643732419093
0.04404092691741147	0.7356273604699958	0.7359566518822784	0.2640433481177216	0.1266801560919208	0.21613957215954627	0.22601354626251557	0.4715840123522743
0.04397153048273376	0.7356273604699958	0.7353885817911687	0.26461141820883133	0.12644258511252163	0.21579368498799778	0.22561500922085945	0.4710159422611646
0.04396878565915821	0.7360469995803609	0.7353885817911687	0.26461141820883133	0.12650558961413633	0.21590349581486953	0.22581116425905276	0.47143558137152963
0.0438543209530101	0.7360469995803609	0.7339902554130525	0.2660097445869475	0.12592433053341948	0.21505640019617459	0.22483349238795167	0.47003725499341353
0.043848677660956153	0.7364666386907259	0.7339902554130525	0.2660097445869475	0.1259870782483848	0.21516581867222462	0.22502942912342536	0.47045689410377856
0.0438438092992633	0.7364666386907259	0.7339028600144202	0.26609713998557977	0.12595091143964404	0.2151130722559294	0.22496847839649867	0.4703694987051461
0.043842803386474116	0.7368862778010911	0.7339028600144202	0.26609713998557977	0.12601363473268748	0.21522245373207502	0.2251643942851932	0.47078913781551135
0.04383951309939391	0.7368862778010911	0.7338373134654461	0.26616268653455394	0.12598651169464772	0.21518289320507322	0.22511868426421824	0.47072359126653707
0.04383946884509184	0.7373059169114562	0.7338373134654461	0.26616268653455394	0.12604921443432096	0.21529224359759833	0.225314582592061	0.4711432303769023
0.043818036595434456	0.7373059169114562	0.7335751272695492	0.26642487273045073	0.12594079277471149	0.21513407616015673	0.22513181322652487	0.4708810441810054
0.04381610099085309	0.7377255560218212	0.7335751272695492	0.26642487273045073	0.12600344036697247	0.2152433425160698	0.2253276646541131	0.4713006832913704
0.04374623135157272	0.7377255560218212	0.732810417531517	0.267189582468483	0.1256881389862015	0.21478313989004277	0.22479547499924785	0.4705359735533383
0.04374622895876227	0.7381451951321863	0.732810417531517	0.267189582468483	0.12575064340863598	0.21489218740455684	0.22499120496353903	0.47095561266370334
0.043741467669106936	0.7381451951321863	0.7327448709825428	0.26725512901745724	0.1257236795082553	0.21485281543911078	0.2249456481978902	0.47089006611472906
0.04374015142675788	0.7385648342425514	0.7327448709825428	0.26725512901745724	0.12578616352201258	0.2149618320610687	0.22514136075376057	0.4713097052250941
0.04369304074337365	0.7385648342425514	0.7321768008914331	0.26782319910856695	0.12555286060778997	0.21462105969148224	0.22474690753854223	0.47074163513398437
0.0436881617649797	0.7389844733529165	0.7321768008914331	0.26782319910856695	0.12561523646479777	0.21472991098646507	0.22494252841953574	0.4711612742443496
0.043628818156453975	0.7389844733529165	0.7316305796499813	0.2683694203500186	0.12539162631728853	0.21440311681986973	0.22456393501106747	0.47061505300289785
0.04362604047497224	0.7394041124632815	0.7316305796499813	0.2683694203500186	0.12545389818440728	0.2145118091064037	0.2247594678254333	0.4710346921132629
0.043602764925935726	0.7394041124632815	0.7314120911534008	0.2685879088465992	0.12536463891853433	0.21438131159508456	0.22460820875302878	0.4708162036166823
0.043601350314907965	0.7398237515736467	0.7314120911534008	0.2685879088465992	0.1254268639726807	0.2144899324776446	0.2248037018790607	0.4712358427270473
0.04358933021931053	0.7398237515736467	0.7312591492057943	0.2687408507942057	0.12536443148688048	0.21439863796667882	0.22469786947753534	0.4710829007794408
0.04358727226611724	0.7402433906840118	0.7312591492057943	0.2687408507942057	0.12542662116040956	0.21450720496139114	0.22489333258703162	0.47150253988980606
0.043530158625978255	0.7402433906840118	0.7305818348663943	0.2694181651336057	0.12515076268180206	0.2141036533559898	0.22442525192752286	0.47082522555040596
0.04352745928204285	0.7406630297943768	0.7305818348663943	0.2694181651336057	0.1252128263337117	0.21421202742884884	0.22462060852383808	0.471244864660771
0.0435085677586056	0.7406630297943768	0.7302541021215233	0.2697458978784767	0.12507972503720502	0.2140172183824421	0.2243944817278947	0.4709171319159
0.043504952206240254	0.741082668904742	0.7302541021215233	0.2697458978784767	0.12514172335600907	0.21412549257350713	0.22458978309025746	0.47133677102626526
0.04347941992017268	0.741082668904742	0.7299482182263104	0.2700517817736896	0.12501769786209826	0.21394390938276092	0.2243789283602366	0.47103088713105246
0.043473857365712486	0.7419219471254721	0.7299482182263104	0.2700517817736896	0.12514156285390712	0.21416025679849798	0.22476941972576717	0.4718701653517825
0.043451697319729	0.7419219471254721	0.7297515785793878	0.27024842142061223	0.12506189431986983	0.21404358353510897	0.22463393611399468	0.4716735257048599
0.04344961797568799	0.7423415862358371	0.7297515785793878	0.27024842142061223	0.12512377988400056	0.21415168573330912	0.2248291420603323	0.4720931648152249
0.04344218238249046	0.7423415862358371	0.7296641831807555	0.27033581681924446	0.12508838919530477	0.2140998487140696	0.22476894530956593	0.47200576941659267
0.04343850715115582	0.7427612253462023	0.7296641831807555	0.27033581681924446	0.12515025100756558	0.21420791480091977	0.22496413111999403	0.4724254085269579
0.04333155013368262	0.7427612253462023	0.7282003102536652	0.27179968974633484	0.12456016889514426	0.21334297595371543	0.22395843207147487	0.47096153559986753
0.043330460508214486	0.7431808644565674	0.7282003102536652	0.27179968974633484	0.1246217718668637	0.2134506448113776	0.22415340003720616	0.47138117471023255
0.04332703423801273	0.7431808644565674	0.7281347637046909	0.27186523629530907	0.12459546925566344	0.21341206242091945	0.22410848276452053	0.47131562816125827
0.04332641864391218	0.7436005035669324	0.7281347637046909	0.27186523629530907	0.12465705240942666	0.21351970116881552	0.2243034339493273	0.4717352672716233
0.043322823497030545	0.7436005035669324	0.7281129148550329	0.2718870851449671	0.12464828362408553	0.21350683776131094	0.22428846074560574	0.47171341842196535
0.043322166607325796	0.7440201426772975	0.7281129148550329	0.2718870851449671	0.12470985439966238	0.2136144578313253	0.22448340139995904	0.47213305753233037
0.04323865216958792	0.7440201426772975	0.7269767746728135	0.27302322532718654	0.12425537879318803	0.21294739370646168	0.22370624128715424	0.47099691735011096
0.04323111674146803	0.7444397817876626	0.7269767746728135	0.27302322532718654	0.1243167484232656	0.21305470485798356	0.22390101305030152	0.471416556460476
0.043184035029871226	0.7444397817876626	0.7264524022810199	0.2735475977189801	0.12410801734993704	0.21274809618036816	0.22354330928282348	0.4708921840686826
0.04318253262869732	0.7448594208980277	0.7264524022810199	0.2735475977189801	0.12416928996152501	0.2128552584242715	0.22373799963379762	0.47131182317904763
0.043140321645684127	0.7448594208980277	0.7260809718368328	0.2739190281631672	0.1240217998882057	0.21263851452530697	0.2234849765811415	0.47094039273486055
0.043135016209571914	0.7452790600083928	0.7260809718368328	0.2739190281631672	0.12408300146719765	0.21274556780067083	0.22367960733831171	0.4713600318452258
0.04308951145480252	0.7452790600083928	0.7255347505953811	0.27446524940461886	0.12386664806807086	0.2124274863943544	0.22330804248529354	0.47081381060377403
0.04308916872499558	0.7456986991187579	0.7255347505953811	0.27446524940461886	0.12392774949438594	0.21253438583901446	0.2235025893467572	0.47123344971413905
0.04308158736569429	0.7456986991187579	0.725469204046407	0.27453079595359303	0.12390182680239854	0.21249626307922273	0.2234580406380078	0.47116790316516477
0.043080487626071466	0.746118338229123	0.725469204046407	0.27453079595359303	0.12396290873596877	0.21260313284706445	0.22365257106779032	0.47158754227553
0.04307926293031511	0.746118338229123	0.7254473551967489	0.2745526448032511	0.12395426659230341	0.21259042266993483	0.22363772073712493	0.47156569342587185
0.043078883081038584	0.746537977339488	0.7254473551967489	0.2745526448032511	0.12401533635413035	0.21269727403156385	0.22383224085523623	0.47198533253623687
0.04305521591300467	0.746537977339488	0.7250977736022198	0.27490222639778017	0.12387716732818049	0.212494027711419	0.22359474264407797	0.47163575094170795
0.043054302162261616	0.7469576164498531	0.7250977736022198	0.27490222639778017	0.12393817017128533	0.2126007763511496	0.2237892067233644	0.472055390052073
0.04303239610155405	0.7469576164498531	0.724835587406323	0.27516441259367697	0.12383470154445526	0.2124485289729665	0.2236112388522234	0.4717932038561763
0.04303214183856922	0.7473772555602182	0.724835587406323	0.27516441259367697	0.12389565217391305	0.21255519751760354	0.2238056592021773	0.4722128429665413
0.04292973235010935	0.7473772555602182	0.723502807577181	0.27649719242281895	0.12337212524244943	0.21178429157500445	0.22290334036093518	0.47088006313739905
0.04292751393660952	0.7477968946705833	0.723502807577181	0.27649719242281895	0.12343284615917434	0.21189060642092747	0.22309756909144315	0.4712997022477643
0.042902415694501476	0.7477968946705833	0.7230439817343617	0.2769560182656383	0.12325356204177618	0.2116263879817113	0.22278784696323728	0.470840876404945
0.04290221519609457	0.7482165337809484	0.7230439817343617	0.2769560182656383	0.12331419876893285	0.2117325733285833	0.22298200549175728	0.47126051551531
0.04286736875051183	0.7482165337809484	0.7226070047412003	0.2773929952587996	0.12314386352648664	0.21148143755189183	0.22268743389984375	0.47082353852214887
0.042864908816472154	0.7486361728913135	0.7226070047412003	0.2773929952587996	0.12320441988950276	0.21158749925873213	0.22288152546864734	0.4712431776325139
0.04282066029618942	0.7486361728913135	0.7222355742970132	0.27776442570298676	0.12305994343657309	0.21137440758293838	0.22263144196645215	0.4708717471883266
0.042820388928205964	0.7490558120016786	0.7222355742970132	0.27776442570298676	0.12312043040419368	0.21148036253776434	0.22282547574144013	0.47129138629869183
0.042797204850162196	0.7490558120016786	0.72182044615351	0.27817955384648996	0.12295928910932011	0.21124260355029587	0.2225462969335597	0.47087625815518863
0.042796476605529966	0.7494754511120436	0.72182044615351	0.27817955384648996	0.12301969968315195	0.21134844092065558	0.22274026715154482	0.47129589726555365
0.042757629097039736	0.7494754511120436	0.7213616203106906	0.2786383796893094	0.12284201114244446	0.21108616002836544	0.2224321075164046	0.47083707142273434
0.04275646867527796	0.7498950902224087	0.7213616203106906	0.2786383796893094	0.12290233837689134	0.21119186905395024	0.2226260084732669	0.47125671053309937
0.0427404990224256	0.7498950902224087	0.7210775852651358	0.27892241473486423	0.12279255136397993	0.2110297590930562	0.22243545048044117	0.4709726754875445
0.04273782274189044	0.7503147293327738	0.7210775852651358	0.27892241473486423	0.12285282396592002	0.21113538407037846	0.22262930601705494	0.47139231459790953
0.042702614657717915	0.7503147293327738	0.7206187594223163	0.2793812405776836	0.12267581475128644	0.21087392381177025	0.22232181577504298	0.4709334887550902
0.042702265459865524	0.7507343684431389	0.7206187594223163	0.2793812405776836	0.12273600439077936	0.21097942095642433	0.22251560246887941	0.47135312786545525
0.04257727709068219	0.7507343684431389	0.7195918634883873	0.28040813651161267	0.12234151678862067	0.21039633070680935	0.22182903724400774	0.47032623193152623
0.04256782893118258	0.751154007553504	0.7195918634883873	0.28040813651161267	0.1224015317286652	0.2105015581819251	0.22202267935167563	0.4707458710418915
0.04254590239761372	0.751154007553504	0.7192422818938583	0.2807577181061417	0.12226775956284153	0.2103037067496916	0.22178946243342207	0.47039628944736234
0.0425454626724124	0.751573646663869	0.7192422818938583	0.2807577181061417	0.12232770985588416	0.21040883458646617	0.22198305101600135	0.47081592855772736
0.04247064406540615	0.751573646663869	0.7184557233061679	0.2815442766938321	0.12202766232881379	0.20996483001172334	0.22145923170392054	0.4700293699700371
0.0424701992725468	0.7519932857742342	0.7184557233061679	0.2815442766938321	0.12208747785801881	0.21006974972158723	0.22165270900402487	0.4704490090804021
0.042438193988773965	0.7519932857742342	0.7180187463130066	0.2819812536869934	0.12192134984351613	0.20982378080908612	0.22136225028430737	0.47001203208724074
0.042436045211303036	0.7524129248845992	0.7180187463130066	0.2819812536869934	0.12198108714878564	0.2099285797915935	0.22155566300750257	0.47043167119760576
0.04241853245438817	0.7524129248845992	0.7177347112674517	0.28226528873254825	0.12187330070690593	0.20976893828604856	0.22136706010180085	0.4701476361520509
0.04241772888397775	0.7528325639949643	0.7177347112674517	0.28226528873254825	0.1219329844355332	0.2098736546560599	0.22156042858113018	0.47056727526241593
0.04241417813773102	0.7528325639949643	0.7177128624177938	0.2822871375822063	0.12192469756694305	0.20986137918933145	0.2215459253723476	0.470545426412758
0.04241353256071293	0.7532522031053294	0.7177128624177938	0.2822871375822063	0.12198436969079171	0.2099660779038484	0.22173928414987193	0.470965065523123
0.04239680597991458	0.7532522031053294	0.7174506762218968	0.2825493237781031	0.12188497317851565	0.20981881940385738	0.22156529558227103	0.4707028793272263
0.04239665617398308	0.7536718422156945	0.7174506762218968	0.2825493237781031	0.12194459532862574	0.2099234410613056	0.22175861311128608	0.47112251843759134
0.042372266556619916	0.7536718422156945	0.7171229434770259	0.28287705652297407	0.12182052499491285	0.20973957725096345	0.2215413032322743	0.4707947856927204
0.042371803311652245	0.7540914813260596	0.7171229434770259	0.28287705652297407	0.12188008681497559	0.20984410579786303	0.2217345710300067	0.4712144248030854
0.04234882406042679	0.7540914813260596	0.7168170595818131	0.283182940418187	0.1217644667299092	0.2096727145440756	0.22153192736540867	0.4709085409078728
0.04234641282333162	0.7545111204364247	0.7168170595818131	0.283182940418187	0.12182397181380852	0.2097771555244429	0.22172514841812246	0.47132818001823784
0.04231162418205193	0.7545111204364247	0.7163582337389937	0.28364176626100635	0.12165087956698241	0.20952048010254617	0.22142151833614226	0.4708693541754183
0.04230956797947356	0.7549307595467898	0.7163582337389937	0.28364176626100635	0.12171030376835126	0.2096247960848287	0.2216146728731165	0.47128899328578333
0.042282507471568975	0.7549307595467898	0.7160305009941226	0.28396949900587737	0.12158691538253583	0.2094417602887246	0.2213980412751112	0.47096126054091236
0.042281839410195234	0.7553503986571548	0.7160305009941226	0.28396949900587737	0.12164627965128066	0.20954598370197905	0.22159114652686407	0.4713808996512774
0.04227893425989593	0.7553503986571548	0.7159649544451485	0.28403504555485154	0.12162162162162163	0.2095093988244195	0.22154784061495766	0.4713153531023033
0.042278023635279154	0.7557700377675199	0.7159649544451485	0.28403504555485154	0.1216809675021958	0.20961359404096835	0.22174093064184325	0.47173499221266857
0.04226862690322852	0.7557700377675199	0.7157683147982259	0.2842316852017741	0.12160702228224173	0.20950386785319608	0.22161104519109925	0.4715383525657457
0.0422680892263154	0.756189676877885	0.7157683147982259	0.2842316852017741	0.12166632907973804	0.20960800279167152	0.22180410304926465	0.47195799167611074
0.042162777009819054	0.756189676877885	0.7145010815180581	0.2854989184819419	0.12119174120653708	0.20890331555761651	0.22096896993732507	0.4706907583959432
0.042162594074178876	0.7566093159882501	0.7145010815180581	0.2854989184819419	0.12125084061869536	0.20900712919492262	0.22116185805937472	0.47111039750630823
0.04208316749723847	0.7566093159882501	0.7136708252310515	0.2863291747689484	0.12094177622752884	0.20854779943323115	0.22061652728710676	0.4702801412193016
0.04208064170815221	0.7570289550986152	0.7136708252310515	0.2863291747689484	0.12100073780937688	0.20865139949109415	0.22080930280174424	0.47069978032966686
0.04200325573055411	0.7570289550986152	0.7127531735454129	0.28724682645458716	0.12066082536285198	0.20814584054459445	0.2202082174355508	0.46978212864402824
0.041996794020731816	0.7574485942089803	0.7127531735454129	0.28724682645458716	0.12071963616907437	0.2082492068070378	0.2204008700191724	0.47020176775439326
0.041994956005937785	0.7574485942089803	0.7127313246957547	0.2872686753042452	0.1207115628970775	0.2082371942778034	0.22038657819092566	0.4701799189047349
0.04199286179871781	0.7578682333193454	0.7127313246957547	0.2872686753042452	0.12077036244483082	0.20834054334659977	0.2205792214521546	0.4705995580151001
0.04197814992548418	0.7578682333193454	0.7126220804474644	0.28737791955253555	0.12072999532054282	0.20828047514704187	0.22050776417349285	0.4704903137668097
0.04197368371258722	0.7587075115400755	0.7126220804474644	0.28737791955253555	0.12084753692934964	0.20848708487084872	0.2208930034547962	0.47132959198754
0.0419648936655071	0.7587075115400755	0.7123817431012257	0.2876182568987743	0.12075874966604327	0.20835494093921061	0.22073582864987934	0.47108925464130125
0.041963493768589745	0.7591271506504407	0.7123817431012257	0.2876182568987743	0.1208174714486075	0.2084581700852731	0.22092840820091766	0.4715088937516665
0.04196178815805889	0.7591271506504407	0.7123598942515676	0.28764010574843235	0.12080940296513958	0.20844616005070002	0.22091412308955685	0.4714870449020083
0.04196140948429156	0.7595467897608057	0.7123598942515676	0.28764010574843235	0.12086811352253757	0.2085493720474709	0.22110669335478078	0.47190668401237335
0.04194197456636106	0.7595467897608057	0.7121851034543032	0.28781489654569686	0.12080357738770607	0.2084532995508465	0.22099242800608318	0.4717318932151089
0.04194194122243298	0.7599664288711708	0.7121851034543032	0.28781489654569686	0.12086225306994126	0.20855645764956526	0.2211849697814291	0.47215153232547413
0.04185304163204805	0.7599664288711708	0.7109397190237934	0.2890602809762066	0.12040422844225783	0.20787419651056016	0.22037259673410722	0.4709061478949641
0.041852575111966876	0.7603860679815359	0.7109397190237934	0.2890602809762066	0.12046270442760271	0.20797704447632712	0.2205649764304884	0.4713257870053291
0.04185012036033797	0.7603860679815359	0.7108741724748192	0.2891258275251808	0.12043868394815553	0.2079412439752123	0.22052230490190827	0.47126024045635506
0.041849417126909254	0.760805707091901	0.7108741724748192	0.2891258275251808	0.12049714209756746	0.20804406449021745	0.2207146699900181	0.4716798795667203
0.0418203787958543	0.760805707091901	0.7104808931809741	0.289519106819026	0.12035315985130111	0.20782942626239467	0.22045878671008332	0.47128660027287506
0.04181773909090375	0.761225346202266	0.7104808931809741	0.289519106819026	0.12041154995021573	0.20793214121962403	0.22065109657257592	0.4717062393832401
0.04181553087010311	0.761225346202266	0.7103934977823418	0.2896065022176582	0.12037958723206584	0.20788448315379326	0.22059426807704602	0.47161884398460785
0.041812457334268	0.7616449853126311	0.7103934977823418	0.2896065022176582	0.12043795620437957	0.20798716553028132	0.22078656068756392	0.47203848309497287
0.04178731078181084	0.7616449853126311	0.7100876138871288	0.2899123861128712	0.12032617342879873	0.20782046144157554	0.22058775258435734	0.47173259919975985
0.041786574633606084	0.7620646244229963	0.7100876138871288	0.2899123861128712	0.1203844879018893	0.20792305930844973	0.2207800009835918	0.4721522383101251
0.04177775435667377	0.7620646244229963	0.7098909742402062	0.29010902575979375	0.12031270703590831	0.20781598672541055	0.22065227772057344	0.47195559866320247
0.04177651169888035	0.7624842635333613	0.7098909742402062	0.29010902575979375	0.12037098376946008	0.20791852614715642	0.22084449547156176	0.4723752377735675
0.041739084103430184	0.7624842635333613	0.7095850903449934	0.29041490965500666	0.1202594480111192	0.20775211525268694	0.22064594210387245	0.4720693538783547
0.04173663361109802	0.7629039026437264	0.7095850903449934	0.29041490965500666	0.12031767041694243	0.2078545703995884	0.22083811583952032	0.47248899298871994
0.04170600164560893	0.7629039026437264	0.709126264502174	0.290873735497826	0.12015068402617143	0.20760534429599178	0.220540605086182	0.4720301671459004
0.041705099319410514	0.7633235417540915	0.709126264502174	0.290873735497826	0.12020882897171557	0.20770767913217242	0.22073271619793852	0.4724498062562654
0.04168447355165947	0.7633235417540915	0.7089951714042255	0.2910048285957744	0.12016118377592813	0.20763655042520404	0.22064777970285918	0.47231871315831686
0.041681387420823314	0.7637431808644566	0.7089951714042255	0.2910048285957744	0.1202193011427439	0.20773884259787695	0.22083986842345205	0.4727383522686821
0.041607498072750666	0.7637431808644566	0.7080775197185868	0.2919224802814132	0.11988670048086424	0.20724208608517422	0.22024622548702918	0.47182070058304326
0.041607134837414135	0.7641628199748216	0.7080775197185868	0.2919224802814132	0.11994467132130154	0.20734415029888983	0.22043819614405866	0.4722403396934083
0.04159182866120004	0.7641628199748216	0.7079682754702965	0.2920317245297035	0.11990518206360704	0.2072851451337507	0.22036763019254954	0.4721310954451181
0.041590997409215374	0.7645824590851867	0.7079682754702965	0.2920317245297035	0.1199631287858836	0.20738717204484663	0.2205595812947736	0.47255073455548313
0.0415198344852814	0.7645824590851867	0.7071161703336319	0.29288382966636806	0.11965587443357194	0.20692788188529246	0.22000992940811825	0.4716986294188188
0.04151871350251334	0.7650020981955519	0.7071161703336319	0.29288382966636806	0.1197136853165222	0.20702969734824825	0.22020177131747212	0.4721182685291838
0.04147576134271648	0.7650020981955519	0.7065917979418384	0.29340820205816165	0.11952530815630737	0.20674794442869293	0.2198642208578644	0.4715938961373902
0.041473288850854925	0.765841376416282	0.7065917979418384	0.29340820205816165	0.11964074996722171	0.20695129557180927	0.22024775997529192	0.4724331743581205
0.04145695879782985	0.765841376416282	0.7063296117459416	0.29367038825405845	0.11954670509629241	0.20681058416907475	0.2200791382068796	0.4721709881622236
0.04145683111126585	0.766261015526647	0.7063296117459416	0.29367038825405845	0.11960437545031768	0.20691218130311614	0.22027086704363158	0.4725906272725886
0.04142451051826574	0.766261015526647	0.7058489370534642	0.29415106294653587	0.11943227156779383	0.2066545948392938	0.21996204323326646	0.47210995258011135
0.0414222247477333	0.7666806546370122	0.7058489370534642	0.29415106294653587	0.11948986265533028	0.2067560685791886	0.22015370852130625	0.47252959169047637
0.04128124051045367	0.7666806546370122	0.7039699359828705	0.2960300640171295	0.11882154006243496	0.20575482853764288	0.2189508726262887	0.4706505906198828
0.041274107199098437	0.7671002937473772	0.7039699359828705	0.2960300640171295	0.118878845028289	0.20585585585585586	0.21914230966563433	0.4710702297302478
0.0412652488773406	0.7671002937473772	0.7038825405842382	0.2961174594157618	0.1188479292633769	0.20580950236433235	0.2190865310148427	0.47098283433161536
0.04126440708331056	0.7675199328577423	0.7038825405842382	0.2961174594157618	0.11890521388636068	0.2059104981705601	0.21927795169746614	0.4714024734419806
0.04126328145081968	0.7675199328577423	0.7038606917345802	0.29613930826541984	0.11889748423584476	0.2058989080265676	0.2192640069263553	0.47138062459232266
0.0412604457394092	0.7679395719681075	0.7038606917345802	0.29613930826541984	0.11895475819032761	0.2059998874317555	0.21945541894618795	0.4718002637026877
0.0412435026971666	0.7679395719681075	0.7035985055386833	0.29640149446131664	0.11886204208885424	0.20586084706676416	0.21928812748356238	0.4715380775067908
0.04124313239926256	0.7683592110784725	0.7035985055386833	0.29640149446131664	0.11891926998765993	0.20596175478065243	0.2194795027276893	0.4719577166171558
0.041183011056789814	0.7683592110784725	0.7026371561537286	0.2973628438462715	0.11858040282365132	0.20545332136445243	0.21886719320226306	0.47099636723220106
0.04118063635039459	0.7687788501888376	0.7026371561537286	0.2973628438462715	0.11863748219142597	0.2055539971949509	0.21905845044138242	0.4714160063425661
0.0411690926069263	0.7687788501888376	0.7024842142061221	0.29751578579387794	0.1185837271020778	0.20547330641543293	0.21896119377602505	0.4712630643949596
0.04116854413347892	0.7691984892992026	0.7024842142061221	0.29751578579387794	0.11864077669902913	0.20557393596141985	0.21915242725059236	0.4716827035053246
0.04114240475843516	0.7691984892992026	0.7020035395136446	0.2979964604863554	0.11847207859358842	0.2053206384766172	0.21884701754464778	0.4712020288128471
0.04114184926560353	0.7696181284095678	0.7020035395136446	0.2979964604863554	0.11852905060427842	0.20542114695340502	0.21903818943798112	0.47162166792321236
0.04111858364077605	0.7696181284095678	0.7018287487163801	0.29817125128361993	0.11846779923777534	0.20532915360501566	0.21892722750263857	0.4714468771259479
0.04111804332455988	0.7700377675199328	0.7018287487163801	0.29817125128361993	0.11852473840589071	0.20542961097117268	0.2191183732455145	0.4718665162363129
0.04111097703203232	0.7700377675199328	0.7017632021674058	0.2982367978325941	0.11850177591217308	0.20539511976718156	0.21907677093929978	0.47180096968733864
0.04110795290794408	0.7704574066302979	0.7017632021674058	0.2982367978325941	0.11855869817900039	0.20549555095416644	0.21926790313982217	0.4722206087977039
0.04110559000495014	0.7704574066302979	0.7016976556184317	0.29830234438156833	0.11853573503776874	0.20546105640107432	0.21922630199924864	0.4721550622487296
0.041104912231911796	0.7708770457406631	0.7016976556184317	0.29830234438156833	0.11859264041316979	0.20556146142225704	0.219417420668699	0.47257470135909463
0.041054437230553624	0.7708770457406631	0.7012169809259543	0.29878301907404575	0.11842444559051057	0.2053087454596256	0.21911255615948522	0.4720940266666174
0.04105420156586167	0.7712966848510281	0.7012169809259543	0.29878301907404575	0.11848127377038613	0.205409029950827	0.21930361370554638	0.4725136657769824
0.04098658319043052	0.7712966848510281	0.7002556315409993	0.29974436845900065	0.11814617214115831	0.20490523968784838	0.2186951727829837	0.47155231639202744
0.04097982517812	0.7717163239613932	0.7002556315409993	0.29974436845900065	0.11820285383725415	0.2050052951340505	0.21888611473767866	0.4719719555023927
0.04096653557366238	0.7717163239613932	0.7000808407437349	0.29991915925626517	0.1181421045869202	0.20491392278121343	0.21877566872688087	0.4717971647051282
0.04096546863321617	0.7721359630717582	0.7000808407437349	0.29991915925626517	0.11819875377400912	0.20501392757660167	0.21896658492195492	0.47221680381549325
0.04081283523901513	0.7721359630717582	0.6980925954248509	0.30190740457514914	0.11751181504662153	0.20397982373482623	0.21771432345995395	0.47022855849660905
0.0408111970525206	0.7725556021821234	0.6980925954248509	0.30190740457514914	0.11756817165847117	0.20407937035805343	0.21790501001349225	0.4706481976069743
0.04079838233469284	0.7725556021821234	0.6978304092289541	0.3021695907710459	0.11747814434305405	0.20394372438240832	0.21774043185708372	0.4703860114110774
0.040798290975357455	0.7729752412924885	0.6978304092289541	0.3021695907710459	0.11753445635528331	0.20404320132927167	0.2179310833504394	0.47080565052144263
0.04077871126683725	0.7729752412924885	0.6975682230330573	0.3024317769669427	0.11744452945677124	0.20390767698012952	0.2177666113570095	0.4705434643255457
0.04077738511220887	0.7733948804028535	0.6975682230330573	0.3024317769669427	0.11750079693975135	0.2040070843480186	0.21795722787356347	0.47096310343591075
0.04076677284148473	0.7733948804028535	0.697437129935109	0.3025628700648911	0.1174558664202409	0.20393936040721478	0.217875028002216	0.4708320103379626
0.040766588247209974	0.7738145195132187	0.697437129935109	0.3025628700648911	0.1175121080805506	0.2040387275242047	0.21806562416749206	0.47125164944832765
0.04066904823600031	0.7738145195132187	0.6962354432039153	0.30376455679608466	0.11710167015939545	0.20341974627688914	0.2173135612734547	0.47004996271713395
0.0406687655918654	0.7742341586235837	0.6962354432039153	0.30376455679608466	0.11715773431546864	0.2035188351442281	0.2175040189454952	0.470469601827499
0.04055193228045033	0.7742341586235837	0.6945093840809282	0.30549061591907184	0.11657294496746066	0.2026359143327842	0.21642850678546355	0.4687435427045119
0.04055066889852812	0.7746537977339488	0.6945093840809282	0.30549061591907184	0.11662875916098055	0.20273461094942616	0.216618770316935	0.46916318181487693
0.040549192737418756	0.7746537977339488	0.694465686381612	0.305534313618388	0.11661402400505369	0.2027123483226267	0.216591612041764	0.4691194841155608
0.04054912221800606	0.7750734368443138	0.694465686381612	0.305534313618388	0.11666982502684606	0.2028110244866586	0.21678186518299336	0.46953912322592584
0.04054043517109654	0.7750734368443138	0.6943345932836635	0.3056654067163364	0.11662562353981183	0.2027442371020856	0.21670039816913378	0.4694080301279775
0.040539559773769565	0.775493075954679	0.6943345932836635	0.3056654067163364	0.11668139916656144	0.2028428736073761	0.21689063146793006	0.4698276692383425
0.04051646880592553	0.775493075954679	0.6940287093884507	0.3059712906115493	0.1165783497350492	0.20268714011516314	0.216700636989182	0.4695217853431297
0.040515812829909424	0.7759127150650441	0.6940287093884507	0.3059712906115493	0.11663407556929288	0.20278569861811802	0.21689083160057113	0.46994142445349496
0.040512787306266465	0.7759127150650441	0.6939194651401603	0.3060805348598396	0.11659730104679027	0.2027301134806206	0.21682300812652594	0.46983218020520434
0.04051059377324028	0.7763323541754091	0.6939194651401603	0.3060805348598396	0.1166530046030645	0.20282863721083214	0.21701318533121672	0.47025181931556936
0.04050508815423854	0.7763323541754091	0.6938320697415281	0.3061679302584719	0.11662358948496501	0.2027841718732873	0.21695893359896834	0.47016442391693714
0.040501811961044965	0.7767519932857743	0.6938320697415281	0.3061679302584719	0.11667927382753404	0.20288266564366744	0.2171490957697138	0.4705840630273024
0.040488465253827044	0.7767519932857743	0.6936572789442637	0.3063427210557364	0.11662046370967742	0.2027937551355793	0.21704061737686875	0.4704092722300379
0.04048792608943181	0.7771716323961393	0.6936572789442637	0.3063427210557364	0.11667611667611667	0.20289219982471515	0.21723075513469756	0.47082891134040294
0.04046537240392608	0.7771716323961393	0.6933295461993926	0.3066704538006074	0.11656596173212487	0.2027256307810191	0.21702748047499276	0.47050117859553175
0.04046107750306893	0.7775912715065044	0.6933295461993926	0.3066704538006074	0.11662156208697841	0.20282399299474607	0.21721757746595988	0.470920817705897
0.0404464960597355	0.7775912715065044	0.6931110577028119	0.30688894229718805	0.11654821057928172	0.20271305108850235	0.2170821516014504	0.47070232920931643
0.04044542344411319	0.7780109106168694	0.6931110577028119	0.30688894229718805	0.11660377358490566	0.20281135481047968	0.21727221961988238	0.47112196831968145
0.040404258303249264	0.7780109106168694	0.6925429876117022	0.30745701238829776	0.11641341203064172	0.2025233491725381	0.21692047739778358	0.47055389822857174
0.04040089909536842	0.7784305497272346	0.6925429876117022	0.30745701238829776	0.11646888930746531	0.2026215182960131	0.2171104792570175	0.47097353733893677
0.04030987195133843	0.7784305497272346	0.6910791146846118	0.30892088531538814	0.11598099287232712	0.20188278826794362	0.21620672980057096	0.4695096644118464
0.04030841370207847	0.7788501888375997	0.6910791146846118	0.30892088531538814	0.11603626133166614	0.20198062901295027	0.21639657129383233	0.4699293035222114
0.04030460575817409	0.7788501888375997	0.6910572658349539	0.3089427341650462	0.11602900725181295	0.20196963926220143	0.21638311080181125	0.46990745467255346
0.040303827725604834	0.7792698279479647	0.6910572658349539	0.3089427341650462	0.11608426579983747	0.20206746463547334	0.21657294450778744	0.4703270937829185
0.04028310860120859	0.7792698279479647	0.6907076842404247	0.3092923157595753	0.11596827577593205	0.20189171559034572	0.21635766182951635	0.46997751218838957
0.040282015351344486	0.7796894670583299	0.6907076842404247	0.3092923157595753	0.11602347945547646	0.20198945480241343	0.21654745337474382	0.4703971512987546
0.04020708074092493	0.7796894670583299	0.6895496952085473	0.31045030479145275	0.11564075434119624	0.2014092140921409	0.2158358416304579	0.46923916226687723
0.04020689690401586	0.7801091061686949	0.6895496952085473	0.31045030479145275	0.1156957928802589	0.20150669340415153	0.21602550699232254	0.46965880137724225
0.040206195921118106	0.7801091061686949	0.6895278463588892	0.3104721536411108	0.1156885929429336	0.2014957728159549	0.2160121021150172	0.4696369525275841
0.0402034799362379	0.78052874527906	0.6895278463588892	0.3104721536411108	0.11574362165525824	0.20159323687205333	0.2162017597896416	0.47005659163794933
0.0401642081591736	0.78052874527906	0.6889379274181214	0.31106207258187857	0.11554948126980183	0.2012987012987013	0.21584010203897433	0.46946667269718145
0.04016293923324917	0.780948384389425	0.6889379274181214	0.31106207258187857	0.11560442290967822	0.20139602835344408	0.21602969328257784	0.4698863118075465
0.04014070326719412	0.780948384389425	0.6886538923725666	0.3113461076274334	0.11551114145614798	0.20125446090623986	0.21585576246955812	0.4696022767619916
0.040138183071150406	0.7813680234997902	0.6886538923725666	0.3113461076274334	0.11556603773584906	0.20135171668018384	0.21604531905785068	0.47002191587235664
0.04006210441709621	0.7813680234997902	0.6877362406869278	0.31226375931307215	0.11526556889934382	0.20089550628472785	0.21548431196545675	0.469104264186718
0.04006157214058329	0.7817876626101553	0.6877362406869278	0.31226375931307215	0.11532033426183844	0.20099255583126552	0.2156737691194248	0.46952390329708305
0.04005754046870402	0.7817876626101553	0.6876488452882956	0.31235115471170444	0.11529178785815954	0.2009491964189408	0.21562041174934926	0.4694365078984508
0.04005667782994856	0.7822073017205203	0.6876488452882956	0.31235115471170444	0.11534653465346535	0.20104621690125654	0.21580985464651914	0.46985614700881584
0.0400088413667676	0.7822073017205203	0.6870589263475277	0.3129410736524722	0.1151541360350899	0.20075390414647282	0.21544999855586167	0.4692662280680482
0.040005863477144896	0.7826269408308855	0.6870589263475277	0.3129410736524722	0.11520879663948604	0.20085078886435842	0.2156393761070575	0.4696858671784132
0.039969365473041134	0.7826269408308855	0.6865345539557342	0.3134654460442658	0.11503824327658524	0.2005915568701264	0.21531998500424415	0.4691614947866196
0.039969114785085816	0.7830465799412505	0.6865345539557342	0.3134654460442658	0.1150928267439709	0.200688320068832	0.2155093041616762	0.46958113389698464
0.0398661093253877	0.7830465799412505	0.6849832856300115	0.3150167143699884	0.11459100957995579	0.1999250013392618	0.2145672073368222	0.468029865571262
0.03986442252401206	0.7834662190516156	0.6849832856300115	0.3150167143699884	0.11464537918329751	0.20002142704092565	0.21475636552165392	0.46844950468162727
0.039844259901364976	0.7834662190516156	0.6847210994341149	0.3152789005658852	0.11456096214027121	0.1998929336188437	0.21459754117453925	0.4681873184857306
0.0398429159898715	0.7838858581619806	0.6847210994341149	0.3152789005658852	0.11461529021965886	0.1999892939350142	0.21478666802981164	0.4686069575960956
0.03975435162646195	0.7838858581619806	0.6835194127029212	0.3164805872970788	0.11422980492875925	0.19940222032450897	0.21406018126812437	0.4674052708649019
0.0397526636735677	0.7843054972723458	0.6835194127029212	0.3164805872970788	0.1142839672251437	0.19949831883439184	0.21424918398884008	0.46782490997526693
0.039656594029665294	0.7843054972723458	0.6819244466778824	0.31807555332211757	0.11377610032263956	0.19872408293460925	0.2132887514742478	0.4662299439502282
0.03965172998455669	0.7847251363827109	0.6819244466778824	0.31807555332211757	0.1138300462624787	0.19881983945563766	0.2134775930265724	0.46664958306059345
0.0396120522699307	0.7847251363827109	0.6812908300377984	0.3187091699622015	0.11362945858905026	0.19851380042462846	0.21309723612157438	0.46601596642050946
0.03961163151539145	0.7851447754930759	0.6812908300377984	0.3187091699622015	0.11368331510511605	0.19860941563611273	0.21328601119281268	0.4664356055308745
0.03956495966436744	0.7851447754930759	0.680788306495663	0.319211693504337	0.11352466476548753	0.19836726039016114	0.2129848009355417	0.46593308198873906
0.03956308920049297	0.7855644146034411	0.680788306495663	0.319211693504337	0.113578449217328	0.19846276172806784	0.213173522500599	0.4663527210991041
0.039414567594364014	0.7855644146034411	0.6785815726801984	0.32141842731980164	0.11288669118977265	0.19740588421385638	0.21185580586935995	0.46414598728363954
0.039414240801072316	0.7859840537138061	0.6785815726801984	0.32141842731980164	0.1129401833092137	0.19750092265513788	0.21204431208540755	0.46456562639400456
0.03940110435340095	0.7859840537138061	0.6783630841836177	0.32163691581638226	0.112872122453899	0.197396848816989	0.21191428209870775	0.46434713789742377
0.039399262993088706	0.7864036928241712	0.6783630841836177	0.32163691581638226	0.11292557999397408	0.19749183264832965	0.21210276276070544	0.4647667770077888
0.03938718376149165	0.7864036928241712	0.6782756887849855	0.32172431121501455	0.1128983673715284	0.19745021599409968	0.2120507654835958	0.46467938160915656
0.03938568647123365	0.7868233319345364	0.6782756887849855	0.32172431121501455	0.11295180722891567	0.19754517199599642	0.21223923298000366	0.4650990207195218
0.03935968830047452	0.7868233319345364	0.6778387117918241	0.32216128820817586	0.11281588447653429	0.1973372625374941	0.211979401970902	0.46466204372636044
0.03935840654451824	0.7872429710449014	0.6778387117918241	0.32216128820817586	0.11286926177726972	0.19743211955377815	0.21216782349726018	0.46508168283672546
0.03934353132513058	0.7872429710449014	0.6774891301972952	0.3225108698027049	0.11276071407104646	0.19726603575184018	0.21196016126805017	0.46473210124219655
0.03934164539940848	0.7876626101552665	0.6774891301972952	0.3225108698027049	0.11281404014905638	0.19736081173439882	0.21214854517168238	0.46515174035256157
0.03931941124500388	0.7876626101552665	0.677139548602766	0.32286045139723396	0.11270565629878708	0.19719493617691863	0.21194105897586726	0.46480215875803266
0.039317795290153716	0.7880822492656315	0.677139548602766	0.32286045139723396	0.11275893125187632	0.1972896312637882	0.21212940538084382	0.4652217978683977
0.039248407130995075	0.7880822492656315	0.6762000480674693	0.32379995193253075	0.11246855910887532	0.19684502908652587	0.21157272912701705	0.46428229733310067
0.03924740478630768	0.7885018883759967	0.6762000480674693	0.32379995193253075	0.1125217078866998	0.1969395241588932	0.21176098353953612	0.4647019364434659
0.0392254674590658	0.7885018883759967	0.6759160130219144	0.3240839869780856	0.11243417903303016	0.19680544645195078	0.2115929543965748	0.46441790139791106
0.03922277470332871	0.7893411665967268	0.6759160130219144	0.3240839869780856	0.11254038530573172	0.19699429229721946	0.21196939632408693	0.4652571796186411
0.039219482105703175	0.7893411665967268	0.6758504664729402	0.3241495335270598	0.11252018902913202	0.1969633507853403	0.21193062766538856	0.46519163306966704
0.03921792968053008	0.789760805707092	0.6758504664729402	0.3241495335270598	0.11257327431510947	0.1970577456677661	0.2121188353549307	0.4656112721800323
0.039204228105041344	0.789760805707092	0.6755664314273854	0.32443356857261463	0.1124858047934971	0.19692372083289736	0.21195089559921534	0.4653272371344772
0.03920235026803046	0.790180444817457	0.6755664314273854	0.32443356857261463	0.11253884771694955	0.1970180486528904	0.21213907238346832	0.46574687624484223
0.03913628128066552	0.790180444817457	0.6745395354934562	0.32546046450654376	0.11222361284939508	0.196534808475107	0.21153294526888336	0.4647199803109132
0.0391352676282728	0.7910197230381871	0.6745395354934562	0.32546046450654376	0.1123294201775818	0.19672302233354205	0.2119090969763296	0.4655592585316435
0.03912555615061122	0.7910197230381871	0.6743647446961918	0.32563525530380827	0.11227589493120496	0.1966409346964323	0.21180607093231518	0.465384467734379
0.03912357753495559	0.7914393621485523	0.6743647446961918	0.32563525530380827	0.11232876712328767	0.1967349919157148	0.2119941237713919	0.46580410684474405
0.03909811645027999	0.7914393621485523	0.6739277677030304	0.3260722322969696	0.11219512195121951	0.1965299848903246	0.21173674273278772	0.4653671298515827
0.039096463944735135	0.7918590012589173	0.6739277677030304	0.3260722322969696	0.11224793290107668	0.19662394498280714	0.2119247512795056	0.4657867689619477
0.03908977967665368	0.7918590012589173	0.6737966746050821	0.326203325394918	0.11220788487839686	0.1965625	0.21184758734271775	0.46565567586399936
0.039087482281592235	0.7922786403692824	0.6737966746050821	0.326203325394918	0.11226067308835772	0.1966564241445758	0.21203557932127245	0.4660753149743644
0.03904214474401873	0.7922786403692824	0.6730538137167078	0.3269461862832922	0.11203417991929741	0.1963088120613465	0.2115987910104356	0.4653324540859902
0.03904113522102123	0.7926982794796475	0.6730538137167078	0.3269461862832922	0.11208686880674064	0.19640257849864837	0.21178671151613973	0.46575209319635524
0.038970845400105356	0.7926982794796475	0.6718521269855142	0.3281478730144858	0.11172226165128933	0.1958426209113058	0.21108197220862543	0.46455040646516177
0.03897076308893783	0.7931179185900126	0.6718521269855142	0.3281478730144858	0.11177479448814241	0.19593613933236576	0.21126978098606297	0.4649700455755268
0.038961504766585144	0.7931179185900126	0.6716991850379077	0.32830081496209224	0.11172854102624734	0.19586507072905332	0.2111802442689034	0.4648171036279203
0.03896003393141861	0.7935375577003777	0.6716991850379077	0.32830081496209224	0.1117810486492877	0.19595854922279793	0.21136803485267394	0.4652367427382855
0.03892465029796648	0.7935375577003777	0.6712403591950884	0.3287596408049116	0.11164246073916637	0.19574556182392217	0.21109961481636358	0.464777916895466
0.038924245282877336	0.7939571968107427	0.6712403591950884	0.3287596408049116	0.1116949052482437	0.1958389400683159	0.2112873602641594	0.465197556005831
0.03891703335618992	0.7939571968107427	0.671131114946798	0.32886888505320194	0.11166194523135033	0.19578827546955038	0.21122349203386012	0.46508831175754084
0.03891672276254978	0.7943768359211079	0.671131114946798	0.32886888505320194	0.11171437002065505	0.1958816225165563	0.21141122323924574	0.46550795086790586
0.03890537903026459	0.7943768359211079	0.6709126264502174	0.3290873735497826	0.11164848127396049	0.19578032888613092	0.2112835262446366	0.4652894623713253
0.03890537559799364	0.7947964750314729	0.6709126264502174	0.3290873735497826	0.11170087284736967	0.19587362324835825	0.21147123363669784	0.4657091014816903
0.0388765711569789	0.7947964750314729	0.67043195175774	0.32956804824226005	0.11155613146424785	0.1956510510820722	0.21119053305335336	0.46522842678921283
0.03887379544632861	0.795216114141838	0.67043195175774	0.32956804824226005	0.11160845750633135	0.19574424129738663	0.21137819376085556	0.4656480658995781
0.03886087285692001	0.795216114141838	0.6702790098101334	0.3297209901898665	0.11156246320499234	0.19567349888997884	0.21128894572264217	0.46549512395197157
0.03886042493152513	0.7956357532522031	0.6702790098101334	0.3297209901898665	0.11161476423147113	0.19576664945792463	0.21147658849161993	0.4659147630623366
0.03885041076866499	0.7956357532522031	0.6701697655618432	0.32983023443815684	0.1115819209039548	0.19571612903225807	0.21141285372893318	0.4658055188140464
0.03884717821354962	0.7960553923625682	0.6701697655618432	0.32983023443815684	0.11163420231860177	0.1958092485549133	0.21160048239401155	0.46622515792441144
0.038820214641243724	0.7960553923625682	0.6699075793659464	0.33009242063405364	0.11155542487503675	0.19568805446668042	0.21144757550522342	0.46596297172851453
0.03881911289579977	0.7964750314729333	0.6699075793659464	0.33009242063405364	0.11160766788192403	0.19578111300221776	0.2116351767961584	0.4663826108388798
0.038773662790511455	0.7964750314729333	0.6691865673272301	0.3308134326727698	0.11139151358647809	0.19544846050870146	0.21121519670223615	0.46566159880016356
0.03877236008763774	0.7968946705832983	0.6691865673272301	0.3308134326727698	0.11144366197183099	0.19554136848066725	0.21140273103803744	0.4660812379105286
0.03868367548012049	0.7968946705832983	0.6678974851974044	0.3321025148025956	0.11105912626469384	0.19494918386202648	0.21065384236271123	0.46479215578070265
0.038679677290563444	0.7977339488040285	0.6678974851974044	0.3321025148025956	0.11116308987778492	0.1951344693081503	0.21102867642270326	0.4656314340014329
0.038669989055408055	0.7977339488040285	0.6678319386484302	0.33216806135156984	0.11114359214218897	0.19510442859342125	0.21099065763053687	0.46556588745245864
0.03866899258225811	0.7981535879143936	0.6678319386484302	0.33216806135156984	0.11119555685472084	0.19519704433497537	0.21117806234382336	0.4659855265628239
0.03864592022500072	0.7981535879143936	0.6673294151062947	0.3326705848937053	0.11104624007473143	0.19496694172518067	0.2108867711589114	0.46548300302068846
0.038642904742656504	0.7985732270247587	0.6673294151062947	0.3326705848937053	0.1110981376612762	0.19505945059450594	0.2110741287199513	0.4659026421310535
0.0386311945812691	0.7985732270247587	0.66715462430903	0.3328453756909699	0.11104627414366575	0.1949795081967213	0.2109728900499362	0.4657278513337888
0.038631123730472706	0.7989928661351238	0.66715462430903	0.3328453756909699	0.1110981444742677	0.19507197377183547	0.21116022835570183	0.4661474904441538
0.03861489133782627	0.7989928661351238	0.6668268915641591	0.33317310843584086	0.1110009910802775	0.19492219492219492	0.21097050978861595	0.46581975769928285
0.03861358675612634	0.7994125052454889	0.6668268915641591	0.33317310843584086	0.11105281566981462	0.19501458770537955	0.2111578159794105	0.4662393968096481
0.03858190224085314	0.7994125052454889	0.6662369726233914	0.3337630273766086	0.1108782957918631	0.19474545082805153	0.21081670459343607	0.46564947786888045
0.03857824659083764	0.7998321443558539	0.6662369726233914	0.3337630273766086	0.11093004306832732	0.19483772041911576	0.211003956779648	0.46606911697924547
0.03855409356446013	0.7998321443558539	0.6658436933295462	0.3341563066704538	0.1108139534883721	0.19465863248736148	0.21077682372766254	0.4656758376854002
0.038553183786082135	0.8002517834662191	0.6658436933295462	0.3341563066704538	0.11086564734608453	0.19475081699346405	0.2109640386110114	0.46609547679576524
0.03854415731007114	0.8002517834662191	0.6656033559833074	0.3343966440166925	0.11079479432953754	0.19464149017606533	0.21082533580499993	0.4658551394495265
0.03854298013890378	0.8006714225765842	0.6656033559833074	0.3343966440166925	0.11084645326206936	0.19473361910593998	0.21101252625474035	0.4662747785598915
0.03852603158930359	0.8006714225765842	0.6653848674867269	0.3346151325132732	0.11078209371189689	0.19463429562378864	0.21088649399152587	0.4660562900633112
0.038523718805792195	0.8010910616869492	0.6653848674867269	0.3346151325132732	0.11083372039015328	0.19472637323404907	0.21107366188412405	0.4664759291736762
0.03851587740155666	0.8010910616869492	0.6652319255391204	0.33476807446087964	0.11078869479426615	0.1946568777403895	0.21098547153433792	0.4663229872260697
0.03851527164075089	0.8015107007973143	0.6652319255391204	0.33476807446087964	0.11084029712163417	0.19474891664542443	0.21117262235517403	0.4667426263364347
0.03850314732418902	0.8015107007973143	0.6650571347418559	0.33494286525814415	0.11078886310904873	0.1946695204606839	0.2110718641698656	0.46656783553917025
0.03850251970019908	0.8019303399076794	0.6650571347418559	0.33494286525814415	0.11084043848964677	0.19476151651039544	0.21125899614109075	0.4669874746495353
0.03850081759067638	0.8019303399076794	0.6649915881928816	0.3350084118071184	0.11082115518441196	0.19473174708309982	0.2112212188416555	0.466921928100561
0.03849597443316641	0.8023499790180445	0.6649915881928816	0.3350084118071184	0.11087271672948681	0.1948237212145914	0.211408341025002	0.467341567210926
0.03846774724766125	0.8023499790180445	0.6646638554480107	0.33533614455198935	0.11077636152954809	0.19467494781856132	0.21121952917858536	0.46701383446605504
0.038463688337855746	0.8027696181284095	0.6646638554480107	0.33533614455198935	0.11082787787497828	0.19476684992873142	0.21140661996110016	0.46743347357642007
0.03839924448540577	0.8027696181284095	0.6635277152657912	0.33647228473420876	0.1104950037544042	0.19425264012997562	0.21075328704715143	0.46629733339420065
0.03839511061060795	0.8031892572387747	0.6635277152657912	0.33647228473420876	0.11054637865311309	0.1943443163933594	0.21094028040594512	0.4667169725045659
0.03838153164603716	0.8031892572387747	0.6632655290698944	0.33673447093010556	0.11046981415214129	0.1942259881272515	0.21078977714696312	0.466454786308669
0.038381428028343045	0.8036088963491398	0.6632655290698944	0.33673447093010556	0.11052115195936978	0.19431760527650938	0.2109767448638886	0.46687442541903423
0.03835329037707675	0.8036088963491398	0.6626756101291267	0.3373243898708733	0.11034919903192347	0.19405178091908598	0.21063845676449605	0.46628450647826636
0.038352395499170334	0.8040285354595048	0.6626756101291267	0.3373243898708733	0.11040046096225871	0.19414327692775357	0.21082537238789742	0.4667041455886314
0.03827241682439483	0.8040285354595048	0.6613646791496428	0.33863532085035725	0.11002009761699684	0.1935549045358117	0.21007544979417908	0.4653932146091475
0.038271147054581636	0.80444817456987	0.6613646791496428	0.33863532085035725	0.11007119889756546	0.19364614374463357	0.21026225588335545	0.46581285371951275
0.03821462398805949	0.80444817456987	0.6603377832157137	0.3396622167842863	0.10977495275725821	0.19318754408948907	0.20967658565521324	0.46478595778558374
0.03821457968399597	0.804867813680235	0.6603377832157137	0.3396622167842863	0.10982592762253779	0.1932785811457651	0.20986330597460795	0.46520559689594876
0.03821162362396413	0.804867813680235	0.6602503878170815	0.33974961218291855	0.10980077856652164	0.19323963528285729	0.20981352945561535	0.46511820149731653
0.03821154477951546	0.8052874527906001	0.6602503878170815	0.33974961218291855	0.10985173736332933	0.193330646786218	0.21000023868958662	0.46553784060768155
0.03818089050852358	0.8052874527906001	0.6595512246280233	0.34044877537197665	0.10965087709273756	0.19301951317642327	0.20960239145188264	0.4648386774186233
0.038180177812437245	0.8057070919009651	0.6595512246280233	0.34044877537197665	0.10970174837161467	0.19311038471209455	0.20978904151668382	0.4652583165289883
0.03816958364100791	0.8057070919009651	0.659420131530075	0.34057986846992505	0.10966415352981494	0.19305213413101402	0.20971451785078463	0.4651272234310402
0.03816911786493532	0.8061267310113303	0.659420131530075	0.34057986846992505	0.1097150037123765	0.19314297204906494	0.20990115349683144	0.4655468625414052
0.038120484626945506	0.8061267310113303	0.6586117240927265	0.3413882759072735	0.10948364299555455	0.1927843845652065	0.20944210471310806	0.46473845510405676
0.0381200794357189	0.8065463701216954	0.6586117240927265	0.3413882759072735	0.1095343933435915	0.19287506271951832	0.20962867320485518	0.4651580942144218
0.038111989272612896	0.8065463701216954	0.6584806309947782	0.3415193690052219	0.10949695208796217	0.19281701444622792	0.20955431603121566	0.46502700111647366
0.0381116186262665	0.8069660092320604	0.6584806309947782	0.3415193690052219	0.10954768144012761	0.1929076591262477	0.20974087023929927	0.4654466402268387
0.03806121964695777	0.8069660092320604	0.6575848281587975	0.34241517184120257	0.10929241261722081	0.19251176293923317	0.20923338809890504	0.464550837390858
0.03805826892183728	0.8073856483424255	0.6575848281587975	0.34241517184120257	0.10934303250738804	0.19260223234396115	0.20941986907483565	0.46497047650122303
0.038054678909449434	0.8073856483424255	0.6575192816098232	0.34248071839017674	0.10932439343144497	0.19257331598438596	0.20938277865948485	0.46490492995224875
0.038054341818369426	0.8078052874527906	0.6575192816098232	0.34248071839017674	0.109375	0.19266376419956963	0.20956925052751896	0.46532456906261377
0.038051653574177946	0.8078052874527906	0.6574100373615329	0.3425899626384671	0.10934393638170974	0.19261556934160495	0.20950743913798944	0.4652153248143236
0.03805159516606327	0.8082249265631557	0.6574100373615329	0.3425899626384671	0.10939452459388845	0.19270598829356145	0.20969389855732656	0.4656349639246886
0.03801096395031422	0.8082249265631557	0.6567108741724748	0.3432891258275252	0.10919605397437351	0.1923979821187753	0.20929867632334007	0.46493580073563034
0.03801066209858219	0.8086445656735207	0.6567108741724748	0.3432891258275252	0.10924655592720675	0.19248826291079812	0.20948507828870408	0.46535543984599537
0.03797892747118924	0.8086445656735207	0.6563175948786296	0.3436824051213704	0.1091351871778898	0.19231536926147705	0.20926305746112198	0.46496216055215034
0.03797884616921526	0.8090642047838859	0.6563175948786296	0.3436824051213704	0.109185638237626	0.19240556858440197	0.20944942552365073	0.4653817996625156
0.037978747737682096	0.8090642047838859	0.6562957460289716	0.34370425397102844	0.10917945523529078	0.19239596846622092	0.20943709615049688	0.4653599508128574
0.0379782135610307	0.809483843894251	0.6562957460289716	0.34370425397102844	0.10922989807474519	0.19248615476725042	0.2096234585340628	0.46577958992322266
0.03792300952239618	0.809483843894251	0.6553999431929909	0.3446000568070091	0.10897689396079317	0.19209320852419837	0.2091184988521456	0.464883787087242
0.03792229717482438	0.809903483004616	0.6553999431929909	0.3446000568070091	0.10902722856174443	0.1921832213094349	0.20930478968063707	0.465303426197607
0.03789581498124625	0.809903483004616	0.654766326552907	0.345233673447093	0.10884890869099317	0.19190613503032714	0.2089482949409073	0.464669809557523
0.03789380120268728	0.8103231221149811	0.654766326552907	0.345233673447093	0.10889916535077826	0.1919960228685061	0.20913453438006377	0.46508944866788804
0.037825960336723315	0.8103231221149811	0.6535864886713715	0.3464135113286285	0.10856853705161362	0.19148197729188357	0.20847220745511033	0.46390961078635273
0.03782522989400588	0.8107427612253462	0.6535864886713715	0.3464135113286285	0.10861865407319952	0.19157164105106594	0.20865835546418232	0.46432924989671776
0.03781393167116274	0.8107427612253462	0.6533680001747908	0.3466319998252092	0.10855762207113559	0.19147670961347868	0.2085359106129642	0.46411076140013696
0.03781195521769385	0.8111624003357113	0.6533680001747908	0.3466319998252092	0.10860770873131813	0.19156632476091373	0.20872203861974545	0.464530400510502
0.03777357784775922	0.8111624003357113	0.6527125346850489	0.3472874653149512	0.10842494951761275	0.19128197516204049	0.20835507481764567	0.46387493502076005
0.03777119162427344	0.8115820394460763	0.6527125346850489	0.3472874653149512	0.10847495653149364	0.19137146249752623	0.20854115089225375	0.46429457413112507
0.03770686569985609	0.8115820394460763	0.6516200922021456	0.34837990779785444	0.10817159796409195	0.19089922021518113	0.20793085517202592	0.463202131648222
0.03770547833099094	0.8120016785564415	0.6516200922021456	0.34837990779785444	0.10822147651006711	0.19098850120910033	0.20811684803405467	0.463621770758587
0.03769905535898105	0.8120016785564415	0.6515326968035133	0.3484673031964867	0.10819727130395884	0.19095080673015247	0.20806809282649757	0.4635343753599548
0.037693969075997875	0.8124213176668066	0.6515326968035133	0.3484673031964867	0.10824713447022645	0.1910400631537399	0.20825407553524322	0.4639540144703198
0.0376764932579814	0.8124213176668066	0.6512923594572746	0.3487076405427254	0.10818059901654001	0.19093643670792446	0.20812003833673162	0.46371367712408107
0.03767428270651823	0.8128409567771716	0.6512923594572746	0.3487076405427254	0.10823042968095212	0.191025641025641	0.20830599989557685	0.4641333162344461
0.03765418652446786	0.8128409567771716	0.6510301732613778	0.3489698267386222	0.10815790943101233	0.19091267494579145	0.2081598538141642	0.4638711300385494
0.03765224482896352	0.8132605958875367	0.6510301732613778	0.3489698267386222	0.10820770519262982	0.19100182328881882	0.20834579271476328	0.46429076914891443
0.037649072314593975	0.8132605958875367	0.6509646267124036	0.34903537328759643	0.10818958298442471	0.19097359085534096	0.2083092669954412	0.46422522259994037
0.03764751805217526	0.8136802349979018	0.6509646267124036	0.34903537328759643	0.10823936585910461	0.1910627186283687	0.20849519737760316	0.4646448617103054
0.03750380710837606	0.8136802349979018	0.6486704974983067	0.35132950250169326	0.10760863532937455	0.19007940398000195	0.20722051781037137	0.4623507324962084
0.037501899096999726	0.8140998741082669	0.6486704974983067	0.35132950250169326	0.1076581576026637	0.1901681125324707	0.20740628195569333	0.46277037160657364
0.037468015508889695	0.8140998741082669	0.6481898228058293	0.35181017719417074	0.10752688172043011	0.18996328029375764	0.20714012329529705	0.46228969691409616
0.03746783543552793	0.814519513218632	0.6481898228058293	0.35181017719417074	0.1075763453971069	0.19005189464408107	0.20732585015364421	0.4627093360244614
0.03745315416401533	0.814519513218632	0.6477965435119841	0.35220345648801593	0.10746913238469631	0.18988456270788495	0.20710829985785964	0.46231605673061615
0.03745283100177805	0.814939152328997	0.6477965435119841	0.35220345648801593	0.1075185472262208	0.18997309855710443	0.20729399568014206	0.4627356958409812
0.03732542467136261	0.814939152328997	0.6460267866896807	0.3539732133103192	0.1070385272556909	0.18922342395011205	0.20631759055916046	0.4609659390186778
0.037323600142899746	0.8153587914393622	0.6460267866896807	0.3539732133103192	0.10708774250440917	0.1893116383300044	0.20650316112807157	0.4613855781290428
0.03724634554362777	0.8153587914393622	0.6448469488081452	0.35515305119185475	0.10676997472249698	0.1888149263884165	0.2058545740412183	0.4602057402475075
0.03724474805296898	0.8157784305497272	0.6448469488081452	0.35515305119185475	0.10681905599208748	0.18890292488582255	0.20604006117315726	0.4606253793578725
0.03721114894936033	0.8157784305497272	0.6443225764163516	0.35567742358364834	0.1066783734840586	0.18868290789090555	0.20575238404105448	0.4601010069660787
0.037210217044537176	0.8161980696600923	0.6443225764163516	0.35567742358364834	0.10672739244951712	0.18877080603678362	0.20593783243405347	0.46052064607644394
0.037200345913550835	0.8161980696600923	0.6440603902204549	0.3559396097795451	0.10665716165825839	0.18866094378970852	0.20579411859675106	0.46025845988054725
0.03719972594015151	0.8166177087704574	0.6440603902204549	0.3559396097795451	0.10670614684432747	0.18874878758486907	0.2059795459203539	0.4606780989909123
0.037153435121114485	0.8166177087704574	0.6431645873844742	0.3568354126155258	0.106466790677317	0.1883742316441605	0.20548917711535183	0.4597822961549316
0.037153394829939755	0.8170373478808225	0.6431645873844742	0.3568354126155258	0.1065156737239455	0.18846191075404123	0.2056745414941425	0.46020193526529685
0.03707674980937201	0.8170373478808225	0.6416788656077257	0.35832113439227425	0.10612089169891535	0.1878437047756874	0.20486356697721356	0.4587162134885481
0.037074705928207705	0.8178766261015527	0.6416788656077257	0.35832113439227425	0.10621832252438825	0.18801852209145284	0.20523409073070295	0.45955549170927834
0.03698071313302816	0.8178766261015527	0.640083899582687	0.35991610041731303	0.1057974161328846	0.18735880797885124	0.20436660701907963	0.4579605256842396
0.03698054320207805	0.8182962652119178	0.640083899582687	0.35991610041731303	0.1058459534277805	0.18744592905892532	0.20455176107175027	0.45838016479460464
0.03695242116937907	0.8182962652119178	0.6394065852432869	0.3605934147567131	0.10566814782702937	0.18716705859768681	0.20418436816143987	0.45770285045520476
0.03695135145647444	0.8187159043222828	0.6394065852432869	0.3605934147567131	0.10571660796532105	0.18725405509165946	0.20436947575991907	0.4581224895655698
0.036943947564150904	0.8187159043222828	0.6392317944460224	0.3607682055539776	0.10567080106158262	0.18718219322651827	0.20427475312468635	0.4579476987683053
0.03694390365004327	0.8191355434326479	0.6392317944460224	0.3607682055539776	0.10571923743500866	0.18726915143665757	0.2044598462728201	0.45836733787867034
0.036932760003683764	0.8191355434326479	0.6390133059494418	0.3609866940505582	0.1056620114755873	0.18717936424222084	0.20434148647868816	0.4581488493820898
0.03693177307207147	0.819555182543013	0.6390133059494418	0.3609866940505582	0.10571041948579162	0.18726627672835364	0.2045265624579468	0.4585684884924548
0.0369105600455037	0.819555182543013	0.6386200266555966	0.3613799733444034	0.10560752717244362	0.1871048093504503	0.20431365028155488	0.45817520919860955
0.036910494455295866	0.8199748216533781	0.6386200266555966	0.3613799733444034	0.10565588839623662	0.18719164630933563	0.2044986981759572	0.4585948483089748
0.03688492130211016	0.8199748216533781	0.6382267473617513	0.3617732526382486	0.10555315471045808	0.18703039004546543	0.2042859669388378	0.45820156901512954
0.036884346464292304	0.8203944607637432	0.6382267473617513	0.3617732526382486	0.10560146923783287	0.18711715160796324	0.2044709868800027	0.45862120812549456
0.03674870857130803	0.8203944607637432	0.6360200135462868	0.3639799864537132	0.1050284731922209	0.1862170786302805	0.2032809791540398	0.45641447431003
0.03674859291791546	0.8208140998741082	0.6360200135462868	0.3639799864537132	0.10507655116841257	0.1863034574721402	0.20346585980559875	0.45683411342039504
0.036598088125333696	0.8208140998741082	0.633092267692106	0.366907732307894	0.1043255640300816	0.185122089721749	0.20189665876215082	0.4539063675662143
0.03659683953870171	0.8212337389844734	0.633092267692106	0.366907732307894	0.10437333333333333	0.18520796857994606	0.20208136088855796	0.4543260066765793
0.036595690948640895	0.8212337389844734	0.6330048722934738	0.36699512770652626	0.10435107177135544	0.18517291952500356	0.20203468360032398	0.45423861127794707
0.03659565743087776	0.8216533780948384	0.6330048722934738	0.36699512770652626	0.10439882697947214	0.18525877566467971	0.2022193774024511	0.4546582503883121
0.036579871602286415	0.8216533780948384	0.6328300814962092	0.36716991850379077	0.10435431434205618	0.18518868816797504	0.20212604185911004	0.45448345959104763
0.03657974410658229	0.8220730172052035	0.6328300814962092	0.36716991850379077	0.1044020464719676	0.18527450702227266	0.20231072222103844	0.45490309870141266
0.03641471499374193	0.8220730172052035	0.6301645218379253	0.3698354781620748	0.10372762893148364	0.18421176359960506	0.20089201059809159	0.4522375390431288
0.03641256221885725	0.8224926563155686	0.6301645218379253	0.3698354781620748	0.10377508339069201	0.1842971321109544	0.20107653389211994	0.4526571781534938
0.0363023898995365	0.8224926563155686	0.6278266949245122	0.3721733050754878	0.10319048120459093	0.18337465500304065	0.19983946591774687	0.4503193512400807
0.03630194318121663	0.8229122954259337	0.6278266949245122	0.3721733050754878	0.10323769413003422	0.18345963139676302	0.20002385506832734	0.45073899035044596
0.0362911243965692	0.8229122954259337	0.6275863575782735	0.3724136424217265	0.10317794380721877	0.18336528121931833	0.19989705093125337	0.4504986530042072
0.036284873244415004	0.8237515736466638	0.6275863575782735	0.3724136424217265	0.10327230639730639	0.18353513159740079	0.20026579369913936	0.45133793122493726
0.036271340558901834	0.8237515736466638	0.6273897179313509	0.3726102820686491	0.10322343166640374	0.18345794392523365	0.20016207619417226	0.45114129157801486
0.036269861745816694	0.824171212757029	0.6273897179313509	0.3726102820686491	0.10327058576085814	0.18354282510163075	0.2003464322739126	0.4515609306883799
0.03626256356414261	0.824171212757029	0.6272804736830606	0.3727195263169394	0.10324344214897756	0.18349995328412594	0.20028882603923429	0.4514516864400897
0.03626237527220687	0.824590851867394	0.6272804736830606	0.3727195263169394	0.1032905803195963	0.18358480870743216	0.20047317313974328	0.4518713255504547
0.03622441929121583	0.824590851867394	0.6266468570429766	0.3733531429570233	0.1031333648244371	0.18333644336629967	0.20013931200397697	0.45123770891037074
0.036223549170657114	0.8250104909777591	0.6266468570429766	0.3733531429570233	0.10318043455442427	0.18342118766618462	0.20032362154377995	0.45165734802073576
0.036202382727343996	0.8250104909777591	0.6261224846511831	0.37387751534881686	0.10305063423838977	0.18321606635291926	0.20004766695983942	0.4511329756289424
0.0362019937679166	0.8254301300881242	0.6261224846511831	0.37387751534881686	0.10309764662718172	0.18330071754729288	0.20023194513670825	0.4515526147393074
0.03618466914254272	0.8254301300881242	0.625751054206996	0.374248945793004	0.1030058651026393	0.18315564039294194	0.20003666088975855	0.4511811842951201
0.036183647100908926	0.8258497691984893	0.625751054206996	0.374248945793004	0.10305283552390428	0.18324022346368715	0.200220916125729	0.45160082340548513
0.03614638696588499	0.8258497691984893	0.6252922283641766	0.37470777163582336	0.10293963803745161	0.18306125296497838	0.19997989053431686	0.45114199756266604
0.0361455642157713	0.8262694083088544	0.6252922283641766	0.37470777163582336	0.10298655787436581	0.18314575388335969	0.20016411827548627	0.45156163667303106
0.03610901616251325	0.8262694083088544	0.6246586117240926	0.3753413882759073	0.10283058282849383	0.1828990757512424	0.19983166087872742	0.4509280200329471
0.036106279601218434	0.8266890474192194	0.6246586117240926	0.3753413882759073	0.10287743485299493	0.182983466468512	0.2000158520274979	0.4513476591433121
0.03609019009628094	0.8266890474192194	0.6242216347309314	0.3757783652690686	0.10277009755334134	0.1828136599851522	0.1997868317593735	0.45091068215015095
0.03608814962816504	0.8271086865295846	0.6242216347309314	0.3757783652690686	0.1028169014084507	0.18289797244003156	0.1999709969546631	0.451330321260516
0.036086111839059944	0.8271086865295846	0.6241560881819572	0.3758439118180428	0.10280081364418714	0.18287251809241045	0.1999366604024964	0.4512647747115417
0.036085882756051325	0.8275283256399496	0.6241560881819572	0.3758439118180428	0.10284760613330551	0.1829568121723802	0.20012081927440664	0.4516844138219067
0.03607766596999648	0.8275283256399496	0.6240249950840089	0.3759750049159912	0.10281543274244004	0.18290590363122014	0.20005215487295927	0.4515533207239586
0.03607752912912579	0.8279479647503147	0.6240249950840089	0.3759750049159912	0.10286220739273239	0.1829901687998516	0.20023630399081507	0.4519729598343236
0.036071441474920175	0.8279479647503147	0.6239375996853765	0.37606240031462346	0.10284076101120668	0.18295623145400594	0.20019053468710446	0.4518855644356914
0.036069707598548245	0.8283676038606799	0.6239375996853765	0.37606240031462346	0.10288752215156885	0.18304047475543606	0.200374676358669	0.4523052035460564
0.03605923141127865	0.8283676038606799	0.623740960038454	0.376259039961546	0.10283928106277676	0.1829641301325424	0.2002717188959544	0.452108563899134
0.0360582340439179	0.8287872429710449	0.623740960038454	0.376259039961546	0.10288601792040009	0.18304833402845358	0.20045584742710496	0.45252820300949903
0.03604681048124162	0.8287872429710449	0.6234787738425571	0.3765212261574428	0.10282174094127447	0.18294659811958686	0.20031862979106763	0.4522660168136019
0.036046257232360095	0.82920688208141	0.6234787738425571	0.3765212261574428	0.10286844708209693	0.18303075213041867	0.20050274181113784	0.45268565592396715
0.03604111012187547	0.82920688208141	0.6234132272935831	0.376586772706417	0.10285238392671248	0.18300532530678398	0.20046844695839577	0.4526201093749931
0.03604100842938158	0.829626521191775	0.6234132272935831	0.376586772706417	0.10289907874876386	0.1830894610112984	0.20065255272652344	0.4530397484853581
0.03594625473349436	0.829626521191775	0.6212283423277765	0.37877165767222354	0.10236628177911251	0.18224557522123894	0.19951223013727268	0.4508548635195515
0.03594503503469015	0.8300461603021402	0.6212283423277765	0.37877165767222354	0.10241275758517138	0.18232935428861133	0.19969622122828565	0.45127450262991653
0.03587914346048618	0.8300461603021402	0.6199829578972667	0.3800170421027333	0.1021114036446234	0.1818516134963685	0.19904871924877937	0.45002911819940694
0.03587711956356787	0.8304657994125052	0.6199829578972667	0.3800170421027333	0.10215775345860004	0.18193518731326133	0.1992326452307963	0.45044875730977196
0.0358744748447036	0.8304657994125052	0.6199174113482926	0.38008258865170746	0.10214193548387097	0.1819101020314367	0.19919861370720202	0.4503832107607977
0.035874445716212316	0.8308854385228703	0.6199174113482926	0.38008258865170746	0.10218827415359208	0.18199365779677376	0.19938253370581624	0.4508028498711629
0.035793549848161105	0.8308854385228703	0.6185409338198344	0.3814590661801656	0.10185709141416739	0.18146824305746495	0.19866897032679742	0.44942637234270477
0.03579290601273092	0.8313050776332355	0.6185409338198344	0.3814590661801656	0.10190329218106996	0.18155157402740227	0.19885281999612334	0.44984601145307
0.03577600230482594	0.8313050776332355	0.6182350499246214	0.38176495007537853	0.10182995784928549	0.18143517882493015	0.19869453678079185	0.449540127557857
0.0357745332984964	0.8317247167436005	0.6182350499246214	0.38176495007537853	0.10187612438961706	0.1815184540708856	0.19887836891735586	0.449959766668222
0.03571685489896824	0.8317247167436005	0.6171426074417181	0.38285739255828183	0.10161497052037939	0.18110380116959066	0.19831390816823355	0.4488673241853185
0.03571649619751278	0.8321443558539656	0.6171426074417181	0.38285739255828183	0.10166102737619194	0.18118689752843894	0.19849768512046315	0.44928696329568374
0.035705565386789505	0.8321443558539656	0.6169022700954795	0.3830977299045205	0.10160373008146743	0.18109589041095892	0.1983736780984349	0.4490466259494452
0.035704700316992195	0.8325639949643306	0.6169022700954795	0.3830977299045205	0.101649759196639	0.18117894160084014	0.1985574409699131	0.44946626505981024
0.03569251999643136	0.8325639949643306	0.6165745373506084	0.38342546264939154	0.10157169917575386	0.18105493703230516	0.19838843256423414	0.44913853231493905
0.035691806520046804	0.8329836340746958	0.6165745373506084	0.38342546264939154	0.10161769222893417	0.18113792946114887	0.19857217727184306	0.4495581714253043
0.035669590932705934	0.8329836340746958	0.616072013808473	0.383927986191527	0.10149818479316869	0.18094804010938925	0.1983132480748174	0.4490556478831689
0.03566957032555483	0.8334032731850608	0.616072013808473	0.383927986191527	0.10154412516617241	0.18103094662959757	0.19849696649264542	0.4494752869935339
0.03561270988701569	0.8334032731850608	0.6148484782276213	0.38515152177237866	0.10125420617925972	0.18057007773787334	0.19786768644675348	0.44825175141268225
0.03561255408250239	0.8338229122954259	0.6148484782276213	0.38515152177237866	0.1013000254906959	0.18065278661696518	0.19805134533335386	0.4486713905230473
0.03558432555859913	0.8338229122954259	0.6141274661889051	0.3858725338110948	0.10112988599348534	0.18038218873405656	0.19768128773910382	0.44795037848433106
0.0355842205503007	0.8342425514057911	0.6141274661889051	0.3858725338110948	0.10117563234770217	0.1804647785039942	0.19786491098143874	0.4483700175946961
0.035533706336656125	0.8342425514057911	0.6132972099018987	0.3867027900981013	0.10098034235790115	0.18015405527865883	0.1974394780285797	0.4475397613076897
0.035532601083503784	0.8346621905161561	0.6132972099018987	0.3867027900981013	0.10102600568874441	0.18023650944678538	0.1976230610694064	0.4479594004180547
0.035457540329824656	0.8346621905161561	0.6118333369748084	0.3881666630251917	0.10068337129840546	0.17969102899990966	0.19687478562893423	0.44649552749096433
0.03545583568929459	0.8350818296265212	0.6118333369748084	0.3881666630251917	0.10072889248835797	0.17977325082433715	0.19705830085278292	0.44691516660132957
0.035435882816841326	0.8350818296265212	0.611396359981647	0.388603640018353	0.10062702265372168	0.17961099327586985	0.19683538186808297	0.4464781896081682
0.03543545167177676	0.8355014687368862	0.611396359981647	0.388603640018353	0.10067249835667695	0.17969314079422383	0.197018875408137	0.44689782871853323
0.03542477546819238	0.8355014687368862	0.6111778714850663	0.3888221285149337	0.10062162025572345	0.17961208840775822	0.19690748634955663	0.44667934022195244
0.03542422180624161	0.8359211078472514	0.6111778714850663	0.3888221285149337	0.10066707095209218	0.17969419511975102	0.19709096788234043	0.4470989793323177
0.03539551185012673	0.8359211078472514	0.6106098013939566	0.3893901986060434	0.10053497527001111	0.1794837140154075	0.19680158063817252	0.446530909241208
0.0353950198796447	0.8363407469576164	0.6106098013939566	0.3893901986060434	0.10058036840777189	0.17956572664203982	0.19698503503536488	0.446950548351573
0.03538406830171963	0.8363407469576164	0.6103476151980598	0.3896523848019402	0.10051949361981137	0.17946870778928412	0.19685158144968218	0.4466883621556761
0.035383748245524704	0.8367603860679815	0.6103476151980598	0.3896523848019402	0.10056485777688118	0.1795506730899104	0.197035022103364	0.44710800126604133
0.03537753904109387	0.8367603860679815	0.6102165221001115	0.3897834778998886	0.10053443581728345	0.17950218301300805	0.19696831829594993	0.446976908168093
0.0353772091174672	0.8371800251783467	0.6102165221001115	0.3897834778998886	0.10057978321149483	0.17958412098298676	0.1971517508961752	0.447396547278458
0.03533024836635309	0.8371800251783467	0.6095829054600275	0.3904170945399725	0.10043294401933145	0.1793500247224345	0.1968295906218276	0.446762930638374
0.03532853537216247	0.8375996642887117	0.6095829054600275	0.3904170945399725	0.10047822803926504	0.17943185904350953	0.19701299372271644	0.44718256974873904
0.0353229437753862	0.8375996642887117	0.6094518123620791	0.3905481876379209	0.10044788888329727	0.17938348162128157	0.19694638978035567	0.4470514766507909
0.03532176184528248	0.8380193033990768	0.6094518123620791	0.3905481876379209	0.10049315619967794	0.17946528869916872	0.19712978492430866	0.44747111576115595
0.035297117316923664	0.8380193033990768	0.6089274399702855	0.3910725600297144	0.1003719340570969	0.1792719601418376	0.1968635367374891	0.44694674336936235
0.0352958952095175	0.838858581619807	0.6089274399702855	0.3910725600297144	0.10046235802593226	0.17943539338449802	0.19723027558491077	0.4477860215900926
0.03528377206100827	0.838858581619807	0.6086871026240468	0.39131289737595315	0.1004068511728364	0.179346850888211	0.1971083262887955	0.4475456842438539
0.035283366297057535	0.839278220730172	0.6086871026240468	0.39131289737595315	0.10045203415369161	0.17942852016327995	0.19729168208378495	0.4479653233542189
0.03524962567878288	0.839278220730172	0.608075334833621	0.39192466516637897	0.10031096398836392	0.17920344070606156	0.19698152694321952	0.44735355556379286
0.03524734796156267	0.8396978598405371	0.608075334833621	0.39192466516637897	0.1003560860624906	0.17928501030373623	0.1971648548991268	0.4477731946741581
0.03516153782810297	0.8396978598405371	0.6062400314623435	0.3937599685376565	0.09993507466413624	0.1786128715522628	0.19623677081248783	0.44593789130288064
0.03516077877459539	0.8401174989509023	0.6062400314623435	0.3937599685376565	0.09998002397123452	0.17869415807560138	0.19642002143293538	0.44635753041324566
0.035156034049098984	0.8401174989509023	0.6060433918154209	0.39395660818457906	0.099935107073329	0.1786224125624554	0.19632079325297516	0.44616089076632326
0.03515399122022741	0.8405371380612673	0.6060433918154209	0.39395660818457906	0.0999800339422981	0.17870366239907212	0.19650403368986755	0.4465805298766883
0.03514401272724602	0.8405371380612673	0.6059122987174725	0.39408770128252746	0.0999500998003992	0.1786558444454355	0.19643789957480176	0.4464494367787397
0.035142371486040734	0.8409567771716324	0.6059122987174725	0.39408770128252746	0.09999501022903048	0.17873706742775597	0.1966211324878141	0.44686907588910496
0.035095896813965806	0.8409567771716324	0.6049727981821758	0.3950272018178243	0.09978092013543119	0.1783949793029777	0.19614767728523266	0.44592957535380817
0.03509460260533838	0.8413764162819974	0.6049727981821758	0.3950272018178243	0.09982574060243964	0.17847605483354104	0.19633087062457313	0.4463492144641732
0.035064512596822556	0.8413764162819974	0.6042954838427756	0.3957045161572243	0.09967190296281567	0.1782301435619361	0.195990105333547	0.4456719001247731
0.03506340995706399	0.8417960553923626	0.6042954838427756	0.3957045161572243	0.09971665755331312	0.17831111111111111	0.1961732698997075	0.44609153923513833
0.03504836395784292	0.8417960553923626	0.6037929603006402	0.39620703969935983	0.09960278053624627	0.17812902366469832	0.19592074226585598	0.4455890156930029
0.03504779703857463	0.8422156945027277	0.6037929603006402	0.39620703969935983	0.0996474852291346	0.1782099094299414	0.19610388512726243	0.44600865480336793
0.03504252095659704	0.8422156945027277	0.6036618672026918	0.39633813279730823	0.09961780910309227	0.1781624500665779	0.19603804769703334	0.44587756170541937
0.0350371354114933	0.8426353336130927	0.6036618672026918	0.39633813279730823	0.0996624975183641	0.1782433092184102	0.19622118330587435	0.4462972008157844
0.0349462931597219	0.8426353336130927	0.601717319583124	0.39828268041687603	0.09922419330928497	0.1775419982316534	0.19524666692875117	0.44435265319621675
0.03494589121754028	0.8430549727234579	0.601717319583124	0.39828268041687603	0.09926870244095266	0.17762256310507935	0.19542972666524627	0.444772292306582
0.03493462922039367	0.8430549727234579	0.601411435687911	0.39858856431208894	0.09920007900454277	0.17751270156836757	0.19527678474199367	0.444466408411369
0.03493450150501371	0.8434746118338229	0.601411435687911	0.39858856431208894	0.09924455636202044	0.17759321434882488	0.19545983097692454	0.444886047521734
0.03482778181238173	0.8434746118338229	0.5991173064738142	0.40088269352618583	0.0987326849395815	0.1767732289697023	0.19431580714615518	0.4425919183076372
0.03482690874020793	0.843894250944188	0.5991173064738142	0.40088269352618583	0.09877695368141853	0.17685339899744965	0.19449876788839554	0.44301155741800224
0.034782240790901676	0.843894250944188	0.5983307478861237	0.4016692521138762	0.09860259867614611	0.17657388708402844	0.19410776316401374	0.44222499883031174
0.03478185614190872	0.844313890054553	0.5983307478861237	0.4016692521138762	0.0986467934889194	0.17665393564247772	0.19429069403567148	0.44264463794067677
0.03464022221802059	0.844313890054553	0.5954903974305753	0.4045096025694247	0.09802202085160285	0.17565149068051858	0.19288392095286502	0.43980428748512823
0.034639147974842764	0.8447335291649182	0.5954903974305753	0.4045096025694247	0.09806596190383397	0.1757311217808817	0.19306675256798234	0.4402239265954935
0.03459286101078241	0.8447335291649182	0.5944853503463043	0.4055146496536957	0.09784669226656297	0.17537898588604287	0.1925709009371917	0.4392188795112224
0.034592745249506396	0.8451531682752833	0.5944853503463043	0.4055146496536957	0.09789054146009527	0.17545846582741648	0.19275369741356688	0.43963851862158765
0.03459158268309847	0.8451531682752833	0.594397954947672	0.405602045052328	0.09787151326659539	0.17542789948172988	0.19271062509657402	0.4395511232229552
0.03459116021147606	0.8455728073856483	0.594397954947672	0.405602045052328	0.09791535060012634	0.17550735998606393	0.19289341680834024	0.4399707623333202
0.03459023702195677	0.8455728073856483	0.594376106098014	0.40562389390198605	0.097910592808552	0.17549971693594044	0.19288264921546258	0.4399489134836623
0.03458998564084917	0.8459924464960135	0.594376106098014	0.40562389390198605	0.09795442398328555	0.17557916739244034	0.1930654383090243	0.4403685525940273
0.03457143416674711	0.8459924464960135	0.5939828268041687	0.40601717319583125	0.09786882858391184	0.1754416499869463	0.19287169085855244	0.43997527330018205
0.03457026641989031	0.8464120856063785	0.5939828268041687	0.40601717319583125	0.0979126213592233	0.17552103728843058	0.1930544652856724	0.44039491241054707
0.03454684261914893	0.8464120856063785	0.5933055124647687	0.4066944875352313	0.0977654985216422	0.17528460936821066	0.19272113083790826	0.4397175980711472
0.03454566631432588	0.8468317247167436	0.5933055124647687	0.4066944875352313	0.09780922838309422	0.17536389311318706	0.1929038816341659	0.4401372371815122
0.03446279353097593	0.8468317247167436	0.591732395289388	0.40826760471061196	0.09746908809891808	0.17481699657816088	0.19213140078854765	0.43856412000613165
0.03446169177563654	0.8472513638271086	0.591732395289388	0.40826760471061196	0.097512678097078	0.1748960498960499	0.19231410034163143	0.4389837591164967
0.0344460077563055	0.8472513638271086	0.5914483602438332	0.4085516397561668	0.09745149145670431	0.17479762780831998	0.19217487743207062	0.4386997240709418
0.03444545806531269	0.8485102811582039	0.5914483602438332	0.4085516397561668	0.09758216302302013	0.17503462603878117	0.1927229389470025	0.4399586414020371
0.03437312625031002	0.8485102811582039	0.5896130568725557	0.41038694312744434	0.09718817591925018	0.17440055200966018	0.19182509215264337	0.43812333803075965
0.034372632988540125	0.8489299202685691	0.5896130568725557	0.41038694312744434	0.09723156781697587	0.17447927896847643	0.19200772052196913	0.4385429771411249
0.03435266862257691	0.8489299202685691	0.5891760798793944	0.41082392012060565	0.09713819264381063	0.17432892412426215	0.19179442103944433	0.4381060001479633
0.034352292028687725	0.8493495593789341	0.5891760798793944	0.41082392012060565	0.0971815431891295	0.17440758293838862	0.19197703482764739	0.4385256392583283
0.034345344349871014	0.8493495593789341	0.589044986781446	0.41095501321855404	0.09715355445687131	0.17436250861474845	0.1919130774560775	0.4383945461603802
0.03434485140761751	0.8497691984892992	0.589044986781446	0.41095501321855404	0.09719688969952961	0.1744411422664427	0.19209568568137372	0.4388141852707452
0.034311501293019006	0.8497691984892992	0.5886735563372588	0.4113264436627412	0.09711764423768644	0.17431350606869242	0.19191455319333914	0.4384427548265579
0.03430884678115622	0.8501888375996642	0.5886735563372588	0.4113264436627412	0.09716094379436026	0.17439208091241662	0.19209714892183152	0.43886239393692295
0.0342616547267208	0.8501888375996642	0.5878433000502523	0.41215669994974763	0.09698420296792724	0.1741073346796717	0.1916927251211455	0.43803213764991655
0.034260894895042825	0.8506084767100294	0.5878433000502523	0.41215669994974763	0.09702742807907712	0.17418578671478904	0.19187529539737333	0.4384517767602816
0.03424783840885678	0.8506084767100294	0.5873626253577748	0.4126373746422251	0.09692535743317554	0.1740212912087912	0.19164144664335708	0.4379711020678041
0.03424683397091175	0.8510281158203945	0.5873626253577748	0.4126373746422251	0.09696853782155494	0.17409966948534147	0.1918240016869294	0.43839074117816934
0.0342328026915323	0.8510281158203945	0.5870130437632459	0.41298695623675413	0.0968944099378882	0.1739801827306653	0.19165406008858835	0.4380411595836404
0.03422864372510419	0.8514477549307595	0.5870130437632459	0.41298695623675413	0.09693755673403086	0.1740585056189414	0.1918366037030802	0.43846079869400545
0.03419730685814328	0.8514477549307595	0.5863138805741878	0.41368611942581224	0.09678958164384868	0.1738199263257089	0.19149705382724272	0.4377616355049474
0.034195258922670634	0.8518673940411247	0.5863138805741878	0.41368611942581224	0.09683266552184698	0.1738981453719964	0.1916795765194252	0.4381812746153124
0.03418347509854925	0.8518673940411247	0.5859424501300007	0.4140575498699993	0.09675420618654973	0.17377161444958056	0.1914993712446829	0.43780984417112534
0.03418160711465207	0.8522870331514897	0.5859424501300007	0.4140575498699993	0.09679725478981985	0.1738497753049433	0.19168188218954826	0.43822948328149036
0.03406429671316983	0.8522870331514897	0.5832113439227424	0.4167886560772575	0.0962240015160847	0.17292464878671776	0.19036080205822237	0.4354983770742322
0.03406129666300004	0.8527066722618548	0.5832113439227424	0.4167886560772575	0.09626681826795527	0.1730024264611979	0.19054323974394455	0.43591801618459725
0.034044799665850854	0.8527066722618548	0.582708820380607	0.41729117961939305	0.0961620368179452	0.1728332057497661	0.1903009152451178	0.4354154926424618
0.03404388308385783	0.8531263113722198	0.582708820380607	0.41729117961939305	0.09620480787431383	0.1729109079311078	0.1904833386950975	0.43583513175282684
0.03402782038313911	0.8531263113722198	0.5822499945377876	0.4177500054622124	0.09610929891741124	0.17275662814411966	0.19026228097458858	0.4353763059100073
0.03402610413229362	0.853545950482585	0.5822499945377876	0.4177500054622124	0.09615202798525102	0.17283426095084337	0.1904446914519776	0.43579594502037255
0.033856949108943955	0.853545950482585	0.5786012366448907	0.42139876335510934	0.09539890249050233	0.1716166047924401	0.18869361674291857	0.4321471871274758
0.03385625523768814	0.8539655895929501	0.5786012366448907	0.42139876335510934	0.09544132820560923	0.1716937354988399	0.18887593936810934	0.4325668262378408
0.03384616249621252	0.8539655895929501	0.578360899298652	0.4216391007013481	0.09539211550180472	0.17161410018552875	0.1887610228537257	0.4323264888916021
0.03384539784442137	0.8543852287033151	0.578360899298652	0.4216391007013481	0.09543451767132277	0.1716911919720032	0.18894333865708196	0.4327461280019671
0.03383865826468568	0.8543852287033151	0.5782298062007035	0.4217701937992965	0.09540768509840675	0.17164776798887155	0.18888067615133686	0.43261503490401854
0.03383784388665111	0.8548048678136803	0.5782298062007035	0.4217701937992965	0.09545007263014854	0.17172483560950935	0.18906298761405987	0.4330346740143838
0.03377201025410211	0.8548048678136803	0.576372653979768	0.42362734602023205	0.09507140856902828	0.1711117644588181	0.188176901307201	0.43117752179344837
0.03377197913327221	0.8552245069240453	0.576372653979768	0.42362734602023205	0.09511364166705559	0.17118857622847544	0.18835917103605856	0.4315971609038134
0.033744275761940674	0.8552245069240453	0.5759356769866066	0.42406432301339336	0.09502494521378281	0.17104490138480907	0.1881511228610456	0.4311601839106518
0.03374284232635318	0.8560637851447755	0.5759356769866066	0.42406432301339336	0.09510932910625204	0.17119838872104734	0.18851563991543963	0.4319994621313823
0.033716851511881425	0.8560637851447755	0.5752583626472066	0.42474163735279336	0.09497206703910614	0.17097598793110674	0.1881934753489911	0.4313221477919822
0.03371498474680156	0.8564834242551406	0.5752583626472066	0.42474163735279336	0.09501419859410642	0.17105263157894737	0.1883757179037924	0.4317417869023472
0.03365558005272672	0.8564834242551406	0.5739692805173808	0.4260307194826192	0.09475394614670381	0.1706307737323914	0.18776367082197298	0.4304527047725215
0.033654928542528405	0.8569030633655057	0.5739692805173808	0.4260307194826192	0.09479597047490831	0.17070723959204145	0.18794588627013914	0.43087234388288653
0.033642602774024644	0.8569030633655057	0.5737070943214839	0.426292905678516	0.09474319120308078	0.1706216577540107	0.18782157758690157	0.4306101576869896
0.03364228043819508	0.8573227024758707	0.5737070943214839	0.426292905678516	0.09478519068386379	0.1706980824664745	0.18800378663778833	0.43102979679735465
0.0335738441357025	0.8573227024758707	0.5722213725447356	0.42777862745526446	0.09448709647581167	0.1702145386377838	0.18730048822758782	0.4295440750206063
0.03357369142790995	0.8577423415862359	0.5722213725447356	0.42777862745526446	0.09452897377792166	0.17029076064317253	0.18748266781988965	0.42996371413097156
0.03354599510559237	0.8577423415862359	0.5716314536039677	0.4283685463960322	0.09441108545034642	0.1700994465942662	0.1872039437666485	0.42937379519020347
0.03354501334312874	0.8581619806966009	0.5716314536039677	0.4283685463960322	0.09445291210567641	0.17017558458849963	0.1873861113178882	0.4297934343005685
0.03351286359372029	0.8581619806966009	0.5709978369638838	0.42900216303611616	0.09432656826568266	0.16997049411960272	0.1870870681142485	0.4291598176604847
0.03351195931641228	0.858581619806966	0.5709978369638838	0.42900216303611616	0.0943683409436834	0.1700465425531915	0.1872692230884017	0.42957945677084997
0.03348914118838122	0.858581619806966	0.5703642203238	0.42963577967620004	0.09424228466144634	0.16984186278172084	0.18697051801907877	0.428945840130766
0.03348803181492966	0.8590012589173311	0.5703642203238	0.42963577967620004	0.09428400350052969	0.16991782186436458	0.1871526606903722	0.429365479241131
0.03346363580516909	0.8590012589173311	0.5695558128864515	0.4304441871135485	0.09412359757219055	0.1696572873067838	0.18677204535081596	0.42855707180378255
0.03346192152444415	0.8594208980276962	0.5695558128864515	0.4304441871135485	0.09416524897696446	0.16973313442731644	0.18695417303987244	0.4289767109141476
0.03345332189954578	0.8594208980276962	0.5692717778408967	0.43072822215910334	0.09410899733480378	0.16964174777386623	0.18682057252239773	0.42869267586859294
0.033450560406276	0.8598405371380613	0.5692717778408967	0.43072822215910334	0.09415062261636722	0.16971755156133522	0.18700269431120475	0.42911231497895796
0.03341188268737144	0.8598405371380613	0.5683541261552579	0.43164587384474207	0.09396927310249943	0.16942285430792128	0.18657152099174618	0.42819466329331934
0.0334084518773048	0.8602601762484263	0.5683541261552579	0.43164587384474207	0.09401082270934605	0.16949853239075613	0.18675362663805364	0.42861430240368437
0.03337151533342427	0.8602601762484263	0.5673709279206449	0.432629072079355	0.09381721660335911	0.1691837913675002	0.1862924397414301	0.42763110416907124
0.03336980100355828	0.8606798153587915	0.5673709279206449	0.432629072079355	0.09385868570382573	0.1692593356715494	0.18647452877903464	0.4280507432794365
0.033327160513131206	0.8606798153587915	0.5662566365880837	0.4337433634119164	0.09364014062000639	0.1689038952482912	0.18595282757335077	0.426936451946875
0.03332444829813979	0.8610994544691565	0.5662566365880837	0.4337433634119164	0.09368151935719503	0.16897928933174125	0.18613489868434566	0.42735609105724004
0.033301301376294175	0.8610994544691565	0.5655574733990256	0.43444252660097443	0.09354485776805252	0.16875693901887412	0.18580808271245997	0.4266569278681822
0.03330100886042312	0.8615190935795216	0.5655574733990256	0.43444252660097443	0.0935861786023613	0.16883223684210527	0.18599014259774205	0.42707656697854723
0.033289501617550725	0.8615190935795216	0.5653171360527869	0.43468286394721317	0.09353927464917076	0.16875590810077679	0.18587789126548238	0.4268362296323085
0.03328638622626606	0.8623583718002518	0.5653171360527869	0.43468286394721317	0.09362186788154897	0.16890642337566267	0.18624200110890488	0.42767550785303854
0.03325870033098247	0.8623583718002518	0.5646835194127029	0.4353164805872971	0.09349833932390009	0.16870536080781545	0.18594628056739546	0.42704189121295455
0.03325629409329869	0.8627780109106169	0.5646835194127029	0.4353164805872971	0.0935395814376706	0.168780527849608	0.18612832512859964	0.4274615303233198
0.03324728163277302	0.8627780109106169	0.5644431820664642	0.4355568179335358	0.09349279250602519	0.16870435710182982	0.18601624006449838	0.42722119297708105
0.03324568343637952	0.8631976500209819	0.5644431820664642	0.4355568179335358	0.09353401236813387	0.16877948717948718	0.18619828034410527	0.4276408320874461
0.03318793960810474	0.8631976500209819	0.5633944372828771	0.4366055627171229	0.09333030852994556	0.16844777463866029	0.18570973275104172	0.4265920873038591
0.03318700513950151	0.863617289131347	0.5633944372828771	0.4366055627171229	0.0933714441268545	0.16852276449394038	0.1858917581472865	0.42701172641422414
0.03318139738674672	0.863617289131347	0.5632414953352707	0.4367585046647294	0.09334179970972424	0.16847447914534813	0.1858205862270906	0.4268587844666176
0.03318091318601336	0.8640369282417121	0.5632414953352707	0.4367585046647294	0.09338291986031112	0.1685494433529797	0.1860026086939538	0.42727842357698265
0.033172489331388694	0.8640369282417121	0.5630885533876642	0.4369114466123359	0.09335328255350019	0.16850116616882851	0.18593145426386007	0.42712548162937614
0.03317204986176309	0.8644565673520772	0.5630885533876642	0.4369114466123359	0.0933943872693476	0.1685761047463175	0.18611347382472399	0.4275451207397414
0.03315233555931354	0.8644565673520772	0.5626078786951867	0.4373921213048133	0.09330132705285565	0.1684244951353119	0.18588996601784047	0.4270644460472639
0.033151485597150414	0.8648762064624423	0.5626078786951867	0.4373921213048133	0.09334239130434782	0.16849936639005847	0.18607197860379396	0.42748408515762915
0.033097027923856714	0.8648762064624423	0.561362494264677	0.438637505735323	0.09310204634774359	0.16810766721044046	0.1854937643336725	0.42623870072711934
0.033095832786266426	0.8652958455728074	0.561362494264677	0.438637505735323	0.09314301201553889	0.1681823742914237	0.18567576104197112	0.42665833983748436
0.033037368758038636	0.8652958455728074	0.5599641678865608	0.4400358321134392	0.09287451580938655	0.1677445596908684	0.18502804127521674	0.42526001345936804
0.03303721884678959	0.8657154846831725	0.5599641678865608	0.4400358321134392	0.09291537179660406	0.16781908403156268	0.1852100214302595	0.4256796525697333
0.03296371129440334	0.8657154846831725	0.5581725622145994	0.4418274377854006	0.09257347991922818	0.16726122912275013	0.18438243770955667	0.42388804689777193
0.03296319548289076	0.8661351237935375	0.5581725622145994	0.4418274377854006	0.09261419725388136	0.16733552231545665	0.1845643986738722	0.42430768600813695
0.032941059601271576	0.8661351237935375	0.5576481898228058	0.44235181017719416	0.09251456745853877	0.1671728830032803	0.18432266427530486	0.42378331361634336
0.032940010221132014	0.8665547629039027	0.5576481898228058	0.44235181017719416	0.09255524180897315	0.1672471045598121	0.18450461943662957	0.4242029527267084
0.032877614421810274	0.8665547629039027	0.5559439795494767	0.4440560204505233	0.09223279288936531	0.16672049087679638	0.1837204873232958	0.42249874245337926
0.032877409658504574	0.8669744020142677	0.5559439795494767	0.4440560204505233	0.09227333631085306	0.1667944940055706	0.18390242661804412	0.4229183815637443
0.032781264520969446	0.8669744020142677	0.5536280014857218	0.4463719985142782	0.09183854907539118	0.1660838458137385	0.1828404822082757	0.42060240349998956
0.03277942580809626	0.8673940411246328	0.5536280014857218	0.4463719985142782	0.09187891718895853	0.16615755627009646	0.18302240306174808	0.4210220426103546
0.0327698531499969	0.8673940411246328	0.5532565710415347	0.44674342895846536	0.09180954073021232	0.16604410169899989	0.18285248035164772	0.4206506121661675
0.03276866646607859	0.8678136802349979	0.5532565710415347	0.44674342895846536	0.09184987785920498	0.16611776046268775	0.18303439799200236	0.42107025127653275
0.0327609375640288	0.8678136802349979	0.5531254779435864	0.4468745220564137	0.09182540739754007	0.16607773851590105	0.1829744500916007	0.4209391581785842
0.032759726978988594	0.868233319345363	0.5531254779435864	0.4468745220564137	0.09186573128496581	0.16615137522585827	0.18315636619426565	0.4213587972889492
0.032746601414309934	0.868233319345363	0.5528414428980315	0.44715855710196856	0.0918127357443976	0.16606469219038447	0.18302652316365728	0.4210747622433946
0.0327465442601052	0.8686529584557281	0.5528414428980315	0.44715855710196856	0.09185303514376997	0.16613828805329267	0.1832084367581717	0.4214944013537596
0.03272327916761764	0.8686529584557281	0.552382617055212	0.447617382944788	0.09176752227689852	0.16599839615076184	0.1829988200693848	0.42103557551094006
0.032722819337261136	0.8690725975660931	0.552382617055212	0.447617382944788	0.0918077843780477	0.16607192975421997	0.18318073014038758	0.4214552146213051
0.03269627930344369	0.8690725975660931	0.5519019423627346	0.4480980576372654	0.09171833480956598	0.16592556984336818	0.18296130417706655	0.4209745399288276
0.03269529028843066	0.8694922366764583	0.5519019423627346	0.4480980576372654	0.0917585580798016	0.16599903861560647	0.1831432107471153	0.42139417903919285
0.03260426086142032	0.8694922366764583	0.5494330223513733	0.4505669776486268	0.09130166563849476	0.165251026837341	0.1820189536846967	0.4189252590278314
0.0326031748220714	0.8699118757868234	0.5494330223513733	0.4505669776486268	0.09134170522141441	0.16532418853178085	0.1822008471220516	0.41934489813819664
0.03260025214093737	0.8699118757868234	0.5493019292534248	0.4506980707465752	0.091317563102947	0.16528464359751235	0.18214128201754975	0.4192138050402483
0.03259754616982688	0.8703315148971884	0.5493019292534248	0.4506980707465752	0.09135758963967933	0.1653577835359777	0.18232317434073356	0.4196334441506133
0.03254101424341974	0.8703315148971884	0.5478162074766764	0.45218379252332364	0.09108476064997804	0.1649107462330537	0.1816490092086806	0.41814772237386477
0.03253700002709435	0.8707511540075535	0.5478162074766764	0.45218379252332364	0.09112467612313908	0.16498370040550212	0.1818308953681094	0.41856736148423
0.03241235849000756	0.8707511540075535	0.5446044265769407	0.45539557342305925	0.09054018675277074	0.16402513734634994	0.1803791665828405	0.4153555805844942
0.03240893465418207	0.8711707931179186	0.5446044265769407	0.45539557342305925	0.09057986823159823	0.16409769978657815	0.1805610445910061	0.4157752196948592
0.03240572726968699	0.8711707931179186	0.5444951823286504	0.4555048176713496	0.09056011167335544	0.16406527838147547	0.18051180069209588	0.415665975446569
0.03239989997700995	0.8715904322282837	0.5444951823286504	0.4555048176713496	0.09059978189749182	0.16413782203255886	0.18069367813435128	0.41608561455693405
0.03237718057144857	0.8715904322282837	0.5437523214402762	0.4562476785597238	0.0904656126137898	0.1639176071344014	0.1803590518528042	0.4153427536685599
0.032375127521170576	0.8720100713386487	0.5437523214402762	0.4562476785597238	0.09050522648083624	0.1639900564258375	0.1805409280622761	0.4157623927789249
0.03233704246330532	0.8720100713386487	0.5428128209049794	0.45718717909502066	0.0903360431248098	0.1637122823603561	0.18011830361075065	0.4148228922436281
0.03233698878366347	0.8724297104490139	0.5428128209049794	0.45718717909502066	0.0903755868544601	0.16378461417260803	0.1803001788792037	0.41524253135399336
0.03232967188588951	0.8724297104490139	0.5425943324083987	0.4574056675916013	0.09033631702441992	0.16372012442414458	0.18020198655523423	0.41502404285741257
0.032329085440431525	0.872849349559379	0.5425943324083987	0.4574056675916013	0.09037584184227677	0.16379242460036222	0.18038386141351098	0.4154436819677776
0.03229396383748264	0.872849349559379	0.5418733203696826	0.45812667963031745	0.09024644220756682	0.1635798828201801	0.1800600734878292	0.4147226699290616
0.0322932535387083	0.873268988669744	0.5418733203696826	0.45812667963031745	0.090285912620938	0.1636520918527839	0.1802419480495318	0.4151423090394266
0.032271198223309344	0.873268988669744	0.5411304594813083	0.45886954051869167	0.09015292639604904	0.16343359773816069	0.17990874351973665	0.41439944815105223
0.03227099090133689	0.8736886277801091	0.5411304594813083	0.45886954051869167	0.09019234101542194	0.16350571327600424	0.18009061814594424	0.4148190872614175
0.032257357389400505	0.8736886277801091	0.5408682732854115	0.45913172671458846	0.09014547973675095	0.16342870599317086	0.17997311210707037	0.41455690106552057
0.03225511317668414	0.8741082668904742	0.5408682732854115	0.45913172671458846	0.09018487249426332	0.16350078492935635	0.1801549866462014	0.4149765401758856
0.032179934124173144	0.8741082668904742	0.5386833883196049	0.461316611680395	0.08979609432254171	0.16286161063330726	0.1791776943881365	0.412791655210079
0.032179023219452756	0.8745279060008393	0.5386833883196049	0.461316611680395	0.08983533063195102	0.1629334271529651	0.17935957211850034	0.41321129432044423
0.03215979275841046	0.8745279060008393	0.5381153182284952	0.4618846817715047	0.08973475714777816	0.16276799312687937	0.17910603587517673	0.4126432242293345
0.03215842595087129	0.8749475451112043	0.5381153182284952	0.4618846817715047	0.08977395048439182	0.16283973758200562	0.17928791474520325	0.41306286333969955
0.032121654110215725	0.8749475451112043	0.5371321199938823	0.46286788000611767	0.08960034379028793	0.16255408724125833	0.17884964499032546	0.41207966510508665
0.032121355299512655	0.8753671842215694	0.5371321199938823	0.46286788000611767	0.08963946542907482	0.16262571139003665	0.17903152649903992	0.4124993042154519
0.03209321695276433	0.8753671842215694	0.5365858987524307	0.4634141012475693	0.08954326923076923	0.16246738580162778	0.1787883397383417	0.41195308297400013
0.03209205784197304	0.8757868233319346	0.5365858987524307	0.4634141012475693	0.08958234965875435	0.16253894080996883	0.17897022290087275	0.41237272208436515
0.032056200020732575	0.8757868233319346	0.535668247066792	0.46433175293320805	0.08942114058014482	0.16227354016017417	0.17856214396563364	0.41145507039872653
0.03205545051319677	0.8762064624422996	0.535668247066792	0.46433175293320805	0.08946015424164525	0.16234498308906425	0.1787440304742966	0.41187470950909155
0.03205526317330977	0.8762064624422996	0.5356463982171339	0.4643536017828661	0.08945632149436614	0.16233867205722283	0.17873432158147134	0.4118528606594336
0.032055215638582435	0.8766261015526647	0.5356463982171339	0.4643536017828661	0.08949533030588638	0.16241010689990282	0.17891620802731517	0.41227249976979863
0.032052179855348924	0.8766261015526647	0.5355371539688436	0.46446284603115645	0.0894761639611085	0.16237854644383987	0.17886766902263207	0.41216325552150845
0.032051825247685496	0.8770457406630298	0.5355371539688436	0.46446284603115645	0.0895151618982354	0.16244996307955384	0.17904955577670176	0.4125828946318735
0.03202524536107584	0.8770457406630298	0.5349909327273918	0.4650090672726081	0.08941941556496813	0.16229228141015686	0.17880698811949056	0.4120366733904217
0.032024194075644725	0.8774653797733949	0.5349909327273918	0.4650090672726081	0.08945837255069736	0.16236362930465503	0.17898887714589434	0.41245631250078674
0.03201468744681356	0.8774653797733949	0.5347287465314952	0.4652712534685049	0.08941246899854614	0.16228802048973573	0.178872519769368	0.41219412630489005
0.032014681423285396	0.8778850188837599	0.5347287465314952	0.4652712534685049	0.0894514046265019	0.16235933255723708	0.17905440989510027	0.4126137654152551
0.03200949280454418	0.8778850188837599	0.5345976534335467	0.4654023465664533	0.0894284615055786	0.16232153941651148	0.17899624978140072	0.4124826723173065
0.03200863968715566	0.8787242971044902	0.5345976534335467	0.4654023465664533	0.08950630476597564	0.16246411668864924	0.1793600309358298	0.413321950538037
0.031944203285312826	0.8787242971044902	0.5328497454609015	0.46715025453909853	0.08920127795527157	0.1619614819398252	0.1785857198025929	0.41157404256539154
0.0319438007908367	0.8791439362148552	0.5328497454609015	0.46715025453909853	0.08924007497018231	0.1620325611972621	0.17876761971659588	0.41199368167575656
0.03189319842224834	0.8791439362148552	0.5314514190827853	0.4685485809172147	0.08899745114698386	0.16163252709948694	0.1781496948669364	0.41059535529764046
0.03189274835136777	0.8795635753252203	0.5314514190827853	0.4685485809172147	0.08903614969627459	0.16170344082703286	0.17833160364984554	0.4110149944080055
0.03187039800374187	0.8795635753252203	0.5308178024427014	0.4691821975572986	0.08892660161221892	0.16152275266828497	0.17805205061531043	0.4103813777679217
0.03186967046459623	0.8799832144355854	0.5308178024427014	0.4691821975572986	0.08896525391370752	0.16159358865685444	0.17823396381419093	0.41080101687828674
0.0318635982889935	0.8799832144355854	0.5306867093447529	0.469313290655247	0.08894261356406667	0.16155624036979968	0.17817616029401706	0.4106699237803384
0.0318631305174272	0.8804028535459505	0.5306867093447529	0.469313290655247	0.0889812537110866	0.16162705596856825	0.17835807443599114	0.4110895628907034
0.03186039058134519	0.8804028535459505	0.5306430116454368	0.46935698835456313	0.08897370653095844	0.16161460539999228	0.17833880951012432	0.4110458651913873
0.03185950480553217	0.8808224926563155	0.5306430116454368	0.46935698835456313	0.08901234044357746	0.16168541056847943	0.1785207239682881	0.4114655043017523
0.03181253958239122	0.8808224926563155	0.529353929515611	0.470646070484389	0.0887901861252115	0.16131883333973793	0.1779530006552808	0.4101764221719266
0.03181252406765495	0.8812421317666806	0.529353929515611	0.470646070484389	0.08882872974916459	0.16138948662772826	0.17813492511763965	0.41059606128229165
0.03180959413665202	0.8812421317666806	0.5292883829666368	0.47071161703336317	0.08881745897479276	0.16137088408191494	0.17810608836933484	0.41053051473331736
0.031808424191327275	0.8816617708770458	0.5292883829666368	0.47071161703336317	0.08885599492493128	0.16144152451206392	0.1782880134027229	0.4109501538436826
0.03180119532666485	0.8816617708770458	0.5289388013721077	0.47106119862789225	0.08879590887959089	0.16134234372600215	0.17813426919515135	0.4106005722491535
0.031799663751699826	0.8820814099874108	0.5289388013721077	0.47106119862789225	0.08883441805426422	0.1614129391437896	0.17831619718012645	0.4110202113595185
0.03176099246987305	0.8820814099874108	0.5276934169415981	0.47230658305840195	0.08862093680172015	0.16106045513753736	0.1777691613230206	0.4097748269290089
0.03176083628269991	0.8825010490977759	0.5276934169415981	0.47230658305840195	0.0886593591905565	0.16113090449373635	0.17795110035540174	0.41019446603937393
0.03174956952515213	0.8825010490977759	0.527365684196727	0.472634315803273	0.08860332841794817	0.16103836434642776	0.17780731904115113	0.40986673329450296
0.031748088106382764	0.882920688208141	0.527365684196727	0.472634315803273	0.0886417256488035	0.1611087713924729	0.1779892612120366	0.410286372404868
0.03173486712874031	0.882920688208141	0.5270598003015141	0.4729401996984859	0.08858947368421052	0.16102246202119924	0.1778551328142793	0.40998048850965496
0.03173389902585285	0.8833403273185061	0.5270598003015141	0.4729401996984859	0.08862784724853691	0.1610928292645596	0.1780370779954901	0.4104001276200202
0.03161996944459064	0.8833403273185061	0.524328694094256	0.4756713059057441	0.08816384654045904	0.1603259834723333	0.17684227544065154	0.40766902141276207
0.03161990963388811	0.8837599664288712	0.524328694094256	0.4756713059057441	0.08820203543158689	0.1603960396039604	0.17702424927639637	0.4080886605231271
0.03159478431404696	0.8837599664288712	0.523673228604514	0.476326771395486	0.08809135399673736	0.1602130087485736	0.1767382325820355	0.40743319503338515
0.031593372277958526	0.8841796055392362	0.523673228604514	0.476326771395486	0.08812949640287769	0.1602829865733521	0.1769202141207301	0.4078528341437502
0.0315612657383422	0.8841796055392362	0.5228866700168235	0.4771133299831764	0.08799699298362847	0.1600638128157405	0.17657737219197395	0.4070662755560597
0.0315581044575164	0.8850188837599664	0.5228866700168235	0.4771133299831764	0.0880731646203959	0.16020357780394243	0.17694135465619712	0.40790555377678994
0.031439286529239045	0.8850188837599664	0.5197404356660622	0.4802595643339378	0.087546699875467	0.15933214973746837	0.1755740506431949	0.4047593194260286
0.031439175541677494	0.8854385228703315	0.5197404356660622	0.4802595643339378	0.0875845751525466	0.15940167711717157	0.17575608355612524	0.40517895853639363
0.03142778298041698	0.8854385228703315	0.519347156372217	0.480652843627783	0.08751918370732921	0.15929337158387438	0.1755856200965375	0.4047856792425484
0.03142745229867186	0.8858581619806966	0.519347156372217	0.480652843627783	0.087557030277893	0.1593628505643	0.17576765891133495	0.4052053183529134
0.03140129233972391	0.8858581619806966	0.5187572374314493	0.48124276256855075	0.08745908770766872	0.15920060331825037	0.17551215555431257	0.40461539941214575
0.03140106040873968	0.8862778010910617	0.5187572374314493	0.48124276256855075	0.08749689286602039	0.15927001244296973	0.17569420326508692	0.405035038522511
0.03136954632020744	0.8862778010910617	0.5178614345954686	0.4821385654045314	0.0873485255800488	0.1590241698667269	0.17530664909432053	0.4041392356865303
0.03136839283497875	0.8866974402014268	0.5178614345954686	0.4821385654045314	0.08738626964433416	0.15909347588751271	0.17548871058067994	0.40455887479689556
0.03136417453835913	0.8866974402014268	0.5177303414975202	0.4822696585024798	0.08736459108575209	0.15905754827054086	0.1754320395930774	0.404427781698947
0.031361966717524344	0.8871170793117918	0.5177303414975202	0.4822696585024798	0.08740232356224419	0.15912683477606324	0.17561410345681455	0.404847420809312
0.03131149504560802	0.8871170793117918	0.5166160501649588	0.4833839498350412	0.08721841736116841	0.15882198264528005	0.17513285120359026	0.40373312947675055
0.031309628164500836	0.887956357532522	0.5166160501649588	0.4833839498350412	0.08729372937293729	0.1589602974871352	0.1754970151213599	0.4045724076974808
0.03127840602875161	0.887956357532522	0.5157420961786362	0.4842579038213638	0.0871499176276771	0.1587218242508345	0.1751201315719633	0.4036984537111583
0.031277284734701566	0.8883759966428871	0.5157420961786362	0.4842579038213638	0.08718751287014538	0.1587908790879088	0.17530222844278942	0.40411809282152333
0.0311476652916463	0.8883759966428871	0.5119403963381328	0.4880596036618672	0.08656716417910448	0.1577613831134958	0.17366831476737646	0.40031639298101984
0.0311473025986444	0.8887956357532522	0.5119403963381328	0.4880596036618672	0.0866045142296369	0.15783002347330377	0.17385047965932474	0.40073603209138486
0.03106832688453187	0.8887956357532522	0.5099303021695908	0.4900696978304092	0.08627994133941665	0.15729085440570345	0.1729901443389286	0.39872593792284294
0.03106778942042213	0.8892152748636173	0.5099303021695908	0.4900696978304092	0.086317161595177	0.15735927521164414	0.1731723490293812	0.3991455770332082
0.031044556413401248	0.8892152748636173	0.5094496274771133	0.4905503725228867	0.0862398762769118	0.15723083772352897	0.1729669832405219	0.3986649023407307
0.03104281015129115	0.8896349139739824	0.5094496274771133	0.4905503725228867	0.08627706332410874	0.1572992023743276	0.17314919828507144	0.39908454145109573
0.03103287994416082	0.8896349139739824	0.5092748366798487	0.4907251633201512	0.08624898291293735	0.15725253124652303	0.17307455734957405	0.3989097506538313
0.031032866716099377	0.8900545530843474	0.5092748366798487	0.4907251633201512	0.08628615597412635	0.1573208722741433	0.17325677659230904	0.3993293897641963
0.03099088499614738	0.8900545530843474	0.5081168476479714	0.4918831523520287	0.08610051148818706	0.1570122515453233	0.17276276033266583	0.39817140073231894
0.030989357574261727	0.8904741921947126	0.5081168476479714	0.4918831523520287	0.08613760909275421	0.15708046487526833	0.17294500444998362	0.39859103984268396
0.030903571747249507	0.8904741921947126	0.5055823810876358	0.49441761891236424	0.08573390974102056	0.15640893344143877	0.17186655636222903	0.39605657328234845
0.030902662615780816	0.8908938313050776	0.5055823810876358	0.49441761891236424	0.08577084680025857	0.15647687488483508	0.1720488570850567	0.39647621239271347
0.030855652543207712	0.8908938313050776	0.5042714501081518	0.49572854989184817	0.08556343704659036	0.15613164184592757	0.17149252787940633	0.3951652814132294
0.030855387744609507	0.8913134704154427	0.5042714501081518	0.49572854989184817	0.08560029017047516	0.15619944109427858	0.1716748598108574	0.3955849205235946
0.030829115393595567	0.8913134704154427	0.5034411938211454	0.4965588061788547	0.08546939760975414	0.15598149372108394	0.17132304651349017	0.3947546642365882
0.03082813740124955	0.8917331095258078	0.5034411938211454	0.4965588061788547	0.08550619668437148	0.15604920139526346	0.17150539906917425	0.39517430334695325
0.03078154680952443	0.8917331095258078	0.5025453909851647	0.49745460901483535	0.08536536375687945	0.1558146355770641	0.1711262724016961	0.3942785005109726
0.030781473794445336	0.8921527486361729	0.5025453909851647	0.49745460901483535	0.0854021049248815	0.15588224511493198	0.17130864766310988	0.3946981396213376
0.030732039731621346	0.8921527486361729	0.501321855404313	0.49867814459568705	0.08521042084168337	0.15556287271796	0.17079157905512393	0.39347460404048595
0.030731980275656014	0.892572387746538	0.501321855404313	0.49867814459568705	0.08524708428519899	0.1556303504792566	0.1709739858813294	0.393894243150851
0.030729281148343696	0.892572387746538	0.5011252157573904	0.4988747842426096	0.08521634615384616	0.15557912445598507	0.1708909690661844	0.3936976035039286
0.030729262676185504	0.892992026856903	0.5011252157573904	0.4988747842426096	0.08525299467168783	0.1556465769455822	0.17107338177153142	0.3941172426142936
0.030570565653659773	0.892992026856903	0.4967772946754353	0.5032227053245647	0.08457869634340223	0.15452202011400357	0.16924338086125265	0.38976932153233834
0.030569707488696557	0.8934116659672682	0.4967772946754353	0.5032227053245647	0.08461507889193594	0.15458902120243972	0.16942591175974456	0.39018896064270336
0.03050238517438723	0.8934116659672682	0.49487644475518366	0.5051235552448163	0.08432351077313055	0.154102276428649	0.168629156455683	0.38828811072245184
0.030500730777520926	0.8938313050776332	0.49487644475518366	0.5051235552448163	0.08435977662481682	0.154169079328315	0.16881174327537168	0.38870774983281686
0.03042199728007512	0.8938313050776332	0.49264786209006095	0.507352137909939	0.08402035422665773	0.15360207687315208	0.1678801415443485	0.38647916716769415
0.0304218298710823	0.8942509441879983	0.49264786209006095	0.507352137909939	0.08405648469548753	0.15366864972056968	0.16806279666984056	0.3868988062780594
0.030379314673108546	0.8942509441879983	0.4915335707574996	0.5084664292425004	0.08388772979569342	0.15338659756712014	0.16759801283706924	0.3857845149454979
0.030379086757164265	0.8946705832983634	0.4915335707574996	0.5084664292425004	0.0839237915288931	0.15345305358620936	0.16778070386222418	0.38620415405586295
0.030372199641748837	0.8946705832983634	0.4912276868622867	0.5087723131377133	0.08387756707844835	0.15337577784971765	0.16765323940387472	0.3858982701606499
0.03037137574831143	0.8950902224087285	0.4912276868622867	0.5087723131377133	0.08391360793107518	0.15344219840299259	0.1678359412545236	0.38631790927101517
0.030354592082538514	0.8950902224087285	0.49072516332015115	0.5092748366798489	0.08383774860466944	0.15331536388140163	0.16762665719905043	0.3858153857288795
0.03035381739240868	0.8955098615190936	0.49072516332015115	0.5092748366798489	0.08387375702550799	0.15338172931790411	0.16780937625559117	0.38623502483924477
0.03032916632784909	0.8955098615190936	0.4900696978304092	0.5099303021695908	0.08377497742707965	0.15321654221711659	0.16753661535332495	0.38557955934950283
0.03032869437947407	0.8959295006294586	0.4900696978304092	0.5099303021695908	0.08381094449242364	0.15328283734788384	0.16771935677126007	0.38599919845986785
0.030281346483342592	0.8959295006294586	0.48864952260263494	0.511350477397365	0.0835976349896237	0.15292600816560417	0.16712918280620967	0.3845790232320936
0.030281311603808272	0.8963491397398238	0.48864952260263494	0.511350477397365	0.0836335160532498	0.15299215700318733	0.1673119722876497	0.3849986623424586
0.030240450439327465	0.8963491397398238	0.4873822893224672	0.5126177106775328	0.08344401906398938	0.1526750294842929	0.1667862709145165	0.3837314290622911
0.030240309240872232	0.8967687788501888	0.4873822893224672	0.5126177106775328	0.08347982343060276	0.15274104781645342	0.1669691045322206	0.3841510681726561
0.030214963056775263	0.8967687788501888	0.4865957307347768	0.5134042692652232	0.08336259020869904	0.15254479263330717	0.16664324476409953	0.3833645095849656
0.03021409200562109	0.8976080570709191	0.4865957307347768	0.5134042692652232	0.08343409915356712	0.1526766595289079	0.16700897010432383	0.38420378780569586
0.03020338140023478	0.8976080570709191	0.4862898468395639	0.5137101531604361	0.08338856184944057	0.15260041378326317	0.16688235267367713	0.38389790391048306
0.030203372110163256	0.8980276961812841	0.4862898468395639	0.5137101531604361	0.08342429440199595	0.15266630996968075	0.16706522794464984	0.3843175430208481
0.03018371746244877	0.8980276961812841	0.48563438134982195	0.514365618650178	0.0833268437037614	0.15250311776233744	0.1667940868918791	0.38366207753110615
0.03018351590577612	0.8984473352916492	0.48563438134982195	0.514365618650178	0.08336253552933848	0.1525689446305138	0.16697698655508014	0.38408171664147117
0.030121395916596277	0.8984473352916492	0.48386462452751866	0.5161353754724813	0.08310045024064586	0.152129889508651	0.16624604525287837	0.38231195981916777
0.030120352497818487	0.8988669744020142	0.48386462452751866	0.5161353754724813	0.08313603725984864	0.15219553787125195	0.16642900997819837	0.3827315989295328
0.029941481825992253	0.8988669744020142	0.478970482204112	0.521029517795888	0.08241948516680134	0.1509939376850416	0.16441585088824748	0.3778374566061262
0.029941428543274806	0.8992866135123794	0.478970482204112	0.521029517795888	0.08245479030396306	0.15105910548761145	0.16459900352797377	0.37825709571649124
0.029885304109752264	0.8992866135123794	0.47763770237496994	0.5223622976250301	0.08226171740048367	0.15073503552085532	0.1640528299828255	0.3769243158873494
0.029884786092963172	0.8997062526227444	0.47763770237496994	0.5223622976250301	0.08229694457239367	0.15080007033585371	0.16423603755365668	0.37734395499771445
0.029853479258183418	0.8997062526227444	0.4765671087417247	0.5234328912582753	0.08214244664955365	0.15054065440247155	0.1637979598432072	0.3762733613644691
0.029850322976743494	0.9001258917331095	0.4765671087417247	0.5234328912582753	0.0821776109110413	0.15060558188520273	0.16398121271168759	0.37669300047483434
0.02982760268125041	0.9001258917331095	0.47571500360506014	0.5242849963949399	0.08205500937225049	0.1503996634413126	0.16363295814282466	0.37584089533816956
0.029826203062844753	0.9005455308434747	0.47571500360506014	0.5242849963949399	0.08209012317343738	0.15046450482033305	0.16381624795108787	0.3762605344485348
0.029794998505588855	0.9005455308434747	0.47451331687386655	0.5254866831261334	0.08191777684467687	0.15017494751574528	0.16332574477344863	0.3750588477173413
0.029794984337903646	0.9009651699538397	0.47451331687386655	0.5254866831261334	0.08195282082601725	0.15023966971064692	0.1635090868665196	0.37547848682770635
0.029740509179890337	0.9009651699538397	0.47289650199916977	0.5271034980008302	0.08172198538367845	0.14985168382481243	0.16285025776932763	0.37386167195300946
0.029740338834352505	0.9013848090642048	0.47289650199916977	0.5271034980008302	0.08175693677920298	0.14991624790619765	0.16303367117590672	0.3742813110633745
0.029641463718703603	0.9013848090642048	0.46988136074635667	0.5301186392536433	0.08132974896823293	0.14919774953115233	0.16180835026989523	0.3712661698105615
0.02964069516982461	0.9018044481745698	0.46988136074635667	0.5301186392536433	0.08136453127366348	0.1492620246570585	0.16199189980779782	0.3716858089209265
0.029596082108207633	0.9018044481745698	0.4686796740151631	0.5313203259848369	0.08119545093890505	0.14897746967071057	0.16150473565746912	0.3704841221897328
0.029591233188075803	0.902224087284935	0.4686796740151631	0.5313203259848369	0.08123016472721777	0.14904162767321757	0.1616883422029761	0.37090376130009806
0.029588821344768076	0.902224087284935	0.46859227861653086	0.5314077213834691	0.08121789060139015	0.14902096690348293	0.1616529410499686	0.3708163659014658
0.029587736575671635	0.9026437263953	0.46859227861653086	0.5314077213834691	0.08125259698560798	0.1490851122816745	0.1618365534656785	0.37123600501183085
0.029508655696435057	0.9026437263953	0.466319998252092	0.533680001747908	0.08093464273620048	0.1485497237569061	0.16091740574747002	0.368963724647392
0.029507891447647924	0.9030633655056651	0.466319998252092	0.533680001747908	0.08096922266536233	0.14861365284347916	0.16110112720040973	0.36938336375775727
0.029332921770210102	0.9030633655056651	0.46101072778518215	0.5389892722148178	0.08023563625517319	0.14737707163402275	0.15896240278178525	0.3640740932908473
0.029332460472232605	0.9034830046160303	0.46101072778518215	0.5389892722148178	0.08026992767131459	0.14744050676254067	0.1591463897572504	0.3644937324012125
0.0293088621513065	0.9034830046160303	0.4602678668968079	0.5397321331031921	0.08016830503425677	0.14726905844933139	0.15884812480258173	0.36375087151283814
0.02930824024655687	0.9039026437263953	0.4602678668968079	0.5397321331031921	0.08020255426890568	0.14733242134062927	0.1590321521925818	0.36417051062320316
0.029262460486473237	0.9039026437263953	0.4588476916690336	0.5411523083309664	0.08000891464229998	0.1470056304384917	0.15846264423377443	0.3627503353954289
0.029262335974805653	0.9043222828367604	0.4588476916690336	0.5411523083309664	0.0800430858373881	0.1470688596191906	0.1586467480877497	0.3631699745057939
0.029259681485608563	0.9043222828367604	0.4587602962704014	0.5412397037295986	0.08003119545437665	0.1470487888092801	0.15861173294606218	0.3630825791071617
0.029258606515645148	0.9047419219471254	0.4587602962704014	0.5412397037295986	0.08006535947712418	0.14711200573163657	0.15879584353937576	0.3635022182175267
0.029234544545245277	0.9047419219471254	0.4580829819310014	0.5419170180689986	0.07997329277792203	0.1469565810101561	0.15852461732243942	0.3628249038781268
0.02923408307899564	0.9051615610574906	0.4580829819310014	0.5419170180689986	0.08000741839762611	0.14701973213372865	0.15870876605889664	0.36324454298849185
0.029093924027831338	0.9051615610574906	0.4538661539469947	0.5461338460530053	0.07943873605126506	0.1460590465872156	0.15702452614568918	0.35902771500448516
0.029093526332678796	0.9055812001678556	0.4538661539469947	0.5461338460530053	0.07947263754879576	0.14612181331888818	0.1572089082153526	0.3594473541148502
0.029065719979836608	0.9055812001678556	0.45286110686272363	0.5471388931372764	0.07933823529411765	0.14589460162931414	0.15680857283841923	0.35844230703057933
0.029065347309644874	0.9060008392782207	0.45286110686272363	0.5471388931372764	0.07937208190875336	0.1459572742022715	0.156993014047683	0.35886194614094435
0.029047137875894944	0.9060008392782207	0.45200900172605907	0.5479909982739409	0.07925844346549192	0.14576511494446884	0.15665395396912746	0.3580098410042798
0.02904635994442176	0.9064204783885859	0.45200900172605907	0.5479909982739409	0.07929224330971697	0.14582770726438024	0.15683844624836832	0.35842948011464504
0.029005819740386046	0.9064204783885859	0.45076361729554937	0.5492363827044506	0.07912667594695583	0.1455476567501095	0.15634346991778028	0.3571840956841352
0.02900520005091151	0.9068401174989509	0.45076361729554937	0.5492363827044506	0.07916040880618337	0.14561013408799947	0.15652803671155285	0.35760373479450025
0.028961100551881624	0.9068401174989509	0.44958377941401384	0.5504162205859862	0.07900413117391146	0.14534570890503093	0.1560597249008537	0.3564238969129647
0.028960731080678263	0.907259756609316	0.44958377941401384	0.5504162205859862	0.07903780068728522	0.14540807747923462	0.15624436344311401	0.35684353602332974
0.028960596685693382	0.907259756609316	0.4495400817146977	0.5504599182853023	0.07903202222547157	0.1453982985305491	0.15622703124593282	0.35679983832401385
0.028959374445908816	0.907679395719681	0.4495400817146977	0.5504599182853023	0.0790656870270863	0.14546065904505717	0.1564116747846341	0.3572194774343789
0.02893836015786108	0.907679395719681	0.44890646507461385	0.5510935349253862	0.07898196158621193	0.14531895596089892	0.1561604763081013	0.3565858607942949
0.0289372496256885	0.9080990348300462	0.44890646507461385	0.5510935349253862	0.07901559133895644	0.14538125629828685	0.15634515995910367	0.3570054999046599
0.028914926567011206	0.9080990348300462	0.44818545303589763	0.5518145469641024	0.07892049598832969	0.14522027983760025	0.156059539796621	0.3562844878659437
0.02891446757201621	0.9085186739404112	0.44818545303589763	0.5518145469641024	0.07895408628423471	0.145282512414441	0.15624426913200273	0.3567041269763087
0.028884598652773406	0.9085186739404112	0.4471585571019686	0.5528414428980314	0.07881898936944809	0.14505376704298015	0.15583787354064593	0.3556772310423799
0.02888422013729286	0.9089383130507763	0.4471585571019686	0.5528414428980314	0.07885252466416688	0.14511590513198447	0.1560226675712161	0.35609687015274494
0.02885641125761677	0.9089383130507763	0.4463719985142782	0.5536280014857218	0.0787493183057626	0.14494111349036404	0.155711698121699	0.35531031156505444
0.028856260577088802	0.9093579521611415	0.4463719985142782	0.5536280014857218	0.07878281102304951	0.14500317842684599	0.15589654282036294	0.3557299506754197
0.028847042760245595	0.9093579521611415	0.4461316611680395	0.5538683388319605	0.07875131736744558	0.14494983277591975	0.15580158465589963	0.35548961332918094
0.028844951092242287	0.9097775912715065	0.4461316611680395	0.5538683388319605	0.07878479540664292	0.14501187251262498	0.15598644668069064	0.35590925243954596
0.028751803622333066	0.9097775912715065	0.4432257641635168	0.5567742358364832	0.07840584427326318	0.14436971432376638	0.15484016400427333	0.35300335543502337
0.028751109548001624	0.9101972303818716	0.4432257641635168	0.5567742358364832	0.07843917257341242	0.1444314965873148	0.1550252108543174	0.3534229945453884
0.02872646297805075	0.9101972303818716	0.4421770193799296	0.5578229806200704	0.07830324909747292	0.14420104377887843	0.15461232846071718	0.3523742497618012
0.028726358504624825	0.9106168694922366	0.4421770193799296	0.5578229806200704	0.0783365221472149	0.14426273101981119	0.15479744516859098	0.35279388887216623
0.028632278168565117	0.9106168694922366	0.43907448272848437	0.5609255172715156	0.07793700391480803	0.14358499305233904	0.15357847187022836	0.349691352220721
0.028631492412056852	0.9110365086026018	0.43907448272848437	0.5609255172715156	0.07797011923574199	0.143646408839779	0.153763794685065	0.35011099133108603
0.028628428808859584	0.9110365086026018	0.4389433896305359	0.5610566103694641	0.07795332136445242	0.14361790096913968	0.15371237117879363	0.3499798982331377
0.02862777734931402	0.9114561477129669	0.4389433896305359	0.5610566103694641	0.07798642777638146	0.14367930144870014	0.15389770548977952	0.35039953734350293
0.02862170502826795	0.9114561477129669	0.4388122965325876	0.5611877034674124	0.07796963061349033	0.14365079365079364	0.1538462966577805	0.35026844424555437
0.028620914020581537	0.9118757868233319	0.4388122965325876	0.5611877034674124	0.07800272812118601	0.14371217883006515	0.15403164248630538	0.3506880833559194
0.02860699626021294	0.9118757868233319	0.43824422644147787	0.5617557735585221	0.07792999569645676	0.1435887269963987	0.15380897728282167	0.3501200132648097
0.02860595176030158	0.9122954259336971	0.43824422644147787	0.5617557735585221	0.07796306257844719	0.14365005946874587	0.15399436400241642	0.3505396523751749
0.028579321060181503	0.9122954259336971	0.4375013655531036	0.5624986344468964	0.07786811848561911	0.14348887862187315	0.1537034035621961	0.34979679148680054
0.028579307742202395	0.9127150650440621	0.4375013655531036	0.5624986344468964	0.07790114613180515	0.14355014355014356	0.15388884328758395	0.35021643059716556
0.028486508409742095	0.9127150650440621	0.4346828639472132	0.5653171360527868	0.0775428714036151	0.1429416403785489	0.15278679842193757	0.3473979289912754
0.028486141555034483	0.9131347041544272	0.4346828639472132	0.5653171360527868	0.07757575757575758	0.14300266158446423	0.15297243511667333	0.34781756810164044
0.028422069084582235	0.9131347041544272	0.43227949048482595	0.567720509515174	0.07727272727272727	0.14248764037586353	0.1520349609694128	0.34541419463925305
0.02842084010365349	0.9135543432647922	0.43227949048482595	0.567720509515174	0.07730549341287596	0.1425484546883185	0.15222077061883704	0.34583383374961807
0.028390438894012274	0.9135543432647922	0.43125259455089693	0.5687474054491031	0.07717668746454906	0.14232944330031708	0.15182086043027787	0.3448069378156893
0.028389946951261773	0.9139739823751574	0.43125259455089693	0.5687474054491031	0.07720940125491864	0.14239016736401675	0.15200674699720354	0.3452265769260543
0.02838663157238043	0.9139739823751574	0.43114335030260653	0.5688566496973935	0.07719571843765506	0.14236689871556035	0.15196423124381034	0.3451173326777639
0.028385831092167118	0.9143936214855225	0.43114335030260653	0.5688566496973935	0.07722842459684565	0.14242760964768938	0.15215012873437397	0.34553697178812914
0.028332502258453407	0.9143936214855225	0.42941729117961935	0.5705827088203806	0.07701279423199264	0.14206082732992145	0.1514790115191168	0.34381091266514185
0.028331940444317003	0.9148132605958875	0.42941729117961935	0.5705827088203806	0.07704541438416682	0.14212138992111611	0.15166503825113647	0.3442305517755069
0.028299714146376043	0.9148132605958875	0.4282374532980838	0.5717625467019162	0.07689865603724999	0.14187166471430432	0.15120692961187615	0.34305071389397135
0.028299657943016154	0.9152328997062527	0.4282374532980838	0.5717625467019162	0.07693121693121693	0.1419321250772785	0.15139304696437877	0.34347035300433637
0.028129581793773895	0.9152328997062527	0.4228626362821998	0.5771373637178002	0.07626940830885438	0.14080506149326963	0.149311930685552	0.3380955359884523
0.028128247848660238	0.9156525388166177	0.4228626362821998	0.5771373637178002	0.07630170996957723	0.1408650742414461	0.1494984628958354	0.33851517509881734
0.028075023267917984	0.9156525388166177	0.4210928794598965	0.5789071205401035	0.07608619847967082	0.14049773027268922	0.1488152421782924	0.33674541827651416
0.028074922293625553	0.9160721779269828	0.4210928794598965	0.5789071205401035	0.0761184141706475	0.14055759448844246	0.14900191793263362	0.3371650573868794
0.027991318120989084	0.9160721779269828	0.4184710175009285	0.5815289824990715	0.0758012430987187	0.1400166762876018	0.14799160547069137	0.3345431954279112
0.027990293832206897	0.9164918170373478	0.4184710175009285	0.5815289824990715	0.07583333333333334	0.1400763236378796	0.1481784967016788	0.33496283453827624
0.02794408117315082	0.9164918170373478	0.41674495837794145	0.5832550416220585	0.07562588732296825	0.13972234661889835	0.14751457089508974	0.3332367754152892
0.02794357223753402	0.916911456147713	0.41674495837794145	0.5832550416220585	0.0756578947368421	0.13978185075008798	0.14770160807143967	0.3336564145256544
0.027863069420535656	0.916911456147713	0.4140793987196574	0.5859206012803426	0.07533963174953451	0.13923848972439062	0.14667812994491689	0.33099085486737034
0.02786289573418547	0.9173310952580781	0.4140793987196574	0.5859206012803426	0.07537151329172845	0.13929777607850635	0.14686539518035502	0.3314104939777356
0.02785215527188925	0.9173310952580781	0.41377351482444447	0.5862264851755555	0.07533514836130545	0.13923566878980892	0.14674809510412343	0.33110461008252257
0.02784989311541768	0.9177507343684431	0.41377351482444447	0.5862264851755555	0.07536701357777931	0.13929492691315562	0.14693539006087067	0.3315242491928876
0.02772158673609451	0.9177507343684431	0.40968777993838623	0.5903122200616138	0.074884437596302	0.13847030517918196	0.14537129568146165	0.32743851430682946
0.027721124258169694	0.9181703734788083	0.40968777993838623	0.5903122200616138	0.07491611312743957	0.13852923486023616	0.14555895016082188	0.3278581534171945
0.02770061779994379	0.9181703734788083	0.4090760121479604	0.5909239878520396	0.07484435930765547	0.13840655343644243	0.14532517670265738	0.32724638562676867
0.027699120247351522	0.9190096516995384	0.4090760121479604	0.5909239878520396	0.07490764810507593	0.13852430500648344	0.14570060578345792	0.32808566384749893
0.027674849099626194	0.9190096516995384	0.4081583604623217	0.5918416395376783	0.07480019126989548	0.13834054515018476	0.14535028568782263	0.3271680121618601
0.027673699334998924	0.9194292908099034	0.4081583604623217	0.5918416395376783	0.0748317907032344	0.13839934306108267	0.1455380881300836	0.3275876512722251
0.02763177300223818	0.9194292908099034	0.4068474294828377	0.5931525705171623	0.07467875524046491	0.13813757014059644	0.14503811269415598	0.326276720292741
0.02763095122728503	0.9198489299202686	0.4068474294828377	0.5931525705171623	0.0747102931152011	0.13819626138763674	0.1452260376081346	0.32669635940310626
0.027619813222192646	0.9198489299202686	0.40641045248967644	0.5935895475103236	0.07465940054495913	0.13810918942759035	0.14505951305860917	0.3262593824099449
0.027619169194153786	0.9202685690306337	0.40641045248967644	0.5935895475103236	0.07469091652191683	0.13816784274193547	0.14524748169999283	0.32667902152031014
0.02757782858548109	0.9202685690306337	0.404924730712928	0.595075269287072	0.07451833225729722	0.13787250094304035	0.14468178251068115	0.3251932997435616
0.02757729482933234	0.9206882081409987	0.404924730712928	0.595075269287072	0.0745497791369351	0.13793103448275862	0.14486989174857767	0.3256129388539266
0.027490650063053484	0.9206882081409987	0.40214992680635364	0.5978500731936464	0.07422945495144974	0.13738259236067626	0.14381503641562002	0.32283813494735236
0.027489612057192605	0.9211078472513639	0.40214992680635364	0.5978500731936464	0.07426077542458895	0.1374409066716759	0.1440034096918349	0.3232577740577174
0.027487285528150635	0.9211078472513639	0.40204068255806336	0.5979593174419366	0.07424821567499916	0.1374193952294497	0.14396192725376644	0.3231485298094272
0.027487229043217404	0.9215274863617289	0.40204068255806336	0.5979593174419366	0.07427952915708294	0.137477697436379	0.14415031493364278	0.32356816891979223
0.027475150061682233	0.9215274863617289	0.40162555441456005	0.59837444558544	0.07423182233039245	0.1373959832321842	0.14399274634888104	0.32315304077628904
0.027472903922517448	0.921947125472094	0.40162555441456005	0.59837444558544	0.074263115197404	0.13745424969499798	0.14418117757396925	0.32357267988665406
0.027440174296054467	0.921947125472094	0.4007734492778955	0.5992265507221045	0.07416534449583094	0.1372867587327376	0.1438579533675724	0.3227205747499895
0.027440136906592097	0.922366764582459	0.4007734492778955	0.5992265507221045	0.07419659735349717	0.13734495579092074	0.14404647020201253	0.3231402138603545
0.02742972947994705	0.922366764582459	0.4003146234350762	0.5996853765649238	0.07414403778040142	0.13725490196078433	0.1438725395578448	0.3226813880175352
0.027428143883461455	0.9227864036928242	0.4003146234350762	0.5996853765649238	0.0741752681643392	0.13731306003933935	0.14406110465182853	0.32310102712790023
0.027414099077258367	0.9227864036928242	0.39981209989294064	0.6001879001070594	0.07411776601840304	0.13721452639460877	0.1438707128679255	0.3225985035857648
0.02741399316644075	0.9232060428031893	0.39981209989294064	0.6001879001070594	0.0741489720256151	0.1372726421863788	0.14405933065891421	0.32301814269612983
0.02740520884360963	0.9232060428031893	0.3993532740501212	0.6006467259498788	0.07409652756727628	0.13718276485626987	0.1438855893606866	0.3225593168533105
0.027404038222996165	0.9236256819135543	0.3993532740501212	0.6006467259498788	0.07412771116799138	0.13724084177708495	0.14407425583766068	0.32297895596367554
0.027385227420139446	0.9236256819135543	0.39867595971072123	0.6013240402892788	0.07405039868115601	0.13710832866130943	0.14381793372707372	0.32230164162427544
0.027385151442067966	0.9240453210239195	0.39867595971072123	0.6013240402892788	0.07408155026241421	0.13716635001713023	0.1440066704628957	0.3227212807346407
0.02732702237363609	0.9240453210239195	0.39633813279730823	0.6036618672026918	0.07381582917099662	0.1367107468802384	0.1431229629586873	0.3203834538212278
0.02732579473637603	0.9244649601342845	0.39633813279730823	0.6036618672026918	0.07384687583802628	0.13676858606239328	0.14331193501452028	0.3208030929315928
0.027321693028522064	0.9244649601342845	0.39616334200004366	0.6038366579999563	0.07382707774798927	0.13673463054340068	0.14324592924011645	0.32062830213432814
0.02732165017370176	0.9248845992446496	0.39616334200004366	0.6038366579999563	0.0738581146744412	0.13679245283018868	0.1434349230224637	0.3210479412446934
0.027308151845888348	0.9248845992446496	0.3957700627061985	0.6042299372938015	0.07381359054221508	0.13671608461013585	0.14328647373947853	0.32065466195084813
0.027307647052984736	0.9253042383550147	0.3957700627061985	0.6042299372938015	0.07384460817146685	0.13677387339887728	0.14347551119712812	0.32107430106121315
0.027204397917695244	0.9253042383550147	0.39196836286569514	0.6080316371343049	0.07341679429979357	0.13603973223925717	0.14204259123911667	0.3172726012207099
0.02720435705501201	0.9257238774653798	0.39196836286569514	0.6080316371343049	0.07344764441484934	0.1360972299339873	0.14223202064979845	0.3176922403310749
0.027135440552382734	0.9257238774653798	0.3897616290502305	0.6102383709497695	0.07320148659410672	0.13567452873704602	0.1414018707671548	0.31548550651561014
0.027135169481573185	0.9261435165757449	0.3897616290502305	0.6102383709497695	0.07323223943989117	0.13573185731857318	0.14159153523663137	0.3159051456259754
0.027131947340732408	0.9261435165757449	0.38963053595228214	0.6103694640477179	0.0732176624755333	0.13570681916005656	0.14154226399090644	0.31577405252802704
0.02713141943802329	0.9265631556861099	0.38963053595228214	0.6103694640477179	0.0732484076433121	0.13576413441141205	0.14173194680831994	0.31619369163839206
0.027114950055680962	0.9265631556861099	0.3890406170115144	0.6109593829884856	0.07318285771104703	0.1356515328377465	0.14151033079131015	0.3156037726976244
0.027114562874018613	0.926982794796475	0.3890406170115144	0.6109593829884856	0.073213575500464	0.13570880049147596	0.14170008058680014	0.31602341180798943
0.02700828097720771	0.926982794796475	0.3858069872621207	0.6141930127378793	0.07285620052770449	0.13509463963550744	0.14048684657966737	0.31278978205859564
0.027007712806544692	0.9274024339068401	0.3858069872621207	0.6141930127378793	0.07288677814056264	0.13515166340508805	0.14067694866257144	0.31320942116896067
0.026995202739567098	0.9274024339068401	0.38530446371998517	0.6146955362800148	0.07283153176904825	0.13505668102789745	0.14048863911806045	0.31270689762682524
0.026994684044776823	0.9278220730172052	0.38530446371998517	0.6146955362800148	0.07286208601087493	0.13511366414079687	0.1406788007358143	0.31312653673719026
0.026965164612771802	0.9278220730172052	0.3838842884922109	0.6161157115077891	0.0727063465965143	0.1348458512487421	0.14014703084485555	0.3117063615094162
0.026964588684588977	0.9282417121275703	0.3838842884922109	0.6161157115077891	0.07273683864391174	0.13490272610843446	0.14033735343893752	0.31212600061978124
0.026924615374997834	0.9282417121275703	0.382595206362385	0.617404793637615	0.07259599606170003	0.13466045718808023	0.13985513206420724	0.3108369184899553
0.026924442158476447	0.9286613512379354	0.382595206362385	0.617404793637615	0.07262643168914706	0.1347172338223656	0.14004560283110945	0.31125655760032034
0.026885665407499842	0.9286613512379354	0.38115318228495265	0.6188468177150473	0.07246946327406098	0.13444714459295262	0.13950668260608445	0.3098145335228879
0.02688468723891432	0.9290809903483005	0.38115318228495265	0.6188468177150473	0.07249983626956578	0.13450381215637436	0.13969732039153215	0.31023417263325315
0.02680552860300264	0.9290809903483005	0.3783783783783784	0.6216216216216216	0.07219957606391651	0.13398692810457516	0.13866163750944888	0.3074593687266789
0.02680464834055112	0.9295006294586655	0.3783783783783784	0.6216216216216216	0.07222983108328442	0.13404339011770403	0.13885259756670001	0.3078790078370439
0.026766199685482286	0.9295006294586655	0.37678341235333956	0.6232165876466604	0.07205829727707473	0.13374796207958456	0.1382580524833558	0.3062840418120052
0.026765150432360014	0.9299202685690307	0.37678341235333956	0.6232165876466604	0.07208848405985686	0.1338043051655949	0.13844920312836279	0.3067036809223702
0.026738061664148518	0.9299202685690307	0.3758876095173589	0.6241123904826411	0.07199246288294728	0.13363888553853576	0.1381155667132698	0.30580787808638954
0.026737037136673625	0.9303399076793957	0.3758876095173589	0.6241123904826411	0.07202261061659411	0.1336951605608322	0.13830682768526978	0.30622751719675456
0.026711106052841008	0.9303399076793957	0.37486071358342987	0.6251392864165701	0.07191280936780305	0.13350596170059015	0.13792464499018445	0.30520062126282554
0.026710589641912422	0.9307595467897608	0.37486071358342987	0.6251392864165701	0.07194291274732403	0.13356215939541746	0.13811603266879718	0.3056202603731908
0.02667859558236271	0.9307595467897608	0.37368087570189434	0.6263191242981057	0.07181712213443854	0.1333453572609493	0.13767727358812096	0.30444042249165504
0.026678121517673417	0.9311791859001259	0.37368087570189434	0.6263191242981057	0.07184717500404728	0.13340146687507515	0.13786880736254864	0.3048600616020203
0.02664040143424082	0.9311791859001259	0.3723480958727523	0.6276519041272477	0.07170555160602339	0.13315731045035856	0.1373735893319859	0.30352728177287824
0.0266401723351128	0.931598825010491	0.3723480958727523	0.6276519041272477	0.07173554787216854	0.1332133213321332	0.13756528911183877	0.30394692088324327
0.026631708458092315	0.931598825010491	0.3720422119775394	0.6279577880224606	0.07170311036465231	0.1331573896353167	0.13745170745653487	0.30364103698803024
0.02663128060757726	0.9320184641208561	0.3720422119775394	0.6279577880224606	0.07173309217750791	0.13321337531863847	0.13764344962081887	0.3040606760983955
0.026576224128351224	0.9320184641208561	0.3696388385151522	0.6303611614848478	0.07147914521112256	0.1327753698998655	0.13675179610178304	0.3016573026360083
0.026575181568890868	0.9324381032312211	0.3696388385151522	0.6303611614848478	0.07150902712966241	0.132831181252989	0.1369438385560335	0.30207694174637334
0.02657034218690178	0.9324381032312211	0.36942035001857154	0.6305796499814285	0.07148602129781553	0.13279148987031614	0.1368628476557472	0.30185845324979255
0.026570283760770984	0.9328577423415862	0.36942035001857154	0.6305796499814285	0.0715158924205379	0.13284728239758567	0.13705492255380694	0.3022780923601578
0.02656004348029013	0.9328577423415862	0.36904891957438446	0.6309510804256155	0.07147680138902286	0.13277983514514394	0.13691729975906858	0.3019066619159707
0.02655889131802838	0.9332773814519513	0.36904891957438446	0.6309510804256155	0.0715066555205453	0.1328355980289682	0.13710942619829794	0.30232630102633573
0.026544873385746025	0.9332773814519513	0.36848084948327475	0.6315191505167252	0.07144692881007453	0.13273253558533019	0.13689905297138358	0.301758230935226
0.026544510017131567	0.9336970205623164	0.36848084948327475	0.6315191505167252	0.07147675800700312	0.1327882549534495	0.1370912556937358	0.30217787004559105
0.026510109080229424	0.9336970205623164	0.3674539535493456	0.6325460464506544	0.07136900179625352	0.13260228254715575	0.13671120952131832	0.30115097411166203
0.02650969035473141	0.9341166596726815	0.3674539535493456	0.6325460464506544	0.07139878756775829	0.132657926102503	0.13690354663894164	0.3015706132220273
0.026306683146188184	0.9341166596726815	0.3600253446656033	0.6399746553343967	0.0706285496716058	0.13132743362831859	0.13415934893908402	0.29414200433828475
0.026306387954918492	0.9345362987830466	0.3600253446656033	0.6399746553343967	0.07065803667745416	0.1313825550868706	0.134352654984322	0.29456164344864977
0.026296292259141433	0.9345362987830466	0.3598724027179969	0.6401275972820031	0.07064234734337826	0.13135543234634894	0.13429624781098118	0.2944087015010435
0.02629525269517997	0.9349559378934117	0.3598724027179969	0.6401275972820031	0.07067182642897926	0.131410539974638	0.13448958003323766	0.2948283406114087
0.026238323617432557	0.9349559378934117	0.3576875177521903	0.6423124822478097	0.0704483652690824	0.13102414066864654	0.13368434175658736	0.2926434556456021
0.026237629259625264	0.9353755770037767	0.3576875177521903	0.6423124822478097	0.07047775634742467	0.1310790943840047	0.13387797388811593	0.29306309475596715
0.026208092112082342	0.9353755770037767	0.35663877296860325	0.6433612270313968	0.07037095501183899	0.13089435668565388	0.13349178618537344	0.29201434997237996
0.02620803059315858	0.9357952161141418	0.35663877296860325	0.6433612270313968	0.07040030306856926	0.13094923515076778	0.1336855671113152	0.292433989082745
0.026203974647181657	0.9357952161141418	0.3564421333216806	0.6435578666783194	0.07038030613855137	0.13091464130562405	0.1336131967383363	0.2922373494358226
0.02620359203529134	0.9362148552245069	0.3564421333216806	0.6435578666783194	0.07040964463801047	0.1309695030673046	0.13380701052070323	0.2926569885461876
0.026168123403736535	0.9362148552245069	0.3547379230483515	0.6452620769516485	0.070236746001763	0.13067033707207076	0.13318020231010055	0.2909527782728585
0.026167861041454323	0.936634494334872	0.3547379230483515	0.6452620769516485	0.07026601605540689	0.13072507906758815	0.13337425711524	0.2913724173832235
0.02615165926216669	0.936634494334872	0.35414800410758374	0.6458519958924163	0.07020634121791645	0.13062179956108266	0.13315743543791017	0.29078249844245585
0.026151574231865	0.9370541334452371	0.35414800410758374	0.6458519958924163	0.07023558644984745	0.13067649812734083	0.1333515783479548	0.29120213755282087
0.02613062841805767	0.9370541334452371	0.3536454805654482	0.6463545194345518	0.070184812672869	0.13058861370215502	0.13316697570089603	0.29069961401068545
0.026130267658909856	0.9374737725556022	0.3536454805654482	0.6463545194345518	0.07021403652135651	0.13064327485380117	0.13336119488584214	0.29111925312105047
0.026101681395238833	0.9374737725556022	0.3525530380825449	0.6474469619174551	0.07010386920638906	0.13045255474452555	0.13296012298874416	0.29002681063814695
0.0261016173411017	0.9378934116659673	0.3525530380825449	0.6474469619174551	0.07013304882640893	0.13050713847770867	0.13315450185506178	0.2904464497485122
0.026060693393469826	0.9378934116659673	0.35071773471126744	0.6492822652887326	0.06994867300951427	0.13018785495849716	0.13248121482364583	0.28861114637723473
0.026060403586342956	0.9383130507763323	0.35071773471126744	0.6492822652887326	0.06997777986417551	0.13024231127679403	0.13267586072598261	0.28903078548759975
0.026028922912112593	0.9383130507763323	0.3494286525814416	0.6505713474185584	0.06984880669748844	0.13001889809565345	0.13220332373050275	0.2877417033577738
0.02602889692839346	0.9387326898866974	0.3494286525814416	0.6505713474185584	0.06987786211851435	0.130073264333062	0.1323981612522754	0.28816134246813907
0.02600617286023142	0.9387326898866974	0.34853284974546095	0.651467150254539	0.06978848193673176	0.12991840171908123	0.13207000258991733	0.2872655396321584
0.026005589144851224	0.9391523289970626	0.34853284974546095	0.651467150254539	0.0698175011698643	0.12997270457053256	0.13226497629351236	0.28768517874252364
0.025983908760993893	0.9391523289970626	0.3477681400074286	0.6522318599925714	0.06974135244624494	0.12984074493081543	0.13198500577440575	0.2869204690044911
0.025983849126850544	0.9395719681074276	0.3477681400074286	0.6522318599925714	0.069770340593936	0.1298949933283054	0.13218009739692507	0.2873401081148561
0.025957059272844984	0.9395719681074276	0.34645720902794463	0.6535427909720554	0.06964013561008989	0.12966931140325477	0.13170045167458025	0.28602917713537224
0.025957016946211692	0.9399916072177927	0.34645720902794463	0.6535427909720554	0.06966907190843494	0.129723468944549	0.13189574247076388	0.28644881624573726
0.025939717400784063	0.9399916072177927	0.34571434813957047	0.6542856518604295	0.06959547629404089	0.1295958807023634	0.13162411378949398	0.2857059553573631
0.025939663238965713	0.9404112463281578	0.34571434813957047	0.6542856518604295	0.06962438251467984	0.12964998553659243	0.1318195211169065	0.2861255944677281
0.025928840135053977	0.9404112463281578	0.3453429176953834	0.6546570823046166	0.06958762886597938	0.12958626073380172	0.13168377808613385	0.28575416402354126
0.02592832346032975	0.9408308854385229	0.3453429176953834	0.6546570823046166	0.0696165191740413	0.12964033768937203	0.13187924716623958	0.2861738031339063
0.025868758675108985	0.9408308854385229	0.34333282352684136	0.6566671764731586	0.06941821221785305	0.1292964244521338	0.13114511876008544	0.28416370896536414
0.025868283295441163	0.9412505245488879	0.34333282352684136	0.6566671764731586	0.06944702458356554	0.1293503647530348	0.13134089623204154	0.28458334807572916
0.0258672976099578	0.9412505245488879	0.3433109746771833	0.6566890253228167	0.06944487445431748	0.12934663514214867	0.13133292150276385	0.2845614992260712
0.02586725207276906	0.941670163659253	0.3433109746771833	0.6566890253228167	0.06947368421052631	0.12940057088487156	0.13152870885911402	0.28498113833643623
0.025841341540196187	0.941670163659253	0.34221853219428	0.65778146780572	0.0693663060278207	0.12921429188379926	0.13113018125481699	0.28388869585353316
0.025841173342481195	0.9420898027696182	0.34221853219428	0.65778146780572	0.0693950727952768	0.12926815224275925	0.13132614124523997	0.2843083349638982
0.025809447151768194	0.9420898027696182	0.34079835696650573	0.6592016430334943	0.06925592300098717	0.12902669616943016	0.13080839537184286	0.2828881597361239
0.025808625962929863	0.9425094418799832	0.34079835696650573	0.6592016430334943	0.06928463460529968	0.12908045977011495	0.13100457989063097	0.28330779884648893
0.02579792420599648	0.9425094418799832	0.34012104262710563	0.6598789573728944	0.06921844181459566	0.12896557664149752	0.1307578063580201	0.28263048450708883
0.025795688146442425	0.9429290809903483	0.34012104262710563	0.6598789573728944	0.06924712625966901	0.1290192926045016	0.13095410231913043	0.28305012361745385
0.025728324103322348	0.9429290809903483	0.33763027376608623	0.6623697262339138	0.06900469858428278	0.12859840897384536	0.13004724430510617	0.2805593547564347
0.025727995842645773	0.9433487201007134	0.33763027376608623	0.6623697262339138	0.0690332882938214	0.12865195868028728	0.13024393667475828	0.2809789938667997
0.025710422811284387	0.9433487201007134	0.3368655640280539	0.6631344359719461	0.06895917052670328	0.1285232405236979	0.1299657083144837	0.28021428412876714
0.02571016396802689	0.9437683592110785	0.3368655640280539	0.6631344359719461	0.06898773006134969	0.12857673727238944	0.1301625286239457	0.2806339232391324
0.025678143648209067	0.9437683592110785	0.3358386680941249	0.6641613319058751	0.0688884124115539	0.12840422495004283	0.12978912075796437	0.27960702730520337
0.025677961545230082	0.9441879983214435	0.3358386680941249	0.6641613319058751	0.06891693212447929	0.12845765179412522	0.12998611165073098	0.2800266664155684
0.02554604647878628	0.9441879983214435	0.3301142694837117	0.6698857305162883	0.06836827711941659	0.12750403762785822	0.1279063810798927	0.2743022678051552
0.025545531155470577	0.9446076374318086	0.3301142694837117	0.6698857305162883	0.06839658472851022	0.12755709185697287	0.12810431383560064	0.27472190691552045
0.02543776256813914	0.9446076374318086	0.3254823133562018	0.6745176866437982	0.06795882015517918	0.12679547118796822	0.12642305599840395	0.27008995078801057
0.025437468267891335	0.9450272765421738	0.3254823133562018	0.6745176866437982	0.06798695809684821	0.1268482271101473	0.12662178100835816	0.2705095898983756
0.025428566390358103	0.9450272765421738	0.3251764294609889	0.6748235705390111	0.06795823525861548	0.12679823203175586	0.1265108232310675	0.27020370600316257
0.02542760661190645	0.9454469156525388	0.3251764294609889	0.6748235705390111	0.06798636048160778	0.12685096559878387	0.12670960852749766	0.2706233451135276
0.025422567183149558	0.9454469156525388	0.3250234875133824	0.6749765124866176	0.06797200265492065	0.12682597314869543	0.1266541566252846	0.2704704031659211
0.02542241024675589	0.9458665547629039	0.3250234875133824	0.6749765124866176	0.06800012067457085	0.1268786940613566	0.12685297589509403	0.2708900422762863
0.025309551299878108	0.9458665547629039	0.3202822871375822	0.6797177128624178	0.06755784678096151	0.1261084846280807	0.12513492468656195	0.26614884190048604
0.025308451511758475	0.9467058329836341	0.3202822871375822	0.6797177128624178	0.0676137385362345	0.12621332065232593	0.12553425421519834	0.2669881201212163
0.02521368054562627	0.9467058329836341	0.31663352924468524	0.6833664707553148	0.06727701070587183	0.1256264617440695	0.12421340725601375	0.26333936222831933
0.02521359379824395	0.9471254720939991	0.31663352924468524	0.6833664707553148	0.06730482495377825	0.12567864799398615	0.12441374527990152	0.26375900133868435
0.025212919542810974	0.9471254720939991	0.3165898315453691	0.6834101684546309	0.0673008110687023	0.12567165010161752	0.12439793421180284	0.26371530363936824
0.02521241541407353	0.9475451112043642	0.3165898315453691	0.6834101684546309	0.0673286221188538	0.1257238307349666	0.12459828829521924	0.26413494274973326
0.02518910296682265	0.9475451112043642	0.3153007494155433	0.6846992505844567	0.06721038218835576	0.12551766308124185	0.12413208932693995	0.26284586061990756
0.025188826190694968	0.9479647503147294	0.3153007494155433	0.6846992505844567	0.0672381462630592	0.1255697609783213	0.12433268947796534	0.2632654997302728
0.025168722840735475	0.9479647503147294	0.31418645808298196	0.685813541917018	0.06713623395149786	0.12539202353528905	0.12392989272329118	0.26215120839771133
0.025168415354775014	0.9483843894250944	0.31418645808298196	0.685813541917018	0.06716395732414039	0.12544404973357015	0.12413070855722315	0.26257084750807635
0.025167630050076578	0.9483843894250944	0.31407721383469156	0.6859227861653084	0.06715397872466869	0.1254266448372506	0.12409123805449289	0.26246160325978596
0.02516757052410921	0.9488040285354595	0.31407721383469156	0.6859227861653084	0.0671816966275442	0.125478661412953	0.12429208251348242	0.2628812423701512
0.025165814947180384	0.9488040285354595	0.31398981843605933	0.6860101815639407	0.06717371282569298	0.12546473558626048	0.12426052233816909	0.262793846971519
0.02516557998183068	0.9492236676458246	0.31398981843605933	0.6860101815639407	0.06720142602495544	0.12551674388924342	0.12446139135833899	0.263213486081884
0.02514315866171443	0.9492236676458246	0.313225108698027	0.686774891301973	0.0671316219023594	0.1253949775486446	0.12418537823289112	0.26244877634385144
0.02514286464423517	0.9496433067561897	0.313225108698027	0.686774891301973	0.06715930674264008	0.12544693589068434	0.12438639917946702	0.2628684154542167
0.025136788426205505	0.9496433067561897	0.3128536782538399	0.6871463217461601	0.06712544122445348	0.12538785460992907	0.12425240228253899	0.2624969850100296
0.025136561081441005	0.9500629458665547	0.3128536782538399	0.6871463217461601	0.06715311146704633	0.12543978723993685	0.12445350158660337	0.2629166241203946
0.02497989862896688	0.9500629458665547	0.30597129061154926	0.6940287093884507	0.06653148784859972	0.12435460837086675	0.12197131397094989	0.25603423647810386
0.02497968579571333	0.9504825849769198	0.30597129061154926	0.6940287093884507	0.06655891860123421	0.12440611869387307	0.12217375483534539	0.2564538755884691
0.02495534091833818	0.9504825849769198	0.30505363892591053	0.6949463610740895	0.06647687250528293	0.1242627897407763	0.1218428544943059	0.25553622390283026
0.024954929384587377	0.950902224087285	0.30505363892591053	0.6949463610740895	0.06650427024330115	0.12431424182576256	0.12204548681059971	0.2559558630131955
0.02493399796037932	0.950902224087285	0.3041796849395879	0.6958203150604121	0.06642628909799783	0.12417799210872424	0.1217304836299729	0.255081909026873
0.024932859430963853	0.95132186319765	0.3041796849395879	0.6958203150604121	0.06645365539074867	0.12422938871688084	0.12193329991195151	0.255501548137238
0.024895878433221066	0.95132186319765	0.3027376608621556	0.6972623391378444	0.0663253364540667	0.12400514181002653	0.12141375629768619	0.2540595240598056
0.0248958662399288	0.9517415023080151	0.3027376608621556	0.6972623391378444	0.06635265205816096	0.12405644896619626	0.12161687295116058	0.2544791631701706
0.024866127026599225	0.9517415023080151	0.30140488103301366	0.6985951189669863	0.06623444892237602	0.12384982935153584	0.12113686601103374	0.2531463833410288
0.02486565447548995	0.9521611414183802	0.30140488103301366	0.6985951189669863	0.06626171772333031	0.12390105389613935	0.12134026377487624	0.2535660224513938
0.024837502414734786	0.9521611414183802	0.3003342873997684	0.6996657126002316	0.06616703604339204	0.12373551465576005	0.12095483417800129	0.2524954288181487
0.024836207721490363	0.9525807805287453	0.3003342873997684	0.6996657126002316	0.06619426705158488	0.12378667248336787	0.12115846152102645	0.2529150679285137
0.024799311676335627	0.9525807805287453	0.2989796587209683	0.7010203412790317	0.06607480716052977	0.1235777668898688	0.12067096028633646	0.2515604392497135
0.024798092951153813	0.9530004196391104	0.2989796587209683	0.7010203412790317	0.06610199091861683	0.12362884128582705	0.12087487828892717	0.25198007836007874
0.02479281849930226	0.9530004196391104	0.29880486792370387	0.7011951320762961	0.06608660225817717	0.12360192668789288	0.12081200332266744	0.2518052875628143
0.0247925734101823	0.9534200587494754	0.29880486792370387	0.7011951320762961	0.06611377855376109	0.1236529879177098	0.12101596702540586	0.2522249266731793
0.0247848403812522	0.9534200587494754	0.29854268172780707	0.7014573182721929	0.06609070017744423	0.1236126224156692	0.12092170594287031	0.2519627404772824
0.02478420801683523	0.9538396978598406	0.29854268172780707	0.7014573182721929	0.06611786607714236	0.12366366529746198	0.1211257337327953	0.25238237958764764
0.02477357631532373	0.9538396978598406	0.29804015818567153	0.7019598418143285	0.06607366064939972	0.1235863418877773	0.12094516039110172	0.251879856045512
0.02477347543870056	0.9542593369702056	0.29804015818567153	0.7019598418143285	0.06610080809255275	0.12363735218159576	0.12114930294513758	0.252299495155877
0.02472635292210822	0.9542593369702056	0.2960737617164456	0.7039262382835544	0.06592833120723646	0.12333559322033898	0.12044297377430266	0.2503330986866512
0.02472565189115138	0.9546789760805707	0.2960737617164456	0.7039262382835544	0.06595541124286088	0.12338648443432043	0.12064754241703715	0.25075273779701623
0.024701430893734413	0.9546789760805707	0.2949813192335423	0.7050186807664577	0.0658599426801378	0.1232194117965661	0.12025525943093307	0.24966029531411316
0.024701199641759552	0.9550986151909358	0.2949813192335423	0.7050186807664577	0.0658869847151459	0.12327023587077206	0.12046007161252323	0.2500799344244782
0.02468488971508434	0.9550986151909358	0.2941510629465358	0.7058489370534642	0.06581458562257822	0.12314351413499255	0.12016205919020433	0.24924967813747156
0.024683945770166027	0.9555182543013009	0.2941510629465358	0.7058489370534642	0.0658415984732383	0.12319428664177894	0.12036706005447709	0.2496693172478368
0.02453706436269307	0.9555182543013009	0.2876182568987743	0.7123817431012257	0.06527722034287024	0.12220582315845968	0.11802167211348252	0.24313651120007518
0.02453667669899953	0.955937893411666	0.2876182568987743	0.7123817431012257	0.06530401628300318	0.12225621209681747	0.11822813066510472	0.24355615031044042
0.024514379330645045	0.955937893411666	0.2869846402586904	0.7130153597413096	0.06524977085242896	0.12216114760691782	0.1180005898334294	0.24292253367035643
0.024514131976594866	0.956357532522031	0.2869846402586904	0.7130153597413096	0.06527654455360467	0.12221149721149721	0.11820720245311296	0.24334217278072146
0.024426030264851063	0.956357532522031	0.2833140335161354	0.7166859664838646	0.06496394059462388	0.12166346359171472	0.11688905753888279	0.23967156603816653
0.024424716171640378	0.9567771716323962	0.2833140335161354	0.7166859664838646	0.06499059346673508	0.12171359935940211	0.11709652816029016	0.24009120514853155
0.024418351565717613	0.9567771716323962	0.28300814962092247	0.7169918503790775	0.06496466833827216	0.12166813415512687	0.11698668785504557	0.23978532125331853
0.02441752756367245	0.9571968107427612	0.28300814962092247	0.7169918503790775	0.06499130979855829	0.12171824973319104	0.11719424045369307	0.24020496036368355
0.024352506297902338	0.9571968107427612	0.2803425899626385	0.7196574100373615	0.0647661773474545	0.12132333386521993	0.11623722691584933	0.2375394007053997
0.024350936016024838	0.9576164498531263	0.2803425899626385	0.7196574100373615	0.06479273140261216	0.12137329468393479	0.11644542145481741	0.23795903981576494
0.024350902286130446	0.9576164498531263	0.28032074111298044	0.7196792588870196	0.06479089179750717	0.12137006701414743	0.11643757878096646	0.23793719096610677
0.02434987088259151	0.9580360889634914	0.28032074111298044	0.7196792588870196	0.06481744364317756	0.12142002393298763	0.11664578906229986	0.2383568300764718
0.02426233072154127	0.9580360889634914	0.27651904127247695	0.723480958727523	0.06449881342524579	0.12086079568013976	0.1152811554950809	0.2345551302359683
0.024261263719907805	0.9584557280738565	0.27651904127247695	0.723480958727523	0.06452524225216827	0.12091053467443091	0.11549029896533711	0.23497476934633355
0.024239269362861856	0.9584557280738565	0.2756232384364963	0.7243767615635037	0.06445058976240194	0.12077946114592422	0.11516868786746576	0.23407896651035287
0.024239254998530652	0.9588753671842216	0.2756232384364963	0.7243767615635037	0.0644769886283473	0.12082914705726826	0.11537806332187357	0.2344986056207179
0.024220091811349122	0.9588753671842216	0.2747711332998317	0.7252288667001683	0.0644061108292463	0.1207046829190988	0.1150722480526901	0.23364650048405333
0.02422001798684853	0.9592950062945866	0.2747711332998317	0.7252288667001683	0.06443248118605373	0.12075431831387672	0.11528184616962144	0.23406613959441835
0.024204898347940308	0.9592950062945866	0.274203063208722	0.725796936791278	0.06438529784537389	0.1206714527027027	0.11507805407801501	0.23349806950330865
0.024204839200237898	0.9597146454049518	0.274203063208722	0.725796936791278	0.064411648735425	0.12072105360394837	0.11528780510629334	0.2339177086136739
0.02416573051381581	0.9597146454049518	0.27221481788983815	0.7277851821101619	0.06424698710565498	0.12043180621379673	0.11457466555361291	0.23192946329478992
0.02416565973513048	0.9601342845153168	0.27221481788983815	0.7277851821101619	0.06427327377942581	0.12048129327821806	0.11478492917380957	0.23234910240515494
0.024151950757411514	0.9601342845153168	0.2716030500994122	0.7283969499005878	0.06422275865940605	0.12039253860927675	0.11456553962773258	0.23173733461472912
0.02415147438129174	0.9605539236256819	0.2716030500994122	0.7283969499005878	0.0642490246161619	0.12044198895027625	0.11477597025861407	0.23215697372509414
0.02413958681978633	0.9605539236256819	0.2709912823089864	0.7290087176910136	0.06419856962557846	0.12035333087964667	0.11455668065604463	0.23154520593466832
0.024139493037695	0.960973562736047	0.2709912823089864	0.7290087176910136	0.0642248148979134	0.12040274455164436	0.11476727909130688	0.23196484504503334
0.024128663902289283	0.960973562736047	0.2705324564661671	0.7294675435338329	0.06418701123973428	0.12033631108775618	0.11460289246237404	0.23150601920221403
0.024128559889317225	0.9613932018464121	0.2705324564661671	0.7294675435338329	0.06421324065250295	0.12038569664485957	0.11481362010483348	0.23192565831257905
0.02409939505345964	0.9613932018464121	0.26909043238873476	0.7309095676112652	0.06409467323187108	0.12017730217431216	0.11429713861204345	0.23048363423514684
0.024098443353682966	0.9618128409567772	0.26909043238873476	0.7309095676112652	0.06412085606378515	0.12022660511959715	0.11450825087819552	0.23090327334551208
0.02396440785420835	0.9618128409567772	0.26297275448447643	0.7370272455155236	0.06362248438584317	0.11935013538846073	0.11231493939891005	0.22478559544125365
0.023964243436761425	0.9622324800671422	0.26297275448447643	0.7370272455155236	0.06364847610059401	0.11939909916946549	0.11252769152768519	0.22520523455161867
0.023958726786138997	0.9622324800671422	0.2626887194389216	0.7373112805610784	0.06362551680124309	0.1193587007443652	0.11242577743863415	0.22492119950606382
0.023958206353959552	0.9626521191775074	0.2626887194389216	0.7373112805610784	0.06365149833518313	0.11940764646175468	0.11263861895733568	0.22534083861642884
0.023955016059181756	0.9626521191775074	0.2624046843933667	0.7375953156066333	0.06362854686156492	0.1193672598605474	0.11253676761026443	0.2250568035708742
0.023953812810150733	0.9630717582878724	0.2624046843933667	0.7375953156066333	0.063654518222666	0.11941618752764263	0.1127496987336074	0.22547644268123923
0.023917968298212283	0.9630717582878724	0.2610063580152505	0.7389936419847495	0.06354172434797054	0.1192176826575933	0.11224844350815512	0.2240781163031229
0.023917382729689435	0.9634913973982375	0.2610063580152505	0.7389936419847495	0.06356765137462278	0.1192665316087476	0.11246177116125308	0.22449775541348815
0.023911494164488022	0.9634913973982375	0.2607004741200376	0.7392995258799624	0.06354302161459054	0.11922317997715236	0.1123521576861283	0.22419187151827513
0.02391034963546963	0.9639110365086025	0.2607004741200376	0.7392995258799624	0.06356893784247523	0.1192720097619233	0.1125655821687423	0.22461151062864015
0.023863806588735936	0.9639110365086025	0.2588214730494439	0.7411785269505561	0.06341800110436223	0.11900629484755071	0.11189237651037547	0.22273250955804658
0.023863140317599934	0.9643306756189677	0.2588214730494439	0.7411785269505561	0.06344385853510394	0.11905502020516008	0.11210633762173183	0.2231521486684116
0.023801517447532936	0.9643306756189677	0.25615591339115995	0.74384408660884	0.06323088352640123	0.11867995661829261	0.11115089486969977	0.22048658901012752
0.023799888972339773	0.9647503147293328	0.25615591339115995	0.74384408660884	0.06325665859564164	0.11872853564696464	0.11136562512150162	0.22090622812049276
0.023794993944016185	0.9647503147293328	0.2558063317966309	0.7441936682033691	0.06322882288228823	0.11867950339416153	0.11124031509662999	0.22055664652596363
0.023794771051898807	0.9651699538396978	0.2558063317966309	0.7441936682033691	0.06325458595748192	0.11872806111914103	0.11145515836673758	0.22097628563632865
0.023774016889073598	0.9651699538396978	0.2548886801109922	0.7451113198890078	0.06318160591160069	0.11859949466302273	0.11112636432831163	0.22005863395069003
0.023773716433979325	0.965589592950063	0.2548886801109922	0.7451113198890078	0.06320733985276343	0.11864800061876402	0.11134148511471012	0.22047827306105505
0.02369388847753823	0.965589592950063	0.25106513142083065	0.7489348685791694	0.06290494546051013	0.11811508649453313	0.10997070415346848	0.21665472437089361
0.023693750206992447	0.966009232060428	0.25106513142083065	0.7489348685791694	0.06293056314926189	0.11816338577624927	0.11018696124823729	0.21707436348125864
0.023687318652022216	0.966009232060428	0.25075924752561773	0.7492407524743823	0.0629064874023064	0.11812094312030172	0.11007725159140869	0.21676847958604561
0.023687307397383672	0.9664288711707931	0.25075924752561773	0.7492407524743823	0.06293209454843558	0.11816922366463133	0.11029361312356831	0.21718811869641086
0.023633670777523597	0.9664288711707931	0.24820293211562416	0.7517970678843758	0.06273153192416649	0.11781557743957027	0.10937668910009887	0.21463180328641718
0.023633542955360406	0.9668485102811583	0.24820293211562416	0.7517970678843758	0.06275706153133767	0.11786372007366483	0.10959383532504818	0.21505144239678242
0.023594235322422507	0.9668485102811583	0.24638947759400465	0.7536105224059954	0.06261550168496575	0.11761402792312207	0.10894299534254302	0.2132379878751629
0.023593690185080878	0.9672681493915233	0.24638947759400465	0.7536105224059954	0.06264097616653531	0.11766207248596222	0.10916071154735955	0.21365762698552793
0.023532812044796996	0.9672681493915233	0.24357097598811428	0.7564290240118857	0.06242214158045822	0.11727594189625785	0.10814844699362598	0.21083912537963756
0.023532472106002452	0.9676877885018884	0.24357097598811428	0.7564290240118857	0.06244753161643242	0.11732383617400152	0.10836705736369405	0.2112587644900028
0.023466702678982626	0.9676877885018884	0.24079617208153992	0.7592038279184601	0.06223349705834728	0.1169460151634252	0.10736938683810829	0.20848396058342833
0.02346530604889877	0.9681074276122534	0.24079617208153992	0.7592038279184601	0.06225880447982728	0.11699376236117451	0.107588896895396	0.20890359969379335
0.023397425117468954	0.9681074276122534	0.23791212392667527	0.7620878760733247	0.06203780891171646	0.11660348749052313	0.10655069346763209	0.2060195515389287
0.023396300508156	0.9685270667226186	0.23791212392667527	0.7620878760733247	0.06206303108529633	0.11665108286371333	0.10677115879584674	0.20643919064929372
0.023380814985484	0.9685270667226186	0.237169263038301	0.762830736961699	0.06200634033636022	0.11655094053781088	0.10650361334022444	0.20569632976091956
0.023379978433322558	0.9689467058329836	0.237169263038301	0.762830736961699	0.06203153963947022	0.11659849517749836	0.10672433908327392	0.20611596887128458
0.02325473608576831	0.9689467058329836	0.2319692368196814	0.7680307631803186	0.061637436267051066	0.1159020178696918	0.10484875655498486	0.200915942652665
0.02325392850988677	0.9693663449433487	0.2319692368196814	0.7680307631803186	0.061662484651113125	0.11594930355126114	0.10507125862332165	0.20133558176303
0.023216257188783538	0.9693663449433487	0.23024317769669422	0.7697568223033058	0.06153272422151781	0.11571986774872257	0.10444746727133461	0.19960952264004295
0.02321580560545017	0.9697859840537139	0.23024317769669422	0.7697568223033058	0.0615577220180065	0.11576706324358171	0.1046705854685435	0.20002916175040797
0.023112370107541736	0.9697859840537139	0.2257860123664489	0.7742139876335511	0.06122503046680443	0.11517854917889805	0.10305688790383753	0.19557199642016276
0.023112002846318914	0.9702056231640789	0.2257860123664489	0.7742139876335511	0.061249900654356634	0.11522551706952405	0.10328161189428539	0.19599163553052779
0.02308442876653949	0.9702056231640789	0.22401625554414561	0.7759837444558544	0.06111874801734165	0.11499340976349755	0.1026396578487284	0.1942218787082246
0.023083941393819012	0.970625262274444	0.22401625554414561	0.7759837444558544	0.06114356710460229	0.11504028648164727	0.10286504524207524	0.19464151781858963
0.023063118262329593	0.970625262274444	0.22305490615919077	0.7769450938408092	0.061072531882871706	0.11491454689984101	0.10251622372233042	0.19368016843363467
0.023062504109871373	0.971044901384809	0.22305490615919077	0.7769450938408092	0.061097322701589483	0.11496137317733562	0.10274198300237951	0.1940998075439997
0.023061657460023265	0.971044901384809	0.2229893596102165	0.7770106403897835	0.06109248356522428	0.11495280675608545	0.1027182121362424	0.1940342609950254
0.023061622018108883	0.9714645404951742	0.2229893596102165	0.7770106403897835	0.06111727123924177	0.11499962743101265	0.10294401216922566	0.19445390010539065
0.022999484100234127	0.9714645404951742	0.22017085800432612	0.7798291419956739	0.060909832399294865	0.11463233473632087	0.10192146231137006	0.1916353984995003
0.02299907766422693	0.9718841796055392	0.22017085800432612	0.7798291419956739	0.06093454009682172	0.11467901265133322	0.10214833856425007	0.1920550376098653
0.022994919175684126	0.9718841796055392	0.21995236950774544	0.7800476304922546	0.06091851228365511	0.11465062745971634	0.10206903370891965	0.19183654911328452
0.022992478614879155	0.9723038187159043	0.21995236950774544	0.7800476304922546	0.0609432126042242	0.11469729221325677	0.10229600994796283	0.19225618822364976
0.02297334241145768	0.9723038187159043	0.2188817758745002	0.7811182241254998	0.06086476830934118	0.11455835455242144	0.10190757101995962	0.1911855945904044
0.02297279730659324	0.9727234578262695	0.2188817758745002	0.7811182241254998	0.0608894376001471	0.11460496390784139	0.1021349739947057	0.19160523370076965
0.022963272599224	0.9727234578262695	0.21840110118202272	0.7815988988179773	0.06085427003754167	0.11454266936798933	0.10196062001496962	0.19112455900829217
0.022962509348503597	0.9731430969366345	0.21840110118202272	0.7815988988179773	0.06087892470860023	0.11458925262507721	0.10218822523320129	0.1915441981186572
0.022877311530404384	0.9731430969366345	0.21479604098844196	0.785203959011558	0.06061635779073111	0.1141240157480315	0.10087919516691417	0.18793913792507633
0.0228771426525161	0.9735627360469996	0.21479604098844196	0.785203959011558	0.06064091170474149	0.11417041903496469	0.10110823067852387	0.18835877703544157
0.022838236374124892	0.9735627360469996	0.213157377264087	0.786842622735913	0.06052226541100358	0.11396011396011396	0.10051220504685543	0.1867201133110865
0.02283622517109955	0.9739823751573646	0.213157377264087	0.786842622735913	0.060546773099598265	0.11400643465874205	0.10074191462359146	0.18713975242145153
0.02277324195307477	0.9739823751573646	0.21031702680853848	0.7896829731914615	0.0603421381031614	0.11364359683697701	0.09970739525374701	0.184299401965903
0.022773075248627334	0.9744020142677298	0.21031702680853848	0.7896829731914615	0.06036656700896919	0.11368977673325499	0.0999382821757065	0.18471904107626824
0.022700898868093355	0.9744020142677298	0.20699600166051257	0.7930039983394874	0.0601289587487376	0.11326829268292683	0.09872579754766414	0.18139801592824245
0.022700537179480163	0.9748216533780948	0.20699600166051257	0.7930039983394874	0.06015329639028432	0.11331430940708763	0.09895809410335181	0.18181765503860747
0.022659672188656707	0.9748216533780948	0.20520439598855122	0.7947956040114488	0.06002583979328165	0.11308813864615534	0.09830276761405485	0.18002604936664612
0.022659138956737712	0.9752412924884599	0.20520439598855122	0.7947956040114488	0.060050127903671736	0.11313406678999123	0.09853585006016383	0.18044568847701115
0.022631689870755103	0.9752412924884599	0.20441783740086084	0.7955821625991392	0.059994320675323336	0.11303501945525292	0.09824803454355593	0.17965912988932065
0.022631168827276272	0.975660931598825	0.20441783740086084	0.7955821625991392	0.06001858640094997	0.11308090756547749	0.0984814766430899	0.1800787689996859
0.022534858629141865	0.975660931598825	0.2000699163189058	0.7999300836810942	0.0597118422066415	0.11253630203291384	0.09688729348856977	0.17573084791773086
0.022534788210159685	0.9760805707091901	0.2000699163189058	0.7999300836810942	0.05973599054907802	0.1125819801069674	0.09712267980807064	0.17615048702809588
0.02240439245741555	0.9760805707091901	0.1938429941663572	0.8061570058336428	0.059301940188154906	0.11181079651973273	0.09482645785940157	0.16992356487554727
0.022403623388578067	0.9765002098195552	0.1938429941663572	0.8061570058336428	0.059325922904344276	0.11185617804696325	0.09506475072310631	0.17034320398591252
0.022378548512157388	0.9765002098195552	0.19272870283379584	0.8072712971662042	0.0592488860598345	0.11171923760142109	0.09465228227150169	0.16922891265335105
0.022377694929961115	0.9769198489299202	0.19272870283379584	0.8072712971662042	0.059272838374579896	0.1117645646799011	0.09489112971892597	0.16964855176371607
0.02237620331528255	0.9769198489299202	0.19259760973584739	0.8074023902641526	0.059263784939667025	0.11174846993879756	0.09484262386820173	0.1695174586657675
0.022375585520762933	0.9773394880402854	0.19259760973584739	0.8074023902641526	0.05928773260698012	0.1117937887006192	0.09508155573410347	0.16993709777613275
0.022361359663684164	0.9773394880402854	0.19163626035089254	0.8083637396491075	0.05922140005594121	0.11167585710860704	0.09472603201662291	0.16897574839117802
0.022360610468576462	0.9777591271506504	0.19163626035089254	0.8083637396491075	0.059245321399511795	0.11172112871904294	0.09496545062490123	0.16939538750154304
0.022292258939216436	0.9777591271506504	0.1885337236994472	0.8114662763005528	0.05903217633645807	0.11134207822617255	0.0938162042798054	0.1662928508500976
0.02229213963875411	0.9781787662610155	0.1885337236994472	0.8114662763005528	0.05905601580907502	0.11138720313470636	0.09405717448622808	0.16671248996046284
0.022235059455109285	0.9781787662610155	0.18527824510039548	0.8147217548996045	0.0588339222614841	0.11099207199485751	0.0928471608445212	0.1634570113614111
0.022234552071421554	0.9785984053713807	0.18527824510039548	0.8147217548996045	0.058857676484692464	0.11103704409103896	0.09308980583223654	0.16387665047177613
0.02223254505199652	0.9785984053713807	0.18514715200244702	0.814852847997553	0.05884876473111767	0.11102118543204	0.09304102101179527	0.16374555737382757
0.02223240375468195	0.9790180444817457	0.18514715200244702	0.814852847997553	0.05887251438376905	0.11106614934183905	0.09328375639477372	0.1641651964841926
0.022217155431493635	0.9790180444817457	0.18440429111407286	0.8155957088859271	0.05882204629116031	0.11097633487929599	0.09300750534480728	0.16342233559581842
0.022215740309235756	0.9794376835921108	0.18440429111407286	0.8155957088859271	0.05884577565993495	0.11102126242686582	0.09325064832420962	0.16384197470618367
0.022213305941446784	0.9794376835921108	0.1842731980161244	0.8157268019838756	0.05883687514179838	0.1110054218586512	0.09320193316458328	0.16371088160823533
0.02221318699482597	0.9798573227024758	0.1842731980161244	0.8157268019838756	0.05886059994958407	0.11105034123605925	0.09344516733317369	0.16413052071860035
0.02196049679411524	0.9798573227024758	0.17396054097751756	0.8260394590224824	0.05816850181854417	0.10981775426219871	0.0895857114435653	0.1538178636799934
0.021959966625710824	0.980276961812841	0.17396054097751756	0.8260394590224824	0.058191963729666445	0.10986220194704416	0.0898346041744554	0.15423750279035842
0.02187270694322961	0.980276961812841	0.1695252244969302	0.8304747755030698	0.057899172160809004	0.1093402607128648	0.0881558970876938	0.14980218630977116
0.021872547755849684	0.9806966009232061	0.1695252244969302	0.8304747755030698	0.05792252212060376	0.10938450737186987	0.08840741459862782	0.1502218254201364
0.021732564776537778	0.9806966009232061	0.16332015119403964	0.8366798488059604	0.05751765893037336	0.10866229599665225	0.08603877047095129	0.14401675211724574
0.021731970405350912	0.9811162400335711	0.16332015119403964	0.8366798488059604	0.05754085449891711	0.10870626525630595	0.08629414731394697	0.14443639122761076
0.021582322346764774	0.9811162400335711	0.1564814612510651	0.8435185387489349	0.05710098913176212	0.10792097488921713	0.08365294075907323	0.1375977012846361
0.021581993547258566	0.9815358791439363	0.1564814612510651	0.8435185387489349	0.057124016997997365	0.10796464261810797	0.08391285883093157	0.13801734039500135
0.021457445021611343	0.9815358791439363	0.1504074810461229	0.8495925189538771	0.0567387929361537	0.10727635471369276	0.08153728921378697	0.13194336019005926
0.021457356043175318	0.9819555182543013	0.1504074810461229	0.8495925189538771	0.05676167374166161	0.10731975784259769	0.08180152621433807	0.13236299930042428
0.021436837019633403	0.9819555182543013	0.14929318971356154	0.8507068102864385	0.056691539877895145	0.10719439290867862	0.08136282774255639	0.1312487079678628
0.02143674748844709	0.9823751573646664	0.14929318971356154	0.8507068102864385	0.056714393003367496	0.10723774622079707	0.0816279148340063	0.13166834707822783
0.02132356408147713	0.9823751573646664	0.14398391924665166	0.8560160807533483	0.05638246628131021	0.10664419287975765	0.07952492082570609	0.12635907661131807
0.021323487299268636	0.9827947964750314	0.14398391924665166	0.8560160807533483	0.05640519255316587	0.10668731778425657	0.07979407870797582	0.1267787157216831
0.021273021803191544	0.9827947964750314	0.1419301273787935	0.8580698726212065	0.05627778445272137	0.10645938451747806	0.07897448245621058	0.12472492385382505
0.021272427531748853	0.9832144355853966	0.1419301273787935	0.8580698726212065	0.05630046136101499	0.10650242050955704	0.07924530291061063	0.12514456296419008
0.021172588688524355	0.9832144355853966	0.1375166597478643	0.8624833402521357	0.05602850447175857	0.10601570100223977	0.07747225819414233	0.12073109533326098
0.02117253588555913	0.9836340746957617	0.1375166597478643	0.8624833402521357	0.05605107726153184	0.10605854938690557	0.07774674552423327	0.12115073444362601
0.021148866015408732	0.9836340746957617	0.13666455461119975	0.8633354453888002	0.05599885326580343	0.10596505503944305	0.07740264575860838	0.12029862930696145
0.021147473620671254	0.9840537138061267	0.13666455461119975	0.8633354453888002	0.05602140519362622	0.10600786582885041	0.07767789354930928	0.12071826841732647
0.02108153837546425	0.9840537138061267	0.1336712622080447	0.8663287377919553	0.055838651300123825	0.10568061470515334	0.07646506720174406	0.11772497601417142
0.021081521056642242	0.9844733529164919	0.1336712622080447	0.8663287377919553	0.05586113293806701	0.10572329878323569	0.0767429522339173	0.11814461512453667
0.021077410724197488	0.9844733529164919	0.1333653783128318	0.8666346216871682	0.05584251743590964	0.10568995810244627	0.07661869179866157	0.11783873122932365
0.021077296798018407	0.9848929920268569	0.1333653783128318	0.8666346216871682	0.05586499095496525	0.10573262754814731	0.07689688704294462	0.11825837033968867
0.020932547155059822	0.9848929920268569	0.12720400270925736	0.8727959972907426	0.05549250484702322	0.10506524609978289	0.07437511297191944	0.11209699473611412
0.02093130250616597	0.985312631137222	0.12720400270925736	0.8727959972907426	0.055514836269062534	0.10510765925063789	0.07465902900040014	0.11251663384647936
0.020919700724554128	0.985312631137222	0.12663593261814765	0.8733640673818523	0.05548073060655467	0.10504652827487473	0.07442464605830192	0.11194856375536966
0.020918092707266855	0.985732270247587	0.12663593261814765	0.8733640673818523	0.05550304806011058	0.10508891622860977	0.07470915070115147	0.11236820286573468
0.020713452211367427	0.985732270247587	0.11778714850663108	0.8822128514933689	0.054976946661361666	0.1041454223010419	0.07100983217839876	0.1035194187542181
0.020713082680846956	0.9861519093579522	0.11778714850663108	0.8822128514933689	0.05499906384572178	0.10418744873755846	0.07130342413231563	0.10393905786458335
0.020643431981576553	0.9861519093579522	0.11475015840416003	0.88524984159584	0.05482072456668299	0.10386740331491713	0.07001059328055376	0.10090206776211219
0.020643275472255508	0.9865715484683173	0.11475015840416003	0.88524984159584	0.054842773164131754	0.10390930587169345	0.07030759055018103	0.10132170687247744
0.020565471578388925	0.9865715484683173	0.1117568660010051	0.8882431339989949	0.05466806185327287	0.10359566405217238	0.06902242431164188	0.09832841446932239
0.020564586205222227	0.9869911875786823	0.1117568660010051	0.8882431339989949	0.0546900432497791	0.1036374451959726	0.06932292209980684	0.09874805357968741
0.020545681842547306	0.9869911875786823	0.11092660971399859	0.8890733902860014	0.05464176191803736	0.10355075175556387	0.06896482088753121	0.09791779729268102
0.020544420807011257	0.9878304657994125	0.11092660971399859	0.8890733902860014	0.05468568508107606	0.10363424244425368	0.0695679406925653	0.09875707551341106
0.02042344099622125	0.9878304657994125	0.10524590880290152	0.8947540911970985	0.05435736387567543	0.10304449648711944	0.06709983483698978	0.093076374602314
0.020423132460107157	0.9882501049097776	0.10524590880290152	0.8947540911970985	0.05437919966749025	0.103086014445174	0.06740853475614632	0.09349601371267902
0.020415231885051358	0.9882501049097776	0.1050492691559789	0.8949507308440211	0.05436790100655647	0.10306571259764984	0.06732233096170095	0.09329937406575661
0.020414937966080456	0.9886697440201426	0.1050492691559789	0.8949507308440211	0.054389731514186114	0.10310722100656455	0.06763134357195	0.09371901317612163
0.020270508285396057	0.9886697440201426	0.09825427691232058	0.9017457230876794	0.05400201705326854	0.10241029319075873	0.06461652379597764	0.0869240209324631
0.02027047361318127	0.9890893831305078	0.09825427691232058	0.9017457230876794	0.0540236998326801	0.10245153438233505	0.0649349030333952	0.08734366004282834
0.020163161730625503	0.9890893831305078	0.09368786733378487	0.9063121326662151	0.05376613896619371	0.10198827372839185	0.06286273804920126	0.08277725046429252
0.02016305964288886	0.9895090222408729	0.09368786733378487	0.9063121326662151	0.05378772326011086	0.10202933667950327	0.06318802399084048	0.08319688957465776
0.02010883430034799	0.9895090222408729	0.09152483121763644	0.9084751687823636	0.05366653011061041	0.10181127350445802	0.06219376048898779	0.08103385345850933
0.020108540328334444	0.9899286613512379	0.09152483121763644	0.9084751687823636	0.05368806754819181	0.10185225162989509	0.06252254241997662	0.08145349256887435
0.020043248032245272	0.9899286613512379	0.0885752365137975	0.9114247634862025	0.05352361936742751	0.10155627784833286	0.06115389305826301	0.07850389786503542
0.02004248881843612	0.990348300461603	0.0885752365137975	0.9114247634862025	0.053545093590470785	0.10159714150415429	0.06148763043226886	0.07892353697540067
0.01991757160369742	0.990348300461603	0.08337521029517792	0.9166247897048221	0.05325750908311331	0.1010793215692993	0.059030859806655366	0.07372351075678107
0.019917210807685198	0.9907679395719681	0.08337521029517792	0.9166247897048221	0.05327887349370402	0.10111998629462278	0.05937393102485814	0.0741431498671461
0.019881943313722294	0.9907679395719681	0.08217352356398433	0.9178264764360157	0.0532128287768487	0.10100102669404518	0.05879822457769898	0.0729414631359524
0.01988184035431605	0.9911875786823332	0.08217352356398433	0.9178264764360157	0.05323416723011044	0.10104164438645648	0.0591436474448785	0.07336110224631742
0.019851904200529433	0.9911875786823332	0.0809936856824488	0.9190063143175512	0.0531694579506573	0.10092507530924862	0.058576772108085325	0.07218126436478212
0.01985091643611964	0.9916072177926982	0.0809936856824488	0.9190063143175512	0.053190770962296005	0.10096564689796617	0.058924559378708156	0.07260090347514714
0.019799000118789874	0.9916072177926982	0.07878695186698426	0.9212130481330157	0.053070116336522484	0.10074825726406446	0.05785803537759322	0.07039416965968259
0.019798839529791664	0.9920268569030634	0.07878695186698426	0.9212130481330157	0.05309138275652975	0.10078874440417822	0.05821031690073725	0.07081380877004761
0.01971536601394135	0.9920268569030634	0.07520374052306145	0.9247962594769386	0.05289655635362825	0.10043760887113906	0.0564551892565475	0.06723059742612492
0.019714146712157286	0.9924464960134285	0.07520374052306145	0.9247962594769386	0.052917748142844355	0.10047796070100903	0.05681514351051308	0.06765023653648994
0.01970248727372011	0.9924464960134285	0.07485415892853242	0.9251458410714676	0.05289881005636575	0.10044382153702407	0.056642554489742494	0.06730065494196102
0.01970004068460336	0.9928661351237935	0.07485415892853242	0.9251458410714676	0.05291999373727885	0.10048415866813896	0.057003376192282545	0.06772029405232605
0.019594181867156692	0.9928661351237935	0.07006926085341603	0.929930739146584	0.052662037037037035	0.10001902306017628	0.05461181903289851	0.06293539597720965
0.019593903159576858	0.9932857742341586	0.07006926085341603	0.929930739146584	0.05268312225956509	0.10005918160297599	0.054983874522807605	0.06335503508757467
0.019443113603280646	0.9932857742341586	0.06401712949813188	0.9359828705018681	0.052360306154050344	0.09947676984177016	0.05185730597679334	0.05730290373229052
0.019442932190025443	0.9937054133445237	0.06401712949813188	0.9359828705018681	0.05238126838763908	0.099516705190166	0.05224535619320602	0.057722542842655544
0.019399524543707334	0.9937054133445237	0.06233476807446092	0.9376652319255391	0.05229220033565939	0.09935594855980028	0.05135530362537597	0.05604018141898459
0.01939882667257996	0.9941250524548888	0.06233476807446092	0.9376652319255391	0.052313127967318095	0.0993958210959134	0.05174831270189852	0.056459820529349614
0.019397899292836345	0.9941250524548888	0.062225523826170526	0.9377744761738295	0.052307352616471625	0.09938539634594006	0.05169042700125177	0.05635057628105944
0.01939659670825049	0.9945446915652539	0.062225523826170526	0.9377744761738295	0.05232827714115387	0.09942526324621387	0.05208388738618952	0.05677021539142446
0.01927825270336097	0.9945446915652539	0.05737507920207996	0.94262492079792	0.05207303407817546	0.09896442291631868	0.04947582818837258	0.051919770767333784
0.019277670229362154	0.994964330675619	0.05737507920207996	0.94262492079792	0.0520938612295118	0.09900411299246299	0.04988461864841414	0.052339409877698806
0.019142554084503445	0.994964330675619	0.05241539032969911	0.9475846096703009	0.05183533372685337	0.09853711245947967	0.04711821172998237	0.047379721005317954
0.01914238405697356	0.9953839697859841	0.05241539032969911	0.9475846096703009	0.05185606226225351	0.09857662337662337	0.04754487607544723	0.0477993601156832
0.019080166677299993	0.9953839697859841	0.050033865716969994	0.94996613428303	0.051732786634969795	0.09835385827424638	0.04617867320595665	0.045417835502953974
0.01907945314495689	0.9958036088963491	0.050033865716969994	0.94996613428303	0.051753467678618166	0.09839328288587125	0.04661496426026621	0.045837474613318996
0.018970461105244706	0.9958036088963491	0.046363258974414956	0.953636741025585	0.051564537157757495	0.09805177365039357	0.04445823004799245	0.04216686787076407
0.018970246929690307	0.9962232480067142	0.046363258974414956	0.953636741025585	0.05158514591164903	0.098091066853979	0.04491071842975812	0.04258650698112909
0.01870955489973237	0.9962232480067142	0.03731783521597587	0.9626821647840241	0.05112522881447184	0.09725920766930231	0.0392298768418756	0.033541083222690116
0.01870896084410634	0.9966428871170793	0.03731783521597587	0.9626821647840241	0.051145662847790506	0.09729818308445483	0.03973183369380428	0.03396072233305514
0.01858104603889005	0.9966428871170793	0.03342873997684026	0.9665712600231597	0.05095035826146651	0.09694471090066739	0.03709097986351979	0.030071627093919417
0.018580640523241317	0.9970625262274444	0.03342873997684026	0.9665712600231597	0.05097071758017806	0.09698355034899384	0.03762040049368589	0.03049126620428466
0.018409585873217994	0.9970625262274444	0.028512748803775523	0.9714872511962245	0.05072587532023911	0.09654023525587632	0.0340716122808268	0.025575275031219924
0.01840945843876401	0.9974821653378095	0.028512748803775523	0.9714872511962245	0.05074614120108452	0.09657890459938241	0.0346434946962252	0.025994914141584946
0.018375845501492117	0.9974821653378095	0.027485852869846394	0.9725141471301536	0.050695273844053916	0.09648677721174728	0.03387095284472997	0.02496801820765593
0.018375473502674013	0.9979018044481746	0.027485852869846394	0.9725141471301536	0.050715519631470064	0.09652540996915084	0.034453488353435084	0.02538765731802095
0.01816459833979187	0.9979018044481746	0.022285826651226803	0.9777141733487732	0.05045939694867061	0.09606140173702282	0.03033445964299759	0.02018763109940136
0.018164428178373212	0.9983214435585397	0.022285826651226803	0.9777141733487732	0.05047954506874894	0.09609985659752378	0.03097980755332243	0.020607270209766604
0.017827287322703538	0.9983214435585397	0.014704275819878099	0.9852957241801219	0.05011058451816746	0.09543102410846804	0.02399510361457152	0.013025719378417788
0.017825785723880952	0.9987410826689047	0.014704275819878099	0.9852957241801219	0.050130592299266995	0.09546922320945066	0.024786186355080845	0.01344535848878281
0.017818803567385435	0.9987410826689047	0.01452948502261353	0.9854705149773865	0.05012214640721085	0.09545390739366716	0.024607945441361863	0.013270567691518131
0.017816814680053434	0.9991607217792698	0.01452948502261353	0.9854705149773865	0.050142150152679796	0.09549209914173418	0.025404848153911565	0.013690206801883376
0.017571744300204317	0.9991607217792698	0.009744586947497247	0.9902554130525028	0.049911957068589634	0.09507457024776889	0.020117791735742848	0.008905308726767203
0.01757150653776302	0.9995803608896349	0.009744586947497247	0.9902554130525028	0.04993187296929043	0.0951126018207954	0.021089118758384498	0.009324947837132225
0.017315006777607642	0.9995803608896349	0.006205073302890551	0.9937949266971094	0.04976288465957758	0.09480597014925374	0.01635848786812653	0.005785434192525418
0.017309916915450238	1.0	0.006205073302890551	0.9937949266971094	0.049782735856939916	0.09484388370380689	0.01757570838432274	0.00620507330289044
0.015991585885730786	1.0	0.0	1.0	0.049489117793653434	0.0943108736519244	0.0	0.0
