threshold	sensitivity	specificity	fpr	precision	f1	mcc	youden_j
inf	0.0	1.0	0.0	0.0	0.0	0.0	0.0
0.9401597259454183	0.0	0.9999781511503419	2.18488496580655e-05	0.0	0.0	-0.0010398570817250325	-2.1848849658057112e-05
0.7548502585404054	0.0	0.9999126046013678	8.7395398632262e-05	0.0	0.0	-0.002079778953735294	-8.739539863222845e-05
0.7491742577924837	0.000419639110365086	0.9999126046013678	8.7395398632262e-05	0.2	0.0008375209380234506	0.007071880036141041	0.00033224371173279366
0.4997623022748277	0.000419639110365086	0.9997378138041032	0.000262186195896786	0.07692307692307693	0.0008347245409015025	0.0020786349661036734	0.00015745291446833676
0.48955687242703766	0.001258917331095258	0.9997378138041032	0.000262186195896786	0.2	0.0025020850708924102	0.012250127752678494	0.000996731135198381
0.4604750806203361	0.001258917331095258	0.9997159649544451	0.00028403504555485153	0.1875	0.0025010421008753647	0.011601253625601505	0.0009748822855404349
0.45472000860018236	0.001678556441460344	0.9997159649544451	0.00028403504555485153	0.23529411764705882	0.0033333333333333335	0.016099706772997397	0.001394521395905457
0.4404293271085875	0.001678556441460344	0.999672267255129	0.00032773274487098256	0.21052631578947367	0.0033305578684429643	0.014751906043464168	0.0013508236965893428
0.4333374951418765	0.00209819555182543	0.999672267255129	0.00032773274487098256	0.25	0.004161464835622139	0.01884527975715484	0.0017704628069543649
0.4119053183389189	0.00209819555182543	0.9995193253075225	0.00048067469247744106	0.18518518518518517	0.004149377593360996	0.014819391440374988	0.001617520859347854
0.41122101483190726	0.002517834662190516	0.9995193253075225	0.00048067469247744106	0.21428571428571427	0.004977187888842804	0.018327912042813727	0.002037159969713098
0.40760475927327283	0.002517834662190516	0.9994974764578645	0.0005025235421355066	0.20689655172413793	0.004975124378109453	0.017816175764067018	0.00201531112005493
0.40734100835588044	0.0029374737725556023	0.9994974764578645	0.0005025235421355066	0.23333333333333334	0.005801906340654786	0.02116437071770291	0.0024349502304201742
0.40374897762320855	0.0029374737725556023	0.9994537787585484	0.0005462212414516376	0.21875	0.005797101449275362	0.020124976284239208	0.00239125253110406
0.398614490109147	0.003357112882920688	0.9994537787585484	0.0005462212414516376	0.24242424242424243	0.006622516556291391	0.023295743214699526	0.002810891641469082
0.37956387946605785	0.003357112882920688	0.9993226856606	0.0006773143394000306	0.20512820512820512	0.006606110652353427	0.020430846342921055	0.0026797985435207394
0.3754141310898369	0.0037767519932857744	0.9993226856606	0.0006773143394000306	0.225	0.007428807263722658	0.023333180292340244	0.0030994376538857615
0.37229283820674497	0.0037767519932857744	0.9992789879612839	0.0007210120387161616	0.21428571428571427	0.007422680412371134	0.022450282078718218	0.0030557399545696473
0.36629347268369017	0.005035669324381032	0.9992789879612839	0.0007210120387161616	0.26666666666666666	0.009884678747940691	0.03062553217296668	0.004314657285664936
0.33862346354113376	0.005035669324381032	0.9989512552164128	0.001048744783587144	0.2	0.009823986901350798	0.024511715350149493	0.003986924540793746
0.3349354919181977	0.00629458665547629	0.9989512552164128	0.001048744783587144	0.23809523809523808	0.012264922322158627	0.03147529292251241	0.005245841871889034
0.32847381925105085	0.00629458665547629	0.9988857086674386	0.0011142913325613406	0.22727272727272727	0.012249897917517355	0.03036833337264587	0.005180295322914974
0.32710133455940177	0.006714225765841376	0.9988857086674386	0.0011142913325613406	0.23880597014925373	0.013061224489795919	0.03258280457305183	0.005599934433279996
0.31263345233880074	0.006714225765841376	0.998667220170858	0.0013327798291419956	0.2077922077922078	0.013008130081300813	0.029210682588564872	0.005381445936699425
0.3100892307826408	0.007133864876206463	0.998667220170858	0.0013327798291419956	0.21794871794871795	0.01381552214546932	0.03128632371837881	0.005801085047064447
0.3092260641092679	0.007133864876206463	0.9986235224715418	0.0013764775284581267	0.2125	0.013804303694681283	0.030660701926628665	0.005757387347748333
0.3084004085012766	0.007553503986571549	0.9986235224715418	0.0013764775284581267	0.2222222222222222	0.01461038961038961	0.03269212168887333	0.006177026458113355
0.3034725116585308	0.007553503986571549	0.9985798247722257	0.0014201752277742577	0.21686746987951808	0.014598540145985401	0.032068037848247674	0.006133328758797241
0.3015507527833799	0.00839278220730172	0.9985798247722257	0.0014201752277742577	0.23529411764705882	0.01620745542949757	0.03602549424578262	0.006972606979527507
0.29663836258804127	0.00839278220730172	0.9984924293735935	0.0015075706264065197	0.2247191011235955	0.016181229773462782	0.034766789067027674	0.0068852115808952785
0.29533394050824247	0.008812421317666807	0.9984924293735935	0.0015075706264065197	0.23333333333333334	0.016983420946219168	0.03668063980451677	0.007304850691260301
0.2948940335904392	0.008812421317666807	0.9984487316742774	0.0015512683257226506	0.22826086956521738	0.01696969696969697	0.03606347096609899	0.007261152991944186
0.2916791670165067	0.009651699538396978	0.9984487316742774	0.0015512683257226506	0.24468085106382978	0.018570851836899476	0.039802385171968775	0.008100431212674453
0.28693047080228884	0.009651699538396978	0.9983176385763289	0.0016823614236710436	0.23	0.01852597664115989	0.037967696721458694	0.007969338114725888
0.2836238531979776	0.01049097775912715	0.9983176385763289	0.0016823614236710436	0.24509803921568626	0.02012072434607646	0.041553599109007376	0.008808616335456154
0.2766722294814766	0.01049097775912715	0.998011754681116	0.001988245318883961	0.21551724137931033	0.020008003201280513	0.037617838140311236	0.008502732440243133
0.2763632633184642	0.010910616869492237	0.998011754681116	0.001988245318883961	0.2222222222222222	0.0208	0.039305760997702804	0.008922371550608155
0.27233769351900033	0.010910616869492237	0.9978369638838516	0.0021630361161484846	0.208	0.02073365231259968	0.037285327078727365	0.008747580753343698
0.2722070390602464	0.011330255979857323	0.9978369638838516	0.0021630361161484846	0.21428571428571427	0.021522518931845355	0.03891902032866825	0.009167219863708942
0.2721098066177769	0.011330255979857323	0.9978151150341934	0.0021848849658065504	0.2125984251968504	0.02151394422310757	0.03867350325749975	0.009145371014050774
0.271914455183868	0.01174989509022241	0.9978151150341934	0.0021848849658065504	0.21875	0.022301871764237355	0.040290162321331424	0.009565010124415796
0.27118457904730436	0.01174989509022241	0.9977932661845353	0.0022067338154646158	0.21705426356589147	0.022292993630573247	0.04004243669361311	0.00954316127475785
0.2702293600099572	0.013008812421317666	0.9977932661845353	0.0022067338154646158	0.23484848484848486	0.024652087475149104	0.044808150962696684	0.010802078605852916
0.2696722383771571	0.013008812421317666	0.9977714173348773	0.002228582665122681	0.23308270676691728	0.0246422893481717	0.0445495553501562	0.01078022975619497
0.2696157576498964	0.013428451531682753	0.9977714173348773	0.002228582665122681	0.23880597014925373	0.02542709574890743	0.04611118019897479	0.011199868866559992
0.2695807345384908	0.013428451531682753	0.9977495684852192	0.002250431514780747	0.23703703703703705	0.025416997617156472	0.04585093754147295	0.011178020016902046
0.26926616116160956	0.013848090642047839	0.9977495684852192	0.002250431514780747	0.2426470588235294	0.026200873362445413	0.047397521235986804	0.011597659127267068
0.2682462340656913	0.013848090642047839	0.9977058707859031	0.0022941292140968776	0.2391304347826087	0.026180087266957558	0.04687649796714134	0.011553961427950954
0.26676477110442387	0.014267729752412925	0.9977058707859031	0.0022941292140968776	0.2446043165467626	0.02696272799365583	0.048404493117324546	0.011973600538315976
0.26491005371658555	0.014267729752412925	0.9975966265376128	0.0024033734623872052	0.2361111111111111	0.026909378709932725	0.04712527095777284	0.011864356290025801
0.26409433497945534	0.015107007973143098	0.9975966265376128	0.0024033734623872052	0.2465753424657534	0.028469750889679714	0.0501131307037291	0.012703634510755846
0.2639140638213387	0.015107007973143098	0.9975747776879548	0.002425222312045271	0.24489795918367346	0.028458498023715414	0.049857010888814134	0.0126817856610979
0.2637510158977195	0.01594628619387327	0.9975747776879548	0.002425222312045271	0.2550335570469799	0.030015797788309637	0.05279967794303001	0.013521063881827944
0.2564943885965803	0.01594628619387327	0.9972907426423999	0.0027092573576001223	0.2345679012345679	0.02986247544204322	0.04957986794917395	0.01323702883627309
0.25623811016552445	0.016365925304238357	0.9972907426423999	0.0027092573576001223	0.2392638036809816	0.030636292223095052	0.05099502754226575	0.013656667946638334
0.25494440678874775	0.016365925304238357	0.9972033472437676	0.002796652756232384	0.23353293413173654	0.03058823529411765	0.05006028451035835	0.013569272548005884
0.25486297774687006	0.017205203524968526	0.9972033472437676	0.002796652756232384	0.24260355029585798	0.03213166144200627	0.05284221126506264	0.01440855076873615
0.25369994331225293	0.017205203524968526	0.9971596495444515	0.0028403504555485153	0.23976608187134502	0.03210649960845732	0.052374057231402565	0.014364853069420036
0.250607347263226	0.0180444817456987	0.9971596495444515	0.0028403504555485153	0.24855491329479767	0.033646322378716745	0.05511384323929723	0.01520413129015008
0.24630645192532238	0.0180444817456987	0.9969193121982127	0.003080687801787236	0.23369565217391305	0.03350214257888586	0.05260230016090319	0.014963793943911341
0.2442614447663557	0.019723038187159043	0.9969193121982127	0.003080687801787236	0.25	0.036561649163749516	0.05787963351536391	0.016642350385371874
0.24287430314492742	0.019723038187159043	0.9968319167995805	0.0031680832004194978	0.24479166666666666	0.03650485436893204	0.05697515766906494	0.016554954986739645
0.24250050841787107	0.020142677297524128	0.9968319167995805	0.0031680832004194978	0.24870466321243523	0.037267080745341616	0.05826844349543348	0.016974594097104667
0.23774825371646627	0.020142677297524128	0.9966134283029998	0.003386571697000153	0.23645320197044334	0.037122969837587005	0.05608968818671331	0.016756105600523874
0.2375224085999654	0.020562316407889216	0.9966134283029998	0.003386571697000153	0.24019607843137256	0.03788171627367607	0.057353902986309796	0.017175744710889118
0.23545660092839685	0.020562316407889216	0.9965260329043676	0.003473967095632415	0.23557692307692307	0.037823234272481666	0.05651308897966588	0.01708834931225689
0.23504762400271348	0.02140159462861939	0.9965260329043676	0.003473967095632415	0.24285714285714285	0.039336675665252605	0.059006904548853094	0.017927627532986934
0.23284552869893135	0.02140159462861939	0.9963730909567611	0.0036269090432388736	0.2350230414746544	0.03923076923076923	0.05755637420658374	0.017774685585380423
0.2322347099971365	0.021821233738984473	0.9963730909567611	0.0036269090432388736	0.23853211009174313	0.03998462129950019	0.05878054268162344	0.018194324695745445
0.23042760179314656	0.021821233738984473	0.9962856955581288	0.0037143044418711355	0.23423423423423423	0.039923224568138196	0.05797120624113718	0.018106929297113217
0.23027819735227648	0.022240872849349558	0.9962856955581288	0.0037143044418711355	0.23766816143497757	0.04067536454336147	0.059182199539374244	0.01852656840747846
0.22996336890863833	0.022240872849349558	0.9962419978588127	0.0037580021411872666	0.23555555555555555	0.040644171779141106	0.05878083850367593	0.018482870708162347
0.22983704759625775	0.022660511959714646	0.9962419978588127	0.0037580021411872666	0.23893805309734514	0.041395170563434266	0.05998289105617198	0.01890250981852737
0.22968927053995306	0.022660511959714646	0.9961983001594966	0.0038016998405033973	0.23684210526315788	0.04136346227499042	0.05958241658473611	0.018858812119211255
0.22937741561334682	0.02308015107007973	0.9961983001594966	0.0038016998405033973	0.24017467248908297	0.04211332312404288	0.06077572304707903	0.019278451229576277
0.22937441877972678	0.02308015107007973	0.9961764513098386	0.003823548690161463	0.2391304347826087	0.04209720627631076	0.06057536093934058	0.01925660237991833
0.2289961362154378	0.02349979018044482	0.9961764513098386	0.003823548690161463	0.24242424242424243	0.04284621270084162	0.06176194312046566	0.019676241490283353
0.22880823831121136	0.02349979018044482	0.9961546024601805	0.0038453975398195285	0.2413793103448276	0.04282982791586998	0.06156090046036817	0.019654392640625407
0.2273427953681945	0.023919429290809903	0.9961546024601805	0.0038453975398195285	0.2446351931330472	0.04357798165137615	0.06274086559090919	0.02007403175099043
0.2232654479980055	0.023919429290809903	0.9958268697153095	0.004173130284690511	0.22983870967741934	0.043329532497149374	0.059830373260517364	0.01974629900611946
0.22268921525237537	0.024758707511540076	0.9958268697153095	0.004173130284690511	0.236	0.04481579946828713	0.06212464996371812	0.020585577226849505
0.2210501526342049	0.024758707511540076	0.9957613231663353	0.004238676833664708	0.233201581027668	0.044764795144157814	0.061560516483224095	0.020520030677875223
0.22012632912932206	0.025597985732270248	0.9957613231663353	0.004238676833664708	0.23921568627450981	0.04624715693707354	0.06382791868930493	0.02135930889860549
0.2198358479386473	0.025597985732270248	0.9957176254670191	0.0042823745329808385	0.23735408560311283	0.04621212121212121	0.06345032816210544	0.021315611199289375
0.21931429112421955	0.026017624842635333	0.9957176254670191	0.0042823745329808385	0.24031007751937986	0.046951912154486936	0.06457463664623125	0.021735250309654397
0.21853348091492975	0.026017624842635333	0.995673927767703	0.004326072232296969	0.23846153846153847	0.04691638289822172	0.06419780963436252	0.021691552610338283
0.21852685603831926	0.02643726395300042	0.995673927767703	0.004326072232296969	0.2413793103448276	0.047655068078668684	0.06531496174874439	0.022111191720703527
0.21759901675297447	0.02643726395300042	0.9955428346697547	0.004457165330245362	0.23595505617977527	0.047547169811320754	0.06419807313594378	0.021980098622755184
0.21748520685495867	0.026856903063365505	0.9955428346697547	0.004457165330245362	0.23880597014925373	0.04828366654092795	0.06530223694165448	0.022399737733120206
0.21738662968410669	0.026856903063365505	0.9955209858200966	0.004479014179903428	0.2379182156133829	0.048265460030165915	0.06511784653895047	0.022377888883462038
0.2170447723966951	0.027276542173730593	0.9955209858200966	0.004479014179903428	0.24074074074074073	0.049001130795326045	0.06621668996090532	0.022797527993827282
0.21680200646061187	0.027276542173730593	0.9954772881207804	0.004522711879219559	0.23897058823529413	0.04896421845574388	0.06584771739630367	0.022753830294510946
0.21676834366426145	0.027696181284095678	0.9954772881207804	0.004522711879219559	0.24175824175824176	0.04969879518072289	0.06693988050635423	0.02317346940487619
0.21537914398278027	0.027696181284095678	0.9952587996241998	0.004741200375800214	0.2332155477031802	0.04951237809452363	0.06513347865742111	0.022954980908295397
0.21534690851153213	0.028115820394460762	0.9952587996241998	0.004741200375800214	0.23591549295774647	0.050243719535058115	0.06620800190240289	0.02337462001866064
0.2152568596982943	0.028115820394460762	0.9952151019248836	0.0047848980751163455	0.23426573426573427	0.0502060696890221	0.06585413595191272	0.023330922319344305
0.21517478579010907	0.02853545950482585	0.9952151019248836	0.0047848980751163455	0.23693379790940766	0.05093632958801498	0.06692241938415598	0.02375056142970955
0.21141392745477616	0.02853545950482585	0.9947562760820643	0.005243723917935721	0.22077922077922077	0.0505388331475288	0.06336661166319263	0.02329173558689024
0.21140678342816652	0.028955098615190935	0.9947562760820643	0.005243723917935721	0.22330097087378642	0.0512630014858841	0.06440447207197857	0.02371137469725526
0.21108222543116728	0.028955098615190935	0.9947344272324062	0.005265572767593786	0.22258064516129034	0.05124396583735611	0.06424193165511666	0.023689525847597093
0.21085471932094224	0.029374737725556023	0.9947344272324062	0.005265572767593786	0.22508038585209003	0.05196733481811433	0.0652754061163461	0.024109164957962337
0.20891743394012274	0.029374737725556023	0.9945159387358256	0.005484061264174441	0.21806853582554517	0.051775147928994084	0.06367499702809985	0.023890676461381544
0.2086081629829141	0.030214015946286196	0.9945159387358256	0.005484061264174441	0.22291021671826625	0.05321507760532151	0.06570889168100652	0.02472995468211181
0.2083438257534853	0.030214015946286196	0.9944722410365094	0.005527758963490572	0.22153846153846155	0.053175775480059084	0.06539201622555812	0.024686256982795696
0.20833039096967435	0.03063365505665128	0.9944722410365094	0.005527758963490572	0.22392638036809817	0.05389442598744924	0.06640222475174484	0.025105896093160718
0.2081360386737143	0.03063365505665128	0.9944503921868514	0.005549607813148638	0.22324159021406728	0.05387453874538745	0.06624360782531816	0.02508404724350277
0.20742310396717625	0.03147293327738145	0.9944503921868514	0.005549607813148638	0.22796352583586627	0.05530973451327434	0.06825305391150087	0.025923325464232816
0.20629937779138108	0.03147293327738145	0.994341147938561	0.005658852061438965	0.2245508982035928	0.05520794994479205	0.06745831171555858	0.02581408121594242
0.2059727633945346	0.03189257238774654	0.994341147938561	0.005658852061438965	0.22686567164179106	0.05592347314201619	0.06845324666935246	0.02623372032630744
0.20364984110238726	0.03189257238774654	0.9940789617426643	0.005921038257335752	0.21902017291066284	0.05567765567765568	0.06659535500481265	0.025971534130410756
0.20353778673185588	0.03231221149811162	0.9940789617426643	0.005921038257335752	0.22126436781609196	0.056389600878798976	0.06757478766820635	0.026391173240776
0.20336740696787772	0.03231221149811162	0.9940571128930061	0.005942887106993817	0.22063037249283668	0.05636896046852123	0.06742274747692595	0.026369324391117832
0.20234077539765694	0.03399076793957197	0.9940571128930061	0.005942887106993817	0.22946175637393768	0.05921052631578947	0.07131009720668761	0.028047880832578143
0.20219094416230746	0.03399076793957197	0.99401341519369	0.005986584806309948	0.22816901408450704	0.0591672753834916	0.07099963991872267	0.02800418313326203
0.20218201292982366	0.03441040704993705	0.99401341519369	0.005986584806309948	0.2303370786516854	0.059875867104782765	0.0719630292222143	0.02842382224362705
0.2017835242697229	0.03441040704993705	0.9939478686447158	0.006052131355284145	0.22841225626740946	0.05981035740335521	0.07149870616250302	0.02835827569465299
0.20111981548777647	0.03524968527066723	0.9939478686447158	0.006052131355284145	0.23268698060941828	0.061224489795918366	0.07341208218718674	0.029197553915383034
0.2000651361773381	0.03524968527066723	0.9937512289977932	0.006248771002206734	0.22702702702702704	0.06102433708681439	0.07203215344643586	0.02900091426846041
0.19927411104260317	0.0360889634913974	0.9937512289977932	0.006248771002206734	0.23118279569892472	0.06243194192377496	0.07391878344815775	0.029840192489190676
0.1989283777593871	0.0360889634913974	0.9937075312984771	0.006292468701522865	0.22994652406417113	0.06238665215814291	0.07361445925509286	0.02979649478987456
0.1988727200638686	0.03650860260176248	0.9937075312984771	0.006292468701522865	0.232	0.0630891950688905	0.07455238773618404	0.030216133900239583
0.19870798715150353	0.03650860260176248	0.9936419847495029	0.006358015250497061	0.23015873015873015	0.06302064469395147	0.07409720175451874	0.030150587351265523
0.19831916475508313	0.03734788082249266	0.9936419847495029	0.006358015250497061	0.23421052631578948	0.06442272891784293	0.07596069248284888	0.030989865571995567
0.19617279765687337	0.03734788082249266	0.9934016474032642	0.0065983525967357815	0.22762148337595908	0.06416726748377793	0.07431236888103761	0.030749528225756828
0.19612820328273642	0.03776751993285774	0.9934016474032642	0.0065983525967357815	0.22959183673469388	0.06486486486486487	0.07523115699804152	0.03116916733612185
0.195847204175974	0.03776751993285774	0.993314252004632	0.006685747995368044	0.22727272727272727	0.06477150053976251	0.07464349015013019	0.031081771937489622
0.19581113729750887	0.038187159043222826	0.993314252004632	0.006685747995368044	0.22921914357682618	0.06546762589928058	0.07555671410719118	0.031501411047854866
0.19450849844005388	0.038187159043222826	0.992986519259761	0.007013480740239026	0.220873786407767	0.06511627906976744	0.07340843527784074	0.031173678302983898
0.19446547613578247	0.03860679815358791	0.992986519259761	0.007013480740239026	0.22276029055690072	0.06580829756795423	0.07430726543834867	0.03159331741334892
0.19445785916559355	0.03860679815358791	0.9929209727107868	0.007079027289213223	0.22115384615384615	0.06573776348695963	0.07388755928478784	0.03152777086437464
0.19420180003266885	0.039026437263953	0.9929209727107868	0.007079027289213223	0.22302158273381295	0.06642857142857143	0.07478196920673444	0.03194740997473988
0.1932587972871176	0.039026437263953	0.9926806353645481	0.007319364635451944	0.21728971962616822	0.06616862326574173	0.07326787189744711	0.03170707262850114
0.19325700569720375	0.03944607637431809	0.9926806353645481	0.007319364635451944	0.2191142191142191	0.06685633001422475	0.07415176538692629	0.032126711738866165
0.1928868782564694	0.03944607637431809	0.9926150888155738	0.00738491118442614	0.2175925925925926	0.06678507992895204	0.07374540140163975	0.03206116518989188
0.1928306939146036	0.03986571548468317	0.9926150888155738	0.00738491118442614	0.21939953810623555	0.06747159090909091	0.07462509425669527	0.032480804300256905
0.1910000235271289	0.03986571548468317	0.992331053770019	0.007668946229980991	0.21300448430493274	0.0671615411806292	0.07289640264070332	0.03219676925470205
0.19087311499454693	0.04070499370541335	0.992331053770019	0.007668946229980991	0.21651785714285715	0.06852702225362063	0.0746310255235969	0.03303604747543232
0.1898102072887863	0.04070499370541335	0.9921781118224126	0.00782188817758745	0.21318681318681318	0.06835799859055673	0.07371728449786173	0.03288310552782581
0.189760910712471	0.04112463281577843	0.9921781118224126	0.00782188817758745	0.2149122807017544	0.06903839380063402	0.07457690564737808	0.03330274463819105
0.18972465338874592	0.04112463281577843	0.9921562629727545	0.007843737027245515	0.21444201312910285	0.06901408450704226	0.07444717348603228	0.03328089578853288
0.1896329300712625	0.04154427192614352	0.9921562629727545	0.007843737027245515	0.21615720524017468	0.06969376979936642	0.0753043240314253	0.03370053489889813
0.18962385455322192	0.04154427192614352	0.9921344141230964	0.00786558587690358	0.21568627450980393	0.06966924700914849	0.07517426818955669	0.03367868604923996
0.18937027580377966	0.0419639110365086	0.9921344141230964	0.00786558587690358	0.21739130434782608	0.07034822370735139	0.07602896832946794	0.03409832515960498
0.18842780888610441	0.0419639110365086	0.992003321025148	0.007996678974851974	0.2145922746781116	0.0702000702000702	0.07525224933192307	0.03396723206165664
0.18839641617663117	0.042383550146873686	0.992003321025148	0.007996678974851974	0.21627408993576017	0.07087719298245614	0.07610112217238396	0.03438687117202166
0.1872256002116999	0.042383550146873686	0.9917192859795931	0.008280714020406825	0.21041666666666667	0.07055536150890675	0.07445363849528144	0.03410283612646681
0.1871886365152733	0.04280318925723878	0.9917192859795931	0.008280714020406825	0.21205821205821207	0.0712290502793296	0.07529220056749503	0.03452247523683183
0.18661046009831525	0.04280318925723878	0.991653739430619	0.008346260569381023	0.21074380165289255	0.0711545169166376	0.07491834086103354	0.03445692868785777
0.18624632877781108	0.04322282836760386	0.991653739430619	0.008346260569381023	0.21237113402061855	0.07182705718270571	0.0757533238579433	0.03487656779822279
0.18605751711506813	0.04322282836760386	0.9915881928816448	0.008411807118355218	0.21106557377049182	0.07175200278648554	0.07538055721335671	0.03481102124924873
0.18561352508640738	0.04490138480906421	0.9915881928816448	0.008411807118355218	0.21747967479674796	0.07443478260869565	0.07869678667888003	0.03648957769070904
0.1854027996332941	0.04490138480906421	0.9915663440319867	0.008433655968013284	0.21703853955375255	0.07440890125173853	0.0785706828378656	0.03646772884105087
0.18534589890955774	0.045740663029794376	0.9915663440319867	0.008433655968013284	0.2202020202020202	0.07574704656011119	0.08021806703655789	0.03730700706178114
0.1851956473610726	0.045740663029794376	0.9914570997836963	0.008542900216303611	0.218	0.07561567811307665	0.07958642287819959	0.03719776281349074
0.18516375383806125	0.04616030214015946	0.9914570997836963	0.008542900216303611	0.21956087824351297	0.07628294036061026	0.08040474110127523	0.037617401923855764
0.18502429428524803	0.04616030214015946	0.9914352509340383	0.008564749065961677	0.21912350597609562	0.07625649913344887	0.08027880518967223	0.03759555307419782
0.1848737100206531	0.04657994125052455	0.9914352509340383	0.008564749065961677	0.220675944333996	0.07692307692307693	0.08109499205164432	0.03801519218456284
0.18474989384991	0.04657994125052455	0.9913915532347222	0.008608446765277809	0.2198019801980198	0.07686980609418283	0.08084291295894115	0.037971494485246726
0.18472405651240664	0.04699958036088964	0.9913915532347222	0.008608446765277809	0.22134387351778656	0.07753547940463829	0.08165639213319512	0.03839113359561175
0.18471232788881387	0.04699958036088964	0.9913697043850641	0.008630295614935874	0.22090729783037474	0.07750865051903114	0.08153025321794473	0.0383692847459538
0.18464749535575875	0.04741921947125472	0.9913697043850641	0.008630295614935874	0.22244094488188976	0.07817364233829124	0.08234163756878318	0.038788923856318824
0.18452638784705347	0.04741921947125472	0.991347855535406	0.008652144464593938	0.2220039292730845	0.07814661134163209	0.08221523947733463	0.03876707500666088
0.18443719586638627	0.047838858581619806	0.991347855535406	0.008652144464593938	0.2235294117647059	0.0788109229173868	0.08302454441399414	0.0391867141170259
0.18432096677530604	0.047838858581619806	0.9912823089864319	0.008717691013568136	0.2222222222222222	0.0787292817679558	0.08264556251691882	0.03912116756805162
0.1842874150221551	0.04825849769198489	0.9912823089864319	0.008717691013568136	0.2237354085603113	0.07939247497411114	0.0834516520605899	0.03954080667841686
0.18406099929636555	0.04825849769198489	0.9912604601367738	0.008739539863226202	0.22330097087378642	0.07936507936507936	0.0833253986066818	0.039518957828758694
0.1839989944709809	0.04867813680234998	0.9912604601367738	0.008739539863226202	0.2248062015503876	0.08002759572266299	0.08412944865376311	0.039938596939123716
0.183565246581988	0.04867813680234998	0.9912167624374577	0.008783237562542331	0.22393822393822393	0.07997242330230955	0.08387677030892468	0.0398948992398076
0.18326595445604124	0.049097775912715066	0.9912167624374577	0.008783237562542331	0.2254335260115607	0.08063404548587182	0.08467823118526092	0.040314538350172846
0.18310268445860256	0.049097775912715066	0.9911512158884834	0.008848784111516529	0.22413793103448276	0.08055077452667814	0.08429992668892237	0.040248991801198564
0.1830403532559712	0.04951741502308015	0.9911512158884834	0.008848784111516529	0.22562141491395793	0.08121128699242945	0.08509826570153879	0.040668630911563586
0.1830029702802185	0.04951741502308015	0.9911293670388254	0.008870632961174595	0.22519083969465647	0.08118335053319574	0.08497224369627522	0.04064678206190542
0.18297687562412893	0.049937054133445236	0.9911293670388254	0.008870632961174595	0.22666666666666666	0.08184319119669876	0.08576860076702005	0.04106642117227066
0.18286346060425007	0.049937054133445236	0.9911075181891673	0.00889248181083266	0.2262357414448669	0.08181505672052251	0.08564234333188434	0.041044572322612494
0.18278242084989507	0.05035669324381032	0.9911075181891673	0.00889248181083266	0.22770398481973433	0.08247422680412371	0.08643673254437215	0.04146421143297774
0.18187384266281104	0.05035669324381032	0.9909108785422448	0.009089121457755249	0.22388059701492538	0.08221993833504625	0.08530957902036611	0.04126757178605511
0.1818067647893984	0.05077633235417541	0.9909108785422448	0.009089121457755249	0.22532588454376165	0.08287671232876713	0.0860976970881759	0.041687210896420135
0.18156895377756044	0.05077633235417541	0.9908453319932705	0.009154668006729446	0.22407407407407406	0.08279165241190557	0.08572590591128229	0.04162166434744585
0.1814214608193129	0.051195971464540496	0.9908453319932705	0.009154668006729446	0.2255083179297597	0.08344733242134063	0.08651105760695739	0.0420413034578111
0.18141908152587538	0.051195971464540496	0.9908234831436125	0.00917651685638751	0.22509225092250923	0.08341880341880342	0.08638720246720756	0.04201945460815293
0.1812699838861059	0.05161561057490558	0.9908234831436125	0.00917651685638751	0.2265193370165746	0.08407382091592618	0.0871704703870523	0.04243909371851795
0.18085444932089553	0.05161561057490558	0.9907797854442963	0.009220214555703642	0.22568807339449543	0.08401639344262295	0.08692261251736855	0.042395396019201836
0.18073217364128066	0.052035249685270665	0.9907797854442963	0.009220214555703642	0.2271062271062271	0.08467053601911916	0.08770348890200695	0.04281503512956708
0.18010424192736066	0.052035249685270665	0.9907142388953222	0.00928576110467784	0.22586520947176686	0.08458390177353342	0.0873323854034674	0.0427494885805928
0.18001106806668035	0.05245488879563575	0.9907142388953222	0.00928576110467784	0.22727272727272727	0.08523695874531197	0.08811037737559888	0.04316912769095782
0.17837406109361945	0.05245488879563575	0.9904520526994254	0.009547947300574625	0.22241992882562278	0.08488964346349745	0.08664615214593706	0.042906941495061135
0.17827405470035276	0.05287452790600084	0.9904520526994254	0.009547947300574625	0.22380106571936056	0.0855397148676171	0.08741675105117026	0.04332658060542616
0.17689593924653743	0.05287452790600084	0.9901243199545544	0.009875680045445607	0.2179930795847751	0.0851063829787234	0.08563588665148253	0.04299884786055519
0.17678910581178767	0.053294167016365926	0.9901243199545544	0.009875680045445607	0.21934369602763384	0.08575286968264687	0.08639783637702779	0.043418486970920434
0.17650249070737437	0.053294167016365926	0.9901024711048964	0.009897528895103673	0.2189655172413793	0.08572392845089437	0.08628079095958248	0.043396638121262265
0.17624823035609047	0.054133445237096095	0.9901024711048964	0.009897528895103673	0.22164948453608246	0.08701517706576728	0.0878000358122505	0.04423591634199253
0.17574986567472528	0.054133445237096095	0.989993226856606	0.010006773143394	0.21976149914821125	0.08686868686868687	0.0872139802771592	0.044126672093702135
0.17574110072683882	0.054553084347461187	0.989993226856606	0.010006773143394	0.22108843537414966	0.08751262201279031	0.08796940033766573	0.04454631120406716
0.1746453148869392	0.054553084347461187	0.9897310406607092	0.010268959339290786	0.21666666666666667	0.08716057660073752	0.08658362849445936	0.04428412500817025
0.17446419965650373	0.05497272345782627	0.9897310406607092	0.010268959339290786	0.21797004991680533	0.08780160857908847	0.08733227277480957	0.044703764118535494
0.17429396715797818	0.05497272345782627	0.989687342961393	0.010312657038606917	0.21724709784411278	0.08774279973208306	0.0871039295047033	0.04466006641921938
0.17426465971287894	0.055392362568191356	0.989687342961393	0.010312657038606917	0.2185430463576159	0.08838299296953465	0.08785049384075769	0.0450797055295844
0.17336852911881107	0.055392362568191356	0.9895125521641286	0.010487447835871442	0.21568627450980393	0.08814691151919866	0.08694333787054588	0.044904914732319945
0.17315577942719204	0.05581200167855644	0.9895125521641286	0.010487447835871442	0.2169657422512235	0.08878504672897196	0.08768514259069148	0.04532455384268497
0.1731205502381474	0.05581200167855644	0.9894907033144705	0.010509296685529508	0.21661237785016288	0.08875542208875542	0.08757239524214047	0.04530270499302702
0.1731025711130181	0.056231640788921525	0.9894907033144705	0.010509296685529508	0.21788617886178863	0.08939292861907938	0.08831262170356821	0.04572234410339204
0.17287397282142947	0.056231640788921525	0.9894470056151543	0.010552994384845638	0.2171799027552674	0.08933333333333333	0.08808696115623735	0.04567864640407593
0.1728355823768386	0.056651279899286616	0.9894470056151543	0.010552994384845638	0.21844660194174756	0.08997000999666778	0.08882517831157291	0.04609828551444095
0.17281638437785263	0.056651279899286616	0.9894251567654962	0.010574843234503703	0.21809369951534732	0.0899400399733511	0.08871226776208163	0.04607643666478278
0.17261484549434178	0.0570709190096517	0.9894251567654962	0.010574843234503703	0.21935483870967742	0.09057609057609058	0.08944892888633986	0.04649607577514803
0.1725371569300267	0.0570709190096517	0.9894033079158382	0.01059669208416177	0.21900161030595813	0.09054593874833555	0.0893358206903301	0.04647422692548986
0.17252081874492298	0.057490558120016785	0.9894033079158382	0.01059669208416177	0.2202572347266881	0.09118136439267886	0.090070935188073	0.04689386603585488
0.17235427328803965	0.057490558120016785	0.989337761366864	0.010662238633135965	0.2192	0.09109042553191489	0.08973174142961432	0.04682831948688082
0.17230440370250313	0.05791019723038187	0.989337761366864	0.010662238633135965	0.22044728434504793	0.09172482552342971	0.09046445760205292	0.04724795859724584
0.1718597512398582	0.05791019723038187	0.9892722148178899	0.010727785182110162	0.21939586645468998	0.09163346613545817	0.09012610966973397	0.04718241204827178
0.17159620713159077	0.059588753671842215	0.9892722148178899	0.010727785182110162	0.22432859399684044	0.09416445623342175	0.09304098568274463	0.04886096848973209
0.17130127143825713	0.059588753671842215	0.9891629705695996	0.01083702943040049	0.2225705329153605	0.09400860642171466	0.09247334710101066	0.048751724241441696
0.17113162872743548	0.0600083927822073	0.9891629705695996	0.01083702943040049	0.2237871674491393	0.09463931171409662	0.09319729930277015	0.04917136335180694
0.17026096228279822	0.0600083927822073	0.9889444820730189	0.011055517926981144	0.22033898305084745	0.09432717678100264	0.09207528406275213	0.04895287485522615
0.17011011675961862	0.06042803189257239	0.9889444820730189	0.011055517926981144	0.22153846153846155	0.09495548961424333	0.09279409667129362	0.04937251396559117
0.16903367373904868	0.06042803189257239	0.9887041447267801	0.011295855273219866	0.2178517397881997	0.09461235216819974	0.09158141521342604	0.04913217661935243
0.16893035612088295	0.060847671002937476	0.9887041447267801	0.011295855273219866	0.2190332326283988	0.09523809523809523	0.09229479860935301	0.049551815729717674
0.16883763974207158	0.060847671002937476	0.988660447027464	0.011339552972535995	0.2183734939759036	0.09517558254020347	0.09207636617083374	0.04950811803040156
0.1685859080428862	0.06210658833403273	0.988660447027464	0.011339552972535995	0.22188905547226387	0.09704918032786886	0.09420813310180626	0.05076703536149685
0.1685753738784794	0.06210658833403273	0.988638598177806	0.011361401822194061	0.2215568862275449	0.09701737135365454	0.0940980680045187	0.05074518651183868
0.16835798206935373	0.06336550566512798	0.988638598177806	0.011361401822194061	0.22503725782414308	0.09888670595939751	0.09621973605290136	0.05200410384293397
0.1682137494697673	0.06336550566512798	0.9886167493281479	0.011383250671852127	0.22470238095238096	0.0988543371522095	0.09610873403032937	0.0519822549932758
0.16801446464097114	0.06462442299622324	0.9886167493281479	0.011383250671852127	0.22814814814814816	0.10071942446043165	0.09822042792649725	0.05324117232437109
0.16717273933449642	0.06462442299622324	0.9884856562301995	0.01151434376980052	0.2261380323054332	0.10052219321148825	0.09755217036231513	0.053110079226422746
0.16716976935208114	0.06504406210658834	0.9884856562301995	0.01151434376980052	0.22727272727272727	0.10114192495921696	0.09825188427945925	0.05352971833678777
0.16635000109768341	0.06504406210658834	0.9883327142825931	0.011667285717406979	0.22496371552975328	0.10091145833333333	0.09747940532862431	0.05337677638918148
0.16625834181318272	0.06546370121695343	0.9883327142825931	0.011667285717406979	0.22608695652173913	0.10152945004881224	0.098175587621117	0.0537964154995465
0.16585096280444064	0.06546370121695343	0.9882671677336188	0.011732832266381174	0.22510822510822512	0.10143042912873862	0.09784658852746464	0.05373086895057222
0.16580882549035644	0.0658833403273185	0.9882671677336188	0.011732832266381174	0.22622478386167147	0.10204744881377965	0.09854073958480189	0.05415050806093724
0.16575959151700356	0.0658833403273185	0.9882234700343027	0.011776529965697306	0.22557471264367815	0.10198116271516726	0.09832172315092391	0.05410681036162113
0.1656540920749253	0.06672261854804867	0.9882234700343027	0.011776529965697306	0.22779369627507162	0.10321324245374879	0.09970579271497093	0.05494608858235139
0.16472918637923006	0.06672261854804867	0.9878083418907995	0.01219165810920055	0.2217573221757322	0.10258064516129033	0.09765215900194449	0.0545309604388482
0.16463402936464047	0.06714225765841376	0.9878083418907995	0.01219165810920055	0.22284122562674094	0.10319251854240567	0.0983361206718118	0.05495059954921322
0.16419891827203129	0.06714225765841376	0.987655399943193	0.01234460005680701	0.2206896551724138	0.10296010296010295	0.097595073850539	0.05479765760160671
0.16411512085638738	0.06756189676877886	0.987655399943193	0.01234460005680701	0.22176308539944903	0.10357027983274365	0.09827573829627806	0.05521729671197173
0.16408420634547424	0.06756189676877886	0.9876335510935349	0.012366448906465075	0.22145804676753783	0.10353697749196142	0.09817030028432966	0.055195447862313785
0.16388550722439332	0.06798153587914393	0.9876335510935349	0.012366448906465075	0.22252747252747251	0.10414657666345227	0.09884974950478592	0.05561508697267881
0.1635833373543448	0.06798153587914393	0.9875243068452446	0.012475693154755402	0.22100954979536153	0.10397946084724005	0.09832370857912012	0.05550584272438863
0.163513231376101	0.06840117498950903	0.9875243068452446	0.012475693154755402	0.2220708446866485	0.10458774462624318	0.0990005988012712	0.055925481834753654
0.16269116914329876	0.06840117498950903	0.9873058183486639	0.012694181651336057	0.21908602150537634	0.10425327790214263	0.097959185893109	0.05570699333817286
0.16259937067284758	0.0688208140998741	0.9873058183486639	0.012694181651336057	0.22013422818791947	0.10485933503836317	0.09863188783985899	0.056126632448538105
0.16239258071814625	0.0688208140998741	0.9872184229500317	0.01278157704996832	0.21895861148197596	0.10472541507024266	0.0982191393294203	0.05603923704990588
0.16231458274749733	0.0692404532102392	0.9872184229500317	0.01278157704996832	0.22	0.1053303542930099	0.09888968589067623	0.0564588761602709
0.16225984322936624	0.0692404532102392	0.9871747252507156	0.01282527474928445	0.21941489361702127	0.10526315789473684	0.09868374177334008	0.056415178460954785
0.16224168341477552	0.06966009232060429	0.9871747252507156	0.01282527474928445	0.2204515272244356	0.10586734693877552	0.09935280332912359	0.05683481757131981
0.16176748237972993	0.06966009232060429	0.9869125390548188	0.013087460945181236	0.2169934640522876	0.10546378653113088	0.09812818984834114	0.05657263137542312
0.16153075151711066	0.07049937054133446	0.9869125390548188	0.013087460945181236	0.21903520208604954	0.10666666666666667	0.09945614025135922	0.057411909596153166
0.16101984056480656	0.07049937054133446	0.9867377482575542	0.01326225174244576	0.2167741935483871	0.10639645345155162	0.09864858664845562	0.05723711879888871
0.16098996846311622	0.07091900965169953	0.9867377482575542	0.01326225174244576	0.21778350515463918	0.10699588477366255	0.09930883686748007	0.05765675790925373
0.16072946757838585	0.07091900965169953	0.9866285040092639	0.013371495990736088	0.21638924455825864	0.106826801517067	0.09880809002248857	0.057547513660963556
0.16069339867655824	0.07133864876206462	0.9866285040092639	0.013371495990736088	0.21739130434782608	0.10742496050552923	0.0994659954445901	0.05796715277132858
0.1606227487082215	0.07133864876206462	0.9865848063099478	0.013415193690052219	0.21683673469387754	0.10735712030312598	0.09926625480909292	0.057923455072012464
0.16061234128090945	0.07175828787242972	0.9865848063099478	0.013415193690052219	0.2178343949044586	0.10795454545454546	0.09992276033936356	0.058343094182377486
0.16028527953006041	0.07175828787242972	0.9863663178133671	0.013633682186632873	0.21509433962264152	0.10761485210824417	0.09893093122368785	0.058124605685796915
0.16017031317530908	0.07259756609315988	0.9863663178133671	0.013633682186632873	0.21706398996235884	0.10880503144654088	0.10023553997560217	0.05896388390652696
0.1598996894575447	0.07259756609315988	0.986322620114051	0.013677379885949005	0.2165206508135169	0.10873664362036455	0.10003793187588664	0.058920186207210845
0.15984735084969867	0.07301720520352496	0.986322620114051	0.013677379885949005	0.2175	0.10933081998114987	0.10068849270456302	0.05933982531757609
0.15971376747858843	0.07301720520352496	0.9862789224147349	0.013721077585265137	0.2169576059850374	0.10926216640502355	0.10049093557538764	0.059296127618259975
0.15968402635665435	0.07343684431389005	0.9862789224147349	0.013721077585265137	0.21793275217932753	0.1098556183301946	0.10114014399781539	0.059715766728625
0.15947773692903847	0.07343684431389005	0.9862570735650767	0.0137429264349232	0.21766169154228857	0.10982114841543772	0.1010413111069305	0.05969391787896683
0.15946856502954562	0.07385648342425515	0.9862570735650767	0.0137429264349232	0.2186335403726708	0.11041405269761606	0.10168947052261039	0.06011355698933185
0.15897773109458255	0.07385648342425515	0.9861041316174703	0.01389586838252966	0.21674876847290642	0.11017214397496088	0.10100006901607186	0.05996061504172556
0.15896222804816948	0.07427612253462022	0.9861041316174703	0.01389586838252966	0.2177121771217712	0.11076345431789737	0.10164542993595557	0.060380254152090584
0.15808538783354187	0.07427612253462022	0.9858419454215736	0.014158054578426445	0.21454545454545454	0.11034912718204488	0.10047807030200895	0.06011806795619368
0.15801731662156093	0.07469576164498531	0.9858419454215736	0.014158054578426445	0.21549636803874092	0.11093798691181053	0.10111923542772625	0.06053770706655892
0.15792269807534545	0.07469576164498531	0.9857982477222574	0.014201752277742577	0.21497584541062803	0.11086888819682342	0.10092626720814347	0.06049400936724281
0.1577819487941973	0.07511540075535039	0.9857982477222574	0.014201752277742577	0.21592279855247287	0.11145703611457036	0.10156613969995651	0.06091364847760783
0.15770340778735478	0.07511540075535039	0.9857763988725994	0.014223601127400643	0.21566265060240963	0.11142234671646437	0.10146960057897325	0.06089179962794988
0.1576519079197248	0.07553503986571548	0.9857763988725994	0.014223601127400643	0.21660649819494585	0.11200995644057249	0.10210847069956852	0.061311438738314905
0.15754118101251643	0.07553503986571548	0.9857108523236252	0.014289147676374838	0.2158273381294964	0.11190550202051601	0.10181891932973225	0.06124589218934062
0.15751785896707018	0.07595467897608058	0.9857108523236252	0.014289147676374838	0.21676646706586827	0.1124922311995028	0.10245623016069574	0.06166553129970587
0.15701771823901547	0.07595467897608058	0.9855797592256768	0.014420240774323231	0.21521997621878716	0.11228287841191067	0.1018795249373752	0.0615344382017573
0.15701275229678222	0.07637431808644565	0.9855797592256768	0.014420240774323231	0.2161520190023753	0.11286821705426357	0.10251445486610966	0.061954077312122324
0.15666933443303707	0.07637431808644565	0.9854923638270445	0.014507636172955495	0.21513002364066194	0.11272839888510375	0.10213186487408918	0.061866681913490096
0.15662338379548804	0.07679395719681074	0.9854923638270445	0.014507636172955495	0.21605667060212513	0.11331269349845201	0.10276498998086685	0.06228632102385534
0.15625540249025105	0.07679395719681074	0.9854049684284123	0.014595031571587756	0.21504112808460635	0.11317254174397032	0.10238366572914472	0.06219892562522311
0.1562496402680161	0.07721359630717582	0.9854049684284123	0.014595031571587756	0.215962441314554	0.11375579598145286	0.10301500176469444	0.06261856473558813
0.15581646102979466	0.07721359630717582	0.98531757302978	0.014682426970220017	0.21495327102803738	0.11361531336832356	0.10263493097729055	0.06253116933695568
0.15579051448490702	0.07763323541754091	0.98531757302978	0.014682426970220017	0.21586931155192532	0.11419753086419752	0.10326449346609955	0.06295080844732093
0.15546779095956006	0.07763323541754091	0.9852083287814897	0.014791671218510346	0.21461716937354988	0.1140215716486903	0.10279131682470331	0.06284156419903053
0.15537955197620454	0.078052874527906	0.9852083287814897	0.014791671218510346	0.21552723059096177	0.11460258780036968	0.10341885341511639	0.06326120330939577
0.15535429902172807	0.078052874527906	0.9851864799318316	0.01481352006816841	0.2152777777777778	0.11456729288574069	0.10332438206884853	0.0632393544597376
0.15531692259053356	0.07847251363827108	0.9851864799318316	0.01481352006816841	0.2161849710982659	0.11514778325123153	0.10395097484128699	0.06365899357010263
0.15508027226106227	0.07847251363827108	0.9851427822325155	0.014857217767484542	0.21568627450980393	0.11507692307692308	0.1037619294857516	0.06361529587078651
0.15507178710004585	0.07889215274863617	0.9851427822325155	0.014857217767484542	0.21658986175115208	0.11565672100892033	0.10438731787908333	0.06403493498115176
0.1549207463055745	0.07889215274863617	0.985011689134567	0.014988310865432935	0.2151029748283753	0.11544365980964078	0.10382201109431749	0.0639038418832032
0.15490015706680696	0.07931179185900127	0.985011689134567	0.014988310865432935	0.216	0.11602209944751381	0.1044451530133292	0.06432348099356822
0.15468636211356077	0.07931179185900127	0.9848587471869606	0.015141252813039394	0.21428571428571427	0.11577335375191425	0.10379019473103729	0.06417053904596193
0.15467658893465863	0.07973143096936634	0.9848587471869606	0.015141252813039394	0.21517553793884484	0.11635027556644213	0.1044108560110578	0.06459017815632695
0.1543215139442316	0.07973143096936634	0.9848150494876444	0.015184950512355525	0.21468926553672316	0.11627906976744186	0.10422445782559583	0.06454648045701084
0.15421282853898108	0.08015107007973143	0.9848150494876444	0.015184950512355525	0.21557562076749437	0.1168553074334659	0.10484394980807686	0.06496611956737586
0.15380976619204714	0.08015107007973143	0.9846839563896961	0.015316043610303918	0.2141255605381166	0.1166412213740458	0.10428651140487974	0.06483502646942751
0.15361882532045854	0.08057070919009651	0.9846839563896961	0.015316043610303918	0.21500559910414332	0.11721611721611722	0.10490382121210512	0.06525466557979254
0.15269500851084628	0.08057070919009651	0.9843562236448251	0.0156437763551749	0.21145374449339208	0.11668185961713765	0.10352765227691965	0.06492693283492157
0.1525946321758583	0.0809903483004616	0.9843562236448251	0.0156437763551749	0.21232123212321233	0.1172539489671932	0.10414054998518725	0.06534657194528681
0.15255471414100744	0.0809903483004616	0.984334374795167	0.015665625204832966	0.21208791208791208	0.11721834193744306	0.10404961478561837	0.06532472309562865
0.15251942034571597	0.0814099874108267	0.984334374795167	0.015665625204832966	0.21295279912184412	0.1177899210686096	0.10466163623211294	0.06574436220599367
0.1524958547846177	0.0814099874108267	0.984312525945509	0.01568747405449103	0.21271929824561403	0.11775417298937785	0.1045705838267686	0.06572251335633572
0.15249537528749835	0.08182962652119177	0.984312525945509	0.01568747405449103	0.21358159912376778	0.1183252427184466	0.10518173263800006	0.06614215246670074
0.15215144420294924	0.08182962652119177	0.9841158862985864	0.01588411370141362	0.21149674620390455	0.11800302571860817	0.10436588244853838	0.06594551281977812
0.1520259534300442	0.08308854385228703	0.9841158862985864	0.01588411370141362	0.21405405405405406	0.11970979443772672	0.10618901447160442	0.0672044301508734
0.15143074292456304	0.08308854385228703	0.98396294435098	0.01603705564902008	0.21244635193133046	0.11945701357466064	0.10555655475482027	0.0670514882032669
0.1514039653912667	0.08350818296265212	0.98396294435098	0.01603705564902008	0.2132904608788853	0.12002412545235223	0.10616136278620114	0.06747112731363214
0.15094626803939626	0.08350818296265212	0.9837663047040573	0.01623369529594267	0.21125265392781317	0.11969924812030075	0.10535512833476635	0.06727448766670951
0.15089825608301136	0.0839278220730172	0.9837663047040573	0.01623369529594267	0.21208907741251326	0.12026458208057728	0.10595720080248022	0.06769412677707454
0.1508434351673192	0.0839278220730172	0.9837444558543993	0.016255544145600733	0.211864406779661	0.12022843402464684	0.10586800534779227	0.06767227792741659
0.15081093814839625	0.0843474611833823	0.9837444558543993	0.016255544145600733	0.2126984126984127	0.12079326923076923	0.10646924861517415	0.06809191703778161
0.1504168904364296	0.0843474611833823	0.9835915139067928	0.016408486093207192	0.2111344537815126	0.12053973013493254	0.10584668243872729	0.0679389750901751
0.15038739176504845	0.08476710029374737	0.9835915139067928	0.016408486093207192	0.21196222455403987	0.1211031175059952	0.10644570285008956	0.06835861420054012
0.1500409805566886	0.08476710029374737	0.9834167231095283	0.016583276890471718	0.21019771071800208	0.12081339712918661	0.10573963321780412	0.06818382340327567
0.15002539424630054	0.08518673940411246	0.9834167231095283	0.016583276890471718	0.21101871101871103	0.12137518684603886	0.10633622634921161	0.06860346251364069
0.149757355906627	0.08518673940411246	0.9832856300115799	0.01671436998842011	0.2097107438016529	0.12115786332438078	0.10581032131220396	0.06847236941569235
0.14970605585476246	0.08602601762484263	0.9832856300115799	0.01671436998842011	0.211340206185567	0.12227855651655234	0.10699904845730916	0.06931164763642261
0.1492798264417128	0.08602601762484263	0.9830889903646574	0.0169110096353427	0.2093973442288049	0.12195121951219512	0.10621405793484143	0.06911500798949999
0.14919624603053608	0.08644565673520772	0.9830889903646574	0.0169110096353427	0.21020408163265306	0.12250966399048469	0.10680554614818602	0.06953464709986501
0.1486744647179339	0.08644565673520772	0.982979746116367	0.017020253883633027	0.20913705583756345	0.12232779097387174	0.10637238556828366	0.06942540285157461
0.14862327893670085	0.0868652958455728	0.982979746116367	0.017020253883633027	0.2099391480730223	0.12288512911843277	0.1069622019469767	0.06984504196193986
0.14804583822297537	0.0868652958455728	0.982673862221154	0.017326137778845944	0.207	0.12237658882648537	0.10576137830622576	0.06953915806672684
0.14797672337298712	0.08854385228703315	0.982673862221154	0.017326137778845944	0.2101593625498008	0.12459403602007676	0.10810288180802666	0.07121771450818715
0.14740701552401012	0.08854385228703315	0.9825209202735476	0.017479079726452403	0.20870425321463898	0.12433706540954625	0.10750462043827468	0.07106477256058086
0.1473975524127145	0.08896349139739823	0.9825209202735476	0.017479079726452403	0.20948616600790515	0.12488954344624448	0.10808714233415755	0.07148441167094588
0.14689883428479	0.08896349139739823	0.9821713386790185	0.01782866132098145	0.20622568093385213	0.12430372324831428	0.10673636303775726	0.07113483007641674
0.14686508555822117	0.08938313050776332	0.9821713386790185	0.01782866132098145	0.20699708454810495	0.12485345838218054	0.10731497886237669	0.07155446918678177
0.14683285535642854	0.08938313050776332	0.9821494898293605	0.017850510170639516	0.20679611650485438	0.12481687664811017	0.10723125709159895	0.07153262033712382
0.1468322105919513	0.08980276961812841	0.9821494898293605	0.017850510170639516	0.2075654704170708	0.1253661394258934	0.10780914141705678	0.07195225944748884
0.14655854763436968	0.08980276961812841	0.9820839432803863	0.017916056719613712	0.20696324951644102	0.12525607257828505	0.107557986897735	0.07188671289851478
0.14654267785345856	0.09022240872849349	0.9820839432803863	0.017916056719613712	0.20772946859903382	0.12580456407255705	0.10813472844563435	0.0723063520088798
0.14632407102196954	0.09022240872849349	0.9819310013327798	0.01806899866722017	0.20633397312859886	0.12554744525547445	0.10755093310244838	0.0721534100612733
0.14627802309668822	0.09064204783885858	0.9819310013327798	0.01806899866722017	0.20709491850431447	0.12609457092819615	0.1081257185381928	0.07257304917163832
0.14589201028037538	0.09064204783885858	0.9815595708885927	0.018440429111407284	0.2037735849056604	0.12547197211733954	0.10672549237338623	0.07220161872745123
0.1457618503308631	0.09148132605958875	0.9815595708885927	0.018440429111407284	0.20527306967984935	0.12656023222060958	0.10786665895156457	0.0730408969481815
0.14521072211809682	0.09148132605958875	0.9813629312416702	0.018637068758329874	0.20354808590102708	0.12623045744064854	0.1071335455500807	0.07284425730125887
0.14519826654999066	0.09190096516995384	0.9813629312416702	0.018637068758329874	0.2042910447761194	0.12677279305354558	0.10770159261595041	0.07326389641162412
0.14482620081942674	0.09190096516995384	0.9811662915947476	0.018833708405252465	0.20259019426456984	0.1264434180138568	0.10697467510839986	0.0730672567647015
0.14481005014756118	0.09232060428031892	0.9811662915947476	0.018833708405252465	0.2033271719038817	0.12698412698412698	0.10754046411084467	0.07348689587506652
0.144450529346695	0.09232060428031892	0.9809696519478249	0.01903034805217505	0.2016498625114574	0.1266551525618883	0.1068196183857032	0.07329025622814389
0.14438713738662695	0.09274024339068401	0.9809696519478249	0.01903034805217505	0.20238095238095238	0.12719424460431655	0.10738317656981247	0.07370989533850891
0.14437058581873216	0.09274024339068401	0.9809478030981669	0.01905219690183312	0.20219579139981703	0.12715765247410818	0.10730336665714225	0.07368804648885097
0.14433435623024285	0.09357952161141418	0.9809478030981669	0.01905219690183312	0.20365296803652969	0.1282346175963197	0.1084286590872494	0.07452732470958101
0.14360882623184226	0.09357952161141418	0.9807074657519281	0.019292534248071837	0.20162748643761302	0.12783032387503582	0.10755276100958024	0.07428698736334227
0.14359827498219718	0.09399916072177927	0.9807074657519281	0.019292534248071837	0.2023486901535682	0.12836676217765042	0.10811259993695284	0.07470662647370752
0.14359120393812774	0.09399916072177927	0.9806856169022701	0.019314383097729905	0.20216606498194944	0.1283299914064738	0.10803334529141707	0.07468477762404935
0.14356399215292132	0.09441879983214435	0.9806856169022701	0.019314383097729905	0.20288548241659152	0.12886597938144329	0.10859252535029387	0.07510441673441437
0.14310737170268695	0.09441879983214435	0.9804234307063733	0.01957656929362669	0.20071364852809992	0.1284246575342466	0.10764640798507887	0.07484223053851768
0.14308737308895944	0.09483843894250944	0.9804234307063733	0.01957656929362669	0.2014260249554367	0.1289586305278174	0.10820287940609602	0.0752618696488827
0.1430663662307781	0.09483843894250944	0.9803797330070572	0.019620266992942823	0.20106761565836298	0.12888508696891932	0.10804610042952922	0.07521817194956659
0.14305237322645814	0.09525807805287453	0.9803797330070572	0.019620266992942823	0.20177777777777778	0.12941847206385404	0.10860174073958949	0.07563781105993161
0.14283310675636046	0.09525807805287453	0.9802049422097927	0.019795057790207345	0.2003530450132392	0.1291240045506257	0.10797675384841503	0.07546302026266716
0.1427874457563009	0.09567771716323961	0.9802049422097927	0.019795057790207345	0.20105820105820105	0.12965595678134775	0.10853046721805203	0.0758826593730324
0.14139037419793174	0.09567771716323961	0.979636872118683	0.02036312788131705	0.19655172413793104	0.12870448772226925	0.10653342408669007	0.0753145892819227
0.1413525747181499	0.0960973562736047	0.979636872118683	0.02036312788131705	0.19724375538329025	0.12923250564334085	0.10708200260091472	0.07573422839228772
0.140718434279589	0.0960973562736047	0.9793528370731281	0.0206471629268719	0.1950596252129472	0.12876019117233622	0.10610278410534481	0.07545019334673286
0.1406756609315002	0.09651699538396978	0.9793528370731281	0.0206471629268719	0.19574468085106383	0.12928611579539068	0.10664863108274565	0.07586983245709789
0.14056018918514043	0.09651699538396978	0.9792217439751797	0.020778256024820294	0.1947502116850127	0.12906846240179573	0.10620035127681426	0.07573873935914954
0.14055828113644472	0.09693663449433487	0.9792217439751797	0.020778256024820294	0.19543147208121828	0.12959326788218795	0.10674472023477505	0.07615837846951456
0.14041701747972665	0.09693663449433487	0.9791343485765475	0.020865651423452557	0.19477234401349072	0.1294480246567666	0.10644680492867925	0.07607098307088234
0.1403664927865346	0.09735627360469996	0.9791343485765475	0.020865651423452557	0.1954507160909857	0.12997198879551822	0.10699005326501171	0.07649062218124736
0.14000972249012222	0.09735627360469996	0.9789595577792829	0.02104044222071708	0.19414225941422594	0.12968138624930128	0.10639672221149689	0.0763158313839829
0.13998632507705747	0.09777591271506504	0.9789595577792829	0.02104044222071708	0.1948160535117057	0.13020396758871194	0.1069381721242886	0.07673547049434792
0.13956241136517278	0.09777591271506504	0.9788503135309926	0.021149686469007407	0.19400499583680267	0.13002232142857142	0.1065690866246639	0.07662622624605775
0.1394286678032642	0.09819555182543013	0.9788503135309926	0.021149686469007407	0.194675540765391	0.1305439330543933	0.10710926479168473	0.07704586535642277
0.13939180861187897	0.09819555182543013	0.9788284646813346	0.02117153531866547	0.19451371571072318	0.1305075292805354	0.10703551619156292	0.0770240165067646
0.13934176029338682	0.09861519093579521	0.9788284646813346	0.02117153531866547	0.1951827242524917	0.13102871480345693	0.10757510697828615	0.07744365561712985
0.13899731752393196	0.09861519093579521	0.9785881273350958	0.021411872664904193	0.1934156378600823	0.13062812673707616	0.10676721076494874	0.07720331827089111
0.13892730239880044	0.0990348300461603	0.9785881273350958	0.021411872664904193	0.19407894736842105	0.13114754098360656	0.10730453897651113	0.07762295738125613
0.1386281136987708	0.0990348300461603	0.978325941139199	0.02167405886080098	0.19218241042345277	0.13071171420659097	0.10643190290353852	0.07736077118535922
0.138622153285711	0.0994544691565254	0.978325941139199	0.02167405886080098	0.19283970707892595	0.13122923588039867	0.10696683256776815	0.07778041029572447
0.13831615187385835	0.0994544691565254	0.9781511503419344	0.0218488496580655	0.1915925626515764	0.130939226519337	0.10638984911415401	0.07760561949845979
0.13825022193315592	0.09987410826689047	0.9781511503419344	0.0218488496580655	0.19224555735056542	0.13145539906103287	0.10692306405945727	0.07802525860882481
0.13786471023289879	0.09987410826689047	0.9779545106950119	0.022045489304988092	0.1908580593424218	0.13112947658402205	0.10627821712330039	0.07782861896190241
0.13785320581138535	0.10029374737725556	0.9779545106950119	0.022045489304988092	0.19150641025641027	0.13164417515835858	0.10680957279232144	0.07824825807226743
0.1377905984463706	0.10029374737725556	0.9779326618453539	0.02206733815464616	0.19135308246597277	0.1316079295154185	0.10673813210319893	0.07822640922260948
0.1376941152489455	0.10113302559798573	0.9779326618453539	0.02206733815464616	0.1926458832933653	0.13263621353880023	0.10779933410777748	0.07906568744333953
0.1364955274131686	0.10113302559798573	0.9773208940549281	0.02267910594507199	0.18842845973416733	0.1316220644456581	0.10581950651948416	0.0784539196529137
0.13641182375165117	0.10155266470835082	0.9773208940549281	0.02267910594507199	0.1890625	0.13213213213213212	0.10634508978836153	0.07887355876327895
0.13632913451346515	0.10155266470835082	0.9772771963556118	0.022722803644388122	0.18876755070202808	0.1320600272851296	0.10620549924791384	0.07882986106396261
0.13631661646905846	0.1019723038187159	0.9772771963556118	0.022722803644388122	0.18939984411535463	0.132569558101473	0.1067303891471464	0.07924950017432764
0.1356758620419367	0.1019723038187159	0.9767091262645021	0.023290873735497826	0.18563789152024446	0.13163596966413868	0.10493679700846091	0.07868143008321793
0.13563935382555267	0.10239194292908099	0.9767091262645021	0.023290873735497826	0.18625954198473282	0.13214189006228	0.1054573184880937	0.07910106919358317
0.13539781577273147	0.10239194292908099	0.9765998820162118	0.023400117983788153	0.18555133079847907	0.13196322336398053	0.10511688171545107	0.07899182494529278
0.13534465199112364	0.10281158203944607	0.9765998820162118	0.023400117983788153	0.18617021276595744	0.1324682346580157	0.10563627843334014	0.0794114640556578
0.13518799625219022	0.10281158203944607	0.9764687889182635	0.023531211081736548	0.18532526475037822	0.13225371120107962	0.105229038003765	0.07928037095770968
0.1351804254219194	0.10323122114981116	0.9764687889182635	0.023531211081736548	0.18594104308390022	0.13275769023205614	0.10574716796265252	0.0797000100680747
0.13498431248644274	0.10323122114981116	0.976315846970657	0.023684153029343007	0.1849624060150376	0.13250740640991113	0.10527399633906778	0.07954706812046819
0.1349742873846466	0.10365086026017625	0.976315846970657	0.023684153029343007	0.1855747558226897	0.13301023155627356	0.10579072082452023	0.07996670723083321
0.13463063321014837	0.10365086026017625	0.9760536607747602	0.023946339225239793	0.18391660461653014	0.13258185721953838	0.10498518102443756	0.07970452103493653
0.1346253552434721	0.10407049937054133	0.9760536607747602	0.023946339225239793	0.18452380952380953	0.1330829085055004	0.10549977816074264	0.08012416014530155
0.1342816107022196	0.10407049937054133	0.9757477768795473	0.024252223120452707	0.18262150220913106	0.1325848703555199	0.1045695182515482	0.07981827625008853
0.13420674071818373	0.10449013848090642	0.9757477768795473	0.024252223120452707	0.18322295805739514	0.13308391234633885	0.10508172578528656	0.08023791536045377
0.13409842300366606	0.10449013848090642	0.9757040791802312	0.024295920819768838	0.18295371050698017	0.1330128205128205	0.10494954545206947	0.08019421766113766
0.13406446968475516	0.10532941670163659	0.9757040791802312	0.024295920819768838	0.18415260454878943	0.13400961025093433	0.10597233378809812	0.0810334958818677
0.13355415371437127	0.10532941670163659	0.9753544975857021	0.024645502414297887	0.18201595358955766	0.13343965975544922	0.10491919412445298	0.08068391428733879
0.13355029299331672	0.10574905581200168	0.9753544975857021	0.024645502414297887	0.1826086956521739	0.13393568960935423	0.10542778973060953	0.08110355339770381
0.13321722392009608	0.10574905581200168	0.9751360090891215	0.024863990910878542	0.18129496402877698	0.13358070500927643	0.10477607669728872	0.08088506490112324
0.13315448081362646	0.10616869492236676	0.9751360090891215	0.024863990910878542	0.18188353702372395	0.13407525172231055	0.10528292595612665	0.08130470401148826
0.13314663747333777	0.10616869492236676	0.9751141602394634	0.02488583976053661	0.1817528735632184	0.13403973509933775	0.10521794478109142	0.08128285516183009
0.13311297074042724	0.10700797314309694	0.9751141602394634	0.02488583976053661	0.18292682926829268	0.13502779984114377	0.10623034840689735	0.08212213338256036
0.1330459144500765	0.10700797314309694	0.9750704625401473	0.024929537459852737	0.1826647564469914	0.13495633765546441	0.10610000872392836	0.08207843568324424
0.1330278028072405	0.10742761225346202	0.9750704625401473	0.024929537459852737	0.18324982104509663	0.13544973544973546	0.10660542677167169	0.08249807479360927
0.13266350570619143	0.10742761225346202	0.9747427297952763	0.025257270204723722	0.1813031161473088	0.1349143610013175	0.10563336762154638	0.0821703420487383
0.13259006949993846	0.10784725136382711	0.9747427297952763	0.025257270204723722	0.1818825194621373	0.13540569020021076	0.10613638976938439	0.08258998115910332
0.13180550302163305	0.10784725136382711	0.974305752802115	0.02569424719788503	0.1793440334961619	0.13469601677148846	0.10485793915604273	0.08215300416594218
0.13178101021981786	0.10826689047419219	0.974305752802115	0.02569424719788503	0.1799163179916318	0.1351847000261986	0.10535792857293017	0.0825726432763072
0.13175985323836958	0.10826689047419219	0.9742839039524569	0.025716096047543095	0.17979094076655053	0.13514929282346777	0.10529447086074338	0.08255079442664903
0.1317537894472788	0.10868652958455728	0.9742839039524569	0.025716096047543095	0.18036211699164345	0.13563760146635245	0.10579400237106343	0.08297043353701428
0.13165452459000537	0.10868652958455728	0.9741965085538247	0.02580349144617536	0.1798611111111111	0.13549568401778708	0.10554020123730833	0.08288303813838205
0.13162156994928156	0.10910616869492237	0.9741965085538247	0.02580349144617536	0.18043025676613464	0.13598326359832635	0.10603887695379356	0.08330267724874707
0.1313493503805692	0.10910616869492237	0.9738906246586118	0.026109375341388276	0.17869415807560138	0.1354872329338197	0.10515575827568915	0.08299679335353405
0.1313203281638782	0.10952580780528745	0.9738906246586118	0.026109375341388276	0.17925824175824176	0.1359729096118781	0.10565226633125048	0.08341643246389929
0.13129694470797823	0.10952580780528745	0.9738687758089537	0.02613122419104634	0.17913520933424845	0.1359375	0.10558947046347904	0.08339458361424112
0.13114055668664779	0.10994544691565254	0.9738687758089537	0.02613122419104634	0.17969821673525377	0.13642280656079145	0.10608553071097164	0.08381422272460615
0.13109648787181527	0.10994544691565254	0.9737595315606633	0.02624046843933667	0.17908407382091593	0.13624544981799272	0.1057717215277442	0.08370497847631575
0.1310129274611675	0.1112043642467478	0.9737595315606633	0.02624046843933667	0.18076398362892224	0.13769810340348143	0.10725605836573	0.08496389580741104
0.13062099332836222	0.1112043642467478	0.9735628919137408	0.026437108086259258	0.17966101694915254	0.13737687921202696	0.10669114618038433	0.08476725616048864
0.13061549323167987	0.11162400335711288	0.9735628919137408	0.026437108086259258	0.1802168021680217	0.137859549105986	0.10718414029202226	0.08518689527085366
0.13058206107241674	0.11162400335711288	0.9735410430640826	0.026458956935917325	0.18009478672985782	0.1378238341968912	0.10712151582301606	0.08516504642119549
0.13057764712728875	0.11204364246747797	0.9735410430640826	0.026458956935917325	0.18064952638700948	0.1383061383061383	0.10761407184403966	0.08558468553156051
0.13055106063749963	0.11204364246747797	0.9735191942144246	0.02648080578557539	0.18052738336713997	0.138270326255826	0.10755137374092145	0.08556283668190257
0.13050819287955742	0.11246328157784305	0.9735191942144246	0.02648080578557539	0.1810810810810811	0.1387522650789542	0.10804349281060746	0.08598247579226759
0.1303836592427726	0.11246328157784305	0.9734536476654504	0.026546352334549585	0.18071476736345246	0.1386445938954992	0.1078553410507424	0.08591692924329353
0.130340887318448	0.11288292068820814	0.9734536476654504	0.026546352334549585	0.18126684636118598	0.139125937419188	0.10834677044420091	0.08633656835365855
0.13017829002215517	0.11288292068820814	0.9733881011164762	0.026611898883523784	0.1809011432414257	0.13901808785529715	0.10815872413331873	0.08627102180468427
0.1301564325279451	0.11330255979857323	0.9733881011164762	0.026611898883523784	0.1814516129032258	0.13949883750968742	0.10864946687681575	0.08669066091504951
0.13005306695615082	0.11330255979857323	0.973322554567502	0.02667744543249798	0.18108651911468812	0.13939081053175012	0.10846152620947874	0.08662511436607523
0.12997268463717612	0.11372219890893831	0.973322554567502	0.02667744543249798	0.1816353887399464	0.13987096774193547	0.10895158530757172	0.08704475347644047
0.129870131614816	0.11372219890893831	0.9732351591688697	0.026764840831130243	0.18114973262032086	0.1397267336942511	0.10870124586682657	0.08695735807780802
0.12975021212912788	0.1141418380193034	0.9732351591688697	0.026764840831130243	0.18169672678690715	0.1402061855670103	0.10919049921259255	0.08737699718817304
0.12954931643823178	0.1141418380193034	0.9730166706722891	0.026983329327710897	0.1804910418049104	0.1398457583547558	0.1085671278983264	0.08715850869159247
0.1295485214582511	0.11456147712966848	0.9730166706722891	0.026983329327710897	0.1810344827586207	0.14032382420971473	0.10905483498330502	0.08757814780195772
0.12939936001478083	0.11456147712966848	0.9728637287246826	0.027136271275317356	0.1801980198019802	0.1400718317085685	0.10862074500894897	0.0874252058543512
0.1293841978827194	0.11498111624003357	0.9728637287246826	0.027136271275317356	0.18073878627968337	0.14054885868171327	0.10910728932831869	0.08784484496471623
0.1291717561152658	0.11498111624003357	0.9727544844763923	0.027245515523607683	0.18014464168310323	0.1403688524590164	0.10879817625535494	0.08773560071642583
0.129041002479003	0.11540075535039866	0.9727544844763923	0.027245515523607683	0.18068331143232588	0.14084507042253522	0.10928381070100922	0.08815523982679108
0.12902066767141596	0.11540075535039866	0.9727326356267343	0.027267364373265747	0.18056467498358503	0.1408090117767537	0.1092220215915704	0.08813339097713291
0.12900509034770571	0.11582039446076374	0.9727326356267343	0.027267364373265747	0.18110236220472442	0.14128487330432557	0.10970723816040574	0.08855303008749793
0.12894205320312177	0.11582039446076374	0.9726889379274182	0.02731106207258188	0.18086500655307994	0.14121258633921718	0.1095835717070704	0.08850933238818182
0.12891440020959066	0.11624003357112883	0.9726889379274182	0.02731106207258188	0.18140144073346431	0.14168797953964193	0.11006825001123731	0.08892897149854706
0.1289048706708736	0.11624003357112883	0.97266708907776	0.027332910922239943	0.181282722513089	0.14165175147021222	0.11000637303571792	0.08890712264888889
0.12889165630468538	0.11665967268149391	0.97266708907776	0.027332910922239943	0.18181818181818182	0.14212678936605316	0.11049063591893073	0.08932676175925391
0.12869466882315275	0.11665967268149391	0.9724486005811794	0.0275513994188206	0.1806367771280052	0.1417644059153493	0.109873491031468	0.08910827326267334
0.12864661505264466	0.11749895090222409	0.9724486005811794	0.0275513994188206	0.18170019467878	0.14271151885830785	0.11083873207482126	0.08994755148340361
0.12859438135591653	0.11749895090222409	0.9723612051825471	0.02763879481745286	0.18122977346278318	0.1425661914460285	0.11059234964440554	0.08986015608477116
0.12850984604097782	0.11833822912295426	0.9723612051825471	0.02763879481745286	0.18228829993535875	0.1435114503816794	0.1115554772140434	0.09069943430550143
0.12845324470240146	0.11833822912295426	0.9722738097839149	0.027726190216085123	0.18181818181818182	0.14336553126588714	0.1113089584111755	0.0906120389068692
0.1283784980850746	0.11875786823331934	0.9722738097839149	0.027726190216085123	0.18234536082474226	0.14383735705209658	0.11178961604416911	0.09103167801723422
0.12831793557801943	0.11875786823331934	0.9721645655356246	0.02783543446437545	0.1817597944765575	0.14365482233502538	0.11148201783963606	0.09092243376894382
0.12821858940504116	0.11959714645404952	0.9721645655356246	0.02783543446437545	0.18280949326491341	0.1445966514459665	0.11244129680982222	0.09176171198967409
0.12808955885045778	0.11959714645404952	0.9720116235880181	0.02798837641198191	0.18199233716475097	0.14434033932641174	0.11201113430720241	0.09160877004206758
0.12803599711639302	0.1200167855644146	0.9720116235880181	0.02798837641198191	0.18251435864709636	0.1448101265822785	0.11248952930452114	0.0920284091524326
0.1275914833227908	0.1200167855644146	0.9717931350914374	0.028206864908562564	0.1813570069752695	0.14444444444444443	0.11187809598100622	0.09180992065585203
0.12757504554273089	0.12085606378514478	0.9717931350914374	0.028206864908562564	0.1823939202026599	0.1453811206461383	0.11283172543029578	0.09264919887658207
0.12733842259097697	0.12085606378514478	0.9716183442941729	0.02838165570582709	0.18147448015122875	0.145088161209068	0.11234429574443235	0.09247440807931762
0.1273366217459081	0.12127570289550986	0.9716183442941729	0.02838165570582709	0.18198992443324938	0.14555527574918156	0.1128197747349314	0.09289404718968286
0.12723407206770124	0.12127570289550986	0.9715091000458825	0.028490899954117417	0.18141870684243566	0.14537223340040242	0.1125161524679796	0.09278480294139246
0.1271203728976874	0.12169534200587495	0.9715091000458825	0.028490899954117417	0.18193224592220827	0.14583857178777973	0.1129907854130194	0.09320444205175749
0.12711917625225866	0.12169534200587495	0.9714872511962245	0.02851274880377548	0.18181818181818182	0.14580191050779287	0.11293009351547244	0.09318259320209954
0.12711304185335617	0.12211498111624003	0.9714872511962245	0.02851274880377548	0.18233082706766918	0.14626790650917315	0.11340433756826628	0.09360223231246456
0.12709851280834106	0.12211498111624003	0.9714654023465664	0.028534597653433545	0.18221665623043207	0.14623115577889448	0.11334358105512755	0.0935803834628064
0.12709633055930392	0.12253462022660512	0.9714654023465664	0.028534597653433545	0.18272841051314143	0.14669680984677216	0.1138174371528755	0.09400002257317164
0.12703295670598	0.12253462022660512	0.9713998557975922	0.028600144202407744	0.18238600874453467	0.1465863453815261	0.11363512049901121	0.09393447602419736
0.12702822937256278	0.12295425933697021	0.9713998557975922	0.028600144202407744	0.182896379525593	0.14705144291091593	0.11410836446698033	0.09435411513456238
0.12687303643156536	0.12295425933697021	0.971290611549302	0.02870938845069807	0.1823273179838208	0.1468671679197995	0.11380491037950875	0.0942448708862722
0.1268640550612983	0.12337389844733529	0.971290611549302	0.02870938845069807	0.1828358208955224	0.14733149586569783	0.11427732084835769	0.09466450999663722
0.12681466515455533	0.12337389844733529	0.9712250650003277	0.028774934999672267	0.1824953445065177	0.1472208312468703	0.11409549195663134	0.09459896344766294
0.1267997478572011	0.12379353755770038	0.9712250650003277	0.028774934999672267	0.18300248138957817	0.1476846057571965	0.11456729618357965	0.09501860255802796
0.12655624018881875	0.12379353755770038	0.9709410299547729	0.029058970045227117	0.18153846153846154	0.1472055888223553	0.1137829008681536	0.09473456751247333
0.12651887213672386	0.12421317666806546	0.9709410299547729	0.029058970045227117	0.1820418204182042	0.14766774756797207	0.11425299589008572	0.09515420662283836
0.12622776888948756	0.12421317666806546	0.9707006926085342	0.02929930739146584	0.18081857055589493	0.1472636815920398	0.1135943050515307	0.09491386927659962
0.1262059545593265	0.12463281577843055	0.9707006926085342	0.02929930739146584	0.1813186813186813	0.14772444665506093	0.11406292804272125	0.09533350838696464
0.126204066323685	0.12463281577843055	0.9706788437588761	0.029321156241123907	0.18120805369127516	0.147687717553456	0.1140032183677044	0.09531165953730669
0.126199217648729	0.12505245488879563	0.9706788437588761	0.029321156241123907	0.18170731707317073	0.14814814814814814	0.11447146796452842	0.09573129864767171
0.12566908667156432	0.12505245488879563	0.9700670759684502	0.029932924031549738	0.17865707434052758	0.1471241668723772	0.11281521183813036	0.0951195308572459
0.12566390698364585	0.12547209399916073	0.9700670759684502	0.029932924031549738	0.17914919113241462	0.14758144126357353	0.11328018609079717	0.09553916996761092
0.12532670390299708	0.12547209399916073	0.9698704363215277	0.03012956367847233	0.17818831942789035	0.14725437084461956	0.11275437488167513	0.09534253032068851
0.12531227570328157	0.1258917331095258	0.9698704363215277	0.03012956367847233	0.1786777843954735	0.14771048744460857	0.11321813764862719	0.09576216943105353
0.12476967816436063	0.1258917331095258	0.9693679127793922	0.030632087220607836	0.1762632197414806	0.14687882496940025	0.11188814114377889	0.09525964588891789
0.12475784851106299	0.1263113722198909	0.9693679127793922	0.030632087220607836	0.17674691720493246	0.14733235438081252	0.11234924183143422	0.09567928499928313
0.12475464776985838	0.1263113722198909	0.9693460639297341	0.0306539360702659	0.1766431924882629	0.14729630535845364	0.11229183144821689	0.09565743614962496
0.1247423738162506	0.12673101133025597	0.9693460639297341	0.0306539360702659	0.17712609970674487	0.14774951076320939	0.11275257819012284	0.09607707525998999
0.12458489190284461	0.12673101133025597	0.9692586685311019	0.030741331468898164	0.1767115272088941	0.14760508308895406	0.11252295071016523	0.09598967986135776
0.1245797729581329	0.12757028955098615	0.9692586685311019	0.030741331468898164	0.1776738749269433	0.14851001465559355	0.11344287009698846	0.09682895808208802
0.12432907668955769	0.12757028955098615	0.9690401800345212	0.030959819965478818	0.17664148750726322	0.14814814814814814	0.11286972638675126	0.09661046958550745
0.1243274981636705	0.12798992866135123	0.9690401800345212	0.030959819965478818	0.17711962833914052	0.14859926918392205	0.11332828992985938	0.09703010869587247
0.12397094479465676	0.12798992866135123	0.9687124472896502	0.0312875527103498	0.1755900978698906	0.14805825242718446	0.11247494542616028	0.0967023759510015
0.12396911213393742	0.12840956777171633	0.9687124472896502	0.0312875527103498	0.1760644418872267	0.14850764377578257	0.11293174334263723	0.09712201506136653
0.12316997538744641	0.12840956777171633	0.9678603421529857	0.032139657847014357	0.17220033764772089	0.14711538461538462	0.11075226666003855	0.09626990992470197
0.12316322013525198	0.1288292068820814	0.9678603421529857	0.032139657847014357	0.17266591676040494	0.1475606825282384	0.1112049477875781	0.09668954903506699
0.12271843625126415	0.1288292068820814	0.9673796674605082	0.03262033253949179	0.17055555555555554	0.1467846043509443	0.10999992141922679	0.09620887434258951
0.12270665875417608	0.1292488459924465	0.9673796674605082	0.03262033253949179	0.17101610216546362	0.14722753346080306	0.1104502290438486	0.09662851345295476
0.12262208696934129	0.1292488459924465	0.9672704232122179	0.03272957678778212	0.17054263565891473	0.1470518023394605	0.11017847485872466	0.09651926920466436
0.12261905716358995	0.1296684851028116	0.9672704232122179	0.03272957678778212	0.1710016602102933	0.14749403341288783	0.11062807057138606	0.0969389083150296
0.1223268235947742	0.1296684851028116	0.966986388166663	0.033013611833336974	0.1697802197802198	0.1470378301213419	0.10992469541456328	0.09665487326947453
0.12231285455987118	0.13008812421317667	0.966986388166663	0.033013611833336974	0.1702361339923119	0.14747859181731685	0.11037282050429828	0.09707451237983977
0.12231164499062631	0.13008812421317667	0.966964539317005	0.03303546068299504	0.17014270032930845	0.14744351961950058	0.11031888286484484	0.0970526635301816
0.12222425510588508	0.13050776332354175	0.966964539317005	0.03303546068299504	0.17059791552386178	0.14788397527341893	0.11076668574684119	0.09747230264054663
0.12195347342059437	0.13050776332354175	0.9667460508204243	0.03325394917957569	0.1696672122204037	0.14753320683111953	0.11022841329001089	0.09725381414396606
0.12193986377748249	0.13092740243390685	0.9667460508204243	0.03325394917957569	0.17011995637949837	0.14797249229309936	0.11067504587601185	0.09767345325433108
0.12190209444000362	0.13092740243390685	0.9667242019707663	0.033275798029233764	0.17002724795640328	0.14793741109530584	0.11062132876932963	0.09765160440467313
0.12187225987303207	0.13134704154427193	0.9667242019707663	0.033275798029233764	0.170479302832244	0.14837639251007348	0.11106764257850152	0.09807124351503815
0.12159799693261066	0.13134704154427193	0.9664401669252114	0.03355983307478861	0.16928069226608977	0.14792060491493383	0.11037145324414294	0.0977872084694833
0.12159106945250753	0.131766680654637	0.9664401669252114	0.03355983307478861	0.16972972972972972	0.14835813843609733	0.11081633021596161	0.09820684757984832
0.12147813516763606	0.131766680654637	0.9663746203762372	0.03362537962376281	0.16945493793847816	0.14825306893295562	0.11065627050340135	0.09814130103087426
0.12145544676864979	0.13218631976500209	0.9663746203762372	0.03362537962376281	0.16990291262135923	0.14869011092754308	0.111100647556139	0.09856094014123928
0.12125234632636604	0.13218631976500209	0.9660905853306824	0.03390941466931766	0.1687198714515265	0.14823529411764705	0.11040961903861464	0.09827690509568443
0.1211836024733388	0.1326059588753672	0.9660905853306824	0.03390941466931766	0.16916488222698073	0.14867090096447894	0.11085257888091489	0.09869654420604945
0.12113632809033091	0.1326059588753672	0.96600318993205	0.033996810067949926	0.16880341880341881	0.14853113983548766	0.11064080977007161	0.09860914880741722
0.12112094745104328	0.13302559798573227	0.96600318993205	0.033996810067949926	0.16924719701014415	0.14896616541353383	0.1110831853297052	0.09902878791778225
0.12111347328501747	0.13302559798573227	0.9659594922327339	0.034040507767266054	0.16906666666666667	0.14889619539689997	0.1109773324848259	0.09898509021846613
0.12108601901470405	0.13344523709609735	0.9659594922327339	0.034040507767266054	0.1695095948827292	0.1493308288330594	0.11141930801811702	0.09940472932883138
0.12090316592755496	0.13344523709609735	0.9657628525858114	0.034237147414188644	0.1687002652519894	0.14901593252108716	0.11094391127998857	0.09920808968190875
0.12089467395554382	0.13386487620646245	0.9657628525858114	0.034237147414188644	0.16914103923647933	0.14944951979386273	0.11138485450862623	0.09962772879227377
0.12081613988053204	0.13386487620646245	0.965653608337521	0.03434639166247897	0.16869381279746165	0.14927468413664016	0.11112153049571355	0.09951848454398338
0.12076963320887309	0.13428451531682753	0.965653608337521	0.03434639166247897	0.16913319238900634	0.1497076023391813	0.11156180802610151	0.09993812365434862
0.12074742304493345	0.13428451531682753	0.965631759487863	0.034368240512137035	0.16904384574749076	0.14967259120673526	0.11150915883056202	0.09991627480469045
0.12067055402271426	0.1351237935375577	0.965631759487863	0.034368240512137035	0.16992084432717677	0.15053763440860216	0.11238889088982579	0.10075555302542072
0.12035975912465197	0.1351237935375577	0.96532587559265	0.03467412440734995	0.1686746987951807	0.1500465983224604	0.1116529697320414	0.1004496691302077
0.12035899952983724	0.1355434326479228	0.96532587559265	0.03467412440734995	0.16910994764397905	0.15047752154670394	0.11209126932828108	0.10086930824057294
0.1203403444099816	0.1355434326479228	0.9652821778933339	0.03471782210666608	0.16893305439330544	0.15040745052386495	0.1119865168505303	0.1008256105412566
0.12033057612933036	0.13596307175828787	0.9652821778933339	0.03471782210666608	0.1693674856246733	0.15083798882681565	0.11242442811216413	0.10124524965162185
0.12021214884570315	0.13596307175828787	0.9651947824947017	0.034805217505298344	0.16901408450704225	0.15069767441860465	0.11221498459352083	0.10115785425298962
0.12014015961031714	0.13722198908938313	0.9651947824947017	0.034805217505298344	0.1703125	0.15198698582384382	0.11352639826980365	0.10241677158408491
0.1201027500619362	0.13722198908938313	0.9651510847953855	0.03484891520461448	0.17013527575442247	0.15191637630662022	0.11342135684130443	0.10237307388476857
0.12010038017587493	0.1376416281997482	0.9651510847953855	0.03484891520461448	0.1705668226729069	0.15234556432884347	0.11385790011205235	0.1027927129951336
0.11984790437893006	0.1376416281997482	0.964976293998121	0.035023706001879	0.16986017607457277	0.1520630505331479	0.11343841357738618	0.10261792219786914
0.11982684830549879	0.1380612673101133	0.964976293998121	0.035023706001879	0.17028985507246377	0.15249130938586328	0.1138740515203201	0.10303756130823438
0.11982486564790533	0.1380612673101133	0.964954445148463	0.03504555485153707	0.1702017589239524	0.1524559777571826	0.11382168330280948	0.10301571245857621
0.1198075231289617	0.1384809064204784	0.964954445148463	0.03504555485153707	0.17063081695966908	0.15288394718554552	0.1142570268791625	0.10343535156894124
0.11975236099542431	0.1384809064204784	0.9648670497498306	0.035132950250169326	0.17027863777089783	0.15274242073594074	0.11404754971939535	0.10334795617030901
0.11974429208331046	0.13890054553084347	0.9648670497498306	0.035132950250169326	0.1707065497679216	0.15316982878297083	0.11448234052305832	0.10376759528067403
0.11956597331022678	0.13890054553084347	0.9646048635539339	0.035395136446066115	0.16965658636596617	0.15274573142593448	0.1138561401354957	0.10350540908477734
0.11950807705821735	0.13932018464120857	0.9646048635539339	0.035395136446066115	0.17008196721311475	0.15317185697808536	0.11428969484892416	0.10392504819514259
0.11938973064087659	0.13932018464120857	0.9645174681553016	0.03548253184469838	0.16973415132924335	0.15303065222401474	0.1140816999355614	0.10383765279651014
0.11938757226088238	0.13973982375157365	0.9645174681553016	0.03548253184469838	0.17015840572304547	0.1534562211981567	0.11451470914580332	0.10425729190687516
0.11912025027944657	0.13973982375157365	0.9642334331097467	0.035766566890253225	0.16903553299492385	0.15299793246037216	0.11384131389746155	0.1039732568613203
0.11910454104996594	0.14015946286193873	0.9642334331097467	0.035766566890253225	0.16945712836123794	0.15342214056040424	0.1142730186742232	0.10439289597168555
0.11902741733940315	0.14015946286193873	0.9641678865607726	0.035832113439227424	0.1691995947315096	0.15331650218039936	0.11411816320631471	0.10432734942271127
0.11902404706334162	0.1405791019723038	0.9641678865607726	0.035832113439227424	0.16962025316455695	0.15374024782010096	0.11454941396331415	0.10474698853307629
0.11887729977399793	0.1405791019723038	0.9640149446131661	0.035985055386833886	0.16902119071644803	0.15349369988545247	0.11418864938703376	0.10459404658546978
0.11887627865081246	0.1409987410826689	0.9640149446131661	0.035985055386833886	0.16944024205748864	0.1539166284928997	0.11461911298427799	0.10501368569583502
0.11873202549631473	0.1409987410826689	0.9638620026655597	0.03613799733444034	0.16884422110552763	0.15367024925680312	0.11425936870439167	0.10486074374822851
0.11871248874608781	0.141418380193034	0.9638620026655597	0.03613799733444034	0.16926167754897037	0.1540923639689072	0.11468904973324805	0.10528038285859376
0.11864897995747682	0.141418380193034	0.9637309095676113	0.03626909043238873	0.16875312969454181	0.15388127853881278	0.11438146810547975	0.10514928976064519
0.11859365852602304	0.14183801930339907	0.9637309095676113	0.03626909043238873	0.16916916916916916	0.1543026706231454	0.11481045374451135	0.10556892887101044
0.11837172776710887	0.14183801930339907	0.9634687233717145	0.03653127662828552	0.1681592039800995	0.1538811745959481	0.11419778395319014	0.10530674267511353
0.11835637314766738	0.14225765841376417	0.9634687233717145	0.03653127662828552	0.16857284932869218	0.15430131998179336	0.11462558529580187	0.10572638178547877
0.11807675190711238	0.14225765841376417	0.9631846883261597	0.036815311673840376	0.1674901185770751	0.15384615384615385	0.11396598003010551	0.10544234673992392
0.11807297757532392	0.14267729752412925	0.9631846883261597	0.036815311673840376	0.16790123456790124	0.1542649727767695	0.11439252619475092	0.10586198585028894
0.11795501650392663	0.14267729752412925	0.9630535952282112	0.03694640477178877	0.1674052191038897	0.15405527865881286	0.11408940441979772	0.10573089275234038
0.11793272991811406	0.14309693663449433	0.9630535952282112	0.03694640477178877	0.16781496062992127	0.15447338618346546	0.11451527132819574	0.10615053186270562
0.11775255787867861	0.14309693663449433	0.9627695601826564	0.037230439817343614	0.16674816625916872	0.15401987353206864	0.11386131269953113	0.10586649681715077
0.11771611898909097	0.1439362148552245	0.9627695601826564	0.037230439817343614	0.16756228627259404	0.1548532731376975	0.11471038122402778	0.10670577503788081
0.11748174374861697	0.1439362148552245	0.9624855251371015	0.03751447486289847	0.16650485436893203	0.15440018005851902	0.11405956254117264	0.10642173999232596
0.117472622010239	0.1443558539655896	0.9624855251371015	0.03751447486289847	0.16690926734594858	0.1548154815481548	0.11448277738317203	0.1068413791026912
0.11744187948968281	0.1443558539655896	0.9623981297384693	0.03760187026153073	0.1665859564164649	0.15467625899280577	0.11428324830813033	0.10675398370405897
0.11744156124443204	0.1447754930759547	0.9623981297384693	0.03760187026153073	0.1669893514036786	0.15509103169251517	0.11470595847607891	0.107173622814424
0.11739669413942296	0.1447754930759547	0.962288885490179	0.03771111450982106	0.16658619024625784	0.15491692860350248	0.11445683608335486	0.1070643785661336
0.11738595418488408	0.14519513218631977	0.962288885490179	0.03771111450982106	0.166988416988417	0.155331088664422	0.11487896495094754	0.10748401767649884
0.11732190529614343	0.14519513218631977	0.9622014900915467	0.03779850990845332	0.16666666666666666	0.15519174702848174	0.11467989753804372	0.1073966222778664
0.11730402456960369	0.14561477129668485	0.9622014900915467	0.03779850990845332	0.16706788637457873	0.1556053811659193	0.11510152588950102	0.10781626138823142
0.11729481369288179	0.14561477129668485	0.9621796412418886	0.037820358758111385	0.16698748796920115	0.15557049988791752	0.11505175623674406	0.10779441253857347
0.11728883091091996	0.14603441040704992	0.9621796412418886	0.037820358758111385	0.1673881673881674	0.15598386373823397	0.11547311997996654	0.10821405164893849
0.1172866112081357	0.14603441040704992	0.9621577923922305	0.03784220760776945	0.1673076923076923	0.15594891328702667	0.11542330242194664	0.10819220279928055
0.11728003281886278	0.14645404951741503	0.9621577923922305	0.03784220760776945	0.16770783277270543	0.15636200716845877	0.11584440205195903	0.10861184190964557
0.11724704394814826	0.14645404951741503	0.9620922458432564	0.03790775415674365	0.16746641074856047	0.15625699574658608	0.11569489662779497	0.10854629536067151
0.11724648628509132	0.1468736886277801	0.9620922458432564	0.03790775415674365	0.16786570743405277	0.1566696508504924	0.11611557726300911	0.10896593447103653
0.11722445016206935	0.1468736886277801	0.9620485481439403	0.037951451856059776	0.16770483948251078	0.15659955257270694	0.11601590227242922	0.10892223677172042
0.11722230692993031	0.14729332773814519	0.9620485481439403	0.037951451856059776	0.16810344827586207	0.15701185417132632	0.11643624265764847	0.10934187588208544
0.11720970806995906	0.14729332773814519	0.9620266992942822	0.03797330070571785	0.16802297750119674	0.1569767441860465	0.11638637285860494	0.10932002703242727
0.11716126679729592	0.1477129668485103	0.9620266992942822	0.03797330070571785	0.16842105263157894	0.15738877710708696	0.1168064511047622	0.10973966614279251
0.11694333269828099	0.1477129668485103	0.9617863619480435	0.038213638051956565	0.16753926701570682	0.15700267618198038	0.11625901288829196	0.10949932879655377
0.11692692997968196	0.14813260595887537	0.9617863619480435	0.038213638051956565	0.16793529971455756	0.15741360089186177	0.11667806061306794	0.1099189679069188
0.1164756448786594	0.14813260595887537	0.9611527453079596	0.038847254692040464	0.1656499296105115	0.15640230394328755	0.11524973488473436	0.10928535126683503
0.11643581340737415	0.14855224506924045	0.9611527453079596	0.038847254692040464	0.16604127579737335	0.1568106312292359	0.11566639747942868	0.10970499037720005
0.11636007539855381	0.14855224506924045	0.9610435010596692	0.03895649894033079	0.16565278427702387	0.15663716814159293	0.1154222288460214	0.10959574612890965
0.1163431353614548	0.14897188417960555	0.9610435010596692	0.03895649894033079	0.16604303086997194	0.157044901570449	0.11583833654549654	0.11001538523927468
0.11625399107183938	0.14897188417960555	0.9608905591120628	0.03910944088793725	0.1655011655011655	0.15680212014134276	0.11549718001373538	0.10986244329166839
0.11620151442401522	0.14939152328997063	0.9608905591120628	0.03910944088793725	0.16589002795899346	0.15720909693088983	0.11591258592730166	0.11028208240203341
0.11599350948279591	0.14939152328997063	0.9605846752168499	0.039415324783150164	0.1648148148148148	0.1567246313009025	0.11523340984671986	0.10997619850682039
0.11598374393117843	0.1498111624003357	0.9605846752168499	0.039415324783150164	0.16520129569643682	0.15713028169014084	0.11564759941410882	0.11039583761718563
0.11594701439107297	0.1498111624003357	0.9605191286678756	0.03948087133212436	0.16497227356746766	0.1570266109522762	0.11550255929061155	0.11033029106821135
0.11591339922132393	0.15023080151070078	0.9605191286678756	0.03948087133212436	0.1653579676674365	0.15743183817062445	0.11591635181194675	0.11074993017857637
0.1156607273751733	0.15023080151070078	0.9603443378706111	0.03965566212938889	0.16474919466175794	0.15715539947322213	0.11553022112056544	0.11057513938131192
0.11555540395691259	0.1506504406210659	0.9603443378706111	0.03965566212938889	0.16513339466421342	0.1575597981127935	0.11594325109671033	0.11099477849167694
0.11543368204936204	0.1506504406210659	0.9602132447726627	0.03978675522733728	0.1646788990825688	0.15735261889108043	0.11565438372321069	0.1108636853937286
0.11539269572859374	0.15107007973143097	0.9602132447726627	0.03978675522733728	0.16506189821182943	0.15775635407537247	0.11606680138021697	0.11128332450409362
0.11534659540522463	0.15107007973143097	0.9601476982236885	0.03985230177631148	0.16483516483516483	0.15765272607838843	0.11592252322895065	0.11121777795511956
0.11533911725878186	0.15148971884179604	0.9601476982236885	0.03985230177631148	0.16521739130434782	0.15805604203152365	0.11633454931708882	0.11163741706548458
0.11481146839351415	0.15148971884179604	0.9594922327339466	0.04050776726605344	0.16297968397291196	0.15702479338842976	0.11490314357800814	0.11098195157574264
0.11473216748601495	0.15190935795216115	0.9594922327339466	0.04050776726605344	0.16335740072202165	0.15742552728854098	0.11531283765389255	0.11140159068610767
0.11467456927841113	0.15190935795216115	0.9594485350346305	0.04055146496536957	0.16321009918845808	0.15735709628341665	0.11521813312745266	0.11135789298679155
0.11467266504990963	0.15232899706252623	0.9594485350346305	0.04055146496536957	0.16358720144209105	0.1577574967405476	0.1156275152370979	0.11177753209715657
0.11464104118192497	0.15232899706252623	0.9594266861849724	0.040573313815027635	0.1635135135135135	0.15772322398435804	0.11558013191133162	0.11175568324749863
0.11461340717603541	0.1527486361728913	0.9594266861849724	0.040573313815027635	0.16389013957676724	0.158123370981755	0.11598927384887439	0.11217532235786365
0.11455629112559527	0.1527486361728913	0.9593829884856562	0.04061701151434377	0.16374269005847952	0.1580547112462006	0.11589444536595168	0.11213162465854754
0.11454834405214985	0.1531682752832564	0.9593829884856562	0.04061701151434377	0.16411870503597123	0.1584545257217278	0.11630327665151872	0.11255126376891256
0.11454409295134942	0.1531682752832564	0.9593392907863401	0.0406607092136599	0.16397124887690925	0.15838576697765241	0.11620841339695488	0.11250756606959644
0.11451443378376068	0.15400755350398657	0.9593392907863401	0.0406607092136599	0.16472172351885098	0.1591845586640642	0.11702528810586395	0.11334684429032671
0.11434701145025505	0.15400755350398657	0.9590989534401013	0.040901046559898624	0.1639124609200536	0.15880571181306793	0.116503893928145	0.11310650694408797
0.11434328388454375	0.15442719261435164	0.9590989534401013	0.040901046559898624	0.16428571428571428	0.15920398009950248	0.11691130622353893	0.11352614605445299
0.11432362184634805	0.15442719261435164	0.9590552557407852	0.04094474425921475	0.1641391614629795	0.15913513513513514	0.11681671237381584	0.11348244835513688
0.1141931609948727	0.15484683172471675	0.9590552557407852	0.04094474425921475	0.1645118145341061	0.15953307392996108	0.11722381822145712	0.1139020874655019
0.11411317641682371	0.15484683172471675	0.9589023137931788	0.041097686206821214	0.164	0.1592920353982301	0.11689308285999321	0.11374914551789561
0.11408998013732356	0.15526647083508183	0.9589023137931788	0.041097686206821214	0.16437139049311417	0.15968925334484246	0.11729953480713909	0.11416878462826063
0.11391624188602556	0.15526647083508183	0.9587275229959142	0.041272477004085734	0.1637892872952634	0.15941404566996983	0.11692257278489171	0.11399399383099595
0.11390510302678143	0.1556861099454469	0.9587275229959142	0.041272477004085734	0.16415929203539822	0.15981046737023477	0.11732830505754613	0.1144136329413612
0.11388081451400689	0.1556861099454469	0.9586838252965981	0.04131617470340187	0.16401414677276746	0.1597416576964478	0.11723418782698668	0.11436993524204508
0.11387692889300256	0.156105749055812	0.9586838252965981	0.04131617470340187	0.1643835616438356	0.16013775290572535	0.11763961774418275	0.1147895743524101
0.11380103316229816	0.156105749055812	0.9585745810483078	0.041425418951692196	0.164021164021164	0.15996559879595787	0.11740443604757969	0.11468033010411993
0.11379417834694622	0.1565253881661771	0.9585745810483078	0.041425418951692196	0.16438959894226532	0.16036113499570076	0.1178093580718961	0.11509996921448495
0.11366333865351469	0.1565253881661771	0.9583779414013852	0.041622058598614786	0.16374012291483758	0.16005149109633127	0.11738704805322485	0.11490332956756233
0.11365129524145993	0.15694502727654217	0.9583779414013852	0.041622058598614786	0.16410706450197454	0.16044616044616045	0.11779119086680838	0.11532296867792735
0.11355365608079565	0.15694502727654217	0.9581813017544626	0.04181869824553737	0.16346153846153846	0.16013701562834512	0.1173703542424237	0.11512632903100473
0.11355308496218997	0.15736466638690727	0.9581813017544626	0.04181869824553737	0.16382699868938402	0.1605308219178082	0.11777372267539458	0.11554596814136975
0.11342130961269005	0.15736466638690727	0.9579191155585658	0.04208088444143416	0.16297262059973924	0.16011955593509822	0.11721501109537702	0.11528378194547306
0.11340445966223577	0.15778430549727235	0.9579191155585658	0.04208088444143416	0.1633362293657689	0.16051227321237993	0.11761740775971165	0.11570342105583808
0.11323112411288243	0.15778430549727235	0.9575695339640368	0.042430466035963205	0.1622088006902502	0.1599659646883642	0.1168770365070075	0.11535383946130917
0.11321804852709504	0.15820394460763743	0.9575695339640368	0.042430466035963205	0.16257007330746012	0.16035729476818375	0.1172782018765544	0.1157734785716742
0.11320504536741009	0.15820394460763743	0.9575258362647207	0.04247416373527934	0.16242998707453685	0.1602891156462585	0.11718597208049038	0.11572978087235808
0.1131941529010902	0.15862358371800253	0.9575258362647207	0.04247416373527934	0.16279069767441862	0.16068012752391073	0.11758684614494479	0.1161494199827231
0.1131889417938331	0.15862358371800253	0.9575039874150626	0.042496012584937404	0.16272061988807576	0.16064598385040374	0.11754070203560547	0.11612757113306515
0.11316084115563274	0.1590432228283676	0.9575039874150626	0.042496012584937404	0.16308089500860584	0.1610367537709794	0.11794135184342196	0.11654721024343018
0.11309035029167935	0.1590432228283676	0.9574165920164304	0.04258340798356967	0.16280068728522337	0.16090002122691574	0.11775675847076318	0.11645981484479795
0.11307404296093615	0.1594628619387327	0.9574165920164304	0.04258340798356967	0.16316015457277802	0.16129032258064516	0.11815698574898413	0.11687945395516297
0.11282066521392912	0.1594628619387327	0.9570888592715594	0.04291114072844065	0.1621160409556314	0.16077850645229533	0.117467291594309	0.116551721210292
0.11278340167579648	0.16030214015946287	0.9570888592715594	0.04291114072844065	0.1628303495311168	0.16155635440896596	0.11826530192093988	0.11739099943102227
0.1125879501929858	0.16030214015946287	0.9567174288273722	0.04328257117262776	0.16165890816758358	0.16097766540244415	0.11748807467341331	0.11701956898683497
0.11258370655129617	0.16072177926982795	0.9567174288273722	0.04328257117262776	0.1620135363790186	0.16136507267748051	0.11788573997839988	0.11743920809720021
0.11239119698240775	0.16072177926982795	0.9564552426314754	0.04354475736852455	0.1611952861952862	0.16095818449254046	0.11734053140379683	0.1171770219013033
0.11238233559803212	0.16114141838019302	0.9564552426314754	0.04354475736852455	0.16154816996213714	0.16134453781512606	0.1177372686190618	0.11759666101166832
0.11237941490362707	0.16114141838019302	0.9564333937818174	0.04356660621818261	0.1614802354920101	0.16131064902331443	0.11769192567389736	0.11757481216201038
0.11237369591166602	0.16156105749055813	0.9564333937818174	0.04356660621818261	0.16183270281630938	0.1616967660646787	0.1180884462102665	0.1179944512723754
0.11227713100009758	0.16156105749055813	0.956280451834211	0.043719548165789074	0.16135792120704107	0.16145942545607045	0.11777126274176819	0.11784150932476911
0.11225988519557506	0.1619806966009232	0.956280451834211	0.043719548165789074	0.16170925848345202	0.16184486373165619	0.11816718295380979	0.11826114843513413
0.11222093971504404	0.1619806966009232	0.9561930564355787	0.04380694356442133	0.1614387285654538	0.16170925848345202	0.11798620167173697	0.1181737530365019
0.11219891767000861	0.16240033571128829	0.9561930564355787	0.04380694356442133	0.16178929765886288	0.16209424083769633	0.11838171543310508	0.11859339214686693
0.11204073192524715	0.16240033571128829	0.9560182656383142	0.043981734361685856	0.16125	0.1618231235626176	0.1180203770245119	0.11841860134960247
0.11200165591326612	0.1628199748216534	0.9560182656383142	0.043981734361685856	0.1615993336109954	0.16220735785953178	0.11841523205516573	0.11883824045996749
0.11174578744547121	0.1628199748216534	0.955624986344469	0.04437501365553104	0.16039685820587019	0.1615993336109954	0.11760655894296358	0.11844496116612246
0.11169458737764137	0.16323961393201847	0.955624986344469	0.04437501365553104	0.16074380165289257	0.16198209452425566	0.11800013029617362	0.11886460027648749
0.11161057465536868	0.16323961393201847	0.9555594397954947	0.044440560204505236	0.16054477919933965	0.1618809821057012	0.11786589414033824	0.1187990537275132
0.11160747836758828	0.16365925304238355	0.9555594397954947	0.044440560204505236	0.1608910891089109	0.16226336592469315	0.11825912939221668	0.11921869283787823
0.11153416980373966	0.16365925304238355	0.9553846489982303	0.044615351001769755	0.16036184210526316	0.16199376947040497	0.11790167923967973	0.11904390204061377
0.11151398093330485	0.16407889215274862	0.9553846489982303	0.044615351001769755	0.1607069461570078	0.16237541528239202	0.11829426801169202	0.11946354115097879
0.11149246705680511	0.16407889215274862	0.955319102449256	0.044680897550743955	0.16050903119868637	0.1622743307740195	0.11816041605512752	0.11939799460200451
0.11144845766724067	0.16449853126311373	0.955319102449256	0.044680897550743955	0.16085350841198195	0.16265560165975104	0.1185526714617148	0.11981763371236975
0.11134802364927683	0.16449853126311373	0.9552535559002818	0.04474644409971815	0.16065573770491803	0.1625544267053701	0.11841883926039826	0.11975208716339547
0.1113219157633016	0.1649181703734788	0.9552535559002818	0.04474644409971815	0.16099959033183123	0.16293532338308458	0.1188107622180472	0.12017172627376072
0.11116772211738306	0.1649181703734788	0.9550569162533593	0.04494308374664074	0.16040816326530613	0.16263190564866542	0.11840993972220237	0.11997508662683809
0.11114253642468387	0.16533780948384388	0.9550569162533593	0.04494308374664074	0.16075071399428806	0.16301199834505586	0.1188011617366761	0.12039472573720311
0.11097813774722987	0.16533780948384388	0.9548384277567786	0.04516157224322139	0.16009752133279154	0.16267547481420314	0.11835734011604271	0.12017623724062254
0.11097141860191007	0.16617708770457407	0.9548384277567786	0.04516157224322139	0.1607795371498173	0.16343375980189848	0.11913812359448758	0.12101551546135259
0.11077768312447618	0.16617708770457407	0.954641788109856	0.04535821189014398	0.16019417475728157	0.1631307929969104	0.1187395073258849	0.12081887581443018
0.1107317516242281	0.16701636592530425	0.954641788109856	0.04535821189014398	0.1608730800323363	0.16388717315215154	0.11951861938131852	0.12165815403516023
0.11052137876809946	0.16701636592530425	0.9543577530643012	0.045642246935698835	0.160032167269803	0.16344969199178644	0.1189444547822309	0.12137411898960537
0.11051437402231774	0.16743600503566933	0.9543577530643012	0.045642246935698835	0.16036977491961416	0.1638267296243071	0.11933301150408952	0.1217937580999704
0.11024323479345866	0.16743600503566933	0.9541829622670366	0.04581703773296336	0.15985576923076922	0.16355810616929697	0.11898105737175999	0.12161896730270594
0.11022006017871011	0.1678556441460344	0.9541829622670366	0.04581703773296336	0.16019223067681218	0.16393442622950818	0.11936899239960341	0.12203860641307096
0.11020529775309688	0.1678556441460344	0.9541174157180624	0.045882584281937554	0.16	0.16383370878558262	0.11923719289159593	0.1219730598640969
0.11020387942091801	0.16827528325639948	0.9541174157180624	0.045882584281937554	0.1603358656537385	0.1642096642096642	0.11962480733923489	0.12239269897446192
0.11007494155062954	0.16827528325639948	0.9540300203194302	0.04596997968056982	0.1600798403193613	0.16407528641571195	0.11944914287312826	0.1223053035758297
0.11005693995322359	0.1686949223667646	0.9540300203194302	0.04596997968056982	0.160415003990423	0.16445080793618327	0.11983637813315433	0.12272494268619472
0.10960342902132277	0.1686949223667646	0.9535493456269527	0.04645065437304726	0.15901898734177214	0.16371411117898596	0.11887513502179442	0.12224426799371724
0.10954197074569494	0.16911456147712967	0.9535493456269527	0.04645065437304726	0.15935152234084618	0.16408794788273615	0.11926093019557221	0.12266390710408226
0.10917545517270305	0.16911456147712967	0.953003124385501	0.0469968756144989	0.1577916992952232	0.16325703868746202	0.11817971960590881	0.12211768586263072
0.1091731438995069	0.16953420058749474	0.953003124385501	0.0469968756144989	0.15812133072407045	0.16362899959497773	0.1185639177022017	0.12253732497299574
0.10916835452682601	0.16953420058749474	0.952981275535843	0.04701872446415696	0.15805946791862285	0.16359586960923264	0.11852088560147554	0.1225154761233378
0.10916657490901412	0.16995383969785985	0.952981275535843	0.04701872446415696	0.1583887368009386	0.16396761133603238	0.11890488894771215	0.12293511523370282
0.10897680113527451	0.16995383969785985	0.952653542790972	0.04734645720902794	0.15746500777604977	0.16347124117053483	0.11826104475421144	0.12260738248883185
0.1089723575319778	0.17037347880822493	0.952653542790972	0.04734645720902794	0.1577924601632336	0.1638418079096045	0.11864404742330441	0.12302702159919687
0.1087882910746034	0.17037347880822493	0.9523476588957591	0.04765234110424086	0.1569385388480866	0.16338028169014085	0.11804652422050085	0.12272113770398407
0.10876720627045929	0.17079311791859	0.9523476588957591	0.04765234110424086	0.15726429675425038	0.16374974854154092	0.11842859156310666	0.1231407768143491
0.10874269356892502	0.17079311791859	0.952303961196443	0.047696038803556995	0.15714285714285714	0.16368389302232053	0.11834344543203083	0.12309707911503298
0.1087304858895779	0.1712127570289551	0.952303961196443	0.047696038803556995	0.15746815901196448	0.1640530759951749	0.11872526479322582	0.12351671822539823
0.10863103936663983	0.1712127570289551	0.9521291703991784	0.047870829600821514	0.15698345517506734	0.16378964271376958	0.11838504188454461	0.12334192742813355
0.10862569315786197	0.1716323961393202	0.9521291703991784	0.047870829600821514	0.15730769230769232	0.16415813766807144	0.11876627407449675	0.12376156653849857
0.10848873119422442	0.1716323961393202	0.9518888330529398	0.04811116694706024	0.156644963615473	0.16379655586704045	0.11829996619883851	0.12352122919226005
0.10845885936165993	0.17205203524968526	0.9518888330529398	0.04811116694706024	0.15696784073506892	0.16416416416416416	0.11868044552293854	0.12394086830262507
0.10831466720001452	0.17205203524968526	0.9516921934060172	0.04830780659398283	0.1564288439526898	0.16386890487609912	0.11830022782747274	0.12374422865570245
0.10828739882377995	0.17289131347041545	0.9516921934060172	0.04830780659398283	0.15707205489897064	0.16460247702756692	0.11905978213937739	0.12458350687643271
0.1078478602953142	0.17289131347041545	0.9511459721645655	0.048854027835434466	0.1555891238670695	0.16378453587755915	0.11800929316134032	0.12403728563498095
0.10784439466003555	0.17331095258078053	0.9511459721645655	0.048854027835434466	0.15590788976972442	0.16414944356120828	0.11838748763092315	0.12445692474534598
0.10770051900710374	0.17331095258078053	0.9509274836679849	0.04907251633201512	0.1553215494546822	0.1638238794129314	0.11797018277611641	0.1242384362487654
0.1076600408014717	0.1741502308015107	0.9509274836679849	0.04907251633201512	0.155956407365652	0.16455194290245836	0.11872508541422529	0.12507771446949567
0.10760867425172682	0.1741502308015107	0.9508182394196946	0.04918176058030545	0.15566391597899476	0.16438898791839968	0.11851661542591795	0.12496847022120527
0.10760792931936791	0.17456986991187579	0.9508182394196946	0.04918176058030545	0.15598050243719536	0.16475247524752476	0.11889360061009233	0.1253881093315703
0.10756082625800868	0.17456986991187579	0.9506652974720881	0.0493347025279119	0.15557217651458488	0.16452442159383032	0.11860217499966055	0.12523516738396379
0.10753206239121488	0.17582878724297105	0.9506652974720881	0.0493347025279119	0.15651849084796413	0.16561264822134386	0.11973122075104524	0.12649408471505907
0.10741873208707932	0.17582878724297105	0.9504031112761913	0.04959688872380869	0.15582000743770918	0.16522082018927445	0.11923188245029402	0.1262318985191624
0.10741612040754954	0.17624842635333612	0.9504031112761913	0.04959688872380869	0.15613382899628253	0.16558249556475457	0.11960732869365678	0.1266515376295274
0.10737135639430295	0.17624842635333612	0.9502283204789268	0.04977167952107322	0.15567086730911786	0.16532178704979333	0.11927554040972518	0.12647674683226295
0.10731667992912623	0.17666806546370123	0.9502283204789268	0.04977167952107322	0.15598369766580214	0.1656828020464384	0.11965043109202617	0.12689638594262798
0.10730434353361094	0.17666806546370123	0.9501846227796107	0.04981537722038935	0.15586819696408738	0.16561762391817467	0.11956756768148662	0.12685268824331186
0.1072988017421939	0.1770877045740663	0.9501846227796107	0.04981537722038935	0.15618060695780903	0.16597836774827926	0.11994222548856558	0.1272723273536771
0.10725884673138274	0.1770877045740663	0.9500972273809783	0.04990277261902161	0.15594974131559497	0.16584790725093337	0.1197765133527351	0.12718493195504466
0.1072400014427523	0.17750734368443138	0.9500972273809783	0.04990277261902161	0.15626154414480975	0.1662082514734774	0.1201508322179329	0.12760457106540968
0.10712907938854051	0.17750734368443138	0.9497257969367913	0.05027420306320872	0.15528634361233482	0.1656549833561778	0.11944902805148423	0.1272331406212226
0.10711262637151846	0.17834662190516157	0.9497257969367913	0.05027420306320872	0.15590608950843726	0.1663730671364259	0.12019548961644595	0.12807241884195286
0.10682084046159301	0.17834662190516157	0.9492669710939718	0.0507330289060281	0.15471423370950127	0.16569200779727095	0.11933380812209676	0.12761359299913333
0.10679136452654525	0.17918590012589172	0.9492669710939718	0.0507330289060281	0.15532921062204438	0.16640685892439594	0.12007757383408245	0.1284528712198636
0.10664746727548151	0.17918590012589172	0.9490921802967074	0.05090781970329262	0.1548784911135292	0.16614785992217898	0.11975062594807005	0.12827808042259914
0.10663943456667863	0.17960553923625683	0.9490921802967074	0.05090781970329262	0.1551849166062364	0.16650457109511768	0.1201219093972628	0.12869771953296416
0.10661158701506468	0.17960553923625683	0.9490266337477332	0.05097336625226682	0.15501629844259326	0.16640746500777606	0.11999945139883436	0.1286321729839901
0.10660935784853037	0.1800251783466219	0.9490266337477332	0.05097336625226682	0.1553222302679218	0.16676384839650146	0.12037045762747821	0.12905181209435512
0.10660321523112869	0.1800251783466219	0.9490047848980752	0.05099521510192488	0.15526601520086863	0.16673144189661873	0.12032962322321943	0.12902996324469695
0.10655411223314974	0.18044481745698698	0.9490047848980752	0.05099521510192488	0.15557163531114326	0.16708762385855838	0.12070045612067533	0.1294496023550622
0.1064736147219799	0.18044481745698698	0.9488955406497848	0.05110445935021521	0.15529071867100036	0.1669254658385093	0.1204963005871242	0.1293403581067718
0.1064593325018524	0.18128409567771717	0.9488955406497848	0.05110445935021521	0.1559003969686034	0.16763678696158324	0.12123708710567571	0.13017963632750185
0.10617251190875697	0.18128409567771717	0.9482400751600428	0.05175992483995718	0.15423063191717243	0.16666666666666666	0.12001860249367947	0.1295241708377599
0.10616946979400683	0.18170373478808224	0.9482400751600428	0.05175992483995718	0.15453247680228407	0.16702025072324012	0.1203872843632015	0.12994380994812516
0.10616121918222039	0.18170373478808224	0.9481963774607267	0.05180362253927331	0.15442225392296718	0.16695585116637748	0.12030652587869219	0.12990011224880904
0.10615967810909138	0.18212337389844732	0.9481963774607267	0.05180362253927331	0.15472370766488414	0.16730917501927525	0.12067498748682873	0.13031975135917406
0.1057788434955485	0.18212337389844732	0.9474535165723524	0.05254648342764753	0.15287072912997535	0.16621983914209115	0.11931119139788893	0.12957689047079968
0.10576328839263067	0.1829626521191775	0.9474535165723524	0.05254648342764753	0.1534670890531503	0.1669218989280245	0.1200443516017754	0.13041616869152994
0.10576061156972198	0.1829626521191775	0.9474316677226944	0.0525683322773056	0.1534130893736805	0.16688995215311006	0.12000444658344524	0.130394319841872
0.1057399853462404	0.18338229122954258	0.9474316677226944	0.0525683322773056	0.15371086880056278	0.16724071947952546	0.1203708019534276	0.13081395895223702
0.10560262979227787	0.18338229122954258	0.9472131792261137	0.05278682077388625	0.1531720995443393	0.16692131398013751	0.11997220860966475	0.13059547045565623
0.10560008890411797	0.1838019303399077	0.9472131792261137	0.05278682077388625	0.153468815697267	0.16727133855260645	0.12033795289113189	0.13101510956602147
0.10550131887094229	0.1838019303399077	0.9471257838274815	0.052874216172518515	0.15325402379286215	0.1671436748712078	0.1201788014974212	0.13092771416738924
0.10548673401896347	0.18422156945027277	0.9471257838274815	0.052874216172518515	0.1535501923749563	0.1674933231590996	0.1205442329036341	0.13134735327775426
0.10507119249191992	0.18422156945027277	0.946317376390133	0.05368262360986694	0.15158839779005526	0.1663193786702027	0.1190831934652701	0.13053894584040582
0.1050694612866289	0.18464120856063784	0.946317376390133	0.05368262360986694	0.15188125647221262	0.16666666666666666	0.11944670514659173	0.13095858495077084
0.10499841480322114	0.18464120856063784	0.9461862832921847	0.05381371670781533	0.15156734412676542	0.16647748770336737	0.11921166059568762	0.1308274918528225
0.1049483652434451	0.18506084767100295	0.9461862832921847	0.05381371670781533	0.1518595041322314	0.16682428598449026	0.11957476931680465	0.13124713096318752
0.1048778299192416	0.18506084767100295	0.9459459459459459	0.05405405405405406	0.15128644939965694	0.1664779161947905	0.11914487691531064	0.13100679361694878
0.10487536346837016	0.18548048678136803	0.9459459459459459	0.05405405405405406	0.15157750342935528	0.1668239290432157	0.1195073443090569	0.13142643272731402
0.10485518656742625	0.18548048678136803	0.9458367016976557	0.054163298302344384	0.1513180417665183	0.16666666666666666	0.11931235985262267	0.13131718847902363
0.1048336559845043	0.1859001258917331	0.9458367016976557	0.054163298302344384	0.15160848733744012	0.16701225259189445	0.11967447588146889	0.13173682758938865
0.104768925020417	0.1859001258917331	0.9456837597500491	0.05431624024995084	0.15124615909866848	0.1667921686746988	0.11940185376859282	0.13158388564178214
0.10474006869029713	0.1867394041124633	0.9456837597500491	0.05431624024995084	0.15182531559194815	0.16748212269476853	0.12012508353715926	0.1324231638625124
0.10462203883314573	0.1867394041124633	0.9454434224038104	0.05455657759618956	0.1512576478585996	0.1671361502347418	0.11969725189128569	0.13218282651627367
0.10461065419167248	0.18715904322282836	0.9454434224038104	0.05455657759618956	0.15154604145429834	0.16748028539241458	0.12005817878209096	0.1326024656266387
0.10457750204399156	0.18715904322282836	0.9453997247044943	0.05460027529550569	0.15144312393887946	0.16741741741741742	0.11998050858178172	0.13255876792732257
0.1045606815732954	0.18757868233319344	0.9453997247044943	0.05460027529550569	0.15173116089613034	0.1677613060611747	0.12034123042483899	0.13297840703768782
0.1042807550862558	0.18757868233319344	0.9448535034630426	0.05514649653695733	0.15045439246045103	0.16697796040343668	0.11937462897126762	0.13243218579623606
0.10427824073742918	0.18841796055392362	0.9448535034630426	0.05514649653695733	0.15102589976454758	0.16766243465272593	0.12009339988343815	0.13327146401696632
0.10427645402368764	0.18841796055392362	0.9448316546133846	0.05516834538661539	0.15097511768661734	0.16763113683031547	0.12005485120427226	0.13324961516730816
0.10425069976441226	0.1888375996642887	0.9448316546133846	0.05516834538661539	0.15126050420168066	0.167973124300112	0.12041402656967888	0.1336692542776734
0.10405812405411835	0.1888375996642887	0.9443509799209071	0.05564902007909284	0.15015015015015015	0.16728624535315986	0.11956895277657764	0.13318857958519592
0.10404779583157191	0.1892572387746538	0.9443509799209071	0.05564902007909284	0.1504336224149433	0.1676268351607508	0.11992700234353744	0.13360821869556094
0.10404655491265287	0.1892572387746538	0.944329131071249	0.0556708689287509	0.1503834611537179	0.16759568933481978	0.11988872543818413	0.13358636984590277
0.10403944377061662	0.18967687788501889	0.944329131071249	0.0556708689287509	0.15066666666666667	0.16793609511424856	0.12024662136315552	0.13400600895626802
0.10390899684457794	0.18967687788501889	0.94397954947672	0.05602045052327995	0.14986737400530503	0.16743841452120764	0.11963558519158234	0.13365642736173888
0.10388366621512246	0.19051615610574907	0.94397954947672	0.05602045052327995	0.1504307488402916	0.16811701536752452	0.12034959154315587	0.13449570558246915
0.10382679419184615	0.19051615610574907	0.9438266075291136	0.05617339247088641	0.15008264462809917	0.16789940828402367	0.12008287860296642	0.13434276363486264
0.10382031300273353	0.19093579521611415	0.9438266075291136	0.05617339247088641	0.15036351619299404	0.16823812164910334	0.12043940387676466	0.13476240274522766
0.10355668832551794	0.19093579521611415	0.943280386287662	0.056719613712338045	0.14913143231727302	0.1674641148325359	0.11949188778291792	0.13421618150377612
0.10352446829799855	0.19135543432647922	0.943280386287662	0.056719613712338045	0.14941022280471822	0.16780128794848206	0.11984717989679328	0.13463582061414114
0.10350085336789883	0.19135543432647922	0.9432366885883459	0.05676331141165418	0.14931237721021612	0.16773956225859848	0.11977170137299778	0.13459212291482503
0.10349363423988507	0.1917750734368443	0.9432366885883459	0.05676331141165418	0.14959083469721768	0.16807649871276203	0.12012679906727249	0.13501176202519005
0.10348740111088188	0.1917750734368443	0.9432148397386878	0.056785160261312244	0.14954188481675393	0.1680455966170252	0.12008903781874487	0.1349899131755321
0.10347349070615053	0.1921947125472094	0.9432148397386878	0.056785160261312244	0.1498200850507033	0.16838235294117648	0.12044398612880046	0.13540955228589713
0.1033474376509718	0.1921947125472094	0.942952653542791	0.057047346457209026	0.14923427826653632	0.16801173881144535	0.11999149680958103	0.13514736609000044
0.10334468677402281	0.19261435165757448	0.942952653542791	0.057047346457209026	0.1495114006514658	0.16834769851457912	0.12034580606742412	0.13556700520036546
0.10317162463560087	0.19261435165757448	0.9426467696475781	0.057353230352421944	0.14883268482490272	0.1679165904518017	0.11982002031415423	0.13526112130515267
0.10316745854871158	0.19303399076793956	0.9426467696475781	0.057353230352421944	0.14910858995137763	0.16825164594001463	0.12017360603225993	0.1356807604155177
0.1030624269195991	0.19303399076793956	0.942319036902707	0.057680963097292925	0.14838709677419354	0.1677913550975743	0.11961284581791864	0.1353530276706465
0.10303017386881981	0.19387326898866974	0.942319036902707	0.057680963097292925	0.14893617021276595	0.1684594348222425	0.12031838993024702	0.13619230589137676
0.10302133952800065	0.19387326898866974	0.9422316415040748	0.05776835849592519	0.14874436574372182	0.1683366733466934	0.12016906591031794	0.13610491049274454
0.1030178027086006	0.19429290809903482	0.9422316415040748	0.05776835849592519	0.14901834567106534	0.16867030965391622	0.12052150971437228	0.13652454960310956
0.10263399057791418	0.19429290809903482	0.9414450829163844	0.05855491708361555	0.14731148584155265	0.16757148027506333	0.11918655792865653	0.13573799101541928
0.10261868086067544	0.19471254720939993	0.9414450829163844	0.05855491708361555	0.1475826972010178	0.16790302153066763	0.11953734087861644	0.1361576301257843
0.10244562030178368	0.19471254720939993	0.9411391990211715	0.05886080097882847	0.14692843571880937	0.16747879444143657	0.11902264394872115	0.1358517462305715
0.10240696305268789	0.195132186319765	0.9411391990211715	0.05886080097882847	0.14719848053181386	0.1678094550703717	0.11937272702315858	0.13627138534093652
0.1022050804595524	0.195132186319765	0.9407022220280102	0.059297777971989776	0.14627241270839886	0.16720604099244876	0.11864141973074468	0.13583440834777516
0.10218887547428175	0.19597146454049516	0.9407022220280102	0.059297777971989776	0.14680917950330086	0.1678648454349389	0.11933958823755345	0.13667368656850543
0.10218399768657237	0.19597146454049516	0.9406803731783522	0.05931962682164784	0.14676304211187932	0.1678346810422282	0.11930308612567013	0.13665183771884726
0.102168279371387	0.19639110365086027	0.9406803731783522	0.05931962682164784	0.1470311027332705	0.16816385195831837	0.11965198025887552	0.1370714768292125
0.10216395522427561	0.19639110365086027	0.9406585243286941	0.059341475671305904	0.14698492462311558	0.16813364469193462	0.11961544996737922	0.13704962797955433
0.10216126042115954	0.19681074276122534	0.9406585243286941	0.059341475671305904	0.14725274725274726	0.1684626436781609	0.11996420347626727	0.13746926708991936
0.10215318824022718	0.19681074276122534	0.9406366754790361	0.05936332452096397	0.14720652856246078	0.16843239360746992	0.11992764507149237	0.1374474182402614
0.10214880158867745	0.19723038187159042	0.9406366754790361	0.05936332452096397	0.14747411358644494	0.1687612208258528	0.12027625813148711	0.13786705735062643
0.10207253614367746	0.19723038187159042	0.94059297777972	0.059407022220280103	0.1473816243336469	0.16870064608758076	0.12020309928024493	0.13782335965131032
0.10205422977887914	0.19765002098195553	0.94059297777972	0.059407022220280103	0.14764890282131662	0.16902924816077516	0.12055153003280424	0.13824299876167556
0.10203321996866908	0.19765002098195553	0.9405274312307457	0.059472568769254296	0.14751017851550266	0.16893830703012913	0.12044177104068103	0.13817745221270128
0.10201677826980192	0.1980696600923206	0.9405274312307457	0.059472568769254296	0.14777708202880402	0.16926663080509236	0.120789977856466	0.1385970913230663
0.10190485231525337	0.1980696600923206	0.9401560007865586	0.05984399921344141	0.14699470569915915	0.16875223453700394	0.12016967575807128	0.13822566087887922
0.10188321539459733	0.19848929920268568	0.9401560007865586	0.05984399921344141	0.14726027397260275	0.16907953529937444	0.12051707495570463	0.13864529998924424
0.1018492506826797	0.19848929920268568	0.9401123030872425	0.05988769691275754	0.14716863721219664	0.16901911738431302	0.1204442794350556	0.13860160228992813
0.10184486868175646	0.1989089383130508	0.9401123030872425	0.05988769691275754	0.14743390357698288	0.16934619506966775	0.12079149846737551	0.13902124140029315
0.10183575563542978	0.1989089383130508	0.9400686053879264	0.059931394612073675	0.14734224432701273	0.1692857142857143	0.1207186753362539	0.13897754370097726
0.10183283937752828	0.19932857742341586	0.9400686053879264	0.059931394612073675	0.1476072094468614	0.16961256918407427	0.12106571450871048	0.13939718281134228
0.10180930667637977	0.19932857742341586	0.9400249076886102	0.059975092311389804	0.14751552795031056	0.16955202570051758	0.12099286389789439	0.13935348511202617
0.10179960059225628	0.19974821653378094	0.9400249076886102	0.059975092311389804	0.14778019248680535	0.16987865810135616	0.1213397235151206	0.1397731242223912
0.1017137159739643	0.19974821653378094	0.9397408726430554	0.06025912735694466	0.1471861471861472	0.1694854904753427	0.12086700432402561	0.13948908917683633
0.10170291034095973	0.20016785564414605	0.9397408726430554	0.06025912735694466	0.14744976816074187	0.16981132075471697	0.12121323122320672	0.13990872828720136
0.10167462104615903	0.20016785564414605	0.939631628394765	0.060368371605234984	0.14722222222222223	0.16966032367063844	0.12103182970994546	0.13979948403891096
0.10166672172555258	0.20058749475451113	0.939631628394765	0.060368371605234984	0.1474853440296205	0.16998577524893316	0.1213777553599582	0.1402191231492762
0.10162963048402546	0.20058749475451113	0.9395005352968167	0.060499464703183375	0.1472128118263012	0.16980461811722913	0.12116027950333538	0.14008803005132786
0.10162691961341598	0.2010071338648762	0.9395005352968167	0.060499464703183375	0.14747536945812809	0.17012963949564908	0.1215058639016183	0.14050766916169288
0.10155605557135967	0.2010071338648762	0.9393694421988682	0.060630557801131774	0.14720344191763982	0.16994855419549407	0.12128863437001308	0.14037657606374432
0.10155508403254403	0.20142677297524128	0.9393694421988682	0.060630557801131774	0.14746543778801843	0.17027314650585315	0.12163387865235123	0.14079621517410956
0.10137101811730498	0.20142677297524128	0.9390198606043392	0.06098013939566082	0.14674411494955672	0.16979129819596744	0.12105633804926284	0.14044663357958043
0.10136636931247583	0.20226605119597146	0.9390198606043392	0.06098013939566082	0.14726550565230676	0.17043847241867044	0.1217452437156815	0.1412859118003107
0.10108616640546049	0.20226605119597146	0.9385610347615199	0.06143896523848019	0.14632665452337584	0.16980799718161	0.12099075174456525	0.14082708595749138
0.10108597528411234	0.20268569030633654	0.9385610347615199	0.06143896523848019	0.14658573596358118	0.17013032758013386	0.12133421876291603	0.1412467250678564
0.10107331495613776	0.20268569030633654	0.9385173370622036	0.06148266293779633	0.1464968152866242	0.17007042253521126	0.12126258917213191	0.1412030273685403
0.10107262330650191	0.20310532941670165	0.9385173370622036	0.06148266293779633	0.14675560946027896	0.17039253652525962	0.1216058828566928	0.1416226664789053
0.10074744339708556	0.20310532941670165	0.9380585112193843	0.0619414887806157	0.14582705634227178	0.16976499473868817	0.12085612688570288	0.141163840636086
0.10074628154418015	0.20352496852706672	0.9380585112193843	0.0619414887806157	0.1460843373493976	0.1700859196913905	0.12119849202745968	0.14158347974645102
0.10061890944789398	0.20352496852706672	0.9377744761738295	0.06222552382617055	0.14551455145514552	0.16969909027291813	0.12073674132925963	0.14129944470089617
0.10061750812648589	0.2039446076374318	0.9377744761738295	0.06222552382617055	0.14577084583083383	0.17001924086059123	0.12107850088666348	0.1417190838112612
0.10060859895731594	0.2039446076374318	0.9377307784745134	0.06226922152548668	0.14568345323741008	0.16995978317887742	0.12100757875403999	0.14167538611194508
0.10060328272506508	0.2043642467477969	0.9377307784745134	0.06226922152548668	0.14593946658675458	0.17027972027972027	0.12134916792076099	0.14209502522231032
0.10055372193070304	0.2043642467477969	0.937643383075881	0.062356616924118945	0.1457647410954804	0.17016072676450034	0.12120732210410491	0.14200762982367787
0.10055103797010484	0.20478388585816198	0.937643383075881	0.062356616924118945	0.14602034709754638	0.17048034934497816	0.12154866269069461	0.14242726893404312
0.10048085554483077	0.20478388585816198	0.9374685922786166	0.06253140772138346	0.14567164179104478	0.17024245595674167	0.12126527877297201	0.14225247813677866
0.1004613217066924	0.20520352496852706	0.9374685922786166	0.06253140772138346	0.1459265890778872	0.17056156260899896	0.1216062150208788	0.14267211724714368
0.100348832100933	0.20520352496852706	0.937293801481352	0.06270619851864799	0.1455790413813635	0.1703239289446186	0.12132334400395912	0.142497326449879
0.10034862787925736	0.20562316407889214	0.937293801481352	0.06270619851864799	0.14583333333333334	0.17064252133031516	0.12166387753335411	0.14291696556024425
0.10016665250103003	0.20562316407889214	0.9367912779392165	0.0632087220607835	0.14484185634052615	0.1699618453000347	0.12085428961424162	0.1424144420181086
0.10016292203083625	0.20604280318925725	0.9367912779392165	0.0632087220607835	0.14509456264775414	0.17027917461418415	0.12119384236395553	0.14283408112847362
0.10005885841790692	0.20604280318925725	0.9365290917433198	0.06347090825668028	0.14458186101295642	0.1699255926630905	0.12077364717887988	0.14257189493257694
0.10005146919329544	0.20646244229962232	0.9365290917433198	0.06347090825668028	0.1448336767736238	0.17024221453287197	0.12111264928750816	0.14299153404294218
0.10003060832084458	0.20646244229962232	0.9364853940440035	0.06351460595599642	0.14474845542806708	0.17018332756831547	0.12104271609011201	0.14294783634362584
0.10002871233745304	0.2068820814099874	0.9364853940440035	0.06351460595599642	0.145	0.17049974061905585	0.12138155247627185	0.14336747545399087
0.09993360027458535	0.2068820814099874	0.9363106032467391	0.06368939675326094	0.14465962441314553	0.1702642030737351	0.12110201472181235	0.1431926846567264
0.09990428051551424	0.20772135963071758	0.9363106032467391	0.06368939675326094	0.14516129032258066	0.17089590885551528	0.12177881006115182	0.14403196287745668
0.099763134187194	0.20772135963071758	0.9359391728025519	0.06406082719744806	0.1444412022176831	0.1703958691910499	0.12118614704399255	0.1436605324332696
0.09975767679272886	0.20814099874108266	0.9359391728025519	0.06406082719744806	0.14469078179696615	0.1707107210462915	0.1215237671502613	0.14408017154363462
0.09961985373141331	0.20814099874108266	0.9357862308549455	0.06421376914505451	0.14439592430858805	0.1705053282915091	0.12128050548535814	0.1439272295960281
0.09961540865478212	0.20856063785144777	0.9357862308549455	0.06421376914505451	0.14464493597206055	0.1708197284756831	0.12161777366074338	0.14434686870639335
0.09957400865166499	0.20856063785144777	0.935655137756997	0.06434486224300291	0.1443927948866938	0.17064377682403434	0.12140951803601747	0.14421577560844479
0.09956948511663564	0.20898027696181284	0.935655137756997	0.06434486224300291	0.14464130119082197	0.1709577754891864	0.12174647306718164	0.1446354147188098
0.09950069364878866	0.20898027696181284	0.9355458935087068	0.06445410649129324	0.14443155452436196	0.17081118161550335	0.12157307664209978	0.14452617047051963
0.09949039366973804	0.20939991607217792	0.9355458935087068	0.06445410649129324	0.14467961728037113	0.17112482853223593	0.1219097569530675	0.14494580958088465
0.09945937072758232	0.20939991607217792	0.9354366492604165	0.06456335073958357	0.14447017950202665	0.17097824224773	0.12173647948850697	0.14483656533259448
0.09945569063968375	0.209819555182543	0.9354366492604165	0.06456335073958357	0.1447178002894356	0.17129153819801302	0.12207288584109414	0.1452562044429595
0.09933390504483991	0.209819555182543	0.9351526142148616	0.0648473857851384	0.14417531718569782	0.17091095539224063	0.12162330614945899	0.14497216939740465
0.09933377905975817	0.2102391942929081	0.9351526142148616	0.0648473857851384	0.144422023637936	0.1712235133287765	0.12195914186891117	0.14539180850776967
0.0992727733346838	0.2102391942929081	0.9348904280189648	0.0651095719810352	0.14392415972421718	0.1708731241473397	0.1215455180751507	0.14512962231187299
0.09926337187088145	0.21065883340327318	0.9348904280189648	0.0651095719810352	0.14417001723147616	0.1711849957374254	0.12188082335090658	0.145549261422238
0.09923508305937283	0.21065883340327318	0.9348248814699907	0.0651751185300094	0.14404591104734576	0.1710974778459441	0.12177757780843415	0.14548371487326373
0.09920373195946573	0.21107847251363826	0.9348248814699907	0.0651751185300094	0.14429145152036718	0.17140909865394446	0.12211268660745402	0.14590335398362897
0.09906574490518748	0.21107847251363826	0.93460639297341	0.06539360702659006	0.1438787185354691	0.17111753699608778	0.12176894652242623	0.14568486548704818
0.09906401448693868	0.21149811162400337	0.93460639297341	0.06539360702659006	0.14412353445810694	0.17142857142857143	0.12210360211676745	0.14610450459741342
0.09891000518743148	0.21149811162400337	0.9343223579278551	0.0656776420721449	0.14358974358974358	0.17105039877821143	0.12165804845997806	0.14582046955185857
0.09890707451419424	0.21191775073436844	0.9343223579278551	0.0656776420721449	0.14383366562232983	0.17136070580251103	0.12199214343800281	0.1462401086622236
0.09883994077470741	0.21191775073436844	0.9341257182809325	0.06587428171906749	0.1434659090909091	0.1710994409622226	0.12168452955344793	0.14604346901530096
0.09883524325487751	0.21233738984473352	0.9341257182809325	0.06587428171906749	0.1437091735302471	0.1714092140921409	0.12201821228962378	0.146463108125666
0.09874911539853705	0.21233738984473352	0.9340164740326422	0.06598352596735782	0.14350538854225753	0.17126417329497376	0.121847547188054	0.1463538638773758
0.09872552080890118	0.21275702895509863	0.9340164740326422	0.06598352596735782	0.14374822795576978	0.1715736040609137	0.1221809642138125	0.14677350298774083
0.0983414859033146	0.21275702895509863	0.9332736131442679	0.06672638685573204	0.14237573715248525	0.1705921938088829	0.12102696288670113	0.14603064209936667
0.09833232233045709	0.2131766680654637	0.9332736131442679	0.06672638685573204	0.14261650758001124	0.17089991589571069	0.12135907266016721	0.1464502812097317
0.09832209134396103	0.2131766680654637	0.9332517642946099	0.06674823570539011	0.14257648049396576	0.1708711738984191	0.12132529850180787	0.14642843236007352
0.09832139094959323	0.21359630717582878	0.9332517642946099	0.06674823570539011	0.14281705948372614	0.17117874558600976	0.12165728957119869	0.14684807147043877
0.09832038690266721	0.21359630717582878	0.9332299154449518	0.06677008455504818	0.14277699859747545	0.17114996637525218	0.12162349121755488	0.1468262226207806
0.0983043734469879	0.2140159462861939	0.9332299154449518	0.06677008455504818	0.1430173864273696	0.1714573877962683	0.12195536371612876	0.14724586173114562
0.0982449088700884	0.2140159462861939	0.9330551246476873	0.0669448753523127	0.14269725797425853	0.1712271277488669	0.12168510574596615	0.14707107093388117
0.09821469156870466	0.21443558539655896	0.9330551246476873	0.0669448753523127	0.14293706293706293	0.17153407183618663	0.12201661080286257	0.1474907100442462
0.09815789539205994	0.21443558539655896	0.9328803338504228	0.06711966614957722	0.14261791794585543	0.1713040563191418	0.1217468025441563	0.14731591924698173
0.09814089654537149	0.21485522450692404	0.9328803338504228	0.06711966614957722	0.14285714285714285	0.17161052455170103	0.12207794154938281	0.14773555835734675
0.09811526792302576	0.21485522450692404	0.9327929384517906	0.06720706154820949	0.1426978818283166	0.17149556188243176	0.12194317007358388	0.14764816295871452
0.0981066892004485	0.21527486361728912	0.9327929384517906	0.06720706154820949	0.14293675118417387	0.17180174146014734	0.1222740855539458	0.14806780206907977
0.09787265386339265	0.21527486361728912	0.9322248683606809	0.06777513163931918	0.14190871369294605	0.17105701900633544	0.12140157847094858	0.14749973197797006
0.09787153853703483	0.21569450272765422	0.9322248683606809	0.06777513163931918	0.14214601769911506	0.1713618936489415	0.12173149891052265	0.14791937108833508
0.09778022141266512	0.21569450272765422	0.931940833315126	0.06805916668487404	0.14163681454946267	0.1709913506320692	0.12129764132343397	0.14763533604278023
0.09777528382979445	0.2161141418380193	0.931940833315126	0.06805916668487404	0.1418732782369146	0.1712955263595543	0.12162702768282277	0.14805497515314525
0.09767091767780194	0.2161141418380193	0.9315912517205969	0.06840874827940309	0.14125068568294022	0.17084093547852047	0.12109507296284096	0.14770539355861612
0.0976615908414208	0.21653378094838438	0.9315912517205969	0.06840874827940309	0.14148615300246778	0.17114427860696518	0.1214238245114558	0.14812503266898114
0.09750387099623022	0.21653378094838438	0.9311324258777776	0.06886757412222247	0.1406761177753544	0.17055032226078334	0.12072918602828829	0.14766620682616205
0.09749981799069522	0.21695342005874949	0.9311324258777776	0.06886757412222247	0.14091032979013354	0.17085261070720423	0.12105713548765126	0.14808584593652707
0.09732868401684953	0.21695342005874949	0.9307391465839323	0.06926085341606765	0.14022240303770003	0.17034596375617791	0.12046493586370756	0.14769256664268182
0.09731561476436862	0.21737305916911456	0.9307391465839323	0.06926085341606765	0.14045553145336226	0.17064733981222205	0.12079219182897195	0.14811220575304684
0.09731367486531987	0.21737305916911456	0.9307172977342743	0.0692827022657257	0.14041745730550284	0.17061923583662714	0.12075936042153985	0.1480903569033889
0.09730511908314654	0.21779269827947964	0.9307172977342743	0.0692827022657257	0.14065040650406505	0.1709204676436687	0.12108650364992067	0.14850999601375392
0.09727594401266236	0.21779269827947964	0.930629902335642	0.06937009766435798	0.1404981050351922	0.17080796445614613	0.1209551497850021	0.1484226006151217
0.09727329878347711	0.21821233738984475	0.930629902335642	0.06937009766435798	0.14073071718538566	0.1711089174070418	0.12128207867115212	0.1488422397254867
0.09694278306196898	0.21821233738984475	0.9299744368459001	0.07002556315409994	0.1395973154362416	0.17026850032743943	0.12030136216861709	0.14818677423574478
0.09694098697497931	0.21863197650020982	0.9299744368459001	0.07002556315409994	0.1398282340311326	0.17056801440497626	0.12062720194797173	0.1486064133461098
0.09690999491242656	0.21863197650020982	0.9299088902969259	0.07009110970307414	0.139715741485653	0.17048429319371727	0.12052955499097692	0.14854086679713574
0.09690951094722063	0.2190516156105749	0.9299088902969259	0.07009110970307414	0.13994638069705093	0.17078357598560445	0.12085521681882534	0.14896050590750076
0.09679593476059788	0.2190516156105749	0.9296467041010291	0.07035329589897092	0.13949759486905397	0.17044897959183675	0.12046517500525253	0.14869831971160408
0.09678500534108271	0.21947125472093998	0.9296467041010291	0.07035329589897092	0.1397274913171253	0.17074763303950374	0.12079035921715729	0.1491179588219691
0.096730547681312	0.21947125472093998	0.9295156110030807	0.0704843889969193	0.1395038676980528	0.1705805609915199	0.12059570480026167	0.14898686572402076
0.09671215599584078	0.21989089383130508	0.9295156110030807	0.0704843889969193	0.13973333333333332	0.1708788521115278	0.1209206126936587	0.14940650483438578
0.0966196273400332	0.21989089383130508	0.9291660294085516	0.07083397059144836	0.13913967073818376	0.17043421694584485	0.12040283786728959	0.14905692323985664
0.09661790605889518	0.22031053294167016	0.9291660294085516	0.07083397059144836	0.1393681975046456	0.17073170731707318	0.12072713995099088	0.1494765623502219
0.09649796517726293	0.22031053294167016	0.9287509012650483	0.07124909873495161	0.1386687797147385	0.17020586804992704	0.12011509421872965	0.14906143420671847
0.0964937516590334	0.22073017205203524	0.9287509012650483	0.07124909873495161	0.13889622392395035	0.17050243111831442	0.12043869609942764	0.1494810733170835
0.09648142678183691	0.22073017205203524	0.9286853547160742	0.0713146452839258	0.1387862796833773	0.17041956909120362	0.12034229779124135	0.14941552676810943
0.09645716268783026	0.22156945027276542	0.9286853547160742	0.0713146452839258	0.13924050632911392	0.17101214574898785	0.12098907853855118	0.15025480498883947
0.0964528090148798	0.22156945027276542	0.9286635058664161	0.07133649413358387	0.13920379646717637	0.17098445595854922	0.12095690091215523	0.15023295613918153
0.09641901104142032	0.2224087284934956	0.9286635058664161	0.07133649413358387	0.13965744400527008	0.17157656199417287	0.12160331449084305	0.1510722343599118
0.09640905207090693	0.2224087284934956	0.928641657016758	0.07135834298324194	0.13962065331928344	0.17154879430328532	0.12157108193294576	0.15105038551025363
0.09640901339377189	0.22282836760386068	0.928641657016758	0.07135834298324194	0.139847247827232	0.17184466019417477	0.1218941430981254	0.15147002462061865
0.09638999340142453	0.22282836760386068	0.9285761104677839	0.07142388953221612	0.13973684210526316	0.1717612809315866	0.12179740933884606	0.1514044780716446
0.09638327396753821	0.22324800671422576	0.9285761104677839	0.07142388953221612	0.13996316758747698	0.17205692108667528	0.12212029773705352	0.1518241171820096
0.09632120294290913	0.22324800671422576	0.9284450173698355	0.07155498263016452	0.1397425794588915	0.17189014539579967	0.12192691188783268	0.15169302408406127
0.0963000220342304	0.22366764582459084	0.9284450173698355	0.07155498263016452	0.13996848739495799	0.17218543046357615	0.12224953064930355	0.1521126631944263
0.09623705184530823	0.22366764582459084	0.9283357731215451	0.07166422687845485	0.13978494623655913	0.17204648160103292	0.12208849490328698	0.1520034189461359
0.0961981004363691	0.22408728493495594	0.9283357731215451	0.07166422687845485	0.14001048767697954	0.17234145554300467	0.1224108770970411	0.15242305805650114
0.09605935945310469	0.22408728493495594	0.9279861915270161	0.0720138084729839	0.13942558746736292	0.17189763399323998	0.12189675530143852	0.152073476461972
0.09604283606488596	0.22450692404532102	0.9279861915270161	0.0720138084729839	0.1396502218741843	0.17219182491149018	0.12221854782962135	0.15249311557233725
0.09601139898623469	0.22450692404532102	0.9279206449780419	0.0720793550219581	0.13954094940010434	0.17210873411613317	0.12212234232917289	0.15242756902336296
0.09600707598085068	0.2249265631556861	0.9279206449780419	0.0720793550219581	0.13976531942633638	0.17240270183338693	0.12244396443395886	0.15284720813372799
0.09596366012783529	0.2249265631556861	0.9278332495794096	0.07216675042059036	0.1396196926282886	0.17229186756669881	0.1223157035942831	0.15275981273509576
0.09593946354310805	0.2253462022660512	0.9278332495794096	0.07216675042059036	0.13984375	0.17258556966093525	0.1226371236146234	0.15317945184546078
0.09581126943448222	0.2253462022660512	0.927614761082829	0.07238523891717101	0.13948051948051948	0.17230867960853521	0.12231685669322492	0.1529609633488802
0.09581099713083853	0.22576584137641628	0.927614761082829	0.07238523891717101	0.13970397299402754	0.1726018607635547	0.12263788389465712	0.15338060245924523
0.09554475709981398	0.22576584137641628	0.9267189582468482	0.0732810417531517	0.13823227132579652	0.17147410358565737	0.12133390240276834	0.15248479962326456
0.09554380458434013	0.22618548048678136	0.9267189582468482	0.0732810417531517	0.13845363472900077	0.17176545570427024	0.1216535608764112	0.15290443873362958
0.09547745737699799	0.22618548048678136	0.9265660162992418	0.07343398370075815	0.1382051282051282	0.17157408881107752	0.12143236466534836	0.1527514967860233
0.0954349952670217	0.22660511959714646	0.9265660162992418	0.07343398370075815	0.1384260446039477	0.1718650541056652	0.12175173146712442	0.1531711358963883
0.09541898831064836	0.22660511959714646	0.9265004697502677	0.07349953024973235	0.13831967213114754	0.17178304437728648	0.12165698559328658	0.15310558934741403
0.09541837091926915	0.22702475870751154	0.9265004697502677	0.07349953024973235	0.1385403329065301	0.1720737913486005	0.12197618642749407	0.15352522845777927
0.09534167278512913	0.22702475870751154	0.9262601324040289	0.07373986759597108	0.1381511746680286	0.17177329734878552	0.12162919054051351	0.15328489111154053
0.09533513922508245	0.22744439781787662	0.9262601324040289	0.07373986759597108	0.13837120245085524	0.17206349206349206	0.12194797676475215	0.15370453022190556
0.09515133432124197	0.22744439781787662	0.9257576088618934	0.07424239113810657	0.13756345177664975	0.17143760873003322	0.12122550312934732	0.1532020066797699
0.09510372854297326	0.22786403692824173	0.9257576088618934	0.07424239113810657	0.13778228875919818	0.17172675521821631	0.12154350608092186	0.15362164579013515
0.09509247733917754	0.22786403692824173	0.9257357600122353	0.07426423998776464	0.13774733637747336	0.17169960474308302	0.12151217852266079	0.15359979694047698
0.09508843818965579	0.2282836760386068	0.9257357600122353	0.07426423998776464	0.13796601572406797	0.17198861840025292	0.12183007951983357	0.15401943605084223
0.09500213250797607	0.2282836760386068	0.9255609692149709	0.07443903078502917	0.13768666160465706	0.1717713924850016	0.12157955667150272	0.15384464525357777
0.09499137720750134	0.22870331514897188	0.9255609692149709	0.07443903078502917	0.13790485829959515	0.17205998421468036	0.12189714085542648	0.1542642843639428
0.0948669559427105	0.22870331514897188	0.9250802945224934	0.0749197054775066	0.13714141922496226	0.17146452729274816	0.12121066302263271	0.15378360967146532
0.09486511416028016	0.22912295425933696	0.9250802945224934	0.0749197054775066	0.13735849056603774	0.17175212330921674	0.12152750451066079	0.15420324878183034
0.09467188520438936	0.22912295425933696	0.9246651663789901	0.07533483362100986	0.13670505758637957	0.1712403951701427	0.12093772505116784	0.15378812063832714
0.09466414832574255	0.22954259336970206	0.9246651663789901	0.07533483362100986	0.13692115143929912	0.17152712449043586	0.12125392040412028	0.15420775974869216
0.0946305733490312	0.22954259336970206	0.9245559221306998	0.07544407786930019	0.13675	0.1713927620241266	0.12109912406571303	0.15409851550040177
0.09461224030632114	0.23038187159043222	0.9245559221306998	0.07544407786930019	0.13718140929535233	0.17196554424432264	0.12173100410517218	0.15493779372113203
0.09459914135845887	0.23038187159043222	0.9245122244313837	0.07548777556861631	0.1371128871128871	0.171911695631752	0.12166903011497147	0.15489409602181592
0.09458970262999655	0.23080151070079732	0.9245122244313837	0.07548777556861631	0.1373283395755306	0.17219787100814027	0.12198480567876716	0.15531373513218094
0.09458393926417137	0.23080151070079732	0.9244903755817256	0.07550962441827438	0.13729405891163254	0.17217091876663015	0.12195380255637778	0.155291886282523
0.094576996887632	0.2312211498111624	0.9244903755817256	0.07550962441827438	0.1375093586224108	0.1724569640062598	0.12226947865427916	0.15571152539288802
0.09456798318232813	0.2312211498111624	0.9244685267320676	0.07553147326793244	0.1374750499001996	0.1724299796588953	0.12223845479455082	0.15568967654323007
0.0945619492593723	0.23164078892152748	0.9244685267320676	0.07553147326793244	0.1376901970566226	0.17271589486858574	0.1225540315267302	0.1561093156535951
0.0945433805226903	0.23164078892152748	0.9243592824837772	0.07564071751622277	0.1375186846038864	0.17258089729560733	0.12239890171989294	0.1560000714053047
0.09452745495575943	0.23206042803189258	0.9243592824837772	0.07564071751622277	0.137733499377335	0.17286652078774617	0.1227142593878425	0.15641971051566972
0.09450351870519351	0.23206042803189258	0.9242500382354869	0.0757499617645131	0.13756218905472636	0.1727315320943308	0.12255921208850008	0.15631046626737954
0.0944870573095281	0.23248006714225766	0.9242500382354869	0.0757499617645131	0.13777667246953496	0.17301686445971268	0.12287435122236348	0.15673010537774457
0.0944718939619726	0.23248006714225766	0.9241626428368547	0.07583735716314537	0.13763975155279504	0.17290886392009988	0.1227503607983036	0.15664270997911234
0.09445566775861049	0.23289970625262274	0.9241626428368547	0.07583735716314537	0.13785394932935915	0.17319394601341864	0.12306531171571768	0.15706234908947736
0.0944429409530343	0.23289970625262274	0.9241189451375385	0.0758810548624615	0.137785501489573	0.1731399157697707	0.12300331245762798	0.15701865139016125
0.09444012731800928	0.23331934536298782	0.9241189451375385	0.0758810548624615	0.13799950359890792	0.17342482844666252	0.12331813503132692	0.15743829050052627
0.09442618606731733	0.23331934536298782	0.9240315497389062	0.07596845026109375	0.13786263327547732	0.17331670822942644	0.12319412852694923	0.15735089510189404
0.09442583637452882	0.23373898447335292	0.9240315497389062	0.07596845026109375	0.13807635101636093	0.17360137135733208	0.1235087635391163	0.15777053421225906
0.0943938501188585	0.23373898447335292	0.9239004566409579	0.07609954335904215	0.13787128712871288	0.17343920286470496	0.12332285278613947	0.15763944111431072
0.09438815280013481	0.234158623583718	0.9239004566409579	0.07609954335904215	0.13808463251670378	0.17372353673723537	0.12363724139393058	0.15805908022467596
0.09433848386390568	0.234158623583718	0.9238349100919836	0.07616508990801635	0.13798219584569732	0.17364244593122763	0.12354432167488164	0.15799353367570168
0.09432225108673646	0.23499790180444818	0.9238349100919836	0.07616508990801635	0.1384083044982699	0.17421060818167677	0.12417271636968072	0.15883281189643172
0.09426204762566699	0.23499790180444818	0.9235508750464287	0.0764491249535712	0.13796501601379652	0.17385904998447688	0.12377025312436318	0.15854877685087687
0.09425898747247015	0.23541754091481326	0.9235508750464287	0.0764491249535712	0.13817733990147782	0.1741424802110818	0.12408396529971973	0.15896841596124212
0.09414652074648557	0.23541754091481326	0.9232449911512159	0.07675500884878411	0.13770250368188514	0.1737649063032368	0.12365186220157158	0.1586625320660291
0.09413098939283769	0.23583718002517834	0.9232449911512159	0.07675500884878411	0.13791411042944784	0.1740476927841437	0.12396509636937328	0.15908217117639434
0.09412371419860847	0.23583718002517834	0.9232231423015578	0.07677685769844218	0.1378802747791953	0.17402074624554884	0.12393427094804006	0.15906032232673617
0.09411817672756385	0.23625681913554344	0.9232231423015578	0.07677685769844218	0.13809173411822417	0.17430340557275542	0.1242474083903942	0.1594799614371012
0.09407628372168063	0.23625681913554344	0.9231357469029255	0.07686425309707444	0.1379563832394021	0.17419554455445543	0.12412408082591757	0.15939256603846896
0.09406875294279894	0.23667645824590852	0.9231357469029255	0.07686425309707444	0.13816756491915727	0.17447795823665893	0.12443703419500209	0.15981220514883399
0.09390557526705738	0.23667645824590852	0.922611374511132	0.077388625488868	0.13735996103263517	0.17383263985205732	0.1236994095542036	0.1592878327570404
0.09390449245903355	0.2370960973562736	0.922611374511132	0.077388625488868	0.1375700024348673	0.17411402157164868	0.12401159959373231	0.15970747186740564
0.09356471136274928	0.2370960973562736	0.9218903624724158	0.07810963752758417	0.13647342995169082	0.17323317491951556	0.12300482551683713	0.15898645982868942
0.09355711937606907	0.23751573646663868	0.9218903624724158	0.07810963752758417	0.13668196087901474	0.17351318209687308	0.12331600115786928	0.15940609893905444
0.09351249064034488	0.23751573646663868	0.9217811182241256	0.0782188817758745	0.13651712493970092	0.1733803032623679	0.12316415672622878	0.15929685469076427
0.09350361048129903	0.23793537557700378	0.9217811182241256	0.0782188817758745	0.13672534362189534	0.17366003062787136	0.12347512383421874	0.1597164938011293
0.09345405385563683	0.23793537557700378	0.9216500251261771	0.07834997487382289	0.13652781122080423	0.17350061199510403	0.1232930291773349	0.15958540070318095
0.09343766553531242	0.23835501468736886	0.9216500251261771	0.07834997487382289	0.13673567645642754	0.17378002141655194	0.1236037598131505	0.16000503981354597
0.09339816092240923	0.23835501468736886	0.9214970831785707	0.07850291682142935	0.13650564768084594	0.17359413202933985	0.12339151545932461	0.15985209786593968
0.09339521616617748	0.23877465379773394	0.9214970831785707	0.07850291682142935	0.1367131186929361	0.17387318563789153	0.12370198191018181	0.1602717369763047
0.0933374553826115	0.23877465379773394	0.921256745832332	0.07874325416766807	0.13635274382937934	0.17358145210494202	0.12336900702787473	0.16003139963006596
0.09331208377821577	0.23919429290809904	0.921256745832332	0.07874325416766807	0.13655965500718736	0.17385999694982462	0.12367909713130437	0.16045103874043098
0.09311534978884663	0.23919429290809904	0.9204920360942996	0.07950796390570036	0.13542409123307197	0.1729368932038835	0.12262560292978492	0.15968632900239865
0.09310965396436198	0.23961393201846412	0.9204920360942996	0.07950796390570036	0.13562945368171023	0.17321401486424995	0.12293464635087105	0.16010596811276367
0.09309425466174243	0.23961393201846412	0.9204483383949835	0.07955166160501649	0.13556505223171889	0.1731614859742229	0.12287470787820953	0.16006227041344756
0.09307925660249383	0.2404532102391943	0.9204483383949835	0.07955166160501649	0.13597532036070242	0.17371532514779445	0.12349249049577868	0.16090154863417783
0.092996544054652	0.2404532102391943	0.920273547597719	0.07972645240228102	0.13571766935101848	0.17350492051476155	0.12325263170481507	0.16072675783691315
0.09298511630333395	0.24087284934955938	0.920273547597719	0.07972645240228102	0.13592233009708737	0.17378141083863155	0.12356120453936853	0.1611463969472784
0.09298385497272427	0.24087284934955938	0.9202298498984028	0.07977015010159715	0.13585798816568048	0.17372881355932204	0.12350126936016044	0.16110269924796228
0.09298164489787437	0.24129248845992446	0.9202298498984028	0.07977015010159715	0.1360624704212021	0.17400514449992435	0.12380972281642032	0.1615223383583273
0.09278423494911255	0.24129248845992446	0.9195525355590028	0.08044746444099718	0.13507164669955368	0.17319277108433734	0.12288419000221594	0.16084502401892742
0.09277890805137494	0.24171212757028956	0.9195525355590028	0.08044746444099718	0.13527477689055895	0.17346785122722483	0.12319172557291226	0.16126466312929244
0.09270659383867223	0.24171212757028956	0.919290349363106	0.08070965063689396	0.13489461358313817	0.1731549676837517	0.12283528743556033	0.16100247693339553
0.09270026591903628	0.24213176668065464	0.919290349363106	0.08070965063689396	0.13509716693982673	0.17342951608055304	0.12314243168539693	0.16142211604376078
0.09262116749383746	0.24213176668065464	0.918940767768577	0.08105923223142301	0.13459295544669933	0.1730134932533733	0.12266860224476897	0.16107253444923164
0.09261796815303865	0.24255140579101972	0.918940767768577	0.08105923223142301	0.134794776119403	0.17328736321391094	0.12297524828999946	0.16149217355959666
0.09251480431981686	0.24255140579101972	0.9187441281216544	0.08125587187834561	0.13451245054689318	0.17305389221556886	0.12270940236286074	0.16129553391267404
0.09251195516020815	0.2429710449013848	0.9187441281216544	0.08125587187834561	0.1347138203815728	0.17332734620565785	0.12301574215667142	0.16171517302303928
0.09236683633489756	0.2429710449013848	0.9183508488278093	0.08164915117219078	0.13415199258572752	0.1728616211374832	0.12248555301816612	0.16132189372919403
0.09236214163838673	0.2433906840117499	0.9183508488278093	0.08164915117219078	0.13435255964790363	0.17313432835820897	0.12279134540657959	0.16174153283955928
0.09235078974378003	0.2433906840117499	0.9183289999781512	0.08167100002184885	0.13432144511347846	0.1731084912699597	0.12276194097636073	0.1617196839899011
0.09232796172360636	0.24381032312211498	0.9183289999781512	0.08167100002184885	0.13452188006482982	0.1733810802745449	0.123067644647135	0.16213932310026613
0.09228050473204591	0.24381032312211498	0.9182197557298608	0.08178024427013918	0.1343663274745606	0.17325182644997764	0.1229206101255685	0.16203007885197573
0.09225981076092737	0.24422996223248006	0.9182197557298608	0.08178024427013918	0.1345664739884393	0.1735241502683363	0.12322611794614205	0.16244971796234076
0.09224938777155456	0.24422996223248006	0.9181979068802028	0.08180209311979725	0.13453536754507628	0.1734982858846326	0.12319670860510681	0.1624278691126828
0.09224774317101414	0.24464960134284516	0.9181979068802028	0.08180209311979725	0.13473538248208922	0.1737704918032787	0.12350212799024832	0.16284750822304783
0.09221293786463303	0.24464960134284516	0.9180231160829382	0.08197688391706176	0.1344867358708189	0.173563560583507	0.1232669311356127	0.16267271742578338
0.09220498269899445	0.24506924045321024	0.9180231160829382	0.08197688391706176	0.13468634686346864	0.17383539217145408	0.12357207525489604	0.1630923565361484
0.0921846261547965	0.24506924045321024	0.9179138718346479	0.08208612816535209	0.1345312140059894	0.17370612730517548	0.1234252068509979	0.16298311228785822
0.09217906006463232	0.24548887956357532	0.9179138718346479	0.08208612816535209	0.1347305389221557	0.17397769516728626	0.1237301563855773	0.16340275139822324
0.09210127007684628	0.24548887956357532	0.9177827787366996	0.08221722126330049	0.1345446182152714	0.17382261179616698	0.1235540210246947	0.1632716583002749
0.09209022116524289	0.2463281577843055	0.9177827787366996	0.08221722126330049	0.13494252873563217	0.17436506757760284	0.1241634175785661	0.16411093652100517
0.09204261582302257	0.2463281577843055	0.917629836789093	0.08237016321090694	0.1347257287124168	0.1741839762611276	0.1239579214757315	0.16395799457339866
0.09203884416491598	0.24674779689467058	0.917629836789093	0.08237016321090694	0.13492427719137218	0.17445482866043613	0.12426234276476113	0.16437763368376368
0.0920241591576395	0.24674779689467058	0.9175861390897769	0.08241386091022308	0.13486238532110092	0.17440308468040933	0.12420364909588182	0.16433393598444757
0.09202266979361477	0.24716743600503566	0.9175861390897769	0.08241386091022308	0.13506076587938545	0.17467378410438908	0.12450795662714159	0.1647535750948126
0.09185545593908011	0.24716743600503566	0.9171054643972995	0.08289453560270052	0.13438284280173396	0.17410582323381613	0.12386386021214152	0.1642729004023351
0.09185138811366855	0.24758707511540076	0.9171054643972995	0.08289453560270052	0.13458029197080293	0.17437564651987586	0.12416752819443339	0.16469253951270013
0.09181860185056019	0.24758707511540076	0.9170399178483253	0.08296008215167472	0.13448826077045817	0.17429837518463812	0.12407991718966767	0.16462699296372607
0.0918064830468835	0.24800671422576584	0.9170399178483253	0.08296008215167472	0.1346855059252507	0.1745680106335844	0.12438344624420294	0.1650466320740911
0.09175091900475361	0.24800671422576584	0.9169088247503769	0.0830911752496231	0.13450159308147475	0.17441345728198318	0.1242082815395667	0.16491553897614275
0.09174493342939703	0.24842635333613092	0.9169088247503769	0.0830911752496231	0.13469852104664393	0.1746827972853349	0.12451159352977648	0.16533517808650777
0.09171519579282594	0.24842635333613092	0.9167777316524285	0.0832222683475715	0.13451488298114064	0.17452830188679244	0.1243365574214712	0.16520408498855943
0.09170973815661078	0.24884599244649602	0.9167777316524285	0.0832222683475715	0.13471149477510222	0.17479734708916728	0.12463965289881794	0.16562372409892445
0.09163144200681812	0.24884599244649602	0.9165373943061897	0.08346260569381023	0.1343757081350555	0.17451442024720423	0.12431920543718109	0.1653833867526857
0.09162393731242513	0.2492656315568611	0.9165373943061897	0.08346260569381023	0.13457181694608064	0.17478299249668972	0.12462195517011221	0.16580302586305073
0.09156811447080794	0.2492656315568611	0.9163189058096091	0.08368109419039088	0.13426763110307413	0.1745262230057294	0.12433120583509595	0.16558453736647016
0.09156058724752598	0.24968527066722618	0.9163189058096091	0.08368109419039088	0.1344632768361582	0.17479435957696826	0.1246336370575204	0.16600417647683519
0.09153383073108211	0.24968527066722618	0.9161878127116607	0.08381218728833927	0.13428120063191154	0.1746404461402994	0.12445940842727644	0.16587308337888684
0.09152558490885553	0.25010490977759126	0.9161878127116607	0.08381218728833927	0.13447653429602888	0.17490829053558327	0.12476162536780083	0.16629272248925187
0.09117935801160544	0.25010490977759126	0.9153138587253381	0.08468614127466188	0.13327370304114491	0.1738876732312181	0.1236062138971131	0.16541876850292936
0.09115586043935404	0.25136382710868654	0.9153138587253381	0.08468614127466188	0.13385474860335195	0.17468649752114318	0.12450943857956726	0.16667768583402465
0.09105263621185193	0.25136382710868654	0.9150079748301252	0.08499202516987481	0.1334372911561595	0.17433061699650756	0.12410688199860102	0.16637180193881163
0.09105034764543908	0.2517834662190516	0.9150079748301252	0.08499202516987481	0.133630289532294	0.17459624618070713	0.12440748506966821	0.16679144104917687
0.09095312667433302	0.2517834662190516	0.9147239397845703	0.08527606021542966	0.13324450366422386	0.17426662794074935	0.12403468994504585	0.16650740600362202
0.09094544598878097	0.2522031053294167	0.9147239397845703	0.08527606021542966	0.13343694493783304	0.17453172644112094	0.12433490689891637	0.16692704511398704
0.09080035934156032	0.2522031053294167	0.914286962791409	0.08571303720859097	0.1328470380194518	0.17402635007962935	0.12376336636430856	0.16649006812082567
0.09079955152381476	0.2526227444397818	0.914286962791409	0.08571303720859097	0.13303867403314917	0.17429067747539084	0.12406302369286397	0.1669097072311907
0.09069440861289572	0.2526227444397818	0.913959230046538	0.08604076995346195	0.13259911894273127	0.17391304347826086	0.12363596141375831	0.16658197448631973
0.09069068518435236	0.25304238355014685	0.913959230046538	0.08604076995346195	0.13279013433164502	0.17417677642980936	0.12393518713926822	0.16700161359668497
0.09036589391257882	0.25304238355014685	0.9129760318119251	0.0870239681880749	0.131487134757959	0.1730520878174774	0.12266287186931926	0.16601841536207207
0.09036404364659856	0.25346202266051193	0.9129760318119251	0.0870239681880749	0.131676477000218	0.1733142037302726	0.12296092862079233	0.1664380544724371
0.09026407247946237	0.25346202266051193	0.9126482990670541	0.08735170093294588	0.13124728378965667	0.17294201861130995	0.12253974311571803	0.16611032172756612
0.0902589516564397	0.25388166177087707	0.9126482990670541	0.08735170093294588	0.13143601998696502	0.17320354995705697	0.12283737639153751	0.16652996083793115
0.09014144928340201	0.25388166177087707	0.912276868622867	0.08772313137713299	0.13095238095238096	0.17278309296015992	0.12236158033157578	0.16615853039374406
0.0901279311136338	0.25430130088124214	0.912276868622867	0.08772313137713299	0.13114044579095435	0.173043974871502	0.12265874368832082	0.1665781695041093
0.09011459153490405	0.25430130088124214	0.9122113220738928	0.08778867792610719	0.13105536332179932	0.17296988725560153	0.12257492208676972	0.16651262295513503
0.0901113650951948	0.2547209399916072	0.9122113220738928	0.08778867792610719	0.13124324324324324	0.17323059360730594	0.12287195695145472	0.16693226206550005
0.08989952625484583	0.2547209399916072	0.9117087985317573	0.0882912014682427	0.13059380378657487	0.17266391693926894	0.12223089987074146	0.16642973852336462
0.08989951368386413	0.2551405791019723	0.9117087985317573	0.0882912014682427	0.13078081307808131	0.17292377701934017	0.12252732363694782	0.16684937763372965
0.08979199245503956	0.2551405791019723	0.9114029146365443	0.08859708536345562	0.1303881621273858	0.17258018734033495	0.12213861348229076	0.16654349373851662
0.08976005305986627	0.2555602182123374	0.9114029146365443	0.08859708536345562	0.1305746140651801	0.1728395061728395	0.1224346459580594	0.16696313284888165
0.08973866014830827	0.2555602182123374	0.9113592169372282	0.08864078306277175	0.13051864552078868	0.1727904667328699	0.12237918071805709	0.16691943514956553
0.0897275834822987	0.25681913554343266	0.9113592169372282	0.08864078306277175	0.13107731848361534	0.1735677821894498	0.12326680514941708	0.16817835248066082
0.08948197314776751	0.25681913554343266	0.910594507199196	0.08940549280080404	0.13010204081632654	0.17271059686750387	0.12229818952429056	0.1674136427426287
0.0894718087203268	0.25723877465379774	0.910594507199196	0.08940549280080404	0.13028692879914985	0.1729683972911964	0.12259312314155849	0.16783328185299373
0.08927309103859628	0.25723877465379774	0.9099390417094539	0.090060958290546	0.12946145723336852	0.17223939308794606	0.12176892831949182	0.1671778163632518
0.08926772306743626	0.2576584137641628	0.9099390417094539	0.090060958290546	0.12964527027027026	0.172496137097907	0.12206310202248609	0.16759745547361682
0.08920602819641038	0.2576584137641628	0.9097860997618475	0.09021390023815246	0.1294539321104786	0.17232669099073814	0.12187151280815156	0.1674445135260103
0.0891815347796121	0.2580780528745279	0.9097860997618475	0.09021390023815246	0.12963743676222597	0.17258313455872035	0.12216546915320017	0.16786415263637533
0.08914104482562064	0.2580780528745279	0.9097205532128734	0.09027944678712665	0.1295555087423636	0.17251051893408134	0.12208339153370444	0.16779860608740127
0.08913464939351877	0.258497691984893	0.9097205532128734	0.09027944678712665	0.12973883740522324	0.17276679287617444	0.12237722435363256	0.1682182451977663
0.08906110526773998	0.258497691984893	0.9094802158666346	0.09051978413336538	0.1294389577642362	0.17250070008401008	0.12207653962611881	0.16797790785152755
0.08905181898594632	0.25891733109525805	0.9094802158666346	0.09051978413336538	0.1296218487394958	0.1727565448691026	0.12237006299302199	0.1683975469618928
0.08894018607330963	0.25891733109525805	0.9090432388734733	0.09095676112652669	0.1290794979079498	0.17227418679324305	0.12182499434593087	0.1679605699687312
0.08892986778793847	0.2593369702056232	0.9090432388734733	0.09095676112652669	0.12926166074043088	0.17252931323283083	0.12211800134160686	0.16838020907909645
0.08890399319700819	0.2593369702056232	0.9088902969258669	0.09110970307413314	0.12907268170426064	0.17236089806163715	0.12192770073044007	0.16822726713149017
0.08890025315601191	0.25975660931598826	0.9088902969258669	0.09110970307413314	0.12925454165796618	0.17261572783045176	0.12222049347167455	0.1686469062418552
0.08882234780086214	0.25975660931598826	0.9086936572789442	0.09130634272105574	0.12901208837015424	0.17239938727196769	0.12197609547157626	0.16845026659493256
0.08882034932913045	0.26017624842635334	0.9086936572789442	0.09130634272105574	0.12919358199624922	0.17265385686438317	0.12226862859763835	0.16886990570529758
0.08869880049817137	0.26017624842635334	0.9083440756844152	0.09165592431558478	0.12876427829698858	0.17227007502083913	0.12183510754774393	0.16852032411076845
0.08868984770559185	0.2610155266470835	0.9083440756844152	0.09165592431558478	0.12912601204068921	0.17277777777777778	0.12241928388219595	0.16935960233149872
0.08861024692689647	0.2610155266470835	0.9081255871878345	0.09187441281216543	0.12885850424694428	0.17253814147018032	0.12214873793538888	0.16914111383491814
0.08860596043429969	0.2614351657574486	0.9081255871878345	0.09187441281216543	0.12903893951946976	0.17279156843710997	0.1224405199378797	0.16956075294528317
0.08855872332192376	0.2614351657574486	0.9080600406388604	0.09193995936113963	0.1289588077002691	0.17271971167174938	0.12235941666764988	0.16949520639630888
0.08854339645031613	0.2618548048678137	0.9080600406388604	0.09193995936113963	0.1291390728476821	0.17297297297297298	0.12265107843770164	0.16991484550667413
0.0884979264918514	0.2618548048678137	0.9079507963905701	0.09204920360942996	0.1290055819722969	0.17285318559556787	0.12251592459314853	0.16980560125838373
0.08849767060173779	0.2622744439781788	0.9079507963905701	0.09204920360942996	0.12918561389003722	0.17310621797534967	0.12280742096915759	0.17022524036874875
0.08844742379853758	0.2622744439781788	0.9077978544429636	0.09220214555703642	0.12899896800825594	0.17293857221914777	0.12261832332670426	0.17007229842114224
0.08843680376935671	0.26269408308854386	0.9077978544429636	0.09220214555703642	0.129178704085844	0.17319131276801772	0.12290960942862199	0.1704919375315075
0.08843305220124857	0.26269408308854386	0.9077760055933055	0.09222399440669449	0.12915205281617495	0.1731673582295989	0.12288259915397352	0.17047008868184932
0.0884183423345577	0.26311372219890894	0.9077760055933055	0.09222399440669449	0.12933168316831684	0.17341999723413082	0.12317381091114483	0.17088972779221434
0.0883245877993266	0.26311372219890894	0.9074919705477507	0.09250802945224934	0.12898580538983748	0.17310877967973495	0.12282298051163944	0.1706056927466597
0.0883159577106476	0.263533361309274	0.9074919705477507	0.09250802945224934	0.12916495269436445	0.17336093857832988	0.12311384771520004	0.17102533185702473
0.0880522597330547	0.263533361309274	0.9066617142607442	0.09333828573925583	0.12816326530612246	0.17245640532747494	0.12209379300812663	0.17019507557001812
0.08804057403379917	0.2639530004196391	0.9066617142607442	0.09333828573925583	0.1283411548663538	0.1727073036792971	0.12238375928978558	0.17061471468038336
0.08798857841276524	0.2639530004196391	0.9064213769145054	0.09357862308549456	0.12805374592833876	0.172446881425634	0.12208997166637979	0.17037437733414462
0.08798282476687447	0.26437263953000417	0.9064213769145054	0.09357862308549456	0.12823122328516182	0.17269736842105263	0.12237964299210743	0.17079401644450964
0.08788246311955948	0.26437263953000417	0.9060280976206603	0.09397190237933972	0.12776313121070776	0.1722723543888433	0.12190016556969734	0.1704007371506644
0.08788187687310761	0.2647922786403693	0.9060280976206603	0.09397190237933972	0.12793998377939983	0.1725222146274778	0.1221893886553673	0.17082037626102964
0.08787805734031247	0.2647922786403693	0.9060062487710022	0.0939937512289978	0.12791404824650315	0.17249863313285949	0.1221627893069811	0.17079852741137147
0.08787440367957881	0.26563155686109946	0.9060062487710022	0.0939937512289978	0.12826747720364742	0.17299808690899152	0.1227410403279893	0.17163780563210174
0.0878574352949192	0.26563155686109946	0.905940702222028	0.09405929777797199	0.12818955042527339	0.17292719573828713	0.12266114830477556	0.17157225908312745
0.08785630581035091	0.26605119597146454	0.905940702222028	0.09405929777797199	0.12836606600526423	0.1731767276700355	0.12295013240105986	0.1719918981934927
0.08777798187217871	0.26605119597146454	0.9057659114247635	0.09423408857523652	0.12815847988680007	0.17298772169167803	0.12273719006451721	0.17181710739622802
0.08777425980128899	0.2664708350818296	0.9057659114247635	0.09423408857523652	0.12833468067906226	0.17323693902605375	0.12302594850990137	0.17223674650659304
0.08776211902058885	0.2664708350818296	0.9056785160261313	0.09432148397386877	0.12823101777059773	0.17314246762099522	0.12291954150232691	0.1721493511079608
0.08774945451939616	0.2668904741921947	0.9056785160261313	0.09432148397386877	0.12840702604482132	0.173391494002181	0.12320816234136224	0.17256899021832606
0.08770951288618561	0.2668904741921947	0.9054818763792086	0.09451812362079137	0.12817412333736397	0.1731790333560245	0.12296891893014619	0.1723723505714032
0.08769941962754195	0.26731011330255977	0.9054818763792086	0.09451812362079137	0.12834978843441466	0.1734277157636809	0.12325729335569076	0.17279198968176845
0.0876940850763032	0.26731011330255977	0.9054600275295506	0.09453997247044943	0.1283239323126511	0.17340411052130122	0.12323072044787146	0.17277014083211029
0.0876936400813917	0.2677297524129249	0.9054600275295506	0.09453997247044943	0.1284994964753273	0.17365269461077845	0.12351902322856911	0.17318977994247553
0.08752627409725346	0.2677297524129249	0.9047171666411763	0.09528283335882366	0.127625525105021	0.1728528853969114	0.12261853065472746	0.17244691905410114
0.08751242959510842	0.26814939152329	0.9047171666411763	0.09528283335882366	0.1278	0.17310036570499795	0.122906047181494	0.17286655816446617
0.08742052809439994	0.26814939152329	0.9044331315956214	0.09556686840437852	0.12746858168761221	0.172796106003245	0.12256335987492104	0.17258252311891153
0.08741802805645356	0.26856903063365506	0.9044331315956214	0.09556686840437852	0.12764260071798963	0.173043125591456	0.1228505474828664	0.17300216222927656
0.08735664680903293	0.26856903063365506	0.9042146430990409	0.09578535690095917	0.12738853503184713	0.17280950452274876	0.12258743611995539	0.17278367373269599
0.08733962164886087	0.26898866974402014	0.9042146430990409	0.09578535690095917	0.12756218905472635	0.1730561555075594	0.12287436035332112	0.173203312843061
0.08723198758942614	0.26898866974402014	0.9037776661058795	0.09622233389412048	0.12705649157581764	0.17259019924609587	0.12234954835119174	0.17276633584989964
0.08721707455920208	0.2694083088543852	0.9037776661058795	0.09622233389412048	0.1272294887039239	0.1728361825279311	0.12263599709614409	0.17318597496026467
0.08719775690936289	0.2694083088543852	0.9036684218575892	0.0963315781424108	0.12710354385270242	0.17271993543179984	0.12250506882459304	0.1730767307119745
0.08718551419246778	0.2698279479647503	0.9036684218575892	0.0963315781424108	0.12727632620744259	0.17296570275722933	0.12279136273933582	0.1734963698223395
0.08711471617235628	0.2698279479647503	0.9033843868120344	0.09661561318796566	0.12694965449160908	0.17266380236305048	0.12245138328194655	0.17321233477678466
0.08710830826807521	0.2702475870751154	0.9033843868120344	0.09661561318796566	0.12712198973549152	0.17290911531749228	0.12273735336152823	0.1736319738871499
0.0870477393844404	0.2702475870751154	0.9032095960147698	0.09679040398523017	0.12692156089869924	0.17272361539493095	0.12252847403869807	0.17345718308988523
0.08704242515988157	0.2706672261854805	0.9032095960147698	0.09679040398523017	0.1270935960591133	0.17296862429605792	0.12281422696473826	0.17387682220025025
0.08704136069943873	0.2706672261854805	0.9031877471651117	0.09681225283488824	0.12706855791962174	0.1729454350449122	0.12278812309975302	0.1738549733505923
0.08704133561027333	0.2710868652958456	0.9031877471651117	0.09681225283488824	0.1272404963561158	0.17319034852546916	0.1230738067813905	0.17427461246095732
0.08702044749774017	0.2710868652958456	0.9030785029168215	0.09692149708317857	0.12711530893349074	0.17307434695244475	0.12294327252557408	0.17416536821266693
0.0870197100600587	0.27150650440621066	0.9030785029168215	0.09692149708317857	0.12728703521542395	0.17331904634342352	0.12322880289056065	0.17458500732303217
0.08699220992667295	0.27150650440621066	0.902925560969215	0.09707443903078503	0.12711198428290765	0.1731566974441322	0.12304616050631947	0.17443206537542566
0.0869897503740766	0.27192614351657574	0.902925560969215	0.09707443903078503	0.12728344136711844	0.1734011238961734	0.12333149590898813	0.17485170448579068
0.08695456360467578	0.27192614351657574	0.9027726190216085	0.09722738097839148	0.12710867006669282	0.17323887180858175	0.12314900093953124	0.1746987625381844
0.08693674908517053	0.2727654217373059	0.9027726190216085	0.09722738097839148	0.12745098039215685	0.173727114793532	0.1237192349897961	0.17553804075891444
0.08693452142043417	0.2727654217373059	0.9027507701719505	0.09724922982804955	0.1274259949029602	0.173703901656868	0.12369314643726179	0.1755161919092565
0.08693446799272113	0.273185060847671	0.9027507701719505	0.09724922982804955	0.12759702077616622	0.17394789579158318	0.12397817088601974	0.1759358310196215
0.08691755623751928	0.273185060847671	0.9026633747733182	0.09733662522668181	0.12749706227967098	0.17385498731472826	0.1238737931086273	0.17584843562098929
0.08690370184120644	0.2736046999580361	0.9026633747733182	0.09733662522668181	0.12766790679459566	0.17409879839786382	0.12415868637733078	0.1762680747313543
0.08687098786571244	0.2736046999580361	0.9025322816753698	0.0974677183246302	0.12751809114023077	0.17395944503735325	0.12400217433321337	0.17613698163340596
0.0868704766052577	0.2740243390684012	0.9025322816753698	0.0974677183246302	0.12768869769260852	0.174203014539149	0.12428689503240416	0.176556620743771
0.08669961380887163	0.2740243390684012	0.9017675719373375	0.0982324280626625	0.12682074189162945	0.1733935209771641	0.12337745212222577	0.17579191100573865
0.08669881196685662	0.27444397817876626	0.9017675719373375	0.0982324280626625	0.12699029126213593	0.17363600159299084	0.12366140107831376	0.17621155011610368
0.08664241846827059	0.27444397817876626	0.9014835368917826	0.09851646310821735	0.12667054038349795	0.17333686721441824	0.12332518270934589	0.17592751507054882
0.08664179297636941	0.27486361728913133	0.9014835368917826	0.09851646310821735	0.12683965917893106	0.17357890552537433	0.12360881748079236	0.17634715418091407
0.08659169722418453	0.27486361728913133	0.9013305949441762	0.0986694050558238	0.12666795590794816	0.17341805665872387	0.12342804341358245	0.17619421223330756
0.08658498092253818	0.2752832563994964	0.9013305949441762	0.0986694050558238	0.1268368136117556	0.17365982792852416	0.123711487952327	0.17661385134367258
0.08652454607097544	0.2752832563994964	0.9011558041469117	0.09884419585308833	0.12664092664092663	0.1734761338093349	0.12350507573311405	0.17643906054640812
0.08651750008974701	0.27570289550986155	0.9011558041469117	0.09884419585308833	0.12680949623624782	0.17371760973030143	0.12378831010170391	0.17685869965677314
0.0865168479032552	0.27570289550986155	0.9011339552972536	0.0988660447027464	0.12678502508683906	0.17369464639788498	0.12376251439668154	0.1768368508071152
0.08651238809578676	0.2761225346202266	0.9011339552972536	0.0988660447027464	0.1269535018329153	0.1739360296061327	0.12404568175052816	0.17725648991748022
0.08643975442317857	0.2761225346202266	0.900937315650331	0.09906268434966899	0.12673343605546997	0.17372937293729374	0.1238135988861012	0.1770598502705576
0.08643423653521577	0.2765421737305917	0.900937315650331	0.09906268434966899	0.12690159830541112	0.17397043294614573	0.12409653650023104	0.17747948938092262
0.08617301534301823	0.2765421737305917	0.9000852105136664	0.09991478948633355	0.12595565749235474	0.17307944845699277	0.12309546295687396	0.17662738424425806
0.08616775951170629	0.2769618128409568	0.9000852105136664	0.09991478948633355	0.1261226829734378	0.17331932773109243	0.12337756590989642	0.17704702335462308
0.08614067111190182	0.2769618128409568	0.9000196639646922	0.09998033603530775	0.12605042016806722	0.17325108281926763	0.12330086135044993	0.17698147680564902
0.08613658996765884	0.27738145195132186	0.9000196639646922	0.09998033603530775	0.1262172999809051	0.17349081364829397	0.12358285812571307	0.17740111591601404
0.08603129423622735	0.27738145195132186	0.899604535821189	0.10039546417881098	0.12576103500761035	0.17305930095562247	0.12309787061864791	0.17698598777251084
0.08603101650138127	0.27780109106168693	0.899604535821189	0.10039546417881098	0.12592733498192885	0.17329842931937173	0.12337944119642547	0.1774056268828761
0.08594011549674786	0.27780109106168693	0.8993860473246084	0.10061395267539164	0.12568824757926714	0.1730718954248366	0.12312480647081775	0.1771871383862953
0.08593628126804842	0.278220730172052	0.8993860473246084	0.10061395267539164	0.12585421412300685	0.1733106783427003	0.12340613215589669	0.17760677749666032
0.08590501501448584	0.278220730172052	0.8992112565273438	0.10078874347265616	0.1256633813495072	0.17312965139052094	0.12320267114111808	0.17743198669939586
0.0858906200846941	0.27864036928241714	0.8992112565273438	0.10078874347265616	0.12582906954709114	0.1733681462140992	0.12348379241497683	0.17785162580976088
0.08587446534431982	0.27864036928241714	0.8991457099783696	0.10085429002163036	0.12575757575757576	0.17330027404410805	0.1234075277903046	0.17778607926078682
0.08586834571325869	0.2790600083927822	0.8991457099783696	0.10085429002163036	0.12592312062109448	0.17353862212943633	0.12368854425721486	0.17820571837115184
0.08570556726283478	0.2790600083927822	0.898621337586576	0.10137866241342393	0.12535344015080113	0.17299687825182103	0.12307976676293639	0.17768134597935825
0.08570550440334652	0.2794796475031473	0.898621337586576	0.10137866241342393	0.12551828119110442	0.17323449083105735	0.12336026397836732	0.17810098508972327
0.0856845266388655	0.2794796475031473	0.8985120933382857	0.10148790666171426	0.12540011297307474	0.1731219131791006	0.12323374118095783	0.1779917408414331
0.0856833196051075	0.2798992866135124	0.8985120933382857	0.10148790666171426	0.12556475903614459	0.17335932423651723	0.12351409514541335	0.17841137995179812
0.085659619542929	0.2798992866135124	0.8984246979396535	0.10157530206034653	0.12547027840481564	0.17326925574749968	0.12341289828247427	0.1783239845531659
0.08565714934595521	0.28031892572387745	0.8984246979396535	0.10157530206034653	0.1256347564416024	0.1735064935064935	0.12369312888388068	0.17874362366353092
0.08555866014183694	0.28031892572387745	0.8978566278485438	0.10214337215145623	0.1250233950963878	0.17292259901630858	0.1230369965931666	0.1781755535724212
0.08555065546537084	0.28073856483424253	0.8978566278485438	0.10214337215145623	0.125187125748503	0.17315905267244727	0.123316674333372	0.17859519268278623
0.08550234399561914	0.28073856483424253	0.8974414997050405	0.10255850029495947	0.124743613649077	0.17273431448489543	0.1228391713136238	0.17818006453928303
0.08550143102225251	0.2811582039446076	0.8974414997050405	0.10255850029495947	0.12490678598061149	0.17297018200593778	0.1231184356801953	0.17859970364964806
0.085407971661769	0.2811582039446076	0.8970263715615373	0.10297362843846271	0.12446591120193201	0.17254699974246718	0.12264253024541528	0.17818457550614486
0.08539451785570557	0.28157784305497274	0.8970263715615373	0.10297362843846271	0.12462852897473997	0.17278228402214496	0.12292138349629902	0.1786042146165101
0.08536091777489914	0.28157784305497274	0.8968734296139308	0.10312657038606918	0.12446670376553515	0.17262670439927966	0.12274640750003149	0.1784512726689036
0.0853333349589966	0.2819974821653378	0.8968734296139308	0.10312657038606918	0.12462908011869436	0.17286173633440516	0.12302508216636657	0.17887091177926862
0.0853158799949052	0.2819974821653378	0.8968297319146147	0.1031702680853853	0.12458286985539488	0.17281728172817282	0.12297509912286375	0.1788272140799525
0.08531581047504239	0.2824171212757029	0.8968297319146147	0.1031702680853853	0.1247451343836886	0.17305219850861403	0.12325369156231786	0.17924685319031752
0.0851539437657733	0.2824171212757029	0.8963053595228211	0.10369464047717887	0.12419265547148921	0.17251986670084593	0.12265511111577797	0.17872248079852393
0.08514784087702214	0.282836760386068	0.8963053595228211	0.10369464047717887	0.12435424354243542	0.17275406894784057	0.12293320069960119	0.17914211990888917
0.08514110719861234	0.282836760386068	0.896261661823505	0.10373833817649501	0.12430837329398746	0.172709801409353	0.12288342001890157	0.17909842220957284
0.0851236436039312	0.28325639949643305	0.896261661823505	0.10373833817649501	0.12446985063617924	0.17294388931591084	0.12316142802665482	0.17951806131993808
0.08505103665328591	0.28325639949643305	0.8960213244772662	0.10397867552273372	0.12421788737578211	0.17270052449788922	0.12288780591556478	0.17927772397369934
0.08504135366832473	0.28409567771716326	0.8960213244772662	0.10397867552273372	0.12454010301692421	0.1731679242869932	0.12344327356686838	0.1801170021944296
0.08503816355737014	0.28409567771716326	0.8959994756276082	0.1040005243723918	0.12451719698363067	0.1731457800511509	0.1234183928002867	0.18009515334477144
0.08502865089878016	0.28451531682752834	0.8959994756276082	0.1040005243723918	0.12467819051121735	0.17337936325278097	0.12369604277439	0.18051479245513646
0.08496218600768674	0.28451531682752834	0.8956498940330792	0.10435010596692085	0.12431243124312431	0.17302539236952916	0.12329836966264278	0.18016521086060755
0.08494789754146999	0.2849349559378934	0.8956498940330792	0.10435010596692085	0.12447296058661778	0.17325848430722124	0.12357567390978492	0.18058484997097257
0.08493971551916703	0.2849349559378934	0.8955406497847889	0.10445935021521117	0.12435897435897436	0.1731480300905266	0.12345158475990944	0.18047560572268218
0.08491884446619484	0.2853545950482585	0.8955406497847889	0.10445935021521117	0.12451931880607947	0.17338092809790923	0.12372875176541237	0.18089524483304742
0.08490590793697733	0.2853545950482585	0.8954532543861565	0.10454674561384343	0.12442817932296432	0.17329255861365953	0.12362950018540594	0.18080784943441497
0.08489517100657618	0.2857742341586236	0.8954532543861565	0.10454674561384343	0.12458836443468715	0.17352528984584023	0.12390654900369699	0.18122748854478
0.08465972391813938	0.2857742341586236	0.8948196377460726	0.10518036225392734	0.12393084622383986	0.1728865194211729	0.12318894601331946	0.18059387190469622
0.08465512255897605	0.28619387326898865	0.8948196377460726	0.10518036225392734	0.12409024745269287	0.173118416042645	0.12346540897931296	0.18101351101506125
0.0844955801585604	0.28619387326898865	0.8942952653542791	0.1057047346457209	0.12355072463768116	0.17259268632165	0.12287440075318759	0.18048913862326765
0.0844898198994405	0.28661351237935373	0.8942952653542791	0.1057047346457209	0.12370947292157218	0.1728238866396761	0.12315037506444729	0.18090877773363268
0.08445810419931965	0.28661351237935373	0.8942515676549629	0.10574843234503703	0.12366467499547347	0.17278016696180115	0.12310122191459069	0.18086508003431678
0.08444556793179776	0.28703315148971886	0.8942515676549629	0.10574843234503703	0.12382331643736423	0.1730112558492475	0.12337711696925077	0.1812847191446818
0.08437997107743596	0.28703315148971886	0.8940330791583824	0.10596692084161768	0.12359956631731117	0.17279272451686245	0.12313147553653733	0.18106623064810123
0.08437614407280174	0.28745279060008394	0.8940330791583824	0.10596692084161768	0.12375790424570912	0.17302349078050014	0.12340714362120082	0.18148586975846626
0.08437197605209575	0.28745279060008394	0.8940112303087242	0.10598876969127576	0.12373554913294797	0.17300164162141685	0.12338258933981752	0.1814640209088081
0.08437145468833258	0.287872429710449	0.8940112303087242	0.10598876969127576	0.12389380530973451	0.17323232323232324	0.12365819693478557	0.1818836600191731
0.08431166619444098	0.287872429710449	0.8938582883611178	0.10614171163888221	0.12373737373737374	0.17307934906017408	0.1234863318916676	0.18173071807156682
0.08430780797918612	0.2882920688208141	0.8938582883611178	0.10614171163888221	0.12389540126239856	0.1733097880928355	0.12376176857788707	0.18215035718193184
0.0842756532131801	0.2882920688208141	0.8937490441128275	0.10625095588717254	0.12378378378378378	0.17320055464515316	0.12363906991956476	0.18204111293364167
0.08427345184186481	0.2887117079311792	0.8937490441128275	0.10625095588717254	0.12394163213835345	0.1734308041341064	0.12391437281339697	0.1824607520440067
0.08413529081455058	0.2887117079311792	0.8932028228713759	0.10679717712862417	0.12338593974175036	0.17288604095991958	0.12330233826716573	0.18191453080255515
0.08413251143214673	0.28913134704154425	0.8932028228713759	0.10679717712862417	0.12354312354312354	0.17311557788944723	0.12357714192496895	0.18233416991292017
0.08401971896418751	0.28913134704154425	0.8927221481788984	0.10727785182110162	0.12305768887301304	0.17263843648208468	0.12304077562582226	0.1818534952204427
0.0840161023719694	0.2895509861519094	0.8927221481788984	0.10727785182110162	0.12321428571428572	0.1728673431040962	0.12331513779213231	0.18227313433080772
0.08401351107165396	0.2895509861519094	0.8926566016299242	0.10734339837007581	0.12314831340353383	0.1728024042073629	0.12324213168578321	0.18220758778183366
0.08397990874942778	0.29039026437263954	0.8926566016299242	0.10734339837007581	0.12346119536128457	0.17325988983475213	0.12379062354236822	0.1830468660025637
0.0839688615506677	0.29039026437263954	0.8925910550809499	0.10740894491905001	0.12339514978601997	0.1731948441997247	0.12371755411622745	0.18298131945358942
0.08395296786999244	0.29164918170373477	0.8925910550809499	0.10740894491905001	0.12386383888789877	0.1738804103077308	0.12453982023584131	0.1842402367846847
0.08377200610253828	0.29164918170373477	0.8919574384408661	0.10804256155913392	0.12322695035460993	0.17325190078524244	0.12383424156760156	0.18360662014460072
0.08376970582653846	0.29206882081409985	0.8919574384408661	0.10804256155913392	0.12338237901081368	0.17347956131605186	0.12410772674119876	0.18402625925496596
0.08376686057220772	0.29206882081409985	0.8919137407415499	0.10808625925845004	0.12333864965443912	0.17343633192125593	0.12405918528850166	0.18398256155564985
0.083766813956669	0.292488459924465	0.8919137407415499	0.10808625925845004	0.12349397590361445	0.17366388439018313	0.1243325938764771	0.18440220066601487
0.0835809045636705	0.292488459924465	0.89123642640215	0.10876357359785008	0.12281938325991189	0.1729957805907173	0.12358218491166918	0.183724886326615
0.08358052906433477	0.29290809903483006	0.89123642640215	0.10876357359785008	0.1229739252995067	0.17322248417917857	0.12385500052676997	0.18414452543698
0.08352922527020241	0.29290809903483006	0.8909742402062532	0.10902575979374686	0.12271448663853728	0.17296493619130218	0.12356557899961762	0.18388233924108333
0.08350552285574105	0.29332773814519514	0.8909742402062532	0.10902575979374686	0.12286869397082088	0.17319127849355798	0.12383814168698347	0.18430197835144835
0.08348238553762997	0.29332773814519514	0.8907994494089886	0.10920055059101139	0.12269615587151132	0.173019801980198	0.12364544452929639	0.18412718755418367
0.08347839525564742	0.2937473772555602	0.8907994494089886	0.10920055059101139	0.12285012285012285	0.1732458854102215	0.12391782570213912	0.1845468266645489
0.08344618555494228	0.2937473772555602	0.8906683563110402	0.10933164368895977	0.12272089761570827	0.1731173488314579	0.12377340221076873	0.18441573356660035
0.08344189624439387	0.2941670163659253	0.8906683563110402	0.10933164368895977	0.12287467134092901	0.17334322453016815	0.12404563752728971	0.1848353726769656
0.08333743934706768	0.2941670163659253	0.8903843212654854	0.10961567873451462	0.12259531304651976	0.17306505369707442	0.12373309286604607	0.18455133763141074
0.08333396857202313	0.29458665547629037	0.8903843212654854	0.10961567873451462	0.12274873229585592	0.17329054554431006	0.12400505975032564	0.18497097674177576
0.08326668464322477	0.29458665547629037	0.8900128908212983	0.10998710917870175	0.12238493723849372	0.17292770045572115	0.12359728638513863	0.18459954629758868
0.08324263431005068	0.2954259336970206	0.8900128908212983	0.10998710917870175	0.12269083304287208	0.17337766284940279	0.12414050584727747	0.18543882451831895
0.08312164890143142	0.2954259336970206	0.8896414603771111	0.11035853962288886	0.12232841007819288	0.17301548291963628	0.12373353344475295	0.18506739407413164
0.08311377661218149	0.29584557280738566	0.8896414603771111	0.11035853962288886	0.12248088950660181	0.17323995576852194	0.12400478779682894	0.18548703318449666
0.0830035846465327	0.29584557280738566	0.8891826345342918	0.11081736546570824	0.12203565864635624	0.17279411764705882	0.12350360505966736	0.18502820734167758
0.08298909696053508	0.29626521191775074	0.8891826345342918	0.11081736546570824	0.12218760816891658	0.17301801249846832	0.12377445636037519	0.1854478464520426
0.08291829550143075	0.29626521191775074	0.8890078437370272	0.11099215626297275	0.12201866574490149	0.1728485738768515	0.12358394420546573	0.18527305565477792
0.08290879165350752	0.2966848510281158	0.8890078437370272	0.11099215626297275	0.1221703818904441	0.17307221542227663	0.1238546182925846	0.18569269476514316
0.0828186561495642	0.2966848510281158	0.8886582621424982	0.1113417378575018	0.1218335343787696	0.17273393598827266	0.12347422854504464	0.18534311317061403
0.08281590140194856	0.2971044901384809	0.8886582621424982	0.1113417378575018	0.12198483804272915	0.17295712715280323	0.12374458853731683	0.18576275228097905
0.08279701703769972	0.2971044901384809	0.8886145644431821	0.11138543555681793	0.12194281777471581	0.17291488582244474	0.12369709056696149	0.18571905458166293
0.08279078391392082	0.29752412924884597	0.8886145644431821	0.11138543555681793	0.12209402445324609	0.17313797313797313	0.12396737728220837	0.18613869369202796
0.08277066652830707	0.29752412924884597	0.8885490178942079	0.11145098210579213	0.12203098106712565	0.17307457585743927	0.12389611431040498	0.1860731471430539
0.08275182714629246	0.2983634074695762	0.8885490178942079	0.11145098210579213	0.1223331039229181	0.17352043929225136	0.12443646818752777	0.18691242536378416
0.0826512035078492	0.2983634074695762	0.8882431339989949	0.11175686600100505	0.12203913491246138	0.17322450968449263	0.12410398954253422	0.18660654146857114
0.082649483015253	0.29878304657994126	0.8882431339989949	0.11175686600100505	0.12218980607516733	0.17344701583434835	0.12437386927069118	0.18702618057893616
0.08257069948696433	0.29878304657994126	0.8877187616072014	0.11228123839279862	0.12168860023927534	0.17294146222977896	0.12380563545783188	0.1865018081871428
0.08256759595993711	0.29920268569030634	0.8877187616072014	0.11228123839279862	0.12183868762816132	0.17316332726168793	0.12407506907016509	0.18692144729750781
0.08255417602067107	0.29920268569030634	0.8876313662085691	0.11236863379143087	0.12175546448087432	0.17307925719140674	0.12398055690413112	0.18683405189887536
0.08255095603027675	0.2996223248006714	0.8876313662085691	0.11236863379143087	0.12190541232712993	0.1733009708737864	0.12424988439101173	0.1872536910092406
0.08254716332645629	0.2996223248006714	0.887609517358911	0.11239048264108895	0.12188460225332878	0.17327994175464143	0.12422625107248478	0.18723184215958244
0.0825440834493751	0.3000419639110365	0.887609517358911	0.11239048264108895	0.12203447687318655	0.17350157728706625	0.12449552323210611	0.18765148126994746
0.0824662376421537	0.3000419639110365	0.8871506915160917	0.11284930848390833	0.12159863945578231	0.17306063173181654	0.12399994057917821	0.18719265542712815
0.08246248976352069	0.30046160302140157	0.8871506915160917	0.11284930848390833	0.1217480020404693	0.1732817037754114	0.12426882080732803	0.18761229453749317
0.08242536806363882	0.30046160302140157	0.8869759007188271	0.11302409928117285	0.12158261164883681	0.17311411992263057	0.12408042910762386	0.18743750374022872
0.08241893446533373	0.3013008812421318	0.8869759007188271	0.11302409928117285	0.12188083517229673	0.17355571670292483	0.12461780681202551	0.18827678196095898
0.08232428380977193	0.3013008812421318	0.8865170748760078	0.11348292512399222	0.12144790257104195	0.1731163351416516	0.12412397515182844	0.18781795611813967
0.08231801922296313	0.30172052035249686	0.8865170748760078	0.11348292512399222	0.12159648232707593	0.17333654773384763	0.12439225636985873	0.1882375952285047
0.08228859521417135	0.30172052035249686	0.8863859817780594	0.11361401822194062	0.12147322182801149	0.17321127439171283	0.1242514325354635	0.18810650213055613
0.08228262987385974	0.302559798573227	0.8863859817780594	0.11361401822194062	0.12176997128863368	0.17365125240847784	0.12478768192106048	0.1889457803512864
0.08227480134320936	0.302559798573227	0.8863422840787433	0.11365771592125674	0.1217288536214756	0.17360943895978811	0.12474071071246337	0.18890208265197028
0.08226942765020111	0.3029794376835921	0.8863422840787433	0.11365771592125674	0.12187711006076975	0.17382930058986398	0.12500874555206043	0.1893217217623353
0.08217435617146283	0.3029794376835921	0.8859490047848981	0.11405099521510192	0.12150790979468193	0.17345345345345345	0.12458652641043358	0.18892844246849028
0.08217276450375192	0.3033990767939572	0.8859490047848981	0.11405099521510192	0.12165572942958101	0.17367283209224116	0.12485422569806559	0.1893480815788553
0.08194236062267428	0.3033990767939572	0.8850750507985754	0.11492494920142454	0.12084238676249373	0.17284245756633995	0.12392054712305524	0.18847412759253257
0.08193401979744952	0.3038187159043223	0.8850750507985754	0.11492494920142454	0.12098930481283422	0.17306083422971197	0.12418755188019567	0.18889376670289781
0.08184757679519432	0.3038187159043223	0.8847691669033625	0.11523083309663747	0.12070690230076692	0.17277174561508174	0.12386222911444819	0.1885878828076848
0.0818454726860041	0.3042383550146874	0.8847691669033625	0.11523083309663747	0.12085347557926321	0.17298973991887379	0.12412896834148622	0.18900752191804981
0.08172674599862947	0.3042383550146874	0.8842010968122529	0.11579890318774716	0.12033195020746888	0.17245480494766888	0.12352668116717816	0.18843945182694033
0.08172563847502858	0.30465799412505246	0.8842010968122529	0.11579890318774716	0.12047792897444408	0.17267213699607564	0.12379296145846182	0.18885909093730535
0.08168889440190719	0.30465799412505246	0.8840044571653303	0.11599554283466976	0.12029826014913007	0.17248752672843906	0.12358502630480381	0.18866245129038273
0.08168588556551194	0.30507763323541753	0.8840044571653303	0.11599554283466976	0.12044400265076209	0.1727045967454567	0.12385112446475117	0.18908209040074775
0.08163375807444108	0.30507763323541753	0.8838952129170399	0.11610478708296008	0.12034431385532196	0.17260208926875595	0.12373567788445891	0.18897284615245735
0.08163148801287066	0.3054972723457826	0.8838952129170399	0.11610478708296008	0.12048990400529626	0.17281899109792284	0.12400165880046035	0.1893924852628226
0.08158958064465138	0.3054972723457826	0.8838078175184076	0.11619218248159234	0.12041018855441614	0.1727369794756199	0.12390931599111338	0.18930508986419037
0.08157606153967244	0.3059169114561477	0.8838078175184076	0.11619218248159234	0.12055564742847694	0.17295373665480426	0.12417519594548795	0.1897247289745554
0.08154832146236839	0.3059169114561477	0.8837204221197754	0.11627957788022461	0.12047595438770452	0.17287170974626512	0.12408285886005886	0.18963733357592316
0.08154480071303367	0.3063365505665128	0.8837204221197754	0.11627957788022461	0.12062128222075347	0.17308832246591582	0.12434863800006414	0.19005697268628818
0.08153957404591872	0.3063365505665128	0.8836330267211432	0.11636697327885687	0.12054161162483487	0.17300628036497215	0.12425630667923665	0.18996957728765596
0.0815335380417501	0.3067561896768779	0.8836330267211432	0.11636697327885687	0.12068680865114743	0.1732227488151659	0.12452198515180471	0.19038921639802098
0.08151762218932886	0.3067561896768779	0.8835019336231947	0.11649806637680526	0.12056737588652482	0.17309969216197016	0.12438352308612234	0.19025812330007263
0.08151373944506667	0.307175828787243	0.8835019336231947	0.11649806637680526	0.12071240105540897	0.17331597016692316	0.12464906901886909	0.19067776241043766
0.08145477475419377	0.307175828787243	0.8832397474272979	0.11676025257270205	0.12047399605003292	0.17307010284903654	0.12437242392966709	0.19041557621454097
0.08145435689232329	0.30759546789760805	0.8832397474272979	0.11676025257270205	0.12061872634523614	0.17328605200945627	0.12463774179597051	0.190835215324906
0.08141530068045416	0.30759546789760805	0.8831305031790077	0.11686949682099237	0.12051956593225913	0.17318369757826343	0.12452257815702801	0.1907259710766156
0.08141437357418152	0.30801510700797313	0.8831305031790077	0.11686949682099237	0.12066414598060168	0.17339948027403732	0.12478778010426288	0.19114561018698084
0.08139224736375848	0.30801510700797313	0.8829994100810592	0.11700058991894077	0.1205452455247167	0.1732766761095373	0.124649631467751	0.19101451708903228
0.08137189640650624	0.3088543852287033	0.8829994100810592	0.11700058991894077	0.12083401740272533	0.17370781213122494	0.1251797360053474	0.19185379530976254
0.08123877840315195	0.3088543852287033	0.8823439445913173	0.11765605540868274	0.12024179055709851	0.17309501411100658	0.12449037526995312	0.1911983298200206
0.08123825417632696	0.3092740243390684	0.8823439445913173	0.11765605540868274	0.12038549493629533	0.17330981775426219	0.12475489870242129	0.19161796893038563
0.0812316911430384	0.3092740243390684	0.8823002468920011	0.11769975310799886	0.12034617896799478	0.17326907252850593	0.12470904754337774	0.19157427123106952
0.08122825956610548	0.3096936634494335	0.8823002468920011	0.11769975310799886	0.12048979591836735	0.17348377997179126	0.12497350364361746	0.19199391034143476
0.08119355664839327	0.3096936634494335	0.8820599095457624	0.11794009045423759	0.12027379400260756	0.17325977227374104	0.12472145548211933	0.19175357299519602
0.08119108946991142	0.3101133025597986	0.8820599095457624	0.11794009045423759	0.12041714192602249	0.17347417840375587	0.12498570283159331	0.19217321210556104
0.08097849217459767	0.3101133025597986	0.8811859555594398	0.11881404444056021	0.11963736441638335	0.17266355140186915	0.12407288070678206	0.1912992581192383
0.08097537137640139	0.31053294167016365	0.8811859555594398	0.11881404444056021	0.11977986403366786	0.17287700035042636	0.12433646740149425	0.19171889722960334
0.0808605230080745	0.31053294167016365	0.8806834320173043	0.11931656798269571	0.11933559103370424	0.1724137931034483	0.12381429418844465	0.1912163736874679
0.08084793038254538	0.31095258078052873	0.8806834320173043	0.11931656798269571	0.11947758787487907	0.1726266744321491	0.12407748896030865	0.19163601279783293
0.0808448661880496	0.31095258078052873	0.8806397343179881	0.11936026568201184	0.11943907156673114	0.17258646791661814	0.12403215631233531	0.19159231509851682
0.08084418309726944	0.3113722198908938	0.8806397343179881	0.11936026568201184	0.11958098307816277	0.1727992547741034	0.12429528508094902	0.19201195420888206
0.08081695865667503	0.3113722198908938	0.8804867923703817	0.1195132076296183	0.11944623309723117	0.1726585223967423	0.12413664415261236	0.19185901226127555
0.08080390787189594	0.31179185900125894	0.8804867923703817	0.1195132076296183	0.11958796072750684	0.17287110283852955	0.12439962985602743	0.19227865137164057
0.08072759735364393	0.31179185900125894	0.8800935130765365	0.11990648692346348	0.11924249719146204	0.17250986765730206	0.12399235509831122	0.19188537207779532
0.08072518967292495	0.312211498111624	0.8800935130765365	0.11990648692346348	0.11938382541720154	0.17272199651770168	0.12425502903283155	0.19230501118816057
0.08072079650444605	0.312211498111624	0.8800498153772204	0.11995018462277961	0.11934552454282965	0.17268190785656262	0.12420982856945731	0.19226131348884445
0.08071999677394513	0.3126311372219891	0.8800498153772204	0.11995018462277961	0.11948676824378508	0.17289394291018798	0.1244724370117449	0.19268095259920948
0.08064224756722566	0.3126311372219891	0.8797439314820075	0.12025606851799253	0.11921907505200832	0.17261353104726598	0.12415628242798224	0.19237506870399645
0.08062932976781094	0.3130507763323542	0.8797439314820075	0.12025606851799253	0.11936	0.17282520560639406	0.1244186419115684	0.1927947078143617
0.08043955694934839	0.3130507763323542	0.878607791299788	0.12139220870021193	0.11837511900983815	0.17179044329303397	0.1232505995426583	0.19165856763214228
0.08043712158105677	0.31347041544271925	0.878607791299788	0.12139220870021193	0.1185149928605426	0.1720009210223348	0.1235121351794401	0.1920782067425073
0.08037119995840668	0.31347041544271925	0.878258209705259	0.12174179029474098	0.11821490742206045	0.17168467019076075	0.12315470494747532	0.19172862514797817
0.08037032545291005	0.31389005455308433	0.878258209705259	0.12174179029474098	0.11835443037974684	0.17189474893714812	0.12341596551261505	0.19214826425834342
0.08031566045121963	0.31389005455308433	0.8780397212086783	0.12196027879132164	0.11816745655608214	0.1716974635601974	0.12319294433593556	0.19192977576176262
0.08030759538006282	0.31472933277381454	0.8780397212086783	0.12196027879132164	0.1184459886291851	0.1721170395869191	0.12371506331951689	0.1927690539824929
0.08028430558544279	0.31472933277381454	0.877886779261072	0.1221132207389281	0.11831519167061051	0.171978903921119	0.12355897738370729	0.19261611203488638
0.08027390125334387	0.3151489718841796	0.877886779261072	0.1221132207389281	0.11845425867507886	0.1721884672704345	0.12381988122937675	0.19303575114525162
0.08002605663150575	0.3151489718841796	0.876925429876117	0.12307457012388298	0.11763784461152882	0.17132428424774723	0.12284258390746437	0.19207440176029666
0.08002288507833163	0.3155686109945447	0.876925429876117	0.12307457012388298	0.1177760375880971	0.17153284671532848	0.12310279980119536	0.1924940408706617
0.08002094973911299	0.3155686109945447	0.8768817321768009	0.12311826782319911	0.11773915766400501	0.17149372862029647	0.12305852972226167	0.19245034317134557
0.08001729316325361	0.3159882501049098	0.8768817321768009	0.12311826782319911	0.11787726988102692	0.1717022004332459	0.12331868253416227	0.1928699822817106
0.07999118507970325	0.3159882501049098	0.8767069413795363	0.12329305862046364	0.1177298311444653	0.17154573413828456	0.1231416414765771	0.19269519148444614
0.0799907486904679	0.31640788921527485	0.8767069413795363	0.12329305862046364	0.11786775050805065	0.17175398633257402	0.12340164273999721	0.19311483059481116
0.0799854189383097	0.31640788921527485	0.8766195459809041	0.12338045401909589	0.11779409467270739	0.17167577413479052	0.12331315759621636	0.19302743519617893
0.07998198382719679	0.31682752832563993	0.8766195459809041	0.12338045401909589	0.11793189628241174	0.17188389299943085	0.12357306652751862	0.19344707430654395
0.07987201917038506	0.31682752832563993	0.8763792086346653	0.12362079136533462	0.1177296117261812	0.17166894042746703	0.12332989421075581	0.19320673696030521
0.0798704966813802	0.31724716743600506	0.8763792086346653	0.12362079136533462	0.11786716557530402	0.17187677617369557	0.12358960810034583	0.19362637607067046
0.07981828711778056	0.31724716743600506	0.8760077781904783	0.12399222180952173	0.11755559011040273	0.17154526889040164	0.1232144776914608	0.19325494562648338
0.0798166217438539	0.31766680654637014	0.8760077781904783	0.12399222180952173	0.11769278606965174	0.17175269427112877	0.12347390935585643	0.1936745847368484
0.07974459882091016	0.31766680654637014	0.8758329873932138	0.12416701260678625	0.11754658385093168	0.17159696248441572	0.12329765002539504	0.19349979393958394
0.07974272674397591	0.3180864456567352	0.8758329873932138	0.12416701260678625	0.11768358950473529	0.17180417044424298	0.12355693179707083	0.19391943304994896
0.07972494581816525	0.3180864456567352	0.8757237431449234	0.12427625685507658	0.11759230530561589	0.17170687507078944	0.12344682302985466	0.19381018880165857
0.07971976612460685	0.3185060847671003	0.8757237431449234	0.12427625685507658	0.11772917636109818	0.17191392978482445	0.1237059989174264	0.1942298279120238
0.0795669478902941	0.3185060847671003	0.8750682776551815	0.12493172234481854	0.11718388142658638	0.1713318284424379	0.12304693995662386	0.19357436242228188
0.07956557069879339	0.3189257238774654	0.8750682776551815	0.12493172234481854	0.11732016054337759	0.17153820110596998	0.12330564771534334	0.1939940015326469
0.07953351468758692	0.3189257238774654	0.874915335707575	0.125084664292425	0.11719352351580571	0.17140279657194407	0.12315226439389586	0.1938410595850404
0.07953305229134008	0.31934536298783045	0.874915335707575	0.125084664292425	0.11732963305581252	0.1716089750817454	0.12341083833869425	0.1942606986954054
0.07946790342301296	0.31934536298783045	0.8746968472109944	0.12530315278900567	0.11714901477832512	0.17141569996621242	0.12319190052749458	0.19404221019882484
0.07946071620392374	0.32018464120856066	0.8746968472109944	0.12530315278900567	0.11742074484456756	0.17182749690350185	0.12370866239189379	0.1948814884195551
0.07946031977519084	0.32018464120856066	0.8746749983613362	0.12532500163866372	0.11740267733497461	0.1718081513172709	0.12368676086543509	0.19485963956989694
0.0794592001050061	0.32060428031892574	0.8746749983613362	0.12532500163866372	0.11753846153846154	0.1720139592480018	0.12394507855461738	0.19527927868026196
0.0793723367627709	0.32060428031892574	0.8742817190674911	0.1257182809325089	0.11721386928505677	0.1716661049320301	0.12355124513663318	0.19488599938641693
0.07936803008463127	0.3210239194292908	0.8742817190674911	0.1257182809325089	0.11734928670041417	0.17187148955290946	0.12380927225758234	0.19530563849678195
0.0792591886569838	0.3210239194292908	0.8736262535777491	0.12637374642225088	0.1168117269812185	0.17129422301836095	0.12315518684760697	0.19465017300704002
0.0792452186683955	0.3214435585396559	0.8736262535777491	0.12637374642225088	0.11694656488549618	0.17149893652748238	0.1234127540027796	0.19506981211740504
0.07921328587204941	0.3214435585396559	0.8734951604798007	0.12650483952019925	0.11683953630262355	0.1713838236939255	0.12328225899953774	0.19493871901945647
0.07920149398740088	0.32186319765002097	0.8734951604798007	0.12650483952019925	0.11697422601799604	0.17158836689038032	0.12353970885422659	0.19535835812982172
0.07914081819447487	0.32186319765002097	0.8732111254342458	0.1267888745657541	0.1167427701674277	0.17133921590528314	0.12325724881959656	0.19507432308426687
0.07913444270333608	0.32228283676038605	0.8732111254342458	0.1267888745657541	0.11687718764267235	0.171543444270717	0.12351448258395197	0.1954939621946319
0.07912935494933888	0.32228283676038605	0.8731674277349297	0.12683257226507025	0.11684162482884528	0.17150513622152747	0.1234710550937215	0.19545026449531577
0.0791224834432941	0.3227024758707511	0.8731674277349297	0.12683257226507025	0.11697596592637663	0.17170927765993077	0.12372822861463921	0.1958699036056808
0.0790823374461302	0.3227024758707511	0.8729707880880071	0.12702921191199285	0.11681604131854778	0.1715369172429177	0.12353286287774523	0.19567326395875817
0.0790815202539198	0.32312211498111626	0.8729707880880071	0.12702921191199285	0.11695018226002431	0.1717408274785324	0.12378987754591257	0.19609290306912341
0.0790717069100269	0.32312211498111626	0.872927090388691	0.12707290961130896	0.11691466747646523	0.17170253093990412	0.12374647583453122	0.1960492053698073
0.07906659102975855	0.32354175409148134	0.872927090388691	0.12707290961130896	0.11704873235160164	0.17190635451505018	0.12400343046213803	0.19646884448017232
0.07905685377560802	0.32354175409148134	0.8728833926893749	0.1271166073106251	0.11701320382455607	0.17186803388319216	0.12396001553391689	0.1964251467808562
0.07905334007684056	0.3239613932018464	0.8728833926893749	0.1271166073106251	0.11714719271623672	0.17207177086816003	0.12421691017478662	0.19684478589122123
0.07899837297478607	0.3239613932018464	0.8725556599445039	0.12744434005549607	0.11688115064345193	0.17178460169114373	0.12389156247460634	0.19651705314635026
0.0789979219804393	0.3243810323122115	0.8725556599445039	0.12744434005549607	0.11701483499848622	0.17198798531538548	0.1241482148697906	0.1969366922567155
0.07899420214153732	0.3243810323122115	0.8725119622451878	0.1274880377548122	0.11697941888619855	0.17194972750528306	0.12410487037825628	0.19689299455739917
0.07897909279986458	0.32480067142257657	0.8725119622451878	0.1274880377548122	0.1171130276895143	0.17215302491103202	0.12436146306880817	0.19731263366776441
0.07897604105619971	0.32480067142257657	0.8724901133955297	0.12750988660447027	0.11709531013615734	0.1721338819081508	0.12433978240232267	0.19729078481810625
0.07896334529660713	0.32522031053294165	0.8724901133955297	0.12750988660447027	0.11722886098926033	0.17233711363130977	0.12459632942080545	0.19771042392847127
0.0789503186710027	0.32522031053294165	0.8723808691472394	0.1276191308527606	0.11714026602176542	0.1722413601511279	0.12448791190039926	0.1976011796801811
0.07893905471258143	0.32605958875367186	0.8723808691472394	0.1276191308527606	0.11740707162284678	0.1726474836129319	0.1250007713156861	0.19844045790091136
0.0786746939731414	0.32605958875367186	0.8712010312657039	0.12879896873429614	0.1164568345323741	0.17161789066813915	0.12383423745198004	0.19726062001937583
0.07867361925885086	0.32647922786403694	0.8712010312657039	0.12879896873429614	0.1165892402217893	0.17181978798586572	0.12408987111262429	0.19768025912974085
0.07860064220610087	0.32647922786403694	0.8708951473704909	0.12910485262950905	0.11634514730073277	0.1715545755237045	0.12378898582391465	0.19737437523452783
0.07860063069675977	0.326898866974402	0.8708951473704909	0.12910485262950905	0.11647727272727272	0.17175614595965163	0.12404439569589393	0.19779401434489285
0.07859923055606911	0.326898866974402	0.8708732985208328	0.12912670147916713	0.1164598594707729	0.17173721340388007	0.12402291739255566	0.1977721654952349
0.0785950570809016	0.3273185060847671	0.8708732985208328	0.12912670147916713	0.11659192825112108	0.17193871927697565	0.12427828244513989	0.19819180460559993
0.07835009406660152	0.3273185060847671	0.8696497629399812	0.1303502370600188	0.11562407352505188	0.17088399605652316	0.12308048360726366	0.1969682690247483
0.07833295326904827	0.32773814519513217	0.8696497629399812	0.1303502370600188	0.11575515043723136	0.1710843373493976	0.12333505391011884	0.1973879081351133
0.07826935772825712	0.32773814519513217	0.8692783324957941	0.1307216675042059	0.1154642223536369	0.17076637148791954	0.12297342351437374	0.19701647769092623
0.07826906311418841	0.32815778430549725	0.8692783324957941	0.1307216675042059	0.1155949741315595	0.1709663314385658	0.12322773322694973	0.19743611680129147
0.07826701631170747	0.32815778430549725	0.869234634796478	0.13076536520352203	0.11556080981232451	0.17092896174863387	0.12318522880094446	0.19739241910197514
0.0782631280896664	0.3285774234158624	0.869234634796478	0.13076536520352203	0.11569148936170212	0.1711288383783193	0.12343948099741135	0.19781205821234038
0.07821443494180165	0.3285774234158624	0.8689942974502393	0.13100570254976077	0.11550376161675763	0.17092337917485265	0.12320581107792355	0.19757172086610164
0.07819830418180508	0.32899706252622746	0.8689942974502393	0.13100570254976077	0.11563421828908554	0.1711229946524064	0.12345988464469107	0.19799135997646666
0.07816800672580855	0.32899706252622746	0.868885053201949	0.13111494679805108	0.11554900515843773	0.17102966841186737	0.12335374496052007	0.1978821157281765
0.07816156551448837	0.32941670163659253	0.868885053201949	0.13111494679805108	0.11567933981727085	0.1712291416730287	0.12360772092647881	0.1983017548385415
0.07815551089446236	0.32941670163659253	0.8687976578033166	0.13120234219668334	0.11561119293078057	0.17115447508993786	0.12352281889108682	0.19821435943990906
0.07815188705102012	0.3298363407469576	0.8687976578033166	0.13120234219668334	0.11574142247091739	0.17135382603008503	0.12377671081650805	0.1986339985502743
0.07812228380692694	0.3298363407469576	0.8686228670060521	0.13137713299394788	0.11560523606412708	0.1712045306033544	0.12360696841594392	0.19845920775300963
0.07811711818780039	0.3302559798573227	0.8686228670060521	0.13137713299394788	0.11573529411764706	0.1714036807143635	0.12386072286524373	0.19887884686337465
0.07808234306722833	0.3302559798573227	0.8684480762087876	0.1315519237912124	0.11559929494712104	0.17125448808617125	0.12369109829138632	0.1987040560661102
0.07807729423247206	0.33067561896768777	0.8684480762087876	0.1315519237912124	0.11572918196504627	0.17145343777197564	0.12394471556589179	0.19912369517647543
0.07806378294856385	0.33067561896768777	0.868251436561865	0.13174856343813499	0.11557641537107656	0.17128572981197696	0.12375403595652	0.1989270555295528
0.07805905715670775	0.3310952580780529	0.868251436561865	0.13174856343813499	0.11570611526616806	0.17148445990002173	0.1240075030353962	0.19934669463991783
0.07799196875123504	0.3310952580780529	0.8678581572680198	0.13214184273198015	0.11540149188240456	0.17114967462039046	0.12362675316108782	0.1989534153460728
0.07798912356001597	0.331514897188418	0.8678581572680198	0.13214184273198015	0.11553085697572389	0.1713480099772259	0.12387995092659236	0.19937305445643783
0.07790773570740184	0.331514897188418	0.8673993314252004	0.13260066857479955	0.11517713952471206	0.1709586669552045	0.12343688781492661	0.19891422861361852
0.0779069472685348	0.33193453629878306	0.8673993314252004	0.13260066857479955	0.11530612244897959	0.17115655090338636	0.12368977781542966	0.19933386772398354
0.07765670389441527	0.33193453629878306	0.8660228538967423	0.13397714610325767	0.11425682507583418	0.16999785084891467	0.12236885212858017	0.19795739019552538
0.07765413180989407	0.33235417540914813	0.8660228538967423	0.13397714610325767	0.11438474870017332	0.17019447727516923	0.12262088666184896	0.1983770293058904
0.07757717610240245	0.33235417540914813	0.8656514234525552	0.13434857654744478	0.11410459587955626	0.16988416988416988	0.12226653511527875	0.19800559886170332
0.07757307932576803	0.3327738145195132	0.8656514234525552	0.13434857654744478	0.11423220973782772	0.1700804289544236	0.12251831940553709	0.19842523797206835
0.07754877737284183	0.3327738145195132	0.8654984815049488	0.13450151849505124	0.11411713915671319	0.16995285040720104	0.12237260181918443	0.19827229602446206
0.07754263315065851	0.3331934536298783	0.8654984815049488	0.13450151849505124	0.11424460431654676	0.1701489338904961	0.12262426616068635	0.19869193513482708
0.07751099215677569	0.3331934536298783	0.8653236907076842	0.13467630929231575	0.11411325093417649	0.1700032116475752	0.12245782956098838	0.19851714433756262
0.07749810656265006	0.33361309274024337	0.8653236907076842	0.13467630929231575	0.11424055180342003	0.170199100834939	0.12270936127185364	0.19893678344792765
0.07749089462171085	0.33361309274024337	0.8652799930083681	0.1347200069916319	0.11420772877460135	0.1701626712328767	0.12266775979731892	0.19889308574861153
0.07748807807916942	0.3340327318506085	0.8652799930083681	0.1347200069916319	0.11433496121804079	0.17035848047084	0.12291923652748182	0.19931272485897655
0.07737719401309989	0.3340327318506085	0.8648430160152067	0.1351569839847932	0.11400744772271555	0.16999466097170315	0.12250369918849237	0.1988757478658152
0.07737238181263445	0.3344523709609736	0.8648430160152067	0.1351569839847932	0.114134326220822	0.17019004911381594	0.12275488939209217	0.1992953869761802
0.0772497086892166	0.3344523709609736	0.8643841901723874	0.13561580982761257	0.11379211878926328	0.16980931074890807	0.12231973799737093	0.19883656113336112
0.07724038396028099	0.33487201007133865	0.8643841901723874	0.13561580982761257	0.1139186295503212	0.170004260758415	0.12257063022066356	0.19925620024372614
0.07723785336669788	0.33487201007133865	0.8643404924730713	0.1356595075269287	0.11388611388611389	0.16996805111821087	0.12252923784852929	0.19921250254441003
0.07723437508358982	0.33529164918170373	0.8643404924730713	0.1356595075269287	0.11401255707762557	0.17016292194654456	0.12278007566698024	0.19963214165477505
0.07719757462962777	0.33529164918170373	0.8642312482247809	0.13576875177521902	0.11393127049764723	0.1700723712217965	0.12267658873747822	0.19952289740648466
0.07718411233038043	0.3369702056231641	0.8642312482247809	0.13576875177521902	0.11443636881858343	0.17085106382978724	0.12367939679986943	0.20120145384794497
0.07718071884311142	0.3369702056231641	0.8642093993751229	0.1357906006248771	0.11442006269592477	0.17083289011807254	0.12365865836935176	0.20117960499828702
0.07717852219205318	0.3373898447335292	0.8642093993751229	0.1357906006248771	0.11454623165693119	0.17102744097000638	0.12390927572225294	0.20159924410865204
0.07717650305530209	0.3373898447335292	0.8641875505254648	0.13581244947453516	0.11452991452991453	0.17100925236626607	0.12388852788268175	0.20157739525899387
0.07717568220167305	0.33780948384389425	0.8641875505254648	0.13581244947453516	0.11465603190428714	0.17120374308804764	0.12413910377277461	0.20199703436935912
0.0769823852740384	0.33780948384389425	0.86322620114051	0.13677379885949004	0.11394196744515216	0.17040643522438612	0.12322890457911802	0.20103568498440416
0.07697854086091054	0.33822912295425933	0.86322620114051	0.13677379885949004	0.11406736484574016	0.17060006349878293	0.12347889519242415	0.2014553240947694
0.07696871220253089	0.33822912295425933	0.8630951080425615	0.13690489195743843	0.11397058823529412	0.17049180327868851	0.12335519337577533	0.20132423099682084
0.07696767936999825	0.3386487620646244	0.8630951080425615	0.13690489195743843	0.11409585748621519	0.17068527918781726	0.12360508007761206	0.20174387010718586
0.07685113528391123	0.3386487620646244	0.8626799798990583	0.1373200201009417	0.11379018612521151	0.17034300791556728	0.1232138922331163	0.20132874196368267
0.07683762454241659	0.3390684011749895	0.8626799798990583	0.1373200201009417	0.11391512759058227	0.17053609117771212	0.12346351228522716	0.2017483810740477
0.0768322555854457	0.3390684011749895	0.8626362821997422	0.13736371780025783	0.1138830162085976	0.17050010550749103	0.12342237777447969	0.2017046833747318
0.07681687659750609	0.3394880402853546	0.8626362821997422	0.13736371780025783	0.11400789177001128	0.17069311108766747	0.12367194454586068	0.20212432248509682
0.0767876641060074	0.3394880402853546	0.86254888680111	0.13745111319889008	0.11394366197183099	0.17062111146261733	0.12358966440680065	0.2020369270864646
0.07678535680465115	0.3399076793957197	0.86254888680111	0.13745111319889008	0.11406844106463879	0.17081400253057782	0.12383915296197152	0.2024565661968296
0.07671983895288544	0.3399076793957197	0.8621119098079486	0.1378880901920514	0.11374806909141974	0.17045454545454544	0.12342827884250021	0.20201958920366825
0.07671943245787978	0.3403273185060848	0.8621119098079486	0.1378880901920514	0.11387250772254985	0.1706470278800631	0.12367749006427736	0.2024392283140335
0.07657937858957042	0.3403273185060848	0.8616093862658131	0.1383906137341869	0.11350594821553533	0.1702350965575147	0.12320629062467461	0.20193670477189785
0.0765764456716257	0.34074695761644985	0.8616093862658131	0.1383906137341869	0.11363000279876855	0.1704271172211145	0.12345518866691599	0.20235634388226287
0.0765745212231183	0.34074695761644985	0.861587537416155	0.13841246258384496	0.11361410381978453	0.17040923399790137	0.12343472781176379	0.20233449503260492
0.07657368094275964	0.34116659672681493	0.861587537416155	0.13841246258384496	0.11373810856183549	0.1706011960969468	0.12368358556887867	0.20275413414296994
0.07654159932517382	0.34116659672681493	0.8614782931678647	0.1385217068321353	0.11365860478121068	0.17051174496644295	0.1235812674621781	0.20264488989467955
0.07653280174254022	0.34158623583718	0.8614782931678647	0.1385217068321353	0.1137824993010903	0.1707035755478662	0.12383003557990589	0.2030645290050448
0.07650102505128563	0.34158623583718	0.8613690489195744	0.1386309510804256	0.1137030311496019	0.17061412701739678	0.12372773564868611	0.2029552847567544
0.07649891391198438	0.3424255140579102	0.8613690489195744	0.1386309510804256	0.11395056556346879	0.17099748533109807	0.12422506504234528	0.20379456297748466
0.07647919090245335	0.3424255140579102	0.8613035023706002	0.1386964976293998	0.11390284757118928	0.17094375196396774	0.12416364949425555	0.20372901642851038
0.07647536980733168	0.3432647922786404	0.8613035023706002	0.1386964976293998	0.11415015350265141	0.17132684050685937	0.1246607937963341	0.20456829464924065
0.07645634862606128	0.3432647922786404	0.8612161069719679	0.13878389302803207	0.11408647140864714	0.171255103108971	0.12457885273804525	0.20448089925060842
0.0764531027640566	0.34368443138900545	0.8612161069719679	0.13878389302803207	0.11421001255055083	0.17144651454888005	0.12482733407365032	0.20490053836097344
0.07642972228327494	0.34368443138900545	0.8611287115733357	0.13887128842666432	0.11414634146341464	0.1713747645951036	0.12474539500283559	0.2048131429623412
0.07642746372554793	0.34410407049937053	0.8611287115733357	0.13887128842666432	0.11426978818283166	0.1715660633957527	0.12499379951665553	0.20523278207270623
0.07641318105079602	0.34410407049937053	0.8609757696257292	0.1390242303742708	0.11415842962550467	0.17144051850303157	0.12485044316542875	0.20507984012509972
0.07640797173005238	0.3445237096097356	0.8609757696257292	0.1390242303742708	0.11428173719376392	0.1716316504651406	0.12509873422355414	0.20549947923546474
0.07638092835765735	0.3445237096097356	0.8607354322794905	0.13926456772050952	0.11410701876302988	0.17143453748172896	0.12487364069573884	0.205259141889226
0.07637837660789663	0.34494334872010074	0.8607354322794905	0.13926456772050952	0.11423012784880489	0.17162543062950203	0.12512176966525446	0.20567878099959125
0.0762288519631471	0.34494334872010074	0.8600799667897485	0.13992003321025148	0.11375588153888735	0.17108960349672184	0.12450946207734406	0.2050233155098493
0.07622590713498839	0.3453629878304658	0.8600799667897485	0.13992003321025148	0.11387851113878511	0.1712799167533819	0.12475719853045565	0.20544295462021434
0.076191592305929	0.3453629878304658	0.8598614782931678	0.14013852170683214	0.11372115517479618	0.1711018711018711	0.12455360543303509	0.20522446612363376
0.0761831632197455	0.3457826269408309	0.8598614782931678	0.14013852170683214	0.11384360320530533	0.1712919654921526	0.12480119339220058	0.2056441052339988
0.07617561911706355	0.3457826269408309	0.8598177805938517	0.14018221940614828	0.1138121546961326	0.17125636495895252	0.12476048826473386	0.20560040753468267
0.0761721565812258	0.346202266051196	0.8598177805938517	0.14018221940614828	0.11393453942825577	0.17144638403990026	0.1250080247168051	0.2060200466450477
0.07613359949921582	0.346202266051196	0.8596211409469292	0.14037885905307085	0.11379310344827587	0.17128620367486763	0.12482489814560083	0.20582340699812507
0.07613236979507602	0.34662190516156105	0.8596211409469292	0.14037885905307085	0.11391532202454834	0.17147602242059373	0.12507229866076802	0.2062430461084903
0.0760780991056306	0.34662190516156105	0.8594026524503485	0.1405973475496515	0.113758435477207	0.17129821650767316	0.12486900156655585	0.20602455761190952
0.07607775339364424	0.34704154427192613	0.8594026524503485	0.1405973475496515	0.11388047369870559	0.17148781752203215	0.1251162544256032	0.20644419672227476
0.07607087139063243	0.34704154427192613	0.8593371059013744	0.1406628940986257	0.11383344803854095	0.17143449419568824	0.12505529014812145	0.20637865017330048
0.07606646833157636	0.3474611833822912	0.8593371059013744	0.1406628940986257	0.11395540875309662	0.1716240024873044	0.12530247977168335	0.2067982892836655
0.0760263557169135	0.3474611833822912	0.858921977757871	0.14107802224212895	0.11365820178448867	0.17128671907323129	0.12491679594294852	0.2063831611401623
0.07602352989923994	0.34788082249265634	0.858921977757871	0.14107802224212895	0.1137798517705188	0.17147585065673804	0.12516373065641195	0.20680280025052733
0.07600709007494448	0.34788082249265634	0.8588782800585549	0.1411217199414451	0.11374862788144896	0.17144038879123152	0.12512317373022333	0.20675910255121122
0.07600247693143243	0.3487201007133865	0.8588782800585549	0.1411217199414451	0.11399176954732511	0.17181846376511942	0.1256169142644759	0.20759838077194148
0.07580452151905494	0.3487201007133865	0.8579824772225743	0.14201752277742577	0.11335424907925248	0.17109326744904263	0.12478724497778013	0.2067025779359608
0.07579142162120237	0.34913973982375157	0.8579824772225743	0.14201752277742577	0.11347517730496454	0.17128152341739578	0.12503358709320256	0.20712221704632583
0.07570695271580458	0.34913973982375157	0.857567349079071	0.14243265092092902	0.11318188001632432	0.1709471953975755	0.12465063312064578	0.20670708890282263
0.0756875272894831	0.3499790180444817	0.857567349079071	0.14243265092092902	0.11342309261525908	0.17132292522596548	0.12514278814784655	0.20754636712355268
0.07567900331571316	0.3499790180444817	0.8574362559811226	0.14256374401887742	0.11333061557276804	0.17121740915623077	0.1250219428153359	0.20741527402560433
0.07567874804202884	0.3503986571548468	0.8574362559811226	0.14256374401887742	0.11345108695652174	0.17140511136200348	0.12526790972482954	0.20783491313596936
0.07560635953311058	0.3503986571548468	0.8568244881906968	0.14317551180930324	0.11302111532214401	0.170913928973493	0.12470508265489343	0.20722314534554354
0.07559795260993764	0.35081829626521194	0.8568244881906968	0.14317551180930324	0.11314115577209365	0.1711011051985264	0.1249506944964301	0.20764278445590878
0.07555081205112517	0.35081829626521194	0.8566933950927483	0.14330660490725164	0.11304935767410412	0.17099611372468806	0.12483032733973079	0.20751169135796022
0.0755468320870533	0.351237935375577	0.8566933950927483	0.14330660490725164	0.11316928069226609	0.1711831475611003	0.12507584264638585	0.20793133046832546
0.07551221426144657	0.351237935375577	0.8564967554458258	0.14350324455417424	0.11303173531397705	0.1710257458111974	0.12489539040721448	0.20773469082140283
0.07550796797263959	0.3516575744859421	0.8564967554458258	0.14350324455417424	0.1131514987847691	0.17121258555521504	0.1251407743677974	0.20815432993176786
0.07549809617640117	0.3516575744859421	0.8563656623478774	0.1436343376521226	0.11305990286022666	0.171107708014293	0.1250205384597801	0.2080232368338195
0.07549771551813546	0.35207721359630717	0.8563656623478774	0.1436343376521226	0.11317954944017267	0.171294405879951	0.12526582626197943	0.20844287594418454
0.07542542943229337	0.35207721359630717	0.8561034761519806	0.1438965238480194	0.112996632996633	0.1710848287112561	0.12502553937971544	0.20818068974828785
0.0754251224094097	0.35249685270667225	0.8561034761519806	0.1438965238480194	0.11311607864260706	0.17127128147619533	0.12527066153469338	0.20860032885865287
0.07541143383557493	0.35249685270667225	0.8560160807533483	0.14398391924665166	0.11305518169582772	0.1712014674411495	0.12519061546968893	0.20851293346002064
0.07540447422845269	0.35333613092740246	0.8560160807533483	0.14398391924665166	0.11329386437029064	0.17157412124299543	0.12568068849998207	0.2093522116807507
0.07538123177972787	0.35333613092740246	0.8558849876554	0.14411501234460006	0.11320247378327507	0.17146930047856634	0.12556057028003462	0.20922111858280257
0.07536093820301386	0.35375577003776754	0.8558849876554	0.14411501234460006	0.11332168302191155	0.17165546731826511	0.1258054981483827	0.2096407576931676
0.07535993735249026	0.35375577003776754	0.8558631388057418	0.14413686119425811	0.11330645161290323	0.17163799246665987	0.12578547736411327	0.20961890884350942
0.07535005797902716	0.3541754091481326	0.8558631388057418	0.14413686119425811	0.1134256148367155	0.17182410423452768	0.12603036756509436	0.21003854795387444
0.07534486848486172	0.3541754091481326	0.8558412899560838	0.1441587100439162	0.11341037355549584	0.17180661577608142	0.12601033822190072	0.21001669910421628
0.07534437850081971	0.3545950482584977	0.8558412899560838	0.1441587100439162	0.11352949079672175	0.17199267250152656	0.12625519077767103	0.21043633821458152
0.07532686094597775	0.3545950482584977	0.8557538945574515	0.14424610544254846	0.11346851080972203	0.17192268565615462	0.1261750571790611	0.2103489428159493
0.07532485547346375	0.35501468736886277	0.8557538945574515	0.14424610544254846	0.11358754027926961	0.17210863594751297	0.1264198375073298	0.2107685819263143
0.07530627616724601	0.35501468736886277	0.8556009526098451	0.1443990473901549	0.11348088531187123	0.1719861760520431	0.12627963824712807	0.21061563997870802
0.07530475275508201	0.3558539655895929	0.8556009526098451	0.1443990473901549	0.11371865361405391	0.17235772357723578	0.1267689595406805	0.21145491819943807
0.075302637865039	0.3558539655895929	0.8555572549105289	0.14444274508947105	0.11368816195200429	0.17232269863848812	0.12672888350044034	0.21141122050012173
0.07530068700576124	0.35627360469995806	0.8555572549105289	0.14444274508947105	0.11380697050938338	0.17250838159097837	0.12697348215415655	0.21183085961048698
0.07524077124396115	0.35627360469995806	0.855229522165658	0.14477047783434202	0.11357859531772575	0.17224589166159465	0.12667312048917898	0.211503126865616
0.07523960671309492	0.35669324381032314	0.855229522165658	0.14477047783434202	0.11369716425896201	0.17243128106298813	0.1269175210824109	0.21192276597598103
0.07517601455640276	0.35669324381032314	0.8548799405711289	0.14512005942887107	0.11345435130806193	0.17215189873417722	0.12659769084491454	0.21157318438145212
0.07517367890901479	0.3571128829206882	0.8548799405711289	0.14512005942887107	0.11357266782330175	0.17233697853381935	0.12684188263904453	0.21199282349181714
0.07511412436690502	0.3571128829206882	0.8546177543752321	0.14538224562476787	0.1133910726182545	0.17212783171521034	0.1266023714397533	0.21173063729592023
0.07511111848325695	0.3575325220310533	0.8546177543752321	0.14538224562476787	0.1135091926458833	0.17231267064415007	0.12684640069864012	0.21215027640628548
0.07510783313294904	0.3575325220310533	0.8545959055255741	0.14540409447442593	0.11349407219928068	0.17229524772497473	0.12682644928253908	0.2121284275566273
0.07510740451241714	0.35795216114141837	0.8545959055255741	0.14540409447442593	0.11361214704315396	0.1724800323526438	0.12707044144971819	0.21254806666699233
0.07506910498596484	0.35795216114141837	0.8544429635779676	0.14555703642203238	0.11350632069194944	0.1723580521317438	0.12693078469192443	0.21239512471938582
0.07506706849505895	0.35837180025178345	0.8544429635779676	0.14555703642203238	0.11362426822778074	0.17254268107889686	0.127174671627782	0.21281476382975106
0.0750390820450701	0.35837180025178345	0.8543118704800192	0.14568812951998078	0.11353363467162988	0.1724381625441696	0.12705501288141596	0.21268367073180272
0.07503855642803464	0.3587914393621486	0.8543118704800192	0.14568812951998078	0.11365146882892463	0.17262265293761356	0.12729880611231562	0.21310330984216774
0.07497808808579882	0.3587914393621486	0.8539185911861741	0.14608140881382595	0.11338018830393846	0.17230955259975816	0.1269402621252226	0.21271003054832271
0.07497696502894678	0.35921107847251366	0.8539185911861741	0.14608140881382595	0.11349774595597985	0.17249370277078085	0.127183826165968	0.21312966965868774
0.07494056653058799	0.35921107847251366	0.8537656492385676	0.1462343507614324	0.11339250231818784	0.17237213048731373	0.1270445703365621	0.21297672771108123
0.0749381494993393	0.3600503566932438	0.8537656492385676	0.1462343507614324	0.11362733412793008	0.17274008455808335	0.12753146405816912	0.2138160059318115
0.07485780168663193	0.3600503566932438	0.8533286722454063	0.1466713277545937	0.1133271694624224	0.1723930078360458	0.1271339299126793	0.21337902893865013
0.07485589207415229	0.3604699958036089	0.8533286722454063	0.1466713277545937	0.11344426835710512	0.1725765946760422	0.12737711385018458	0.21379866804901515
0.07479893390971554	0.3604699958036089	0.8531101837488256	0.14688981625117437	0.11329464521234503	0.1724034119417963	0.1271786721858108	0.21358017955243458
0.07479641813597247	0.36088963491397397	0.8531101837488256	0.14688981625117437	0.11341157853092444	0.1725867951033514	0.12742171879393513	0.2139998186627996
0.07478358756062133	0.36088963491397397	0.8530446371998515	0.14695536280014856	0.11336672818349591	0.17253485805998595	0.12736220944486226	0.21393427211382532
0.07478328218535792	0.36130927402433904	0.8530446371998515	0.14695536280014856	0.11348359035191775	0.17271815446339017	0.12760519723551916	0.21435391122419056
0.07453809353892854	0.36130927402433904	0.8514933688741287	0.14850663112587123	0.11243144424131626	0.1714968628622647	0.12620359611800006	0.21280264289846773
0.0745268389821082	0.3617289131347042	0.8514933688741287	0.14850663112587123	0.11254732993863428	0.17167894841665007	0.12644577091749112	0.21322228200883298
0.07451865500277154	0.3617289131347042	0.8514278223251546	0.14857217767484543	0.11250326285565126	0.17162767546042806	0.1263868329086656	0.2131567354598587
0.07451602710097471	0.36214855224506926	0.8514278223251546	0.14857217767484543	0.11261907868980817	0.17180967549273343	0.12662894979991696	0.21357637457022394
0.07450049222382228	0.36214855224506926	0.8513404269265223	0.14865957307347769	0.11256032346419721	0.1717412935323383	0.12655036152452945	0.2134889791715917
0.07450013867151543	0.36256819135543433	0.8513404269265223	0.14865957307347769	0.11267605633802817	0.1719231917222167	0.126792409570567	0.21390861828195673
0.07449597691339302	0.36256819135543433	0.8512748803775481	0.14872511962245188	0.11263199061400078	0.17187189178436443	0.12673346519372478	0.21384307173298245
0.07449529202626703	0.3629878304657994	0.8512748803775481	0.14872511962245188	0.11274765380604797	0.1720537046245649	0.1269754554592563	0.21426271084334747
0.07447274656910628	0.3629878304657994	0.851231182678232	0.148768817321768	0.11271826948136565	0.1720194889131948	0.1269361514353349	0.21421901314403136
0.0744705756547286	0.3634074695761645	0.851231182678232	0.148768817321768	0.11283387622149837	0.17220123284947306	0.1271780949505622	0.21463865225439638
0.07435351489911553	0.3634074695761645	0.8505320194891739	0.1494679805108261	0.11236538212015051	0.17165510406342913	0.12655041914972862	0.21393948906533833
0.07435273840145194	0.36382710868652957	0.8505320194891739	0.1494679805108261	0.11248053969901402	0.1718362897631553	0.1267919879775519	0.21435912817570335
0.07428055333241491	0.36382710868652957	0.8501387401953288	0.14986125980467127	0.11221848304426611	0.17153031951726186	0.1264399910324173	0.21396584888185832
0.07427859461857243	0.36424674779689464	0.8501387401953288	0.14986125980467127	0.11233337647211078	0.17171117705242334	0.12668133945935506	0.21438548799222334
0.07413472658201575	0.36424674779689464	0.8496580655028513	0.15034193449714872	0.1120144534778681	0.17133833399131465	0.12625211232239794	0.21390481329974587
0.07413358577308939	0.3646663869072598	0.8496580655028513	0.15034193449714872	0.11212903225806452	0.17151879996052502	0.1264931979615993	0.2143244524101111
0.0741297001601101	0.3646663869072598	0.8496362166531932	0.15036378334680678	0.11211456586246936	0.17150187487665286	0.1264737088529695	0.21430260356045294
0.07411809616387012	0.36508602601762485	0.8496362166531932	0.15036378334680678	0.11222910216718267	0.17168228909718797	0.12671475929862216	0.2147222426708182
0.07411104979152734	0.36508602601762485	0.849548821254561	0.15045117874543906	0.11217122227952553	0.1716145576486833	0.12663678746218715	0.21463484727218596
0.07410982026270767	0.36550566512798993	0.849548821254561	0.15045117874543906	0.11228567745262344	0.1717948717948718	0.12687777036178297	0.21505448638255098
0.07378011424572595	0.36550566512798993	0.8476261224846512	0.1523738775153488	0.11102613129381772	0.17031677747360188	0.12517259300475753	0.21313178761264107
0.07377748734211535	0.365925304238355	0.8476261224846512	0.1523738775153488	0.11113943410655111	0.17049564962361913	0.1254126105588691	0.2135514267230061
0.07375841211542634	0.365925304238355	0.8474731805370448	0.15252681946295527	0.11104036673882593	0.170379054318093	0.12527780370027322	0.2133984847753998
0.07375522372586808	0.3663449433487201	0.8474731805370448	0.15252681946295527	0.11115355233002291	0.1705577805997851	0.12551772320029053	0.21381812388576482
0.07371517195178341	0.3663449433487201	0.8471672966418318	0.1528327033581682	0.11095577020843925	0.17032484635645304	0.12524835787757238	0.2135122399905518
0.07370595334648611	0.36676458245908516	0.8471672966418318	0.1528327033581682	0.11106875079425595	0.1705033164260632	0.12548810558112727	0.21393187910091704
0.0736793188126539	0.36676458245908516	0.8469488081452512	0.15305119185474886	0.11092778271354232	0.1703371662443968	0.12529591911524907	0.21371339060433625
0.07367878691230807	0.3671842215694503	0.8469488081452512	0.15305119185474886	0.11104060913705584	0.17051544382734093	0.12553553765117106	0.2141330297147015
0.07350899936474325	0.3671842215694503	0.8462059472568769	0.15379405274312308	0.1105635582512004	0.1699524133242692	0.12488374790356817	0.2133901688263271
0.07349537324510746	0.3676038606798154	0.8462059472568769	0.15379405274312308	0.11067593177511055	0.1701301223538551	0.12512298606819225	0.21380980793669235
0.0734674949027572	0.3676038606798154	0.8460748541589285	0.15392514584107148	0.11059209695745487	0.17003105590062112	0.12500822121328903	0.2136787148387438
0.07346570524612663	0.36802349979018045	0.8460748541589285	0.15392514584107148	0.11070436758394345	0.17020863658418245	0.12524737314326814	0.21409835394910903
0.0734011065361903	0.36802349979018045	0.8457252725643994	0.15427472743560053	0.11048122952884858	0.16994477279333398	0.12494163302869606	0.2137487723545799
0.07339050579593592	0.36844313890054553	0.8457252725643994	0.15427472743560053	0.11059327371205442	0.17012206936640187	0.12518059473001558	0.21416841146494492
0.07327511713274935	0.36844313890054553	0.8450042605256833	0.1549957394743167	0.11013547415955846	0.16957991308546597	0.12455179466780415	0.21344739942622892
0.07327133042756474	0.3688627780109106	0.8450042605256833	0.1549957394743167	0.11024708390819014	0.16975666280417148	0.12479039083603918	0.21386703853659395
0.07310081429818176	0.3688627780109106	0.8439992134414123	0.15600078655858768	0.10961466517022073	0.16900596039223226	0.12391815386130323	0.21286199145232287
0.0730895679099781	0.3692824171212757	0.8439992134414123	0.15600078655858768	0.10972568578553615	0.16918196674036334	0.1241562536222451	0.2132816305626879
0.07306860577633605	0.3692824171212757	0.8438244226441478	0.15617557735585222	0.1096163428001993	0.1690519642685621	0.12400503780052952	0.21310683976542344
0.07306157734607226	0.3701216953420059	0.8438244226441478	0.15617557735585222	0.10983810709838107	0.1694036300777874	0.12448100452447328	0.2139461179861537
0.07303870452310698	0.3701216953420059	0.8437151783958574	0.15628482160414253	0.10976975731176104	0.169322326742177	0.12438647621159576	0.2138368737378633
0.07303810510791892	0.370541334452371	0.8437151783958574	0.15628482160414253	0.109880537580886	0.16949803244073328	0.12462437402119614	0.21425651284822833
0.07300080231892087	0.370541334452371	0.8433874456509864	0.15661255434901353	0.1096758166687368	0.16925436074372244	0.12434102209541043	0.21392878010335736
0.07300059656893376	0.37096097356273605	0.8433874456509864	0.15661255434901353	0.10978638847491307	0.16942980354575946	0.12457874417030915	0.2143484192137226
0.07286557204686651	0.37096097356273605	0.8424697939653477	0.1575302060346523	0.10921670373115888	0.16875059654481245	0.12378799481418863	0.21343076752808376
0.0728627182633713	0.37138061267310113	0.8424697939653477	0.1575302060346523	0.10932674490426189	0.1689253674365337	0.12402526871717401	0.2138504066384488
0.07283045168677561	0.37138061267310113	0.842229456619109	0.157770543380891	0.10917838638045892	0.1687482124130041	0.12381879772135024	0.21361006929221005
0.07282973446848964	0.3718002517834662	0.842229456619109	0.157770543380891	0.10928826939681756	0.16892278360343185	0.12405593813711935	0.2140297084025753
0.07275225414069682	0.3718002517834662	0.8418580261749219	0.1581419738250781	0.10905957656326933	0.16864947178071762	0.1237372767929903	0.213658277958388
0.07274368945481553	0.3722198908938313	0.8418580261749219	0.1581419738250781	0.10916923076923077	0.16882375333079558	0.12397422387017686	0.21407791706875323
0.07274108978902971	0.3722198908938313	0.8418361773252638	0.15816382267473617	0.10915579620969727	0.16880768864782567	0.12395549173548959	0.21405606821909506
0.07273364552091473	0.3726395300041964	0.8418361773252638	0.15816382267473617	0.10926541159099298	0.16898192197906756	0.12419240623063238	0.2144757073294603
0.07260087429368589	0.3726395300041964	0.8413555026327864	0.15864449736721362	0.10897042581911891	0.168628940372199	0.12378071455061629	0.21399503263698283
0.07259881074531987	0.3730591691145615	0.8413555026327864	0.15864449736721362	0.109079754601227	0.16880281021551316	0.12401738663074392	0.21441467174734785
0.07259061582987746	0.3730591691145615	0.8412899560838122	0.15871004391618782	0.10903961731877837	0.1687547456340167	0.12396131091831365	0.2143491251983738
0.0725862873093955	0.3734788082249266	0.8412899560838122	0.15871004391618782	0.10914888398332107	0.1689285375344026	0.1241979306538723	0.2147687643087388
0.07237645237498541	0.3734788082249266	0.8402849089995412	0.15971509100045883	0.10853658536585366	0.1681942738353964	0.12334045247680024	0.21376371722446774
0.07236759723272423	0.37431808644565673	0.8402849089995412	0.15971509100045883	0.10875396244818337	0.16854038734057628	0.12381271251283046	0.214602995445198
0.07230776356493902	0.37431808644565673	0.839891629705696	0.160108370294304	0.10851581508515815	0.1682542676600962	0.12347824799781912	0.21420971615135276
0.07230159014542875	0.3751573646663869	0.839891629705696	0.160108370294304	0.10873266845049866	0.1685997171145686	0.12395006467664905	0.2150489943720828
0.07228452766342149	0.3751573646663869	0.8397386877580896	0.16026131224191045	0.1086401749908859	0.16848850358085188	0.12382007284853704	0.2148960524244765
0.07228432611556167	0.375577003776752	0.8397386877580896	0.16026131224191045	0.10874848116646416	0.1686610760388203	0.12405587927947258	0.21531569153484154
0.0721899963568109	0.375577003776752	0.8391924665166379	0.1608075334833621	0.10841913991520291	0.16826471141191954	0.12359235848198953	0.21476947029339
0.07218526927361126	0.3759966428871171	0.8391924665166379	0.1608075334833621	0.10852713178294573	0.16843688316571107	0.12382789819109753	0.21518910940375502
0.07202135424146541	0.3759966428871171	0.8383403613799734	0.16165963862002666	0.1080168776371308	0.1678216894549541	0.12310746568125419	0.21433700426709046
0.07201853667250664	0.37641628199748217	0.8383403613799734	0.16165963862002666	0.10812439729990357	0.16799325779567376	0.12334260417719085	0.21475664337745548
0.07201003588918733	0.37641628199748217	0.8382748148309991	0.16172518516900086	0.10808531148331124	0.16794607751357424	0.12328730973106873	0.2146910968284812
0.07200868950793719	0.37683592110784725	0.8382748148309991	0.16172518516900086	0.10819277108433735	0.16811756997098193	0.12352239738951855	0.21511073593884644
0.07193181441299988	0.37683592110784725	0.8377941401385217	0.16220585986147829	0.10790675318433068	0.16777206912657636	0.1231173541093616	0.21463006124636896
0.07193031586842323	0.3772555602182123	0.8377941401385217	0.16220585986147829	0.10801393728222997	0.16794320941528115	0.12335220755352297	0.21504970035673399
0.07192595015262625	0.3772555602182123	0.8377285935895475	0.16227140641045248	0.10797501801585395	0.16789616210663927	0.12329703554019619	0.21498415380775993
0.0719142122724823	0.3776751993285774	0.8377285935895475	0.16227140641045248	0.10808214242824547	0.16806722689075632	0.12353183842400997	0.21540379291812495
0.0719120362976636	0.3776751993285774	0.8377067447398895	0.16229325526011054	0.10806916426512968	0.1680515358043133	0.12351344292039758	0.21538194406846678
0.07191027094427101	0.3780948384389425	0.8377067447398895	0.16229325526011054	0.10817625165085845	0.16822255414488424	0.12374821453178349	0.21580158317883202
0.07180348567892383	0.3780948384389425	0.8371823723480959	0.16281762765190413	0.10786543756734107	0.16784649776453056	0.12330720968254741	0.21527721078703843
0.07180307193584973	0.3785144775493076	0.8371823723480959	0.16281762765190413	0.10797222887239645	0.1680171370028872	0.1235417293363029	0.21569684989740345
0.07178139077919977	0.3785144775493076	0.8369638838515152	0.1630361161484848	0.10784313725490197	0.16786079836233367	0.1233582871843802	0.21547836140082288
0.07177999980478454	0.3789341166596727	0.8369638838515152	0.1630361161484848	0.10794979079497909	0.1680312616300707	0.12359268967864509	0.2158980005111879
0.07174721205997589	0.3789341166596727	0.8366579999563023	0.1633420000436977	0.10776942355889724	0.1678126742241219	0.12333613620717551	0.2155921166159751
0.07174703233075241	0.37935375577003777	0.8366579999563023	0.1633420000436977	0.10787589498806682	0.1679829043946855	0.1235703836886289	0.21601175572634013
0.07164034592862079	0.37935375577003777	0.8356748017216893	0.16432519827831066	0.10729970326409495	0.16728349370836418	0.12274845501675559	0.215028557491727
0.07163796850395554	0.37977339488040285	0.8356748017216893	0.16432519827831066	0.1074056491811061	0.1674530483856046	0.12298225434803386	0.21544819660209225
0.07160398368579299	0.37977339488040285	0.8352596735781861	0.16474032642181388	0.10716400236826525	0.16715921684521612	0.12263646411813099	0.21503306845858905
0.07159749727847486	0.3801930339907679	0.8352596735781861	0.16474032642181388	0.10726971347383377	0.16732846984947825	0.12287006316582902	0.21545270756895407
0.07154332521546264	0.3801930339907679	0.8349537896829732	0.16504621031702682	0.10709219858156029	0.16711242276122845	0.12261567659079801	0.21514682367374105
0.07154326775791685	0.380612673101133	0.8349537896829732	0.16504621031702682	0.10719773076468503	0.16728144596090003	0.1228491230092405	0.21556646278410607
0.07146569509365557	0.380612673101133	0.8343420218925474	0.16565797810745264	0.10684415125456473	0.16685062545989698	0.12234144946335854	0.21495469499368047
0.07146333862386799	0.38103231221149814	0.8343420218925474	0.16565797810745264	0.10694935217903416	0.16701922192587143	0.1225746129333184	0.2153743341040455
0.07142756906021867	0.38103231221149814	0.8340798356966506	0.16592016430334944	0.10679840037638202	0.16683509416628386	0.12235747991209116	0.2151121479081488
0.07141896417253257	0.3814519513218632	0.8340798356966506	0.16592016430334944	0.10690344584264377	0.1670034907220283	0.12259051064582782	0.21553178701851383
0.07137617096481652	0.3814519513218632	0.8337302541021215	0.1662697458978785	0.10670266463199907	0.16675839295542103	0.1223013651077971	0.2151822054239847
0.07137564654037074	0.3818715904322283	0.8337302541021215	0.1662697458978785	0.1068075117370892	0.166926533981473	0.12253422633874225	0.21560184453434994
0.07136338201716029	0.3818715904322283	0.8336210098538313	0.1663789901461688	0.10674486803519062	0.16685001833516686	0.12244394212985409	0.21549260028605954
0.07135045239539455	0.38271086865295845	0.8336210098538313	0.1663789901461688	0.1069543802040577	0.16718606782768103	0.12290950946265759	0.2163318785067898
0.07126218836231968	0.38271086865295845	0.832899997815115	0.16710000218488497	0.10654205607476636	0.16668189710317097	0.12231445234939432	0.2156108664680736
0.07125919301402946	0.3831305077633235	0.832899997815115	0.16710000218488497	0.10664641981076976	0.16684941520467836	0.12254690033571637	0.21603050557843861
0.07123675730331246	0.3831305077633235	0.8327689047171667	0.16723109528283336	0.10657172872650869	0.16675799086757992	0.12243891867165561	0.21589941248049027
0.07123521124086084	0.3835501468736886	0.8327689047171667	0.16723109528283336	0.10667600373482726	0.16692539494110126	0.12267129085342732	0.2163190515908553
0.07122274829287724	0.3835501468736886	0.8326815093185344	0.16731849068146562	0.10662622491833877	0.16686444545869467	0.12259931160879528	0.21623165619222284
0.07122029321658706	0.38396978598405374	0.8326815093185344	0.16731849068146562	0.1067304327539951	0.16703176341730558	0.12283162644566487	0.2166512953025881
0.07118125646733792	0.38396978598405374	0.8324193231226376	0.16758067687736242	0.1065812463599301	0.16684901531728666	0.12261579566809755	0.21638910910669118
0.07117606065435912	0.3843894250944188	0.8324193231226376	0.16758067687736242	0.10668530165385512	0.16701613638435592	0.12284797995970244	0.21680874821705642
0.07104003907083155	0.3843894250944188	0.8315890668356312	0.1684109331643689	0.1062152133580705	0.16643953847551557	0.1221663062633561	0.21597849193005003
0.07103805698827281	0.3848090642047839	0.8315890668356312	0.1684109331643689	0.10631884057971014	0.1666061046511628	0.12239812356562348	0.21639813104041505
0.07094765528844495	0.3848090642047839	0.831239485241102	0.16876051475889794	0.10612197662307603	0.1663642960812772	0.12211192411668428	0.21604854944588592
0.070933570757922	0.38522870331514897	0.831239485241102	0.16876051475889794	0.10622541078454062	0.16653061224489796	0.12234357591296507	0.21646818855625094
0.07091358369443634	0.38522870331514897	0.8310865432934956	0.1689134567065044	0.10613943808532779	0.16642494561276286	0.12221847940776136	0.21631524660864465
0.07090465102989162	0.38564834242551405	0.8310865432934956	0.1689134567065044	0.10624277456647399	0.16659113568385753	0.1224500475444427	0.21673488571900967
0.0708645968980074	0.38564834242551405	0.8309117524962311	0.16908824750376894	0.10614460614460615	0.16647042840322435	0.12230714102260523	0.216560094921745
0.07085789246903164	0.3860679815358791	0.8309117524962311	0.16908824750376894	0.10624783462293567	0.16663647889875022	0.12253861661343098	0.21697973403211024
0.07082443325957466	0.3860679815358791	0.8308025082479408	0.16919749175205925	0.1061865189289012	0.1665610573006246	0.12244932699162542	0.21687048978381984
0.0708225077431799	0.38648762064624426	0.8308025082479408	0.16919749175205925	0.10628967109059434	0.1667270094134685	0.12268073723712768	0.2172901288941851
0.07078316955568494	0.38648762064624426	0.830540322052044	0.16945967794795605	0.10614267604010602	0.16654611211573236	0.12246655986862405	0.21702794269828818
0.07078315861605465	0.38690725975660933	0.830540322052044	0.16945967794795605	0.10624567872781747	0.16671187053611788	0.1226978418878067	0.2174475818086532
0.0707483196052825	0.38690725975660933	0.830212589307173	0.16978741069282702	0.10606234901645002	0.16648609606356085	0.12243043264219243	0.21711984906378223
0.0707473866625163	0.3873268988669744	0.830212589307173	0.16978741069282702	0.10616517138256269	0.16665162047485782	0.12266155986994877	0.21753948817414748
0.07074306606631199	0.3873268988669744	0.830190740457515	0.16980925954248507	0.10615296147211041	0.16663657699945839	0.1226437412549462	0.2175176393244893
0.07073169110481008	0.3877465379773395	0.830190740457515	0.16980925954248507	0.1062557497700092	0.1668020579474682	0.1228748394034437	0.21793727843485433
0.07071808485881514	0.3877465379773395	0.8301033450588826	0.16989665494111736	0.10620689655172413	0.16674185689795182	0.12280355113989415	0.2178498830362221
0.07071716978525239	0.38816617708770457	0.8301033450588826	0.16989665494111736	0.10630961958395586	0.16690725369902562	0.12303459337843635	0.21826952214658712
0.0705878136471665	0.38816617708770457	0.8293386353208504	0.17066136467914964	0.10588369963369963	0.1663818688731001	0.12241200633793153	0.21750481240855501
0.07058352230847376	0.38858581619806964	0.8293386353208504	0.17066136467914964	0.10598603639693259	0.16654676258992807	0.12264271646542292	0.21792445151892004
0.07057218249104963	0.38858581619806964	0.8292730887718762	0.17072691122812383	0.10594965675057208	0.1665018430279601	0.12258944984857194	0.21785890496994575
0.07057014851696852	0.3890054553084347	0.8292730887718762	0.17072691122812383	0.10605193913739847	0.16666666666666666	0.12282011338003959	0.218278544080311
0.07044175084903433	0.3890054553084347	0.8284865301841858	0.1715134698158142	0.10561695340093426	0.16612903225806452	0.12218212057767283	0.2174919854926205
0.0704416716178663	0.38942509441879986	0.8284865301841858	0.1715134698158142	0.10571884256094782	0.166293342890422	0.12241244568227236	0.21791162460298574
0.07043882921196386	0.38942509441879986	0.8284428324848696	0.17155716751513034	0.10569476082004556	0.16626354922511868	0.12237706629856981	0.2178679269036694
0.07043482802720759	0.38984473352916493	0.8284428324848696	0.17155716751513034	0.10579660630907642	0.16642780365460408	0.12260735398142955	0.21828756601403443
0.07036664196829044	0.38984473352916493	0.8279184600930761	0.1720815399069239	0.10550823395797843	0.1660707901322846	0.12218326248622026	0.21776319362224106
0.07036541373373366	0.39026437263953	0.8279184600930761	0.1720815399069239	0.10560981149216443	0.16623469478952543	0.12241331943154746	0.21818283273260608
0.07034701180700358	0.39026437263953	0.8276781227468374	0.17232187725316261	0.10547805375978224	0.16607142857142856	0.12221926130904535	0.21794249538636734
0.07034639139195487	0.3906840117498951	0.8276781227468374	0.17232187725316261	0.1055794964844636	0.1662351575752165	0.12244920221747234	0.21836213449673236
0.07034275549229058	0.3906840117498951	0.8276344250475213	0.17236557495247876	0.10555555555555556	0.16620548067481924	0.1224139292723425	0.21831843679741647
0.07033948360891461	0.39110365086026017	0.8276344250475213	0.17236557495247876	0.10565695499376487	0.16636915387361656	0.12264383305019323	0.2187380759077815
0.07030040677546759	0.39110365086026017	0.8274596342502567	0.17254036574974327	0.1055612187110658	0.16625044595076705	0.12250275694309834	0.21856328511051681
0.07029884083490044	0.39152328997062524	0.8274596342502567	0.17254036574974327	0.10566251415628539	0.16641398376883973	0.12273257122141547	0.21898292422088206
0.07028425128601873	0.39152328997062524	0.8273722388516245	0.17262776114837552	0.1056146705908988	0.16635464027814922	0.12266204958164524	0.21889552882224983
0.07027901597869435	0.3919429290809903	0.8273722388516245	0.17262776114837552	0.1057159026598755	0.16651809591727582	0.12289180938368464	0.21931516793261485
0.07026385726359408	0.3919429290809903	0.8272848434529922	0.1727151565470078	0.10566806199796357	0.16645874175726252	0.12282128706442912	0.21922777253398262
0.0702637868477582	0.39236256819135545	0.8272848434529922	0.1727151565470078	0.10576923076923077	0.16662211529893967	0.12305099244980564	0.21964741164434765
0.07019900032557336	0.39236256819135545	0.8268697153094889	0.17313028469051103	0.10554238627384581	0.16634050880626222	0.12271631216536967	0.21923228350084445
0.0701988013452446	0.39278220730172053	0.8268697153094889	0.17313028469051103	0.10564334085778782	0.16650360224139465	0.12294583288437495	0.21965192261120947
0.07016549853143286	0.39278220730172053	0.8266293779632502	0.17337062203674977	0.10551234359147785	0.16634085658432557	0.12275232621929981	0.21941158526497073
0.07015892960798688	0.3936214855224507	0.8266293779632502	0.17337062203674977	0.10571396371013186	0.16666666666666666	0.12321111867229302	0.22025086348570078
0.07012490779660693	0.3936214855224507	0.826192400970089	0.17380759902991108	0.1054762172495221	0.16637105356509402	0.12285959951597393	0.21981388649253963
0.07012487751243733	0.39404112463281576	0.826192400970089	0.17380759902991108	0.1055767933438273	0.16653365256717212	0.12308879393997027	0.22023352560290466
0.07003058639279347	0.39404112463281576	0.825536935480347	0.17446306451965304	0.10522187359928284	0.16609180153886974	0.12256283916927344	0.21957806011316272
0.07002094188645498	0.39446076374318084	0.825536935480347	0.17446306451965304	0.10532212885154062	0.16625397948355147	0.12279175648646753	0.21999769922352774
0.0700189782072771	0.39446076374318084	0.8254932377810309	0.17450676221896916	0.10529853254172734	0.16622458001768348	0.12275674290568954	0.21995400152421185
0.07001477669310369	0.394880402853546	0.8254932377810309	0.17450676221896916	0.10539874551971326	0.16638670320926532	0.1229856238620593	0.22037364063457687
0.07001118246095318	0.394880402853546	0.8254495400817147	0.1745504599182853	0.10537513997760359	0.16635728807566516	0.12295060153794171	0.22032994293526054
0.06999871521523042	0.39530004196391105	0.8254495400817147	0.1745504599182853	0.10547531071548538	0.1665193565494078	0.12317944615942965	0.22074958204562578
0.06992051437751771	0.39530004196391105	0.8249251676899212	0.17507483231007887	0.1051926298157454	0.1661668724642794	0.12275962569841624	0.2202252096538322
0.06991181794157177	0.39571968107427613	0.8249251676899212	0.17507483231007887	0.1052925413130862	0.1663286004056795	0.12298824627190931	0.2206448487641972
0.06988067457706054	0.39571968107427613	0.8247066791933405	0.17529332080665952	0.10517510595583315	0.16618204247070226	0.12281359047524186	0.22042636026761664
0.06987743179709589	0.3961393201846412	0.8247066791933405	0.17529332080665952	0.1052748968439835	0.16634361233480177	0.12304210687037874	0.22084599937798166
0.06985677075429753	0.3961393201846412	0.8246192837947082	0.1753807162052918	0.10522795674952626	0.1662850096882156	0.12297226878701444	0.22075860397934943
0.06985363083331549	0.3965589592950063	0.8246192837947082	0.1753807162052918	0.10532768613464111	0.166446499339498	0.12320073213838746	0.22117824308971445
0.06978857573794557	0.3965589592950063	0.8242697022001791	0.17573029779982083	0.10514018691588785	0.16621229443320729	0.12292157613838692	0.22082866149518532
0.06978161311695415	0.39697859840537136	0.8242697022001791	0.17573029779982083	0.10523973745689176	0.16637354906788604	0.12314988484825781	0.22124830060555056
0.069690263091675	0.39697859840537136	0.8235705390111211	0.17642946098887893	0.10486642279126483	0.165906699403718	0.12259288963489424	0.2205491374164925
0.06968702225398278	0.39739823751573644	0.8235705390111211	0.17642946098887893	0.10496563954777212	0.1660675142481368	0.12282090941577709	0.22096877652685754
0.06964860720903653	0.39739823751573644	0.8234175970635146	0.1765824029364854	0.10488426182301473	0.16596565019277953	0.12269928864220227	0.22081583457925102
0.06964484271424476	0.3978178766261016	0.8234175970635146	0.1765824029364854	0.10498338870431893	0.16612634714798913	0.122927230723438	0.22123547368961605
0.0696375181345867	0.3978178766261016	0.8233302016648824	0.17666979833511764	0.10493690502545938	0.16606814399579575	0.12285774465935263	0.22114807829098382
0.06963218886673034	0.39823751573646665	0.8233302016648824	0.17666979833511764	0.10503597122302158	0.16622876160448416	0.1230856343275286	0.22156771740134906
0.06962700185624868	0.39823751573646665	0.8232865039655662	0.1767134960344338	0.1050127254619896	0.16619964973730297	0.12305088681453834	0.22152401970203295
0.0696257859250528	0.39865715484683173	0.8232865039655662	0.1767134960344338	0.10511175038725382	0.16636021364153752	0.12327874088898322	0.22194365881239797
0.06952224618456887	0.39865715484683173	0.8224343988289017	0.17756560117109835	0.10466012999889832	0.16579406631762653	0.12260247107878468	0.2210915536757334
0.06950774734249927	0.3990767939571968	0.8224343988289017	0.17756560117109835	0.1047587574355585	0.16595410522642004	0.12282998064284273	0.22151119278609843
0.06946373012860241	0.3990767939571968	0.8221066660840307	0.17789333391596931	0.1045859452325965	0.16573719065876613	0.1225705754304998	0.22118346004122746
0.06946332992417839	0.3994964330675619	0.8221066660840307	0.17789333391596931	0.10468440730151748	0.1658970114141326	0.12279794168752682	0.2216030991515927
0.06943371124247694	0.3994964330675619	0.8219100264371081	0.1780899735628919	0.10458090739316708	0.1657670207208776	0.12264244233234213	0.22140645950466986
0.06943176643712544	0.39991607217792696	0.8219100264371081	0.1780899735628919	0.1046792618629174	0.1659266997475407	0.12286971537827834	0.2218260986150351
0.06941254639555199	0.39991607217792696	0.8217352356398435	0.17826476436015642	0.1045873573309921	0.16581122227055242	0.12273156471663592	0.22165130781777043
0.06941121721176642	0.4003357112882921	0.8217352356398435	0.17826476436015642	0.10468561395808186	0.16597077244258873	0.12295875300028815	0.22207094692813567
0.06934806536109579	0.4003357112882921	0.8213419563459984	0.17865804365400162	0.1044792465228343	0.16571130797290257	0.12264823635115883	0.22167766763429042
0.06934002989493217	0.4007553503986572	0.8213419563459984	0.17865804365400162	0.1045773105562856	0.16587060356057318	0.12287525757027169	0.22209730674465566
0.06915421291214861	0.4007553503986572	0.8202932115624113	0.17970678843758875	0.10403050108932461	0.16518204618178672	0.12204998753970925	0.22104856196106848
0.06915404390316401	0.40117498950902225	0.8202932115624113	0.17970678843758875	0.1041280906219366	0.1653407125562089	0.12227659662984748	0.2214682010714335
0.06914767527125594	0.40117498950902225	0.8202713627127531	0.17972863728724683	0.1041167501633631	0.1653264159100735	0.12225944407118819	0.22144635222177533
0.06914517241612843	0.40159462861938733	0.8202713627127531	0.17972863728724683	0.10421430904933028	0.1654850423655542	0.12248602668490789	0.22186599133214058
0.06909986602763057	0.40159462861938733	0.8200310253665144	0.17996897463348555	0.10408962366760931	0.16532780513086293	0.12229738948302894	0.22162565398590184
0.0690932242250618	0.4020142677297524	0.8200310253665144	0.17996897463348555	0.10418705818379555	0.16548626705821384	0.12252386412528836	0.22204529309626686
0.06904502316274719	0.4020142677297524	0.8196814437719854	0.1803185562280146	0.10400607968733036	0.16525789201311022	0.12224977938645837	0.22169571150173772
0.06903977897886687	0.4032731850608477	0.8196814437719854	0.1803185562280146	0.10429780768395919	0.16573251703026645	0.12292870370778303	0.222954628832833
0.06895910343100294	0.4032731850608477	0.8192881644781402	0.18071183552185976	0.10409445407279029	0.16547567800258287	0.12262052335242815	0.22256134953898798
0.06895624824737369	0.40369282417121277	0.8192881644781402	0.18071183552185976	0.10419148705729449	0.165633608815427	0.12284664933984135	0.222980988649353
0.06876457563243861	0.40369282417121277	0.8181520242959208	0.18184797570407918	0.10360796984383414	0.1648954405210833	0.12195949491045861	0.2218448484671336
0.06876211405003947	0.40411246328157785	0.8181520242959208	0.18184797570407918	0.10370450139995692	0.16505270374496528	0.12218518445955419	0.22226448757749862
0.06874933149716299	0.40411246328157785	0.8179772334986564	0.1820227665013437	0.10361523563589413	0.16493962490365677	0.12204910193812478	0.22208969678023416
0.06874435901921828	0.404951741502308	0.8179772334986564	0.1820227665013437	0.10380808950086058	0.16525387447555442	0.12250029920658145	0.22292897500096442
0.06873375848601307	0.404951741502308	0.8179116869496821	0.1820883130503179	0.1037745994192924	0.16521143639787708	0.12244925224512054	0.22286342845199014
0.06873339383186604	0.4053713806126731	0.8179116869496821	0.1820883130503179	0.10387096774193548	0.16536848412222888	0.12267480004339272	0.22328306756235516
0.06873083111065394	0.4053713806126731	0.817867989250366	0.18213201074963403	0.10384863470221457	0.16534017971758666	0.12264076244814777	0.22323936986303905
0.06872385141318187	0.40579101972303816	0.817867989250366	0.18213201074963403	0.10394496399011072	0.1654971761081636	0.12286627638565067	0.22365900897340407
0.06871131217939472	0.40579101972303816	0.8177587450020757	0.18224125499792435	0.10388912763214439	0.16542639637327858	0.1227811763891768	0.2235497647251139
0.06870811658241574	0.4062106588334033	0.8177587450020757	0.18224125499792435	0.10398539048232892	0.16558330482381114	0.12300663257892105	0.22396940383547892
0.06867265503902845	0.4062106588334033	0.8176058030544692	0.18239419694553083	0.10390725633319021	0.16548422942131807	0.1228875180701568	0.2238164618878724
0.06867143333062732	0.40663029794376837	0.8176058030544692	0.18239419694553083	0.10400343458194698	0.16564102564102565	0.12311290066990405	0.22423610099823765
0.06851687552848892	0.40663029794376837	0.8165570582708821	0.18344294172911796	0.10347036839295248	0.16496424923391215	0.12229827596042082	0.22318735621465047
0.0685112834241665	0.40704993705413345	0.8165570582708821	0.18344294172911796	0.10356609011317532	0.16512043578176866	0.12252326056283816	0.2236069953250155
0.06845057740511555	0.40704993705413345	0.8161419301273788	0.1838580698726212	0.10335641981885989	0.16485384092454114	0.12220187311763785	0.2231918671815123
0.06844956080720897	0.4074695761644985	0.8161419301273788	0.1838580698726212	0.10345194971233752	0.1650097714334268	0.12242669047223301	0.22361150629187732
0.0684232499618289	0.4074695761644985	0.815879743931482	0.18412025606851798	0.10331985528835923	0.16484169425345896	0.1222239682806016	0.22334932009598063
0.06841272022918393	0.4078892152748636	0.815879743931482	0.18412025606851798	0.10341525694222789	0.1649974537429978	0.12244867384159414	0.22376895920634565
0.06838065261178362	0.4078892152748636	0.815530162336953	0.18446983766304703	0.10323951141795008	0.16477369045600948	0.12217867660178564	0.22341937761181652
0.0683801482001184	0.4083088543852287	0.815530162336953	0.18446983766304703	0.10333474936278675	0.16492923129078735	0.12240323936709466	0.22383901672218176
0.06836485057618112	0.4083088543852287	0.8154427669383206	0.18455723306167932	0.10329087048832272	0.16487333728713038	0.12233578440382252	0.2237516213235493
0.06836242083675344	0.4087284934955938	0.8154427669383206	0.18455723306167932	0.10338605243604714	0.16502880379532361	0.1225602984112053	0.22417126043391455
0.06815495014004712	0.4087284934955938	0.8143503244554174	0.1856496755445826	0.1028402491817126	0.16433271469546146	0.12171925981957696	0.22307881795101125
0.06815326402651656	0.4091481326059589	0.8143503244554174	0.1856496755445826	0.10293496621621621	0.16448755799240827	0.12194336775418668	0.22349845706137628
0.06814831963674275	0.4091481326059589	0.8143284756057594	0.18567152439424064	0.10292410007389423	0.16447368421052633	0.12192658696485369	0.22347660821171833
0.06814396175334336	0.40998741082668905	0.8143284756057594	0.18567152439424064	0.10311345646437994	0.16478326867937257	0.12237473535547486	0.22431588643244837
0.06810076079656957	0.40998741082668905	0.8140662894098626	0.18593371059013744	0.1029830294086645	0.16461668070766639	0.12217332572722961	0.2240537002365517
0.06809837700612172	0.4104070499370541	0.8140662894098626	0.18593371059013744	0.10307757166947723	0.16477129138236038	0.12239728128697065	0.2244733393469167
0.06803487055139144	0.4104070499370541	0.813563765867727	0.18643623413227295	0.10282830406897277	0.16445266520934926	0.1220118172385402	0.22397081580478106
0.06803409642114885	0.4108266890474192	0.813563765867727	0.18643623413227295	0.10292262405382674	0.16460697772173183	0.12223557853889036	0.2243904549151463
0.06789087320525343	0.4108266890474192	0.8126898118814044	0.18731018811859557	0.10249162479061977	0.1640552995391705	0.12156722798576379	0.22351650092882358
0.06789048155909651	0.4112463281577843	0.8126898118814044	0.18731018811859557	0.1025855752119753	0.16420911528150134	0.12179066603985587	0.22393614003918882
0.06780652259011245	0.4112463281577843	0.8120343463916625	0.18796565360833753	0.10226442658875091	0.16379742604044795	0.12129110009324232	0.2232806745494469
0.06780235459825476	0.4116659672681494	0.8120343463916625	0.18796565360833753	0.10235809682804674	0.16395086487841565	0.1215142929715023	0.2237003136598119
0.06771251024519588	0.4116659672681494	0.8114881251502108	0.18851187484978915	0.10209178894786138	0.16360907271514344	0.12109904955301048	0.22315409241836015
0.06770891089427385	0.4120856063785145	0.8114881251502108	0.18851187484978915	0.10218522372528616	0.16376219461352456	0.12132203631500639	0.2235737315287254
0.06769732067435556	0.4120856063785145	0.8114225786012367	0.18857742139876335	0.10215333402683865	0.16372124041347116	0.12127226053032765	0.2235081849797511
0.06769546068723475	0.41250524548887957	0.8114225786012367	0.18857742139876335	0.10224672352818806	0.16387430190881053	0.12149520775383113	0.22392782409011636
0.06767597787252148	0.41250524548887957	0.8113351832026043	0.1886648167973956	0.10220420045747557	0.16381968169319222	0.12142883518192771	0.2238404286914839
0.06766747616255109	0.4133445237096097	0.8113351832026043	0.1886648167973956	0.1023908523908524	0.1641256352578522	0.12187461867527385	0.22467970691221417
0.0676589357857816	0.4133445237096097	0.8112477878039721	0.1887522121960279	0.10234829592684955	0.16407095860747897	0.12180821476636802	0.22459231151358194
0.06765679498306748	0.4137641628199748	0.8112477878039721	0.1887522121960279	0.10244155844155844	0.1642238507661559	0.1220310511017616	0.22501195062394697
0.06763171834082808	0.4137641628199748	0.8111385435556818	0.1888614564443182	0.1023883696780893	0.1641554982102722	0.12194804927475003	0.22490270637565657
0.0676290697811995	0.41418380193033993	0.8111385435556818	0.1888614564443182	0.10248156993043298	0.1643083069751956	0.1221708311697719	0.2253223454860218
0.06762340496798537	0.41418380193033993	0.8110948458563656	0.18890515414363435	0.10246029274369356	0.1642809587217044	0.12213762805944225	0.22527864778670548
0.06761861409493679	0.414603441040705	0.8110948458563656	0.18890515414363435	0.10255345650820012	0.1644337188982275	0.12236037810101515	0.2256982868970705
0.06761014334302558	0.414603441040705	0.8110511481570495	0.18894885184295046	0.10253217102532171	0.16440635660204675	0.12232716720136756	0.2256545891977546
0.06760705925959185	0.4150230801510701	0.8110511481570495	0.18894885184295046	0.1026252983293556	0.16455906821963395	0.12254988541115659	0.22607422830811963
0.06751704242150765	0.4150230801510701	0.8102427407197011	0.18975725928029888	0.10223278891875129	0.16405407647010037	0.12193650655077223	0.22526582087077118
0.06751692190207416	0.41544271926143517	0.8102427407197011	0.18975725928029888	0.10232558139534884	0.16420633604246143	0.12215893128706257	0.2256854599811362
0.06744034037122949	0.41544271926143517	0.8097620660272237	0.19023793397277633	0.10209343095802825	0.16390728476821192	0.12179521932146327	0.22520478528865873
0.06743531312417268	0.41586235837180024	0.8097620660272237	0.19023793397277633	0.10218601773561559	0.1640592666170019	0.12201746372950681	0.22562442439902397
0.06741871028416575	0.41586235837180024	0.8096309729292752	0.19036902707072473	0.10212283594394064	0.163977827417887	0.12191837486484529	0.2254933313010754
0.06741757632578947	0.4162819974821653	0.8096309729292752	0.19036902707072473	0.10221535291087068	0.16412971542025148	0.12214055813980679	0.22591297041144065
0.06736563658912058	0.4162819974821653	0.809193995936114	0.19080600406388604	0.1020051413881748	0.16385860588040965	0.12181057601600344	0.22547599341827929
0.06736509596739443	0.4167016365925304	0.809193995936114	0.19080600406388604	0.10209747069710055	0.1640102403171195	0.12203259471293133	0.2258956325286443
0.0673352085234838	0.4167016365925304	0.808888112040901	0.19111188795909895	0.10195071868583162	0.16382083642662706	0.12180192576232245	0.2255897486334315
0.06733346151342204	0.41712127570289553	0.808888112040901	0.19111188795909895	0.10204291140539985	0.16397228637413394	0.12202382466868014	0.22600938774379653
0.06732714695668496	0.41712127570289553	0.8088444143415849	0.1911555856584151	0.10202196448732423	0.16394524162955632	0.12199088551912945	0.22596569004448042
0.06732576627471933	0.4175409148132606	0.8088444143415849	0.1911555856584151	0.10211412151067323	0.1640966438525604	0.12221275320406594	0.22638532915484566
0.06730804159221697	0.4175409148132606	0.8087133212436365	0.1912866787563635	0.10205128205128206	0.16401549493117942	0.12211393399070608	0.2262542360568971
0.06730667220361443	0.4179605539236257	0.8087133212436365	0.1912866787563635	0.10214336991077838	0.16416680402175704	0.12233574106259174	0.22667387516726212
0.06728489565502989	0.4179605539236257	0.8085603792960301	0.19143962070396994	0.10207009633121542	0.1640721522115147	0.1222204808483697	0.22652093321965583
0.0672824465691461	0.41838019303399077	0.8085603792960301	0.19143962070396994	0.10216210677323496	0.164223356942843	0.12244222005049551	0.22694057233002085
0.06726666178919206	0.41838019303399077	0.8084511350477397	0.19154886495226026	0.10210979106923392	0.16415575862352844	0.12235990753822057	0.22683132808173045
0.06726630987735203	0.41879983214435584	0.8084511350477397	0.19154886495226026	0.10220174091141833	0.16430688179124137	0.12258159363354416	0.22725096719209548
0.06726201996815818	0.41879983214435584	0.8084292861980816	0.19157071380191834	0.10219127585500717	0.16429335747798174	0.12256512908830726	0.22722911834243753
0.06725769124998422	0.4192194712547209	0.8084292861980816	0.19157071380191834	0.10228319852564759	0.16444444444444445	0.1227867914359942	0.22764875745280255
0.06716393898394284	0.4192194712547209	0.8076645764600494	0.19233542353995062	0.10191797592328096	0.1639720968403775	0.12221138372369465	0.22688404771477044
0.067162822953249	0.419639110365086	0.8076645764600494	0.19233542353995062	0.10200958890135672	0.16412276382734287	0.12243277408025459	0.22730368682513546
0.06715992274187428	0.419639110365086	0.8075990299110751	0.19240097008892482	0.10197838058331633	0.1640823693494134	0.12238353147033774	0.22723814027616118
0.06715151322834535	0.4204783885858162	0.8075990299110751	0.19240097008892482	0.10216150081566068	0.1643835616438356	0.12282621961346973	0.22807741849689123
0.06714284654503339	0.4204783885858162	0.8074242391138107	0.19257576088618933	0.10207823960880195	0.164275760308222	0.12269486654288643	0.22790262769962677
0.067139812150166	0.4208980276961813	0.8074242391138107	0.19257576088618933	0.10216970561271264	0.16442622950819671	0.12291612806336646	0.228322266809992
0.06701643943571191	0.4208980276961813	0.806856169022701	0.19314383097729904	0.10189982728842832	0.16407655815475217	0.12248981281534504	0.2277541967188823
0.06700814785885767	0.42131766680654636	0.806856169022701	0.19314383097729904	0.10199106054449411	0.16422671137646194	0.12271086980800479	0.22817383582924733
0.06694913032901252	0.42131766680654636	0.8062662500819332	0.19373374991806683	0.10171208590821598	0.1638648604537294	0.12226920479024582	0.22758391688847945
0.06694737461395765	0.42173730591691144	0.8062662500819332	0.19373374991806683	0.1018030794165316	0.16401468788249693	0.12249005102090273	0.2280035559988447
0.0669287179560405	0.42173730591691144	0.8061351569839847	0.1938648430160152	0.10174124316663292	0.16393442622950818	0.12239203115152647	0.22787246290089613
0.06692517869531533	0.4221569450272765	0.8061351569839847	0.1938648430160152	0.10183216924789959	0.16408416245310717	0.1226128181730588	0.22829210201126138
0.06680985231009773	0.4221569450272765	0.8054796914942428	0.19452030850575716	0.10152386719144213	0.16368369671330946	0.12212343239980676	0.22763663652151944
0.06680421096464155	0.42257658413764165	0.8054796914942428	0.19452030850575716	0.10161453077699294	0.16383307573415765	0.12234398853379436	0.22805627563188446
0.06674368378870077	0.42257658413764165	0.8049116214031331	0.19508837859686687	0.1013486312399356	0.16348729604675705	0.12192091474213969	0.22748820554077476
0.066743597885582	0.42299622324800673	0.8049116214031331	0.19508837859686687	0.10143906611653417	0.16363636363636364	0.12214126964451912	0.22790784465113978
0.06672751930607294	0.42299622324800673	0.8047368306058686	0.1952631693941314	0.10135746606334842	0.16353017521090202	0.12201126787097373	0.22773305385387532
0.06672509447707935	0.4234158623583718	0.8047368306058686	0.1952631693941314	0.10144781821837925	0.1636791305053127	0.1222315500407742	0.22815269296424034
0.06671706711010066	0.4234158623583718	0.8046931329065525	0.19530686709344752	0.10142742259750703	0.1636525829210932	0.12219905239449419	0.22810899526492445
0.06671355381808129	0.4238355014687369	0.8046931329065525	0.19530686709344752	0.1015177404764298	0.16380149205319494	0.12241930448677957	0.22852863437528947
0.06666825859137888	0.4238355014687369	0.8044527955603138	0.19554720443968626	0.10140562248995984	0.16365551324637445	0.12224061082526515	0.22828829702905074
0.06666597194707062	0.42425514057910196	0.8044527955603138	0.19554720443968626	0.10149583375163136	0.1638042773817239	0.1224607691236671	0.22870793613941576
0.06665354980858339	0.42425514057910196	0.8043435513120234	0.19565644868797658	0.10144491270319085	0.16373795449024212	0.12237957718508108	0.22859869189112536
0.0666449052940495	0.42467477968946704	0.8043435513120234	0.19565644868797658	0.10153506571686566	0.16388663967611336	0.12259968428243803	0.22901833100149038
0.06662823469931585	0.42467477968946704	0.8041250628154428	0.19587493718455723	0.10143329658213891	0.16375404530744336	0.12243735675011107	0.2287998425049098
0.06662664352505827	0.4250944187998321	0.8041250628154428	0.19587493718455723	0.10152335137302064	0.1639025968772753	0.12265737742407166	0.22921948161527483
0.06658993838888777	0.4250944187998321	0.8039065743188621	0.19609342568113788	0.10142170604725671	0.16377010750949803	0.12249514845355391	0.22900099311869426
0.06658874542783577	0.42551405791019725	0.8039065743188621	0.19609342568113788	0.10151166282911202	0.16391852570320078	0.12271508287884032	0.2294206322290595
0.06656550250997599	0.42551405791019725	0.8036880858222815	0.19631191417771854	0.10141014101410141	0.16378614117267	0.12255295229213747	0.2292021437324787
0.06656548909658296	0.42593369702056233	0.8036880858222815	0.19631191417771854	0.1015	0.16393442622950818	0.12277280064301516	0.22962178284284374
0.06656207020864063	0.42593369702056233	0.8036443881229653	0.19635561187703468	0.10147970405918816	0.16390795316915624	0.12274038069954925	0.22957808514352762
0.06655779318663062	0.4263533361309274	0.8036443881229653	0.19635561187703468	0.10156952914125762	0.16405619247537542	0.1229601992748079	0.22999772425389287
0.06655438038073756	0.4263533361309274	0.8036225392733073	0.19637746072669274	0.1015593762495002	0.1640429482521999	0.12294398481009465	0.2299758754042347
0.0665487504238856	0.4267729752412925	0.8036225392733073	0.19637746072669274	0.10164917541229385	0.1641911527284469	0.12316378064531383	0.23039551451459972
0.06654342798083997	0.4267729752412925	0.8035569927243331	0.19644300727566694	0.10161870503597123	0.1641514002098297	0.12311512631563001	0.23032996796562566
0.06654122285999421	0.42719261435165756	0.8035569927243331	0.19644300727566694	0.10170846238385453	0.1642995480955455	0.12333488539908888	0.23074960707599068
0.0665352509232224	0.42719261435165756	0.8035132950250169	0.19648670497498308	0.10168814304265308	0.1642730353396805	0.12330244358622539	0.23070590937667435
0.06653367109370845	0.42761225346202264	0.8035132950250169	0.19648670497498308	0.10177786656012784	0.16442113755546592	0.12352217295347005	0.2311255484870396
0.06653088254107752	0.42761225346202264	0.8034914461753588	0.19650855382464114	0.10176770198741636	0.1644078735075831	0.12350594757036226	0.23110369963738142
0.06652777446521412	0.4280318925723878	0.8034914461753588	0.19650855382464114	0.10185739964050329	0.1645559409534565	0.12372565424188055	0.23152333874774667
0.06650353879424521	0.4280318925723878	0.8033603530774105	0.19663964692258953	0.10179640718562874	0.164476336370233	0.12362829534347998	0.23139224564979832
0.06649937057666862	0.42845153168275285	0.8033603530774105	0.19663964692258953	0.1018860393174334	0.16462431473718156	0.12384794435729297	0.23181188476016334
0.06642162344916101	0.42845153168275285	0.8027267364373266	0.1972732635626734	0.10159203980099503	0.1642403281589319	0.1233780272084166	0.23117826812007936
0.06641859195922006	0.42887117079311793	0.8027267364373266	0.1972732635626734	0.10168142473385733	0.16438796847354029	0.12359745835368394	0.2315979072304446
0.066408996081513	0.42887117079311793	0.8026393410386943	0.1973606589613057	0.10164097463948285	0.16433510210644797	0.12353272503555623	0.23151051183181215
0.06640289938845508	0.429290809903483	0.8026393410386943	0.1973606589613057	0.10173031026252984	0.16448267545622638	0.12375211279312859	0.23193015094217717
0.06627283619244681	0.429290809903483	0.8019401778496362	0.19805982215036377	0.10140761300555115	0.16406062063988452	0.1232349854832494	0.23123098775311934
0.06626793689324932	0.43013008812421316	0.8019401778496362	0.19805982215036377	0.10158572844400396	0.1643550068147198	0.12367327098968464	0.2320702659738494
0.06621815157351135	0.43013008812421316	0.801546898555791	0.19845310144420897	0.10140482785912149	0.16411816507885676	0.12338288638001835	0.23167698668000414
0.06621547926458465	0.43054972723457824	0.801546898555791	0.19845310144420897	0.10149371846869126	0.1642651296829971	0.12360188181809081	0.23209662579036916
0.06606196792156649	0.43054972723457824	0.8004107583735716	0.19958924162642838	0.10097431355181577	0.16358418367346939	0.1227656390135864	0.23096048560814975
0.06606171033914864	0.43096936634494337	0.8004107583735716	0.19958924162642838	0.10106278291674867	0.16373056994818652	0.12298426268311512	0.231380124718515
0.06605826869241875	0.43096936634494337	0.8003889095239136	0.19961109047608644	0.10105283872872184	0.16371751952813646	0.12296821775218002	0.23135827586885704
0.06605795165468367	0.43138900545530845	0.8003889095239136	0.19961109047608644	0.10114128295946478	0.16386387184187456	0.12318681932075111	0.23177791497922207
0.06605707038570781	0.43138900545530845	0.8003670606742554	0.1996329393257445	0.10113133300541072	0.1638508128785464	0.12317076920469947	0.2317560661295639
0.06605090769248778	0.4318086445656735	0.8003670606742554	0.1996329393257445	0.10121975211489279	0.16399713124551757	0.12338934868282442	0.23217570523992892
0.06604195060612376	0.4318086445656735	0.8002796652756232	0.19972033472437675	0.10117994100294986	0.16394487373536207	0.1233251373096673	0.2320883098412967
0.06604021194077776	0.4322282836760386	0.8002796652756232	0.19972033472437675	0.10126831186707305	0.1640911263342361	0.1235436742745971	0.2325079489516617
0.06603834098671649	0.4322282836760386	0.8002578164259652	0.19974218357403484	0.10125835627211954	0.16407805655117483	0.12352761871013951	0.23248610010200377
0.06603761708938448	0.4326479227864037	0.8002578164259652	0.19974218357403484	0.10134670205445788	0.16422427524689392	0.12374613361680835	0.2329057392123688
0.0659484619510602	0.4326479227864037	0.7996241997858813	0.20037580021411872	0.10105861595765536	0.16384584823202225	0.12328103504246418	0.23227212257228502
0.06594826600107363	0.43306756189676876	0.7996241997858813	0.20037580021411872	0.10114672155248457	0.16399173685046878	0.12349933787717145	0.23269176168265004
0.06592028065730669	0.43306756189676876	0.7993838624396425	0.20061613756035745	0.10103779126688858	0.16384853536556324	0.12332320468650004	0.2324514243364113
0.06591304315979093	0.43348720100713384	0.7993838624396425	0.20061613756035745	0.10112579539892315	0.16399428480711223	0.12354141796744011	0.23287106344677633
0.06590639540178435	0.43348720100713384	0.7992964670410103	0.2007035329589897	0.10108621195811723	0.16394223139184255	0.123477391176808	0.2327836680481441
0.0659001870054972	0.43390684011749897	0.7992964670410103	0.2007035329589897	0.10117416829745597	0.16408791557565658	0.12369556231793948	0.23320330715850934
0.06589631862955864	0.43390684011749897	0.7992527693416942	0.20074723065830585	0.10115437292115045	0.16406188020626736	0.12366354515017329	0.23315960945919323
0.06589313350179159	0.43432647922786405	0.7992527693416942	0.20074723065830585	0.1012422967817666	0.16420752022846263	0.12388168768127655	0.23357924856955825
0.06588110254168397	0.43432647922786405	0.7991872227927199	0.20081277720728002	0.10121259534519851	0.16416845110635261	0.12383365385472256	0.23351370202058397
0.06587579213320303	0.4347461183382291	0.7991872227927199	0.20081277720728002	0.10130047912388775	0.16431403647898493	0.12405176105510325	0.233933341130949
0.06581906862371069	0.4347461183382291	0.7988376411981909	0.20116235880180908	0.10114224348335449	0.16410581340091873	0.12379571902727174	0.23358375953642008
0.06581120563960909	0.4351657574485942	0.7988376411981909	0.20116235880180908	0.10122998828582586	0.1642512077294686	0.1240137034877183	0.2340033986467851
0.06576069216814755	0.4351657574485942	0.7983788153553715	0.20162118464462847	0.10102289332683877	0.1639784946236559	0.12367813469574174	0.2335445728039658
0.0657603867829403	0.4355853965589593	0.7983788153553715	0.20162118464462847	0.1011104617182934	0.16412364613803462	0.12389596329874866	0.2339642119143308
0.0657363926487896	0.4355853965589593	0.798204024558107	0.20179597544189298	0.10103173058205178	0.16401990993126334	0.12376826075212417	0.23378942111706635
0.06573308296877382	0.43600503566932436	0.798204024558107	0.20179597544189298	0.10111922141119221	0.16416495496918945	0.12398602086714999	0.23420906022743138
0.06571454943294312	0.43600503566932436	0.7980729314601587	0.20192706853984138	0.10106020815095808	0.16408717624763108	0.12389027132612843	0.23407796712948303
0.0657018562123275	0.4364246747796895	0.7980729314601587	0.20192706853984138	0.10114763664656681	0.16423213580734308	0.1241079764119412	0.23449760623984828
0.06569347294259248	0.4364246747796895	0.7979636872118683	0.2020363127881317	0.10109847380188587	0.16416732438831885	0.12402819589315561	0.23438836199155766
0.06569109064906792	0.43684431389005457	0.7979636872118683	0.2020363127881317	0.10118584758942457	0.16431220898113802	0.12424585268819685	0.2348080011019229
0.0654837667584038	0.43684431389005457	0.7963250234875134	0.20367497651248662	0.10045353662066969	0.16334536325121607	0.1230534297112427	0.23316933737756806
0.06548273141950735	0.43726395300041965	0.7963250234875134	0.20367497651248662	0.10054033191817831	0.16348944849768574	0.1232705748546302	0.2335889764879331
0.06544822285027767	0.43726395300041965	0.7960409884419586	0.20395901155804147	0.10041437795123831	0.1633228840125392	0.12306470797449068	0.23330494144237823
0.06543807675768308	0.4376835921107847	0.7960409884419586	0.20395901155804147	0.10050105993447678	0.1634668129456939	0.123281752921067	0.23372458055274326
0.06540412333390688	0.4376835921107847	0.795866197644694	0.20413380235530598	0.10042364721740805	0.16336439815177384	0.12315514507605174	0.2335497897554788
0.06540274116728172	0.4381032312211498	0.795866197644694	0.20413380235530598	0.10051025320111678	0.1635082223962412	0.12337212283931487	0.23396942886584382
0.0653661463081538	0.4381032312211498	0.7954729183508489	0.20452708164915118	0.10033637674195099	0.163278073193619	0.12308750402819679	0.23357614957199857
0.0653602123695679	0.4385228703315149	0.7954729183508489	0.20452708164915118	0.10042283298097252	0.16342169051528657	0.12330434932208047	0.23399578868236381
0.06526232460364956	0.4385228703315149	0.7947519063121327	0.20524809368786734	0.10010537407797682	0.1630010918733427	0.12278364615498669	0.2332747766436476
0.06526126081293142	0.43894250944187996	0.7947519063121327	0.20524809368786734	0.10019157088122606	0.16314434999610075	0.12300026183219183	0.23369441575401262
0.0652078171270334	0.43894250944187996	0.7944023247176036	0.2055976752823964	0.10003825554705432	0.16294103902173065	0.12274830454586795	0.23334483415948348
0.06520765691754161	0.4393621485522451	0.7944023247176036	0.2055976752823964	0.10012431863823276	0.16308411214953272	0.12296480189068627	0.23376447326984873
0.06520281571364812	0.4393621485522451	0.7943804758679456	0.20561952413205445	0.10011474469305795	0.16307141188380966	0.1229490612350361	0.23374262442019056
0.06519921727678145	0.43978178766261017	0.7943804758679456	0.20561952413205445	0.10020078401376804	0.16321445257748016	0.12316553760343359	0.2341622635305558
0.06517616497673208	0.43978178766261017	0.794205685070681	0.20579431492931896	0.1001241998662463	0.16311284046692606	0.1230396162192734	0.23398747273329112
0.06517305233325969	0.44020142677297525	0.794205685070681	0.20579431492931896	0.10021016431027895	0.16325577776048555	0.12325602634615508	0.23440711184365615
0.06516310874052025	0.44020142677297525	0.7941619873713649	0.2058380126286351	0.10019102196752626	0.16323037423169687	0.12322454852213426	0.23436341414434025
0.06515906782698495	0.4406210658833403	0.7941619873713649	0.2058380126286351	0.10027695540063031	0.16337326902131633	0.12344093125643057	0.23478305325470528
0.06510265727110172	0.4406210658833403	0.7937250103782036	0.2062749896217964	0.10008578781812982	0.16311946558956036	0.1231263632786769	0.2343460762615439
0.0651022431151983	0.4410407049937054	0.7937250103782036	0.2062749896217964	0.10017155928326343	0.1632621359223301	0.1233426026117647	0.23476571537190916
0.06508225430205045	0.4410407049937054	0.7935720684305971	0.20642793156940287	0.10010477188303649	0.1631734202763546	0.12323260426029667	0.23461277342430265
0.06507976039624534	0.4414603441040705	0.7935720684305971	0.20642793156940287	0.10019047619047619	0.16331599782659317	0.12344878416951621	0.23503241253466767
0.06505500954192062	0.4414603441040705	0.7933972776333326	0.2066027223666674	0.100114198705748	0.16321464587696843	0.12332311254288952	0.234857621737403
0.06505302259747824	0.4418799832144356	0.7933972776333326	0.2066027223666674	0.10019982871824151	0.16335712069500466	0.12353922669957856	0.23527726084776823
0.0650487748173681	0.4418799832144356	0.7933754287836745	0.20662457121632546	0.10019029495718364	0.16334445047700302	0.123523518237759	0.23525541199811006
0.06504045987038733	0.4422996223248007	0.7933754287836745	0.20662457121632546	0.10027590143659024	0.16348689312858694	0.1237396116155787	0.2356750511084753
0.06500667773256268	0.4422996223248007	0.7930695448884616	0.20693045511153838	0.10014251781472684	0.16330957545708089	0.12351976444371857	0.2353691672132623
0.0650043163185181	0.44271926143516577	0.7930695448884616	0.20693045511153838	0.1002280068402052	0.1634518552947556	0.12373575381561551	0.2357888063236273
0.0649716114770204	0.44271926143516577	0.7927418121435906	0.20725818785640937	0.10008538089365335	0.16326214794181368	0.12350044029248243	0.23546107357875634
0.0649714441148037	0.44313890054553084	0.7927418121435906	0.20725818785640937	0.10017074558907228	0.16340425531914893	0.1237163195510609	0.23588071268912136
0.06492558892156242	0.44313890054553084	0.7923922305490616	0.2076077694509384	0.10001894298162531	0.16320222548489297	0.12346559490511222	0.23553113109459245
0.0649246723462489	0.4435585396558959	0.7923922305490616	0.2076077694509384	0.10010417653186855	0.16334415082676557	0.12368135799501154	0.23595077020495747
0.0649231533899278	0.4435585396558959	0.7923703816994035	0.20762961830059648	0.10009469696969697	0.16333153055705787	0.12366569428822796	0.23592892135529953
0.06491719054958343	0.443978178766261	0.7923703816994035	0.20762961830059648	0.10017990720575704	0.1634734239802225	0.12388143678208592	0.23634856046566455
0.06485137845276029	0.443978178766261	0.7917149162096615	0.20828508379033844	0.09989613823057313	0.1630954216124557	0.1234120411391415	0.2356930949759226
0.0648511534114359	0.4443978178766261	0.7917149162096615	0.20828508379033844	0.09998111782477341	0.16323699421965318	0.12362757923397848	0.23611273408628763
0.06483800317836293	0.4443978178766261	0.7916712185103454	0.20832878148965456	0.09996224277893147	0.16321183632580719	0.12359632201773418	0.23606903638697152
0.06483640549612518	0.4448174569869912	0.7916712185103454	0.20832878148965456	0.10004719207173195	0.1633533672368624	0.12381183331447077	0.23648867549733654
0.06482164558932053	0.4448174569869912	0.7915619742620551	0.2084380257379449	0.1	0.1632904567511361	0.12373368513517512	0.23637943124904637
0.06481454016329695	0.4452370960973563	0.7915619742620551	0.2084380257379449	0.10008489765116499	0.16343191620455946	0.12394915071076935	0.2367990703594114
0.06479255260363427	0.4452370960973563	0.7914964277130809	0.2085035722869191	0.10005658242172764	0.1633941633941634	0.12390226100314732	0.23673352381043733
0.06478953911908518	0.44607637431808644	0.7914964277130809	0.2085035722869191	0.10022628700735432	0.16367695742551389	0.12433311191723487	0.23757280203116737
0.06478470225319138	0.44607637431808644	0.7914745788634229	0.20852542113657715	0.10021683793721127	0.1636643571978445	0.12431747242662146	0.23755095318150943
0.06478376041627502	0.4464960134284515	0.7914745788634229	0.20852542113657715	0.10030165912518854	0.16380571164652452	0.12453287040262806	0.23797059229187445
0.06474863089883894	0.4464960134284515	0.79116869496821	0.20883130503179007	0.10016945961212578	0.16362937331795463	0.12431398803510413	0.23766470839666143
0.0647440436853225	0.4469156525388166	0.79116869496821	0.20883130503179007	0.10025416548997458	0.16377056743041674	0.12452928381869954	0.23808434750702645
0.06458744323416539	0.4469156525388166	0.7901199501846228	0.20988004981537722	0.09980320494798987	0.16316837750880955	0.12378076722998325	0.23703560272343926
0.06458256762327919	0.4473352916491817	0.7901199501846228	0.20988004981537722	0.09988755622188905	0.16330907698199923	0.1239957485452641	0.2374552418338045
0.0645782443907384	0.4473352916491817	0.7900981013349647	0.20990189866503528	0.09987819732034105	0.16329656862745098	0.1239801848958522	0.23743339298414634
0.06457482552812825	0.4477549307595468	0.7900981013349647	0.20990189866503528	0.09996252576353756	0.16343723673125526	0.12419514602077512	0.23785303209451159
0.06446964623335814	0.4477549307595468	0.7893989381459066	0.21060106185409339	0.09966373995890156	0.16303766521506607	0.12369769616737114	0.2371538689054533
0.06446909505087355	0.4481745698699119	0.7893989381459066	0.21060106185409339	0.0997478285233959	0.16317799847211611	0.12391244452562757	0.23757350801581856
0.06436766260790237	0.4481745698699119	0.7884594376106098	0.2115405623893902	0.09934883720930232	0.16264372192187618	0.12324611740223264	0.23663400748052155
0.06436489080063933	0.44859420898027697	0.7884594376106098	0.2115405623893902	0.09943261091991443	0.1627836150449216	0.12346058641128856	0.2370536465908868
0.06434977254599641	0.44859420898027697	0.7882627979636871	0.2117372020363128	0.09934944237918215	0.16267214486799056	0.12332141148232108	0.23685700694396417
0.06434246980950122	0.44901384809064204	0.7882627979636871	0.2117372020363128	0.09943313818418363	0.1628119293974437	0.1235358114044746	0.2372766460543292
0.06433577238143642	0.44901384809064204	0.7881535537153969	0.2118464462846031	0.09938695894482631	0.1627500190128527	0.12345851258590208	0.237167401806039
0.06432092672180892	0.4494334872010071	0.7881535537153969	0.2118464462846031	0.0994706046252438	0.1628897338403042	0.12367286807564297	0.23758704091640404
0.06431746974496687	0.4494334872010071	0.7880880071664227	0.2119119928335773	0.09944289693593315	0.16285258116019158	0.12362648795523386	0.23752149436742975
0.0643173728603434	0.4498531263113722	0.7880880071664227	0.2119119928335773	0.09952650635966949	0.1629922457047286	0.12384081132033166	0.23794113347779478
0.06430648329664707	0.4498531263113722	0.7879569140684743	0.2120430859315257	0.099471095852278	0.16291793313069908	0.12374805383493498	0.23781004037984665
0.06430576147396629	0.45027276542173733	0.7879569140684743	0.2120430859315257	0.09955464835776581	0.16305751842565155	0.12396232673306894	0.23822967949021168
0.06424804640627702	0.45027276542173733	0.7874762393759969	0.21252376062400313	0.09935185185185186	0.16278540544640827	0.12362253144862118	0.2377490047977342
0.06424746299985774	0.4506924045321024	0.7874762393759969	0.21252376062400313	0.09943523747801129	0.1629247572815534	0.1238366562568728	0.23816864390809922
0.06422732409009008	0.4506924045321024	0.7873014485787323	0.21269855142126767	0.0993616430752151	0.16282595512431777	0.12371322048850543	0.23799385311083476
0.06422292469656071	0.4511120436424675	0.7873014485787323	0.21269855142126767	0.09944495837187789	0.1629652088228606	0.12392728291274746	0.23841349222119979
0.06409519855634187	0.4511120436424675	0.7866896807883065	0.2133103192116935	0.09918804207418343	0.16262007412449891	0.12349581929965009	0.23780172443077396
0.06409223157800799	0.45195132186319764	0.7866896807883065	0.2133103192116935	0.09935424354243542	0.1628979807910459	0.1239235632875694	0.23864100265150423
0.06403333316129912	0.45195132186319764	0.7862527037951452	0.2137472962048548	0.09917127071823205	0.16265196707694632	0.12361582721448303	0.23820402565834287
0.06403109076881523	0.4523709609735627	0.7862527037951452	0.2137472962048548	0.09925421231930762	0.16279069767441862	0.12382955797504502	0.2386236647687079
0.06398514344754962	0.4523709609735627	0.7860123664489065	0.21398763355109354	0.09915378955114054	0.16265560165975104	0.123660482529585	0.23838332742246915
0.0639805534144212	0.4527906000839278	0.7860123664489065	0.21398763355109354	0.09923664122137404	0.1627942063971032	0.12387413347561442	0.2388029665328344
0.06392013254511734	0.4527906000839278	0.7853569009591646	0.2146430990408355	0.09896358800330185	0.162426614481409	0.12341372097012379	0.23814750104309246
0.06391938404920389	0.45321023919429293	0.7853569009591646	0.2146430990408355	0.09904622157006603	0.16256491307292842	0.12362717825217577	0.23856714015345748
0.06389731676441411	0.45321023919429293	0.7850947147632678	0.21490528523673227	0.09893733968486625	0.16241822693435598	0.12344330176945216	0.2383049539575608
0.06389006979066203	0.453629878304658	0.7850947147632678	0.21490528523673227	0.09901987725565632	0.16255639097744362	0.12365667383231375	0.23872459306792582
0.06385228048845207	0.453629878304658	0.784854377417029	0.215145622582971	0.09892020497803806	0.16242205694538353	0.1234882349298254	0.23848425572168708
0.06385187009963358	0.4540495174150231	0.784854377417029	0.215145622582971	0.09900265349071279	0.16256009615384615	0.12370152793106981	0.2389038948320521
0.06384972524062309	0.4540495174150231	0.7848106797177129	0.21518932028228713	0.098984539383405	0.16253567673126032	0.1236709092447099	0.23886019713273599
0.06384743753810529	0.45446915652538816	0.7848106797177129	0.21518932028228713	0.09906695938529089	0.16267367630491927	0.12388417696812325	0.239279836243101
0.06383214862238022	0.45446915652538816	0.7847014354694225	0.21529856453057747	0.09902166956203712	0.16261261261261262	0.12380762533748287	0.2391705919948106
0.06382401834231126	0.45488879563575324	0.7847014354694225	0.21529856453057747	0.09910404095812762	0.16275054425343444	0.12402084993029178	0.23959023110517563
0.06378427111408204	0.45488879563575324	0.7843518538748935	0.21564814612510652	0.09895928427971518	0.16255529729324436	0.12377602814440945	0.23924064951064672
0.06378269310647083	0.4553084347461183	0.7843518538748935	0.21564814612510652	0.09904153354632587	0.16269305742989953	0.12398914428404535	0.23966028862101174
0.06376051831544947	0.4553084347461183	0.784177063077629	0.21582293692237103	0.09896926023898568	0.16259553424246964	0.12386682203122401	0.23948549782374728
0.06375517769512863	0.45572807385648345	0.784177063077629	0.21582293692237103	0.09905144107989784	0.16273319847156664	0.1240798774252465	0.23990513693411253
0.06374977018706175	0.45572807385648345	0.7840896676789967	0.2159103323210033	0.09901531728665208	0.16268444311287544	0.12401872656846355	0.23981774153548008
0.06374686414453441	0.45614771296684853	0.7840896676789967	0.2159103323210033	0.09909745646822865	0.16282204913121628	0.12423174499631372	0.2402373806458451
0.06362633667406586	0.45614771296684853	0.7832812602416482	0.21671873975835174	0.09876431037615846	0.1623720964971245	0.12366695134873201	0.23942897320849665
0.06362525610933102	0.4565673520772136	0.7832812602416482	0.21671873975835174	0.09884618878895249	0.1625093353248693	0.12387973811407405	0.2398486123188619
0.06361207006735321	0.4565673520772136	0.783172015993358	0.21682798400664205	0.09880130766436615	0.16244867487868608	0.12380353294503335	0.2397393680705715
0.06360595740312831	0.4569869911875787	0.783172015993358	0.21682798400664205	0.09888313810950694	0.16258584652134966	0.12401627713074706	0.24015900718093652
0.06359866435978485	0.4569869911875787	0.7830846205947257	0.2169153794052743	0.09884723608967959	0.1625373134328358	0.12395531473369145	0.2400716117823043
0.06359788254616255	0.45740663029794376	0.7830846205947257	0.2169153794052743	0.09892902523143947	0.16267442728154616	0.12416802226062199	0.24049125089266954
0.06359611773644996	0.45740663029794376	0.7830627717450676	0.2169372282549324	0.09892004719121518	0.16266228921056558	0.1241527792947241	0.24046940204301137
0.06359002276360366	0.45782626940830884	0.7830627717450676	0.2169372282549324	0.09900181488203266	0.16279937327464	0.12436546780423781	0.2408890411533764
0.06355730101128003	0.45782626940830884	0.7829316786471192	0.21706832135288076	0.09894794122982042	0.16272652695950482	0.12427400424938327	0.24075794805542805
0.06355640918457457	0.4582459085186739	0.7829316786471192	0.21706832135288076	0.09902965448444727	0.1628635346756152	0.1244866444271698	0.24117758716579307
0.06355223348011405	0.4582459085186739	0.7829098297974612	0.21709017020253885	0.09902067464635474	0.16285139064946685	0.1244713995469378	0.24115573831613513
0.06355080958390237	0.4590851867394041	0.7829098297974612	0.21709017020253885	0.09918404351767905	0.16312532617609782	0.12489662881397631	0.2419950165368654
0.06351316016666916	0.4590851867394041	0.7825383993532741	0.21746160064672596	0.09903141124287136	0.16291883842144453	0.12463748119544842	0.2416235860926781
0.06350902368002094	0.4595048258497692	0.7825383993532741	0.21746160064672596	0.09911296162201304	0.16305561760107215	0.12484997675266708	0.24204322520304333
0.06340623846403133	0.4595048258497692	0.7818173873145579	0.21818261268544212	0.09881779622777728	0.1626559714795009	0.12434788545513399	0.24132221316432712
0.06340591270253222	0.4599244649601343	0.7818173873145579	0.21818261268544212	0.09889911568308969	0.16279242480505013	0.12456017580631744	0.24174185227469214
0.06339995443447309	0.4599244649601343	0.7817955384648998	0.21820446153510017	0.09889019218623117	0.16278033566018119	0.12454497877327522	0.24172000342503397
0.0633960962654105	0.46034410407049936	0.7817955384648998	0.21820446153510017	0.09897149043666546	0.16291675948615134	0.12475725031859114	0.2421396425353992
0.06337190893330069	0.46034410407049936	0.7816644453669515	0.21833555463304857	0.09891794409377817	0.16284420693238327	0.12466606246785317	0.24200854943745087
0.06337081134419267	0.46076374318086444	0.7816644453669515	0.21833555463304857	0.09899918853124155	0.16298055514323884	0.12487828622208996	0.2424281885478159
0.0633536121900546	0.46076374318086444	0.781533352269003	0.21846664773099697	0.0989456609894566	0.1629080118694362	0.1247871135711417	0.24229709544986733
0.06334935051250849	0.46160302140159465	0.781533352269003	0.21846664773099697	0.09910802775024777	0.16318053701231272	0.12521145265737596	0.2431363736705976
0.06334879863372946	0.46160302140159465	0.7815115034193449	0.21848849658065503	0.0990990990990991	0.16316843432470518	0.1251962504963916	0.24311452482093965
0.0633467641850584	0.4620226605119597	0.7815115034193449	0.21848849658065503	0.09918025403116837	0.1633046573716998	0.12540839481358165	0.24353416393130467
0.06334075549809469	0.4620226605119597	0.7814022591710547	0.21859774082894537	0.09913560237709346	0.16324412484246423	0.12533237591855054	0.24342491968301427
0.06333900739574057	0.4624422996223248	0.7814022591710547	0.21859774082894537	0.09921671018276762	0.16338028169014085	0.1255444783844247	0.24384455879337952
0.0633388876692789	0.4624422996223248	0.7813804103213966	0.21861958967860343	0.09920777817788981	0.16336817137350826	0.12552927299264824	0.24382270994372135
0.06333430247893213	0.4628619387326899	0.7813804103213966	0.21861958967860343	0.09928886488432802	0.16350429884375928	0.1257413567435051	0.24424234905408637
0.06331882403056198	0.4628619387326899	0.7812274683737901	0.21877253162620988	0.09922634041021951	0.16341951255648565	0.12563491745301153	0.24408940710647986
0.06331712393932647	0.46328157784305496	0.7812274683737901	0.21877253162620988	0.09930736709543941	0.16355555555555557	0.12584694788735715	0.2445090462168451
0.06327398006247895	0.46328157784305496	0.7809434333282352	0.21905656667176474	0.09919137466307278	0.16339820913194703	0.12564938022841998	0.24422501117129025
0.06327309437663656	0.46370121695342004	0.7809434333282352	0.21905656667176474	0.0992723025783847	0.16353411277194022	0.12586132289633975	0.24464465028165527
0.06321845894669585	0.46370121695342004	0.7802879678384933	0.2197120321615067	0.09900546546008422	0.16317188422917897	0.12540611645029906	0.24398918479191334
0.06321612462595677	0.46412085606378517	0.7802879678384933	0.2197120321615067	0.09908618527145673	0.16330749354005167	0.12561787414397246	0.24440882390227836
0.06321368465659348	0.46412085606378517	0.7802661189888352	0.21973388101116476	0.09907730896712354	0.16329543776760666	0.12560271622663938	0.24438697505262041
0.0632117588871066	0.46454049517415025	0.7802661189888352	0.21973388101116476	0.0991580078824794	0.16343101793755074	0.12581445538095018	0.24480661416298544
0.06315615250071668	0.46454049517415025	0.7797417465970417	0.22025825340295832	0.09894529853414373	0.16314199395770393	0.1254509401206835	0.24428224177119184
0.06315354485897194	0.4649601342845153	0.7797417465970417	0.22025825340295832	0.09902582893913665	0.1632773356911288	0.1256625294910595	0.2447018808815571
0.06314861587635502	0.4649601342845153	0.7796762000480675	0.22032379995193252	0.09899928520371694	0.16324125230202577	0.1256171285021349	0.2446363343325828
0.06314795861899865	0.4653797733948804	0.7796762000480675	0.22032379995193252	0.09907978200661127	0.16337654684737773	0.12582868803360164	0.24505597344294783
0.06311193672589988	0.4653797733948804	0.7793484673031965	0.22065153269680352	0.09894718058529622	0.1631962328011184	0.12560178233827454	0.24472824069807686
0.06311062038869329	0.4657994125052455	0.7793484673031965	0.22065153269680352	0.0990275671335534	0.1633313713949382	0.12581324387519585	0.24514787980844188
0.06309362542505208	0.4657994125052455	0.779173676505932	0.22082632349406803	0.09895694035838459	0.16323529411764706	0.12569230769813586	0.24497308901117743
0.06308931198664358	0.46621905161561056	0.779173676505932	0.22082632349406803	0.09903726154394722	0.16337034041614587	0.12590371115379836	0.24539272812154245
0.06308608554263447	0.46621905161561056	0.7790862811072997	0.2209137188927003	0.09900196043486009	0.16332230797500918	0.1258432531146641	0.24530533272291022
0.06308020304031998	0.46663869072597564	0.7790862811072997	0.2209137188927003	0.09908224182482402	0.1634572982507717	0.12605462122133343	0.24572497183327524
0.06303920098192177	0.46663869072597564	0.7786930018134546	0.22130699818654548	0.09892358331109331	0.1632413388138579	0.12578272768816018	0.2453316925394302
0.06303757187820315	0.46705832983634077	0.7786930018134546	0.22130699818654548	0.09900373599003735	0.16337614678899082	0.12599398138245135	0.24575133164979546
0.06300695514659929	0.46705832983634077	0.7783871179182416	0.2216128820817584	0.09888059701492537	0.16320844636703571	0.1257827338359287	0.24544544775458244
0.06300537637491667	0.46747796894670585	0.7783871179182416	0.2216128820817584	0.09896064670871457	0.16334310850439882	0.12599389599033972	0.24586508686494746
0.06295031742874288	0.46747796894670585	0.7779064432257642	0.22209355677423584	0.098767621243018	0.16308007612355438	0.12566234766628293	0.24538441217246998
0.06294980322255496	0.4678976080570709	0.7779064432257642	0.22209355677423584	0.09884751773049645	0.16321452096904046	0.12587337362096251	0.245804051282835
0.06289768089251983	0.4678976080570709	0.7774257685332867	0.2225742314667133	0.09865510529109892	0.16295213737668982	0.12554235439443195	0.24532337659035752
0.06289757526518298	0.468317247167436	0.7774257685332867	0.2225742314667133	0.09873484915509156	0.16308636562911005	0.12575324466465934	0.24574301570072277
0.06288991795321396	0.468317247167436	0.7773165242849964	0.2226834757150036	0.09869119207640609	0.16302680593090352	0.12567807577767878	0.24563377145243237
0.06288938725636219	0.4687368862778011	0.7773165242849964	0.2226834757150036	0.09877089044124149	0.16316096990943615	0.125888925620255	0.2460534105627974
0.06284759437722358	0.4687368862778011	0.7769669426904673	0.22303305730953266	0.09863134657836645	0.16297052815873941	0.12564852108704289	0.24570382896826848
0.06284657258943699	0.46915652538816616	0.7769669426904673	0.22303305730953266	0.09871093060215433	0.16310452987088775	0.12585926928393892	0.2461234680786335
0.06283305192814347	0.46915652538816616	0.776857698442177	0.22314230155782297	0.09866737269437825	0.16304506343882164	0.1257841852967473	0.2460142238303431
0.06283061716341794	0.4695761644985313	0.776857698442177	0.22314230155782297	0.09874691140134133	0.16317900109369304	0.12599489322647078	0.24643386294070835
0.06282394126919938	0.4695761644985313	0.7767484541938867	0.2232515458061133	0.0987033606774279	0.1631195335276968	0.12591981486122536	0.24632461869241795
0.06281958787642455	0.46999580360889637	0.7767484541938867	0.2232515458061133	0.09878285411889222	0.16325340718606515	0.12613048256887974	0.2467442578027832
0.06281321490452822	0.46999580360889637	0.7766829076449124	0.2233170923550875	0.09875672339299886	0.16321772078111338	0.12608543492519464	0.2466787112538089
0.06280864563954737	0.47041544271926145	0.7766829076449124	0.2233170923550875	0.09883618409451596	0.16335154826958106	0.12629607354879183	0.24709835036417394
0.06280632324991288	0.47041544271926145	0.7766610587952545	0.22333894120474557	0.09882747068676717	0.16333964738452572	0.1262810547917505	0.247076501514516
0.062801243527145	0.4712547209399916	0.7766610587952545	0.22333894120474557	0.09898633759365359	0.1636072261072261	0.1267022836678223	0.24791577973524603
0.06279423050611894	0.4712547209399916	0.7765955122462802	0.22340448775371977	0.09896016919280931	0.16357148059136262	0.12665720215790566	0.24785023318627175
0.0627941721767406	0.4716743600503567	0.7765955122462802	0.22340448775371977	0.09903956295708873	0.16370521409845615	0.12686778134636265	0.24826987229663677
0.06272517853770157	0.4716743600503567	0.7761148375538027	0.22388516244619722	0.09884794653064814	0.1634433619310746	0.12653742902926982	0.2477891976041593
0.06272514698178265	0.47209399916072176	0.7761148375538027	0.22388516244619722	0.09892718958846289	0.16357688113413305	0.12674787422636177	0.24820883671452454
0.06263075450798257	0.47209399916072176	0.7753719766654286	0.22462802333457144	0.09863229879011047	0.16317354412937848	0.12623840833461555	0.24746597582615038
0.06262971335793627	0.4725136382710869	0.7753719766654286	0.22462802333457144	0.09871131761199263	0.16330674401740392	0.1264486541526826	0.2478856149365154
0.06261701096598328	0.4725136382710869	0.7752408835674802	0.22475911643251983	0.09865942346447035	0.16323572049869528	0.1263588743857638	0.24775452183856705
0.06261528922743466	0.47293327738145197	0.7752408835674802	0.22475911643251983	0.0987383914490976	0.16336884830035514	0.12656907502315967	0.24817416094893208
0.06258104176684708	0.47293327738145197	0.7750442439205576	0.2249557560794424	0.09866059704105752	0.16326234970302766	0.12643444518646726	0.24797752130200967
0.06258097422521718	0.47335291649181704	0.7750442439205576	0.2249557560794424	0.09873949579831932	0.16339537915550084	0.12664458428919756	0.2483971604123747
0.06250550064359982	0.47335291649181704	0.7744106272804737	0.2255893727195263	0.09848947873919497	0.16305290546400694	0.1262113440237218	0.2477635437722907
0.06250533959714676	0.4737725556021821	0.7744106272804737	0.2255893727195263	0.09856818578662475	0.1631856616318566	0.12642131267426124	0.24818318288265573
0.062467637584703424	0.4737725556021821	0.7742139876335511	0.2257860123664489	0.0984907964756172	0.1630795897732197	0.12628703425324714	0.24798654323573333
0.06246648795166714	0.4741921947125472	0.7742139876335511	0.2257860123664489	0.09856943475226797	0.16321224814039142	0.12649694177534673	0.24840618234609835
0.06241674342887509	0.4741921947125472	0.7737333129410736	0.22626668705892636	0.09838063729757966	0.16295334919604873	0.12616903203178903	0.24792550765362087
0.06241612587409709	0.4746118338229123	0.7737333129410736	0.22626668705892636	0.09845912770958475	0.16308579668348955	0.12637880809403326	0.2483451467639859
0.06239547944677767	0.4746118338229123	0.7735366732941511	0.22646332670584893	0.0983820459290188	0.1629800417897543	0.12624479641693123	0.2481485071170635
0.06239393775574878	0.47503147293327735	0.7735366732941511	0.22646332670584893	0.0984604679481604	0.16311239193083574	0.12645451168749813	0.2485681462274285
0.06236937432499334	0.47503147293327735	0.7732526382485962	0.22674736175140378	0.09834926151172893	0.16295976390988268	0.1262610550461068	0.24828411118187366
0.06236754609390747	0.4754511120436425	0.7732526382485962	0.22674736175140378	0.09842759099991312	0.16309198215056858	0.1264706880619996	0.24870375029223868
0.06235524456058619	0.4754511120436425	0.773187091699622	0.22681290830037798	0.09840194545770367	0.1630567748434914	0.1264260592230506	0.2486382037432644
0.06235013256023383	0.47629039026437264	0.773187091699622	0.22681290830037798	0.09855852726641195	0.16332110223757104	0.12684525670598407	0.24947748196399466
0.06234017022835279	0.47629039026437264	0.7731433940003059	0.22685660599969412	0.0985414134398333	0.1632976044888857	0.1268154890981702	0.24943378426467855
0.06233624151380248	0.4771296684851028	0.7731433940003059	0.22685660599969412	0.09869791666666666	0.1635618211896713	0.12723461679640727	0.2502730624854086
0.062308065686861536	0.4771296684851028	0.7729030566540671	0.22709694334593283	0.09860376376723615	0.1634325140146615	0.12707086949837915	0.25003272513916985
0.06230321711150814	0.4775493075954679	0.7729030566540671	0.22709694334593283	0.0986819285466528	0.16356449874236437	0.12728035616939476	0.2504523642495351
0.06224435024027262	0.4775493075954679	0.7724442308112478	0.2275557691887522	0.09850255344932052	0.16331802525832376	0.1269680706539198	0.24999353840671557
0.06223999072015019	0.477968946705833	0.7724442308112478	0.2275557691887522	0.0985805781547516	0.16344980985864963	0.1271774327986939	0.2504131775170808
0.062211540877040006	0.477968946705833	0.772182044615351	0.227817955384649	0.09847829846100639	0.1633091977919564	0.12699917574826358	0.2501509913211839
0.06221066232838165	0.4783885858161981	0.772182044615351	0.227817955384649	0.09855623757240425	0.16344086021505377	0.12720846180960307	0.25057063043154915
0.06218295316523501	0.4783885858161981	0.7719854049684284	0.2280145950315716	0.09847961299239806	0.16333548248441865	0.1270748428647968	0.2503739907846265
0.062179448622541246	0.47922786403692824	0.7719854049684284	0.2280145950315716	0.09863534289169114	0.16359859608910537	0.12749328317157113	0.25121326900535657
0.062053240059260995	0.47922786403692824	0.770871113635867	0.22912888636413292	0.09820276893971967	0.16300314016557238	0.12673753108769972	0.2500989776727953
0.062052860262390264	0.4796475031472933	0.770871113635867	0.22912888636413292	0.09828030954428203	0.16313423249839434	0.12694646291236358	0.25051861678316034
0.06202882040329368	0.4796475031472933	0.7705870785903122	0.22941292140968778	0.09817057459417676	0.1629830315129046	0.12675428310416167	0.2502345817376055
0.06202570796193916	0.4800671422576584	0.7705870785903122	0.22941292140968778	0.09824802473376847	0.16311399443929564	0.12696313452557526	0.2506542208479705
0.061996017013363734	0.4800671422576584	0.7703685900937316	0.22963140990626843	0.09816372061094902	0.1629977915509012	0.12681539744316533	0.25043573235138994
0.06199599724915165	0.4804867813680235	0.7703685900937316	0.22963140990626843	0.09824109824109824	0.16312865080495798	0.1270241844247306	0.2508553714617552
0.06194976025590119	0.4804867813680235	0.7700627061985187	0.22993729380148134	0.09812323249635788	0.16296612581838885	0.1268174920626056	0.25054948756654216
0.06194883188404713	0.4809064204783886	0.7700627061985187	0.22993729380148134	0.09820051413881747	0.163096847648189	0.12702619373619167	0.2509691266769072
0.06190734711569836	0.4809064204783886	0.7696912757543315	0.23030872424566848	0.09805767091640284	0.1628997867803838	0.12677545450499933	0.2505976962327201
0.061906298374284206	0.4813260595887537	0.7696912757543315	0.23030872424566848	0.09813483915126625	0.16303034610191172	0.12698405539025237	0.2510173353430851
0.06181205929512854	0.4813260595887537	0.7687736240686928	0.2312263759313072	0.09778346121057119	0.1625451711188266	0.12636592313754855	0.2500996836574465
0.06181176216601377	0.48174569869911876	0.7687736240686928	0.2312263759313072	0.09786036995993522	0.1626753578007652	0.1265742934139662	0.2505193227678115
0.061796887388793804	0.48174569869911876	0.7686425309707444	0.2313574690292556	0.09781034335860952	0.16260623229461757	0.12648613819814578	0.2503882296698632
0.061796661074607094	0.48216533780948384	0.7686425309707444	0.2313574690292556	0.09788720395297325	0.16273635011684726	0.12669446569229983	0.2508078687802282
0.061753741054714394	0.48216533780948384	0.7681618562782669	0.23183814372173306	0.09770408163265307	0.1624832072403309	0.12637150033141403	0.2503271940877507
0.06175330584562936	0.4825849769198489	0.7681618562782669	0.23183814372173306	0.09778080095229998	0.1626131221719457	0.12657970229494644	0.25074683319811575
0.061727568293651704	0.4825849769198489	0.7679215189320282	0.23207848106797177	0.09768943255181788	0.16248675379724478	0.1264183887929247	0.250506495851877
0.061723512261357076	0.483004616030214	0.7679215189320282	0.23207848106797177	0.09776607491718338	0.16261655834981634	0.12662652238746294	0.25092613496224225
0.06169285204173807	0.483004616030214	0.7675500884878411	0.23244991151215888	0.09762510602205259	0.16242150567981373	0.12637742753725603	0.25055470451805517
0.06169091487646875	0.4838438942509442	0.7675500884878411	0.23244991151215888	0.09777815468113976	0.16268077601410935	0.12679348500144708	0.2513939827387852
0.06168247277063952	0.4838438942509442	0.767484541938867	0.23251545806113308	0.09775328529037727	0.16264635350543094	0.12674953341526643	0.25132843618981116
0.06168220359666151	0.4842635333613093	0.767484541938867	0.23251545806113308	0.09782977280434045	0.16277593624374073	0.1269575294522388	0.2517480753001762
0.061673209212187885	0.4842635333613093	0.7673534488409185	0.23264655115908148	0.09778003728181664	0.16270708494888966	0.1268696289062383	0.25161698220222783
0.061672786701718725	0.48468317247167436	0.7673534488409185	0.23264655115908148	0.097856477166822	0.16283659946426055	0.12707758263613908	0.25203662131259286
0.0615920259896539	0.48468317247167436	0.7665887391028863	0.23341126089711375	0.09756715661429295	0.1624358343295127	0.126565536466203	0.25127191157456075
0.0615892363006564	0.48510281158203944	0.7665887391028863	0.23341126089711375	0.09764338204240224	0.16256504007875122	0.12677329968433285	0.25169155068492577
0.06158271551656838	0.48510281158203944	0.7665013437042539	0.23349865629574604	0.09761040276956852	0.16251933080275552	0.12671485578864097	0.2516041552862933
0.06158240992232935	0.4855224506924045	0.7665013437042539	0.23349865629574604	0.09768659236744343	0.16264848527447812	0.12692258718670021	0.25202379439665856
0.06155712358513687	0.4855224506924045	0.7662610063580153	0.23373899364198475	0.09759595107549557	0.1625228262396404	0.126761911754895	0.2517834570504198
0.06155458914329961	0.4859420898027696	0.7662610063580153	0.23373899364198475	0.09767206477732794	0.16265187162019804	0.12696957574450124	0.25220309616078485
0.06152451927918884	0.4859420898027696	0.7659551224628023	0.23404487753719766	0.09755686604886268	0.16249210692485794	0.1267652231469333	0.2518972122655718
0.06152366516101082	0.4863617289131347	0.7659551224628023	0.23404487753719766	0.09763288686715525	0.16262101866142836	0.12697280464332728	0.25231685137593707
0.06149324047442225	0.4863617289131347	0.7657803316655378	0.2342196683344622	0.09756713528074754	0.1625297994671154	0.12685609885175667	0.2521420605786726
0.061491307828703885	0.4867813680234998	0.7657803316655378	0.2342196683344622	0.09764309764309764	0.16265862721727548	0.12706362843650704	0.25256169968903763
0.06148441659532472	0.4867813680234998	0.7656929362669056	0.23430706373309446	0.09761023224503534	0.16261302306020886	0.12700528461619054	0.2524743042904054
0.0614831483094343	0.4872010071338649	0.7656929362669056	0.23430706373309446	0.09768615902397981	0.16274179983179143	0.12721278260458602	0.2528939434007704
0.061427780085221574	0.4872010071338649	0.7651904127247701	0.23480958727522996	0.09749748068525362	0.1624798824434959	0.1268775681537647	0.252391419858635
0.06142350895262466	0.48762064624422996	0.7651904127247701	0.23480958727522996	0.09757326391804517	0.16260845228099635	0.12708493866953532	0.252811058969
0.061329292092769994	0.48762064624422996	0.7644912495357119	0.23550875046428804	0.0973117829327527	0.16224518290980172	0.126619461674608	0.252111895779942
0.061307508399703135	0.48804028535459504	0.7644912495357119	0.23550875046428804	0.09738737229944733	0.16237347294938917	0.12682666005544824	0.252531534890307
0.06129560134149368	0.48804028535459504	0.7643601564377636	0.23563984356223644	0.0973384666889856	0.16230549159165444	0.1267394910210745	0.25240044179235865
0.06129482448520162	0.4884599244649601	0.7643601564377636	0.23563984356223644	0.09741400954054732	0.1624337147641641	0.1269466481080779	0.2528200809027237
0.061268081387199747	0.4884599244649601	0.7641416679411829	0.2358583320588171	0.09733255288903754	0.16232045739785247	0.12680141288501143	0.2526015924061431
0.06126501880491426	0.4888795635753252	0.7641416679411829	0.2358583320588171	0.09740802675585285	0.1624485811894304	0.12700850873168146	0.2530212315165081
0.06121281144046949	0.4888795635753252	0.7638139351963119	0.2361860648036881	0.09728601252609603	0.16227886892324836	0.12679080689469466	0.25269349877163716
0.06120895836093721	0.4892992026856903	0.7638139351963119	0.2361860648036881	0.09736138944555778	0.16240685284490564	0.1269978166823741	0.2531131378820022
0.0611069317281675	0.4892992026856903	0.7630273766086215	0.23697262339137845	0.09706959706959707	0.16200069468565473	0.12647625493407377	0.2523265792943119
0.061104490481620345	0.4897188417960554	0.7630273766086215	0.23697262339137845	0.09714475984350288	0.1621283689913865	0.12668307465311687	0.2527462184046769
0.061094632599019226	0.4897188417960554	0.7628962835106732	0.23710371648932685	0.09709626424827357	0.16206082488543258	0.12659626863433837	0.2526151253067286
0.06109378740047134	0.49055812001678556	0.7628962835106732	0.23710371648932685	0.09724648531736128	0.16231602332685366	0.12700981535506997	0.2534544035274586
0.06107246003528292	0.49055812001678556	0.7625685507658022	0.23743144923419782	0.09712529079428381	0.1621471669325196	0.12679283967145732	0.25312667078258766
0.0610720091087388	0.49097775912715064	0.7625685507658022	0.23743144923419782	0.09720029907784332	0.1622746185852982	0.1269995222963911	0.2535463098929529
0.06106539168481386	0.49097775912715064	0.7625030042168279	0.23749699578317202	0.09717607973421927	0.16224086528461484	0.12695614451145548	0.2534807633439786
0.06106409757785325	0.4913973982375157	0.7625030042168279	0.23749699578317202	0.09725105888215264	0.16236827509706045	0.12716280128356588	0.25390040245434364
0.06102484582632648	0.4913973982375157	0.7621971203216151	0.23780287967838493	0.09713811696391539	0.1622108325252805	0.12696044412838878	0.25359451855913084
0.061024641477945084	0.49181703734788085	0.7621971203216151	0.23780287967838493	0.09721300597213006	0.16233811205762172	0.1271670209217986	0.25401415766949587
0.061021080189919176	0.49181703734788085	0.762175271471957	0.237824728528043	0.09720494318653064	0.16232686980609418	0.1271525708308378	0.2539923088198379
0.061020826167757086	0.4922366764582459	0.762175271471957	0.237824728528043	0.09727981423121579	0.16245412367564574	0.1273591316859069	0.25441194793020294
0.06102008140894477	0.4922366764582459	0.7621534226222989	0.23784657737770107	0.09727174724272328	0.16244287494806814	0.12734467786686512	0.2543900990805448
0.06101937191443402	0.492656315568611	0.7621534226222989	0.23784657737770107	0.09734660033167496	0.16257010316416257	0.12755122279064784	0.25480973819091
0.060974292830952175	0.492656315568611	0.761847538727086	0.23815246127291398	0.09723372536027829	0.1624126720619769	0.1273489252070219	0.254503854295697
0.060961138693874685	0.4930759546789761	0.761847538727086	0.23815246127291398	0.09730848861283643	0.1625397703693457	0.12755539043075426	0.254923493406062
0.060899746326483796	0.4930759546789761	0.7612357709366602	0.23876422906333983	0.09708336776005949	0.16222559712826176	0.12715135428668087	0.2543117256156362
0.06089925226174348	0.49349559378934116	0.7612357709366602	0.23876422906333983	0.09715796430931924	0.1623524539242079	0.12735767163925557	0.25473136472600144
0.06087640331449634	0.49349559378934116	0.7610828289890537	0.23891717101094628	0.0971018082734704	0.16227404443217883	0.1272567730322465	0.25457842277839493
0.06087161957330614	0.49391523289970624	0.7610828289890537	0.23891717101094628	0.09717635402906209	0.1624008278716799	0.1274630453330223	0.25499806188875995
0.060855015562522596	0.49391523289970624	0.7608861893421311	0.23911381065786885	0.09710419932348816	0.162300055157198	0.12733335948382613	0.2548014222418373
0.060854958187970716	0.4943348720100713	0.7608861893421311	0.23911381065786885	0.09717868338557993	0.16242674939675975	0.1275395770689814	0.25522106135220257
0.06083818125423201	0.4943348720100713	0.7607113985448666	0.2392886014551334	0.09711459192085738	0.16233721491076966	0.1274243418233483	0.2550462705549379
0.060835425118814714	0.49475451112043645	0.7607113985448666	0.2392886014551334	0.09718901986645784	0.1624638280281108	0.12763050964196263	0.25546590966530314
0.06079347553517197	0.49475451112043645	0.7603399681006795	0.2396600318993205	0.09705301284162002	0.16227375954855136	0.12738580167210514	0.25509447922111583
0.06078980737585573	0.4951741502308015	0.7603399681006795	0.2396600318993205	0.09712733558317557	0.1624002202036884	0.12759187620324564	0.2555141183314811
0.06077409305432596	0.4951741502308015	0.7601433284537569	0.2398566715462431	0.09705543674946537	0.1622997042844371	0.1274624184243248	0.25531747868455845
0.06077042913119888	0.4955937893411666	0.7601433284537569	0.2398566715462431	0.0971296981659676	0.16242607619309585	0.12766843858036409	0.2557371177949235
0.060755962368063667	0.4955937893411666	0.7600777819047827	0.2399222180952173	0.09710573918763361	0.1623925747679615	0.1276252925439945	0.2556715712459492
0.06075195412802473	0.4960134284515317	0.7600777819047827	0.2399222180952173	0.09717997204637013	0.1625189055410422	0.12783128737737373	0.25609121035631444
0.060698013875755075	0.4960134284515317	0.7597718980095698	0.2402281019904302	0.09706824340970682	0.16236263736263737	0.12763001067176025	0.2557853264611014
0.060696224617747464	0.49643306756189676	0.7597718980095698	0.2402281019904302	0.09714238791262933	0.16248884005219422	0.127835927174269	0.25620496557146666
0.06065814068214629	0.49643306756189676	0.7594878629640149	0.24051213703598506	0.09703879911410057	0.16234390009606148	0.12764916948599123	0.2559209305259116
0.060656594003023256	0.49685270667226183	0.7594878629640149	0.24051213703598506	0.09711286089238845	0.16246998284734135	0.1278550126574851	0.2563405696362768
0.06059598988733172	0.49685270667226183	0.7588542463239311	0.24114575367606894	0.0968824155142787	0.1621473568885237	0.12743896804266755	0.25570695299619284
0.060595955657459066	0.49727234578262697	0.7588542463239311	0.24114575367606894	0.09695630829651448	0.16227319411160562	0.12764466144012573	0.2561265921065581
0.06059581953078827	0.49727234578262697	0.758832397474273	0.24116760252572703	0.09694837601243557	0.16226208407503764	0.12763032768003987	0.2561047432568999
0.06059519743756919	0.49769198489299205	0.758832397474273	0.24116760252572703	0.09702225130890052	0.1623878962141439	0.12783600557606298	0.25652438236726516
0.060586532577643265	0.49769198489299205	0.7587231532259826	0.24127684677401734	0.09698258238613133	0.16233232959211608	0.12776433023869235	0.25641513811897454
0.06058532373404607	0.4981116240033571	0.7587231532259826	0.24127684677401734	0.09705641864268193	0.16245808526654348	0.12796997353522166	0.2568347772293398
0.060546702408161256	0.4981116240033571	0.7583517227817955	0.24164827721820445	0.09692169510900629	0.1622693096377307	0.12772641244760052	0.2564633467851527
0.0605465640819873	0.4985312631137222	0.7583517227817955	0.24164827721820445	0.09699542782495102	0.16239491490670493	0.12793196400161022	0.2568829858955177
0.06047116518625062	0.4985312631137222	0.7577618038410278	0.24223819615897224	0.09678207739307536	0.16209578387228818	0.12754568790407877	0.25629306695475007
0.060468579468653055	0.49937054133445236	0.7577618038410278	0.24223819615897224	0.09692921723548098	0.16234652114597545	0.12795650257920743	0.2571323451754801
0.0604100675570604	0.49937054133445236	0.7570844895016278	0.24291551049837226	0.09668508287292818	0.16200394799537132	0.12751373824151505	0.25645503083608023
0.06040588041974853	0.49979018044481743	0.7570844895016278	0.24291551049837226	0.0967584694126249	0.16212904982303294	0.12771898316946698	0.25687466994644526
0.060313487187570895	0.49979018044481743	0.7562979309139374	0.24370206908606262	0.09647630619684083	0.16173275393807712	0.1272060112995991	0.25608811135875476
0.06031292023870891	0.5002098195551825	0.7562979309139374	0.24370206908606262	0.09654948971326746	0.16185755991581235	0.127411076485281	0.2565077504691198
0.0602979525166501	0.5002098195551825	0.756144988966331	0.24385501103366908	0.0964947785962924	0.16178067318132464	0.12731146998100393	0.2563548085215135
0.060296228801982016	0.5006294586655476	0.756144988966331	0.24385501103366908	0.09656791322648535	0.1619054081563412	0.1275164918861641	0.25677444763187873
0.060201957162031104	0.5006294586655476	0.7551399418820599	0.2448600581179401	0.09620967741935484	0.16140160995738348	0.126863095825458	0.25576940054760744
0.060199918752622004	0.5010490977759127	0.7551399418820599	0.2448600581179401	0.09628255785823724	0.16152597402597402	0.1270678927971251	0.25618903965797246
0.060148355305842144	0.5010490977759127	0.7546592671895824	0.24534073281041754	0.09611205022941319	0.1612859651492638	0.12675613697348107	0.255708364965495
0.06014271269916135	0.5014687368862778	0.7546592671895824	0.24534073281041754	0.09618480360592402	0.16141014385088134	0.12696082153922572	0.2561280040758602
0.060081527259672855	0.5014687368862778	0.7542222901964212	0.24577770980357885	0.09603021536483446	0.16119241923517907	0.1266777836690731	0.25569102708269886
0.06008054752781484	0.5018883759966429	0.7542222901964212	0.24577770980357885	0.09610285255122539	0.1613164283787429	0.12688236546836268	0.2561106661930641
0.060079989664278216	0.5018883759966429	0.7542004413467631	0.2457995586532369	0.09609513096577213	0.16130554993593635	0.12686822065701156	0.25608881734340594
0.06007886809601306	0.502308015107008	0.7542004413467631	0.2457995586532369	0.09616775126536514	0.1614295347269049	0.1270727875089035	0.25650845645377096
0.060057071832299004	0.502308015107008	0.7540038016998405	0.2459961983001595	0.09609826589595376	0.1613316261203585	0.1269454927841437	0.25631181680684856
0.06005406640071928	0.5027276542173731	0.7540038016998405	0.2459961983001595	0.09617082764710605	0.161455525606469	0.12715000785346814	0.2567314559172136
0.06000648583399306	0.5027276542173731	0.7534575804583888	0.24654241954161113	0.0959782086204134	0.1611839892364615	0.12679676827946468	0.2561852346757618
0.060005086472801526	0.5031472933277381	0.7534575804583888	0.24654241954161113	0.09605062885524313	0.16130768195883224	0.12700115823218688	0.25660487378612684
0.05998894765164248	0.5031472933277381	0.7532827896611243	0.24671721033887567	0.09598911216075574	0.16122092241495226	0.12688823108520078	0.2564300829888624
0.05998666879981022	0.5035669324381032	0.7532827896611243	0.24671721033887567	0.09606147934678194	0.16134453781512606	0.12709257413475278	0.2568497220992274
0.059977891976079306	0.5035669324381032	0.753173545412834	0.24682645458716598	0.09602304553092743	0.16129032258064516	0.1270220077065585	0.25674047785093723
0.05997198755850652	0.5039865715484683	0.753173545412834	0.24682645458716598	0.09609537526004161	0.16141388347557287	0.12722631763607029	0.25716011696130225
0.0596219705380377	0.5039865715484683	0.75050798575455	0.24949201424544998	0.09516640253565768	0.1601013130707192	0.12551242705076485	0.2544945573030182
0.05962155635804503	0.5044062106588334	0.75050798575455	0.24949201424544998	0.09523809523809523	0.16022394028259132	0.12571617439435964	0.2549141964133834
0.059610625927010656	0.5044062106588334	0.7503768926566017	0.24962310734339838	0.0951928407381009	0.16015989340439707	0.1256322745303676	0.2547831033154351
0.059607000781373175	0.5048258497691985	0.7503768926566017	0.24962310734339838	0.09526449160595502	0.16028245952967823	0.1258359849356303	0.2552027424258001
0.05960620787351514	0.5048258497691985	0.7503331949572856	0.2496668050427145	0.09524940617577198	0.16026110704056484	0.12580801796259358	0.2551590447264842
0.05960620783109358	0.5052454888795636	0.7503331949572856	0.2496668050427145	0.09532103554746259	0.16038364193419474	0.12601170937805858	0.25557868383684923
0.05956651680284822	0.5052454888795636	0.7500710087613887	0.2499289912386113	0.09523056236652694	0.16025555703447358	0.12584394416409422	0.2553164976409521
0.05956604393729616	0.5056651279899287	0.7500710087613887	0.2499289912386113	0.09530211958241062	0.16037798629134226	0.1260475718949474	0.25573613675131734
0.059559585135844396	0.5056651279899287	0.7500491599117307	0.24995084008826934	0.09529458283906682	0.1603673143465531	0.1260335939778897	0.2557142879016594
0.05955922170065297	0.5060847671002937	0.7500491599117307	0.24995084008826934	0.09536612367547051	0.1604897198749085	0.12623720723615917	0.2561339270120244
0.059397371502932235	0.5060847671002937	0.7483231007887434	0.2516768992112565	0.09477406679764244	0.1596505162827641	0.12513597654813	0.25440786788903713
0.05939351292526293	0.5069240453210239	0.7483231007887434	0.2516768992112565	0.09491631963542076	0.15989410986101918	0.1255424721731209	0.2552471461097672
0.05925334519808121	0.5069240453210239	0.7472088094561822	0.2527911905438179	0.09453748630458601	0.15935624299188708	0.12483461335335966	0.25413285477720615
0.0592493356213376	0.507343684431389	0.7472088094561822	0.2527911905438179	0.09460834181078331	0.1594776414721013	0.12503762245810443	0.2545524938875712
0.05918869206677827	0.507343684431389	0.7466844370643886	0.2533155629356114	0.09443099273607748	0.15922560252864482	0.12470535147919815	0.2540281214957776
0.059187093449628324	0.5077633235417541	0.7466844370643886	0.2533155629356114	0.09450171821305842	0.1593468097715151	0.12490824606395791	0.2544477606061428
0.059118001540924094	0.5077633235417541	0.746160064672595	0.253839935327405	0.09432491425007795	0.15909539149299848	0.124576470930208	0.253923388214349
0.059116804302792585	0.5081829626521192	0.746160064672595	0.253839935327405	0.09439551017226595	0.1592164080988693	0.12477925145190337	0.25434302732471403
0.05908634497038893	0.5081829626521192	0.7458978784766982	0.2541021215233018	0.09430729693949069	0.1590909090909091	0.12461353613100455	0.25408084112881735
0.05907980663177567	0.5086026017624843	0.7458978784766982	0.2541021215233018	0.0943778227690391	0.15921182266009853	0.12481625494483473	0.25450048023918237
0.059024860700276925	0.5086026017624843	0.7455045991828531	0.254495400817147	0.0942457231726283	0.15902381420980122	0.12456788357977013	0.25410720094533734
0.05902263153088294	0.5090222408728493	0.7455045991828531	0.254495400817147	0.09431614959956458	0.15914458147467855	0.12477051491394064	0.25452684005570236
0.058976715474874986	0.5090222408728493	0.745133168738666	0.2548668312613341	0.0941916446653207	0.15896730227376973	0.12453617575149531	0.2541554096115153
0.0589713036209508	0.5098615190935796	0.745133168738666	0.2548668312613341	0.09433229813664597	0.15920854353665728	0.12494126297052831	0.25499468783224555
0.05892611347965975	0.5098615190935796	0.7447835871441368	0.25521641285586316	0.0942152605459057	0.15904182210877676	0.12472084263964024	0.2546451062377164
0.05892564160670153	0.5102811582039446	0.7447835871441368	0.25521641285586316	0.094285492750252	0.15916230366492146	0.12492330308465922	0.25506474534808143
0.05887854873102218	0.5102811582039446	0.7443029124516594	0.2556970875483406	0.09412493227029956	0.1589334727486603	0.12462055995299698	0.25458407065560396
0.05887513264530492	0.5107007973143097	0.7443029124516594	0.2556970875483406	0.09419504643962848	0.15905378030451545	0.1248229166139902	0.255003709765969
0.05884379508369284	0.5107007973143097	0.7440188774061045	0.25598112259389544	0.09410036341142813	0.15891877774875945	0.12464420025681694	0.25471967472041435
0.05884196168696403	0.5111204364246748	0.7440188774061045	0.25598112259389544	0.09417040358744394	0.1590389763008422	0.12484649186437752	0.25513931383077937
0.05883348676977008	0.5111204364246748	0.7439096331578142	0.2560903668421858	0.0941340134477162	0.1589870774050385	0.12477777944379288	0.25503006958248897
0.05883242337236103	0.5115400755350399	0.7439096331578142	0.2560903668421858	0.09420401854714065	0.1591072244338576	0.12498004020064271	0.2554497086928542
0.05873334240600312	0.5115400755350399	0.7431230745701238	0.2568769254298761	0.09394266337854501	0.1587342925971743	0.12448590907454883	0.2546631501051637
0.05873244506450112	0.5119597146454049	0.7431230745701238	0.2568769254298761	0.09401248362487478	0.15885416666666666	0.12468800743932625	0.25508278921552874
0.058707354097686015	0.5119597146454049	0.7427953418252529	0.2572046581747471	0.09390394088669951	0.1586991869918699	0.12448244408914408	0.25475505647065777
0.058704263080951176	0.51237935375577	0.7427953418252529	0.2572046581747471	0.09397367813438005	0.15881893860561916	0.12468446955175931	0.2551746955810228
0.05869769432895997	0.51237935375577	0.7427079464266206	0.25729205357337936	0.09394475648226513	0.158777633289987	0.12462967419856684	0.25508730018239056
0.05869643239595724	0.5127989928661352	0.7427079464266206	0.25729205357337936	0.09401446376365595	0.15889734087510565	0.12483167332299654	0.2555069392927558
0.05862164917714385	0.5127989928661352	0.7417902947409819	0.2582097052590181	0.09371165644171779	0.158464630746288	0.12425711879957065	0.25458928760711697
0.05861934400067962	0.5132186319765002	0.7417902947409819	0.2582097052590181	0.09378115175216624	0.15858402489626555	0.12445893189430249	0.255008926717482
0.058594363459154176	0.5132186319765002	0.741484410845769	0.258515589154231	0.09368058215243202	0.15844021246275425	0.1242677486743244	0.2547030428222692
0.05859417955679976	0.5136382710868653	0.741484410845769	0.258515589154231	0.09375	0.15855949219509036	0.12446949379551354	0.25512268193263443
0.0585809537194481	0.5136382710868653	0.7413970154471368	0.2586029845528633	0.09372128637059725	0.15851842258628504	0.1244148893159752	0.2550352865340022
0.05858040784117193	0.5140579101972303	0.7413970154471368	0.2586029845528633	0.09379067452721844	0.15863765863765864	0.12461660836572175	0.2554549256443672
0.058567068120224774	0.5140579101972303	0.741178526950556	0.258821473049444	0.0937189197460026	0.15853500711789828	0.12448012536888121	0.25523643714778643
0.05856518629629351	0.5144775493075955	0.741178526950556	0.258821473049444	0.09378824969400244	0.1586541572306697	0.12468179334739633	0.25565607625815145
0.058555367810530286	0.5144775493075955	0.7411129804015819	0.25888701959841814	0.09376673040152964	0.1586233665415966	0.12464085541624488	0.2555905297091774
0.05855095341983899	0.5148971884179605	0.7411129804015819	0.25888701959841814	0.09383603548485775	0.15874248010867456	0.12484250156092817	0.2560101688195424
0.058539881032152595	0.5148971884179605	0.7410037361532915	0.2589962638467085	0.09380016818286063	0.15869115364718056	0.12477427081468635	0.255900924571252
0.05853918391803442	0.5153168275283256	0.7410037361532915	0.2589962638467085	0.09386943892371197	0.15881021661817007	0.12497588681954518	0.25632056368161704
0.058517400067273184	0.5153168275283256	0.7408070965063689	0.25919290349363105	0.0938049041326102	0.1587178492955926	0.12485309688813222	0.25612392403469464
0.05851470781102891	0.5157364666386908	0.7408070965063689	0.25919290349363105	0.0938741216009777	0.15883683360258483	0.12505466616636332	0.25654356314505966
0.05847742585919947	0.5157364666386908	0.7404356660621818	0.2595643339378182	0.09375238385841789	0.15866253550219467	0.12482287918602639	0.2561721327008726
0.05847719310414784	0.5161561057490558	0.7404356660621818	0.2595643339378182	0.09382151029748284	0.1587813851416769	0.1250243686654264	0.2565917718112376
0.05847645244831761	0.5161561057490558	0.7404138172125238	0.25958618278747625	0.09381435435893525	0.15877113721440558	0.1250107389472185	0.25656992296157943
0.05847394059049788	0.5165757448594209	0.7404138172125238	0.25958618278747625	0.09388346552776083	0.15888996450467893	0.1252122150113183	0.2569895620719447
0.058427500552877654	0.5165757448594209	0.7399331425200464	0.2600668574799537	0.09372620679153343	0.15866469033962752	0.12491252138186112	0.2565088873794674
0.05842609812145148	0.516995383969786	0.7399331425200464	0.2600668574799537	0.09379520365435859	0.15878334836963526	0.12511389729141065	0.25692852648983244
0.05842250934654677	0.516995383969786	0.7398894448207303	0.2601105551792698	0.09378092410748268	0.15876288659793814	0.1250866679609368	0.2568848287905161
0.05842216311714369	0.5174150230801511	0.7398894448207303	0.2601105551792698	0.0938499010503882	0.15888151536627795	0.1252880263889509	0.25730446790088135
0.05839382027884533	0.5174150230801511	0.7396272586248334	0.2603727413751666	0.09376425855513308	0.15875877164746025	0.12512468410950356	0.25704228170498444
0.05839060224072359	0.5178346621905161	0.7396272586248334	0.2603727413751666	0.0938331685803361	0.15887730140337325	0.12532598391049452	0.25746192081534947
0.05835778755538374	0.5178346621905161	0.7393432235792785	0.26065677642072144	0.09374050440595563	0.1587444523059111	0.12514913695331448	0.2571778857697946
0.05835360019342286	0.5182543013008812	0.7393432235792785	0.26065677642072144	0.0938093429548044	0.1588628762541806	0.1253503741510123	0.25759752488015986
0.058335571207973815	0.5182543013008812	0.7391902816316721	0.2608097183683279	0.09375948982690556	0.15879138540662166	0.1252551892273063	0.25744458293255335
0.058335469072745776	0.5186739404112464	0.7391902816316721	0.2608097183683279	0.09382828512867228	0.15890974543584468	0.12545638853850605	0.25786422204291837
0.058334149047189775	0.5186739404112464	0.739168432782014	0.26083156721798595	0.09382116289661455	0.1588995307578582	0.12544279053880245	0.2578423731932604
0.058327741217743034	0.5190935795216114	0.739168432782014	0.26083156721798595	0.09388994307400379	0.15901786862064532	0.1256439765757424	0.25826201230362544
0.05827554504455215	0.5190935795216114	0.7386440603902205	0.26135593960977954	0.09371922115311766	0.15877294313951995	0.12531782176147505	0.25773763991183185
0.058273923963789616	0.5195132186319765	0.7386440603902205	0.26135593960977954	0.09378787878787878	0.1588910992748508	0.12551890055492848	0.2581572790221971
0.05826234047465332	0.5195132186319765	0.7384474207432978	0.2615525792567021	0.09372397607691725	0.15879938429964083	0.1253967017273828	0.25796063937527425
0.05825795736936712	0.5199328577423415	0.7384474207432978	0.2615525792567021	0.09379258137774413	0.15891746296415057	0.12559773471189672	0.25838027848563927
0.05822594298332129	0.5199328577423415	0.7380759902991108	0.26192400970088925	0.09367203447493763	0.15874439461883408	0.12536706210532672	0.2580088480414524
0.05822118170436278	0.5203524968527067	0.7380759902991108	0.26192400970088925	0.0937405503477472	0.15886234065722887	0.1255680168608015	0.25842848715181743
0.05821001861049865	0.5203524968527067	0.7379885949004785	0.26201140509952153	0.09371221281741234	0.15882164585334616	0.1255137658101006	0.2583410917531852
0.05820856917488306	0.5207721359630717	0.7379885949004785	0.26201140509952153	0.09378069976573718	0.15893954918032788	0.12571469524064546	0.2587607308635502
0.05817535114480121	0.5207721359630717	0.7375516179073172	0.26244838209268284	0.09363917603561457	0.15873624968022512	0.1254435932788219	0.25832375387038886
0.058172123705585915	0.5211917750734368	0.7375516179073172	0.26244838209268284	0.09370755998189226	0.15885400012790177	0.1256444326540974	0.2587433929807541
0.05817024467192988	0.5211917750734368	0.7375297690576591	0.2624702309423409	0.09370049038098831	0.15884384192351964	0.12563088375287504	0.25872154413109594
0.05816066546076968	0.521611414183802	0.7375297690576591	0.2624702309423409	0.09376885938442969	0.15896157043289214	0.1258317100302353	0.2591411832414612
0.05815722471538574	0.521611414183802	0.7374642225086849	0.26253577749131507	0.09374764311034015	0.1589310829817159	0.12579105705350743	0.2590756366924869
0.05815704451324452	0.522031053294167	0.7374642225086849	0.26253577749131507	0.09381598793363499	0.15904877581026658	0.12599186216363714	0.2594952758028519
0.058142192698255685	0.522031053294167	0.7373768271100527	0.26262317288994735	0.09378769601930036	0.1590081165718668	0.12593765569058055	0.2594078804042197
0.058134823868871054	0.5224506924045321	0.7373768271100527	0.26262317288994735	0.0938560120618168	0.15912576687116564	0.12613843561646493	0.2598275195145847
0.058124802267292865	0.5224506924045321	0.7372238851624462	0.2627761148375538	0.09380650994575045	0.15905461513893324	0.1260435835658677	0.2596745775669782
0.05812316700722955	0.5228703315148971	0.7372238851624462	0.2627761148375538	0.09387478339486174	0.15917220235053653	0.12624432624623058	0.2600942166773432
0.05811812988565054	0.5228703315148971	0.7370927920644978	0.2629072079355022	0.09383236689509752	0.1591112246200996	0.12616303829522008	0.2599631235793951
0.058115489944459614	0.5232899706252623	0.7370927920644978	0.2629072079355022	0.09390060240963856	0.15922875566621975	0.12636374780410428	0.2603827626897601
0.05804637960583255	0.5232899706252623	0.7363717800257816	0.26362821997421837	0.09366784346127845	0.1588939857288481	0.12591715640907344	0.2596617506510439
0.05804624360956414	0.5237096097356274	0.7363717800257816	0.26362821997421837	0.09373591707976565	0.15901127604000764	0.12611772454648842	0.26008138976140893
0.057975883981861126	0.5237096097356274	0.7356726168367236	0.2643273831632765	0.09351116439382587	0.15868777417509058	0.12568554388241873	0.2593822265723511
0.05797537166359701	0.5241292488459924	0.7356726168367236	0.2643273831632765	0.09357908144152244	0.15880483153210426	0.1258859753847749	0.2598018656827161
0.05793319432577678	0.5241292488459924	0.7352574886932204	0.26474251130677967	0.0934460571599581	0.15861324528541496	0.12562975855898825	0.25938673753921293
0.057932829597085615	0.5245488879563576	0.7352574886932204	0.26474251130677967	0.09351387745941497	0.15873015873015872	0.12583010565825997	0.25980637664957795
0.05792508600176205	0.5245488879563576	0.73514824444493	0.26485175555507	0.09347891115764284	0.1586797841954935	0.12576271786694557	0.25969713240128756
0.057921157781477495	0.5253881661770877	0.73514824444493	0.26485175555507	0.09361447584866159	0.15891349876245478	0.12616334575996135	0.2605364106220178
0.05789753020781158	0.5253881661770877	0.7349079070986912	0.26509209290130875	0.09353754202465446	0.15880263825469304	0.12601508973680114	0.2602960732757791
0.05789719135509041	0.5258078052874527	0.7349079070986912	0.26509209290130875	0.09360525922605707	0.15891939882047054	0.12621534684069008	0.2607157123861441
0.05785758776819936	0.5258078052874527	0.734492778955188	0.265507221044812	0.09347258485639687	0.15872814796047632	0.1259594656573588	0.2603005842426409
0.05785746202229617	0.5262274443978179	0.734492778955188	0.265507221044812	0.09354020587796509	0.1588447653429603	0.12615963892223156	0.26072022335300593
0.05784500278950213	0.5262274443978179	0.7343616858572396	0.2656383141427604	0.09349835967790039	0.15878442545109211	0.12607888225935365	0.26058913025505737
0.057844303168701955	0.526647083508183	0.7343616858572396	0.2656383141427604	0.09356594348766123	0.15890098759179538	0.12627902306721944	0.2610087693654226
0.05780110965049454	0.526647083508183	0.7340776508116847	0.26592234918831525	0.09347534634291672	0.1587703207033968	0.1261041167778622	0.26072473431986776
0.05780053392199808	0.527066722618548	0.7340776508116847	0.26592234918831525	0.0935428613986743	0.15888678051865907	0.12630419767016918	0.2611443734302328
0.05774927550970558	0.527066722618548	0.7333784876226267	0.2666215123773733	0.09332045471431756	0.15856583764676177	0.12587421735890847	0.26044521024117473
0.057743196820601195	0.5274863617289132	0.7333784876226267	0.2666215123773733	0.09338781575037147	0.15868206779019126	0.1260741641551842	0.26086484935154
0.0576281276406145	0.5274863617289132	0.7321549520417749	0.267845047958225	0.09300088783663805	0.158123152399522	0.12532380551306394	0.2596413137706881
0.05762724797593625	0.5279060008392782	0.7321549520417749	0.267845047958225	0.09306798845897758	0.15823899371069183	0.12552352582733106	0.26006095288105313
0.05761515903714123	0.5279060008392782	0.7321112543424588	0.2678887456575411	0.09305421998668541	0.158219091938121	0.12549677398160788	0.260017255181737
0.05761363543175397	0.5283256399496433	0.7321112543424588	0.2678887456575411	0.09312130177514794	0.15833490536376785	0.1256964778800176	0.26043689429210204
0.05759826310085092	0.5283256399496433	0.7318927658458783	0.2681072341541218	0.09305247597930524	0.1582354050147678	0.12556273606105559	0.2602184057955217
0.05759810478075078	0.5287452790600083	0.7318927658458783	0.2681072341541218	0.09311950336264874	0.1583511373633279	0.12576239264158187	0.2606380449058867
0.057595827146709015	0.5287452790600083	0.731827219296904	0.26817278070309597	0.09309886212501847	0.15832129170069736	0.1257222767288557	0.26057249835691243
0.05759528535228781	0.5291649181703735	0.731827219296904	0.26817278070309597	0.09316586627262652	0.15843698957155422	0.12592191307497652	0.26099213746727745
0.05754617454471412	0.5291649181703735	0.7312591492057943	0.2687408507942057	0.09298724282869995	0.15817862518815856	0.12557449315387104	0.26042406737616774
0.0575437496407483	0.5295845572807386	0.7312591492057943	0.2687408507942057	0.09305412181094234	0.15829413609281906	0.12577402076188574	0.26084370648653277
0.057502264358405365	0.5295845572807386	0.730800323362975	0.26919967663702504	0.09291025546639181	0.15808593260678944	0.1254937905828195	0.2603848806437137
0.057496805815771705	0.5300041963911036	0.730800323362975	0.26919967663702504	0.09297703180212014	0.15820129016095696	0.1256932290549395	0.2608045197540787
0.05741860317700398	0.5300041963911036	0.7299919159256265	0.2700080840743735	0.0927244695690478	0.1578355411147213	0.12520034133439062	0.25999611231673025
0.057408582581783836	0.5304238355014688	0.7299919159256265	0.2700080840743735	0.09279107326383791	0.15795064042486723	0.12539963002447727	0.2604157514270953
0.057339140184949754	0.5304238355014688	0.7293146015862264	0.27068539841377354	0.0925803852633121	0.15764529807932154	0.12498752191315729	0.2597384370876952
0.05733588512466031	0.5308434746118338	0.7293146015862264	0.27068539841377354	0.09264684341584883	0.15776017958471036	0.1251866844229623	0.2601580761980602
0.0573102812836622	0.5308434746118338	0.7290305665406716	0.2709694334593284	0.09255871808004683	0.1576323987538941	0.125014077526754	0.25987404115250534
0.05730875085378182	0.5312631137221989	0.7290305665406716	0.2709694334593284	0.09262510974539069	0.15774718086100553	0.1252131823956744	0.26029368026287036
0.057280089647809874	0.5312631137221989	0.7287902291944329	0.2712097708055671	0.09255062504569048	0.1576391483003362	0.12506720934864404	0.26005334291663185
0.057275650947852134	0.5316827528325639	0.7287902291944329	0.2712097708055671	0.09261695906432749	0.15775384423831165	0.12526626424910597	0.26047298202699687
0.057265622857797106	0.5316827528325639	0.7287028337958006	0.27129716620419936	0.09258988599824612	0.157714570237132	0.1252131954088952	0.2603855866283644
0.05726475598244374	0.5321023919429291	0.7287028337958006	0.27129716620419936	0.09265619291194739	0.15782922579039083	0.1254122267905932	0.26080522573872966
0.05725550359295575	0.5321023919429291	0.7285717406978522	0.27142825930214776	0.09261558688189321	0.15777031230558666	0.1253326282643489	0.2606741326407813
0.057255281601429696	0.5325220310532942	0.7285717406978522	0.27142825930214776	0.09268185801928133	0.15788491446345257	0.1255316286253839	0.26109377175114634
0.05721557561071999	0.5325220310532942	0.7282877056522974	0.2717122943477026	0.0925939438161255	0.15775733465937344	0.12535922866734592	0.2608097367055917
0.057210702510475386	0.5329416701636592	0.7282877056522974	0.2717122943477026	0.09266014883992411	0.15787183790167195	0.1255581717643929	0.26122937581595673
0.05719847507657546	0.5329416701636592	0.7282440079529813	0.2717559920470187	0.09264662970528159	0.15785221552420609	0.1255316548265992	0.2611856781166404
0.057197938411069404	0.5333613092740244	0.7282440079529813	0.2717559920470187	0.09271281639798673	0.15796669152373852	0.12573058200947881	0.26160531722700564
0.05719453195443288	0.5333613092740244	0.7282003102536652	0.27179968974633484	0.09269929253883744	0.1579470610165279	0.12570406120716898	0.2615616195276895
0.057189946601872876	0.5337809483843894	0.7282003102536652	0.27179968974633484	0.0927654609101517	0.15806150978564773	0.12590297248556218	0.26198125863805455
0.05717796418343612	0.5337809483843894	0.7281129148550329	0.2718870851449671	0.09273840769903761	0.15802223740605006	0.12584992679956045	0.2618938632394223
0.057170562497354555	0.5342005874947545	0.7281129148550329	0.2718870851449671	0.09280454909965737	0.1581366459627329	0.12604881469395898	0.26231350234978734
0.0571695615159546	0.5342005874947545	0.7280910660053748	0.2719089339946252	0.09279778393351801	0.15812682442084341	0.1260355518008588	0.2622916535001294
0.057169183395624	0.5346202266051195	0.7280910660053748	0.2719089339946252	0.09286391136380202	0.1582412122717675	0.12623442755689002	0.2627112926104944
0.057167791678134385	0.5346202266051195	0.7280692171557168	0.27193078284428324	0.09285714285714286	0.1582313854561262	0.12622116183100546	0.26268944376083647
0.05716704159288005	0.5350398657154847	0.7280692171557168	0.27193078284428324	0.09292325632242548	0.1583457526080477	0.1264200254539709	0.2631090828712015
0.05708168844628648	0.5350398657154847	0.7272608097183684	0.2727391902816317	0.09267335368512865	0.15798277677962952	0.12592969337942506	0.26230067543385305
0.057079723433255236	0.5354595048258498	0.7272608097183684	0.2727391902816317	0.09273929791409259	0.15809689010035932	0.12612841066315317	0.26272031454421807
0.05707223648543427	0.5354595048258498	0.7270641700714457	0.27293582992855425	0.09267867518884369	0.1580087920252616	0.12600929457897012	0.26252367489729567
0.0570649278871904	0.5358791439362148	0.7270641700714457	0.27293582992855425	0.09274457113806377	0.15812283308568598	0.12620797009842538	0.2629433140076607
0.057053699504586365	0.5358791439362148	0.7269330769734974	0.27306692302650265	0.09270417422867513	0.15806411684614433	0.12612857772080877	0.2628122209097121
0.057052457013983336	0.53629878304658	0.7269330769734974	0.27306692302650265	0.09277003484320558	0.15817810508075994	0.12632722266528648	0.26323186002007737
0.057008133974449454	0.53629878304658	0.7264305534313618	0.2735694465686382	0.09261540691354446	0.15795328142380421	0.12602310044782622	0.2627293364779417
0.057005484442241905	0.536718422156945	0.7264305534313618	0.2735694465686382	0.09268115942028986	0.15806710745844404	0.12622165200224034	0.26314897558830674
0.05692398999910194	0.536718422156945	0.7257313902423037	0.27426860975769624	0.09246674378253325	0.15775516497070613	0.12579919729933567	0.2624498123992487
0.056922103918654064	0.5371380612673101	0.7257313902423037	0.27426860975769624	0.0925323501771127	0.15786877158362111	0.12599762274280024	0.26286945150961394
0.056891811036869154	0.5371380612673101	0.7253599597981166	0.2746400402018834	0.09241877256317689	0.15770344360253805	0.12577350351801447	0.26249802106542663
0.05688777316821125	0.5379773394880403	0.7253599597981166	0.2746400402018834	0.09254981230147272	0.15793039728980598	0.12617020503269938	0.2633372992861569
0.0568872023836005	0.5379773394880403	0.7253162620988005	0.2746837379011995	0.09253645156633464	0.15791094413992732	0.12614384035195148	0.2632936015868408
0.05688430676261982	0.5388166177087704	0.7253162620988005	0.2746837379011995	0.09266743648960739	0.15813781636800295	0.1265404943839335	0.26413287980757083
0.056854825913636775	0.5388166177087704	0.7250103782035876	0.2749896217964124	0.09257390050468638	0.1580015997046699	0.1263559390145002	0.26382699591235803
0.056853473795321	0.5392362568191356	0.7250103782035876	0.2749896217964124	0.09263931944344315	0.15811492555678602	0.1265542025914756	0.2642466350227233
0.05684007436941959	0.5392362568191356	0.7248792851056391	0.2751207148943608	0.09259926497081501	0.15805658056580565	0.12647513895772441	0.2641155419247747
0.05683828555656404	0.5396558959295006	0.7248792851056391	0.2751207148943608	0.09266464908488255	0.158169854252506	0.12667337247784669	0.26453518103513973
0.056784976887541805	0.5396558959295006	0.7243549127138456	0.2756450872861544	0.09250467558624659	0.1579367516119128	0.1263573503340838	0.26401080864334614
0.05677921157080534	0.5400755350398657	0.7243549127138456	0.2756450872861544	0.09256994893188521	0.15804985877440747	0.12655548842369402	0.2644304477537114
0.05677589327290713	0.5400755350398657	0.7242893661648715	0.27571063383512856	0.09254997842657846	0.15802075019952114	0.1265160106778444	0.2643649012047371
0.05677300633440014	0.5404951741502309	0.7242893661648715	0.27571063383512856	0.0926152297404185	0.15813382443216698	0.12671412974440868	0.26478454031510235
0.05676993709287215	0.5404951741502309	0.7242019707662392	0.27579802923376084	0.09258859895047085	0.1580950042960599	0.12666149064439666	0.2646971449164699
0.05676873203853052	0.5409148132605959	0.7242019707662392	0.27579802923376084	0.09265382403680276	0.15820803927585148	0.1268595870798604	0.2651167840268349
0.05675214635860909	0.5409148132605959	0.7239834822696585	0.27601651773034147	0.09258727194368625	0.1581110088929776	0.12672801507083734	0.26489829553025435
0.056749780850062194	0.541334452370961	0.7239834822696585	0.27601651773034147	0.09265244559362207	0.15822396663804733	0.12692606719227492	0.2653179346406196
0.05672612695623582	0.541334452370961	0.7236775983744456	0.27632240162555444	0.09255937432733014	0.15808823529411764	0.12674196428022702	0.26501205074540657
0.05672543783801304	0.541754091481326	0.7236775983744456	0.27632240162555444	0.09262447983928827	0.15820109061944734	0.12693995773949887	0.2654316898557716
0.056679488536953725	0.541754091481326	0.7231095282833359	0.27689047171666414	0.09245201947865941	0.15794947085092065	0.1265984170309817	0.2648636197646619
0.056677051730809704	0.5421737305916912	0.7231095282833359	0.27689047171666414	0.09251700680272108	0.15806214827501835	0.12679630884151386	0.2652832588750269
0.056669493118723574	0.5421737305916912	0.7230439817343617	0.2769560182656383	0.0924971363115693	0.1580331478197052	0.1267569277785121	0.26521771232605285
0.05666687773686552	0.5425933697020562	0.7230439817343617	0.2769560182656383	0.09256210179683586	0.15814579256360078	0.12695480076267945	0.26563735143641787
0.05666206392126061	0.5425933697020562	0.7230221328847036	0.2769778671152964	0.09255547602004295	0.15813612181251147	0.12694167191003142	0.2656155025867597
0.05665784011979577	0.5434326479227864	0.7230221328847036	0.2769778671152964	0.09268537074148296	0.15836135738306328	0.12733738654764423	0.2664547808074902
0.056631800461405535	0.5434326479227864	0.7227817955384649	0.2772182044615351	0.0926124579846957	0.15825491873396064	0.12719294828339933	0.26621444346125145
0.056631757969719344	0.5438522870331515	0.7227817955384649	0.2772182044615351	0.09267734553775744	0.15836744669151342	0.1273907541402361	0.26663408257161647
0.05658182759583785	0.5438522870331515	0.7223666673949616	0.27763333260503836	0.09255159608655288	0.1581838154522153	0.12714145195001234	0.26621895442811305
0.05657346205426302	0.5442719261435166	0.7223666673949616	0.27763333260503836	0.09261639531562411	0.1582962104106914	0.12733918192002355	0.2666385935384783
0.05652350841477949	0.5442719261435166	0.7218641438528262	0.27813585614717384	0.09246453268696087	0.15807434491163924	0.1270377355695439	0.26613606999634287
0.056521819438743966	0.5451112043642468	0.7218641438528262	0.27813585614717384	0.09259391260959442	0.15829880575188887	0.12743300782838932	0.2669753482170729
0.05650320255800343	0.5451112043642468	0.7217548996045358	0.2782451003954642	0.09256092347156905	0.15825059389657062	0.1273675015718001	0.2668661039687825
0.056502875912917916	0.5455308434746118	0.7217548996045358	0.2782451003954642	0.09262557890986818	0.1583627725666951	0.12756510799848525	0.26728574307914754
0.05647867769913679	0.5455308434746118	0.7213834691603487	0.27861653083965127	0.09251352120694563	0.15819896562214786	0.1273424893407246	0.26691431263496046
0.05647607254299853	0.5459504825849769	0.7213834691603487	0.27861653083965127	0.0925780972034441	0.15831102458018984	0.12754002760266506	0.2673339517453255
0.05647560208236907	0.5459504825849769	0.7213397714610326	0.27866022853896744	0.09256492351476343	0.15829176298819808	0.12751384662897988	0.2672902540460096
0.05647538732971246	0.546370121695342	0.7213397714610326	0.27866022853896744	0.09262948207171315	0.15840379585132916	0.12771136987994347	0.2677098931563746
0.056465124246632796	0.546370121695342	0.7212523760624003	0.27874762393759966	0.0926031294452347	0.1583652618135377	0.1276590042297051	0.2676224977577424
0.056464324101544866	0.5467897608057071	0.7212523760624003	0.27874762393759966	0.09266766232842615	0.1584772561420579	0.12785650541619406	0.2680421368681074
0.056458186272655475	0.5467897608057071	0.7212086783630842	0.27879132163691583	0.09265448339614592	0.1584579837042442	0.1278303207458731	0.2679984391687913
0.056455610414437196	0.5472093999160722	0.7212086783630842	0.27879132163691583	0.09271899886234357	0.15856995196692406	0.12802780694439966	0.26841807827915654
0.05632936085150219	0.5472093999160722	0.7197229565863357	0.2802770434136643	0.09227285592980469	0.1579170451105056	0.12713934932644347	0.26693235650240776
0.05632837598849089	0.5480486781368024	0.7197229565863357	0.2802770434136643	0.0924013018253856	0.15814009808076526	0.12753382082847442	0.26777163472313803
0.05628453902102443	0.5480486781368024	0.7189582468483035	0.28104175315169655	0.09217305384995413	0.15780570323827936	0.12707783297962272	0.2670069249851057
0.05628353256192622	0.5484683172471674	0.7189582468483035	0.28104175315169655	0.09223712067748766	0.157916993898387	0.12727493521893857	0.2674265640954707
0.0562603051451624	0.5484683172471674	0.7186742118027486	0.2813257881972514	0.09215257702883733	0.15779307014366775	0.1271057898382376	0.2671425290499161
0.056255732408559	0.5488879563575325	0.7186742118027486	0.2813257881972514	0.0922165820642978	0.15790426751976822	0.1273028392452761	0.2675621681602811
0.05619699474043862	0.5488879563575325	0.7179313509143743	0.2820686490856256	0.09199606133070755	0.15758086862237214	0.12686102107812444	0.26681930727190695
0.05619650346510962	0.5493075954678976	0.7179313509143743	0.2820686490856256	0.09205991982558548	0.15769184435610167	0.12705794537903276	0.26723894638227197
0.05616718263463402	0.5493075954678976	0.7176910135681356	0.28230898643186436	0.09198875614898103	0.15758743152952506	0.1269151761643763	0.26699860903603323
0.05615714686159123	0.5497272345782627	0.7176910135681356	0.28230898643186436	0.0920525613098166	0.1576983267124112	0.1271120549198482	0.26741824814639825
0.05610527947189924	0.5497272345782627	0.7172321877253163	0.2827678122746837	0.09191692394049958	0.15749924857228734	0.12683970722952134	0.26695942230357894
0.05610369658666312	0.5501468736886278	0.7172321877253163	0.2827678122746837	0.09198063565565144	0.15761000240442413	0.12703650628014201	0.2673790614139442
0.056096681428103014	0.5501468736886278	0.7171884900260002	0.28281150997399984	0.0919677306208348	0.1575910566173819	0.12701058095160928	0.26733536371462785
0.05609466499305301	0.5505665127989928	0.7171884900260002	0.28281150997399984	0.0920314253647587	0.15770178496303863	0.1272073654740376	0.26775500282499287
0.05597516018396977	0.5505665127989928	0.7160741986934388	0.2839258013065612	0.09170336199063396	0.1572198921509886	0.12654723041793478	0.2666407114924316
0.05596658274188898	0.550986151909358	0.7160741986934388	0.2839258013065612	0.09176684372379089	0.15733029776526272	0.12674383356779276	0.26706035060279687
0.05594262747046025	0.550986151909358	0.715790163647884	0.28420983635211605	0.09168354165211927	0.15720785440613028	0.12657586771877086	0.2667763155572418
0.05593936270031654	0.5514057910197231	0.715790163647884	0.28420983635211605	0.09174696271470464	0.15731816821310984	0.12677241921012322	0.26719595466760704
0.055934703449570376	0.5514057910197231	0.7156809193995937	0.2843190806004064	0.09171494381238221	0.15727109515260324	0.1267078375340542	0.26708671041931664
0.055934574078630846	0.5518254301300881	0.7156809193995937	0.2843190806004064	0.09177833612506979	0.15738136556759022	0.126904364515795	0.26750634952968166
0.05584857742863156	0.5518254301300881	0.714850663112587	0.2851493368874129	0.09153557009606014	0.15702429995820646	0.12641409423801045	0.26667609324267527
0.05584631097421688	0.5522450692404532	0.714850663112587	0.2851493368874129	0.09159880281199972	0.15713432835820895	0.12661048558991295	0.2670957323530403
0.05582795420867975	0.5522450692404532	0.7146758723153226	0.2853241276846774	0.09154782608695652	0.1570593149540518	0.12650739633523483	0.26692094155577584
0.05582778498614465	0.5526647083508183	0.7146758723153226	0.2853241276846774	0.0916110183639399	0.15716928217674087	0.1267037532921683	0.26734058066614086
0.05578424050754343	0.5526647083508183	0.7144355349690839	0.28556446503091615	0.09154097449085981	0.15706618962432917	0.1265620549853509	0.2671002433199021
0.05578264067175615	0.5530843474611834	0.7144355349690839	0.28556446503091615	0.09160411453989435	0.15717607775326456	0.1267583675573967	0.26751988243026714
0.055767171074457854	0.5530843474611834	0.7141733487731872	0.2858266512268129	0.09152777777777778	0.15706369540606566	0.1266038612383004	0.26725769623437046
0.05576689487300207	0.5535039865715484	0.7141733487731872	0.2858266512268129	0.0915908617457121	0.15717349857006674	0.12680012617614964	0.2676773353447355
0.055738989968410514	0.5535039865715484	0.713801918329	0.286198081671	0.09148286863642668	0.15701446342479614	0.12658138835494484	0.2673059049005484
0.05573800957410674	0.5539236256819136	0.713801918329	0.286198081671	0.09154587696788959	0.15712415188668016	0.12677758910749776	0.26772554401091364
0.05571325896030941	0.5539236256819136	0.7134960344337871	0.28650396556621294	0.0914570775306589	0.15699333967649856	0.12659758367737525	0.2674196601157006
0.05570555107379622	0.5543432647922787	0.7134960344337871	0.28650396556621294	0.09152002216987667	0.15710293155735267	0.12679373039816869	0.26783929922606564
0.0557020750646505	0.5543432647922787	0.7134304878848129	0.2865695121151871	0.0915010043637875	0.15707491082045183	0.12675516874684342	0.2677737526770916
0.055701789995835	0.5547629039026437	0.7134304878848129	0.2865695121151871	0.09156392852195595	0.15718447179121336	0.12695129804744681	0.2681933917874566
0.0556816530369266	0.5547629039026437	0.7131901505385742	0.28680984946142585	0.0914942210533601	0.15708174904942965	0.126809931892971	0.26795305444121786
0.05568106745475574	0.5551825430130088	0.7131901505385742	0.28680984946142585	0.09155709342560554	0.15719123150953485	0.12700601727493177	0.2683726935515831
0.05566973923706658	0.5551825430130088	0.7130809062902839	0.2869190937097162	0.09152542372881356	0.15714455398503385	0.12694177610774376	0.2682634493032927
0.055665077803143274	0.5556021821233739	0.7130809062902839	0.2869190937097162	0.09158826784726065	0.15725399370508938	0.12713783750111296	0.26868308841365773
0.05566419053851463	0.5556021821233739	0.7130590574406257	0.28694094255937425	0.09158193262779277	0.15724465558194775	0.12712498841320766	0.26866123956399957
0.055663632373003175	0.556021821233739	0.7130590574406257	0.28694094255937425	0.09164476414441831	0.1573540763612612	0.12732103906645473	0.2690808786743646
0.05565362269884674	0.556021821233739	0.7128624177937032	0.2871375822062968	0.09158775143429874	0.1572700296735905	0.12720540432654545	0.2688842390274422
0.05565305093571532	0.556441460344104	0.7128624177937032	0.2871375822062968	0.09165053912081836	0.15737938401281823	0.12740141782228134	0.2693038781378072
0.05559846861302092	0.556441460344104	0.7123161965522515	0.28768380344774847	0.09149244462844132	0.157146243185589	0.127080474726423	0.26875765689635545
0.05559549855119874	0.5568610994544692	0.7123161965522515	0.28768380344774847	0.09155512625914171	0.15725543639272382	0.12727639847553135	0.2691772960067207
0.05555691254893178	0.5568610994544692	0.7120321615066967	0.2879678384933033	0.0914730819604329	0.1571343990526939	0.127109666481052	0.26889326096116584
0.05555674842398093	0.5572807385648343	0.7120321615066967	0.2879678384933033	0.09153570443893025	0.15724350245692972	0.12730554017400453	0.26931290007153086
0.05553354470286607	0.5572807385648343	0.7118355218597741	0.28816447814022594	0.09147895570710202	0.15715976331360948	0.1271901612469185	0.26911626042460846
0.05552985452501807	0.5577003776751993	0.7118355218597741	0.28816447814022594	0.09154153464664555	0.15726880066268267	0.12738599809097023	0.2695358995349735
0.05552155915180821	0.5577003776751993	0.7116825799121675	0.2883174200878324	0.0914974182444062	0.15720369056068134	0.12729628144932684	0.26938295758736697
0.05551973547371534	0.5581200167855644	0.7116825799121675	0.2883174200878324	0.09155996144843728	0.15731267372405228	0.12749208804460013	0.269802596697732
0.05545148817253881	0.5581200167855644	0.7110052655727677	0.2889947344272324	0.09136497904788074	0.15702479338842976	0.12709514700393273	0.2691252823583321
0.05544775234814398	0.5585396558959295	0.7110052655727677	0.2889947344272324	0.09142739387278473	0.1571335812525825	0.12729084520859782	0.26954492146869713
0.055407753264006404	0.5585396558959295	0.7106556839782385	0.28934431602176147	0.09132702072183341	0.15698531579878516	0.12708622381364615	0.269195339874168
0.05540773992394107	0.5589592950062946	0.7106556839782385	0.28934431602176147	0.0913893653516295	0.15709399693360065	0.12728186276674844	0.26961497898453324
0.055383082121927774	0.5589592950062946	0.7103279512333676	0.28967204876663244	0.09129540781357094	0.15695516408413362	0.1270901685721667	0.26928724623966227
0.055382521416269925	0.5593789341166596	0.7103279512333676	0.28967204876663244	0.09135768624494552	0.157063744550489	0.127285751675287	0.2697068853500273
0.055377245100403316	0.5593789341166596	0.7102624046843934	0.2897375953156066	0.09133890639989037	0.1570359898686458	0.1272474248124554	0.269641338801053
0.05537721547480001	0.5597985732270248	0.7102624046843934	0.2897375953156066	0.09140116478245974	0.15714453999293204	0.12744299095143066	0.27006097791141803
0.05536706621529519	0.5597985732270248	0.7101313115864449	0.289868688413555	0.09136360523251832	0.15708902496467264	0.12736633950324044	0.2699298848134697
0.05536199472148932	0.5602182123373899	0.7101313115864449	0.289868688413555	0.09142583207779756	0.15719752722990873	0.12756187900862087	0.27034952392383493
0.05536025069234032	0.5602182123373899	0.710109462736787	0.28989053726321307	0.09141957132096144	0.15718827269516072	0.12754910334766176	0.270327675074177
0.0553529372905525	0.5606378514477549	0.710109462736787	0.28989053726321307	0.09148178581210627	0.1572967563430859	0.12774463237286848	0.270747314184542
0.05529351941979982	0.5606378514477549	0.7096724857436256	0.2903275142563744	0.09135667396061269	0.15711177750338096	0.12748922297896165	0.2703103371913804
0.05529172667637508	0.56105749055812	0.7096724857436256	0.2903275142563744	0.09141880341880342	0.15722013170272814	0.12768468037238537	0.27072997630174567
0.0552886861855642	0.56105749055812	0.7096506368939675	0.2903493631060325	0.0914125529878299	0.15721088835322478	0.1276719150935722	0.2707081274520875
0.055287121289684014	0.5614771296684851	0.7096506368939675	0.2903493631060325	0.09147467013058043	0.15731922398589065	0.12786736204763308	0.2711277665624525
0.05526196452049975	0.5614771296684851	0.7093010552994385	0.2906989447005615	0.09137471829543127	0.15717138494067895	0.1276631749189018	0.2707781849679236
0.05526076847408611	0.5618967687788502	0.7093010552994385	0.2906989447005615	0.09143676591095329	0.15727961472954718	0.12785856333426007	0.27119782407828863
0.055235744186520865	0.5618967687788502	0.7089733225545676	0.2910266774454325	0.09134320212838529	0.15714118061260415	0.12766727540902023	0.27087009133341766
0.05522970926677201	0.5623164078892152	0.7089733225545676	0.2910266774454325	0.09140518417462483	0.15724931056738836	0.12786260864647556	0.2712897304437827
0.05522453974827745	0.5623164078892152	0.7088422294566191	0.2911577705433809	0.09136778944497477	0.15719397032083993	0.12778612449283877	0.27115863734583434
0.05522381717358291	0.5627360469995804	0.7088422294566191	0.2911577705433809	0.09142974023317652	0.15730205278592374	0.12798143139440937	0.2715782764561996
0.05517220028522748	0.5627360469995804	0.7084707990124319	0.291529200987568	0.09132388994824299	0.15714536825452627	0.12776482754108384	0.2712068460120123
0.05517173583739652	0.5631556861099455	0.7084707990124319	0.291529200987568	0.09138576779026217	0.1572533395828451	0.12796007312118984	0.2716264851223773
0.05513033804990202	0.5631556861099455	0.7080119731696126	0.2919880268303874	0.09125526995784033	0.15706009713851016	0.12769275344666592	0.2711676592795582
0.055129142742745905	0.5635753252203105	0.7080119731696126	0.2919880268303874	0.09131705990344734	0.15716793446459917	0.12788792520848866	0.27158729838992324
0.055070518752838804	0.5635753252203105	0.7073346588302125	0.29266534116978743	0.0911249830370471	0.1568833596168448	0.12749384928358967	0.2709099840505229
0.05506910297628755	0.5639949643306756	0.7073346588302125	0.29266534116978743	0.09118664766944841	0.15699100572363042	0.1276889159423171	0.27132962316088816
0.05506837685766747	0.5639949643306756	0.7072909611308964	0.29270903886910354	0.09117427582931958	0.15697266993693063	0.12766351138360252	0.27128592546157204
0.05506790234799671	0.5644146034410407	0.7072909611308964	0.29270903886910354	0.0912359245692579	0.15708029197080292	0.1278585646485817	0.27170556457193706
0.05506763763308994	0.5644146034410407	0.7072691122812385	0.2927308877187616	0.09122973614596758	0.15707111993460235	0.12784586039868517	0.2716837157222791
0.05506716392463364	0.5648342425514058	0.7072691122812385	0.2927308877187616	0.09129137276180141	0.1571787236527121	0.12804090342704422	0.27210335483264414
0.055048305577615475	0.5648342425514058	0.7069632283860254	0.2930367716139745	0.0912047702940778	0.1570503471209381	0.127863082444267	0.2717974709374311
0.05504802546638227	0.5652538816617709	0.7069632283860254	0.2930367716139745	0.09126634595839826	0.15715785789289463	0.12805807436543373	0.27221711004779636
0.055021812799213844	0.5652538816617709	0.7067010421901287	0.2932989578098713	0.09119220093426308	0.15704791885274572	0.12790574123751214	0.2719549238518997
0.055020781442221466	0.565673520772136	0.7067010421901287	0.2932989578098713	0.09125372326022205	0.15715534829495773	0.12810068844841982	0.2723745629622647
0.05501676631787242	0.565673520772136	0.7066354956411545	0.2933645043588455	0.09123519458544839	0.1571278703811633	0.12806261341479086	0.2723090164132904
0.055016253470287234	0.5660931598825011	0.7066354956411545	0.2933645043588455	0.09129669734704927	0.1572352701206364	0.12825754417794236	0.27272865552365566
0.05497406892440517	0.5660931598825011	0.7060892743997029	0.29391072560029713	0.09114249037227215	0.15700651769087523	0.12794044808719499	0.2721824342822039
0.05497244894909022	0.5665127989928661	0.7060892743997029	0.29391072560029713	0.09120389136603162	0.1571137620017457	0.1281352937001092	0.2726020733925689
0.05495673749978088	0.5665127989928661	0.7059581813017545	0.2940418186982455	0.09116693679092383	0.1570589261823047	0.12805924462681934	0.2724709802946206
0.054955958550612145	0.5669324381032312	0.7059581813017545	0.2940418186982455	0.09122830711054089	0.15716612377850162	0.12825406453088936	0.2728906194049858
0.05489000506286268	0.5669324381032312	0.7052808669623545	0.2947191330376456	0.0910377358490566	0.15688323753120828	0.12786149474650535	0.2722133050655857
0.05488643004077168	0.5673520772135963	0.7052808669623545	0.2947191330376456	0.0910989825483458	0.15699024616813748	0.12805621137827608	0.27263294417595074
0.05487692150209824	0.5673520772135963	0.705127925014748	0.29487207498525203	0.09105603448275862	0.15692646973478033	0.12796764828623372	0.27248000222834423
0.05487551251754406	0.5677717163239614	0.705127925014748	0.29487207498525203	0.09111724695265674	0.157033426183844	0.12816233628244375	0.2728996413387095
0.05485218600373856	0.5677717163239614	0.7048657388188512	0.2951342611811488	0.09104367135455219	0.1569241475295755	0.1280105651274467	0.27263745514281257
0.05485205639466608	0.5681913554343265	0.7048657388188512	0.2951342611811488	0.09110483111290539	0.15703102348506814	0.12820520909174335	0.2730570942531778
0.054844695768249074	0.5681913554343265	0.704778343420219	0.29522165657978106	0.09108031750302704	0.15699460838309467	0.12815463115039438	0.2729696988545456
0.05484435393277199	0.5686109945446916	0.704778343420219	0.29522165657978106	0.0911414542274837	0.15710144927536232	0.12834925583170056	0.2733893379649106
0.05475779599600842	0.5686109945446916	0.7039699359828705	0.2960300640171295	0.09091519055287171	0.15676519928269797	0.12788188196719188	0.27258093052756216
0.05475631085576078	0.5690306336550567	0.7039699359828705	0.2960300640171295	0.09097618248909761	0.15687181860249885	0.12807638600059637	0.2730005696379272
0.05475465853089848	0.5690306336550567	0.7039480871332124	0.29605191286678756	0.09097007916275325	0.1568627450980392	0.12806376585496912	0.27297872078826924
0.054754032019895205	0.5694502727654217	0.7039480871332124	0.29605191286678756	0.09103105923391695	0.15696934644303065	0.12825825992860654	0.27339835989863426
0.05473694719885475	0.5694502727654217	0.7037077497869737	0.2962922502130263	0.09096393618447512	0.15686954511299925	0.12811945540790906	0.2731580225523955
0.05473550532514789	0.5698699118757868	0.7037077497869737	0.2962922502130263	0.09102486761847309	0.15697607213038955	0.12831390893958308	0.27357766166276054
0.05470850466933606	0.5698699118757868	0.7033800170421027	0.29661998295789727	0.09093344047140753	0.15684009932436335	0.1281247340087481	0.2732499289178896
0.05469857329487012	0.570709190096517	0.7033800170421027	0.29661998295789727	0.09105516871987145	0.15705294762977076	0.12851352890404003	0.2740892071386196
0.05460700120036779	0.570709190096517	0.702462365356464	0.297537634643536	0.09079983976498865	0.15667300270721732	0.12798449975871737	0.273171555452981
0.054605012631684435	0.5711288292068821	0.702462365356464	0.297537634643536	0.09086053808665465	0.1567791729063472	0.1281787594175176	0.273591194563346
0.054564070402040775	0.5711288292068821	0.7020909349122768	0.29790906508772313	0.09075753534275807	0.1566258127625295	0.12796495954741147	0.27321976411915894
0.054562249542373986	0.5715484683172471	0.7020909349122768	0.29790906508772313	0.09081816363272655	0.15673187571921748	0.12815916104636416	0.27363940322952396
0.05455374679745192	0.5715484683172471	0.7020253883633027	0.2979746116366973	0.0908	0.15670482655467985	0.1281214454054337	0.2735738566805499
0.05455290357871323	0.5719681074276123	0.7020253883633027	0.2979746116366973	0.09086060929271382	0.1568108605614358	0.1283156310691834	0.2739934957909149
0.05448449015387682	0.5719681074276123	0.7010640389783478	0.2989359610216522	0.09059488202060485	0.1564149644250631	0.127763119119602	0.27303214640595996
0.054484462299021374	0.5723877465379773	0.7010640389783478	0.2989359610216522	0.0906553236740662	0.1565207412932469	0.12795716589365264	0.273451785516325
0.054416755848557034	0.5723877465379773	0.7004304223382639	0.2995695776617361	0.09048092868988392	0.15626074006186275	0.1275937218095371	0.2728181688762412
0.05441542041757835	0.5728073856483424	0.7004304223382639	0.2995695776617361	0.09054125762801804	0.1563663440059568	0.12778767531191984	0.27323780798660646
0.054402539374187486	0.5728073856483424	0.7002556315409993	0.29974436845900065	0.09049323786793954	0.1562947271998626	0.12768750215245098	0.2730630171893418
0.054400899044883384	0.5732270247587075	0.7002556315409993	0.29974436845900065	0.09055352999668545	0.1564002747881841	0.1278814251584366	0.2734826562997068
0.05434029162009454	0.5732270247587075	0.6993816775546767	0.30061832244532327	0.09031404958677686	0.15604295179346583	0.12738115826378593	0.2726087023133843
0.05433974175524778	0.5736466638690726	0.6993816775546767	0.30061832244532327	0.09037419013618934	0.15614826660574563	0.1275749561057658	0.2730283414237493
0.05432441597335024	0.5736466638690726	0.6991194913587799	0.30088050864122	0.09030254987448805	0.1560413218423606	0.12742507305429912	0.27276615522785264
0.05431437925619515	0.5740663029794377	0.6991194913587799	0.30088050864122	0.09036263954026026	0.15614655861203058	0.12761882886650017	0.27318579433821766
0.054298704679171306	0.5740663029794377	0.6989883982608316	0.3010116017391684	0.09032684054143282	0.1560931081697855	0.12754390977614188	0.2730547012402693
0.05429535419518561	0.5749055812001679	0.6989883982608316	0.3010116017391684	0.09044695319205123	0.15630347974900172	0.1279313661908296	0.2738939794609996
0.054251104167933	0.5749055812001679	0.698464025869038	0.301535974130962	0.09030386922417771	0.1560897801070981	0.1276318157083868	0.27336960706920577
0.05424901524760859	0.5753252203105329	0.698464025869038	0.301535974130962	0.09036382810440284	0.1561948162916548	0.1278254635626678	0.2737892461795708
0.05418566246462917	0.5753252203105329	0.6978522580786122	0.3021477419213878	0.09019736842105264	0.15594608428595802	0.1274764443763936	0.2731774783891452
0.054179775938975015	0.575744859420898	0.6978522580786122	0.3021477419213878	0.09025721991974212	0.15605095541401273	0.1276700038504576	0.2735971174995102
0.05414041680313755	0.575744859420898	0.6973278856868186	0.3026721143131814	0.09011494252873563	0.1558382553384825	0.12737123409662496	0.2730727451077166
0.05413962569435824	0.5761644985312631	0.6973278856868186	0.3026721143131814	0.09017470116905293	0.15594298370151627	0.1275647172209948	0.27349238421808164
0.05406644018828722	0.5761644985312631	0.6966287224977605	0.3033712775022395	0.08998558133438196	0.15566010997109006	0.12716692139394126	0.2727932210290236
0.05406474466967213	0.5765841376416282	0.6966287224977605	0.3033712775022395	0.09004521921488957	0.15576465253372634	0.1273603053826476	0.2732128601393886
0.05406251183053312	0.5765841376416282	0.6966068736481024	0.3033931263518976	0.09003931847968545	0.15575582383948308	0.12734788342978126	0.27319101128973067
0.054061917038126996	0.5770037767519933	0.6966068736481024	0.3033931263518976	0.0900989450232619	0.15586034912718205	0.127541258032361	0.2736106504000957
0.05403680858154924	0.5770037767519933	0.6963665363018636	0.3036334636981363	0.09003404924044002	0.1557632398753894	0.1274046329522874	0.27337031305385695
0.05403462313877961	0.5774234158623583	0.6963665363018636	0.3036334636981363	0.09009362928042952	0.1558676937018577	0.12759796936315065	0.273789952164222
0.053998729381262434	0.5774234158623583	0.6960606524066508	0.30393934759334923	0.0900111205599529	0.15574419920769667	0.12742417006533077	0.2734840682690092
0.053997081902550474	0.5778430549727235	0.6960606524066508	0.30393934759334923	0.0900706436420722	0.1558485654462113	0.12761745974948654	0.2739037073793744
0.05394732685682541	0.5778430549727235	0.6955581288645153	0.3044418711354847	0.08993534060479394	0.15564598168870802	0.12733217548725037	0.27340118383723877
0.053945292199087974	0.5782626940830885	0.6955581288645153	0.3044418711354847	0.08999477533960293	0.15575021192427238	0.1275253928111518	0.2738208229476038
0.05392996800855779	0.5782626940830885	0.6953614892175928	0.3046385107824073	0.08994190979701064	0.15567103479439676	0.12741383847865972	0.27362418330068117
0.05392905492758197	0.5786823331934536	0.6953614892175928	0.3046385107824073	0.09000130531262238	0.15577520474442247	0.12760702365167936	0.2740438224110464
0.053862368494048456	0.5786823331934536	0.6945967794795604	0.3054032205204396	0.08979618415055024	0.15546786922209696	0.1271736576209453	0.2732791126730141
0.053861484712402374	0.5791019723038188	0.6945967794795604	0.3054032205204396	0.08985544992837609	0.15557183924243279	0.12736673677447974	0.2736987517833791
0.05384805321609313	0.5791019723038188	0.6944001398326378	0.3055998601673622	0.08980282423374764	0.15549295774647887	0.12725541685668995	0.2735021121364567
0.053844502276904106	0.5795216114141838	0.6944001398326378	0.3055998601673622	0.0898620510150963	0.15559686778209678	0.12744846410846525	0.2739217512468217
0.05384262103171055	0.5795216114141838	0.6943564421333217	0.3056435578666783	0.08985035783994795	0.15557933870331775	0.12742372858829992	0.2738780535475054
0.053842412545885475	0.5799412505245489	0.6943564421333217	0.3056435578666783	0.08990956996942294	0.15568322631519657	0.1276167637965468	0.27429769265787063
0.05383380288733902	0.5799412505245489	0.6943127444340056	0.30568725556599446	0.089897872894035	0.15566569047082676	0.12759202548994114	0.2742539949585545
0.05383116587068559	0.580360889634914	0.6943127444340056	0.30568725556599446	0.08995707037856121	0.1557695556681872	0.12778504866230006	0.27467363406891954
0.05382705338804661	0.580360889634914	0.6942690467346895	0.3057309532653106	0.08994536940686784	0.15575201306379863	0.1277603075738849	0.2746299363696034
0.05382252118655991	0.5807805287452791	0.6942690467346895	0.3057309532653106	0.09000455225336541	0.15585585585585585	0.12795331871799287	0.27504957547996867
0.05379125506596361	0.5807805287452791	0.69381022089187	0.30618977910812994	0.08988180283153656	0.15567178448906135	0.1276936513850148	0.27459074963714913
0.05378939515328338	0.5812001678556441	0.69381022089187	0.30618977910812994	0.0899409052535879	0.15577550331796197	0.12788659692617177	0.27501038874751416
0.053780330185208745	0.5812001678556441	0.6936791277939216	0.30632087220607834	0.0899058747160013	0.1557229592984034	0.1278124474445736	0.2748792956495656
0.05377671483833827	0.5816198069660092	0.6936791277939216	0.30632087220607834	0.08996494872127743	0.15582663443701164	0.12800536975793014	0.27529893475993084
0.05376090218364374	0.5816198069660092	0.6935043369966571	0.30649566300334286	0.08991825613079019	0.15575658818902063	0.1279065213849876	0.2751241439626664
0.053757129629989825	0.5820394460763744	0.6935043369966571	0.30649566300334286	0.0899772948426857	0.15586020901224856	0.12809941488525062	0.2755437830730316
0.05374629899939337	0.5820394460763744	0.6933295461993926	0.3066704538006074	0.08993062309537704	0.15579018308435358	0.128000589843431	0.27536899227576694
0.05374521123154036	0.5824590851867394	0.6933295461993926	0.3066704538006074	0.0899896265560166	0.15589374964901442	0.12819345457779216	0.27578863138613197
0.053719940896148045	0.5824590851867394	0.6931110577028119	0.30688894229718805	0.08993132046131916	0.15580625245552002	0.12806995957742484	0.2755701428895514
0.05371491671705558	0.5828787242971045	0.6931110577028119	0.30688894229718805	0.08999028182701652	0.15590975418116512	0.12826278999771834	0.2759897819999164
0.05368275921485486	0.5828787242971045	0.6927833249579409	0.307216675042059	0.08990291262135923	0.15577861268434923	0.12807763936680705	0.27566204925504545
0.05368220515450606	0.5832983634074695	0.6927833249579409	0.307216675042059	0.08996181476927059	0.1558820231019401	0.12827042158780877	0.27608168836541047
0.05367364147696214	0.5832983634074695	0.6926303830103345	0.3073696169896655	0.08992107646526071	0.1558208620593016	0.12818405330623375	0.27592874641780396
0.05367294064390745	0.5837180025178347	0.6926303830103345	0.3073696169896655	0.0899799469564655	0.15592422374173298	0.12837680972928128	0.2763483855281692
0.05359013256177936	0.5837180025178347	0.6918438244226441	0.30815617557735586	0.08977089383672153	0.15561024723123393	0.12793307980310095	0.2755618269404789
0.053585127069955905	0.5841376416281997	0.6918438244226441	0.30815617557735586	0.08982963345379452	0.15571340679008894	0.128125730004451	0.27598146605084395
0.05341453534555592	0.5841376416281997	0.690117765299657	0.30988223470034304	0.08937399678972713	0.15502839959906448	0.1271549758856697	0.27425540692785666
0.05341319863596061	0.5845572807385648	0.690117765299657	0.30988223470034304	0.08943246019517206	0.15513113202294115	0.1273474026414631	0.2746750460382219
0.053380671155899485	0.5845572807385648	0.6895059975092311	0.31049400249076886	0.08927198154319406	0.1548896425195975	0.12700430926219636	0.27406327824779586
0.0533737384261472	0.58497691984893	0.6895059975092311	0.31049400249076886	0.0893303428388337	0.15499221703357793	0.1271966535685631	0.2744829173581611
0.05336806008210556	0.58497691984893	0.6893967532609409	0.3106032467390592	0.08930172966047406	0.1549491468904574	0.12713543063577876	0.2743736731098707
0.05336540440933763	0.585396558959295	0.6893967532609409	0.3106032467390592	0.08936006661969124	0.15505168389463153	0.12732775523049739	0.27479331222023573
0.05335033533566592	0.585396558959295	0.6892001136140182	0.31079988638598177	0.08930857874519846	0.15497417097150476	0.12721757322260407	0.2745966725733133
0.05334982887284171	0.5858161980696601	0.6892001136140182	0.31079988638598177	0.08936687792074771	0.1550766496334148	0.1274098672840862	0.27501631168367835
0.053309148738951796	0.5858161980696601	0.6886975900718827	0.3113024099281173	0.08923548964459217	0.15487879292172851	0.12712848359520595	0.2745137881415429
0.05330877438935815	0.5862358371800251	0.6886975900718827	0.3113024099281173	0.08929370405880473	0.1549811404481917	0.12732070934895592	0.27493342725190795
0.053238939137172786	0.5862358371800251	0.6878891826345344	0.3121108173654657	0.08908302512434639	0.15466371436479381	0.1268687146855671	0.2741250198145595
0.053238862223388646	0.5866554762903903	0.6878891826345344	0.3121108173654657	0.08914110820633807	0.15476585851876454	0.1270608348239516	0.2745446589249245
0.053227300128567266	0.5866554762903903	0.687779938386244	0.31222006161375604	0.08911269760326364	0.15472303690996625	0.1269998132332764	0.27443541467663435
0.0532261463353512	0.5870751154007553	0.687779938386244	0.31222006161375604	0.08917075658104405	0.15482514386896856	0.12719191392403442	0.27485505378699937
0.053216492999257736	0.5870751154007553	0.6876488452882956	0.31235115471170444	0.08913666772857598	0.1547737581590884	0.1271186945800995	0.2747239606890508
0.05321458705619272	0.5874947545111204	0.6876488452882956	0.31235115471170444	0.0891946992864424	0.1548758227778085	0.1273107731705821	0.27514359979941605
0.0531807516296351	0.5874947545111204	0.6873429613930826	0.31265703860691735	0.08911521323997454	0.15475598297684187	0.1271399865383876	0.27483771590420303
0.05318066283789982	0.5879143936214856	0.6873429613930826	0.31265703860691735	0.0891731907580676	0.15485796396595555	0.12733202170098645	0.2752573550145683
0.05315760940011599	0.5879143936214856	0.6871026240468439	0.3128973759531561	0.08911080015265234	0.1547638773819387	0.12719789695827072	0.27501701766832953
0.05315627221110105	0.5883340327318506	0.6871026240468439	0.3128973759531561	0.08916873370221967	0.15486579034574174	0.12738989679242793	0.27543665677869456
0.05311202462375786	0.5883340327318506	0.6866656470536826	0.3133343529463174	0.08905545321730293	0.15469491338408917	0.12714619209881045	0.2749996797855332
0.053111899290562516	0.5887536718422157	0.6866656470536826	0.3133343529463174	0.08911331300813008	0.15479671208694212	0.1273381327918939	0.27541931889589844
0.05309788062345905	0.5887536718422157	0.6865782516550504	0.3134217483449496	0.08909067818135637	0.1547625613589984	0.12728941396431928	0.2753319234972662
0.05309709556435741	0.5891733109525807	0.6865782516550504	0.3134217483449496	0.08914851736618198	0.15486432825943083	0.1274813380702914	0.27575156260763123
0.053065190404183026	0.5891733109525807	0.6863379143088116	0.31366208569118836	0.08908629441624366	0.15477043487846553	0.12734738831943876	0.2755112252613925
0.05306475002198848	0.5895929500629459	0.6863379143088116	0.31366208569118836	0.0891440898420151	0.1548721340388007	0.12753927733712722	0.2759308643717575
0.0530550730157105	0.5895929500629459	0.6863160654591536	0.3136839345408464	0.08913843420885674	0.15486359878754477	0.1275271015251497	0.27590901552209957
0.0530542625167735	0.5900125891733109	0.6863160654591536	0.3136839345408464	0.08919621899384635	0.1549652816047614	0.12771898193316475	0.2763286546324646
0.053018126892156035	0.5900125891733109	0.6859664838646246	0.31403351613537545	0.0891057734964193	0.15482876335205373	0.12752421913380615	0.27597907303793545
0.053014518181593064	0.590432228283676	0.6859664838646246	0.31403351613537545	0.08916349809885932	0.1549303529152673	0.12771605136982805	0.2763987121483007
0.05295699106721453	0.590432228283676	0.6852454718259084	0.3147545281740916	0.08897742363877822	0.15464937348867883	0.1273148144169241	0.2756777001095845
0.05295457592896993	0.5908518673940412	0.6852454718259084	0.3147545281740916	0.08903503224990515	0.15475078309611476	0.12750655403537203	0.2760973392199495
0.052845924804253076	0.5908518673940412	0.6840000873953986	0.31599991260460136	0.08871526683888854	0.15426755779555165	0.12681508798987617	0.2748519547894399
0.052842711107640515	0.5912715065044062	0.6840000873953986	0.31599991260460136	0.0887726814516129	0.15436866611887154	0.12700667315314312	0.27527159389980493
0.05283673058801761	0.5912715065044062	0.6839563896960825	0.3160436103039175	0.08876149678719919	0.15435175549104452	0.12698244554808255	0.2752278962004886
0.05283480328056255	0.5916911456147713	0.6839563896960825	0.3160436103039175	0.08881889763779527	0.15445284258954978	0.1271740196716444	0.27564753531085384
0.05281609687186184	0.5916911456147713	0.683781598898818	0.31621840110118205	0.08877416105269785	0.1543851965400197	0.1270771152464484	0.27547274451358916
0.052815290416508	0.5921107847251363	0.683781598898818	0.31621840110118205	0.0888315285822211	0.15448623200306563	0.1272686628046248	0.2758923836239542
0.052757321844402925	0.5921107847251363	0.6829513426118115	0.3170486573881885	0.08861952016078382	0.15416552854411364	0.12680885114868634	0.2750621273369478
0.05275725392344118	0.5925304238355015	0.6829513426118115	0.3170486573881885	0.08867675689254538	0.15426636075603628	0.1270002948844383	0.2754817664473128
0.052648201461040545	0.5925304238355015	0.6817278070309598	0.3182721929690402	0.08836598034920834	0.15379588280143774	0.12632427818923858	0.2742582308664612
0.05264767899149983	0.5929500629458666	0.6817278070309598	0.3182721929690402	0.08842302878598247	0.15389642215324292	0.12651557290458038	0.2746778699768264
0.052601073332704834	0.5929500629458666	0.6812471323384823	0.3187528676615176	0.08830146231721035	0.15371226543377753	0.12625050370415902	0.27419719528434894
0.05259555879466477	0.5933697020562316	0.6812471323384823	0.3187528676615176	0.08835843279385115	0.153812683563581	0.12644173679335302	0.27461683439471396
0.0525844406501024	0.5933697020562316	0.681137888090192	0.31886211190980795	0.08833083458270864	0.1537708661845468	0.1263815253446819	0.27450759014642356
0.052579085234873126	0.5937893411665968	0.681137888090192	0.31886211190980795	0.08838778187269661	0.15387124836885602	0.1265727400430032	0.2749272292567888
0.05253937131496785	0.5937893411665968	0.6805479691494243	0.3194520308505757	0.08823896233474682	0.15364569194853142	0.1262478122556678	0.27433731031602093
0.0525386027103347	0.5942089802769618	0.6805479691494243	0.3194520308505757	0.08829581592567189	0.15374592833876222	0.12643895304565925	0.27475694942638595
0.052514546061743994	0.5942089802769618	0.6802202364045533	0.3197797635954467	0.08821330675305258	0.15362082994304313	0.1262586051940839	0.274429216681515
0.05251413027080662	0.5946286193873269	0.6802202364045533	0.3197797635954467	0.08827010527627235	0.15372098068995443	0.12644970255708157	0.27484885579188023
0.05249759397738738	0.5946286193873269	0.6800017479079726	0.31999825209202737	0.0882151528357094	0.15363764501789007	0.12632952682150397	0.27463036729529966
0.05249653449130598	0.5950482584976919	0.6800017479079726	0.31999825209202737	0.08827191235059761	0.15373773513308397	0.12652059341437294	0.2750500064056647
0.05244035820950616	0.5950482584976919	0.6793899801175468	0.3206100198824532	0.08811831966194382	0.15350473612990528	0.12618437627657336	0.27443823861523864
0.05243780896284874	0.5954678976080571	0.6793899801175468	0.3206100198824532	0.08817498291182502	0.15360467633686944	0.12637536718838793	0.2748578777256039
0.052288035541896954	0.5954678976080571	0.6777513163931919	0.3222486836068081	0.08776595744680851	0.1529836666486982	0.12547708820646902	0.2732192140012488
0.05227913430200846	0.5958875367184222	0.6777513163931919	0.3222486836068081	0.0878223761518956	0.15308322552824494	0.1256678876200072	0.27363885311161407
0.05227691165406603	0.5958875367184222	0.6777076186938757	0.32229238130612425	0.08781151443942861	0.15306672415651612	0.1256439779073233	0.27359515541229795
0.052276678336751314	0.5963071758287872	0.6777076186938757	0.32229238130612425	0.087867919861489	0.15316626246294798	0.12583476683623207	0.274014794522663
0.052236011034928594	0.5963071758287872	0.6772924905503726	0.32270750944962745	0.08776480760916558	0.15300958328846775	0.1256077049814848	0.2735996663791598
0.05223469934460945	0.5967268149391524	0.6772924905503726	0.32270750944962745	0.0878211462450593	0.15310901749663527	0.12579844168915771	0.2740193054895248
0.05218468645119234	0.5967268149391524	0.6765277808123402	0.3234722191876598	0.08763172490293955	0.15282106394411607	0.1253806846104779	0.2732545957514927
0.05217316593209965	0.5971464540495174	0.6765277808123402	0.3234722191876598	0.08768794675868868	0.15292031594218472	0.1255713302455614	0.2736742348618577
0.05215395691848251	0.5971464540495174	0.6763748388647337	0.32362516113526624	0.0876501385894672	0.1528628209259856	0.125487854873527	0.2735212929142512
0.05214663865482885	0.5975660931598825	0.6763748388647337	0.32362516113526624	0.08770633160877063	0.15296202803587733	0.125678477964403	0.2739409320246162
0.05210245676244729	0.5975660931598825	0.6758723153225983	0.3241276846774017	0.08758226213174242	0.15277330758502305	0.12540436363093135	0.2734384084824808
0.0521023085262454	0.5979857322702475	0.6758723153225983	0.3241276846774017	0.08763837638376384	0.15287239178243844	0.1255949254020659	0.2738580475928458
0.05207424358088166	0.5979857322702475	0.6755882802770434	0.32441171972295657	0.08756836477600934	0.15276586620926244	0.12544010713846787	0.27357401254729097
0.05207351152303597	0.5984053713806127	0.6755882802770434	0.32441171972295657	0.087624431608701	0.1528648764538779	0.12563063199217664	0.2739936516576562
0.0520292265043063	0.5984053713806127	0.675107605584566	0.32489239441543405	0.08750613647520863	0.1526848332351839	0.1253688205673661	0.27351297696517873
0.05202806009949983	0.5988250104909778	0.675107605584566	0.32489239441543405	0.08756212799901822	0.15278372591006423	0.12555928692697477	0.27393261607554376
0.052003823118225205	0.5988250104909778	0.674779872839695	0.325220127160305	0.0874816086316822	0.15266113934207007	0.12538091692428618	0.2736048833306728
0.052002855865918386	0.5992446496013428	0.674779872839695	0.325220127160305	0.08753754674186232	0.1527599486521181	0.1255713418139206	0.2740245224410378
0.05196010297969974	0.5992446496013428	0.6746050820424305	0.32539491795756953	0.08749463880889652	0.15269461077844312	0.12547624947365035	0.27384973164377335
0.05195823141946628	0.599664288711708	0.6746050820424305	0.32539491795756953	0.08755054527631417	0.15279337075648222	0.12566664976879507	0.2742693707541384
0.05194034526285209	0.599664288711708	0.6743210469968757	0.3256789530031244	0.08748086929905112	0.15268725291163585	0.12551217880495866	0.27398533570858374
0.05193838537095457	0.600083927822073	0.6743210469968757	0.3256789530031244	0.08753672869735553	0.1527859394198408	0.1257025425997874	0.27440497481894877
0.05193370537730302	0.600083927822073	0.6742336515982433	0.32576634840175667	0.08751529987760098	0.15275329808257224	0.12565502472098553	0.2743175794203163
0.05193240377878503	0.6005035669324381	0.6742336515982433	0.32576634840175667	0.08757114007710666	0.15285195471053195	0.1258453735682786	0.27473721853068156
0.051923275359081124	0.6005035669324381	0.6741462561996111	0.3258537438003889	0.08754970939125115	0.1528193079880393	0.1257978561182778	0.27464982313204933
0.05192126130421457	0.6009232060428031	0.6741462561996111	0.3258537438003889	0.08760553040499204	0.1529179347535907	0.1259881900334458	0.27506946224241435
0.051877722123449106	0.6009232060428031	0.6736874303567917	0.32631256964320826	0.08749312641290402	0.15274666666666667	0.12573883683690248	0.2746106363995948
0.05187488704513101	0.6013428451531683	0.6736874303567917	0.32631256964320826	0.08754887585532747	0.15284518159031518	0.12592911541756246	0.27503027550995984
0.051848532388891866	0.6013428451531683	0.6735126395595272	0.32648736044047283	0.08750610649731314	0.15277999893384508	0.12583417684176762	0.2748554847126954
0.0518458399473152	0.6017624842635334	0.6735126395595272	0.32648736044047283	0.08756182450998351	0.15287846481876333	0.12602443108167188	0.27527512382306063
0.05181214505050416	0.6017624842635334	0.6730975114160239	0.3269024885839761	0.08746035618443523	0.15272378720911656	0.1257990660610933	0.2748599956795572
0.05180753177480174	0.6021821233738984	0.6730975114160239	0.3269024885839761	0.08751600902604136	0.15282215122470713	0.12598927000398796	0.27527963478992223
0.05176613228009778	0.6021821233738984	0.6725949878738884	0.32740501212611156	0.08739342265529841	0.1526352177843961	0.1257167042809365	0.2747771112477868
0.05176507078256017	0.6026017624842636	0.6725949878738884	0.32740501212611156	0.0874489982339687	0.15273346096575197	0.12590684870200722	0.27519675035815183
0.05172116906293023	0.6026017624842636	0.6720050689331207	0.3279949310668793	0.08730544747081712	0.15251447081939357	0.125587232931514	0.2746068314173842
0.05171987862190488	0.6030214015946286	0.6720050689331207	0.3279949310668793	0.0873609337953675	0.1526125743415463	0.12577730872787843	0.2750264705277492
0.05171774215796112	0.6030214015946286	0.6719832200834626	0.3280167799165374	0.08735562310030395	0.15260447087559073	0.12576547737457086	0.27500462167809125
0.051717395486670925	0.6034410407049937	0.6719832200834626	0.3280167799165374	0.08741109962920188	0.1527025592014442	0.12595554554102897	0.2754242607884563
0.0517166601714348	0.6034410407049937	0.6719613712338046	0.32803862876619544	0.08740578653051301	0.15269445181842314	0.12594371246406366	0.27540241193879833
0.05171532066362896	0.6038606798153587	0.6719613712338046	0.32803862876619544	0.08746125326688142	0.15279252495221915	0.1261337730042912	0.27582205104916335
0.05170338241823693	0.6038606798153587	0.6718084292861981	0.3281915707138019	0.08742405832320778	0.15273576394417024	0.12605094231480332	0.27566910910155684
0.051703023794614146	0.6042803189257239	0.6718084292861981	0.3281915707138019	0.08747949699289229	0.1528337932498408	0.12624098122797056	0.27608874821192186
0.05168758421333223	0.6042803189257239	0.6715680919399594	0.32843190806004063	0.08742107819329771	0.15274463007159905	0.1261108538457611	0.2758484108656831
0.05168676237579073	0.604699958036089	0.6715680919399594	0.32843190806004063	0.08747647665877496	0.15284259652100127	0.12630086185244893	0.27626804997604837
0.05164491801873444	0.604699958036089	0.6711748126461141	0.32882518735388583	0.08738099569462131	0.1526968316202183	0.1260880442571517	0.2758747706822031
0.051638197460701314	0.605119597146454	0.6711748126461141	0.32882518735388583	0.08743633276740238	0.15279470198675496	0.12627800518179716	0.27629440979256814
0.051634827230820045	0.605119597146454	0.6711529637964562	0.3288470362035439	0.08743103134663191	0.15278660733206187	0.126266185477833	0.2762725609429102
0.051632647915955676	0.6055392362568192	0.6711529637964562	0.3288470362035439	0.08748635867588214	0.15288446257350213	0.12645613883440668	0.27669220005327544
0.051597306289348645	0.6055392362568192	0.670803382201927	0.3291966177980729	0.08740157480314961	0.15275498862012385	0.1262670696527567	0.2763426184587461
0.05159408855226139	0.6059588753671842	0.670803382201927	0.3291966177980729	0.08745684695051784	0.15285275748915	0.12645698073814735	0.2767622575691111
0.05156189602119404	0.6059588753671842	0.6704756494570561	0.32952435054294393	0.08737746581144863	0.15273150351684384	0.12627983567374523	0.27643452482424014
0.0515617070735882	0.6063785144775493	0.6704756494570561	0.32952435054294393	0.08743268590790827	0.15282919090428346	0.1264697069245669	0.2768541639346054
0.05153040100476878	0.6063785144775493	0.670126067862527	0.32987393213747296	0.08734812307320317	0.1526999894325267	0.1262808664078494	0.27650458234007624
0.05152830985479309	0.6067981535879144	0.670126067862527	0.32987393213747296	0.08740328820116054	0.15279759074338248	0.12647069564581756	0.2769242214504415
0.051506299328317205	0.6067981535879144	0.6697983351176561	0.3302016648823439	0.08732411377498642	0.15267659170098194	0.12629376453741975	0.2765964887055705
0.051505562769270846	0.6072177926982795	0.6697983351176561	0.3302016648823439	0.0873792270531401	0.15277411180911155	0.1264835541845194	0.27701612781593554
0.05145794940658104	0.6072177926982795	0.6692521138762044	0.3307478861237956	0.08724751281278263	0.15257275411218896	0.12618891486068626	0.276469906574484
0.05145433576978581	0.6076374318086446	0.6692521138762044	0.3307478861237956	0.08730254431448209	0.15267014602772946	0.12637864222629286	0.276889545684849
0.05140465719745498	0.6076374318086446	0.6686621949354367	0.33133780506456334	0.08716065731655932	0.15245314803116444	0.12606079426721548	0.2762996267440814
0.05139840798179086	0.6080570709190096	0.6686621949354367	0.33133780506456334	0.08721560130010834	0.1525504026951624	0.12625045511043842	0.2767192658544464
0.05138035952787847	0.6080570709190096	0.6683344621905657	0.3316655378094343	0.08713692946058091	0.15243004418262152	0.12607402849343513	0.2763915331095754
0.05137989550704761	0.6084767100293748	0.6683344621905657	0.3316655378094343	0.08719182200841852	0.15252721821911325	0.12626365024985195	0.27681117221994045
0.05136425864869052	0.6084767100293748	0.6681378225436431	0.33186217745635693	0.08714466013582547	0.15245505204500054	0.1261578387770202	0.2766145325730178
0.05136143744417184	0.6088963491397398	0.6681378225436431	0.33186217745635693	0.08719951923076923	0.1525521736844872	0.12634743509287838	0.27703417168338285
0.051318176749401444	0.6088963491397398	0.6675697524525334	0.33243024754746664	0.08706348253930157	0.1523439550632579	0.12604197142562043	0.27646610159227314
0.05131044985753619	0.6093159882501049	0.6675697524525334	0.33243024754746664	0.0871182576348473	0.15244094488188975	0.12623150413066297	0.2768857407026384
0.051302316171080366	0.6093159882501049	0.6674386593545849	0.33256134064541504	0.08708690697534936	0.15239294710327456	0.1261610564279326	0.2767546476046898
0.05130139285958224	0.60973562736047	0.6674386593545849	0.33256134064541504	0.08714165767062493	0.152489898724878	0.12635057058998816	0.27717428671505484
0.05128945785714295	0.60973562736047	0.6672857174069785	0.3327142825930215	0.08710508962292428	0.1524339068401175	0.12626839306748028	0.27702134476744855
0.051279534952374244	0.6105749055812002	0.6672857174069785	0.3327142825930215	0.08721452976083438	0.1526277142557432	0.12664737481015698	0.2778606229881788
0.0512743654147749	0.6105749055812002	0.6671764731586882	0.3328235268413118	0.08718839884947267	0.15258769859996854	0.12658867210448704	0.2777513787398884
0.05127338144275826	0.6109945446915652	0.6671764731586882	0.3328235268413118	0.08724309425370004	0.15268456375838926	0.12677814419361433	0.27817101785025344
0.05126635284620202	0.6109945446915652	0.6671327754593721	0.33286722454062795	0.08723264034509616	0.1526685540526371	0.12675466281994113	0.27812732015093733
0.05126493870525852	0.6114141838019304	0.6671327754593721	0.33286722454062795	0.08728732326863169	0.1527653997378768	0.12694412537874447	0.27854695926130235
0.05122238354307238	0.6114141838019304	0.666433612270314	0.33356638772968605	0.08712030614685481	0.15250955147328205	0.12656867614727144	0.2778477960722443
0.05122151899587981	0.6118338229122954	0.666433612270314	0.33356638772968605	0.08717488789237668	0.1526062382248273	0.12675806243243073	0.2782674351826093
0.05115897651467643	0.6118338229122954	0.6656470536826236	0.3343529463173764	0.08698764990155719	0.1523192645215211	0.1263363287228544	0.27748087659491905
0.05115631350319167	0.6122534620226605	0.6656470536826236	0.3343529463173764	0.08704211907886887	0.15241577435361714	0.1265256303730843	0.27790051570528407
0.05110717132686795	0.6122534620226605	0.6648386462452751	0.33516135375472483	0.08685040776236681	0.1521217808362006	0.12609289727680134	0.2770921082679356
0.05110608191879584	0.6126731011330256	0.6648386462452751	0.33516135375472483	0.0869047619047619	0.1522181097847052	0.12628211267295278	0.27751174737830064
0.05109415903173197	0.6126731011330256	0.6647512508466429	0.33524874915335706	0.08688407522018567	0.15218637619221348	0.12623537014243089	0.2774243519796684
0.05109224415946357	0.6130927402433907	0.6647512508466429	0.33524874915335706	0.08693841118714668	0.15228267667292059	0.12642457182580452	0.27784399109003344
0.05107953856047379	0.6130927402433907	0.6645764600493784	0.3354235399506216	0.08689704395408315	0.15221921233590333	0.1263310974207338	0.277669200292769
0.05107898813944436	0.6135123793537558	0.6645764600493784	0.3354235399506216	0.08695135006542168	0.15231546595822265	0.12652027667285196	0.2780888394031342
0.05106320213541841	0.6135123793537558	0.6644235181017719	0.3355764818982281	0.08691516556685096	0.15225994584461572	0.12643850205787643	0.2779358974555277
0.051059378931713965	0.6139320184641208	0.6644235181017719	0.3355764818982281	0.0869694447746998	0.15235615725071597	0.1266276610977597	0.27835553656589274
0.051021139838905945	0.6139320184641208	0.6639865411086106	0.3360134588913894	0.08686616791354947	0.15219765929778933	0.12639413378504816	0.27791855957273137
0.05101485990558868	0.614351657574486	0.6639865411086106	0.3360134588913894	0.08692038235468741	0.15229376885467596	0.12658324439881946	0.2783381986830964
0.050971431961569114	0.614351657574486	0.663418471017501	0.33658152898249905	0.08678641294682554	0.1520880947434033	0.12627995150539187	0.2777701285919869
0.05096934904486624	0.614771296684851	0.663418471017501	0.33658152898249905	0.08684054534676941	0.15218407520905833	0.12646900092083016	0.27818976770235193
0.05094734737368231	0.614771296684851	0.6631344359719461	0.3368655640280539	0.08677367766392229	0.15208138689920067	0.1263174739033715	0.2779057326567971
0.050945240164740606	0.6151909357952161	0.6631344359719461	0.3368655640280539	0.08682776593224355	0.15217729797062335	0.12650649039107179	0.2783253717671621
0.05091663996563076	0.6151909357952161	0.6628285520767332	0.33717144792326686	0.08675582909220025	0.15206680151444427	0.12634338699928685	0.2780194878719493
0.050915204322161296	0.6156105749055812	0.6628285520767332	0.33717144792326686	0.08680987040653293	0.15216263873042216	0.12653236850097044	0.27843912698231454
0.050914064069869036	0.6156105749055812	0.6627630055277589	0.33723699447224104	0.08679446219382321	0.15213896810993	0.12649742611222842	0.27837358043334026
0.05091285909725851	0.6160302140159463	0.6627630055277589	0.33723699447224104	0.08684848843400579	0.1522347817069377	0.12668639630333955	0.2787932195437053
0.050889572630509326	0.6160302140159463	0.6624571216325461	0.33754287836745395	0.0867766152391086	0.1521243523316062	0.1265233707056793	0.27848733564849226
0.05088695774676525	0.6164498531263114	0.6624571216325461	0.33754287836745395	0.08683059463293534	0.15222009222320088	0.12671230604427022	0.2789069747588575
0.05086064399466448	0.6164498531263114	0.6619982957897267	0.3380017042102733	0.08672294704528012	0.15205465272746094	0.1264679351715549	0.2784481489160382
0.05086005957678532	0.6168694922366764	0.6619982957897267	0.3380017042102733	0.08677685950413223	0.15215028722248097	0.12665682083871432	0.2788677880264032
0.050770465231860296	0.6168694922366764	0.6608403067578492	0.3391596932421508	0.08650620843876891	0.15173410404624277	0.12604109073477515	0.27770979899452564
0.05076937009837897	0.6172891313470416	0.6608403067578492	0.3391596932421508	0.08655996233964929	0.15182948856892192	0.12622985925480038	0.2781294381048909
0.05072100123215503	0.6172891313470416	0.6602722366667395	0.3397277633332605	0.08642773207990599	0.1516260372107406	0.12592833567976708	0.2775613680137812
0.05072099720779783	0.6177087704574066	0.6602722366667395	0.3397277633332605	0.08648140532283649	0.15172129457843744	0.12611704472893692	0.2779810071241462
0.05071760204292236	0.6177087704574066	0.6602066901177652	0.3397933098822347	0.08646616541353383	0.15169784098521152	0.12608227202595768	0.2779154605751719
0.050717320265227996	0.6181284095677717	0.6602066901177652	0.3397933098822347	0.08651982378854625	0.15179307502061007	0.12627097002010756	0.27833509968553694
0.05071346558984924	0.6181284095677717	0.660119294719133	0.33988070528086695	0.08649950085148864	0.15176179682670513	0.12622460599592678	0.2782477042869047
0.050713120232903565	0.6185480486781368	0.660119294719133	0.33988070528086695	0.08655314151497358	0.15185700303920052	0.1264132908509679	0.27866734339726973
0.0506736921633057	0.6185480486781368	0.6595512246280233	0.34044877537197665	0.08642120075046904	0.15165389166109366	0.1261120918696187	0.27809927330616
0.05067254594031018	0.6189676877885019	0.6595512246280233	0.34044877537197665	0.08647476109515155	0.15174897119341563	0.12630071767929085	0.27851891241652504
0.050670169372729425	0.6189676877885019	0.6595293757783653	0.3404706242216347	0.08646969164028609	0.15174116557790238	0.12628913867754174	0.2784970635668671
0.05066898563399322	0.619387326898867	0.6595293757783653	0.3404706242216347	0.08652324286300486	0.1518362308404485	0.1264777576729962	0.27891670267723234
0.05065561989793449	0.619387326898867	0.6592453407328105	0.34075465926718956	0.08645735707591377	0.15173477255204318	0.12632725514181825	0.2786326676316775
0.05065281027564745	0.619806966009232	0.6592453407328105	0.34075465926718956	0.08651086510865108	0.15182976973684212	0.12651584238581667	0.2790523067420425
0.050622521220499116	0.619806966009232	0.6588739102886233	0.3411260897113767	0.08642480983031012	0.15169722179427925	0.1263191403468934	0.2786808762978552
0.050622360007977235	0.6202266051195972	0.6588739102886233	0.3411260897113767	0.08647826341349248	0.15179213310054432	0.12650768764852843	0.27910051540822045
0.050550304202416345	0.6202266051195972	0.6579562586029846	0.34204374139701543	0.08626626977178545	0.15146546423447427	0.1260223293797302	0.2781828637225816
0.0505489190672618	0.6206462442299623	0.6579562586029846	0.34204374139701543	0.08631959845920392	0.1515601783060921	0.12621078545624087	0.27860250283294685
0.0505144196908606	0.6206462442299623	0.6575411304594814	0.3424588695405187	0.08622398414271557	0.15141277641277642	0.12599150483624702	0.27818737468944366
0.050512284629164954	0.6210658833403273	0.6575411304594814	0.3424588695405187	0.08627725311880612	0.15150739622255208	0.1261799173409013	0.2786070137998087
0.05049014412291627	0.6210658833403273	0.6573007931132426	0.3426992068867574	0.08622196329740751	0.1514221403724166	0.1260530351692714	0.27836667645356994
0.0504901354777565	0.6214855224506924	0.6573007931132426	0.3426992068867574	0.08627519515320983	0.15151670162156633	0.1262414205730249	0.2787863155639352
0.05043889324646154	0.6214855224506924	0.6568638161200813	0.34313618387991873	0.0861747934365181	0.15136184782053247	0.1260108578711503	0.2783493385707736
0.05043681846869689	0.6219051615610575	0.6568638161200813	0.34313618387991873	0.08622796299528714	0.15145631067961166	0.12619919794607137	0.2787689776811386
0.05035127487532196	0.6219051615610575	0.6557932224868361	0.3442067775131639	0.08598282664191227	0.1510780365971762	0.12563515895225455	0.2776983840478935
0.05035125269276308	0.6223248006714226	0.6557932224868361	0.3442067775131639	0.0860358531066891	0.15117227319062182	0.12582339538463705	0.27811802315825873
0.0503415228508853	0.6223248006714226	0.6556839782385457	0.34431602176145426	0.08601090360747013	0.15113375796178344	0.12576590500370716	0.27800877890996833
0.0503414437293295	0.6227444397817876	0.6556839782385457	0.34431602176145426	0.0860639099924607	0.1512279629063487	0.12595412681126555	0.27842841802033336
0.050324734075584576	0.6227444397817876	0.655443640892307	0.344556359107693	0.08600904138170859	0.15114324998726894	0.12582767441021464	0.2781880806740946
0.05032204090592161	0.6231640788921528	0.655443640892307	0.344556359107693	0.08606201101130108	0.15123739688359303	0.12601586958039812	0.27860771978445964
0.05030654256415613	0.6231640788921528	0.6552251523957264	0.3447748476042736	0.08601216333622937	0.15116042345276873	0.12590095066251525	0.2783892312878793
0.05030519528866236	0.6235837180025179	0.6552251523957264	0.3447748476042736	0.08606509903857291	0.15125451676930124	0.12608912125955146	0.2788088703982443
0.05026086432949178	0.6235837180025179	0.6545478380563263	0.3454521619436737	0.08591085159276175	0.15101626016260164	0.12573315995549422	0.2781315560588442
0.05026074372754033	0.6240033571128829	0.6545478380563263	0.3454521619436737	0.0859636952248815	0.15111020781464357	0.12592126422024677	0.27855119516920923
0.050239808028333006	0.6240033571128829	0.6543511984094037	0.34564880159059624	0.08591899231524816	0.1510411376333164	0.12581800140329671	0.2783545555222866
0.05023448597887045	0.624422996223248	0.6543511984094037	0.34564880159059624	0.08597180494568986	0.15113503631100503	0.12600608328365556	0.27877419463265163
0.05020420504294093	0.624422996223248	0.6539142214162424	0.34608577858375755	0.08587257617728532	0.150981685353356	0.12577672924121128	0.2783372176394905
0.05020156501300511	0.6248426353336131	0.6539142214162424	0.34608577858375755	0.08592532748571759	0.151075487012987	0.1259647670374436	0.2787568567498555
0.05019656836569752	0.6248426353336131	0.6538705237169262	0.3461294762830737	0.08591541169003519	0.15106016029217814	0.1259418396915054	0.27871315905053917
0.05019241661092736	0.6252622744439782	0.6538705237169262	0.3461294762830737	0.08596815139626125	0.1511539436976921	0.12612986904588233	0.2791327981609044
0.05018533238633089	0.6252622744439782	0.6536738840700037	0.3463261159299963	0.08592353382157891	0.15108497262218618	0.12602670522776888	0.2789361585139818
0.0501828051483555	0.6256819135543432	0.6536738840700037	0.3463261159299963	0.08597624264790682	0.1511787072243346	0.1262147123532818	0.2793557976243468
0.0501642117877659	0.6256819135543432	0.653455395573423	0.3465446044265769	0.08592669432918396	0.15110210286293388	0.12610011797045906	0.27913730912776624
0.050162198452175975	0.6261015526647083	0.653455395573423	0.3465446044265769	0.08597936956145912	0.15119578435346576	0.1262881009484786	0.2795569482381315
0.05010428852847034	0.6261015526647083	0.652778081234023	0.34722191876597697	0.08582604693971468	0.15095866848788383	0.12593314302318884	0.2788796338987314
0.05009878601289782	0.6265211917750735	0.652778081234023	0.34722191876597697	0.08587863100373885	0.1510522055847835	0.1261210608267865	0.2792992730090966
0.05002508144870129	0.6265211917750735	0.6519696737966746	0.3480303262033254	0.08569624612558834	0.15077000757384498	0.1256980102958809	0.2784908655717482
0.050023018658666825	0.6269408308854385	0.6519696737966746	0.3480303262033254	0.08574872295241921	0.1508633747349288	0.12588585169577207	0.2789105046821132
0.049989805349851535	0.6269408308854385	0.6515982433524875	0.3484017566475125	0.0856651376146789	0.150733995863391	0.12569169155433532	0.2785390742379259
0.049985199717718067	0.6273604699958036	0.6515982433524875	0.3484017566475125	0.08571756206639528	0.1508272800645682	0.12587949566076	0.27895871334829114
0.04992718869793577	0.6273604699958036	0.6511612663593263	0.3488387336406738	0.08561938033331425	0.15067526708324935	0.12565123201677467	0.2785217363551298
0.049922751143785804	0.6277801091061687	0.6511612663593263	0.3488387336406738	0.08567174435917993	0.15076845553036028	0.12583899319444466	0.2789413754654948
0.04991561618479334	0.6277801091061687	0.6510520221110359	0.34894797788896414	0.08564722047289174	0.15073047858942065	0.12578195115734433	0.2788321312172046
0.04991511117104752	0.6281997482165338	0.6510520221110359	0.34894797788896414	0.08569956491870849	0.150823636088862	0.12596969834880634	0.27925177032756965
0.04987656774529261	0.6281997482165338	0.6505931962682165	0.3494068037317835	0.08559666075819086	0.15066425120772947	0.1257302274934841	0.27879294448475034
0.04987619398997811	0.6286193873268988	0.6505931962682165	0.3494068037317835	0.08564894225271584	0.1507573089115886	0.1259179300827019	0.27921258359511536
0.0498607161827628	0.6286193873268988	0.6503528589219778	0.34964714107802225	0.08559510885092281	0.15067390867028768	0.1257925659008971	0.2789722462488766
0.04985961742520257	0.629039026437264	0.6503528589219778	0.34964714107802225	0.08564735458804708	0.15076690973095297	0.1259802431353262	0.27939188535924186
0.04985773167406027	0.629039026437264	0.6503310100723196	0.3496689899276803	0.08564246129234988	0.15075932817057225	0.12596884768299393	0.2793700365095835
0.04985650182981723	0.6294586655476291	0.6503310100723196	0.3496689899276803	0.08569469835466179	0.1508523155830442	0.12615651866535849	0.2797896756199487
0.04982550274553477	0.6294586655476291	0.6499595796281326	0.35004042037186744	0.08561155185206323	0.15072347266881028	0.12596284509607392	0.27941824517576164
0.049823517738043964	0.6298783046579941	0.6499595796281326	0.35004042037186744	0.08566373701632234	0.15081637779452398	0.12615047940302607	0.27983788428612666
0.04981142049936136	0.6298783046579941	0.6498503353798423	0.35014966462015773	0.08563929936669139	0.1507785032646911	0.12609353636308263	0.2797286400378365
0.049810888814574815	0.6302979437683592	0.6498503353798423	0.35014966462015773	0.08569146508443633	0.15087137763045552	0.126281156856098	0.2801482791482015
0.04978563103899084	0.6302979437683592	0.6494789049356551	0.35052109506434487	0.08560843545169564	0.15074267362505017	0.12608761766616416	0.2797768487040142
0.04978252512699427	0.6307175828787243	0.6494789049356551	0.35052109506434487	0.08566054941297162	0.15083546590395905	0.12627520166783826	0.2801964878143792
0.049778157056761495	0.6307175828787243	0.6494570560859971	0.3505429439140029	0.08565566763549325	0.15082789764174612	0.12626381989764995	0.2801746389647213
0.04977633437750725	0.6315568610994544	0.6494570560859971	0.3505429439140029	0.08575987235739928	0.15101344571543246	0.1266389712024137	0.28101391718545154
0.049767963157936225	0.6315568610994544	0.6492822652887326	0.35071773471126744	0.08572079512445178	0.15095285857572718	0.12654790595370363	0.28083912638818687
0.04976791832015969	0.6319765002098195	0.6492822652887326	0.35071773471126744	0.08577286706914228	0.15104558447419889	0.1267354600691848	0.2812587654985521
0.049658529041017835	0.6319765002098195	0.6477091481133519	0.35229085188664816	0.08542257515598412	0.15050217358716833	0.12591725996075054	0.27968564832317133
0.049656702230640955	0.6323961393201847	0.6477091481133519	0.35229085188664816	0.08547444841472407	0.15059458379134605	0.1261046751638538	0.2801052874335366
0.04960923076976876	0.6323961393201847	0.6471847757215583	0.35281522427844175	0.0853582554517134	0.1504142129953089	0.12583250261809675	0.279580915041743
0.049603729249667126	0.6328157784305497	0.6471847757215583	0.35281522427844175	0.0854100589034889	0.15050651230101303	0.12601986914600752	0.280000554152108
0.049595840956348496	0.6328157784305497	0.6470973803229261	0.352902619677074	0.08539071347678369	0.15047647557750835	0.12597452893281513	0.2799131587534758
0.049594981193501454	0.6332354175409148	0.6470973803229261	0.352902619677074	0.08544250042466452	0.15056874875274395	0.12616188386157234	0.2803327978638408
0.04957310832802386	0.6332354175409148	0.646791496427713	0.3532085035722869	0.08537482319660537	0.1504636553993419	0.126003233040255	0.2800269139686278
0.04957111127170013	0.6336550566512799	0.646791496427713	0.3532085035722869	0.0854265670966282	0.1505558602123735	0.12619055797311696	0.2804465530789928
0.049518710126437125	0.6336550566512799	0.6461797286372872	0.35382027136271277	0.08529145955716222	0.15034599492208892	0.12587351101763464	0.2798347852885672
0.04951629107609201	0.634074695761645	0.6461797286372872	0.35382027136271277	0.08534312341146569	0.15043807248108323	0.1260607804156566	0.2802544243989322
0.04949817210217424	0.634074695761645	0.6460049378400228	0.3539950621599773	0.08530457855812115	0.1503781847133758	0.12597025572800782	0.28007963360166777
0.049498028522618365	0.6344943348720101	0.6460049378400228	0.3539950621599773	0.0853562154228294	0.15047021943573669	0.12615750634144476	0.2804992727120328
0.04947967059505348	0.6344943348720101	0.6456772050951518	0.35432279490484825	0.08528399796942862	0.15035799522673032	0.12598783457507298	0.2801715399671618
0.0494795760008592	0.6349139739823751	0.6456772050951518	0.35432279490484825	0.0853355893965031	0.15044995773877592	0.12617505370183718	0.28059117907752684
0.049475155328960664	0.6349139739823751	0.6455898096965195	0.35441019030348053	0.08531634149092139	0.150420042749913	0.1261298202908084	0.2805037836788946
0.049473698300343434	0.6353336130927403	0.6455898096965195	0.35441019030348053	0.08536791654919651	0.1505119793220002	0.12631702799521233	0.28092342278925964
0.049437403758379926	0.6353336130927403	0.6452183792523324	0.3547816207476676	0.08528616493916179	0.15038490191209336	0.12612484740535895	0.2805519923450728
0.04943656641450931	0.6357532522031053	0.6452183792523324	0.3547816207476676	0.08533768940460768	0.150476758045292	0.12631202014667806	0.2809716314554378
0.04942640386060488	0.6357532522031053	0.6450217396054098	0.35497826039459024	0.0852944488233307	0.15040953090096798	0.1262103215970057	0.28077499180851495
0.04942565927591106	0.6361728913134704	0.6450217396054098	0.35497826039459024	0.08534594381579688	0.15050134021642014	0.1263974739395011	0.2811946309188802
0.049410563157353475	0.6361728913134704	0.644759553409513	0.35524044659048704	0.08528832630098453	0.15041174719714256	0.12626191915854013	0.2809324447229833
0.049410555353612405	0.6365925304238355	0.644759553409513	0.35524044659048704	0.08533978397839784	0.15050349719728162	0.1264490457436033	0.2813520838333483
0.04940811920799981	0.6365925304238355	0.6446503091612227	0.3553496908387773	0.0853157865136944	0.15046617734576473	0.12639257746694754	0.28124283958505814
0.049402912202150984	0.6370121695342006	0.6446503091612227	0.3553496908387773	0.08536722528399505	0.15055789734688818	0.126579690942864	0.28166247869542316
0.04940248609255538	0.6370121695342006	0.6446284603115646	0.3553715396884354	0.0853624247877186	0.15055043141922048	0.12656839703363895	0.2816406298457652
0.049398919834091067	0.6374318086445657	0.6446284603115646	0.3553715396884354	0.08541385515069726	0.15064213814647692	0.12675550460274437	0.28206026895613023
0.04936061851653247	0.6374318086445657	0.6440603902204549	0.3559396097795451	0.08528916339135317	0.1504481751101867	0.12646199676881453	0.2814921988650205
0.04936007610520871	0.6378514477549307	0.6440603902204549	0.3559396097795451	0.08534051990343046	0.1505397642864217	0.12664905365475604	0.28191183797538555
0.04935495277806062	0.6378514477549307	0.6439729948218227	0.35602700517817737	0.08532135840583778	0.1505099514803446	0.12660392226010336	0.2818244425767533
0.049353170610342965	0.6382710868652959	0.6439729948218227	0.35602700517817737	0.08537269869779973	0.15060151492648152	0.12679096791927294	0.28224408168711856
0.049322354554762284	0.6382710868652959	0.6434923201293452	0.3565076798706548	0.08526740665993945	0.15043766381484594	0.12654285252809952	0.2817634069946411
0.049322203403069524	0.6386907259756609	0.6434923201293452	0.3565076798706548	0.08531868378272325	0.15052912669369994	0.12672985494881903	0.2821830461050061
0.04929833078115472	0.6386907259756609	0.6430990408355	0.3569009591645	0.0852326818614549	0.15039525691699604	0.12652700351730445	0.28178976681116086
0.04929821527081182	0.639110365086026	0.6430990408355	0.3569009591645	0.08528390637249413	0.15048663603576898	0.12671396997911155	0.2822094059215261
0.04924741010063561	0.639110365086026	0.6424217264961	0.35757827350390003	0.08513611716697411	0.15025651144435676	0.12636494681082852	0.281532091582126
0.04924717164198688	0.639530004196391	0.6424217264961	0.35757827350390003	0.08518725544997205	0.15034775316923987	0.1265518545848025	0.281951730692491
0.049117818580850924	0.639530004196391	0.6403679346282418	0.3596320653717582	0.08474199288256228	0.14965385181911917	0.12549633033372798	0.27989793882463276
0.04911559566995773	0.6399496433067562	0.6403679346282418	0.3596320653717582	0.08479288295802058	0.14974469756480754	0.12568307053406313	0.280317577934998
0.04908821237959623	0.6399496433067562	0.6399965041840547	0.3600034958159453	0.08471280968781246	0.14961981849399067	0.1254926214182022	0.2799461474908109
0.049087448789066186	0.6403692824171213	0.6399965041840547	0.3600034958159453	0.084763650502694	0.14971058569606593	0.12567932843721505	0.28036578660117595
0.04907361092046531	0.6403692824171213	0.6397998645371321	0.3602001354628679	0.084721296913169	0.14964452071586173	0.12557854524230386	0.28016914695425355
0.049066733539955575	0.6407889215274863	0.6397998645371321	0.3602001354628679	0.08477210903236551	0.1497352422043538	0.12576523290049296	0.28058878606461857
0.049052972471740085	0.6407889215274863	0.6395595271908934	0.3604404728091066	0.08472037283621837	0.14965453030822756	0.12564208929402332	0.28034844871837983
0.04905217255039407	0.6412085606378515	0.6395595271908934	0.3604404728091066	0.08477115117891817	0.1497451979615837	0.12582875421765657	0.28076808782874485
0.04903820364212005	0.6412085606378515	0.6393847363936289	0.36061526360637114	0.08473354405811567	0.14968652037617555	0.12573921931315904	0.2805932970314804
0.049037813624001815	0.6416281997482165	0.6393847363936289	0.36061526360637114	0.08478429632915604	0.14977714649556742	0.1259258666753474	0.2810129361418454
0.0490048622319845	0.6416281997482165	0.6390351547990998	0.36096484520090016	0.08470914127423823	0.14965986394557823	0.12574686483448722	0.2806633545473163
0.04900481261227452	0.6420478388585816	0.6390351547990998	0.36096484520090016	0.08475984709988366	0.1497504159733777	0.12593348107300545	0.2810829936576815
0.04899679484352578	0.6420478388585816	0.6388385151521772	0.3611614848478228	0.08471760797342193	0.14968448857799735	0.12583283297368242	0.2808863540107587
0.04899636186642901	0.6424674779689467	0.6388385151521772	0.3611614848478228	0.08476828525552295	0.14977499510858933	0.12601943005646102	0.2813059931211237
0.04895253418917219	0.6424674779689467	0.6384015381590159	0.3615984618409841	0.0846745202145899	0.14962861610633307	0.125795877101623	0.28086901612796256
0.048952486191759986	0.6428871170793118	0.6384015381590159	0.3615984618409841	0.08472514102422299	0.1497190324945028	0.12598243649640012	0.2812886552383276
0.048860414526539636	0.6428871170793118	0.6370906071795319	0.362909392820468	0.08444493440634991	0.14928136419001217	0.1253128574604635	0.2799777242588437
0.048858664390070174	0.6433067561896769	0.6370906071795319	0.362909392820468	0.08449539767403406	0.14937152879275065	0.12549931244948775	0.28039736336920873
0.0488113526692684	0.6433067561896769	0.6366536301863707	0.36334636981362933	0.08440235643891428	0.14922612673999805	0.12527647755339294	0.2799603863760476
0.04880902250767161	0.6437263953000419	0.6366536301863707	0.36334636981362933	0.08445276370843427	0.14931620187861974	0.125462895502001	0.2803800254864126
0.04871387265048121	0.6437263953000419	0.6352990015075706	0.3647009984924294	0.08416547788873038	0.14886699985443252	0.12477323887259441	0.2790253968076124
0.04871313694735541	0.6441460344104071	0.6352990015075706	0.3647009984924294	0.08421572392604378	0.1489568170790878	0.12495955095095716	0.27944503591797765
0.048664496750135976	0.6441460344104071	0.634774629115777	0.36522537088422297	0.08410498054901101	0.14878356111272656	0.12469304590075467	0.27892066352618405
0.04866368468777874	0.6445656735207721	0.634774629115777	0.36522537088422297	0.084155161078238	0.14887327356433244	0.12487931508791461	0.2793403026365491
0.048648495086216825	0.6445656735207721	0.6346216871681706	0.3653783128318294	0.08412289829673038	0.14882278848948746	0.12480162516367527	0.27918736068894257
0.048647915604891706	0.6449853126311372	0.6346216871681706	0.3653783128318294	0.08417305585980285	0.14891246427360363	0.12498787924515573	0.2796069997993078
0.048616779217070666	0.6449853126311372	0.6341847101750093	0.36581528982499073	0.08408096280087528	0.14876832986497604	0.1247660049536381	0.27917002280614645
0.04861611744491844	0.6454049517415023	0.6341847101750093	0.36581528982499073	0.08413106504020568	0.14885791715060007	0.12495222292196646	0.27958966191651147
0.048521856430806753	0.6454049517415023	0.633092267692106	0.366907732307894	0.08390158747476952	0.1484985999806894	0.12439829168767783	0.2784972194336084
0.0485166082299405	0.6458245908518674	0.633092267692106	0.366907732307894	0.0839515601134628	0.1485879797248371	0.12458442561227048	0.2789168585439734
0.048479321830663724	0.6458245908518674	0.6325241976009963	0.3674758023990037	0.0838326615099684	0.14840171640711633	0.12429680885082925	0.2783487884528637
0.04847814410878961	0.6462442299622325	0.6325241976009963	0.3674758023990037	0.08388256440982625	0.14849098447594253	0.12448289768679151	0.2787684275632287
0.04835519035319635	0.6462442299622325	0.6308636850269833	0.3691363149730167	0.08353675074586385	0.14794889038332212	0.12364387590052851	0.27710791498921594
0.048354884199637356	0.6466638690725975	0.6308636850269833	0.3691363149730167	0.08358646127142547	0.1480378500408281	0.12382984138555829	0.27752755409958096
0.048330238231892475	0.6466638690725975	0.6305141034324543	0.3694858965675457	0.08351398222414914	0.14792416606671466	0.12365352435428618	0.27717797250505183
0.04832922507064261	0.6470835081829627	0.6305141034324543	0.3694858965675457	0.08356364818728662	0.14801305432904588	0.12383946130927219	0.2775976116154171
0.04831160597077749	0.6470835081829627	0.6301863706875833	0.3698136293124167	0.08349577647823261	0.14790657522420986	0.12367424885226508	0.2772698788705461
0.04831072054767671	0.6475031472933277	0.6301863706875833	0.3698136293124167	0.08354540040067139	0.14799539612507193	0.12386015893879905	0.2776895179809111
0.04830890009413195	0.6475031472933277	0.6301426729882671	0.36985732701173285	0.08353635428509555	0.1479812026469742	0.12383813540244525	0.2776458202815948
0.04830850825916702	0.6479227864036928	0.6301426729882671	0.36985732701173285	0.08358596795149416	0.14807000719251978	0.12402403882665551	0.2780654593919598
0.048273951162330984	0.6479227864036928	0.6297275448447639	0.3702724551552361	0.08350008112054513	0.14793523043020024	0.12381487833133485	0.2776503312484566
0.048269963429734976	0.648342425514058	0.6297275448447639	0.3702724551552361	0.08354964308890331	0.14802395209580838	0.12400074884104044	0.27806997035882186
0.04825235399148004	0.648342425514058	0.6293998120998929	0.37060018790010707	0.08348192575782136	0.147917663954045	0.12383571706288181	0.2777422376139509
0.048250917011661655	0.648762064624423	0.6293998120998929	0.37060018790010707	0.08353144586124919	0.1480063185103633	0.12402156095004227	0.2781618767243159
0.0482338743984772	0.648762064624423	0.6292031724529703	0.37079682754702964	0.08349084624939244	0.1479425837320574	0.12392257796143002	0.2779652370773933
0.04823283168590209	0.6496013428451531	0.6292031724529703	0.37079682754702964	0.08358982666450672	0.14811979714859821	0.12429422753773194	0.27880451529812333
0.048217637167806526	0.6496013428451531	0.629072079355022	0.37092792064497804	0.08356275303643725	0.14807729098909508	0.12422824127271916	0.2786734222001752
0.04821758868226111	0.6500209819555183	0.629072079355022	0.37092792064497804	0.0836122206628522	0.14816586159070258	0.12441405159613697	0.27909306131054024
0.04817692484336667	0.6500209819555183	0.6285477069632284	0.37145229303677163	0.08350404312668464	0.14799598719724835	0.124150235897721	0.27856868891874664
0.04817688273060675	0.6504406210658833	0.6285477069632284	0.37145229303677163	0.08355344725351734	0.14808445590904748	0.12433600612903982	0.27898832802911167
0.04817124206106116	0.6504406210658833	0.6284384627149381	0.3715615372850619	0.08353093339081699	0.14804909499020966	0.12428107030370691	0.27887908378082127
0.048170426915090964	0.6508602601762484	0.6284384627149381	0.3715615372850619	0.08358032009484291	0.1481375358166189	0.1244668294442883	0.2792987228911865
0.04809745406931167	0.6508602601762484	0.6274989621796412	0.37250103782035876	0.08338709677419355	0.1478339608254301	0.12399478971651517	0.2783592223558897
0.048095320332717954	0.6512798992866136	0.6274989621796412	0.37250103782035876	0.08343637438847373	0.1479222264582539	0.1241804804514677	0.27877886146625475
0.04804002063296597	0.6512798992866136	0.6266031593436605	0.37339684065633943	0.08325286986374852	0.14763376932223543	0.12373112079414102	0.27788305863027407
0.048036810765857224	0.6516995383969786	0.6266031593436605	0.37339684065633943	0.08330204366250067	0.1477218681632265	0.1239167467791353	0.2783026977406391
0.047955209870281686	0.6516995383969786	0.6255981122593895	0.37440188774061045	0.0830970089357376	0.14739939255884585	0.12341342588830813	0.27729765065636824
0.04795484926073568	0.6521191775073437	0.6255981122593895	0.37440188774061045	0.08314606741573034	0.1474873060314146	0.12359898037833351	0.27771728976673327
0.04782813580021028	0.6521191775073437	0.6236317157901636	0.37636828420983637	0.08274760383386581	0.14686008599914946	0.12261683653238192	0.27575089329750746
0.047825261016361954	0.6525388166177087	0.6236317157901636	0.37636828420983637	0.08279644321388638	0.14694764694764695	0.12280225654316196	0.2761705324078725
0.047819507673443507	0.6525388166177087	0.6235661692411895	0.37643383075881054	0.08278321976149915	0.14692682005007796	0.12276957618753594	0.2761049858588982
0.04781625825456076	0.6529584557280739	0.6235661692411895	0.37643383075881054	0.08283204684588767	0.14701436130007559	0.12295498855116624	0.2765246249692632
0.04776113459114956	0.6529584557280739	0.6226485175555507	0.3773514824444493	0.08264726191108514	0.14672324375294674	0.12249782086313145	0.2756069732836246
0.047755714525729076	0.6533780948384389	0.6226485175555507	0.3773514824444493	0.08269598470363289	0.14681061713261986	0.12268316974565723	0.2760266123939896
0.04774219691886145	0.6533780948384389	0.62243002905897	0.37756997094102995	0.08265208620872704	0.14674143537062345	0.12257442061710362	0.27580812389740883
0.04774138889648033	0.653797733948804	0.62243002905897	0.37756997094102995	0.08270078029619407	0.14682876260484404	0.12275975197837863	0.2762277630077741
0.04774124054689466	0.653797733948804	0.622408180209312	0.377591819790688	0.0826963906581741	0.1468218442256043	0.12274887806149573	0.2762059141581159
0.047738081347160066	0.6542173730591692	0.622408180209312	0.377591819790688	0.08274507722520036	0.14690915944214097	0.12293420472043262	0.27662555326848115
0.04771981283471425	0.6542173730591692	0.6222552382617055	0.37774476173829447	0.08271434634974534	0.1468607225283783	0.1228580896690997	0.27647261132087464
0.047719540239609885	0.6546370121695342	0.6222552382617055	0.37774476173829447	0.08276301130033424	0.146948003014318	0.1230434031185009	0.27689225043123966
0.04766235494116274	0.6546370121695342	0.6214686796740152	0.37853132032598485	0.08260524225575853	0.1466992665036675	0.12265224285481706	0.2761056918435494
0.04765993375428743	0.6550566512798993	0.6214686796740152	0.37853132032598485	0.0826538176426983	0.14678640274578025	0.12283750224312259	0.2765253309539144
0.04764301470019327	0.6550566512798993	0.6212501911774345	0.3787498088225655	0.08261007620660457	0.14671742093143475	0.12272893317925469	0.27630684245733383
0.047641810031458114	0.6554762903902643	0.6212501911774345	0.3787498088225655	0.08265862306186167	0.1468045112781955	0.1229141752962243	0.27672648156769886
0.0475004843521682	0.6554762903902643	0.6195896786034215	0.3804103213965785	0.08232751805196858	0.14628207529499906	0.12209036460793567	0.27506596899368585
0.04749565777342941	0.6558959295006295	0.6195896786034215	0.3804103213965785	0.08237588278697165	0.14636887203258886	0.12227549801384466	0.27548560810405087
0.04748199923883523	0.6558959295006295	0.619393038956499	0.38060696104350106	0.08233682768793131	0.14630721707385566	0.12217809444305523	0.27528896845712847
0.04748176121768352	0.6563155686109945	0.619393038956499	0.38060696104350106	0.08238516645596292	0.14639397201291712	0.12236321230843727	0.2757086075674935
0.04743085272491434	0.6563155686109945	0.6188031200157311	0.3811968799842688	0.08226816053863553	0.14620921753762736	0.12207117344350187	0.2751186886267256
0.0474306373203441	0.6567352077213596	0.6188031200157311	0.3811968799842688	0.08231643172733011	0.1462958635195139	0.12225625123393657	0.27553832773709086
0.04736598329883776	0.6567352077213596	0.6179947125783827	0.38200528742161727	0.08215654365058533	0.14604329973870847	0.12185650634154065	0.2747299202997424
0.04736572545045631	0.6571548468317248	0.6179947125783827	0.38200528742161727	0.08220472440944881	0.14612979984136612	0.12204153082011851	0.27514955941010744
0.04735808416657753	0.6571548468317248	0.6178854683300925	0.38211453166990755	0.08218315402781422	0.14609571788413098	0.1219875492738746	0.27504031516181726
0.04735720674166121	0.6575744859420898	0.6178854683300925	0.38211453166990755	0.08223131821998321	0.146182191333551	0.12217256388709519	0.2754599542721823
0.04735168305109395	0.6575744859420898	0.6178417706307763	0.3821582293692237	0.08222268863469409	0.1461685555711021	0.12215097155390746	0.27541625657286595
0.047349370320562974	0.6579941250524549	0.6178417706307763	0.3821582293692237	0.0822708431712052	0.14625501352485776	0.12233598035468382	0.2758358956832312
0.04734427935255483	0.6579941250524549	0.6177106775328278	0.3822893224671721	0.08224495148177288	0.1462140992167102	0.12227120549953258	0.27570480258528285
0.047341876780306526	0.6584137641628199	0.6177106775328278	0.3822893224671721	0.0822930871708801	0.14630052683108768	0.12245620311730387	0.27612444169564787
0.047267553851631526	0.6584137641628199	0.616771176997531	0.3832288230024689	0.0821079072688262	0.14600781686208822	0.12199237315963513	0.27518494116035086
0.047267352166229404	0.6588334032731851	0.616771176997531	0.3832288230024689	0.08215593929879644	0.14609407714139488	0.12217731023136849	0.2756045802707161
0.04726310406016305	0.6588334032731851	0.6167493281478731	0.38325067185212697	0.08215164041651404	0.14608728017121056	0.1221665314787426	0.27558273142105816
0.047259431351805554	0.6592530423835501	0.6167493281478731	0.38325067185212697	0.08219966513185434	0.14617352872761108	0.12235146414295885	0.2760023705314232
0.04721823113500573	0.6592530423835501	0.6162249557560795	0.38377504424392056	0.08209657190635451	0.14601050234676333	0.12209286894996185	0.2754779981396296
0.047214542460281984	0.6596726814939152	0.6162249557560795	0.38377504424392056	0.08214453676124785	0.14609665427509294	0.12227776678077112	0.2758976372499946
0.04720582884330445	0.6596726814939152	0.6160283161091569	0.38397168389084313	0.08210592290817925	0.14603557991546287	0.122180844326956	0.2757009976030722
0.0472047896880639	0.6600923206042804	0.6160283161091569	0.38397168389084313	0.08215386222384707	0.1461216906641895	0.12236572724413672	0.27612063671343723
0.04716918192000256	0.6600923206042804	0.6157879787629181	0.38421202123708187	0.08210669172147406	0.1460470730235365	0.12224729829678165	0.2758802993671985
0.047168675404542726	0.6605119597146454	0.6157879787629181	0.38421202123708187	0.08215460097082311	0.14613313527063412	0.12243216371680948	0.2762999384775635
0.04716831366592513	0.6605119597146454	0.6157661299132601	0.3842338700867399	0.08215031315240083	0.14612635194726825	0.1224213986607381	0.27627808962790557
0.0471673901073838	0.6609315988250105	0.6157661299132601	0.3842338700867399	0.08219821512447158	0.14621240252506498	0.122606259727418	0.2766977287382706
0.047087599450199275	0.6609315988250105	0.6146955362800148	0.38530446371998517	0.08198854763144196	0.1458806094567684	0.12207922175288279	0.27562713510502546
0.04708690514642975	0.6613512379353755	0.6146955362800148	0.38530446371998517	0.0820363333506845	0.14596647216819486	0.12226401598748127	0.2760467742153905
0.047040260200041865	0.6613512379353755	0.6139526753916407	0.3860473246083594	0.08189140036373084	0.1457370075827631	0.12189886132401523	0.2753039133270163
0.047038771818510516	0.6617708770457407	0.6139526753916407	0.3860473246083594	0.08193910422945028	0.1458227379906607	0.12208360876552571	0.27572355243738134
0.046949501742073387	0.6617708770457407	0.6128602329087374	0.38713976709126263	0.08172678275290216	0.14548641542506574	0.12154742293183879	0.27463110995447804
0.046947550012930744	0.6626101552664708	0.6128602329087374	0.38713976709126263	0.08182195046118769	0.14565748812324156	0.12191678153309271	0.2754703881752083
0.04694270820462626	0.6626101552664708	0.6127728375101051	0.3872271624898949	0.0818049943011087	0.14563062024440857	0.12187392108340182	0.2753829927765761
0.04694100221872557	0.663029794376836	0.6127728375101051	0.3872271624898949	0.08185256177796198	0.1457161302222632	0.12205859091614432	0.2758026318869411
0.04687022409059157	0.663029794376836	0.6118114881251502	0.38818851187484976	0.08166640822866594	0.14542107685227795	0.1215875041899332	0.27484128250198614
0.04686852248001564	0.663449433487201	0.6118114881251502	0.38818851187484976	0.08171387223485632	0.14550641940085593	0.1217721158440849	0.27526092161235116
0.0468424540986024	0.663449433487201	0.611396359981647	0.388603640018353	0.08163370682088088	0.1453793103448276	0.12156891322324752	0.27484579346884797
0.04684202999247863	0.6638690725975661	0.611396359981647	0.388603640018353	0.08168112350268485	0.14546457634131765	0.12175349832118189	0.275265432579213
0.0467408917664312	0.6638690725975661	0.6099761847538727	0.3900238152461273	0.08140791437245921	0.14503116978364503	0.12105936032393408	0.27384525735143894
0.04674036692092481	0.6642887117079311	0.6099761847538727	0.3900238152461273	0.081455181640424	0.1451161937938305	0.12124386252799471	0.27426489646180396
0.046737478622303937	0.6642887117079311	0.6098887893552405	0.39011121064475957	0.08143841959049285	0.1450895925942899	0.12120119725626684	0.27417750106317174
0.04673747451838745	0.6647083508182963	0.6098887893552405	0.39011121064475957	0.08148567313133391	0.14517459444597194	0.12138569173987046	0.27459714017353676
0.046735689199674725	0.6647083508182963	0.6098450916559244	0.3901549083440757	0.08147729026284656	0.14516129032258066	0.12136435908437107	0.27455344247422064
0.04673376547941708	0.6651279899286614	0.6098450916559244	0.3901549083440757	0.0815245345129102	0.1452462772050401	0.1215488482932043	0.2749730815845859
0.046714363321604065	0.6651279899286614	0.6096484520090018	0.39035154799099825	0.08148681301732559	0.14518640652193826	0.12145286033755093	0.27477644193766304
0.04671130619871961	0.6655476290390264	0.6096484520090018	0.39035154799099825	0.08153403249023236	0.14527135333180674	0.12163733577293273	0.27519608104802806
0.046689039577863765	0.6655476290390264	0.6093207192641308	0.39067928073586927	0.08147120768479992	0.1451716247139588	0.12147741011307829	0.2748683483031571
0.04668739313430547	0.6659672681493916	0.6093207192641308	0.39067928073586927	0.08151838915142798	0.14525650999954234	0.12166186455871618	0.27528798741352234
0.0466843482848228	0.6659672681493916	0.6092551727151565	0.39074482728484344	0.0815058291818602	0.1452365699643086	0.12162988665899742	0.27522244086454806
0.046683041700098134	0.6663869072597566	0.6092551727151565	0.39074482728484344	0.08155299917830731	0.14532143674216427	0.12181433466521004	0.2756420799749131
0.0466708780890642	0.6663869072597566	0.6090585330682339	0.39094146693176607	0.08151532262204199	0.14526161727039882	0.1217184118108496	0.27544544032799045
0.046670157517684045	0.6668065463701217	0.6090585330682339	0.39094146693176607	0.08156246791910482	0.14534644408872627	0.12190284616129332	0.2758650794383555
0.04660946592095145	0.6668065463701217	0.6082282767812275	0.3917717232187725	0.08140368852459016	0.14509427932246724	0.12149815095072383	0.2750348231513491
0.046604671492641754	0.6672261854804867	0.6082282767812275	0.3917717232187725	0.08145074535116029	0.1451789627465303	0.12168253702773693	0.2754544622617141
0.04654766460457402	0.6672261854804867	0.6073106250955886	0.3926893749044113	0.08127587793283239	0.14490112093319968	0.12123586270052103	0.2745368105760755
0.04654535557076441	0.6676458245908519	0.6073106250955886	0.3926893749044113	0.08132283786546718	0.1449856472410808	0.1214201963016754	0.2749564496864405
0.04653685680062172	0.6676458245908519	0.6072013808472985	0.3927986191527016	0.08130205937963104	0.14495262390670555	0.12136706156361886	0.27484720543815033
0.04653668688979277	0.668065463701217	0.6072013808472985	0.3927986191527016	0.08134900357690342	0.1450371247665467	0.1215513865396718	0.27526684454851535
0.04652357589705852	0.668065463701217	0.6069828923507177	0.39301710764928227	0.08130745658835546	0.14497108773846926	0.12144513503357113	0.27504835605193456
0.04652285604502291	0.668485102811582	0.6069828923507177	0.39301710764928227	0.08135437413819518	0.14505554543798943	0.12162944554354392	0.2754679951622996
0.046501270143291494	0.668485102811582	0.6066770084555049	0.3933229915444952	0.08129624904312324	0.14496314496314497	0.12148074353429755	0.275162111267087
0.046499096648884464	0.6689047419219472	0.6066770084555049	0.3933229915444952	0.08134313125127578	0.1450475453842304	0.12166503495986782	0.27558175037745203
0.04638815415656338	0.6689047419219472	0.6051257401297822	0.39487425987021785	0.08104947373773326	0.14458049886621316	0.12091200892115293	0.2740304820517294
0.04638689708640573	0.6693243810323122	0.6051257401297822	0.39487425987021785	0.08109619686800895	0.1446646410593624	0.12109621570349809	0.27445012116209444
0.046371765817230244	0.6693243810323122	0.6048854027835435	0.39511459721645653	0.0810508664058133	0.14459251201160367	0.12097971371812387	0.2742097838158557
0.04637167801943598	0.6697440201426773	0.6048854027835435	0.39511459721645653	0.08109756097560976	0.14467660789557177	0.12116390528182239	0.2746294229262207
0.04634243926040758	0.6697440201426773	0.6044921234896983	0.3955078765103017	0.08102345415778252	0.14455867035007472	0.12097334685298385	0.2742361436323755
0.04634174836318758	0.6701636592530423	0.6044921234896983	0.3955078765103017	0.08107010508147622	0.14464269540802463	0.12115751531802066	0.2746557827427405
0.046335976312410744	0.6701636592530423	0.6043173326924338	0.39568266730756624	0.08103719490536358	0.14459031235853329	0.12107285406845986	0.27448099194547604
0.04633510825229856	0.6705832983634075	0.6043173326924338	0.39568266730756624	0.08108382382788715	0.14467430175184465	0.12125701083746639	0.2749006310558413
0.04631996190774664	0.6705832983634075	0.6040551464965369	0.39594485350346303	0.08103448275862069	0.14459575623218568	0.1211300520168016	0.2746384448599444
0.046314597144462726	0.6714225765841376	0.6040551464965369	0.39594485350346303	0.08112767467802454	0.14476362813843022	0.12149833058699065	0.2754777230806744
0.04630716873302377	0.6714225765841376	0.6039459022482466	0.3960540977517534	0.0811071120798905	0.14473089099954772	0.1214454363270206	0.27536847883238424
0.04630621242044847	0.6722618548048678	0.6039459022482466	0.3960540977517534	0.08120026357139237	0.1448986975397974	0.12181369313177269	0.2762077570531143
0.04625216897507376	0.6722618548048678	0.603071948261924	0.396928051738076	0.08103596540037432	0.14463705308775732	0.12139079823642587	0.2753338030667918
0.04624939655746412	0.6726814939152329	0.603071948261924	0.396928051738076	0.08108244815376833	0.1447208053085361	0.12157487812323936	0.275753442177157
0.04619311363283734	0.6726814939152329	0.6022635408245756	0.39773645917542444	0.08093098399555712	0.1444794952681388	0.12118420906757477	0.2749450347398086
0.046190642246694745	0.6731011330255979	0.6022635408245756	0.39773645917542444	0.08097738287560581	0.14456311117119552	0.12136824559144632	0.2753646738501736
0.046186181330961855	0.6731011330255979	0.6021761454259433	0.39782385457405667	0.08096103371693923	0.1445370578959225	0.12132603821483406	0.2752772784515414
0.04618528349453099	0.6735207721359631	0.6021761454259433	0.39782385457405667	0.08100741937111997	0.14462065236979635	0.12151006778525263	0.2756969175619064
0.04615629972712854	0.6735207721359631	0.6016954707334659	0.3983045292665341	0.08091756995210486	0.14447745071563597	0.12127801273129646	0.2752162428694289
0.046155185860124424	0.6739404112463282	0.6016954707334659	0.3983045292665341	0.08096390401290583	0.14456096133939422	0.12146201575162224	0.27563588197979394
0.04615156501234604	0.6739404112463282	0.6015862264851756	0.39841377351482443	0.08094350083161131	0.144528437724982	0.12140929635452802	0.27552663773150377
0.046148696598349935	0.6743600503566932	0.6015862264851756	0.39841377351482443	0.08098981957463966	0.1446119235095613	0.12159329139445942	0.2759462768418688
0.0461425030069327	0.6743600503566932	0.6013895868382529	0.39861041316174706	0.08095310059946602	0.14455338670504633	0.12149841079390712	0.27574963719494616
0.04613841430298716	0.6747796894670584	0.6013895868382529	0.39861041316174706	0.08099939552689905	0.14463683382055317	0.1216823935430591	0.2761692763053114
0.04609809240517928	0.6747796894670584	0.6008870632961174	0.39911293670388254	0.0809056603773585	0.1444873753257256	0.1214400364517308	0.27566675276317576
0.046095578378794334	0.6756189676877885	0.6008870632961174	0.39911293670388254	0.08099813855209538	0.14465408805031446	0.12180794481095378	0.276506030983906
0.046080691369764476	0.6756189676877885	0.6005811794009046	0.39941882059909545	0.0809411291538887	0.14456316781898176	0.12166049168787813	0.276200147088693
0.04607891265053573	0.6760386067981536	0.6005811794009046	0.39941882059909545	0.08098733159058918	0.14464646464646463	0.1218444271046202	0.27661978619905825
0.046074686161270396	0.6760386067981536	0.6005374817015885	0.39946251829841156	0.08097918970543883	0.14463347847555774	0.12182336632219869	0.27657608849974213
0.04607395231882255	0.6768778850188838	0.6005374817015885	0.39946251829841156	0.08107157217531162	0.1448000359082544	0.12219122534871418	0.2774153667204722
0.04603919769493046	0.6768778850188838	0.6002097489567174	0.3997902510432826	0.0810104967103611	0.1447026105678658	0.12203328599985022	0.2770876339756012
0.04603846009555585	0.6772975241292488	0.6002097489567174	0.3997902510432826	0.0810566492567296	0.14478582641847948	0.12221719580860464	0.27750727308596623
0.0460367901507516	0.6772975241292488	0.6001879001070594	0.39981209989294064	0.08105257871742078	0.14477933261571582	0.12220666849854941	0.2774854242363083
0.04603647618420675	0.677717163239614	0.6001879001070594	0.39981209989294064	0.08109872451541629	0.14486253756110687	0.1223905747482673	0.2779050633466733
0.04602217337690801	0.677717163239614	0.600078655858769	0.399921344141231	0.08107836738792108	0.14483006008429739	0.12233793860272932	0.2777958190983829
0.04602009199973398	0.678136802349979	0.600078655858769	0.399921344141231	0.08112449799196787	0.1449132403712505	0.12252183706572863	0.27821545820874793
0.045897439036958365	0.678136802349979	0.5985273875330464	0.4014726124669536	0.08083637636936622	0.14445338339143649	0.12177535011545663	0.2766641898830253
0.04589614634267894	0.6785564414603441	0.5985273875330464	0.4014726124669536	0.08088235294117647	0.14453631284916202	0.12195917185818596	0.27708382899339057
0.04587618493440259	0.6785564414603441	0.5981122593895432	0.40188774061045685	0.08080555694368098	0.1444136822363133	0.12175970991064142	0.2766687008498874
0.04587566578794459	0.6789760805707092	0.5981122593895432	0.40188774061045685	0.08085148910653608	0.14449653940611742	0.12194350962003563	0.2770883399602524
0.045856701284551375	0.6789760805707092	0.5978937708929625	0.4021062291070375	0.08081110778144042	0.14443204641821022	0.12183857365312784	0.2768698514636716
0.04585503240294339	0.6793957196810743	0.5978937708929625	0.4021062291070375	0.08085701443340158	0.14451486209051148	0.12202236067338477	0.2772894905740366
0.04582950376838741	0.6793957196810743	0.5975660381480915	0.4024339618519085	0.0807964866753169	0.1444181793853976	0.12186501143345266	0.27696175782916566
0.045828456349128736	0.6798153587914394	0.5975660381480915	0.4024339618519085	0.08084235740306403	0.1445009365801445	0.12204878071015864	0.2773813969395309
0.04580460927881941	0.6798153587914394	0.5972601542528786	0.4027398457471214	0.08078591731910437	0.14441076840791586	0.12190198288982379	0.2770755130443181
0.0458023535132846	0.6802349979018044	0.5972601542528786	0.4027398457471214	0.08083175426348858	0.14449347060658732	0.12208573552697254	0.2774951521546831
0.04576121781715408	0.6802349979018044	0.5966483864624528	0.4033516135375472	0.08071905188726222	0.1443133763632317	0.1217923302961545	0.2768833843642571
0.045760400159706276	0.6806546370121695	0.5966483864624528	0.4033516135375472	0.0807648259722153	0.14439597614172528	0.12197605227343432	0.2773030234746223
0.04575582077728534	0.6806546370121695	0.5965828399134785	0.40341716008652145	0.08075276311859006	0.1443766967822333	0.12194463024453318	0.27723747692564804
0.04575316097312088	0.6814939152328997	0.5965828399134785	0.40341716008652145	0.08084428514536042	0.1445418539450848	0.12231206103814161	0.2780767551463783
0.045725612035989745	0.6814939152328997	0.5961240140706592	0.4038759859293408	0.08075985876970511	0.14440690023119332	0.12209215814655323	0.2776179293035588
0.04572541497336604	0.6819135543432648	0.5961240140706592	0.4038759859293408	0.0808055693684734	0.14448939670119593	0.1222758490020833	0.278037568413924
0.04572283403350527	0.6819135543432648	0.596036618672027	0.4039633813279731	0.08078949985085015	0.14446370627194738	0.12223397726762547	0.2779501730152918
0.045722334877006554	0.6823331934536299	0.596036618672027	0.4039633813279731	0.0808351976137211	0.14454618188283402	0.12241766178464673	0.2783698121256568
0.04565240514171786	0.6823331934536299	0.5952063623850204	0.40479363761497955	0.0806827767578028	0.1443024494142705	0.12202013727064596	0.2775395558386502
0.04565086454923769	0.682752832563995	0.5952063623850204	0.40479363761497955	0.0807283913863253	0.14438478945733682	0.1222037819103561	0.27795919494901544
0.04564862122364646	0.682752832563995	0.5951626646857042	0.4048373353142957	0.08072038102798174	0.14437197746128932	0.12218287233855962	0.27791549724969933
0.045645344337295106	0.68317247167436	0.5951626646857042	0.4048373353142957	0.08076598700203404	0.14445430346051463	0.12236651268661185	0.27833513636006435
0.04561691318794318	0.68317247167436	0.5947038388428849	0.4052961611571151	0.08068193081573992	0.14431984397854705	0.12214703034909842	0.2778763105172448
0.04561646199687133	0.6835921107847251	0.5947038388428849	0.4052961611571151	0.08072748897368552	0.1444020920131194	0.12233064786292797	0.27829594962761006
0.045615786652250544	0.6835921107847251	0.5946819899932269	0.40531801000677314	0.0807234886025768	0.14439569206222577	0.12232019938667615	0.2782741007779519
0.04561503076947892	0.6840117498950902	0.5946819899932269	0.40531801000677314	0.08076904018631385	0.14447792944513385	0.12250381361524613	0.2786937398883169
0.045599769468037954	0.6840117498950902	0.5943542572483559	0.4056457427516441	0.08070905129728659	0.14438194782762745	0.12234711589195905	0.27836600714344595
0.04559764523307965	0.6844313890054553	0.5943542572483559	0.4056457427516441	0.08075456751002624	0.14446412754650134	0.12253071326853616	0.2787856462538112
0.04558336647326174	0.6844313890054553	0.5940920710524591	0.4059079289475409	0.08070661586421891	0.14438739376770537	0.12240540281206791	0.2785234600579143
0.04558196011037186	0.6848510281158204	0.5940920710524591	0.4059079289475409	0.08075210291934685	0.14446952595936793	0.12258898631299701	0.27894309916827953
0.04548334824424611	0.6848510281158204	0.5926063492757107	0.40739365072428935	0.08048130979386527	0.14403600900225055	0.12187981958827837	0.277457377391531
0.045482589209532014	0.6852706672261855	0.5926063492757107	0.40739365072428935	0.08052665318802703	0.14411790662783514	0.12206333606858251	0.277877016501896
0.04547651420394036	0.6852706672261855	0.5925189538770783	0.40748104612292163	0.08051077256816053	0.14409247330803848	0.12202166882638313	0.2777896211032638
0.045472887772044446	0.6856903063365506	0.5925189538770783	0.40748104612292163	0.080556103332676	0.14417435037720033	0.12220517930101872	0.2782092602136288
0.045319382680097144	0.6856903063365506	0.5901592781140073	0.4098407218859927	0.08012946253432719	0.1434906695938529	0.12108223392972127	0.27584958445055774
0.045319033595536184	0.6861099454469156	0.5901592781140073	0.4098407218859927	0.08017456970529103	0.14357218124341412	0.12126564249017027	0.27626922356092276
0.04531376625552616	0.6861099454469156	0.5900937315650331	0.4099062684349669	0.080162777015101	0.14355327275121824	0.1212345061978317	0.2762036770119487
0.04531336591772415	0.6865295845572807	0.5900937315650331	0.4099062684349669	0.08020787370691769	0.14363476733977174	0.121417909874327	0.27662331612231394
0.0453021742108464	0.6865295845572807	0.5900063361664009	0.40999366383359914	0.08019214744375276	0.14360955056179775	0.12137639615820926	0.2765359207236817
0.045302073724265	0.6869492236676458	0.5900063361664009	0.40999366383359914	0.08023723164395648	0.1436910247970156	0.12155979405504153	0.27695555983404674
0.045298681138216286	0.6869492236676458	0.5899844873167428	0.4100155126832572	0.08023329902465323	0.14368471868691302	0.12154941560862759	0.27693371098438857
0.045297830210165015	0.6873688627780109	0.5899844873167428	0.4100155126832572	0.08027837678886493	0.14376618247246237	0.12173281044255685	0.2773533500947538
0.04528531362491239	0.6873688627780109	0.5897878476698202	0.4102121523301798	0.08024298241316807	0.14370942270573786	0.12163941225887788	0.27715671044783097
0.04528292744314125	0.6882081409987411	0.5897878476698202	0.4102121523301798	0.08033308841538085	0.14387226949732432	0.12200617925202925	0.27799598866856123
0.045248981167859754	0.6882081409987411	0.5892416264283685	0.4107583735716315	0.08023483365949119	0.14371467379397976	0.12174684547220865	0.2774497674271097
0.045247565737140505	0.6886277801091062	0.5892416264283685	0.4107583735716315	0.08027982975392593	0.14379600420609884	0.12193020339491578	0.2778694065374747
0.04524681844643932	0.6886277801091062	0.5892197775787105	0.41078022242128953	0.08027590255356619	0.14378970427163199	0.12191983375063727	0.27784755768781677
0.045246030499133054	0.6890474192194712	0.5892197775787105	0.41078022242128953	0.08032089223695152	0.14387102427056864	0.12210318865097863	0.2782671967981818
0.04524008755907897	0.6890474192194712	0.5891542310297363	0.4108457689702637	0.08030910691577815	0.14385211792018923	0.12207207917144952	0.2782016502492075
0.04523941338196197	0.6894670583298363	0.5891542310297363	0.4108457689702637	0.08035408617401085	0.1439334209373631	0.12225542927621735	0.27862128935957253
0.04523626842929287	0.6894670583298363	0.589044986781446	0.41095501321855404	0.08033444161940152	0.14390190497044011	0.12220358277632488	0.27851204511128236
0.045232771368349856	0.6898866974402015	0.589044986781446	0.41095501321855404	0.08037940644404244	0.1439831844456122	0.12238692632167157	0.2789316842216474
0.04522886472232524	0.6898866974402015	0.5889794402324717	0.4110205597675282	0.08036761830269848	0.14396427164061473	0.12235582000753038	0.2788661376726731
0.04522754063550708	0.6903063365505665	0.5889794402324717	0.4110205597675282	0.0804125727134966	0.14404553415061297	0.12253915877582935	0.2792857767830381
0.045226234430190804	0.6903063365505665	0.5889357425331556	0.4110642574668444	0.08040471186274989	0.1440329218106996	0.12251842123323692	0.2792420790837222
0.04522496043305824	0.6907259756609316	0.5889357425331556	0.4110642574668444	0.0804496578690127	0.1441141706430854	0.12270175611469596	0.27966171819408725
0.04518090311534084	0.6907259756609316	0.5882584281937556	0.4117415718062444	0.08032794885559513	0.14391885984086736	0.12238047753182889	0.27898440385468737
0.045179116009543385	0.6911456147712967	0.5882584281937556	0.4117415718062444	0.08037282842084716	0.144	0.12256378309622483	0.2794040429650524
0.04517787279641752	0.6911456147712967	0.5882147304944394	0.41178526950556055	0.08036498487362155	0.1439874109367487	0.12254306533298953	0.27936034526573605
0.045175187979447196	0.6915652538816618	0.5882147304944394	0.41178526950556055	0.08040985606245425	0.14406853745956816	0.12272636705682861	0.2797799843761011
0.04517283858057675	0.6915652538816618	0.5881491839454653	0.4118508160545347	0.08039808761830422	0.14404964817971241	0.12269529043872436	0.27971443782712724
0.04517135107953448	0.6919848929920268	0.5881491839454653	0.4118508160545347	0.08044294843650909	0.14413075780089152	0.12287858745679289	0.28013407693749226
0.045167684017223424	0.6919848929920268	0.588083637396491	0.41191636260350895	0.08043117744610281	0.14411186366615686	0.12284751139915749	0.280068530388518
0.04516708656446783	0.692404532102392	0.588083637396491	0.41191636260350895	0.08047602789835634	0.1441929563925544	0.12303080371913924	0.280488169498883
0.045157103027316146	0.692404532102392	0.5879743931482008	0.41202560685179923	0.08045640725570509	0.14416146083613648	0.12297901299469884	0.2803789252505928
0.04515690465650829	0.6928241712127571	0.5879743931482008	0.41202560685179923	0.08050124335657516	0.14424253014153415	0.12316229889122424	0.28079856436095785
0.045116377180798445	0.6928241712127571	0.5873407765081169	0.41265922349188316	0.08038757425260493	0.14406003228480432	0.12286206104740922	0.28016494772087386
0.04511489803478261	0.6932438103231221	0.5873407765081169	0.41265922349188316	0.08043234821558985	0.1441409999127476	0.12304531988338571	0.2805845868312389
0.04508828495619014	0.6932438103231221	0.5869037995149555	0.4130962004850445	0.08035410282601294	0.14401534303896782	0.12283841407784625	0.28014760983807774
0.045086850434761204	0.6936634494334872	0.5869037995149555	0.4130962004850445	0.08039883268482491	0.1440962385041189	0.12302165378367512	0.28056724894844276
0.0450770997047067	0.6936634494334872	0.5867945552666651	0.4132054447333348	0.08037928519328957	0.1440648422520481	0.1229699449483328	0.28045800470015236
0.04507669856271893	0.6940830885438523	0.5867945552666651	0.4132054447333348	0.08042400077798308	0.14414571441021395	0.1231531783597104	0.2808776438105174
0.04507334095162424	0.6940830885438523	0.586685311018375	0.4133146889816251	0.08040445287054591	0.14411431558769713	0.12310147402353458	0.2807683995622272
0.04507306489574351	0.6945027276542174	0.586685311018375	0.4133146889816251	0.08044915419016138	0.14419516445218908	0.12328470115551278	0.28118803867259246
0.04503539529000067	0.6945027276542174	0.5860953920776071	0.41390460792239286	0.08034370600514588	0.14402575928987904	0.1230056257445255	0.28059811973182436
0.045035172947629015	0.6949223667645824	0.5860953920776071	0.41390460792239286	0.08038834951456311	0.14410651350998563	0.12318882811816434	0.2810177588421894
0.045003921901016784	0.6949223667645824	0.5855054731368394	0.41449452686316063	0.08028312406069714	0.1439374185136897	0.12290998384466693	0.2804278399014217
0.04500283207490604	0.6953420058749475	0.5855054731368394	0.41449452686316063	0.08032770990886175	0.1440180783103733	0.12309316171276283	0.28084747901178697
0.04500212836126636	0.6953420058749475	0.5854836242871813	0.41451637571281874	0.08032381598720248	0.14401181992004172	0.12308283817664896	0.2808256301621288
0.045001708354164165	0.6957616449853127	0.5854836242871813	0.41451637571281874	0.08036839554047503	0.1440924694737757	0.12326601321333952	0.2812452692724938
0.04497624056804427	0.6957616449853127	0.5850466472940199	0.41495335270598005	0.0802905569007264	0.14396735119176834	0.1230595987074434	0.2808082922793327
0.04497291023736207	0.6961812840956777	0.5850466472940199	0.41495335270598005	0.08033509273158684	0.14404792914821568	0.12324275525953332	0.2812279313896977
0.044967802193452866	0.6961812840956777	0.5850029495947038	0.41499705040529616	0.08032731322326055	0.1440354228164612	0.12322211978004635	0.28118423369038137
0.044967750291756516	0.6966009232060428	0.5850029495947038	0.41499705040529616	0.08037184080565508	0.14411598732473846	0.12340527270404399	0.2816038728007466
0.04490379545807207	0.6966009232060428	0.5838012628635103	0.41619873713648975	0.080158385243131	0.14377273514637104	0.12283829260197654	0.28040218606955314
0.04490286787106728	0.6970205623164079	0.5838012628635103	0.41619873713648975	0.08020280057943023	0.14385311566275494	0.12302139892780034	0.28082182517991816
0.044877098004498184	0.6970205623164079	0.5832987393213747	0.4167012606786253	0.0801138281965948	0.14370998442637134	0.12278458760931205	0.2803193016377825
0.04487657996301301	0.697440201426773	0.5832987393213747	0.4167012606786253	0.0801581942702807	0.14379028420642817	0.12296767361065951	0.28073894074814776
0.044873287400566626	0.697440201426773	0.5832331927724006	0.41676680722759946	0.08014659786854415	0.14377162629757786	0.12293679611944748	0.2806733941991735
0.044870074800236324	0.697859840537138	0.5832331927724006	0.41676680722759946	0.08019095380460989	0.14385190951948446	0.1231198778052781	0.2810930333095385
0.044851399719796646	0.697859840537138	0.5829710065765037	0.41702899342349625	0.08014457831325301	0.14377728785717372	0.12299638904001067	0.2808308471136418
0.04485031231780967	0.6982794796475031	0.5829710065765037	0.41702899342349625	0.08018890655872006	0.14385752571971988	0.12317945929737997	0.28125048622400683
0.04484855451808022	0.6982794796475031	0.5828836111778715	0.41711638882212854	0.08017345218019754	0.14383265623649408	0.12313830413278844	0.2811630908253746
0.04484665387022773	0.6986991187578683	0.5828836111778715	0.41711638882212854	0.08021776835613799	0.14391287436795022	0.12332136931552791	0.28158272993573963
0.04483690785570097	0.6986991187578683	0.5827525180799231	0.41724748192007693	0.08019458626336576	0.14387556707712248	0.1232596420724208	0.2814516368377915
0.044834561978045306	0.6991187578682333	0.5827525180799231	0.41724748192007693	0.08023888648075904	0.14395575909444397	0.1234427006197253	0.28187127594815653
0.04472402529393685	0.6991187578682333	0.5813104940024908	0.4186895059975092	0.07998463680445533	0.14354644149577805	0.1227644564653834	0.2804292518707241
0.044723800680526754	0.6995383969785984	0.5813104940024908	0.4186895059975092	0.0800288046087374	0.14362641623228364	0.1229474619362161	0.2808488909810891
0.0446933273749335	0.6995383969785984	0.5806768773624069	0.41932312263759314	0.07991754158876264	0.14344720764133895	0.12264988859195444	0.28021527434100535
0.04469072750373589	0.6999580360889635	0.5806768773624069	0.41932312263759314	0.07996164908916586	0.14352708342296605	0.12283287013756994	0.28063491345137037
0.04468282538077566	0.6999580360889635	0.5805457842644585	0.41945421573554154	0.07993865618709863	0.14349004258247666	0.12277133396074233	0.28050382035342203
0.044678869012310864	0.7003776751993286	0.5805457842644585	0.41945421573554154	0.07998274787942684	0.14356989247311827	0.12295430912981731	0.28092345946378705
0.044657139952392476	0.7003776751993286	0.5801088072712972	0.41989119272870284	0.07990616172739025	0.14344649763644177	0.1227492605870783	0.2804864824706259
0.04465665563012852	0.7007973143096936	0.5801088072712972	0.41989119272870284	0.07995021064726159	0.1435262773408964	0.12293221890632519	0.28090612158099093
0.04464988328091366	0.7007973143096936	0.580021411872665	0.4199785881273351	0.07993490331227264	0.1435016111707841	0.12289122226750432	0.2808187261823587
0.04464862800148741	0.7012169534200587	0.580021411872665	0.4199785881273351	0.07997894031493802	0.14358137136965116	0.12307417577333168	0.2812383652927237
0.04458631563734403	0.7012169534200587	0.5793222486836068	0.4206777513163932	0.07985663082437276	0.1433842457525313	0.12274637111680771	0.28053920210366545
0.04458543732489407	0.7016365925304239	0.5793222486836068	0.4206777513163932	0.0799006021217624	0.14346389806512505	0.12292929910915758	0.2809588412140307
0.04455349890321351	0.7016365925304239	0.5787760274421552	0.42122397255784483	0.07980525989212925	0.14331019113739607	0.12267342040555218	0.28041261997257916
0.04455324100171381	0.7020562316407889	0.5787760274421552	0.42122397255784483	0.0798491790759832	0.14338975787443753	0.12285632831290977	0.2808322590829442
0.044550045670942916	0.7020562316407889	0.5786012366448907	0.42139876335510934	0.07981870229007633	0.14334061603050166	0.12277448507599938	0.2806574682856797
0.044549992565508754	0.702475870751154	0.5786012366448907	0.42139876335510934	0.0798626019750966	0.1434201507882111	0.12295738539098594	0.28107710739604475
0.044526991393895564	0.702475870751154	0.5781861085013874	0.4218138914986126	0.07979027645376549	0.14330351410349698	0.12276307881272917	0.28066197925254155
0.04452603940318569	0.702895509861519	0.5781861085013874	0.4218138914986126	0.07983413564653734	0.14338298236603322	0.12294596364511014	0.28108161836290657
0.04447403325464349	0.702895509861519	0.5774869453123292	0.4225130546876707	0.0797125588921144	0.14318686955035048	0.12261895668841154	0.2803824551738483
0.044472619366847245	0.7037347880822493	0.5774869453123292	0.4225130546876707	0.07980014275517487	0.14334558509274298	0.12298467543684896	0.28122173339457857
0.044454761664734756	0.7037347880822493	0.5771155148681422	0.42288448513185783	0.07973564092810954	0.14324151185137732	0.12281106585816733	0.2808503029503915
0.04445425607316623	0.7041544271926143	0.5771155148681422	0.42288448513185783	0.07977939428517092	0.14332080628629998	0.12299391063704414	0.2812699420607565
0.044368201501023725	0.7041544271926143	0.5758701304376325	0.42412986956236753	0.07956377430061641	0.14297277723341711	0.12241245789233984	0.2800245576302469
0.04436672589128691	0.7045740663029795	0.5758701304376325	0.42412986956236753	0.07960741548527808	0.14305188719434267	0.12259526142555602	0.28044419674061194
0.044347478260218155	0.7045740663029795	0.5756079442417357	0.42439205575826433	0.07956214756195802	0.14297879587839565	0.12247297684675118	0.28018201054471525
0.04434332752774819	0.7049937054133445	0.5756079442417357	0.42439205575826433	0.07960576194086429	0.1430578617958871	0.1226557704955832	0.2806016496550803
0.04430335333256602	0.7049937054133445	0.5750835718499421	0.4249164281500579	0.07951533510034078	0.1429118285058058	0.12241132494669332	0.28007727726328646
0.044296601699921535	0.7054133445237096	0.5750835718499421	0.4249164281500579	0.0795589000899238	0.14299081320176932	0.12259410067059734	0.2804969163736517
0.0442905228930077	0.7054133445237096	0.5750180253009679	0.4249819746990321	0.0795476055271626	0.14297257069955346	0.12256355604976474	0.28043136982467765
0.04428976511709501	0.7058329836340747	0.5750180253009679	0.4249819746990321	0.07959116074386031	0.14305153937744514	0.12274632808864362	0.28085100893504267
0.04428529413925277	0.7058329836340747	0.5748432345037033	0.4251567654962966	0.07956104252400549	0.14300289066485292	0.12266488460541855	0.280676218137778
0.044284731317585556	0.7062526227444398	0.5748432345037033	0.4251567654962966	0.07960457856399583	0.1430818278427205	0.12284764961971582	0.28109585724814323
0.044271324583648554	0.7062526227444398	0.5746902925560969	0.42530970744390306	0.07957823064920327	0.1430392656807751	0.12277639884040031	0.2809429153005367
0.04426901489558097	0.7066722618548049	0.5746902925560969	0.42530970744390306	0.07962174940898345	0.14311817447839204	0.12295915752586475	0.28136255441090174
0.04421416080879311	0.7066722618548049	0.5738381874194324	0.4261618125805676	0.07947519939591298	0.1428813846937044	0.12256245186434209	0.2805104492742374
0.044213927891671834	0.7070919009651699	0.5738381874194324	0.4261618125805676	0.07951864086833411	0.14296016629194416	0.12274518316736971	0.2809300883846024
0.044186264131910014	0.7070919009651699	0.5734012104262711	0.42659878957372893	0.07944365865157944	0.1428389776628661	0.12254192060940855	0.28049311139144106
0.04418599998246305	0.7075115400755351	0.5734012104262711	0.42659878957372893	0.07948705860166895	0.14291769093837417	0.12272463727437143	0.2809127505018063
0.04418105553994856	0.7075115400755351	0.5733356638772968	0.42666433612270316	0.07947581785613274	0.1428995211255668	0.12269415698199235	0.280847203952832
0.04417694853002905	0.7083508182962652	0.5733356638772968	0.42666433612270316	0.07956259426847662	0.14305690919106742	0.12305958159286479	0.28168648217356207
0.044139674388139837	0.7083508182962652	0.5729423845834517	0.4270576154165483	0.07949514928887633	0.1429478765296185	0.12287673701967337	0.2812932028797168
0.04413854118623925	0.7087704574066302	0.5729423845834517	0.4270576154165483	0.07953849776312691	0.14302650520789228	0.12305943534954948	0.28171284199008184
0.04409718933655964	0.7087704574066302	0.5723306167930258	0.4276693832069742	0.07943375817147157	0.14285714285714285	0.12277519796823692	0.281101074199656
0.044095790046776356	0.7091900965169954	0.5723306167930258	0.4276693832069742	0.079477050413845	0.14293567894447498	0.12295787692327986	0.28152071331002126
0.0440896557390226	0.7091900965169954	0.5721558259957613	0.4278441740042387	0.07944716058668673	0.1428873388290002	0.12287670699322348	0.2813459225127568
0.04408948816045153	0.7096097356273605	0.5721558259957613	0.4278441740042387	0.07949043388332629	0.14296584376056815	0.12305937933703602	0.28176556162312183
0.04408541326457877	0.7096097356273605	0.5720902794467871	0.42790972055321286	0.07947922541831172	0.1429477154571199	0.12302894396892423	0.28170001507414755
0.0440851730918466	0.7100293747377255	0.5720902794467871	0.42790972055321286	0.07952248907270762	0.1430262045646661	0.12321161285953049	0.28211965418451257
0.04408398279358147	0.7100293747377255	0.5720684305971291	0.4279315694028709	0.07951875176238368	0.14302015975656143	0.1232014677455884	0.2820978053348546
0.04408305145191838	0.7104490138480907	0.5720684305971291	0.4279315694028709	0.0795620094929273	0.14309863916828672	0.12338413444074213	0.28251744444521965
0.044026575013350146	0.7104490138480907	0.5712163254604645	0.4287836745395355	0.0794164555774463	0.1428631703303658	0.12298869800740028	0.2816653393085553
0.04402360195802501	0.7108686529584557	0.5712163254604645	0.4287836745395355	0.07945963694357146	0.14294152392203188	0.12317133898666283	0.28208497841892033
0.04395992329379756	0.7108686529584557	0.5703205226244838	0.4296794773755162	0.07930711610486892	0.1426946889609569	0.12275611631291211	0.28118917558293965
0.04395502361061989	0.7112882920688208	0.5703205226244838	0.4296794773755162	0.07935021768643791	0.14277291105121293	0.12293873086379341	0.2816088146933047
0.043951123117746994	0.7112882920688208	0.5702331272258516	0.42976687277414843	0.07933536157266557	0.1427488630621526	0.12289824720112354	0.28152141929467245
0.04395087303444719	0.7117079311791858	0.5702331272258516	0.42976687277414843	0.0793784517457643	0.1428270664027959	0.12308085783751133	0.28194105840503747
0.043948486200939794	0.7117079311791858	0.5701894295265355	0.42981057047346455	0.07937102208910521	0.1428150393667635	0.12306061668874024	0.28189736070572136
0.043946398912185686	0.712127570289551	0.5701894295265355	0.42981057047346455	0.07941410454396555	0.1428932300437858	0.1232432246168745	0.2823169998160866
0.043888712549287355	0.712127570289551	0.569402870938845	0.43059712906115494	0.07928054192945573	0.14267697998991088	0.12287907658677637	0.2815304412283961
0.04388237943143075	0.7129668485102811	0.569402870938845	0.43059712906115494	0.07936656233942169	0.142833123160992	0.12324424529875264	0.28236971944912614
0.04386745279572608	0.7129668485102811	0.5692280801415806	0.43077191985841945	0.07933691337847304	0.14278510799226826	0.12316336909291	0.2821949286518617
0.04386044381874451	0.7133864876206463	0.5692280801415806	0.43077191985841945	0.07937990287635413	0.14286314551031556	0.12334594654494252	0.2826145677622267
0.04385285371500588	0.7133864876206463	0.5690532893443161	0.43094671065568396	0.07935026138909634	0.1428151384046709	0.12326508563075475	0.28243977696496225
0.04384672113946378	0.7138061267310113	0.5690532893443161	0.43094671065568396	0.07939323220536756	0.1428931451612903	0.12344765695112274	0.2828594160753273
0.04378180269388182	0.7138061267310113	0.5678079049138063	0.4321920950861937	0.07918257145517177	0.14255185417976116	0.12287206556624024	0.2816140316448177
0.04377884694586844	0.7142257658413764	0.5678079049138063	0.4321920950861937	0.07922543406414374	0.14262968239336293	0.12305460282851963	0.2820336707551827
0.04377056056782452	0.7142257658413764	0.5676549629661998	0.4323450370338002	0.07919962773382969	0.1425878607632053	0.12298398152559965	0.2818807288075762
0.04376753642076218	0.7146454049517414	0.5676549629661998	0.4323450370338002	0.07924247359359732	0.1426656613889587	0.12316651342000617	0.2823003679179412
0.04376404378842341	0.7146454049517414	0.5676112652668837	0.4323887347331163	0.07923509979993486	0.14265371083933656	0.12314633755856652	0.2822566702186251
0.04376239701003096	0.7150650440621066	0.5676112652668837	0.4323887347331163	0.07927793802921745	0.14273149893202663	0.12332886690360724	0.28267630932899035
0.043749469106042084	0.7150650440621066	0.5672616836723546	0.43273831632764537	0.0792189679218968	0.14263591846984472	0.12316749546006617	0.2823267277344612
0.04374936724737683	0.7154846831724717	0.5672616836723546	0.43273831632764537	0.07926177304634838	0.14271365196283586	0.12335001447071943	0.28274636684482646
0.043746236671857015	0.7154846831724717	0.5671961371233805	0.43280386287661954	0.0792507204610951	0.14269573586642675	0.12331976443990059	0.2826808202958522
0.04374583356463152	0.7159043222828367	0.5671961371233805	0.43280386287661954	0.07929351615152219	0.14277345384551007	0.12350228037442454	0.2831004594062172
0.04368045764643796	0.7159043222828367	0.5661255434901352	0.4338744565098648	0.07911333704322018	0.14248131289931934	0.12300856074802638	0.28202986577297207
0.04368041441593753	0.7163239613932019	0.5661255434901352	0.4338744565098648	0.07915603987943427	0.14255887756806415	0.12319104855291005	0.2824495048833371
0.04363827972023956	0.7163239613932019	0.5652297406541545	0.43477025934584546	0.07900583171341294	0.1423152278127475	0.12277847765538873	0.2815537020473564
0.043636637788632505	0.7167436005035669	0.5652297406541545	0.43477025934584546	0.07904845651872079	0.14239266360983743	0.12296094227970492	0.28197334115772144
0.04360942680148841	0.7167436005035669	0.5648801590596255	0.4351198409403745	0.07898996438977016	0.14229775889360993	0.12280006900370943	0.2816237595631925
0.04360727848274501	0.717163239613932	0.5648801590596255	0.4351198409403745	0.07903255641879393	0.14237514058399633	0.12298252390749694	0.28204339867355754
0.043597630021087234	0.717163239613932	0.5646179728637287	0.4353820271362713	0.07898872249953781	0.14230400932595028	0.1228619135218776	0.28178121247766086
0.043597204049950294	0.7175828787242972	0.5646179728637287	0.4353820271362713	0.0790312889957018	0.14238134887593673	0.1230443608635082	0.2822008515880259
0.04357074857370522	0.7175828787242972	0.564049902772619	0.435950097227381	0.07893643539675946	0.14222739748814772	0.12278317400881524	0.2816327814969162
0.043569588975078004	0.7180025178346622	0.564049902772619	0.435950097227381	0.07897895125553914	0.1423046533871169	0.12296560669917361	0.2820524206072812
0.04356052481225146	0.7180025178346622	0.5639625073739867	0.43603749262601327	0.07896437142329703	0.14228098623757848	0.12292544013647289	0.28196502520864897
0.0435532725584708	0.7184221569450273	0.5639625073739867	0.43603749262601327	0.07900687618256495	0.1423582238483286	0.12310786948063261	0.282384664319014
0.04354316019896306	0.7184221569450273	0.5638095654263803	0.4361904345736197	0.07898136187488466	0.1423168045222162	0.12303758602855545	0.2822317223714075
0.043540674582383504	0.7188417960553923	0.5638095654263803	0.4361904345736197	0.07902385016376805	0.14239401496259352	0.12322001052368135	0.2826513614817725
0.0435334853102784	0.7188417960553923	0.56370032117809	0.43629967882191	0.07900562678719675	0.14236442966964472	0.12316981455777011	0.2825421172334823
0.0435309476229405	0.7192614351657575	0.56370032117809	0.43629967882191	0.0790481021998801	0.14244161888140947	0.12335223523110013	0.28296175634384735
0.04345194186120139	0.7192614351657575	0.5627171229434771	0.43728287705652297	0.07888438880706922	0.14217577039525528	0.12290078640949055	0.28197855810923445
0.04344807546168422	0.7196810742761225	0.5627171229434771	0.43728287705652297	0.07892677987942381	0.1422528201725282	0.1230831835068824	0.28239819721959947
0.04344400858621941	0.7196810742761225	0.5626515763945028	0.4373484236054972	0.07891588441008651	0.14223512336719885	0.12305310697865122	0.2823326506706252
0.043442635934788594	0.7201007133864876	0.5626515763945028	0.4373484236054972	0.07895826623107717	0.14231215790346657	0.12323550133894397	0.28275228978099043
0.04343490564779667	0.7201007133864876	0.5625860298455286	0.43741397015447137	0.07894736842105263	0.1422944566524317	0.12320542603497282	0.28268674323201637
0.04343233851987372	0.7205203524968528	0.5625860298455286	0.43741397015447137	0.07898974099461747	0.1423714759535655	0.12338781766549345	0.2831063823423814
0.04338495358790725	0.7205203524968528	0.5616465293102317	0.4383534706897682	0.07883379247015611	0.14211811447254066	0.12295701196576672	0.2821668818070844
0.043379862596140496	0.7213596307175829	0.5616465293102317	0.4383534706897682	0.07891837296850611	0.14227188081936684	0.12332175027435902	0.28300616002781465
0.04333861845186793	0.7213596307175829	0.5609910638204898	0.43900893617951015	0.07880982945167797	0.1420954742715437	0.12302148456260946	0.2823506945380727
0.04333726702825086	0.7217792698279479	0.5609910638204898	0.43900893617951015	0.07885206069774905	0.14217225987766574	0.12320383784370083	0.28277033364843773
0.04332278747975624	0.7217792698279479	0.560685179925277	0.43931482007472306	0.07880148440005498	0.14209004543577033	0.12306379831425837	0.28246444975322493
0.04332085932433958	0.7221989089383131	0.560685179925277	0.43931482007472306	0.07884368700751329	0.14216678369336253	0.12324614393251848	0.28288408886358996
0.04329647946316467	0.7221989089383131	0.5602482029321156	0.43975179706788436	0.07877151226656902	0.14204944079897652	0.12304617839307365	0.2824471118704288
0.04329564841813888	0.7226185480486781	0.5602482029321156	0.43975179706788436	0.07881367568309762	0.14212611422911853	0.12322851370656751	0.28286675098079384
0.04329031834454391	0.7226185480486781	0.5601389586838252	0.4398610413161747	0.07879564381806534	0.14209679415769277	0.12317853842544739	0.2827575067325032
0.04328968500190516	0.7230381871590432	0.5601389586838252	0.4398610413161747	0.07883779455502174	0.14217344665401435	0.12336087028943217	0.28317714584286846
0.04327627793305244	0.7230381871590432	0.5599860167362188	0.44001398326378116	0.07881255145915286	0.14213239843266653	0.12329091407744168	0.28302420389526217
0.043276160283790555	0.7234578262694084	0.5599860167362188	0.44001398326378116	0.0788546859991767	0.14220902416893508	0.12347324161132218	0.2834438430056272
0.04326109434863489	0.7234578262694084	0.5597456793899801	0.4402543206100199	0.07881503154429917	0.14214453559797172	0.12336333455073485	0.28320350565938845
0.04326018165103892	0.7238774653797734	0.5597456793899801	0.4402543206100199	0.07885714285714286	0.14222112292851843	0.12354565600218825	0.2836231447697535
0.04320540527080912	0.7238774653797734	0.5589809696519479	0.4410190303480522	0.07873117298037426	0.14201621866381262	0.12319617183600329	0.28285843503172137
0.04320416619357201	0.7242971044901385	0.5589809696519479	0.4410190303480522	0.07877321893113048	0.14209269778546144	0.12337847678381766	0.2832780741420864
0.043186945107760326	0.7242971044901385	0.5588061788546833	0.4411938211453167	0.07874446826953785	0.14204592214632542	0.1232986414135093	0.28310328334482193
0.043183607580405424	0.7247167436005035	0.5588061788546833	0.4411938211453167	0.07878649635036496	0.14212237172365552	0.12348094175602324	0.28352292245518695
0.043025334040587206	0.7247167436005035	0.5561624680460574	0.4438375319539426	0.07835397667982397	0.1414182771044874	0.1222756361246939	0.2808792116465608
0.043025189926441644	0.7251363827108687	0.5561624680460574	0.4438375319539426	0.07839578985572997	0.14149437052200614	0.12245788544777002	0.28129885075692607
0.04300830540861267	0.7251363827108687	0.5557473399025541	0.44425266009744585	0.07832827161053443	0.14138438880706922	0.1222689958741676	0.28088372261342265
0.043007441356047886	0.7255560218212337	0.5557473399025541	0.44425266009744585	0.07837004804641465	0.14146042135406015	0.12245123668206417	0.28130336172378767
0.043003843935854415	0.7255560218212337	0.555703642203238	0.444296357796762	0.07836294416243655	0.14144884852947193	0.12243135875220647	0.2812596640244718
0.043002394740508154	0.7259756609315988	0.555703642203238	0.444296357796762	0.07840471334692953	0.14152486910994763	0.12261359772294429	0.2816793031348368
0.04299111737085335	0.7259756609315988	0.5555288514059735	0.44447114859402653	0.07837629683323517	0.1414785737651292	0.12253409425296231	0.28150451233757234
0.042989104738785644	0.726814939152329	0.5555288514059735	0.44447114859402653	0.07845979614949038	0.14163055033118	0.12289856284779498	0.2823437905583024
0.04297324999450505	0.726814939152329	0.5551355721121283	0.4448644278878717	0.07839587199565473	0.1415263932015035	0.12271973258264582	0.28195051126445714
0.04297324512596996	0.7272345782626941	0.5551355721121283	0.4448644278878717	0.07843758486466915	0.14160232054581853	0.12290195844244049	0.2823701503748224
0.042971037433888526	0.7272345782626941	0.5550700255631541	0.4449299744368459	0.07842693578313799	0.14158496732026143	0.12287216118863338	0.2823046038258483
0.042964097836604105	0.7276542173730591	0.5550700255631541	0.4449299744368459	0.07846863969590008	0.14166087986601855	0.12305438487628617	0.28272424293621334
0.04296090427738349	0.7276542173730591	0.5550044790141799	0.44499552098582007	0.07845798832632007	0.14164352230027774	0.1230245890409512	0.28265869638723906
0.0429608586424294	0.7280738564834243	0.5550044790141799	0.44499552098582007	0.0784996832865804	0.14171942005309374	0.12320681056371972	0.2830783354976041
0.04295657312199993	0.7280738564834243	0.5548515370665734	0.4451484629334266	0.0784748292550545	0.14167891556426587	0.12313729423729539	0.2829253935499976
0.0429549617180617	0.7284934955937893	0.5548515370665734	0.4451484629334266	0.07851650836725464	0.14175478708202344	0.12331951210831324	0.2833450326603626
0.042916797359258164	0.7284934955937893	0.5542834669754637	0.44571653302453623	0.07842428623057462	0.14160447000285492	0.12306142032158525	0.2827769625692529
0.04291092826862553	0.7293327738145196	0.5542834669754637	0.44571653302453623	0.07850754359020688	0.14175604583826107	0.12342583382432347	0.2836162407899834
0.04289737122837801	0.7293327738145196	0.554043129629225	0.44595687037077497	0.07846855388505124	0.14169248328713516	0.12331669058985927	0.28337590344374464
0.042895869499403556	0.7297524129248846	0.554043129629225	0.44595687037077497	0.07851015801354402	0.1417682305466107	0.12349889184093113	0.28379554255410966
0.04289382827123406	0.7297524129248846	0.5539557342305927	0.44604426576940726	0.07849598266678703	0.1417451196152749	0.1234592104121919	0.28370814715547743
0.04289237999843739	0.7301720520352497	0.5539557342305927	0.44604426576940726	0.07853757616790792	0.14182084929497107	0.12364140922277096	0.28412778626584245
0.04278049691472172	0.7301720520352497	0.5520111866110249	0.44798881338897506	0.07822334112569682	0.14130832013643563	0.1227596267322851	0.2821832386462746
0.042779655456712785	0.7305916911456147	0.5520111866110249	0.44798881338897506	0.07826477860193302	0.1413837908072113	0.1229417937803623	0.2826028777566396
0.04276192044775005	0.7305916911456147	0.55172715156547	0.4482728484345299	0.07821906730164435	0.14130920011363174	0.12281317449755416	0.28231884271108476
0.04276126626732548	0.7310113302559799	0.55172715156547	0.4482728484345299	0.07826047890740824	0.14138462787111436	0.12299533630466745	0.28273848182145
0.04275465105559506	0.7310113302559799	0.5516179073171797	0.44838209268282025	0.07824290334171757	0.1413559459569116	0.12294587816836419	0.2826292375731596
0.04275204175485534	0.731430969366345	0.5516179073171797	0.44838209268282025	0.07828430271726926	0.1414313534566699	0.12312803740429247	0.28304887668352485
0.04272276799391631	0.731430969366345	0.5511809303240185	0.44881906967598156	0.07821404532196545	0.141316685584563	0.12293026748924779	0.2826118996903635
0.04271979315775131	0.73185060847671	0.5511809303240185	0.44881906967598156	0.07825540698196178	0.1413920304836029	0.1231124193293435	0.2830315388007285
0.04270744105126017	0.73185060847671	0.5509405929777798	0.4490594070222203	0.07821680046643047	0.1413290113452188	0.12300368943284186	0.28279120145448977
0.042707196453597975	0.7322702475870752	0.5509405929777798	0.4490594070222203	0.07825813974347474	0.14140431911186743	0.12318583685515545	0.283210840564855
0.04268562972129281	0.7322702475870752	0.5505254648342766	0.4494745351657235	0.07819151319621813	0.14129554655870447	0.12299810318774335	0.2827957124213518
0.04268539916641806	0.7326898866974402	0.5505254648342766	0.4494745351657235	0.07823281656062371	0.14137079470466782	0.12318024374592168	0.28321535153171684
0.04263106242507933	0.7326898866974402	0.5496952085472699	0.45030479145273	0.07809983896940419	0.14115364404381744	0.12280506197466484	0.28238509524471
0.04263060082588666	0.7331095258078053	0.5496952085472699	0.45030479145273	0.07814107438386188	0.1412287793047696	0.12298719005523814	0.28280473435507525
0.04256169998742962	0.7331095258078053	0.5485153706657344	0.45148462933426553	0.07795279104011422	0.1409211906106316	0.12245469840271643	0.2816248964735397
0.042560816474077064	0.7335291649181703	0.5485153706657344	0.45148462933426553	0.07799393182223809	0.1409961685823755	0.12263680988785423	0.28204453558390474
0.04247861088347793	0.7335291649181703	0.5472699862352247	0.4527300137647753	0.07779607459165962	0.14067278287461774	0.1220755741689886	0.28079915115339515
0.04247824281955203	0.7339488040285355	0.5472699862352247	0.4527300137647753	0.07783711615487317	0.14074759586367844	0.12225766914656763	0.2812187902637602
0.04242970873311066	0.7339488040285355	0.5464834276475343	0.4535165723524656	0.07771260997067449	0.14054401542850256	0.12190364314399092	0.2804322316760697
0.04242185506316829	0.7343684431389006	0.5464834276475343	0.4535165723524656	0.07775358777269294	0.14061872237846526	0.1220857279174567	0.2808518707864349
0.04237824017190996	0.7343684431389006	0.5458061133081343	0.45419388669186567	0.07764664122814802	0.1404438024156334	0.12178114028587816	0.2801745564470348
0.04236986453964018	0.7347880822492656	0.5458061133081343	0.45419388669186567	0.07768756377833977	0.14051841746248295	0.12196321649603212	0.28059419555739984
0.04235649382952872	0.7347880822492656	0.5454783805632634	0.45452161943673663	0.07763589607165026	0.14043389341139673	0.12181592294676416	0.28026646281252887
0.04235623278644535	0.7352077213596308	0.5454783805632634	0.45452161943673663	0.0776767900687209	0.14050846098323844	0.12199799473856968	0.2806861019228941
0.04234800497726816	0.7352077213596308	0.5453472874653149	0.45465271253468503	0.07765613226364079	0.1404746632456703	0.12193909248976867	0.2805550088249458
0.042343605974480523	0.7356273604699958	0.5453472874653149	0.45465271253468503	0.07769701267618119	0.14054920825816797	0.12212116209145253	0.2809746479353108
0.04232149247494307	0.7356273604699958	0.5449977058707859	0.4550022941292141	0.07764195234298875	0.14045911622130525	0.12196413198351139	0.28062506634078166
0.04232136948404921	0.7360469995803609	0.5449977058707859	0.4550022941292141	0.07768280260418974	0.14053361108885506	0.12214619705422153	0.2810447054511469
0.042303170194728346	0.7360469995803609	0.5446699731259149	0.4553300268740851	0.07763122952996371	0.14044921327621412	0.12199903898423713	0.28071697270627594
0.04230035587679762	0.7364666386907259	0.5446699731259149	0.4553300268740851	0.07767205133879176	0.14052366082152293	0.1221810998462506	0.28113661181664096
0.0422733281749832	0.7364666386907259	0.5442766938320698	0.4557233061679303	0.07761022420731438	0.14042246759481516	0.12200458399549875	0.2807433325227957
0.042272344745723646	0.7368862778010911	0.5442766938320698	0.4557233061679303	0.07765101264703281	0.14049685962315478	0.12218664005826595	0.28116297163316073
0.042236089885093864	0.7368862778010911	0.5436430771919858	0.45635692280801415	0.0775515611888884	0.1403340525853113	0.12190242525340576	0.28052935499307674
0.042235689760996065	0.7373059169114562	0.5436430771919858	0.45635692280801415	0.07759229818053348	0.1404083589723099	0.12208447424652707	0.280948994103442
0.042198871652044466	0.7373059169114562	0.5430531582512181	0.4569468417487819	0.07749988972696396	0.14025704478326814	0.12182005165175908	0.28035907516267433
0.04219769114767039	0.7377255560218212	0.5430531582512181	0.4569468417487819	0.07754057868736768	0.14033127120335262	0.12200209426187959	0.28077871427303935
0.04217637840497108	0.7377255560218212	0.5427691232056633	0.45723087679433677	0.07749614282565571	0.14025849688846337	0.12187484447474277	0.2804946792274845
0.042176016608712986	0.7381451951321863	0.5427691232056633	0.45723087679433677	0.07753680684122366	0.14033268179823685	0.12205688375218282	0.2809143183378495
0.04215747638757892	0.7381451951321863	0.5425287858594245	0.4574712141405755	0.07749922897299202	0.14027113237639555	0.12194924280744386	0.2806739809916108
0.042157406979600354	0.7385648342425514	0.5425287858594245	0.4574712141405755	0.07753987135430435	0.14034528128862486	0.12213127921422595	0.2810936201019758
0.04214423518034332	0.7385648342425514	0.5423321462125019	0.4576678537874981	0.0775091381512309	0.14029493822239936	0.12204323083631116	0.2808969804550534
0.042143780562272866	0.7389844733529165	0.5423321462125019	0.4576678537874981	0.0775497621983442	0.14036905663385277	0.12222526481220891	0.2813166195654184
0.04214130183387187	0.7389844733529165	0.5422884485131858	0.4577115514868142	0.07754293262879788	0.14035786872833061	0.12220570095708125	0.2812729218661023
0.04214124260615617	0.7394041124632815	0.5422884485131858	0.4577115514868142	0.07758354982167232	0.14043197577110067	0.12238773389317562	0.28169256097646733
0.04212335481349088	0.7394041124632815	0.5419825646179728	0.45801743538202716	0.07753575357535754	0.14035367213637087	0.12225081312951813	0.2813866770812543
0.04212210557234108	0.7398237515736467	0.5419825646179728	0.45801743538202716	0.07757634427527942	0.1404277350750727	0.12243284272784856	0.28180631619161955
0.04209298500718364	0.7398237515736467	0.5415237387751535	0.4584762612248465	0.07750472589792061	0.14031038599283724	0.12222755240487695	0.2813474903488
0.042092231842865056	0.7402433906840118	0.5415237387751535	0.4584762612248465	0.07754527870582029	0.14038438581831206	0.12240957744607536	0.28176712945916527
0.04205987165758485	0.7402433906840118	0.5409993663833599	0.45900063361664006	0.07746355173019498	0.1402504472271914	0.12217509441437344	0.2812427570673717
0.04205967242120157	0.7406630297943768	0.5409993663833599	0.45900063361664006	0.07750406182760286	0.14032437589441882	0.1223571145188578	0.2816623961777367
0.042054619657303526	0.7406630297943768	0.5409338198343857	0.4590661801656143	0.07749385317878468	0.140307643388052	0.1223278139990841	0.2815968496287624
0.042053814431750186	0.741082668904742	0.5409338198343857	0.4590661801656143	0.07753435483162839	0.14038155802861685	0.1225098329693143	0.28201648873912766
0.04202569660436589	0.741082668904742	0.5405405405405406	0.4594594594594595	0.0774731300723843	0.14028119787115736	0.12233407512067598	0.28162320944528263
0.042025682367070945	0.741502308015107	0.5405405405405406	0.4594594594594595	0.07751359887699596	0.14035505778625046	0.12251609039429955	0.28204284855564765
0.0419430851558061	0.741502308015107	0.5391422141624244	0.46085778583757564	0.07729658792650919	0.13999920770114488	0.12189183165391615	0.28064452217753133
0.04194084050184035	0.7419219471254721	0.5391422141624244	0.46085778583757564	0.07733694938979048	0.1400728886071938	0.12207383611953639	0.2810641612878966
0.041935984424949745	0.7419219471254721	0.5390985164631081	0.4609014835368918	0.07733018414031405	0.1400617919670443	0.12205434446192542	0.28102046358858024
0.04193520141416427	0.7423415862358371	0.5390985164631081	0.4609014835368918	0.07737053883834849	0.14013546163900661	0.12223634807483014	0.28144010269894526
0.04193356346372582	0.7423415862358371	0.5390329699141341	0.460967030085866	0.0773603883325316	0.14011881188118813	0.12220711203517219	0.2813745561499712
0.04193266333567242	0.7427612253462023	0.5390329699141341	0.460967030085866	0.07740073465104076	0.14019246762504456	0.12238911465176212	0.28179419526033644
0.0418800687157952	0.7427612253462023	0.5382027136271275	0.4617972863728725	0.07727233039378328	0.13998181027324133	0.12201898238814746	0.2809639389733296
0.04187993398585635	0.7431808644565674	0.5382027136271275	0.4617972863728725	0.07731261186536867	0.14005535784895215	0.12220097905875027	0.28138357808369485
0.041868493321107335	0.7431808644565674	0.5379186785815726	0.46208132141842734	0.07726876090750437	0.13998340117772595	0.12207443642926298	0.28109954303814
0.041865896332004986	0.7436005035669324	0.5379186785815726	0.46208132141842734	0.07730901793115484	0.14005690799873538	0.12225643083026118	0.281519182148505
0.04170848621921667	0.7436005035669324	0.5354060608708952	0.46459393912910485	0.07692307692307693	0.13942326606082064	0.1211388321046071	0.27900656443782745
0.04170799669917611	0.7440201426772975	0.5354060608708952	0.46459393912910485	0.0769631462430004	0.13949645948072384	0.12132081268293472	0.2794262035481927
0.04169100409457313	0.7440201426772975	0.5349253861784178	0.4650746138215823	0.07688971768073204	0.13937583523307917	0.12110738023292918	0.27894552885571544
0.04169079681661214	0.7444397817876626	0.5349253861784178	0.4650746138215823	0.0769297484822203	0.13944896435168808	0.12128935825789255	0.27936516796608046
0.04168201050155266	0.7444397817876626	0.5347287465314952	0.4652712534685049	0.07689973557588105	0.1393996542511394	0.12120207819697248	0.2791685283191576
0.04168106603168611	0.7448594208980277	0.5347287465314952	0.4652712534685049	0.07693974859124404	0.13947275370290338	0.12138405497435802	0.27958816742952286
0.041681056339739765	0.7448594208980277	0.534706897681837	0.46529310231816295	0.07693641367951107	0.13946727429873498	0.12137435831885872	0.2795663185798647
0.04167702128248999	0.7452790600083928	0.534706897681837	0.46529310231816295	0.0769764216366158	0.13954036535061873	0.12155633458470304	0.2799859576902297
0.041674795802371926	0.7452790600083928	0.5346413511328629	0.4653586488671371	0.07696641386782233	0.1395239217534763	0.12152724581571589	0.2799204111412559
0.04167398432573144	0.7456986991187579	0.5346413511328629	0.4653586488671371	0.07700641358987693	0.13959699909658668	0.12170922139723957	0.2803400502516209
0.04162650289507116	0.7456986991187579	0.5338766413948306	0.46612335860516946	0.07688979273938817	0.1394053502784969	0.12137001137850113	0.27957534051358834
0.041626134336816105	0.746118338229123	0.5338766413948306	0.46612335860516946	0.07692973347178955	0.13947832908413416	0.1215519836781035	0.2799949796239536
0.041579335219390307	0.746118338229123	0.5330900828071402	0.4669099171928598	0.07681009158458614	0.1392816575927304	0.12120338907788106	0.2792084210362633
0.041576123690510704	0.746537977339488	0.5330900828071402	0.4669099171928598	0.07684997192103331	0.13935453548488172	0.1213853584163213	0.27962806014662833
0.04148041742406818	0.746537977339488	0.5316699075793659	0.46833009242063406	0.07663478935125355	0.13900066414032894	0.120756736408652	0.27820788491885384
0.041479769300933285	0.7469576164498531	0.5316699075793659	0.46833009242063406	0.07667456385957355	0.13907336510664894	0.12093870170195732	0.2786275240292191
0.0414561354086137	0.7469576164498531	0.531364023684153	0.46863597631584697	0.07662835249042145	0.1389973449945338	0.12080343746135243	0.2783216401340063
0.04145589035068439	0.7473772555602182	0.531364023684153	0.46863597631584697	0.07666810159276798	0.13907000351384063	0.12098540179511719	0.2787412792443713
0.041410655597611125	0.7473772555602182	0.5306867093447529	0.469313290655247	0.07656592579854693	0.1389018873810638	0.12068605215914485	0.278063964904971
0.041406908357701375	0.7477968946705833	0.5306867093447529	0.469313290655247	0.07660562290430746	0.13897445895886137	0.12086801499536293	0.27848360401533623
0.04137483586430562	0.7477968946705833	0.5301841858026175	0.4698158141973825	0.07652995490659223	0.1388499298737728	0.12064606273372636	0.2779810804732008
0.04137443210112249	0.7482165337809484	0.5301841858026175	0.4698158141973825	0.07656961264278966	0.1389224356227356	0.1208280245835871	0.27840071958356605
0.041313459398095075	0.7482165337809484	0.5290480456203981	0.4709519543796019	0.0763990059131031	0.13864157692158158	0.12032667563352824	0.27726457940134663
0.04131271029961408	0.7486361728913135	0.5290480456203981	0.4709519543796019	0.07643857920219375	0.1387139413731436	0.12050863622806428	0.27768421851171166
0.04130702605381383	0.7486361728913135	0.5288514059734755	0.4711485940265245	0.07640911427102964	0.13866542303058568	0.1204219282372903	0.2774875788647888
0.04130692498095235	0.7490558120016786	0.5288514059734755	0.4711485940265245	0.07644867017859437	0.13873775843307942	0.12060388849188897	0.27790721797515405
0.04129784966039678	0.7490558120016786	0.5287640105748432	0.47123598942515676	0.07643557572902838	0.1387161952129313	0.12056535761984369	0.2778198225765218
0.041294014373900255	0.7494754511120436	0.5287640105748432	0.47123598942515676	0.07647512203476921	0.13878851458989006	0.12074731759795557	0.27823946168688685
0.041287844649027274	0.7494754511120436	0.5286329174768949	0.47136708252310516	0.07645547945205479	0.13875616672493493	0.1206895282277737	0.2781083685889385
0.041287390930773445	0.7498950902224087	0.5286329174768949	0.47136708252310516	0.07649501305594794	0.13882846488502176	0.12087148793082245	0.2785280076993035
0.041251201730740164	0.7498950902224087	0.5279993008368109	0.47200069916318904	0.07640017101325353	0.1386722539091297	0.12059229037693772	0.27789439105921954
0.04125031538615718	0.7503147293327738	0.5279993008368109	0.47200069916318904	0.07643965627805566	0.1387444711724994	0.12077424985424656	0.27831403016958456
0.04123830772780715	0.7503147293327738	0.5278026611898883	0.47219733881011167	0.07641025641025641	0.13869604002637398	0.12068764198016187	0.27811739052266216
0.04123798244882292	0.7507343684431389	0.5278026611898883	0.47219733881011167	0.07644972437075338	0.13876822835867206	0.12086960129371521	0.2785370296330272
0.04123478344387658	0.7507343684431389	0.5276715680919399	0.47232843190806006	0.07643012773956509	0.1387359441644048	0.12081187315935035	0.27840593653507884
0.04123467984242244	0.751154007553504	0.5276715680919399	0.47232843190806006	0.07646958304853042	0.1388081113566748	0.12099383231255405	0.2788255756454441
0.04117221573288121	0.751154007553504	0.5265791256090366	0.4734208743909633	0.0763065905021741	0.13853953020393947	0.12051308767593143	0.27773313316254056
0.04117192298953668	0.751573646663869	0.5265791256090366	0.4734208743909633	0.07634596530116373	0.1386115625725563	0.12069504749888171	0.2781527722729056
0.04115804156393434	0.751573646663869	0.5263387882627979	0.47366121173720205	0.07631018321261185	0.1385525857734112	0.12058936091307135	0.27791243492666684
0.041157567368709055	0.7519932857742342	0.5263387882627979	0.47366121173720205	0.0763495377274083	0.13862458420360485	0.12077132085129967	0.2783320740370321
0.04115655930071107	0.7519932857742342	0.52631693941314	0.4736830605868601	0.076346284935242	0.13861922258750725	0.12076171437973059	0.27831022518737414
0.041155546960631596	0.7528325639949643	0.52631693941314	0.4736830605868601	0.07642498082985431	0.138763197586727	0.1211256338014794	0.2791495034081044
0.04113906542716735	0.7528325639949643	0.5261202997662173	0.4738797002337827	0.07639569049951028	0.1387149153328694	0.12103918639326348	0.27895286376118156
0.041138235996769724	0.7532522031053294	0.5261202997662173	0.4738797002337827	0.07643501958780446	0.13878687130320486	0.12122114613534839	0.2793725028715466
0.04104053814715497	0.7532522031053294	0.5244160894928882	0.4755839105071118	0.07618198794669383	0.13836962805935632	0.1204727107811753	0.27766829259821746
0.04103808049753735	0.7536718422156945	0.5244160894928882	0.4755839105071118	0.07622119424521495	0.13844137824712865	0.12065467383019403	0.2780879317085827
0.04100669775828896	0.7536718422156945	0.5239135659507527	0.47608643404924733	0.07614686678538116	0.13831876468096577	0.12043424516368119	0.27758540816644706
0.04100667069596887	0.7540914813260596	0.5239135659507527	0.47608643404924733	0.0761860346801204	0.13839045051983057	0.12061620946139788	0.2780050472768123
0.04096559554890827	0.7540914813260596	0.5232144027616946	0.4767855972383054	0.07608281468309412	0.1382201369125452	0.12030972535731425	0.27730588408775425
0.040965240088422485	0.7545111204364247	0.5232144027616946	0.4767855972383054	0.07612193056731584	0.1382917355689728	0.12049169171811694	0.2777255231981193
0.04095793031215752	0.7545111204364247	0.52303961196443	0.47696038803556995	0.0760961571017437	0.13824920226058207	0.12041510699120322	0.2775507324008548
0.04095399832057186	0.7549307595467898	0.52303961196443	0.47696038803556995	0.07613525752253587	0.13832077502691065	0.12059707386385386	0.27797037151121984
0.04095349983163605	0.7549307595467898	0.523017763114772	0.476982236885228	0.07613203554803216	0.13831545765578748	0.12058750185062793	0.2779485226615619
0.04095179934536352	0.7553503986571548	0.523017763114772	0.476982236885228	0.07617113114129745	0.1383870223725686	0.12076946872637948	0.2783681617719269
0.04094816682543073	0.7553503986571548	0.5229085188664817	0.47709148113351835	0.07615501776950415	0.13836042891732964	0.12072161238536999	0.2782589175236365
0.040946567433697095	0.7557700377675199	0.5229085188664817	0.47709148113351835	0.07619410246647206	0.13843197540353575	0.12090357957564236	0.27867855663400176
0.040937427700639246	0.7557700377675199	0.522690030369901	0.477309969630099	0.07616188099970397	0.13837879369957742	0.12080788439977927	0.27846006813742097
0.040937088182585096	0.756189676877885	0.522690030369901	0.477309969630099	0.07620094722598106	0.13845030924666743	0.12098985232122535	0.278879707247786
0.04093087137801332	0.756189676877885	0.5225589372719526	0.47744106272804737	0.07618161833093769	0.1384184045781004	0.1209324464015667	0.2787486141498374
0.04092909719474965	0.7566093159882501	0.5225589372719526	0.47744106272804737	0.07622067216233354	0.1384898993778324	0.12111441475909479	0.27916825326020267
0.04088107097222085	0.7566093159882501	0.5219034717822106	0.4780965282177893	0.07612412919569347	0.13833052017799602	0.12082750782761027	0.27851278777046073
0.04087567744761029	0.7570289550986152	0.5219034717822106	0.4780965282177893	0.0761631343409609	0.13840193333077602	0.12100947877966871	0.278932426880826
0.04081130617284922	0.7570289550986152	0.5206143896523848	0.4793856103476152	0.07597388923983997	0.13808940600122474	0.12044581459195577	0.27764334475100005
0.0408107360761558	0.7574485942089803	0.5206143896523848	0.4793856103476152	0.07601280215615261	0.13816066439588198	0.12062779149164242	0.2780629838613651
0.04077425179586023	0.7574485942089803	0.5200026218619589	0.47999737813804105	0.07592327753007487	0.1380127690484383	0.12036056012272543	0.27745121607093903
0.04077344735474664	0.7578682333193454	0.5200026218619589	0.47999737813804105	0.07596214511041009	0.1380839513724291	0.12054254022180863	0.2778708551813043
0.04077127066538943	0.7578682333193454	0.5199589241626428	0.48004107583735717	0.07595575556209783	0.13807339449541284	0.12052345904630717	0.27782715748198816
0.04077109298853445	0.7582878724297104	0.5199589241626428	0.48004107583735717	0.0759946168727395	0.13814456633920721	0.12070543940248585	0.2782467965923532
0.040767470319325545	0.7582878724297104	0.5198715287640105	0.48012847123598945	0.07598183500126146	0.1381234473533346	0.12066728014462248	0.27815940119372096
0.04076701205311922	0.7587075115400755	0.5198715287640105	0.48012847123598945	0.07602068704536855	0.1381946036841703	0.1208492610039717	0.278579040304086
0.0407664697693288	0.7587075115400755	0.5198496799143525	0.4801503200856475	0.07601749075008409	0.13818932242901363	0.1208397218556139	0.27855719145442803
0.040764435837153355	0.7591271506504407	0.5198496799143525	0.4801503200856475	0.07605633802816901	0.13826047080403547	0.12102170286132483	0.27897683056479305
0.04074281455547748	0.7591271506504407	0.5194127029211912	0.4805872970788088	0.07599243856332703	0.1381548800977547	0.12083096813272394	0.2785398535716319
0.04074195628608696	0.7595467897608057	0.5194127029211912	0.4805872970788088	0.07603125262538855	0.13822597273664516	0.12101295167198416	0.27895949268199693
0.04070831751733887	0.7595467897608057	0.5189538770783718	0.4810461229216282	0.07596424224619129	0.13811522319725295	0.12081277655400229	0.2785006668391774
0.040706410147244805	0.7599664288711708	0.5189538770783718	0.4810461229216282	0.07600302165519557	0.1381862576780741	0.12099476289898851	0.27892030594954265
0.04063682918129495	0.7599664288711708	0.5174244576023073	0.48257554239769274	0.07578040003347561	0.13781819565465545	0.12032821007681645	0.2773908864734782
0.04063663164919896	0.7603860679815359	0.5174244576023073	0.48257554239769274	0.07581907192769571	0.13788904953960887	0.12051020663318712	0.2778105255838432
0.04060108150860109	0.7603860679815359	0.5168563875111976	0.48314361248880244	0.07573667711598746	0.13775277482134712	0.1202629012932817	0.2772424554927335
0.04059958382402612	0.760805707091901	0.5168563875111976	0.48314361248880244	0.07577530719719135	0.13782355847808736	0.12044490208584092	0.27766209460309854
0.04059348025863193	0.760805707091901	0.5168126898118814	0.4831873101881186	0.07576897358742896	0.13781308198092052	0.12042588488398301	0.2776183969037824
0.040592283014963475	0.761225346202266	0.5168126898118814	0.4831873101881186	0.0758075974758661	0.13788385527515962	0.1206078861176517	0.27803803601414745
0.04058999154457194	0.761225346202266	0.5167252944132492	0.48327470558675084	0.07579492750595412	0.13786289709682323	0.12056985492343265	0.2779506406155152
0.04058915032543248	0.7616449853126311	0.5167252944132492	0.48327470558675084	0.0758335422411632	0.1379336550518676	0.1207518569336954	0.27837027972588047
0.0405031318579582	0.7616449853126311	0.515042932989578	0.4849570670104219	0.07559035442089043	0.13753125710388725	0.1200204296221912	0.2766879183022093
0.040501541001154745	0.7620646244229963	0.515042932989578	0.4849570670104219	0.0756288522405464	0.13760181852623604	0.12020244539578795	0.2771075574125743
0.04046244635511391	0.7620646244229963	0.5143000721012039	0.4856999278987961	0.07552191632703983	0.1374247985167808	0.11987988011760663	0.27636469652420015
0.04046071434581105	0.7624842635333613	0.5143000721012039	0.4856999278987961	0.07556036095978709	0.1374952705259175	0.12006190263429392	0.27678433563456517
0.04040885463177853	0.7624842635333613	0.5134261181148813	0.48657388188511874	0.07543488188649479	0.13728749527767284	0.11968272961631463	0.27591038164824244
0.04040796825227088	0.7629039026437264	0.5134261181148813	0.48657388188511874	0.07547326469611425	0.1373578633221261	0.11986476049898971	0.2763300207586077
0.040367950411146554	0.7629039026437264	0.5128143503244554	0.48718564967554456	0.07538563609222093	0.13721272500849088	0.11959954178499284	0.27571825296818187
0.04036785673330012	0.7633235417540915	0.5128143503244554	0.48718564967554456	0.07542397478956753	0.13728301886792452	0.11978157889092216	0.2761378920785469
0.0403106232900504	0.7633235417540915	0.5119840940374489	0.48801590596255107	0.07530531980956323	0.1370864420830507	0.11942190461097667	0.2753076357915405
0.040309152759748425	0.7641628199748216	0.5119840940374489	0.48801590596255107	0.07538187688868651	0.1372268274302939	0.11978599660661703	0.27614691401227054
0.04028509896714303	0.7641628199748216	0.5114597216456553	0.48854027835434466	0.07530705926140357	0.1371028459569342	0.11955899664862382	0.27562254162047695
0.04028346394698344	0.7645824590851867	0.5114597216456553	0.48854027835434466	0.07534529815565297	0.13717297195558065	0.11974104865927414	0.2760421807308422
0.04027721037608505	0.7645824590851867	0.511350477397365	0.48864952260263494	0.07532972257824451	0.137147158449379	0.11969377292245033	0.2759329364825518
0.040276098775325404	0.7650020981955519	0.511350477397365	0.48864952260263494	0.07536795105010749	0.13721726694516578	0.11987582640203959	0.27635257559291704
0.04026407844237497	0.7650020981955519	0.5110664423518102	0.4889335576481898	0.07532746580719805	0.1371501655130906	0.1197529363499849	0.27606854054736196
0.04026384421515137	0.7654217373059169	0.5110664423518102	0.4889335576481898	0.07536567225849103	0.1372202369757382	0.11993499325667323	0.276488179657727
0.040246444660644094	0.7654217373059169	0.5106076165089908	0.4893923834910092	0.07530033439293234	0.13711192963993085	0.11973655600251547	0.2760293538149077
0.0402456865968317	0.765841376416282	0.5106076165089908	0.4893923834910092	0.0753385072655218	0.13718194460104483	0.11991861839707338	0.2764489929252729
0.04023909840180439	0.765841376416282	0.5103891280124102	0.48961087198758985	0.07530741932821655	0.13713040538002028	0.11982415829221026	0.2762305044286921
0.0402378299171616	0.766261015526647	0.5103891280124102	0.48961087198758985	0.0753455745822158	0.13720039071305132	0.12000622351349267	0.27665014353905715
0.040182925182017964	0.766261015526647	0.5095588717254036	0.49044112827459635	0.07522761916532773	0.1370048019207683	0.119647468407043	0.27581988725205075
0.04017989350171849	0.7666806546370122	0.5095588717254036	0.49044112827459635	0.07526571640438329	0.13707468957497093	0.11982954381770354	0.2762395263624158
0.04015623365926637	0.7666806546370122	0.5092529878301908	0.49074701216980926	0.07522233201581027	0.13700273705522853	0.11969744757740121	0.275933642467203
0.040153895920749194	0.7671002937473772	0.5092529878301908	0.49074701216980926	0.07526040594507802	0.1370725854829034	0.11987952707134204	0.276353281577568
0.04013199164754532	0.7671002937473772	0.5087286154383972	0.49127138456160285	0.07518611442438201	0.1369493557087204	0.11965317389184606	0.2758289091857744
0.040131548501981834	0.7675199328577423	0.5087286154383972	0.49127138456160285	0.0752241506950728	0.13701914072742255	0.11983526030203157	0.27624854829613943
0.040109093179393575	0.7675199328577423	0.5083790338438681	0.4916209661561319	0.07517468146321414	0.13693707183768203	0.11968442629787367	0.2758989667016105
0.04010754908636629	0.7679395719681075	0.5083790338438681	0.4916209661561319	0.07521269162796433	0.1370068129070899	0.11986651754820253	0.27631860581197554
0.04004449460845169	0.7679395719681075	0.5073739867595971	0.4926260132404029	0.07507076342453953	0.1367713004484305	0.11943316511150422	0.2753135587277047
0.04004330340448161	0.7683592110784725	0.5073739867595971	0.4926260132404029	0.07510870456969398	0.13684092522700944	0.11961527005069932	0.2757331978380697
0.04000679487512651	0.7683592110784725	0.5066092770215649	0.49339072297843517	0.07500102404456642	0.13666218838632632	0.11928583444993039	0.2749684881000374
0.04000568134047586	0.7687788501888376	0.5066092770215649	0.49339072297843517	0.07503891209961497	0.13673172370041423	0.1194679503433589	0.2753881272104026
0.03996671872994113	0.7687788501888376	0.5058882649828487	0.49411173501715133	0.07493762015789258	0.13656354826686545	0.1191575686492542	0.2746671151716864
0.03996495832176562	0.7691984892992026	0.5058882649828487	0.49411173501715133	0.07497545811518325	0.1366329991427826	0.11933969525338972	0.2750867542820514
0.03986016446597023	0.7691984892992026	0.5037907754156743	0.49620922458432565	0.0746822033898305	0.13614587588665653	0.1184379910925361	0.27298926471487706
0.03985833567142277	0.7696181284095678	0.5037907754156743	0.49620922458432565	0.07471990222041149	0.13621509209744503	0.11862014988788774	0.2734089038252421
0.03984450428412759	0.7696181284095678	0.5034848915204615	0.49651510847953856	0.07467730770796857	0.13614430999925767	0.11848880299501584	0.2731030199300293
0.039844215343995015	0.7700377675199328	0.5034848915204615	0.49651510847953856	0.07471498371335505	0.13621348773336303	0.11867096714709482	0.2735226590403943
0.03975434318406818	0.7700377675199328	0.5019117743450807	0.4980882256549193	0.07449658980188373	0.13585045345178604	0.11799607680495844	0.2719495418650135
0.03975270824354403	0.7704574066302979	0.5019117743450807	0.4980882256549193	0.07453416149068323	0.13591945513769618	0.11817826736727999	0.27236918097537854
0.039746380979918665	0.7704574066302979	0.5018243789464485	0.4981756210535515	0.0745220603157852	0.13589933382679498	0.11814080334680033	0.2722817855767463
0.03974598753121668	0.7708770457406631	0.5018243789464485	0.4981756210535515	0.07455962334605082	0.13596832093556863	0.118322995948066	0.27270142468711156
0.03974257060017917	0.7708770457406631	0.5017588323974742	0.49824116760252574	0.07455054583823709	0.1359532267613973	0.1182949010011486	0.2726358781381373
0.03974201272937355	0.7712966848510281	0.5017588323974742	0.49824116760252574	0.07458810161512865	0.13602220166512488	0.11847709527845941	0.2730555172485023
0.03972495218508204	0.7712966848510281	0.5014092508029453	0.49859074919705476	0.0745397031389407	0.1359417181317259	0.11832728981502898	0.2727059356539734
0.03972417615751777	0.7717163239613932	0.5014092508029453	0.49859074919705476	0.07457723346445518	0.1360106500998447	0.11850949066976015	0.27312557476433863
0.039607591262363094	0.7717163239613932	0.4994428543337194	0.5005571456662806	0.07430603256697241	0.1355594869526758	0.11766774971450322	0.2711591782951126
0.03960706550289578	0.7721359630717582	0.4994428543337194	0.5005571456662806	0.07434343434343435	0.13562820182066118	0.1178499863955204	0.2715788174054776
0.03954410764065077	0.7721359630717582	0.4982848653018419	0.5017151346981581	0.07418457444663952	0.1353637901861252	0.11735500671295883	0.27042082837360004
0.039542819299303054	0.7725556021821234	0.4982848653018419	0.5017151346981581	0.07422189969359781	0.1354323757678302	0.11753726589326204	0.2708404674839653
0.03952879468762265	0.7725556021821234	0.49800083025628705	0.501999169743713	0.074183019704235	0.13536764705882354	0.11741593849679993	0.27055643243841043
0.03952774564917492	0.7729752412924885	0.49800083025628705	0.501999169743713	0.07422032395841728	0.1354361971986324	0.1175982038333394	0.27097607154877545
0.03952022691446408	0.7729752412924885	0.4978260394590225	0.5021739605409775	0.07419640699266898	0.1353963761990518	0.11752355927359019	0.270801280751511
0.039519943337883744	0.7733948804028535	0.4978260394590225	0.5021739605409775	0.07423369718451686	0.1354649026093348	0.11770582869078201	0.271220919861876
0.03948735940415712	0.7733948804028535	0.4973016670672289	0.5026983329327711	0.07416200555309646	0.13534552397738123	0.11748197398236011	0.2706965474700824
0.03948720134236542	0.7738145195132187	0.4973016670672289	0.5026983329327711	0.07419925961693224	0.13541398935193685	0.11766425443095772	0.27111618658044767
0.03948040137535166	0.7738145195132187	0.49712687626996444	0.5028731237300356	0.07417538213998391	0.13537422457144954	0.11758966251634943	0.2709413957831832
0.03947762667469134	0.7742341586235837	0.49712687626996444	0.5028731237300356	0.074212622179317	0.13544266627514315	0.11777194715007183	0.27136103489354824
0.03945839554466876	0.7742341586235837	0.49686469007406764	0.5031353099259324	0.07417681823664214	0.13538303492808923	0.11766008591014274	0.27109884869765133
0.039457175212955255	0.7746537977339488	0.49686469007406764	0.5031353099259324	0.07421403875532685	0.1354514436658473	0.11784237652307933	0.2715184878080166
0.039447231700465726	0.7746537977339488	0.4966243527278289	0.5033756472721711	0.07418123367490456	0.13539680211236615	0.1177398644203173	0.27127815046177783
0.039447052441032686	0.7750734368443138	0.4966243527278289	0.5033756472721711	0.07421843606847223	0.13546518024129964	0.11792216062358454	0.27169778957214286
0.0394374168741311	0.7750734368443138	0.49638401538159016	0.5036159846184098	0.07418564485681006	0.13541055718475073	0.11781967492189349	0.2714574522259041
0.03943590960266712	0.775493075954679	0.49638401538159016	0.5036159846184098	0.07422282914290304	0.13547890473223123	0.11800197676454836	0.27187709133626914
0.039425613464098445	0.775493075954679	0.4961655268850095	0.5038344731149905	0.07419303035169424	0.1354292623941959	0.11790883107187575	0.27165860283968835
0.03942247308240436	0.7759127150650441	0.4961655268850095	0.5038344731149905	0.07423019792043037	0.1354975817089257	0.118091138150037	0.2720782419500536
0.03942075543525389	0.7759127150650441	0.49612182918569336	0.5038781708143066	0.07422423828830638	0.1354876529640214	0.11807251204475244	0.2720345442507375
0.039420193801842404	0.7763323541754091	0.49612182918569336	0.5038781708143066	0.07426140012845216	0.13555596263051842	0.11825482075915619	0.2724541833611025
0.03936870044393201	0.7763323541754091	0.49546636369595143	0.5045336363040486	0.07417207922379922	0.1354071363220494	0.11797552783429156	0.27179871787136056
0.039364196981355085	0.7767519932857743	0.49546636369595143	0.5045336363040486	0.07420919696908952	0.13547537144111835	0.11815785104666664	0.2722183569817256
0.039214564197064504	0.7767519932857743	0.49332517642946094	0.5066748235705391	0.07391877321193244	0.13499124854142358	0.11724663949687036	0.2700771697152353
0.03921410906762191	0.7771716323961393	0.49332517642946094	0.5066748235705391	0.07395575433272103	0.13505925250683684	0.11742901028551411	0.27049680882560034
0.03919142195121359	0.7771716323961393	0.49306299023356426	0.5069370097664357	0.07392033208270136	0.13500018223566718	0.11731755364325222	0.27023462262970366
0.039190047524171434	0.7775912715065044	0.49306299023356426	0.5069370097664357	0.07395729395330274	0.13506815365551425	0.11749993117406829	0.2706542617400687
0.0391512374141503	0.7775912715065044	0.492669710939719	0.507330289060281	0.07390419973676864	0.13497960372960374	0.11733280150960065	0.27026098244622343
0.03915078894614487	0.7780109106168694	0.492669710939719	0.507330289060281	0.07394113424264179	0.13504752886331353	0.1175151888445418	0.27068062155658845
0.03914217220151261	0.7780109106168694	0.4926260132404029	0.5073739867595971	0.07393523687988515	0.13503769255981646	0.11749662331318	0.27063692385727234
0.039141105455933425	0.7784305497272346	0.4926260132404029	0.5073739867595971	0.07397216572955298	0.13510560815731973	0.11767901248583236	0.2710565629676376
0.039137547755809826	0.7784305497272346	0.49253861784177067	0.5074613821582293	0.07396036840636339	0.13508593067288086	0.11764188549232504	0.27096916756900535
0.03913721205906859	0.7788501888375997	0.49253861784177067	0.5074613821582293	0.07399728889243282	0.1351538321500091	0.11782427751595757	0.2713888066793704
0.039134379935067125	0.7788501888375997	0.4924730712927964	0.5075269287072036	0.07398843930635839	0.13513907091888744	0.11779643558609493	0.2713232601303961
0.03913425338387492	0.7792698279479647	0.4924730712927964	0.5075269287072036	0.07402535278641473	0.13520696057373766	0.11797882996495027	0.2717428992407611
0.039022463829157174	0.7792698279479647	0.49068146562083503	0.509318534379165	0.07378417037507946	0.13480454429966243	0.11721845335989345	0.26995129356879977
0.039020154142267775	0.7796894670583299	0.49068146562083503	0.509318534379165	0.0738209702411697	0.13487224157955865	0.11740089109661964	0.2703709326791648
0.03901925404610644	0.7796894670583299	0.4906377679215189	0.5093622320784811	0.0738151046839617	0.13486245191260798	0.11738236060820649	0.2703272349798489
0.03901819110591665	0.7801091061686949	0.4906377679215189	0.5093622320784811	0.07385189893532497	0.1349301397205589	0.11756480030010501	0.2707468740902139
0.03896902081918313	0.7801091061686949	0.4896764185365641	0.5103235814634359	0.07372303299492386	0.13471502590673576	0.11715732285279183	0.26978552470525896
0.038967506536912895	0.78052874527906	0.4896764185365641	0.5103235814634359	0.07375976523773645	0.13478260869565217	0.11733978713002788	0.270205163815624
0.03891711367288978	0.78052874527906	0.4888898599488737	0.5111101400511263	0.07365461529323249	0.13460703430308293	0.11700665627099391	0.2694186052279337
0.0389120009438866	0.780948384389425	0.4888898599488737	0.5111101400511263	0.07369129642828859	0.1346745305206788	0.11718914129130222	0.2698382443382987
0.03888853848282294	0.780948384389425	0.4884091852563962	0.5115908147436038	0.07362715619560058	0.1345674102462128	0.11698567913102399	0.26935756964582125
0.03888763416957559	0.7813680234997902	0.4884091852563962	0.5115908147436038	0.07366380504015509	0.13463485177151122	0.11716817740752485	0.2697772087561865
0.03887480463907091	0.7813680234997902	0.4882999410081059	0.5117000589918941	0.07364923661102761	0.13461051870594615	0.11712194994224122	0.2696679645078961
0.03887438804128016	0.7817876626101553	0.4882999410081059	0.5117000589918941	0.073685875884982	0.1346779440468445	0.11730445200021689	0.27008760361826134
0.03885085184473204	0.7817876626101553	0.48781926631562844	0.5121807336843716	0.07362181387077653	0.1345709332562843	0.11710111242880887	0.26960692892578386
0.03885080665264689	0.7822073017205203	0.48781926631562844	0.5121807336843716	0.0736584209278432	0.1346383040196468	0.1172836279603455	0.2700265680361489
0.03883745458872623	0.7822073017205203	0.48760077781904787	0.5123992221809521	0.0736293253278559	0.13458969637893065	0.11719123284949871	0.2698080795395681
0.03883743995570312	0.7826269408308855	0.48760077781904787	0.5123992221809521	0.07366591618280206	0.13465703971119133	0.11737375509898108	0.27022771864993334
0.03881536596915213	0.7826269408308855	0.48725119622451873	0.5127488037754813	0.07361938972881223	0.1345793043729254	0.1172259661761827	0.2698781370554042
0.03881342425471601	0.7830465799412505	0.48725119622451873	0.5127488037754813	0.07365595642219941	0.13464660677562507	0.1174084986635741	0.2702977761657692
0.038771686151441304	0.7830465799412505	0.48642093993751234	0.5135790600624877	0.07354564086394451	0.13446225905242298	0.11705768931491484	0.26946751987876283
0.038770508767588606	0.7834662190516156	0.48642093993751234	0.5135790600624877	0.07358215425846372	0.1345294711053466	0.1172402450909438	0.26988715898912785
0.03874211035910937	0.7834662190516156	0.4858747186960607	0.5141252813039393	0.07350972517521065	0.13440840862459955	0.11700959187903079	0.2693409377476763
0.038740806896761217	0.7838858581619806	0.4858747186960607	0.5141252813039393	0.07354620260640182	0.13447555971492334	0.11719216358591218	0.26976057685804133
0.03872015139377768	0.7838858581619806	0.4855688348008478	0.5144311651991522	0.0735056860661866	0.13440782846452726	0.11706305018123539	0.26945469296282853
0.03871640734376685	0.7843054972723458	0.4855688348008478	0.5144311651991522	0.07354214212638703	0.13447494333920926	0.11724563136370393	0.26987433207319356
0.038669491827094206	0.7843054972723458	0.484673031964867	0.515326968035133	0.07342368886269889	0.13427688770745025	0.1168677191097326	0.2689785292372129
0.0386674902179091	0.7847251363827109	0.484673031964867	0.515326968035133	0.07346008799497171	0.13434390603110744	0.11705032639953808	0.2693981683475779
0.03866308821313671	0.7847251363827109	0.4846074854158928	0.5153925145841072	0.0734514317137358	0.13432943035701458	0.11702268666543994	0.2693326217986036
0.03866257441333725	0.7851447754930759	0.4846074854158928	0.5153925145841072	0.0734878240377062	0.13439643716553532	0.11720529688539197	0.26975226090896864
0.03861489128507792	0.7851447754930759	0.48382092682820255	0.5161790731717975	0.07338406024474427	0.13422289178234514	0.11687375388213378	0.2689657023212786
0.03861447731861859	0.7855644146034411	0.48382092682820255	0.5161790731717975	0.07342040240028239	0.13428981348637015	0.11705638766107873	0.2693853414316436
0.03855649019032707	0.7855644146034411	0.48288142629290565	0.5171185737070944	0.07329678935003915	0.1340830140027934	0.11666067310341179	0.2684458408963466
0.038552337204410786	0.7859840537138061	0.48288142629290565	0.5171185737070944	0.07333307231510121	0.1341498352671537	0.11684333535604807	0.2688654800067116
0.038544404329392254	0.7859840537138061	0.4826410889466669	0.5173589110533331	0.07330150281778335	0.13409701091820297	0.11674215964853701	0.2686251426604729
0.038544341156523935	0.7864036928241712	0.4826410889466669	0.5173589110533331	0.07333776855946464	0.13416380297823596	0.1169248301262721	0.2690447817708381
0.03847926324647752	0.7864036928241712	0.48122091371889275	0.5187790862811072	0.0731516902178156	0.133852362415628	0.11632739940330428	0.26762460654306386
0.0384771614931556	0.7868233319345364	0.48122091371889275	0.5187790862811072	0.07318786837893751	0.13391900578530105	0.11651011370487553	0.2680442456534291
0.038442791242919876	0.7868233319345364	0.4805654482291507	0.5194345517708493	0.0731022651955242	0.13377568493150685	0.11623461571742308	0.26738878016368695
0.038440726876586374	0.7872429710449014	0.4805654482291507	0.5194345517708493	0.0731384015594542	0.1338422573395641	0.11641735133373067	0.26780841927405197
0.03843153224546648	0.7872429710449014	0.4804125062815443	0.5195874937184557	0.0731184472073898	0.13380884450784594	0.1163530929612601	0.2676554773264457
0.03843081410155296	0.7876626101552665	0.4804125062815443	0.5195874937184557	0.0731545716735521	0.13387539674048715	0.11653583451721794	0.2680751164368109
0.03836418300685465	0.7876626101552665	0.4791671218510345	0.5208328781489655	0.07299241687730897	0.133603815218165	0.11601290311494523	0.2668297320063009
0.03836381696195985	0.7880822492656315	0.4791671218510345	0.5208328781489655	0.0730284647690154	0.13367023737499556	0.1161956850445297	0.2672493711166659
0.03833054573195962	0.7880822492656315	0.47857720291026673	0.5214227970897333	0.07295187041137396	0.1335419185095641	0.11594817009043336	0.26665945217589826
0.03833019392922423	0.7885018883759967	0.47857720291026673	0.5214227970897333	0.07298788067122436	0.1336082767447648	0.11613097216373021	0.2670790912862633
0.03825899880264044	0.7885018883759967	0.47696038803556995	0.52303961196443	0.07277868154001084	0.1332576858976632	0.1154532049063665	0.2654622764115666
0.03825894488117162	0.7889215274863617	0.47696038803556995	0.52303961196443	0.07281459390371432	0.13332387773916743	0.11563606118658638	0.26588191552193163
0.038249044170869724	0.7889215274863617	0.47674189953898927	0.5232581004610107	0.07278640288048317	0.13327661987806608	0.11554454000380178	0.26566342702535106
0.0382486676166531	0.7893411665967268	0.47674189953898927	0.5232581004610107	0.07282229965156795	0.13334278524084642	0.11572740487568096	0.2660830661357161
0.03822724550567825	0.7893411665967268	0.4762612248465118	0.5237387751534882	0.07276032802104286	0.13323888790508234	0.11552612566785646	0.2656023914432386
0.03822601323817385	0.789760805707092	0.4762612248465118	0.5237387751534882	0.07279619386531544	0.13330500070831564	0.11570900799746786	0.26602203055360363
0.038195852625041216	0.789760805707092	0.4759334921016408	0.5240665078983592	0.07275398175351785	0.1332342217974585	0.11557182356438944	0.26569429780873266
0.03819038668660382	0.790180444817457	0.4759334921016408	0.5240665078983592	0.07278982566005644	0.13330029732408324	0.11575471832113372	0.2661139369190977
0.03817390870697071	0.790180444817457	0.4755839105071118	0.5244160894928882	0.07274483291481552	0.13322484788453376	0.11560843606484997	0.26576435532456877
0.03817221266473711	0.7906000839278221	0.4755839105071118	0.5244160894928882	0.07278065363516958	0.1332908840072164	0.11579134408211161	0.2661839944349338
0.03816651236205567	0.7906000839278221	0.4754746662588215	0.5245253337411785	0.07276659843188753	0.13326731272547215	0.11574564220379777	0.2660747501866436
0.038165554574275666	0.7910197230381871	0.4754746662588215	0.5245253337411785	0.07280241001081415	0.13333333333333333	0.11592855531573866	0.26649438929700864
0.03811069454897991	0.7910197230381871	0.47473180537044724	0.5252681946295528	0.07270693512304251	0.13317319580345474	0.11561790365134543	0.2657515284086345
0.03810754194415095	0.7914393621485523	0.47473180537044724	0.5252681946295528	0.07274270065954411	0.13323913811374072	0.11580084379330317	0.2661711675189995
0.03798771307236467	0.7914393621485523	0.4727654089012213	0.5272345910987787	0.0724910635353807	0.1328169014084507	0.11497939451065971	0.2642047710497737
0.03798716472017492	0.7918590012589173	0.4727654089012213	0.5272345910987787	0.07252671227611654	0.13288264497728952	0.11516240569658956	0.2646244101601387
0.03797855350546434	0.7918590012589173	0.4726124669536149	0.5273875330463851	0.072507204610951	0.13284990143621514	0.11509856848610985	0.2644714682125322
0.037978050764801076	0.7922786403692824	0.4726124669536149	0.5273875330463851	0.072542841773611	0.13291562533000106	0.11528158663091238	0.2648911073228972
0.03783405274969875	0.7922786403692824	0.4702746400402019	0.5297253599597981	0.07224581946198293	0.13241688876420254	0.11430671708887423	0.26255328040948434
0.037832792690266785	0.7926982794796475	0.4702746400402019	0.5297253599597981	0.07228131935409811	0.1324823789318652	0.11448982297723162	0.2629729195198496
0.037825755449229025	0.7926982794796475	0.4701653957919115	0.5298346042080885	0.07226749301809557	0.132459154337003	0.11444431066919925	0.26286367527155896
0.03782537613008574	0.7931179185900126	0.4701653957919115	0.5298346042080885	0.07230298393267023	0.13252462924657293	0.11462742218688342	0.263283314381924
0.037823802244794334	0.7931179185900126	0.4701216980925954	0.5298783019074046	0.07229745237548772	0.1325153374233129	0.11460921985939992	0.2632396166826081
0.037822761840635634	0.7935375577003777	0.4701216980925954	0.5298783019074046	0.07233293807137665	0.13258080347752926	0.11479233454246951	0.2636592557929731
0.03781822006364824	0.7935375577003777	0.47005615154362124	0.5299438484563788	0.072324638568041	0.1325668617897578	0.11476503454468114	0.26359370924399883
0.03781653103546123	0.7939571968107427	0.47005615154362124	0.5299438484563788	0.0723601177955406	0.1326323168594462	0.11494815322504431	0.26401334835436385
0.03779545038528188	0.7939571968107427	0.4697065699490922	0.5302934300509078	0.07231586591751711	0.13255797659917326	0.11480258707492806	0.26366376675983494
0.03779462110903071	0.7943768359211079	0.4697065699490922	0.5302934300509078	0.07235132242776333	0.13262339300101586	0.11498572056043474	0.26408340587019996
0.037787233771137706	0.7943768359211079	0.46953177915182764	0.5304682208481724	0.07232920678587804	0.13258623708632464	0.11491295713413124	0.2639086150729355
0.037786865698631426	0.7947964750314729	0.46953177915182764	0.5304682208481724	0.07236465059412371	0.13265163188121587	0.11509609882686563	0.2643282541833005
0.037780215792649584	0.7947964750314729	0.4692914418055889	0.5307085581944111	0.07233424992361748	0.1326005530857283	0.11499607243070693	0.2640879168370618
0.03777865473698106	0.795216114141838	0.4692914418055889	0.5307085581944111	0.07236967729616192	0.13266591991038926	0.11517922487859886	0.2645075559474268
0.03774331214374232	0.795216114141838	0.4687233717144792	0.5312766282855208	0.0722978901987715	0.132545289221515	0.11494288552609054	0.2639394858563171
0.03773966147469096	0.7956357532522031	0.4687233717144792	0.5312766282855208	0.07233328246604609	0.13261059625808708	0.11512606146755071	0.26435912496668235
0.03772982858028462	0.7956357532522031	0.4685048832178986	0.5314951167821014	0.07230569750591107	0.13256423702149975	0.11503519436947668	0.2641406364701018
0.0377265103755507	0.7960553923625682	0.4685048832178986	0.5314951167821014	0.07234107462914235	0.13262951828287772	0.11521838037530782	0.2645602755804668
0.037565356411034555	0.7960553923625682	0.4657737770106404	0.5342262229893596	0.07199787460148778	0.13205248686088197	0.11408376541359232	0.26182916937320844
0.03756453638933268	0.7964750314729333	0.4657737770106404	0.5342262229893596	0.07203309423507534	0.13211749965195602	0.11426706186483068	0.2622488084835737
0.03754413317269323	0.7964750314729333	0.46542419541611135	0.5345758045838886	0.07198937985966243	0.132043968276054	0.11412199232485543	0.26189922688904455
0.03754361608069765	0.7968946705832983	0.46542419541611135	0.5345758045838886	0.07202457710688007	0.13210894291975372	0.11430530471148832	0.26231886599940957
0.037530340888439116	0.7968946705832983	0.46516200922021456	0.5348379907797854	0.07199181135794981	0.132053822885157	0.11419653487332423	0.2620566798035129
0.037529300259157516	0.7973143096936635	0.46516200922021456	0.5348379907797854	0.07202699116721635	0.13211876781864962	0.11437985969375514	0.2624763189138779
0.03751502559791689	0.7973143096936635	0.46489982302431776	0.5351001769756822	0.07199424046076314	0.13206366858969903	0.11427111910344896	0.2622141327179812
0.03751245236288092	0.7981535879143936	0.46489982302431776	0.5351001769756822	0.07206456257340961	0.13219349457881568	0.11463779541124318	0.26305341093871126
0.037477520781212574	0.7981535879143936	0.4642006598352597	0.5357993401647403	0.07197729422894986	0.13204665370730354	0.1143479684209759	0.26235424774965344
0.03747294078184245	0.7985732270247587	0.4642006598352597	0.5357993401647403	0.07201241201846666	0.1321114929362352	0.11453133820831131	0.26277388686001846
0.0374050541732994	0.7985732270247587	0.4629115777054338	0.5370884222945662	0.07185199169341136	0.13184148538173757	0.11399736401313436	0.26148480473019253
0.03740475679095171	0.7989928661351238	0.4629115777054338	0.5370884222945662	0.07188703465982028	0.1319061969586754	0.1141807900261241	0.26190444384055755
0.03740087255225047	0.7989928661351238	0.4628023334571435	0.5371976665428565	0.07187346646030728	0.13188335526771489	0.11413556272350092	0.2617951995922674
0.03740079344573335	0.7994125052454889	0.4628023334571435	0.5371976665428565	0.0719085006794504	0.13194805194805195	0.11431899515027726	0.2622148387026324
0.03737900453361212	0.7994125052454889	0.4623435076143241	0.5376564923856759	0.0718515445253272	0.13185215946843853	0.1141290941888717	0.26175601285981287
0.037376909743895355	0.7998321443558539	0.4623435076143241	0.5376564923856759	0.07188655050162178	0.131916807973146	0.11431254808049271	0.2621756519701779
0.037344150286008994	0.7998321443558539	0.46179728637287243	0.5382027136271276	0.0718188326613663	0.1318027798907406	0.11408657052412825	0.26162943072872635
0.03734099173145931	0.8002517834662191	0.46179728637287243	0.5382027136271276	0.07185380557648832	0.13186737198769147	0.11427004984125091	0.2620490698390916
0.03732821930103464	0.8002517834662191	0.4616006467259499	0.5383993532740501	0.07182944743681495	0.13182635144476704	0.11418872540069679	0.261852430192169
0.03732711797424811	0.8006714225765842	0.4616006467259499	0.5383993532740501	0.07186440677966102	0.1318909204023088	0.1143722150670832	0.2622720693025342
0.037326395558915905	0.8006714225765842	0.46153510017697563	0.5384648998230244	0.0718562874251497	0.13187724633674316	0.11434511200381778	0.26220652275355993
0.03732565708272459	0.8010910616869492	0.46153510017697563	0.5384648998230244	0.07189124049107479	0.13194180461001487	0.11452860631934363	0.26262616186392496
0.0373132624230329	0.8010910616869492	0.46131661168039506	0.5386833883196049	0.07186417708176479	0.1318962241337617	0.11443828036245426	0.26240767336734416
0.03731257608269835	0.8015107007973143	0.46131661168039506	0.5386833883196049	0.07189911537737624	0.1319607572198425	0.1146217860402712	0.2628273124777094
0.03730637882688422	0.8015107007973143	0.4611418208831305	0.5388581791168695	0.07187746961201219	0.13192429893631716	0.11454954183891103	0.26265252168044473
0.03730603123511036	0.8019303399076794	0.4611418208831305	0.5388581791168695	0.07191239557462181	0.1319888109956142	0.11473305699857499	0.26307216079080975
0.03729263797583657	0.8019303399076794	0.46094518123620787	0.5390548187637921	0.07188804875296242	0.1319478008699855	0.1146518003738347	0.26287552114388735
0.037291767589984766	0.8023499790180445	0.46094518123620787	0.5390548187637921	0.07192296117965694	0.13201228984706737	0.11483532601144719	0.26329516025425237
0.03727150673852606	0.8023499790180445	0.4604208088444144	0.5395791911555856	0.07185808779314491	0.13190300438066987	0.11461871364042728	0.262770787862459
0.03727050404427266	0.8027696181284095	0.4604208088444144	0.5395791911555856	0.07189296854447744	0.13196743929359822	0.11480226435988802	0.263190426972824
0.0372517357536428	0.8027696181284095	0.46002752955056914	0.5399724704494309	0.07184436849814098	0.13188555670458463	0.1146398689768638	0.26279714767897877
0.037248957519431386	0.8031892572387747	0.46002752955056914	0.5399724704494309	0.0718792248760703	0.13194995001895832	0.11482343910287099	0.2632167867893438
0.0372235276576239	0.8031892572387747	0.4594376106098014	0.5405623893901986	0.07180641530669668	0.13182726083063573	0.11457994661461446	0.26262686784857614
0.037222666551219176	0.8036088963491398	0.4594376106098014	0.5405623893901986	0.07184123649459784	0.13189159406315645	0.1147635451531811	0.26304650695894116
0.0372109290161258	0.8036088963491398	0.45919727326356263	0.5408027267364374	0.07181160235497057	0.13184165232358003	0.11466438076291288	0.2628061696127024
0.03721045511240012	0.8040285354595048	0.45919727326356263	0.5408027267364374	0.07184640767961602	0.1319059584867991	0.11484799205518167	0.26322580872306744
0.03720632718142757	0.8040285354595048	0.4591535755642465	0.5408464244357535	0.07184101987251594	0.1318968781192992	0.11482996572542051	0.26318211102375133
0.03720606830604286	0.80444817456987	0.4591535755642465	0.5408464244357535	0.07187582017922088	0.1319611757417223	0.11501358086851503	0.2636017501341166
0.03718943418302065	0.80444817456987	0.45886954051869167	0.5411304594813083	0.07184080347773947	0.13190215708535452	0.11489643446631453	0.2633177150885615
0.037189220815022184	0.804867813680235	0.45886954051869167	0.5411304594813083	0.07187558553494472	0.13196642355855237	0.11508006442743274	0.2637373541989265
0.037126569538874686	0.804867813680235	0.45762415608818197	0.542375843911818	0.07172238426445292	0.13170815450643777	0.11456671984923837	0.26249196976841693
0.03712466154628818	0.8052874527906001	0.45762415608818197	0.542375843911818	0.07175709531466178	0.13177229966353088	0.11475040912001794	0.26291160887878195
0.037022534148245974	0.8052874527906001	0.4555266665210077	0.5444733334789923	0.07150042848094192	0.13133940182054615	0.11388679568944908	0.2608141193116078
0.03702238212150311	0.8057070919009651	0.4555266665210077	0.5444733334789923	0.07153502235469449	0.13140334667898573	0.1140705859154207	0.26123375842197283
0.03699546047252667	0.8057070919009651	0.45508968952784634	0.5449103104721537	0.07148175725986597	0.13131347672947372	0.11389082199557699	0.26079678142881146
0.03699484175511734	0.8061267310113303	0.45508968952784634	0.5449103104721537	0.07151632478314285	0.1313773765558747	0.11407463520255531	0.2612164205391765
0.03698198226496029	0.8061267310113303	0.45482750333194955	0.5451724966680505	0.07148438953596546	0.13132348919879683	0.11396681148776036	0.2609542343432798
0.03698170350884109	0.8065463701216954	0.45482750333194955	0.5451724966680505	0.07151894023963683	0.13138736028984516	0.11415063935578965	0.2613738734536448
0.03697024935748417	0.8065463701216954	0.4546527125346851	0.5453472874653149	0.07149765642437318	0.1313514437040834	0.11407877448505524	0.26119908265638037
0.03696817491928922	0.8069660092320604	0.4546527125346851	0.5453472874653149	0.07153219506751479	0.1314152941980455	0.1142626128300795	0.2616187217667454
0.036953893487940946	0.8069660092320604	0.4544342240381044	0.5455657759618956	0.07150559625181274	0.13137040579314113	0.11417280263019221	0.2614002332701648
0.03695281509466695	0.8073856483424255	0.4544342240381044	0.5455657759618956	0.07154012047296796	0.13143423164941764	0.1143566536117263	0.26181987238053006
0.036870029950895285	0.8073856483424255	0.4528829557123818	0.5471170442876182	0.07135175227146301	0.13111626005179228	0.11371940276099402	0.26026860405480745
0.036869968104691196	0.8078052874527906	0.4528829557123818	0.5471170442876182	0.07138619001705852	0.13117993798766567	0.11390333215700894	0.2606882431651725
0.03678669228672735	0.8078052874527906	0.4511787454390527	0.5488212545609473	0.07118029877237095	0.13083222890542698	0.11320398523805668	0.25898403289184335
0.036785657060607935	0.8082249265631557	0.4511787454390527	0.5488212545609473	0.07121464226289517	0.13089574554845726	0.11338800247875867	0.2594036720022084
0.03672069682053894	0.8082249265631557	0.44988966330922675	0.5501103366907732	0.07105962219598583	0.13063383864075695	0.1128595137494465	0.25811458987238245
0.03672039600485193	0.8086445656735207	0.44988966330922675	0.5501103366907732	0.07109389411547686	0.13069723277265327	0.11304359928672905	0.25853422898274747
0.03667578604665234	0.8086445656735207	0.44916865127051064	0.5508313487294894	0.07100744343724666	0.13055113309169744	0.11274820279134086	0.25781321694403125
0.036673679693779666	0.8090642047838859	0.44916865127051064	0.5508313487294894	0.07104167434319614	0.13061445701510738	0.11293232799614993	0.2582328560543965
0.03664109793054587	0.8090642047838859	0.44849133693111054	0.5515086630688895	0.07096061832903938	0.13047744729807464	0.11265497390682849	0.2575555417149964
0.03663720871245006	0.809483843894251	0.44849133693111054	0.5515086630688895	0.070994810643701	0.1305407051498951	0.11283913685933585	0.2579751808253614
0.03659795107060487	0.809483843894251	0.44766108064410404	0.552338919355896	0.07089565952442206	0.13037307380373073	0.11249933443151997	0.257144924538355
0.036595142125510634	0.809903483004616	0.44766108064410404	0.552338919355896	0.07092980521866961	0.1304362518163079	0.11268354362077855	0.25756456364872005
0.03656513957407523	0.809903483004616	0.4471585571019686	0.5528414428980314	0.07086990048837807	0.13033495407887627	0.11247797266917738	0.2570620401065846
0.036564885783226524	0.8103231221149811	0.4471585571019686	0.5528414428980314	0.07090401703752662	0.1303980821825303	0.11266221097446058	0.25748167921694964
0.036529874920829083	0.8103231221149811	0.44667788240949113	0.5533221175905089	0.0708467860287643	0.13030129221633657	0.1124656541854018	0.25700100452447217
0.03652876525423537	0.8107427612253462	0.44667788240949113	0.5533221175905089	0.07088087463770774	0.13036437246963561	0.11264992062431183	0.2574206436348372
0.036519388104817856	0.8107427612253462	0.44650309161222657	0.5534969083877734	0.07086007702182286	0.13032919589854292	0.11257846705040886	0.25724585283757273
0.03651886964974244	0.8111624003357113	0.44650309161222657	0.5534969083877734	0.07089415389129318	0.13039225606259908	0.11276274520654862	0.25766549194793775
0.0365109249370879	0.8111624003357113	0.4463283008149621	0.5536716991850379	0.07087335924323532	0.13035708264490678	0.11269130758639012	0.2574907011506733
0.03651014272084815	0.8115820394460763	0.4463283008149621	0.5536716991850379	0.07090742438130156	0.13042012273248366	0.11287559749168069	0.2579103402610383
0.0364515947573519	0.8115820394460763	0.4451484629334266	0.5548515370665734	0.07076731676973179	0.13018309100700054	0.11239362633838884	0.256730502379503
0.03645149881029746	0.8120016785564415	0.4451484629334266	0.5548515370665734	0.070801317233809	0.13024602026049203	0.11257798309077377	0.25715014148986803
0.036437628524622866	0.8120016785564415	0.4447770324892394	0.5552229675107606	0.07075730427469193	0.1301715438950555	0.11242633211590415	0.25677871104568073
0.03643743780248269	0.8124213176668066	0.4447770324892394	0.5552229675107606	0.07079128272634197	0.13023443543775856	0.11261071170916191	0.257198350156046
0.03638872607167543	0.8124213176668066	0.44381568310428454	0.5561843168957155	0.07067757009345794	0.13004198152812763	0.11221838888046591	0.25623700077109124
0.036388720453311346	0.8128409567771716	0.44381568310428454	0.5561843168957155	0.07071149563757165	0.13010478237506717	0.11240282438943015	0.25665663988145626
0.036353625844106056	0.8128409567771716	0.4431602176145426	0.5568397823854574	0.07063413922619699	0.12997383077232771	0.11213547654845897	0.2560011743917143
0.03635239324161929	0.8132605958875367	0.4431602176145426	0.5568397823854574	0.07066802800466744	0.1300365685912705	0.11231995132361978	0.25642081350207935
0.036322874663881594	0.8132605958875367	0.44257029867377484	0.5574297013262252	0.07059852100105643	0.12991888449420125	0.11207944581300361	0.2558308945613117
0.03632107489839713	0.8136802349979018	0.44257029867377484	0.5574297013262252	0.07063237651172956	0.12998156527568291	0.11226395644713645	0.2562505336716767
0.03630604586311267	0.8136802349979018	0.44230811247787805	0.557691887522122	0.07060151471016604	0.12992930612791906	0.112157102437411	0.2559883474757798
0.03630560870821469	0.8140998741082669	0.44230811247787805	0.557691887522122	0.07063535408701985	0.12999195926025195	0.11234163042998535	0.25640798658614505
0.036270512679433216	0.8140998741082669	0.44178374008608445	0.5582162599139155	0.07057368401906217	0.12988752008569898	0.11212799352967122	0.25588361419435124
0.03627046929390452	0.814519513218632	0.44178374008608445	0.5582162599139155	0.07060749363404875	0.1299501221839119	0.11231255400835462	0.2563032533047165
0.03624768940171442	0.814519513218632	0.4414560073412135	0.5585439926587865	0.07056898745682604	0.12988490364025695	0.11217907751788299	0.2559755205598455
0.03624735742602723	0.814939152328997	0.4414560073412135	0.5585439926587865	0.07060277757580165	0.12994747231422932	0.11236365932238247	0.25639515967021054
0.03620054666523545	0.814939152328997	0.4406039022045489	0.5593960977954511	0.0705028135777818	0.12977813418871958	0.11201676874384484	0.255543054533546
0.036198551633265345	0.8153587914393622	0.4406039022045489	0.5593960977954511	0.07053655703187396	0.12984062280731062	0.1122014024969538	0.255962693643911
0.0361537722290527	0.8153587914393622	0.439948436714807	0.560051563285193	0.07045982013344938	0.12971060449280683	0.11193469822492665	0.25530722815416906
0.03615374912196225	0.8157784305497272	0.439948436714807	0.560051563285193	0.0704935272147079	0.12977303070761015	0.11211937287899032	0.2557268672645341
0.03614654689721362	0.8157784305497272	0.4397736459175424	0.5602263540824576	0.07047308319738989	0.12973838761345435	0.1120482760520111	0.25555207646726963
0.03614490241318841	0.8161980696600923	0.4397736459175424	0.5602263540824576	0.07050677880084101	0.1298007941539591	0.11223296349224468	0.25597171557763465
0.03612497480470087	0.8161980696600923	0.43944591317267145	0.5605540868273285	0.07046846128763451	0.1297358591248666	0.11209969214726019	0.2556439828327637
0.03612324681060656	0.8166177087704574	0.43944591317267145	0.5605540868273285	0.07050213752626622	0.1297982324495581	0.11228440146294108	0.2560636219431287
0.03606421369634455	0.8166177087704574	0.43815683104284564	0.5618431689571544	0.07035175879396985	0.12954333643988816	0.11176047626498935	0.254774539813303
0.03606420645736965	0.8170373478808225	0.43815683104284564	0.5618431689571544	0.07038536620634805	0.12960559161258112	0.11194526508134067	0.25519417892366825
0.03596734124443315	0.8170373478808225	0.43629967882191	0.56370032117809	0.0701697480808736	0.12923996017258546	0.11119111506529498	0.2533370267027326
0.03596683750656957	0.8174569869911876	0.43629967882191	0.56370032117809	0.07020325789246072	0.12930204772493445	0.11137601938973432	0.25375666581309764
0.035963715382759436	0.8174569869911876	0.4362559811225939	0.5637440188774061	0.0701981981981982	0.1292934656356818	0.1113582849590919	0.2537129681137815
0.035963358513695615	0.8178766261015527	0.4362559811225939	0.5637440188774061	0.070231703362041	0.1293555452313002	0.11154319457101577	0.25413260722414655
0.03593531091498589	0.8178766261015527	0.4357316087308003	0.5642683912691997	0.07017101710171017	0.1292526029577558	0.11133044058322485	0.25360823483235295
0.035934767847582504	0.8182962652119178	0.4357316087308003	0.5642683912691997	0.0702044930875576	0.12931463244802546	0.11151538516652029	0.254027873942718
0.03589671505353183	0.8182962652119178	0.4346828639472132	0.5653171360527868	0.07008338125359402	0.12910914688648326	0.11109008982292705	0.252979129159131
0.03589642677457088	0.8187159043222828	0.4346828639472132	0.5653171360527868	0.07011680143755615	0.1291710805084746	0.1112751023591096	0.25339876826949603
0.03584470226601121	0.8187159043222828	0.43383075881054867	0.5661692411894513	0.07001866207292563	0.12900452937481402	0.11092974605971119	0.2525466631328315
0.035843410314819406	0.8191355434326479	0.43383075881054867	0.5661692411894513	0.07005203660506011	0.1290663845543507	0.11111481491298265	0.2529663022431965
0.035840939712317055	0.8191355434326479	0.43378706111123244	0.5662129388887676	0.0700470090070693	0.12905785123966942	0.11109711050517326	0.2529226045438804
0.035840322784684374	0.819555182543013	0.43378706111123244	0.5662129388887676	0.07008037892923784	0.1291196985223629	0.11128218480763849	0.2533422436542454
0.035816584883694526	0.819555182543013	0.4333063864187551	0.5666936135812449	0.07002509860164934	0.12902586463185017	0.11108748862613928	0.25286156896176815
0.03581657941788401	0.8199748216533781	0.4333063864187551	0.5666936135812449	0.07005844179125884	0.1290876659840127	0.11127259614902628	0.25328120807213317
0.035811241938870336	0.8199748216533781	0.4331971421704647	0.5668028578295353	0.07004588471465444	0.12906634961524488	0.1112283595430491	0.25317196382384277
0.03581067402473973	0.8203944607637432	0.4331971421704647	0.5668028578295353	0.07007921998781232	0.12912813738441214	0.11141347673271765	0.253591602934208
0.03579657880555359	0.8203944607637432	0.43273831632764537	0.5672616836723546	0.07002650619671896	0.12903864558925449	0.11122773474013826	0.2531327770913885
0.03579531327317001	0.8208140998741082	0.43273831632764537	0.5672616836723546	0.07005981589598481	0.12910038941324006	0.11141288399467388	0.2535524162017535
0.03577019791196834	0.8208140998741082	0.43208285083790343	0.5679171491620966	0.06998461483416223	0.12897270209679546	0.11114764292058624	0.25289695071201157
0.03576536174277673	0.8212337389844734	0.43208285083790343	0.5679171491620966	0.07001788908765653	0.12903438499324169	0.1113328371100361	0.2533165898223768
0.03570699519876413	0.8212337389844734	0.4311215014529485	0.5688784985470515	0.06990783739372723	0.1288474832932811	0.11094401053770891	0.25235524043742186
0.03570593408392282	0.8216533780948384	0.4311215014529485	0.5688784985470515	0.06994106090373281	0.12890907893870565	0.11112926994968887	0.2527748795477869
0.035666315547725924	0.8216533780948384	0.4303786405645743	0.5696213594354257	0.06985622034321595	0.1287649611995265	0.11082896706133782	0.2520320186594127
0.03566609397594068	0.8220730172052035	0.4303786405645743	0.5696213594354257	0.06988940420977524	0.1288264886726071	0.11101427798891254	0.25245165776977796
0.03563458847406192	0.8220730172052035	0.42983241932312266	0.5701675806768773	0.0698271252896097	0.12872067809974375	0.11079356085552494	0.2519054365283262
0.035633746136910664	0.8224926563155686	0.42983241932312266	0.5701675806768773	0.06986027944111776	0.1287821544728802	0.11097891068313301	0.2523250756386912
0.03559427570041237	0.8224926563155686	0.42915510498372256	0.5708448950162774	0.06978317371025741	0.12865113226124056	0.11070533361970004	0.2516477612992911
0.0355912750401332	0.8233319345362988	0.42915510498372256	0.5708448950162774	0.06984940724126883	0.1287739564190076	0.11107613190074084	0.2524870395200214
0.035566372876597474	0.8233319345362988	0.42865258144158713	0.5713474185584129	0.06979225953329539	0.12867683226758486	0.11087327022119375	0.25198451597788596
0.03556632884114821	0.8237515736466638	0.42865258144158713	0.5713474185584129	0.06982534770390922	0.12873819517313745	0.11105870730550267	0.252404155088251
0.03553815619489503	0.8237515736466638	0.42795341825252897	0.572046581747471	0.0697459584295612	0.128603249475891	0.11077657900493684	0.2517049918991927
0.035537398943082825	0.824171212757029	0.42795341825252897	0.572046581747471	0.06977900945072124	0.12866454846211797	0.11096206612348558	0.25212463100955795
0.03553054350571903	0.824171212757029	0.42786602285389674	0.5721339771461033	0.06976909413854351	0.12864769266040021	0.11092681144304176	0.2520372356109257
0.0355299011172521	0.824590851867394	0.42786602285389674	0.5721339771461033	0.06980213846755	0.12870898015327176	0.11111230736938801	0.25245687472129075
0.035433392987241324	0.824590851867394	0.42598702178330305	0.574012978216697	0.0695895456316181	0.12834748530372306	0.11035474722596021	0.25057787365069695
0.03543041500910025	0.8254301300881242	0.42598702178330305	0.574012978216697	0.06965544105669465	0.12846972764678988	0.11072600522409966	0.2514171518714272
0.035297674292261154	0.8254301300881242	0.42364919486989006	0.5763508051301099	0.0693925068792775	0.12802238927397572	0.10978452680589876	0.24907932495801433
0.035297387051675184	0.8258497691984893	0.42364919486989006	0.5763508051301099	0.06942533601439306	0.12808330621542466	0.10997032398792392	0.24949896406837935
0.035269442986860064	0.8258497691984893	0.42319036902707075	0.5768096309729293	0.06937394247038917	0.12799583753373875	0.10978567361599229	0.24904013822556004
0.035269339880045464	0.8262694083088544	0.42319036902707075	0.5768096309729293	0.06940674680108569	0.1280567117585848	0.10997150643478781	0.24945977733592528
0.03525268400580193	0.8262694083088544	0.4228407874325417	0.5771592125674583	0.0693676237449357	0.12799011960478418	0.10983086540003378	0.24911019574139615
0.0352526162754346	0.8266890474192194	0.4228407874325417	0.5771592125674583	0.06940040865215247	0.12805096038220287	0.1100167262198256	0.24952983485176117
0.035243876636016205	0.8266890474192194	0.42266599663527715	0.5773340033647228	0.06938085511023456	0.12801767553692692	0.10994642467692044	0.2493550440544965
0.03524278926012254	0.8271086865295846	0.42266599663527715	0.5773340033647228	0.0694136291600634	0.12807849762817597	0.11013230107084258	0.24977468316486173
0.03520691682786705	0.8271086865295846	0.4220323799951933	0.5779676200048067	0.06934280889389248	0.12795793163891322	0.10987753943659317	0.24914106652477797
0.03520620683174793	0.8275283256399496	0.4220323799951933	0.5779676200048067	0.06937554969217238	0.12801869644248248	0.11006346446932093	0.249560705635143
0.035170464595515684	0.8275283256399496	0.42142061220476745	0.5785793877952325	0.06930727867008751	0.12790245167985473	0.10981758493895569	0.24894893784471694
0.035167719427530934	0.8279479647503147	0.42142061220476745	0.5785793877952325	0.06933998734800029	0.12796316113759446	0.11000355735260828	0.2493685769550822
0.03506201210732487	0.8279479647503147	0.41901723874238017	0.5809827612576198	0.06907295896933202	0.12750832067728698	0.10903826694182576	0.24696520349269502
0.03506039843610816	0.8283676038606799	0.41901723874238017	0.5809827612576198	0.0691055487484684	0.12756882512601783	0.10922441914769025	0.24738484260306004
0.0350212530967296	0.8283676038606799	0.4181651336057156	0.5818348663942844	0.06901132708712068	0.12740826798334787	0.10888242410996843	0.24653273746639548
0.035017994573570195	0.8287872429710449	0.4181651336057156	0.5818348663942844	0.06904387344869778	0.12746869756034593	0.10906864317283589	0.2469523765767605
0.035004017882062775	0.8287872429710449	0.41779370316152853	0.5822062968384715	0.06900286492907554	0.12739880664408967	0.10891962497222248	0.24658094613257342
0.03500362415140728	0.82920688208141	0.41779370316152853	0.5822062968384715	0.06903539111903015	0.12745920144488163	0.1091058751830536	0.24700058524293844
0.034960558257635894	0.82920688208141	0.41726933076973494	0.5827306692302651	0.06897755436869481	0.12736061875604254	0.10889556536495751	0.24647621285114507
0.034959769651281496	0.829626521191775	0.41726933076973494	0.5827306692302651	0.06901005305780508	0.12742096613064355	0.1090818584249649	0.2468958519615101
0.03489960277639908	0.829626521191775	0.416264283685464	0.583735716314536	0.06889942148184289	0.1272323583357467	0.1086789352875992	0.24589080487723902
0.03489860188750414	0.8300461603021402	0.416264283685464	0.583735716314536	0.06893186966370447	0.12729261857262372	0.10886530812176014	0.24631044398760427
0.03481440755634239	0.8300461603021402	0.4148878061570058	0.5851121938429942	0.06878086097781487	0.12703509842330046	0.10831378020994263	0.2449339664591461
0.03481344832834233	0.8304657994125052	0.4148878061570058	0.5851121938429942	0.06881324107235996	0.12709524115342624	0.10850026237236998	0.24535360556951114
0.03481159771831142	0.8304657994125052	0.4148441084576897	0.5851558915423103	0.06880845589513578	0.12708707937323402	0.10848276056244696	0.2453099078701948
0.03481075083876218	0.8308854385228703	0.4148441084576897	0.5851558915423103	0.06884083165287533	0.1271472146411944	0.10866924944927649	0.24572954698056004
0.03478837435013733	0.8308854385228703	0.414625619961109	0.585374380038891	0.06881690532462116	0.1271064034665383	0.10858176067543303	0.24551105848397947
0.034787220864425455	0.8313050776332355	0.414625619961109	0.585374380038891	0.06884926841135787	0.1271665168827834	0.1087682698797768	0.2459306975943445
0.03474157436232298	0.8313050776332355	0.4139701544713671	0.5860298455286329	0.06877755789327501	0.1270441864939396	0.10850588758553413	0.24527523210460256
0.0347404389678272	0.8317247167436005	0.4139701544713671	0.5860298455286329	0.06880988751562284	0.1271042421521788	0.10869245130996492	0.24569487121496758
0.03466732489796429	0.8317247167436005	0.41259367694290894	0.5874063230570911	0.06865971524578238	0.126848	0.1081417142523211	0.24431839368650943
0.0346668459196152	0.8321443558539656	0.41259367694290894	0.5874063230570911	0.0686919772758764	0.12690793894595373	0.10832838988650045	0.24473803279687445
0.03465649686256357	0.8321443558539656	0.4123096418973541	0.5876903581026459	0.06866105744260932	0.12685516888433981	0.10821479425487915	0.24445399775131982
0.03465606516318722	0.8325639949643306	0.4123096418973541	0.5876903581026459	0.06869330378782633	0.12691508076123462	0.10840149588630386	0.24487363686168484
0.03465406988895065	0.8325639949643306	0.41226594419803797	0.587734055801962	0.06868854729261875	0.12690696261233889	0.10838402389127426	0.2448299391623685
0.03465302698190207	0.8329836340746958	0.41226594419803797	0.587734055801962	0.06872078933702613	0.1269668670845593	0.10857073243075911	0.24524957827273375
0.034618329461699945	0.8329836340746958	0.4115667810089799	0.5884332189910201	0.06864474184735622	0.1268370607028754	0.10829126439370793	0.2445504150836757
0.03461671039067113	0.8338229122954259	0.4115667810089799	0.5884332189910201	0.06870915315190705	0.12695674397802056	0.10866480360324096	0.24538969330440574
0.03458588286402225	0.8338229122954259	0.41093316436889593	0.5890668356311041	0.06864032057482382	0.12683923270881875	0.10841168272324168	0.24475607666432175
0.0345847017434695	0.8342425514057911	0.41093316436889593	0.5890668356311041	0.06867249300493972	0.12689901697944594	0.10859850853431739	0.245175715774687
0.03456869938940066	0.8342425514057911	0.41056173392470885	0.5894382660752912	0.06863218946350894	0.12683020192031644	0.1084501771364639	0.24480428533049992
0.0345682002536554	0.8346621905161561	0.41056173392470885	0.5894382660752912	0.06866434218248352	0.12688995215311005	0.10863703648774815	0.24522392444086494
0.034522537290230366	0.8346621905161561	0.40968777993838623	0.5903122200616138	0.06856965560037233	0.12672825740681745	0.10828814919867635	0.2443499704545422
0.034522203912486164	0.8350818296265212	0.40968777993838623	0.5903122200616138	0.06860176503033646	0.12678793284699436	0.10847508321005082	0.24476960956490745
0.03438784447729396	0.8350818296265212	0.40743734842360546	0.5925626515763945	0.06835903953831884	0.12637327744967294	0.10757723608215419	0.2425191780501268
0.03438760148627993	0.8355014687368862	0.40743734842360546	0.5925626515763945	0.06839104149491619	0.12643276710588983	0.10776435957854628	0.24293881716049182
0.03435322594240286	0.8355014687368862	0.4068037317835216	0.5931962682164784	0.06832298136645963	0.1263164573023728	0.10751170815269682	0.24230520052040783
0.034352963747800225	0.8359211078472514	0.4068037317835216	0.5931962682164784	0.06835495161622401	0.12637589214908804	0.10769888831878346	0.24272483963077285
0.03431747831958038	0.8359211078472514	0.40614826629377965	0.5938517337062204	0.06828465651995064	0.12625574393915387	0.10743761870449217	0.2420693741410309
0.03431367301981014	0.8367603860679815	0.40614826629377965	0.5938517337062204	0.06834852951257969	0.1263744969420414	0.10781210041653443	0.24290865236176118
0.03431203803925908	0.8367603860679815	0.40599532434617314	0.5940046756538269	0.06833213392275796	0.12634647066278037	0.10775116897335416	0.24275571041415467
0.03431185958864142	0.8371800251783467	0.40599532434617314	0.5940046756538269	0.06836406003700911	0.1264058292412482	0.10793842825312629	0.2431753495245199
0.03430689277789805	0.8371800251783467	0.4058205335489087	0.5941794664510913	0.0683453237410072	0.12637380039907517	0.10786880973062606	0.24300055872725546
0.034305054444558725	0.8375996642887117	0.4058205335489087	0.5941794664510913	0.0683772395601384	0.1264331411921201	0.1080560874925022	0.24342019783762048
0.03428758826009371	0.8375996642887117	0.4054491031047215	0.5945508968952785	0.06833744179676801	0.12636510398531228	0.10790818888069095	0.24304876739343317
0.034285304257399514	0.8380193033990768	0.4054491031047215	0.5945508968952785	0.06836933821767263	0.12642441124335274	0.1080955018983431	0.2434684065037982
0.03426777817037636	0.8380193033990768	0.40494657956258606	0.5950534204374139	0.06831554460864805	0.1263324371342717	0.10789546638981105	0.24296588296166277
0.03426732093390004	0.8384389425094418	0.40494657956258606	0.5950534204374139	0.06834741559196798	0.1263917004048583	0.10808282601117862	0.2433855220720278
0.03411613783836449	0.8384389425094418	0.4020188337084053	0.5979811662915947	0.06803555010726325	0.12585826771653544	0.10691808414961451	0.24045777621784703
0.03411517326552358	0.838858581619807	0.4020188337084053	0.5979811662915947	0.06806728411876872	0.12591729394349785	0.10710570148163312	0.24087741532821227
0.034114104474108085	0.838858581619807	0.4019751360090891	0.5980248639909109	0.06806264896152536	0.12590936289484458	0.1070883263981838	0.24083371762889616
0.034112661011231	0.839278220730172	0.4019751360090891	0.5980248639909109	0.06809437880902931	0.12596838193613402	0.10727595137644454	0.24125335673926118
0.03410957488727425	0.839278220730172	0.40193143830977296	0.598068561690227	0.06808974228032547	0.12596044841919637	0.10725858028599136	0.24120965903994485
0.03410908007111373	0.8396978598405371	0.40193143830977296	0.598068561690227	0.06812146796486689	0.12601946027647448	0.1074462129162621	0.2416292981503101
0.034014582396374	0.8396978598405371	0.4003146234350762	0.5996853765649238	0.06795028524857376	0.12572649304137476	0.10680372853788156	0.24001248327561342
0.03401358987235873	0.8401174989509023	0.4003146234350762	0.5996853765649238	0.06798193487045401	0.12578537320934907	0.10699150835686855	0.24043212238597844
0.033978939219399505	0.8401174989509023	0.39970285564465036	0.6002971443553496	0.06791735929707908	0.12567482736974261	0.10674851147668571	0.23982035459555262
0.033977677822070444	0.8405371380612673	0.39970285564465036	0.6002971443553496	0.06794897889951829	0.1257336555663664	0.10693634996512204	0.24023999370591764
0.03395068026144457	0.8405371380612673	0.3992003321025148	0.6007996678974852	0.06789600352530423	0.12564295571446493	0.10673681054664093	0.239737470163782
0.03395001945742931	0.8409567771716324	0.3992003321025148	0.6007996678974852	0.0679275981289404	0.12570174063039047	0.10692469817733463	0.24015710927414724
0.03392546858862135	0.8409567771716324	0.39865411086106317	0.6013458891389368	0.0678700850069428	0.12560325916640552	0.10670787687381632	0.2396108880326957
0.03392445924719751	0.8413764162819974	0.39865411086106317	0.6013458891389368	0.06790165266865349	0.12566199743035317	0.1068958178436776	0.24003052714306072
0.033922905236451695	0.8413764162819974	0.398588564312089	0.601411435687911	0.06789475466458976	0.12565018487184307	0.10686980661658951	0.23996498059408644
0.03392158883390834	0.8417960553923626	0.398588564312089	0.601411435687911	0.06792631721522416	0.125708914303619	0.10705775746731382	0.24038461970445146
0.0339141059415381	0.8417960553923626	0.3984356223644825	0.6015643776355175	0.06791022038660753	0.12568134828644822	0.10699707964664262	0.24023167775684495
0.03391366762311026	0.8422156945027277	0.3984356223644825	0.6015643776355175	0.06794177386594448	0.12574006202424584	0.10718504833296293	0.2406513168672102
0.033907042614717026	0.8422156945027277	0.39834822696585026	0.6016517730341497	0.06793257514216085	0.12572430857894573	0.10715038396905882	0.24056392146857797
0.03390698193719858	0.8426353336130927	0.39834822696585026	0.6016517730341497	0.06796412252496192	0.12578301177649712	0.10733836455166365	0.240983560578943
0.03388162787691212	0.8426353336130927	0.3977146103257664	0.6022853896742336	0.06789747751403259	0.1256688675407579	0.1070871214387667	0.24034994393885922
0.03388111577720033	0.8430549727234579	0.3977146103257664	0.6022853896742336	0.06792899408284024	0.12572751736654358	0.10727516383978197	0.24076958304922425
0.03386474501029354	0.8430549727234579	0.39732133103192113	0.6026786689680789	0.06788767613962761	0.1256567425569177	0.10711926962620033	0.240376303755379
0.03386390188901132	0.8434746118338229	0.39732133103192113	0.6026786689680789	0.06791917280529837	0.12571535791350033	0.10730735209075316	0.24079594286574402
0.03380275104476709	0.8434746118338229	0.3959448535034631	0.6040551464965369	0.06777489294264423	0.1254681647940075	0.10676192927046456	0.23941946533728586
0.03380214965341508	0.843894250944188	0.3959448535034631	0.6040551464965369	0.06780632544338795	0.1255266689554009	0.10695014305565678	0.2398391044476511
0.03379524649315415	0.843894250944188	0.3957919115558566	0.6042080884441434	0.06779032529917411	0.12549925112331503	0.10688956219259776	0.2396861625000446
0.03379402527526077	0.8447335291649182	0.3957919115558566	0.6042080884441434	0.067853170189099	0.12561622464898595	0.10726603037310609	0.24052544072077486
0.03378726923731568	0.8447335291649182	0.3955734230592759	0.6044265769407241	0.06783030629780638	0.12557704304429196	0.10717952957199144	0.24030695222419407
0.033785204097282334	0.8455728073856483	0.3955734230592759	0.6044265769407241	0.06789312308366185	0.12569396793712181	0.10755605474001134	0.24114623044492411
0.03378196551563858	0.8455728073856483	0.39548602766064367	0.6045139723393563	0.06788397399184719	0.12567828852990706	0.10752147160444113	0.24105883504629189
0.033781633899612	0.8459924464960135	0.39548602766064367	0.6045139723393563	0.06791537528634956	0.12573673870333987	0.10770974844786199	0.24147847415665713
0.033764179963397555	0.8459924464960135	0.3952019926150888	0.6047980073849112	0.06788564501464794	0.1256857855361596	0.10759738323278396	0.24119443911110228
0.03376231475022886	0.8464120856063785	0.3952019926150888	0.6047980073849112	0.06791703144992929	0.12574420996851718	0.10778569076311074	0.2416140782214673
0.03366940695667347	0.8464120856063785	0.3931263518975726	0.6068736481024274	0.0677004665525459	0.12537294878170063	0.10696490656602418	0.2395384375039511
0.03366937322017307	0.8468317247167436	0.3931263518975726	0.6068736481024274	0.06773175807209506	0.12543120862728036	0.10715341477476241	0.23995807661431634
0.03365883139896714	0.8468317247167436	0.3929734099499661	0.6070265900500339	0.06771584846146103	0.12540392741735024	0.10709296052932724	0.23980513466670983
0.033657439845631874	0.8472513638271086	0.3929734099499661	0.6070265900500339	0.06774713106502919	0.1254621718191704	0.10728148751568538	0.24022477377707485
0.033543683228038586	0.8472513638271086	0.39072297843518544	0.6092770215648146	0.06751379367998663	0.1250619425173439	0.10639230763170912	0.23797434226229397
0.03354271041287546	0.8476710029374738	0.39072297843518544	0.6092770215648146	0.06754497425265833	0.12512000991049582	0.10658105627985388	0.2383939813726592
0.033528764119731984	0.8476710029374738	0.39050448993860476	0.6094955100613952	0.06752239604225163	0.12508127186600204	0.10649476305226509	0.23817549287607864
0.033528473784652145	0.8480906420478389	0.39050448993860476	0.6094955100613952	0.06755356486278705	0.1251393188854489	0.10668353728405351	0.23859513198644366
0.033513149733004226	0.8480906420478389	0.39024230374270796	0.609757696257292	0.06752647933442481	0.12509284476355534	0.1065800140610162	0.23833294579054698
0.033512722821241375	0.8485102811582039	0.39024230374270796	0.609757696257292	0.06755763448045439	0.12515086807167394	0.106768818215276	0.238752584900912
0.03341956665958771	0.8485102811582039	0.38864733771766913	0.6113526622823309	0.0673932606739326	0.12486877045637004	0.10613927650946747	0.23715761887587306
0.03341906684757747	0.8489299202685691	0.38864733771766913	0.6113526622823309	0.06742434342087722	0.12492666810757402	0.10632824236148408	0.23757725798623808
0.03337475478322913	0.8489299202685691	0.38764229063339817	0.6123577093666018	0.06732113144758735	0.12474948355070453	0.10593170030892216	0.23657221090196723
0.033372474473240515	0.8493495593789341	0.38764229063339817	0.6123577093666018	0.0673521679810988	0.12480730098045262	0.10612077079429807	0.23699185001233225
0.03333265836316369	0.8493495593789341	0.38692127859468195	0.613078721405318	0.0672782874617737	0.12468044475929405	0.10583639138826889	0.23627083797361603
0.03333255416438946	0.8497691984892992	0.38692127859468195	0.613078721405318	0.06730929034402526	0.12473820376986572	0.1060255387352439	0.23669047708398105
0.03332225318095808	0.8497691984892992	0.3867901854967336	0.6132098145032664	0.0672958691967698	0.12471515674077724	0.10597384866802818	0.23655938398603293
0.033321755088646036	0.8501888375996642	0.3867901854967336	0.6132098145032664	0.06732686428286588	0.12477290223248654	0.10616301363794009	0.23697902309639796
0.03331111224666491	0.8501888375996642	0.38650615045117875	0.6134938495488212	0.0672977910646072	0.12472297463678897	0.10605104933337589	0.23669498805084288
0.03331101913211982	0.8506084767100294	0.38650615045117875	0.6134938495488212	0.06732877167342058	0.12478069500446305	0.10624024743006819	0.23711462716120812
0.03325437631123742	0.8506084767100294	0.38521706832135283	0.6147829316786472	0.06719708271175202	0.12455450411699644	0.10573226790363312	0.2358255450313822
0.03325368177596916	0.8510281158203945	0.38521706832135283	0.6147829316786472	0.06722800503878539	0.12461212326031522	0.10592160168759554	0.23624518414174744
0.03323320749477552	0.8510281158203945	0.3848237890275077	0.6151762109724923	0.06718791412668963	0.1245432493014401	0.10576667598005207	0.2358519048479022
0.033233079440077314	0.8518673940411247	0.3848237890275077	0.6151762109724923	0.06724971841250911	0.12465841751358654	0.10614543762213936	0.23669118306863224
0.03320827454768255	0.8518673940411247	0.3844086608840045	0.6155913391159955	0.06720741599073002	0.12458573708113416	0.10598199550479127	0.23627605492512904
0.033208098389695025	0.8522870331514897	0.3844086608840045	0.6155913391159955	0.06723829702708072	0.12464328454386449	0.10617142579310472	0.23669569403549406
0.033158734370054406	0.8522870331514897	0.3835347068976819	0.6164652931023181	0.06714937512398333	0.12449048392534248	0.10582744440024013	0.23582174004917156
0.03315840586223707	0.8527066722618548	0.3835347068976819	0.6164652931023181	0.0671802162197904	0.1245479619981612	0.10601696969233229	0.2362413791595368
0.03312263670256182	0.8527066722618548	0.3827918460093076	0.6172081539906924	0.06710478517882501	0.12441831986284595	0.1057246796645917	0.23549851827116242
0.03312184521860634	0.8531263113722198	0.3827918460093076	0.6172081539906924	0.06713559210091803	0.1244757385580897	0.10591428695020627	0.23591815738152744
0.033116020419211266	0.8531263113722198	0.382595206362385	0.617404793637615	0.06711564491102968	0.12444145191895697	0.1058369390603922	0.2357215177346048
0.03311424945152428	0.853545950482585	0.382595206362385	0.617404793637615	0.06714644130463489	0.12449885233358837	0.10602657149524176	0.23614115684496984
0.03307771111576726	0.853545950482585	0.3816557058270882	0.6183442941729118	0.06705126091972968	0.12433522831468916	0.1056571323138841	0.23520165630967327
0.03307732087216344	0.8539655895929501	0.3816557058270882	0.6183442941729118	0.06708201476793249	0.12439255478468168	0.10584686817921354	0.2356212954200383
0.0330637648534696	0.8539655895929501	0.3813279730822172	0.6186720269177828	0.06704886165200488	0.12433555324738804	0.10571803352780182	0.23529356267516732
0.0330585198187811	0.8543852287033151	0.3813279730822172	0.6186720269177828	0.06707959936742225	0.12439285168779594	0.10590780867357559	0.23571320178553234
0.03305760482241515	0.8543852287033151	0.38130612423255916	0.6186938757674408	0.06707738938490429	0.12438905180840665	0.10589922209673647	0.2356913529358744
0.03305749425805265	0.8548048678136803	0.38130612423255916	0.6186938757674408	0.06710812413520459	0.12444634511409108	0.10608900417768768	0.23611099204623942
0.03298765363287632	0.8548048678136803	0.3795582162599139	0.6204417837400861	0.06693172110139975	0.12414297467775848	0.10540229583522545	0.23436308407359419
0.032987501022110365	0.8552245069240453	0.3795582162599139	0.6204417837400861	0.06696237884015115	0.12420013407276495	0.10559226917919921	0.2347827231839592
0.0329275926815623	0.8552245069240453	0.3783783783783784	0.6216216216216216	0.06684377972383483	0.12399610610854223	0.10512889775378542	0.23360288530242368
0.0329265740652448	0.8556441460344104	0.3783783783783784	0.6216216216216216	0.06687438504427681	0.12405317433760228	0.10531900329136958	0.2340225244127887
0.032915917704452236	0.8556441460344104	0.37820358758111383	0.6217964124188862	0.06685684307167683	0.1240229920014598	0.1052503762574538	0.23384773361552424
0.032914364311538956	0.8560637851447755	0.37820358758111383	0.6217964124188862	0.06688743893242402	0.12408004379295663	0.10544050553173653	0.23426737272588927
0.032882195579628175	0.8560637851447755	0.37772291288863646	0.6222770871113635	0.06683922545132859	0.12399708242159008	0.10525183541966801	0.233786698033412
0.03288133526267747	0.8564834242551406	0.37772291288863646	0.6222770871113635	0.0668697988336282	0.12405409512232184	0.10544202183914816	0.23420633714377703
0.032857784638762495	0.8564834242551406	0.37715484279752676	0.6228451572024732	0.06681288464056567	0.12395615073942486	0.10521911350115781	0.23363826705266733
0.03285686764710551	0.8569030633655057	0.37715484279752676	0.6228451572024732	0.06684343186356345	0.12401311793999757	0.10540936689224993	0.23405790616303257
0.03284632973635328	0.8569030633655057	0.37678341235333956	0.6232165876466604	0.06680625531636458	0.12394913350936296	0.10526366166257653	0.23368647571884527
0.03284608432317144	0.8573227024758707	0.37678341235333956	0.6232165876466604	0.06683678476788693	0.1240060698027314	0.10545396068248163	0.2341061148292103
0.0328346632109865	0.8573227024758707	0.37652122615744277	0.6234787738425572	0.06681055626410282	0.12396092470117105	0.10535113957526944	0.2338439286333136
0.032833473946824406	0.8577423415862359	0.37652122615744277	0.6234787738425572	0.06684107259646828	0.12401783818220428	0.1055414723114652	0.23426356774367862
0.032819779985405334	0.8577423415862359	0.3763027376608622	0.6236972623391378	0.06681922196796339	0.1239802262457162	0.10545581264532981	0.23404507924709805
0.032817396797876715	0.8581619806966009	0.3763027376608622	0.6236972623391378	0.0668497270439018	0.12403712015527385	0.10564617434572048	0.23446471835746308
0.032802298992182836	0.8581619806966009	0.3760405514649654	0.6239594485350346	0.06682351403457178	0.12399199660462014	0.10554341230853623	0.23420253216156617
0.03280088863136226	0.858581619806966	0.3760405514649654	0.6239594485350346	0.06685400601228597	0.1240488677357747	0.10573380787729164	0.2346221712719314
0.032782435209321725	0.858581619806966	0.3757783652690686	0.6242216347309314	0.06682780245623203	0.12400375768962696	0.10563107550931995	0.2343599850760345
0.0327811332591772	0.8590012589173311	0.3757783652690686	0.6242216347309314	0.0668582813469641	0.12406060606060607	0.10582150502848524	0.23477962418639975
0.03277645170157028	0.8590012589173311	0.3756691210207782	0.6243308789792218	0.06684736463980145	0.1240418118466899	0.10577871218969168	0.23467037993810935
0.032776313597837996	0.8594208980276962	0.3756691210207782	0.6243308789792218	0.06687783691996212	0.12409864873053385	0.10596915871279977	0.23509001904847437
0.032696725077968926	0.8594208980276962	0.37409600384539754	0.6259039961546025	0.06672096432643754	0.12382852651309027	0.10535312647716104	0.23351690187309382
0.03269648187143797	0.8598405371380613	0.37409600384539754	0.6259039961546025	0.06675136825645035	0.12388524441488558	0.10554375404967316	0.23393654098345884
0.03267388872939981	0.8598405371380613	0.3737464222508685	0.6262535777491315	0.06671659286272467	0.12382535126151986	0.10540689894570901	0.23358695938892993
0.0326737275758083	0.8602601762484263	0.3737464222508685	0.6262535777491315	0.06674698010614398	0.12388204012569495	0.10559757090367233	0.23400659849929495
0.03264791075393116	0.8602601762484263	0.37326574755839104	0.626734252441609	0.0666992028631853	0.12379974636149525	0.1054094499655024	0.23352592380681747
0.03264672089424387	0.8606798153587915	0.37326574755839104	0.626734252441609	0.06672956793336804	0.12385639663033304	0.10560018131764086	0.2339455629171825
0.03260302952052118	0.8606798153587915	0.3723917935720684	0.6276082064279316	0.06664283857551338	0.12370698754485962	0.10525824305416778	0.23307160893085976
0.032601119829361584	0.8610994544691565	0.3723917935720684	0.6276082064279316	0.06667316502583098	0.12376357056694813	0.10544907893337391	0.23349124804122479
0.03242752571359837	0.8610994544691565	0.3692237103716489	0.6307762896283511	0.06636052001811009	0.12322474102987539	0.10420988721775329	0.23032316484080528
0.03242748522003552	0.8615190935795216	0.3692237103716489	0.6307762896283511	0.0663907124147075	0.12328109049420524	0.10440109484702183	0.23074280395117053
0.03237269863299563	0.8615190935795216	0.3681312678887456	0.6318687321112544	0.06628353727440028	0.12309629451972659	0.10397388942672461	0.22965036146826723
0.032372455622796385	0.8619387326898867	0.3681312678887456	0.6318687321112544	0.06631368244333957	0.12315256168120635	0.10416523078261955	0.23007000057863225
0.03234192000535988	0.8619387326898867	0.36734470930105534	0.6326552906989447	0.06623669783940664	0.12301979456772377	0.10385772310370597	0.2292834419909422
0.032339136465815994	0.8623583718002518	0.36734470930105534	0.6326552906989447	0.0662668085518042	0.12307600167694796	0.1040491629263169	0.22970308110130722
0.032273663135692875	0.8623583718002518	0.36609932487054553	0.6339006751294545	0.06614522981846273	0.12286628202445368	0.10356239782583146	0.22845769667079718
0.03227349090028055	0.8627780109106169	0.36609932487054553	0.6339006751294545	0.06617528726383212	0.12292239626928136	0.1037539917723174	0.22887733578116243
0.03224156637620545	0.8627780109106169	0.3655312547794358	0.6344687452205642	0.06611995497668435	0.12282693111894379	0.10353201461005945	0.22830926569005272
0.0322406855558304	0.8631976500209819	0.3655312547794358	0.6344687452205642	0.0661499871366092	0.12288300128438723	0.10372368223944081	0.22872890480041774
0.03222196552411505	0.8631976500209819	0.36509427778627457	0.6349057222137254	0.06610746882632729	0.12280963610854055	0.10355297763561326	0.22829192780725638
0.03222193565547518	0.863617289131347	0.36509427778627457	0.6349057222137254	0.06613748111964521	0.12286567164179105	0.10374470340364642	0.22871156691762162
0.03221602544622588	0.863617289131347	0.3648757892896939	0.6351242107103061	0.06611623349503647	0.12282900626678603	0.10365937565079784	0.22849307842104105
0.032214961955317534	0.8640369282417121	0.3648757892896939	0.6351242107103061	0.06614623490105372	0.12288502282832503	0.10385113322685859	0.22891271753140607
0.032144306106182095	0.8640369282417121	0.36317157901636477	0.6368284209836352	0.06598090110876113	0.12259966060317366	0.10318573649644718	0.22720850725807695
0.032143000912924546	0.8644565673520772	0.36317157901636477	0.6368284209836352	0.06601083090332298	0.12265555224769277	0.10337770767977705	0.22762814636844197
0.03205183767442047	0.8644565673520772	0.36120518254713885	0.6387948174528612	0.06582100520816692	0.12232779097387174	0.10261006228205073	0.22566174989921617
0.03205120795780074	0.8648762064624423	0.36120518254713885	0.6387948174528612	0.06585085308965428	0.12238353968112586	0.10280228262959895	0.2260813890095812
0.03204779394661723	0.8648762064624423	0.3611396359981647	0.6388603640018353	0.06584454170793265	0.12237263982899893	0.10277670005976841	0.2260158424606069
0.0320477357173377	0.8652958455728074	0.3611396359981647	0.6388603640018353	0.0658743850233212	0.12242838058483005	0.10296893407583674	0.22643548157097193
0.03203987771581814	0.8652958455728074	0.3608774498022679	0.6391225501977321	0.06584914095931532	0.12238478202807372	0.10286663483493749	0.22617329537507525
0.03203949728768895	0.8657154846831725	0.3608774498022679	0.6391225501977321	0.06587897173878333	0.1224405009199359	0.10305890714809955	0.22659293448544027
0.03196800584184865	0.8657154846831725	0.35932618147654527	0.6406738185234547	0.06572994328681578	0.12218306731025497	0.10245377181503247	0.22504166615971766
0.03196671709659949	0.8661351237935375	0.35932618147654527	0.6406738185234547	0.06575970943384203	0.12223867337873852	0.1026462451728693	0.22546130527008268
0.03193842789003622	0.8661351237935375	0.35840852979090654	0.6415914702090935	0.06567183174774889	0.12208683307701408	0.10228834255236822	0.22454365358444406
0.031937517415016346	0.8665547629039027	0.35840852979090654	0.6415914702090935	0.06570155902004454	0.12214237127731938	0.10248093826453376	0.22496329269480908
0.03187138577010649	0.8665547629039027	0.3569228080141581	0.6430771919858419	0.06555971807733825	0.1218972285351672	0.1019015771447506	0.22347757091806075
0.03187097214782605	0.8669744020142677	0.3569228080141581	0.6430771919858419	0.06558938378996158	0.1219526592290892	0.10209436932116679	0.22389721002842577
0.03183749089706583	0.8669744020142677	0.3562017959754419	0.6437982040245581	0.0655207408347076	0.12183399675659738	0.10181325895398162	0.22317619798970956
0.031835491956564495	0.8673940411246328	0.3562017959754419	0.6437982040245581	0.06555037579678433	0.12188937374690412	0.10200615022045054	0.22359583710007458
0.031801743575430995	0.8673940411246328	0.3555244816360419	0.6444755183639581	0.06548599670510709	0.12177806580846613	0.10174213779147664	0.2229185227606747
0.031801478949729484	0.8678136802349979	0.3555244816360419	0.6444755183639581	0.06551560272453667	0.12183339224696595	0.10193512300667126	0.22333816187103972
0.031773703672608684	0.8678136802349979	0.35482531844698373	0.6451746815530163	0.06544925151121941	0.12171865803413773	0.10166265687920192	0.22263899868198167
0.031772797836751195	0.868233319345363	0.35482531844698373	0.6451746815530163	0.06547882777390975	0.12177393249168653	0.10185573941859791	0.2230586377923467
0.031741071814014324	0.868233319345363	0.3541043064082676	0.6458956935917324	0.0654105150011065	0.12165578879285001	0.10157482202558239	0.2223376257536307
0.03174060855938029	0.8686529584557281	0.3541043064082676	0.6458956935917324	0.06544006069802731	0.1217110098485962	0.1017680053142158	0.22275726486399572
0.0317146619251558	0.8686529584557281	0.35355808516681597	0.646441914833184	0.06538838171652399	0.12162162162162163	0.10155523934081831	0.22221104362254396
0.03171197982251774	0.8690725975660931	0.35355808516681597	0.646441914833184	0.06541790384736876	0.12167680150406862	0.10174850074939167	0.22263068273290898
0.03166886591589058	0.8690725975660931	0.3526622823308353	0.6473377176691647	0.06533329127101802	0.12153042661815622	0.10139964118774462	0.2217348798969283
0.03166831966216669	0.8694922366764583	0.3526622823308353	0.6473377176691647	0.06536277602523659	0.12158554117888684	0.10159302769891722	0.22215451900729355
0.031662392567593615	0.8694922366764583	0.3525093403832288	0.6474906596167712	0.06534834579115022	0.1215605749486653	0.10153348135319996	0.22200157705968704
0.03166179411238624	0.8699118757868234	0.3525093403832288	0.6474906596167712	0.06537782263151255	0.12161567569153149	0.10172689418465279	0.22242121617005228
0.03157560607641849	0.8699118757868234	0.3509362232078481	0.6490637767921519	0.06522970421648835	0.12135936539531071	0.10111453381762965	0.2208480989946715
0.03157393616211294	0.8703315148971884	0.3509362232078481	0.6490637767921519	0.06525911708253358	0.12141435429106662	0.10130816428066793	0.22126773810503653
0.031551615821323174	0.8703315148971884	0.3504773973650287	0.6495226026349713	0.06521602414942457	0.12133976890449027	0.10112958760782496	0.22080891226221722
0.03155073849385088	0.8707511540075535	0.3504773973650287	0.6495226026349713	0.06524541709901581	0.12139472298601767	0.10132328626778712	0.22122855137258224
0.03149576608236499	0.8707511540075535	0.3493194083331512	0.6506805916668488	0.0651368658965344	0.12120681094658138	0.10087267941865768	0.22007056234070488
0.031495629026798456	0.8711707931179186	0.3493194083331512	0.6506805916668488	0.06516621150767492	0.12126168224299065	0.10106654213559978	0.2204902014510699
0.03148205734870258	0.8711707931179186	0.3490135244379383	0.6509864755620617	0.06513758589313169	0.12121212121212122	0.10094753840545737	0.22018431755585688
0.031481836863275686	0.8715904322282837	0.3490135244379383	0.6509864755620617	0.06516691767068274	0.12126696832579185	0.10114144914777158	0.2206039566662219
0.03146761061534751	0.8715904322282837	0.34868579169306735	0.6513142083069327	0.06513626242669426	0.12121388969944558	0.101013981967723	0.22027622392135093
0.03146736572490896	0.8720100713386487	0.34868579169306735	0.6513142083069327	0.06516557952834923	0.12126871115520411	0.10120794387037345	0.22069586303171596
0.03141082950109622	0.8720100713386487	0.3474622561122157	0.6525377438877843	0.06505133984472827	0.12107087715209602	0.10073215838761113	0.2194723274508643
0.03141031919596026	0.872849349559379	0.3474622561122157	0.6525377438877843	0.06510987291053653	0.12118034315010633	0.10112043932885469	0.2203116056715948
0.03139444610036282	0.872849349559379	0.34713452336734474	0.6528654766326553	0.06507931541566284	0.121127416724901	0.10099306690298311	0.21998387292672383
0.03139418811575743	0.873268988669744	0.34713452336734474	0.6528654766326553	0.06510856642262687	0.12118212257970593	0.1011872622304821	0.22040351203708886
0.031388499017994294	0.873268988669744	0.34702527911905434	0.6529747208809457	0.06509838270716677	0.12116448326055312	0.10114481800391623	0.22029426778879824
0.03138774659386271	0.8736886277801091	0.34702527911905434	0.6529747208809457	0.06512762762762762	0.12121917848097581	0.1013390347241352	0.22071390689916348
0.03138511269407553	0.8736886277801091	0.3469378837204221	0.6530621162795779	0.06511947954460152	0.12120506476495416	0.10130509083703491	0.22062651150053125
0.03138492314756072	0.8741082668904742	0.3469378837204221	0.6530621162795779	0.06514871923185188	0.12125975084410293	0.10149932591853046	0.22104615061089627
0.03130419839310747	0.8741082668904742	0.34556140619196396	0.654438593808036	0.06502060182294918	0.12103779889014789	0.10096481756279824	0.21966967308243812
0.03130357739020924	0.8745279060008393	0.34556140619196396	0.654438593808036	0.06504978618472392	0.12109238814642649	0.10115925229937847	0.22008931219280337
0.03130035939271087	0.8745279060008393	0.3454303130940156	0.6545696869059844	0.06503760571731736	0.12107128333236507	0.10110835674308748	0.2199582190948548
0.031295952843035595	0.8749475451112043	0.3454303130940156	0.6545696869059844	0.06506678317313694	0.1211258605164551	0.10130281623265777	0.22037785820521982
0.03126398168149954	0.8749475451112043	0.34484039415324785	0.6551596058467521	0.065012004614761	0.12103093980379637	0.10107385105406974	0.21978793926445217
0.031260071057140626	0.8753671842215694	0.34484039415324785	0.6551596058467521	0.06504115739585932	0.12108547380641416	0.10126840042901783	0.2202075783748172
0.031227330892656918	0.8753671842215694	0.3440975332648736	0.6559024667351264	0.06497227932473681	0.12096610513497057	0.10098013540668863	0.21946471748644303
0.031227315725701504	0.8757868233319346	0.3440975332648736	0.6559024667351264	0.06500140156352198	0.12102058567700782	0.10117479693286391	0.21988435659680805
0.03108273721273971	0.8757868233319346	0.3413227293582993	0.6586772706417007	0.06474529999379537	0.12057659531444088	0.10009798028019438	0.2171095526902338
0.031081411501570275	0.8762064624422996	0.3413227293582993	0.6586772706417007	0.06477431363424849	0.12063088566641632	0.10029304887018321	0.21752919180059882
0.031027802408559402	0.8762064624422996	0.34020843802573797	0.659791561974262	0.06467199405314997	0.12045343101906603	0.09986057124520782	0.21641490046803757
0.03102648887567183	0.8766261015526647	0.34020843802573797	0.659791561974262	0.06470096323597734	0.1205076434958177	0.10005580953154142	0.21683453957840282
0.03099253050189998	0.8766261015526647	0.33918154209180884	0.6608184579081912	0.06460691532133359	0.12034449981277184	0.09965728543112227	0.21580764364447358
0.030992126224003755	0.8770457406630298	0.33918154209180884	0.6608184579081912	0.06463584351322096	0.12039864047468173	0.09985268188049562	0.2162272827548386
0.030988984764799627	0.8770457406630298	0.3391596932421508	0.6608403067578492	0.0646338446313706	0.12039517267202396	0.09984420462903118	0.21620543390518066
0.03098893599443711	0.8774653797733949	0.3391596932421508	0.6608403067578492	0.06466277020131737	0.12044930875576036	0.10003961085105165	0.21662507301554568
0.0308930954974919	0.8774653797733949	0.33719329677292487	0.6628067032270751	0.0644833009529096	0.12013789141051422	0.09927673086577317	0.21465867654631987
0.030892102426240946	0.8778850188837599	0.33719329677292487	0.6628067032270751	0.0645121499938325	0.12019189336703916	0.09947243746746624	0.2150783156566849
0.030865549050774946	0.8778850188837599	0.33662522668181516	0.6633747733181848	0.06446046712269674	0.12010219020007463	0.0992520520853472	0.21451024556557519
0.030864951218991302	0.878304657994125	0.33662522668181516	0.6633747733181848	0.06448929286704667	0.12015615132900856	0.09944785101311414	0.2149298846759402
0.03084768123213354	0.878304657994125	0.33627564508728613	0.6637243549127139	0.0644575159372979	0.12010099271245768	0.09931226299964487	0.2145803030814113
0.03084730428280788	0.8787242971044902	0.33627564508728613	0.6637243549127139	0.06448632668144863	0.12015492755702195	0.09950812151584058	0.21499994219177632
0.030837076577747546	0.8787242971044902	0.33621009853831196	0.663789901461688	0.06448036951501154	0.12014458660852602	0.09948270707144978	0.21493439564280203
0.03083655996196788	0.8791439362148552	0.33621009853831196	0.663789901461688	0.0645091760068974	0.12019851401359763	0.0996785822111976	0.21535403475316706
0.030758812957095247	0.8791439362148552	0.3346369813629313	0.6653630186370687	0.06436647413051493	0.11995076006985199	0.09906871852367055	0.2137809175777865
0.03075746973863963	0.8795635753252203	0.3346369813629313	0.6653630186370687	0.06439521951519248	0.12000458032749342	0.09926484043428942	0.21420055668815152
0.03065647026600383	0.8795635753252203	0.3326705848937054	0.6673294151062946	0.06421765372713625	0.11969619096567871	0.09850237497626169	0.21223416021892572
0.03065619616301272	0.8799832144355854	0.3326705848937054	0.6673294151062946	0.06424632352941176	0.11974987865117209	0.09869880768682462	0.21265379932929074
0.030574273575509996	0.8799832144355854	0.3309882234700343	0.6690117765299657	0.06409511874560626	0.11948717948717949	0.09804632997468496	0.21097143790561956
0.030572681535329813	0.8804028535459505	0.3309882234700343	0.6690117765299657	0.06412372394400635	0.11954075382467735	0.09824303316965759	0.2113910770159848
0.030572244971997883	0.8804028535459505	0.33096637462037626	0.6690336253796237	0.06412176411259513	0.1195373482992422	0.09823456030522815	0.21136922816632664
0.030571686133247417	0.8808224926563155	0.33096637462037626	0.6690336253796237	0.06415036674816627	0.11959091815514343	0.09843127390193616	0.21178886727669166
0.03056911674255137	0.8808224926563155	0.33085713037208586	0.6691428696279141	0.06414056531703591	0.11957388629372223	0.09838892581376332	0.2116796230284015
0.03056891747000025	0.8812421317666806	0.33085713037208586	0.6691428696279141	0.064169162134083	0.11962744595402888	0.09858566361100621	0.2120992621387665
0.030456199853505117	0.8812421317666806	0.3286066988573052	0.6713933011426948	0.06396783331810289	0.11927751902760422	0.09771327256844652	0.20984883062398585
0.030456074569046743	0.8816617708770458	0.3286066988573052	0.6713933011426948	0.06399634480657934	0.11933092891829722	0.09791037562725294	0.2102684697343511
0.03039635984351079	0.8816617708770458	0.32738316327645345	0.6726168367235466	0.06388736848506964	0.11914145566928463	0.0974359503409591	0.20904493415349923
0.030396228103646974	0.8820814099874108	0.32738316327645345	0.6726168367235466	0.06391583300392252	0.11919478310178622	0.09763325777206344	0.20946457326386425
0.03033435992693002	0.8820814099874108	0.3262688719438922	0.6737311280561078	0.06381686805513388	0.11902267772713117	0.09720117322422017	0.208350281931303
0.03033337668783916	0.8825010490977759	0.3262688719438922	0.6737311280561078	0.06384528977807462	0.11907593001528792	0.09739866903647056	0.20876992104166803
0.0302771843905727	0.8825010490977759	0.3251327317616728	0.6748672682383272	0.06374465763390015	0.11890088765760162	0.09695809666222084	0.2076337808594486
0.030275707282015642	0.882920688208141	0.3251327317616728	0.6748672682383272	0.06377303588748788	0.11895406360424028	0.09715578601269391	0.20805341996981364
0.03021404710170483	0.882920688208141	0.3240402892787695	0.6759597107212305	0.06367653289752437	0.11878616796047989	0.09673214190961239	0.20696097748691056
0.03021208283957838	0.8833403273185061	0.3240402892787695	0.6759597107212305	0.0637048694125836	0.11883927059222041	0.09693001917463788	0.20738061659727558
0.030179088250897074	0.8833403273185061	0.323559614586292	0.676440385413708	0.06366248298805384	0.11876551568494696	0.09674363315450947	0.2068999419047981
0.030178941354429237	0.8837599664288712	0.323559614586292	0.676440385413708	0.06369080021774633	0.11881858444525939	0.09694159770557746	0.20731958101516312
0.030150378927143836	0.8837599664288712	0.3227949048482598	0.6772050951517402	0.06362345548472856	0.11870138654041258	0.09664512221853054	0.206554871277131
0.03014734407832229	0.8841796055392362	0.3227949048482598	0.6772050951517402	0.06365174309709383	0.1187544032689869	0.09684322193179422	0.20697451038749604
0.030132075267637004	0.8841796055392362	0.3224671721033887	0.6775328278966113	0.06362291270344536	0.11870422535211268	0.09671618565443632	0.20664677764262507
0.03013158147548836	0.8845992446496014	0.3224671721033887	0.6775328278966113	0.06365118666586146	0.11875721810653221	0.09691434777408323	0.2070664167529901
0.029976676779930517	0.8845992446496014	0.3192990889029692	0.6807009110970308	0.06337371854613234	0.11827414015597823	0.09568589788361974	0.2038983335525706
0.02997591212594292	0.8850188837599664	0.3192990889029692	0.6807009110970308	0.0634018759018759	0.11832692793222431	0.09588460591394062	0.2043179726629356
0.029958227626422144	0.8850188837599664	0.31886211190980795	0.681137888090192	0.06336377839202019	0.11826057700395323	0.09571509747882727	0.20388099566977447
0.029957805840461205	0.8854385228703315	0.31886211190980795	0.681137888090192	0.06339191828150818	0.11831333408096893	0.09591388835851569	0.2043006347801395
0.029906125577898814	0.8854385228703315	0.31772597172758854	0.6822740282724115	0.06329303776584576	0.11814109742441209	0.09547319572607035	0.20316449459792008
0.029905184653282412	0.8858581619806966	0.31772597172758854	0.6822740282724115	0.06332113504109425	0.11819377956944095	0.09567219103436848	0.2035841337082851
0.029901194248398943	0.8858581619806966	0.31757302977998203	0.682426970220018	0.06330784225521068	0.11817062248096731	0.09561287500365594	0.2034311917606786
0.029901163447964663	0.8862778010910617	0.31757302977998203	0.682426970220018	0.06333593234570863	0.11822329200369448	0.09581190462538747	0.2038508308710436
0.029881103079113572	0.8862778010910617	0.3171360527868208	0.6828639472131792	0.06329796799136846	0.11815715124898599	0.09564248189022748	0.20341385387788247
0.029877982636388283	0.8871170793117918	0.3171360527868208	0.6828639472131792	0.06335411172380724	0.11826242622583984	0.09604071675785933	0.2042531320986125
0.02987655670471703	0.8871170793117918	0.31709235508750466	0.6829076449124953	0.06335031465388073	0.11825581070119989	0.09602378776053702	0.20420943439929662
0.02987544494781655	0.887536718422157	0.31709235508750466	0.6829076449124953	0.06337838242785652	0.11830844101359289	0.09622292443115396	0.20462907350966164
0.029875118385679744	0.887536718422157	0.31704865738818855	0.6829513426118115	0.06337458424474875	0.11830182347018682	0.09620600271780166	0.20458537581034553
0.029874831128360205	0.887956357532522	0.31704865738818855	0.6829513426118115	0.06340264876850242	0.11835444808009621	0.09640515477022452	0.20500501492071055
0.02985703430446433	0.887956357532522	0.3166116803950272	0.6833883196049728	0.06336467628915374	0.11828828577018755	0.09623599442915173	0.20456803792754918
0.029856851955835165	0.8883759966428871	0.3166116803950272	0.6833883196049728	0.06339272346159605	0.11834087987031136	0.09643523084790388	0.2049876770379142
0.029818199769245102	0.8883759966428871	0.31591251720596913	0.6840874827940309	0.06333203697609717	0.11823512985199665	0.09616462218232341	0.20428851384885638
0.02981563175912867	0.8892152748636173	0.31591251720596913	0.6840874827940309	0.06338807622124502	0.11834022115492014	0.09656336462979814	0.20512779206958642
0.02971181563825499	0.8892152748636173	0.31353099259324	0.68646900740676	0.0631820621384698	0.11798112524706995	0.0956417400795286	0.20274626745685742
0.029708945245303892	0.8900545530843474	0.31353099259324	0.68646900740676	0.06323792486583184	0.1180859059655374	0.09604136248109266	0.20358554567758747
0.029651412647495944	0.8900545530843474	0.3124385501103367	0.6875614498896633	0.06314379279547484	0.11792177466433158	0.09561861607861617	0.20249310319468417
0.029651328828590787	0.8904741921947126	0.3124385501103367	0.6875614498896633	0.06317168289125064	0.11797409240006672	0.09581863635360564	0.2029127423050494
0.029645261553472736	0.8904741921947126	0.3122419104634141	0.6877580895365859	0.06315476190476191	0.1179445849428897	0.09574255200005831	0.20271610265812656
0.02964398776418239	0.8913134704154427	0.3122419104634141	0.6877580895365859	0.06321052318314387	0.11804918716131721	0.09614268792709922	0.20355538087885683
0.029636268559860082	0.8913134704154427	0.3121326662151238	0.6878673337848762	0.06320111881453269	0.1180327868852459	0.09610045511328844	0.20344613663056643
0.02963417616963181	0.8917331095258078	0.3121326662151238	0.6878673337848762	0.0632289930968817	0.11808507682476174	0.09630055496582038	0.20386577574093145
0.02961981205023037	0.8917331095258078	0.31173938692127856	0.6882606130787214	0.06319514661274014	0.11802604904329474	0.09614856843186412	0.2034724964470862
0.029619698356266055	0.8921527486361729	0.31173938692127856	0.6882606130787214	0.06322300532310346	0.11807831158011664	0.0963487479151607	0.20389213555745145
0.029596359034733757	0.8921527486361729	0.31132425877777536	0.6886757412222246	0.0631873030969506	0.11801604263232396	0.09618835950512189	0.20347700741394825
0.02959379419480641	0.892572387746538	0.31132425877777536	0.6886757412222246	0.06321514548102357	0.11806827643630308	0.09638862286129354	0.2038966465243135
0.029578680126047526	0.892572387746538	0.3107780375363237	0.6892219624636763	0.06316821097647897	0.11798640965192067	0.09617763215043583	0.20335042528286174
0.029578539588242525	0.892992026856903	0.3107780375363237	0.6892219624636763	0.06319603242954296	0.11803860661193699	0.09637800371613947	0.20377006439322676
0.02954158755605535	0.892992026856903	0.3100133277982914	0.6899866722017086	0.06313041414501008	0.1179241362112438	0.09608265472293398	0.20300535465519443
0.029541170514164324	0.8934116659672682	0.3100133277982914	0.6899866722017086	0.06315820700703076	0.11797628283276072	0.09628317527409153	0.20342499376555967
0.029453657554959694	0.8934116659672682	0.30785029168214295	0.692149708317857	0.06297326076668244	0.11765356027741704	0.09544749778724394	0.20126195764941102
0.02945338900778185	0.8938313050776332	0.30785029168214295	0.692149708317857	0.06300097607146027	0.1177055702917772	0.09564842920729077	0.20168159675977604
0.029408202030813003	0.8938313050776332	0.30675784919923965	0.6932421508007603	0.06290794175846895	0.11754318194360135	0.09522619245863986	0.20058915427687296
0.029407946236619853	0.8942509441879983	0.30675784919923965	0.6932421508007603	0.06293561724748967	0.11759512181662665	0.09542733797154145	0.20100879338723798
0.029405449127611828	0.8942509441879983	0.30671415149992354	0.6932858485000765	0.06293190006496958	0.1175886329148848	0.09541045130788497	0.20096509568792187
0.02940489435454227	0.8946705832983634	0.30671415149992354	0.6932858485000765	0.06295957239464903	0.11764056723500524	0.09561161345789133	0.2013847347982869
0.02938951457152228	0.8946705832983634	0.3064301164543687	0.6935698835456313	0.06293541150076751	0.11759838936539893	0.09550189365518769	0.20110069975273204
0.02938756413983203	0.8950902224087285	0.3064301164543687	0.6935698835456313	0.06296307229093485	0.11765030336458908	0.09570311799609435	0.20152033886309706
0.029329136537728912	0.8950902224087285	0.30509733662522664	0.6949026633747734	0.06284990276386351	0.1174527133063517	0.09518829303084912	0.20018755903395524
0.02932809586362958	0.8955098615190936	0.30509733662522664	0.6949026633747734	0.06287751554259112	0.1175045427013931	0.09538977981154133	0.20060719814432026
0.029261261761811996	0.8955098615190936	0.3037645567960847	0.6962354432039153	0.06276470588235294	0.11730753373828437	0.09487480901085873	0.19927441831517845
0.029260617537264885	0.8959295006294586	0.3037645567960847	0.6962354432039153	0.06279227081556425	0.11735927880386983	0.09507656079086366	0.19969405742554347
0.029252796078962657	0.8959295006294586	0.3036116148484782	0.6963883851515218	0.06277934603622677	0.11733670413014206	0.09501746922996629	0.19954111547793696
0.029252272182626462	0.8963491397398238	0.3036116148484782	0.6963883851515218	0.06280690405480902	0.11738843701912509	0.09521925917218911	0.19996075458830198
0.029241271584801203	0.8963491397398238	0.3034586729008718	0.6965413270991282	0.06279397930385701	0.11736586169949724	0.09516019182544642	0.19980781264069547
0.02924054787505992	0.8967687788501888	0.3034586729008718	0.6965413270991282	0.06282153041126495	0.11741758241758242	0.09536201998281513	0.2002274517510605
0.029212431982716936	0.8967687788501888	0.30295614935873627	0.6970438506412637	0.06277908343125735	0.11734343683935974	0.09516800101653881	0.19972492820892507
0.029211098632022134	0.8971884179605539	0.30295614935873627	0.6970438506412637	0.06280661555183455	0.11739512409400395	0.09536993540996604	0.2001445673192901
0.029191161426144474	0.8971884179605539	0.30245362581660074	0.6975463741833993	0.06276420854861438	0.11732104151233298	0.09517595575276357	0.19964204377715467
0.029188861358346505	0.8976080570709191	0.30245362581660074	0.6975463741833993	0.06279172170849846	0.11737269534679544	0.09537799679298069	0.2000616828875197
0.02915423923959055	0.8976080570709191	0.30173261377788463	0.6982673862221154	0.06273095196199191	0.11726652229927907	0.09509971615174873	0.1993406708488037
0.02915404470192297	0.8980276961812841	0.30173261377788463	0.6982673862221154	0.06275843866389044	0.11731812948851489	0.0953019071456373	0.1997603099591687
0.029131182397512043	0.8980276961812841	0.30114269483711686	0.6988573051628831	0.0627087850905468	0.11723136760798707	0.09507424789298884	0.19917039101840084
0.02912689479941917	0.8984473352916492	0.30114269483711686	0.6988573051628831	0.06273624989011634	0.11728293618186798	0.09527656376839094	0.19959003012876608
0.029100147216927812	0.8984473352916492	0.3005527758963491	0.6994472241036509	0.06268665456461908	0.11719626679804035	0.09504893836804626	0.1990001111879982
0.029095596416637018	0.8988669744020142	0.3005527758963491	0.6994472241036509	0.06271409749670619	0.11724779681427555	0.09525137968510569	0.19941975029836323
0.0290844129751926	0.8988669744020142	0.300225043151478	0.699774956848522	0.0626865671641791	0.11719968265258665	0.09512495019372369	0.19909201755349226
0.0290841045125948	0.8992866135123794	0.300225043151478	0.699774956848522	0.06271399724912938	0.11725119002024402	0.09532746535435258	0.19951165666385728
0.02908139370144724	0.8992866135123794	0.3001813454521619	0.6998186545478381	0.06271032686623942	0.11724477513951198	0.09531061483114996	0.1994679589645414
0.029080123132456365	0.8997062526227444	0.3001813454521619	0.6998186545478381	0.06273775384795459	0.11729627704680362	0.09551314748213498	0.19988759807490641
0.029002903675509006	0.8997062526227444	0.29865192597609735	0.7013480740239026	0.06260950823501928	0.11707210527752751	0.09492339433185226	0.19835817859884175
0.029002136205339136	0.9001258917331095	0.29865192597609735	0.7013480740239026	0.06263688129653965	0.11712351206727094	0.09512624171162096	0.19877781770920677
0.028933443905074036	0.9001258917331095	0.297188053049007	0.702811946950993	0.06251457216134297	0.1169096607167189	0.09456152132389006	0.1973139447821164
0.028931683261158386	0.9005455308434747	0.297188053049007	0.702811946950993	0.06254189374289627	0.11696097667320689	0.09476467361861154	0.19773358389248163
0.028862325798217323	0.9005455308434747	0.2956149358736263	0.7043850641263737	0.06241093500072706	0.1167319408181027	0.09415752811773538	0.19616046671710086
0.02886055683038402	0.9009651699538397	0.2956149358736263	0.7043850641263737	0.062438201593671847	0.11678315972694389	0.09436101103889737	0.19658010582746588
0.028675734003908836	0.9009651699538397	0.29133256134064545	0.7086674386593546	0.06208432132323174	0.11616393886108481	0.09270580224061717	0.19229773129448513
0.028673175395906404	0.9013848090642048	0.29133256134064545	0.7086674386593546	0.06211144203799555	0.11621490017854244	0.09291018837543001	0.19271737040485037
0.028645354878209333	0.9013848090642048	0.29085188664816797	0.709148113351832	0.062071954919809276	0.1161457770087596	0.09272418691642313	0.1922366957123729
0.02864387261310294	0.9018044481745698	0.29085188664816797	0.709148113351832	0.06209905796682656	0.11619670712914651	0.0929286845369864	0.19265633482273792
0.028617491195974527	0.9018044481745698	0.2902182700080841	0.7097817299919159	0.062047062220297385	0.11610567831865579	0.09268353575655429	0.19202271818265393
0.028614817677320367	0.902224087284935	0.2902182700080841	0.7097817299919159	0.06207414251068253	0.11615656824873713	0.09288817795447699	0.19244235729301895
0.028580852743539442	0.902224087284935	0.2895409556686841	0.7104590443313159	0.062018634436207344	0.11605937921727395	0.09262614071208077	0.19176504295361907
0.02858066315343641	0.9026437263953	0.2895409556686841	0.7104590443313159	0.06204569055036345	0.11611022644463037	0.09283093757045274	0.1921846820639841
0.02852157386159901	0.9026437263953	0.2880770827415936	0.7119229172584064	0.061926011227868144	0.11590064119834043	0.092264461661756	0.1907208091368937
0.028521127608806707	0.9030633655056651	0.2880770827415936	0.7119229172584064	0.0619530170428374	0.11595139955278967	0.09246958431390875	0.19114044824725873
0.028366311050111264	0.9030633655056651	0.2845594179466451	0.7154405820533549	0.06166719202223687	0.11545064377682404	0.09110650671342756	0.18762278345231032
0.02836411717936439	0.9034830046160303	0.2845594179466451	0.7154405820533549	0.06169407988996504	0.11550119363750973	0.09131241275616564	0.18804242256267534
0.028297085918604664	0.9034830046160303	0.28327033581681926	0.7167296641831807	0.06158995337128472	0.11531869309051955	0.09081222932892423	0.1867533404328494
0.02829701274731826	0.9039026437263953	0.28327033581681926	0.7167296641831807	0.06161679729961668	0.1153691652607054	0.0910184337612347	0.18717297954321443
0.02828857428743209	0.9039026437263953	0.2831392427188708	0.7168607572811292	0.06160622354421691	0.11535063057273677	0.09096756756257239	0.1870418864452661
0.028286957374034038	0.9043222828367604	0.2831392427188708	0.7168607572811292	0.061633061633061634	0.11540109242797472	0.09117381147034019	0.18746152555563134
0.028270195842885138	0.9043222828367604	0.28281150997399984	0.7171884900260002	0.06160663236134934	0.11535476273318523	0.09104669580667037	0.18713379281076037
0.028269834737092422	0.9047419219471254	0.28281150997399984	0.7171884900260002	0.06163345816300277	0.11540520286907184	0.09125302359160983	0.1875534319211254
0.028232270767323115	0.9047419219471254	0.282199742183574	0.717800257816426	0.06158416407209575	0.11531878476679504	0.09101578739765277	0.18694166413069935
0.028231733518133767	0.9051615610574906	0.282199742183574	0.717800257816426	0.06161096829477292	0.11536918674618243	0.09122226362673545	0.1873613032410646
0.028201065579844503	0.9051615610574906	0.2813913347462256	0.7186086652537744	0.06154592404485405	0.11525514293347582	0.09090877191818367	0.18655289580371615
0.028200812807478003	0.9055812001678556	0.2813913347462256	0.7186086652537744	0.06157270029673591	0.11530549544495204	0.09111544211720489	0.18697253491408117
0.02813616382641249	0.9055812001678556	0.2800804037667417	0.7199195962332583	0.06146747180129885	0.11512096236430076	0.09060692488957249	0.1856616039345973
0.02813497401077952	0.9060008392782207	0.2800804037667417	0.7199195962332583	0.061494203765416276	0.11517123653045983	0.09081390579227955	0.18608124304496254
0.02809825920603125	0.9060008392782207	0.27949048482597394	0.7205095151740261	0.061446948998178506	0.11508835523334844	0.09058502431135478	0.18549132410419467
0.02809713480458782	0.9064204783885859	0.27949048482597394	0.7205095151740261	0.06147366024418704	0.11513859275053305	0.0907921516601814	0.1859109632145599
0.028021817177394825	0.9064204783885859	0.2778955188009351	0.7221044811990649	0.061346208463504685	0.11491501077328226	0.09017311094641475	0.18431599718952096
0.028021582978336373	0.9068401174989509	0.2778955188009351	0.7221044811990649	0.061372866433784895	0.11496515401393839	0.09038061986523924	0.18473563629988599
0.028002330319559492	0.9068401174989509	0.2776333326050383	0.7223666673949617	0.06135195752775175	0.11492846886135191	0.09027883874415885	0.1844734501039893
0.028002079299328225	0.907259756609316	0.2776333326050383	0.7223666673949617	0.061378605496252556	0.11497859441061505	0.09048641951725618	0.18489308921435432
0.0279394211622935	0.907259756609316	0.2762350062269221	0.7237649937730779	0.061267286329630466	0.11478325502375833	0.08994351760498695	0.18349476283623822
0.027939304675241864	0.907679395719681	0.2762350062269221	0.7237649937730779	0.06129388761370399	0.11483329794011467	0.09015143863595673	0.18391440194660325
0.027920966716719745	0.907679395719681	0.2758854246323931	0.7241145753676069	0.06126610961620167	0.11478454680534918	0.09001569037368791	0.1835648203520741
0.02792084567024766	0.9080990348300462	0.2758854246323931	0.7241145753676069	0.061292698124964594	0.11483456711507337	0.09022370493355848	0.18398445946243935
0.027892403868933196	0.9080990348300462	0.2751425637440189	0.7248574362559811	0.06123372948500283	0.11473106592794846	0.08993527506689604	0.1832415985740652
0.027892346943151586	0.9085186739404112	0.2751425637440189	0.7248574362559811	0.061260292578025524	0.11478104124695154	0.09014347731018033	0.1836612376844302
0.02788875820549352	0.9085186739404112	0.2749896217964124	0.7250103782035876	0.06124816114065859	0.11475974662744162	0.09008410726063736	0.1835082957368237
0.027888058395899248	0.9089383130507763	0.2749896217964124	0.7250103782035876	0.06127471781379954	0.11480971059048023	0.0902923567158803	0.18392793484718872
0.027885582252149186	0.9089383130507763	0.27496777294675434	0.7250322270532457	0.061272984441301276	0.11480666790342671	0.09028387984173641	0.18390608599753078
0.027883812065792195	0.9093579521611415	0.27496777294675434	0.7250322270532457	0.06129953890979039	0.11485662797477077	0.09049214516020333	0.1843257251078958
0.027861746731793337	0.9093579521611415	0.2746181913522253	0.7253818086477747	0.061271807051771425	0.11480794701986755	0.09035657628014897	0.18397614351336689
0.027860930119231426	0.9097775912715065	0.2746181913522253	0.7253818086477747	0.06129834878986654	0.11485788455934942	0.09056493609950267	0.1843957826237319
0.027856031486235458	0.9097775912715065	0.2745307959535931	0.7254692040464069	0.061291416939952506	0.11484571579923189	0.09053105820714383	0.18430838722509968
0.027853052316003466	0.9101972303818716	0.2745307959535931	0.7254692040464069	0.06131795437197863	0.11489564572518275	0.09073944969702923	0.1847280263354647
0.02781254803725196	0.9101972303818716	0.2736349931176124	0.7263650068823876	0.061246964477325354	0.11477101357250576	0.0903922630361412	0.18383222349948403
0.0278124743283344	0.9106168694922366	0.2736349931176124	0.7263650068823876	0.06127347169278554	0.11482088999417958	0.09060088134231127	0.18425186260984905
0.027802451949780815	0.9106168694922366	0.2733291092223994	0.7266708907776006	0.06124925908154337	0.1147783772347403	0.09048233933198686	0.18394597871463603
0.027801399672457653	0.9110365086026018	0.2733291092223994	0.7266708907776006	0.061275755009878634	0.1148282336762489	0.09069104253157866	0.18436561782500105
0.02779656190664601	0.9110365086026018	0.273176167274793	0.726823832725207	0.0612636509862573	0.114806980433633	0.09063179629108382	0.18421267587739476
0.02779613107860922	0.9114561477129669	0.273176167274793	0.726823832725207	0.06129014052711778	0.11485682557309432	0.09084054741045039	0.18463231498776
0.02777260885362584	0.9114561477129669	0.2726517948829994	0.7273482051170006	0.06124866053804072	0.11478398731668649	0.09063748244813791	0.1841079425959662
0.027772280334477317	0.9118757868233319	0.2726517948829994	0.7273482051170006	0.06127513182753856	0.11483380013739894	0.0908463720656797	0.1845275817063312
0.027729792122122423	0.9118757868233319	0.2717559920470187	0.7282440079529813	0.06120437133844074	0.1147095309736849	0.09049946325230185	0.18363177887035054
0.02772962229278218	0.9122954259336971	0.2717559920470187	0.7282440079529813	0.06123081256161104	0.11475929054054054	0.09070858305841377	0.18405141798071578
0.027680599229142882	0.9122954259336971	0.27070724726343154	0.7292927527365685	0.061148145022923525	0.11461408688317165	0.0903023395886725	0.1830026731971286
0.027679819373745935	0.9127150650440621	0.27070724726343154	0.7292927527365685	0.061174551386623165	0.11466378469567969	0.09051172899053778	0.18342231230749362
0.0276609261896652	0.9127150650440621	0.27029211911992834	0.7297078808800717	0.06114187726646614	0.1146063863420803	0.09035091749502491	0.18300718416399042
0.027658448310405048	0.9131347041544272	0.27029211911992834	0.7297078808800717	0.06116826896047675	0.11465605817108834	0.09056042086108541	0.18342682327435567
0.027647036244744627	0.9131347041544272	0.27002993292403155	0.7299700670759685	0.06114764233125387	0.11461982143327451	0.090458888666196	0.18316463707845876
0.02764639567350582	0.9135543432647922	0.27002993292403155	0.7299700670759685	0.06117402422232838	0.11466947590202792	0.09066846827580341	0.18358427618882378
0.027606325235799433	0.9135543432647922	0.26935261858463155	0.7306473814153684	0.06112078162726711	0.1145759322123102	0.09040622996112306	0.18290696184942368
0.02760601034401596	0.9139739823751574	0.26935261858463155	0.7306473814153684	0.06114714057104354	0.11462554602389348	0.09061598971900137	0.18332660095978892
0.027404351612859045	0.9139739823751574	0.26535427909720555	0.7346457209027945	0.06083459024635495	0.11407620793505303	0.0890654667696251	0.1793282614723628
0.027402787020001457	0.9143936214855225	0.26535427909720555	0.7346457209027945	0.06086082171885038	0.11412559576808254	0.0892762531646445	0.17974790058272805
0.027335289743353263	0.9143936214855225	0.26399965041840545	0.7360003495815945	0.060755611320228636	0.11394059820121313	0.08874989690716169	0.17839327190392806
0.0273348106616212	0.9148132605958875	0.26399965041840545	0.7360003495815945	0.060781798918195504	0.11398990823289498	0.0889610456272162	0.17881291101429309
0.027326060175555843	0.9148132605958875	0.263824859621141	0.736175140378859	0.060768244410994036	0.11396607156860182	0.08889312147147396	0.17863812021702863
0.027325314512622434	0.9152328997062527	0.263824859621141	0.736175140378859	0.060794425087108014	0.11401536933451827	0.08910432729716168	0.17905775932739365
0.027286859500291787	0.9152328997062527	0.26306014988310866	0.7369398501168913	0.06073517126148705	0.11391115869741206	0.08880721612007147	0.17829304958936132
0.027286438543849167	0.9156525388166177	0.26306014988310866	0.7369398501168913	0.06076132661301551	0.11396041155272367	0.08901863351494013	0.17871268869972634
0.027274234373199018	0.9156525388166177	0.2627761148375538	0.7372238851624462	0.06073933860371896	0.11392173754144151	0.08890829311652146	0.1784286536541715
0.027273982878952996	0.9160721779269828	0.2627761148375538	0.7372238851624462	0.060765483646485735	0.11397097212070585	0.08911979675094034	0.1788482927645365
0.027252743617315753	0.9160721779269828	0.2622517424457602	0.7377482575542398	0.06072491585301399	0.1138996138996139	0.08891614465543098	0.17832392037274314
0.02725252586871042	0.9164918170373478	0.2622517424457602	0.7377482575542398	0.06075104311543811	0.11394881694623432	0.08912779812009247	0.17874355948310816
0.027206806333600692	0.9164918170373478	0.2613340907601215	0.7386659092398785	0.060680151144698824	0.11382410423452768	0.08877138380887373	0.17782590779746932
0.02720658081180626	0.916911456147713	0.2613340907601215	0.7386659092398785	0.060706248437196124	0.11387325411715656	0.08898329211590884	0.17824554690783456
0.02715315169994745	0.916911456147713	0.2603290436758504	0.7396709563241496	0.06062876328421987	0.1137369215553589	0.08859280952633818	0.17724049982356327
0.02715306138248166	0.9173310952580781	0.2603290436758504	0.7396709563241496	0.060654827968923415	0.11378601358561279	0.08880499786968984	0.1776601389339285
0.027139405104411537	0.9173310952580781	0.2599794620813214	0.7400205379186786	0.06062791213667628	0.11373865084939774	0.08866917472109946	0.17731055733939938
0.027136534874849332	0.9177507343684431	0.2599794620813214	0.7400205379186786	0.060653964556119475	0.11378772112382934	0.08888146875432322	0.1777301964497644
0.0271356295254649	0.9177507343684431	0.2599357643820053	0.7400642356179947	0.06065060040489198	0.11378180115498673	0.08886449907484073	0.1776864987504485
0.027135023697464986	0.9181703734788083	0.2599357643820053	0.7400642356179947	0.06067665002773156	0.11383086647764222	0.08907681678796639	0.17810613786081353
0.027112430588823098	0.9181703734788083	0.2594550896895278	0.7405449103104722	0.06063965412116845	0.11376576108150266	0.08889022802435256	0.17762546316833605
0.027112370185203516	0.9185900125891733	0.2594550896895278	0.7405449103104722	0.06066568744284012	0.11381479748349191	0.08910268715634562	0.17804510227870107
0.027080909316288603	0.9185900125891733	0.2588870195984181	0.7411129804015819	0.060622005594173196	0.11373791956770238	0.08888220435433031	0.17747703218759137
0.027078698309033745	0.9190096516995384	0.2588870195984181	0.7411129804015819	0.06064801993907505	0.1137869222975606	0.0890948291294974	0.1778966712979564
0.027077852760335103	0.9190096516995384	0.25886517074876003	0.74113482925124	0.06064634045027831	0.11378396633241544	0.08908635229284402	0.17787482244829844
0.02707700221010319	0.9194292908099034	0.25886517074876003	0.74113482925124	0.0606723526805494	0.11383296532017145	0.08929899503465236	0.17829446155866346
0.02697348867686421	0.9194292908099034	0.2568113788809019	0.7431886211190981	0.060514831795834945	0.11355567648811837	0.08850184788215641	0.17624066969080543
0.026972634065539732	0.9198489299202686	0.2568113788809019	0.7431886211190981	0.06054077940729693	0.11360456076703809	0.08871506400628099	0.17666030880117045
0.02696962818871267	0.9198489299202686	0.2567458323319277	0.7432541676680723	0.06053576360121513	0.11359572979555878	0.0886896121288798	0.17659476225219617
0.026968921211210913	0.9202685690306337	0.2567458323319277	0.7432541676680723	0.06056170776835768	0.1136446079701508	0.08890285854953989	0.1770144013625614
0.02694951814316572	0.9202685690306337	0.2564399484367148	0.7435600515632852	0.06053830227743271	0.1136033982594281	0.08878414354153778	0.1767085174673486
0.026948295132692784	0.9206882081409987	0.2564399484367148	0.7435600515632852	0.060564235631866616	0.11365225724571991	0.08899748663156706	0.17712815657771364
0.026902987269884982	0.9206882081409987	0.2554567502021019	0.7445432497978981	0.06048909597198864	0.1135199461892689	0.08861590714562448	0.17614495834310073
0.026902782950120423	0.9211078472513639	0.2554567502021019	0.7445432497978981	0.06051499779444199	0.11356874919156643	0.08882953525214332	0.17656459745346575
0.02681714657295771	0.9211078472513639	0.2533155629356114	0.7466844370643886	0.060351938410778114	0.11328155239594354	0.08799770514375958	0.17442341018697527
0.026817053995070592	0.9215274863617289	0.2533155629356114	0.7466844370643886	0.060377773500866073	0.1133302368787738	0.08821194665062322	0.1748430492973403
0.026805855666008533	0.9215274863617289	0.25298783019074045	0.7470121698092596	0.06035288297696916	0.11328638860945602	0.08808454245055082	0.17451531655246932
0.026805647321994957	0.921947125472094	0.25298783019074045	0.7470121698092596	0.06037870668095748	0.113335052875935	0.08829888939559695	0.17493495566283457
0.026695945685745553	0.921947125472094	0.25069370097664356	0.7493062990233564	0.06020497643319084	0.1130289389067524	0.08740637941386911	0.17264082644873757
0.026694384152966072	0.922366764582459	0.25069370097664356	0.7493062990233564	0.06023072918093881	0.11307747710669822	0.0876213955674654	0.1730604655591026
0.026561959182847247	0.922366764582459	0.24798444361904348	0.7520155563809565	0.060026763525138596	0.11271794871794871	0.0865650873672549	0.1703512082015024
0.026561670302454026	0.9227864036928242	0.24798444361904348	0.7520155563809565	0.060052433229559235	0.1127663393246327	0.08678090653675069	0.17077084731186765
0.02650247670062338	0.9227864036928242	0.24676090803819184	0.7532390919618082	0.05996073512570213	0.11260465473538674	0.08630309897806065	0.169547311731016
0.026502209985955493	0.9232060428031893	0.24676090803819184	0.7532390919618082	0.05998636673483299	0.11265297762302218	0.08651929347817207	0.16996695084138125
0.02640743725182741	0.9232060428031893	0.24481636041862398	0.755183639581376	0.05984114895005984	0.11239686310572969	0.08575902151234016	0.1680224032218134
0.026406616412117983	0.9236256819135543	0.24481636041862398	0.755183639581376	0.05986672106623147	0.11244508020843977	0.08597581197171494	0.1684420423321784
0.02640616060769679	0.9236256819135543	0.24479451156896592	0.7552054884310341	0.05986509274873524	0.11244220797466091	0.08596726572596153	0.16842019348252024
0.026405416183385242	0.9240453210239195	0.24479451156896592	0.7552054884310341	0.05989066282263987	0.1124904214559387	0.08618407620992548	0.16883983259288549
0.026280312976847773	0.9240453210239195	0.2422600450086303	0.7577399549913697	0.059702301873491855	0.11215810115621658	0.08519187694940976	0.16630536603254975
0.026275531307255223	0.9244649601342845	0.2422600450086303	0.7577399549913697	0.05972779524997289	0.11220617821580461	0.08540947388858298	0.16672500514291477
0.02627015659074759	0.9244649601342845	0.24217264960999807	0.7578273503900019	0.05972131858599002	0.11219474930610374	0.08537522966376443	0.16663760974428254
0.02626804552362957	0.9248845992446496	0.24217264960999807	0.7578273503900019	0.059746807991542195	0.11224281931146873	0.08559286723016256	0.1670572488546478
0.026202663695084432	0.9248845992446496	0.2409054163298302	0.7590945836701698	0.059653016483070344	0.11207729468599034	0.08509628184287077	0.1657900155744798
0.02620217891418816	0.9253042383550147	0.2409054163298302	0.7590945836701698	0.05967846703475154	0.11212529556838118	0.08531432571894058	0.16620965468484483
0.02615270461231997	0.9253042383550147	0.23987852039590118	0.7601214796040988	0.059602649006622516	0.11199146731677587	0.0849116374037435	0.16518275875091604
0.02615139898635674	0.9257238774653798	0.23987852039590118	0.7601214796040988	0.05962806789923235	0.11203941186927042	0.08513001614456354	0.16560239786128106
0.026109403224333857	0.9257238774653798	0.23880792676265594	0.7611920732373441	0.059549196922661626	0.11190017246626763	0.08470994653999986	0.1645318042280357
0.026107295645791156	0.9261435165757449	0.23880792676265594	0.7611920732373441	0.059574582950925874	0.11194805853559563	0.08492867670128888	0.16495144333840095
0.02601214584847959	0.9261435165757449	0.23671043719548168	0.7632895628045183	0.059420602013892626	0.11167615433270082	0.08410459765308081	0.16285395377122658
0.026010903743427616	0.9265631556861099	0.23671043719548168	0.7632895628045183	0.05944592520797997	0.11172392855335729	0.08432401127016446	0.1632735928815916
0.025978628025127595	0.9265631556861099	0.23601127400642352	0.7639887259935765	0.059394754539340955	0.1116335507356287	0.08404901951951775	0.16257442969253333
0.02597557211299636	0.926982794796475	0.23601127400642352	0.7639887259935765	0.059420055950075316	0.111681286180136	0.08426867304030772	0.16299406880289857
0.025913487885805952	0.926982794796475	0.234831436124888	0.765168563875112	0.05933387053451518	0.11152904349582207	0.08380440408439671	0.16181423092136304
0.02590542368638557	0.9274024339068401	0.234831436124888	0.765168563875112	0.059359136203701215	0.11157671530267077	0.08402445555582153	0.16223387003172807
0.025897714594717708	0.9274024339068401	0.23470034302693965	0.7652996569730603	0.05934957166259366	0.11155981827359919	0.08397286587477157	0.16210277693377972
0.02589574198574572	0.9278220730172052	0.23470034302693965	0.7652996569730603	0.05937483216069606	0.11160748088135079	0.08419297472606817	0.16252241604414497
0.025894410375770532	0.9278220730172052	0.23461294762830742	0.7653870523716926	0.05936845497019494	0.11159621451104101	0.0841586049495239	0.16243502064551274
0.025894233078120676	0.9282417121275703	0.23461294762830742	0.7653870523716926	0.059393711569959456	0.11164387018624136	0.0843787569511657	0.16285465975587776
0.025891837524508455	0.9282417121275703	0.2345692499289912	0.7654307500710088	0.05939052221774735	0.11163823559099627	0.08436158480091224	0.16281096205656143
0.025891013523795525	0.9286613512379354	0.2345692499289912	0.7654307500710088	0.05941577619073189	0.1116858865981983	0.08458176567986472	0.16323060116692645
0.025858094644757107	0.9286613512379354	0.2338482378902751	0.7661517621097249	0.05936318034282036	0.11159296051636328	0.08429851114084597	0.16250958912821045
0.025856465305320393	0.9290809903483005	0.2338482378902751	0.7661517621097249	0.05938841201716738	0.11164057181756297	0.08451894350165055	0.1629292282385757
0.02582427327765203	0.9290809903483005	0.2330616793025847	0.7669383206974153	0.05933111801908029	0.11153933348447063	0.08420987291914496	0.1621426696508852
0.025823425036635112	0.9295006294586655	0.2330616793025847	0.7669383206974153	0.05935632553527883	0.11158690176322418	0.0844305799743608	0.16256230876125022
0.025761015893312894	0.9295006294586655	0.23190369027070723	0.7680963097292928	0.059272143430559275	0.1114381304555631	0.08397532128258273	0.16140431972937286
0.025760876653129632	0.9299202685690307	0.23190369027070723	0.7680963097292928	0.05929731610071981	0.11148563666549278	0.08419642892793086	0.16182395883973788
0.025719285231501115	0.9299202685690307	0.2308767943367782	0.7691232056632218	0.05922283393019402	0.11135398608075174	0.08379242589122007	0.16079706290580886
0.025718851719675234	0.9303399076793957	0.2308767943367782	0.7691232056632218	0.059247975627355086	0.11140143711371288	0.08401389359927017	0.16121670201617389
0.025706218507858942	0.9303399076793957	0.23061460814088142	0.7693853918591186	0.059228981325639175	0.11136786055156478	0.08391073709853897	0.16095451582027698
0.02570554749022731	0.9307595467897608	0.23061460814088142	0.7693853918591186	0.059254114126950204	0.1114152957428105	0.0841323084235815	0.16137415493064222
0.025702390274057792	0.9307595467897608	0.23052721274224908	0.7694727872577509	0.05924778288278662	0.11140410356864813	0.08409794385612382	0.16128675953200977
0.025701851494529488	0.931598825010491	0.23052721274224908	0.7694727872577509	0.05929803942518297	0.11149895783631752	0.08454119084611691	0.16212603775274004
0.025700978511191064	0.931598825010491	0.23050536389259102	0.769494636107409	0.0592964555677235	0.11149615790266687	0.08453261383156933	0.16210418890308187
0.025695606317659648	0.9320184641208561	0.23050536389259102	0.769494636107409	0.059321581196581194	0.11154358034301785	0.08475426733560311	0.1625238280134471
0.025662249579070335	0.9320184641208561	0.22971880530490074	0.7702811946950993	0.05926459600811186	0.11144283599688903	0.0844455837224509	0.16173726942575684
0.025661978099600562	0.9324381032312211	0.22971880530490074	0.7702811946950993	0.059289697681244494	0.11149021575514301	0.08466751978244103	0.16215690853612186
0.025630211184788972	0.9324381032312211	0.22908518866481675	0.7709148113351832	0.05924385431664267	0.11140916042016596	0.08441882140349188	0.16152329189603787
0.02562920236041588	0.9328577423415862	0.22908518866481675	0.7709148113351832	0.05926893646519316	0.111456505389822	0.08464098937299601	0.1619429310064029
0.025562535188965545	0.9328577423415862	0.22753392033909414	0.7724660796609059	0.05915695353664378	0.11125847701508972	0.08403167848531455	0.16039166268068028
0.025561516948120273	0.9332773814519513	0.22753392033909414	0.7724660796609059	0.05918198994119056	0.11130574045343077	0.08425439705120882	0.1608113017910453
0.025549207958431727	0.9332773814519513	0.2272498852935393	0.7727501147064607	0.05916152372845286	0.11126954346466542	0.08414278241189761	0.16052726674549067
0.02554876362778688	0.9336970205623164	0.2272498852935393	0.7727501147064607	0.059186550687628015	0.11131679007404442	0.08436561518343907	0.1609469058558557
0.025516525942702668	0.9336970205623164	0.22665996635277152	0.7733400336472285	0.05914407230196704	0.11124165687573433	0.08413385710085779	0.16035698691508804
0.02551640580114493	0.9341166596726815	0.22665996635277152	0.7733400336472285	0.059169081098322744	0.11128887111288871	0.08435691124501007	0.16077662602545306
0.02543949223435253	0.9341166596726815	0.22528348882431337	0.7747165111756866	0.05907016240314192	0.11111388424389149	0.08381583966543948	0.1594001484969949
0.025438990511485658	0.9345362987830466	0.22528348882431337	0.7747165111756866	0.05909513068860289	0.11116102625536588	0.0840393936553578	0.15981978760735993
0.025414601781803287	0.9345362987830466	0.22478096528217795	0.775219034717822	0.05905908560517662	0.11109725374772393	0.08384176107079246	0.1593172640652245
0.0254126706247689	0.9349559378934117	0.22478096528217795	0.775219034717822	0.05908403829324564	0.11114436795370647	0.08406550897094602	0.15973690317558953
0.02534435915192727	0.9349559378934117	0.22333894120474562	0.7766610587952544	0.05898080741230973	0.11096170127994422	0.08349807316397256	0.15829487909815732
0.02533863461427008	0.9353755770037767	0.22333894120474562	0.7766610587952544	0.05900571791613723	0.11100874025747653	0.08372235225298348	0.15871451820852234
0.02532322838630011	0.9353755770037767	0.22301120845987454	0.7769887915401255	0.058982297372390254	0.11096729227858815	0.08359333438948577	0.15838678546365115
0.025322971614933007	0.9357952161141418	0.22301120845987454	0.7769887915401255	0.059007197290431836	0.11101431238332296	0.08381774746629006	0.1588064245740164
0.025311199531133186	0.9357952161141418	0.22279271996329397	0.777207280036706	0.05899158774668007	0.11098668657459251	0.08373177857774855	0.15858793607743582
0.02531070402478385	0.9362148552245069	0.22279271996329397	0.777207280036706	0.0590164801735312	0.11103369332603394	0.08395628655552294	0.15900757518780084
0.02528842588748788	0.9362148552245069	0.2222028010225262	0.7777971989774738	0.05897435897435897	0.11095914256583692	0.0837242409186014	0.1584176562470332
0.025287862785211047	0.936634494334872	0.2222028010225262	0.7777971989774738	0.058999233432898944	0.11100611727259163	0.08394897864965395	0.1588372953573982
0.02527788741384096	0.936634494334872	0.22211540562389387	0.7778845943761061	0.05899299590326417	0.11099507683126958	0.0839146154842829	0.15874989995876598
0.02527608446404857	0.9370541334452371	0.22211540562389387	0.7778845943761061	0.05901786658209113	0.1110420448046943	0.08413940112185478	0.159169539069131
0.02526687686879626	0.9370541334452371	0.22198431252594553	0.7780156874740545	0.059008509064002956	0.11102548166563082	0.08408789544907243	0.15903844597118266
0.025263241603299066	0.9374737725556022	0.22198431252594553	0.7780156874740545	0.059033374732447214	0.11107244070998856	0.08431274494336971	0.15945808508154768
0.025223803559086044	0.9374737725556022	0.22104481199064874	0.7789551880093513	0.058966372802618384	0.11095383545655467	0.0839436620345306	0.1585185845462509
0.02522346253903326	0.9378934116659673	0.22104481199064874	0.7789551880093513	0.05899121070551904	0.11100074497144276	0.08416887105402726	0.15893822365661592
0.025212099139342303	0.9378934116659673	0.22073892809543583	0.7792610719045642	0.05896942033191736	0.11096216860291927	0.08404870219091035	0.15863233976140312
0.025211155879921735	0.9383130507763323	0.22073892809543583	0.7792610719045642	0.05899424832462667	0.11100906044433412	0.0842740399059505	0.15905197887176814
0.025184141380130125	0.9383130507763323	0.22014900915466795	0.779850990845332	0.05895225289356429	0.11093470926771185	0.08404234339275254	0.15846205993100027
0.02518326615303776	0.9387326898866974	0.22014900915466795	0.779850990845332	0.058977063010809384	0.11098156922084687	0.08426791504974128	0.1588816990413653
0.025163995282479867	0.9387326898866974	0.21984312525945504	0.780156874740545	0.05895530255112798	0.11094304064274556	0.08414780639058957	0.1585758151461525
0.02516363741059782	0.9391523289970626	0.21984312525945504	0.780156874740545	0.058980102780339966	0.11098988295973021	0.08437350775561023	0.15899545425651773
0.02514854279784433	0.9391523289970626	0.21969018331184864	0.7803098166881514	0.05896922428330523	0.110970621048717	0.08431348890912657	0.15884251230891122
0.025146739935251794	0.9395719681074276	0.21969018331184864	0.7803098166881514	0.05899401891813559	0.11101745339151131	0.08453926352026563	0.15926215141927624
0.025093354111488223	0.9395719681074276	0.21855404312962923	0.7814459568703708	0.05891330088146297	0.11087451718332178	0.08409338807282785	0.15812601123705683
0.02509107329642744	0.9399916072177927	0.21855404312962923	0.7814459568703708	0.058938062411198235	0.11092129045037015	0.08431960313873309	0.15854565034742185
0.025078804334102766	0.9399916072177927	0.21833555463304855	0.7816644453669515	0.058922558922558925	0.11089383400579222	0.08423384966863501	0.15832716185084128
0.02507857618514359	0.9404112463281578	0.21833555463304855	0.7816644453669515	0.05894731304416445	0.11094059405940594	0.08446016340644769	0.1587468009612063
0.025066285182976905	0.9404112463281578	0.21787672879022923	0.7821232712097708	0.05891476944108523	0.11088295687885011	0.08428015871454214	0.158287975118387
0.025065863909036357	0.9408308854385229	0.21787672879022923	0.7821232712097708	0.05893950945082678	0.11092969175201622	0.0845066618871894	0.15870761422875201
0.025036426881106865	0.9408308854385229	0.21739605409775176	0.7826039459022482	0.05890544126533722	0.1108693502126397	0.08431812890213367	0.15822693953627454
0.025034289906451002	0.9412505245488879	0.21739605409775176	0.7826039459022482	0.058930166570332614	0.11091605884534553	0.08454483055042944	0.15864657864663956
0.025011388128914968	0.9412505245488879	0.2168498328563001	0.7831501671436999	0.0588914852836926	0.11084754138868297	0.08433062366598984	0.15810035740518802
0.025011299189534746	0.941670163659253	0.2168498328563001	0.7831501671436999	0.05891619407687461	0.11089422055298856	0.08455754956615608	0.15851999651555326
0.024862690430177654	0.941670163659253	0.21324477266271935	0.7867552273372806	0.05866206572033566	0.11044394133280835	0.08314049646029412	0.1549149363219724
0.024861310674120635	0.9420898027696182	0.21324477266271935	0.7867552273372806	0.05868667328906781	0.11049043974702857	0.08336883184317875	0.15533457543233764
0.024809800082178295	0.9420898027696182	0.2121741790294741	0.7878258209705259	0.05861159700284573	0.1103573710858772	0.08294683246847304	0.1542639817990923
0.024809544708167073	0.9425094418799832	0.2121741790294741	0.7878258209705259	0.058636173767752715	0.11040381448619953	0.08317560689291065	0.1546836209094573
0.02474367475893857	0.9425094418799832	0.2106229107037515	0.7893770892962485	0.05852768729641694	0.11021149222238578	0.08256342219584356	0.1531323525837347
0.02474241206098077	0.9429290809903483	0.2106229107037515	0.7893770892962485	0.05855222013758599	0.11025785716038175	0.08279283191381949	0.15355199169409994
0.024653989737097096	0.9429290809903483	0.20891870043042238	0.7910812995695776	0.05843345295677953	0.11004726106227196	0.08211912877458453	0.15184778142077082
0.024653329507700727	0.9433487201007134	0.20891870043042238	0.7910812995695776	0.058457937849434406	0.11009354033008473	0.08234924429040137	0.15226742053113584
0.024633747225087526	0.9433487201007134	0.208481723437261	0.791518276562739	0.058427550357374916	0.11003964951784229	0.08217636164227725	0.15183044353797426
0.024631666502192923	0.9437683592110785	0.208481723437261	0.791518276562739	0.058452022039713065	0.1100859051861279	0.08240667327659165	0.1522500826483395
0.024529580625354996	0.9437683592110785	0.20612204767418996	0.79387795232581	0.058288409703504046	0.10979568921326922	0.08147180980067106	0.14989040688526845
0.024527389667646435	0.9441879983214435	0.20612204767418996	0.79387795232581	0.058312815861085915	0.10984182776801406	0.0817031125079663	0.15031004599563347
0.02451285398269734	0.9441879983214435	0.20577246607966093	0.7942275339203391	0.05828864537188156	0.10979894593011907	0.08156443071349373	0.14996046440110433
0.024512251571895054	0.9446076374318086	0.20577246607966093	0.7942275339203391	0.05831304077508937	0.1098450652677809	0.08179589776848056	0.15038010351146958
0.02446485697504892	0.9446076374318086	0.20476741899538986	0.7952325810046101	0.05824363485820741	0.10972191757451683	0.0813971294455831	0.1493750564271985
0.02446485193164058	0.9450272765421738	0.20476741899538986	0.7952325810046101	0.058268001759424565	0.10976798596217587	0.0816290368474764	0.14979469553756353
0.02444123025563899	0.9450272765421738	0.2042867443029125	0.7957132556970875	0.05823485299061312	0.1097091635407025	0.08143827181583581	0.14931402084508627
0.024439958441148584	0.9454469156525388	0.2042867443029125	0.7957132556970875	0.0582592056268101	0.10975520643039825	0.08167040101325629	0.1497336599554513
0.024407020616740698	0.9454469156525388	0.20343463916624793	0.7965653608337521	0.05820051148252435	0.10965104394802161	0.08133218402939514	0.14888155481878673
0.024406389018725914	0.9458665547629039	0.20343463916624793	0.7965653608337521	0.05822483984294276	0.10969704343594111	0.08156469415079347	0.14930119392915175
0.02438125345966627	0.9458665547629039	0.20295396447377045	0.7970460355262295	0.0581917695048278	0.10963834910134494	0.081373881344039	0.14882051923667428
0.024379291890544746	0.946286193873269	0.20295396447377045	0.7970460355262295	0.058216083645282045	0.10968432316746923	0.08160661592166672	0.1492401583470393
0.02435791789090048	0.946286193873269	0.20247328978129298	0.797526710218707	0.058183037902830456	0.10962566844919786	0.08141584347743965	0.14875948365456182
0.024357547465455324	0.9467058329836341	0.20247328978129298	0.797526710218707	0.05820733783992982	0.10967161712160618	0.08164880350513659	0.14917912276492706
0.024336605563711144	0.9467058329836341	0.2018833708405252	0.7981166291594748	0.0581668170684543	0.10959968907889624	0.08141470070535832	0.1485892038241592
0.02433647714774055	0.9471254720939991	0.2018833708405252	0.7981166291594748	0.058191099881400504	0.10964560713157959	0.08164793441500753	0.1490088429345242
0.024336074830477183	0.9471254720939991	0.2018396731412091	0.7981603268587909	0.05818809941218934	0.10964028078016079	0.0816306023966654	0.14896514523520832
0.024334738320326	0.9475451112043642	0.2018396731412091	0.7981603268587909	0.058212379798396455	0.10968619450111726	0.08186387426671217	0.14938478434557334
0.024165377570410308	0.9475451112043642	0.1984531014442089	0.8015468985557911	0.05798069022185703	0.10927480823674596	0.08051788128111968	0.14599821264857304
0.024163489762451123	0.9479647503147294	0.1984531014442089	0.8015468985557911	0.058004878675054564	0.1093205574912892	0.08075266018957122	0.1464178517589383
0.024048575500733624	0.9479647503147294	0.1963337630273766	0.8036662369726234	0.057860765329645	0.10906457453228727	0.0799069166018924	0.14429851334210597
0.024047498797211964	0.9483843894250944	0.1963337630273766	0.8036662369726234	0.057884896140153165	0.1091102206343842	0.08014266888395125	0.144718152452471
0.024035097269681862	0.9483843894250944	0.19602787913216368	0.8039721208678363	0.05786414727193589	0.10907335907335908	0.08002045763867247	0.1444122685572582
0.024035089902406225	0.9488040285354595	0.19602787913216368	0.8039721208678363	0.057888268728557526	0.10911898844139861	0.08025636924913128	0.14483190766762322
0.023987386772922472	0.9488040285354595	0.19515392514584107	0.8048460748541589	0.057829044963936774	0.10901376533834768	0.07990719420244691	0.1439579536813005
0.023985167589272046	0.9492236676458246	0.19515392514584107	0.8048460748541589	0.05785314202409269	0.10905935104382623	0.08014352574610029	0.1443775927916655
0.02393578306019034	0.9492236676458246	0.19401778496362165	0.8059822150363783	0.057776302010165766	0.1089228102277652	0.07968923157358666	0.1432414526094461
0.02393572324125286	0.9496433067561897	0.19401778496362165	0.8059822150363783	0.05780036779730282	0.10896833995425545	0.07992610785366902	0.14366109171981134
0.023887062331585728	0.9496433067561897	0.19314383097729904	0.806856169022701	0.05774137579097775	0.10886349969933855	0.07957636609248622	0.14278713773348883
0.023886340428005585	0.9500629458665547	0.19314383097729904	0.806856169022701	0.057765417293904525	0.10890898595343468	0.07981367002067385	0.14320677684385386
0.023855485123575725	0.9500629458665547	0.19229172584063448	0.8077082741593655	0.05770799347471452	0.10880692058152108	0.0794724873165772	0.14235467170718907
0.02385480186909375	0.9504825849769198	0.19229172584063448	0.8077082741593655	0.05773201131700354	0.10885236447520184	0.07971021203666734	0.14277431081755432
0.023844588837743725	0.9504825849769198	0.19202953964473768	0.8079704603552623	0.057714358517008534	0.1088209858748919	0.07960523979265642	0.1425121246216574
0.023842167217122946	0.950902224087285	0.19202953964473768	0.8079704603552623	0.05773836824134944	0.1088664152393764	0.07984310920617006	0.14293176373202265
0.023804038135616882	0.950902224087285	0.19091524831217632	0.8090847516878237	0.057663434867801615	0.10873320537428023	0.07939689022448358	0.1418174723994614
0.02380124181184737	0.95132186319765	0.19091524831217632	0.8090847516878237	0.05768741411776681	0.10877858016842207	0.07963530987079075	0.14223711150982643
0.023782496037963455	0.95132186319765	0.19039087592038284	0.8096091240796172	0.05765220487259041	0.10871598129720657	0.07942522874177271	0.14171273911803284
0.023782154909731585	0.9517415023080151	0.19039087592038284	0.8096091240796172	0.05767616916308522	0.10876132930513595	0.07966392056677654	0.14213237822839808
0.02376444393298675	0.9517415023080151	0.1900412943258537	0.8099587056741463	0.05765271105010295	0.10871962034418292	0.07952391060880756	0.14178279663386872
0.023764130358622626	0.9521611414183802	0.1900412943258537	0.8099587056741463	0.05767666497203864	0.10876494978788678	0.07976279178500825	0.14220243574423375
0.02363625666644135	0.9521611414183802	0.18772531626209876	0.8122746837379012	0.05752167520154135	0.10848932558751105	0.07883382322532606	0.13988645768047903
0.023636225290554175	0.9525807805287453	0.18772531626209876	0.8122746837379012	0.057545567470276573	0.10853454458522592	0.07907385250742709	0.14030609679084405
0.023526652587913838	0.9525807805287453	0.18540933819834382	0.8145906618016562	0.05739134831744747	0.1082602060282335	0.07814155192014652	0.1379901187270891
0.023522768721535785	0.9530004196391104	0.18540933819834382	0.8145906618016562	0.057415179248622134	0.10830531511553043	0.07838275370481985	0.13840975783745435
0.023500751907443305	0.9530004196391104	0.18486311695689217	0.8151368830431078	0.05737891305995604	0.10824078928554406	0.0781624794995451	0.1378635365960026
0.02349741283969917	0.9534200587494754	0.18486311695689217	0.8151368830431078	0.057402728650833755	0.10828587088625694	0.07840397861822651	0.1382831757063676
0.023459760117334322	0.9534200587494754	0.18425134916646635	0.8157486508335337	0.0573621490607958	0.1082136648329404	0.07815727523199956	0.1376714079159418
0.02345832593719724	0.9538396978598406	0.18425134916646635	0.8157486508335337	0.05738594763816304	0.10825871594589445	0.07839910653773104	0.13809104702630703
0.02345082696580909	0.9538396978598406	0.184120256068518	0.815879743931482	0.05737725608986495	0.10824324967855613	0.07834626602044682	0.13795995392835847
0.023450459596802708	0.9542593369702056	0.184120256068518	0.815879743931482	0.057401050080775444	0.10828829257839473	0.07858818654460314	0.1383795930387235
0.023394871776179663	0.9542593369702056	0.18309336013458888	0.8169066398654111	0.05733303078435822	0.10816724539789754	0.07817427784955451	0.13735269710479447
0.023394858714504196	0.9546789760805707	0.18309336013458888	0.8169066398654111	0.05735679709560307	0.10821223868528075	0.07841674580922209	0.13777233621515972
0.023348709243182497	0.9546789760805707	0.18235049924621471	0.8176495007537853	0.057307672930626226	0.10812480691998765	0.07811713240549785	0.13702947532678555
0.023346714279569664	0.9555182543013009	0.18235049924621471	0.8176495007537853	0.0573551637279597	0.10821471853242402	0.07860290277428092	0.1378687535475156
0.02328499007258697	0.9555182543013009	0.18112696366536307	0.8188730363346369	0.057274373679444615	0.10807090818481692	0.07810963615959172	0.13664521796666396
0.023283940768128234	0.955937893411666	0.18112696366536307	0.8188730363346369	0.0572980858716704	0.10811580446131941	0.07835319267341588	0.13706485707702898
0.023245254861546216	0.955937893411666	0.18049334702527908	0.8195066529747209	0.05725632131905695	0.10804145225165405	0.07809756469009078	0.136431240436945
0.023243224276874943	0.956357532522031	0.18049334702527908	0.8195066529747209	0.05728001608565612	0.10808631728717097	0.07834147721652414	0.13685087954731
0.023092445377180897	0.956357532522031	0.17758745002075638	0.8224125499792436	0.05708917835671343	0.10774649552041227	0.07716604392196215	0.13394498254278742
0.023091576189144754	0.9567771716323962	0.17758745002075638	0.8224125499792436	0.05711279777560682	0.10779122541603631	0.07741153156805086	0.13436462165315266
0.022982942132401554	0.9567771716323962	0.1755992047018724	0.8244007952981276	0.056982905128461464	0.1075598537563392	0.07660390148098126	0.13237637633426846
0.022980609937869916	0.9571968107427612	0.1755992047018724	0.8244007952981276	0.057006472896308696	0.10760449098971601	0.07685049973276098	0.1327960154446335
0.0227157755745252	0.9571968107427612	0.17057396928051738	0.8294260307194826	0.05668066496036578	0.10702388213766247	0.07479512925548273	0.12777078002327857
0.02271524126220492	0.9576164498531263	0.17057396928051738	0.8294260307194826	0.05670410495974555	0.1070682900509067	0.07504459187301675	0.12819041913364382
0.022708300394515393	0.9576164498531263	0.1703554807839367	0.8296445192160633	0.05669001838326626	0.10704317846002298	0.07495478609810122	0.12797193063706302
0.02270812397875821	0.9584557280738565	0.1703554807839367	0.8296445192160633	0.0567368839427663	0.10713196838575013	0.07545404199829121	0.12881120885779307
0.022610868725052857	0.9584557280738565	0.16847647971334312	0.8315235202866569	0.05661593376629815	0.10691632533645407	0.074681896413182	0.1269322077871995
0.02261061629650334	0.9588753671842216	0.16847647971334312	0.8315235202866569	0.05663931784944104	0.10696063286991528	0.07493266421388321	0.12735184689756474
0.02246617274743723	0.9588753671842216	0.16605125740129778	0.8339487425987022	0.056483907648193006	0.10668347456637953	0.07393210139052415	0.1249266245855194
0.02246508739485714	0.9592950062945866	0.16605125740129778	0.8339487425987022	0.05650723025583982	0.10672767169335637	0.07418434732053404	0.12534626369588442
0.022226393857174693	0.9592950062945866	0.1613100570254976	0.8386899429745024	0.056205743509047994	0.10618975728719081	0.0722128874431434	0.12060506332008414
0.02222630908095441	0.9597146454049518	0.1613100570254976	0.8386899429745024	0.05622894795072898	0.10623374210330733	0.07246810193524264	0.12102470243044938
0.022088265858769773	0.9597146454049518	0.15829491577268462	0.8417050842273154	0.056038813065105	0.1058943371764597	0.07120306656159314	0.11800956117763639
0.022086516676731876	0.9601342845153168	0.15829491577268462	0.8417050842273154	0.05606194256591199	0.10593818729019562	0.07146025485310054	0.11842920028800141
0.02189442461464229	0.9601342845153168	0.1546680067294457	0.8453319932705543	0.055834838205866565	0.10553262148013191	0.06992656962719529	0.1148022912447626
0.0218935234111936	0.9605539236256819	0.1546680067294457	0.8453319932705543	0.05585787842553503	0.10557631105576311	0.07018620916844243	0.11522193035512762
0.021869301386356635	0.9605539236256819	0.1542965762852586	0.8457034237147414	0.055834715582008	0.10553493625948039	0.07002848239386535	0.11485049991094054
0.021869265767649488	0.960973562736047	0.1542965762852586	0.8457034237147414	0.05585774568870893	0.10557860765329645	0.07028840558835556	0.11527013902130556
0.021860529636377978	0.960973562736047	0.154099936638336	0.845900063361664	0.05584548602643515	0.10555670792136256	0.07020496764901236	0.11507349937438294
0.02185755818599991	0.9613932018464121	0.154099936638336	0.845900063361664	0.05586851025434682	0.10560036874855958	0.07046505587669608	0.11549313848474796
0.02171954562263589	0.9613932018464121	0.15167471432629076	0.8483252856737092	0.055717690549151225	0.105330911933059	0.06943364236716001	0.11306791617270284
0.021718388446115358	0.9618128409567772	0.15167471432629076	0.8483252856737092	0.055740655171575185	0.10537446554181416	0.0696954445980315	0.11348755528306809
0.021715729066897616	0.9618128409567772	0.15158731892765842	0.8484126810723416	0.055735233324416995	0.1053647772721004	0.0696581976695326	0.11340015988443564
0.021715659815287506	0.9622324800671422	0.15158731892765842	0.8484126810723416	0.05575819472813929	0.10540832509711082	0.06992009274314909	0.11381979899480066
0.021671531725158826	0.9622324800671422	0.15073521379099386	0.8492647862090061	0.05570536646988801	0.10531392091122031	0.0695570198229771	0.1129676938581361
0.02167054971449456	0.9626521191775074	0.15073521379099386	0.8492647862090061	0.05572830628704693	0.10535742990332285	0.06981954918227291	0.11338733296850112
0.021512155857858355	0.9626521191775074	0.14756713059057436	0.8524328694094256	0.055532692633566534	0.10500778174494187	0.06846357492409703	0.11021924976808162
0.02151146727915208	0.9630717582878724	0.14756713059057436	0.8524328694094256	0.05555555555555555	0.10505115235850136	0.06872842731072316	0.11063888887844664
0.02143133586734013	0.9630717582878724	0.14612510651314203	0.853874893486858	0.0554669373549884	0.10489270778582692	0.06810781568929614	0.10919686480101443
0.02142962463838069	0.9634913973982375	0.14612510651314203	0.853874893486858	0.055489764845203855	0.10493601462522852	0.0683737705480234	0.10961650391137967
0.02139359317035178	0.9634913973982375	0.14553518757237427	0.8544648124276257	0.055453579364312625	0.10487130883595587	0.06811950054545327	0.1090265849706118
0.021391092358697322	0.9639110365086025	0.14553518757237427	0.8544648124276257	0.055476391740128	0.10491458847172741	0.06838593141200108	0.10944622408097682
0.02130574585857789	0.9639110365086025	0.14402761694596777	0.8559723830540322	0.055384096060182283	0.10474952687142304	0.06773506624643773	0.10793865345457032
0.021302963091326562	0.9643306756189677	0.14402761694596777	0.8559723830540322	0.05540687160940325	0.10479274020703179	0.06800267561230643	0.10835829256493534
0.021260331171966976	0.9643306756189677	0.14356879110314846	0.8564312088968515	0.05537883169462117	0.10474258757036395	0.06780430318374173	0.10789946672211626
0.021259893712779563	0.9647503147293328	0.14356879110314846	0.8564312088968515	0.0554015952960455	0.10478577939835916	0.06807229911863466	0.10831910583248128
0.021033433208622377	0.9647503147293328	0.1390242303742708	0.8609757696257292	0.055125284738041	0.10429141716566866	0.0660945535618636	0.10377454510360362
0.021032902319444966	0.9651699538396978	0.1390242303742708	0.8609757696257292	0.055147940344314965	0.10433441447980221	0.06636617558102181	0.10419418421396864
0.021011001591400208	0.9651699538396978	0.13869649762939984	0.8613035023706002	0.055128112940725296	0.1042989298022855	0.06622262900410109	0.10386645146909768
0.021009744637322914	0.965589592950063	0.13869649762939984	0.8613035023706002	0.05515075979099755	0.10434191134791973	0.06649455353155925	0.1042860905794627
0.02095070016778919	0.965589592950063	0.13782254364307722	0.8621774563569228	0.05509793592260907	0.10424736663268773	0.06611167652678118	0.10341213659314019
0.02094903582412158	0.966009232060428	0.13782254364307722	0.8621774563569228	0.05512056126236142	0.10429030942780773	0.06638435288794146	0.10383177570350521
0.020862040048744434	0.966009232060428	0.1366427057615417	0.8633572942384583	0.05504938183035608	0.1041628959276018	0.06586658381212496	0.10265193782196969
0.020861350896644107	0.9664288711707931	0.1366427057615417	0.8633572942384583	0.05507197857381989	0.10420578719938463	0.06614027478618728	0.10307157693233471
0.020780274816704237	0.9664288711707931	0.13535362363171577	0.8646463763682842	0.05499438832772166	0.10406687754179847	0.06557316991261253	0.10178249480250878
0.0207772052804706	0.9668485102811583	0.13535362363171577	0.8646463763682842	0.055016954009265005	0.10410971283974606	0.06584798249571307	0.10220213391287403
0.02047578046851899	0.9668485102811583	0.13000065546548978	0.8699993445345102	0.05469695890606082	0.103536601806498	0.06346895212267817	0.09684916574664815
0.020475406467240276	0.9672681493915233	0.13000065546548978	0.8699993445345102	0.054719399867059156	0.10357921225874582	0.06374848804964518	0.09726880485701317
0.02046962861602883	0.9672681493915233	0.1297821669689091	0.8702178330310909	0.05470641287321403	0.10355594491991824	0.06365056327337604	0.09705031636043238
0.02046802359622237	0.9676877885018884	0.1297821669689091	0.8702178330310909	0.054728847751275664	0.1035985444090031	0.06393033730032392	0.0974699554707974
0.020404283511233332	0.9676877885018884	0.12860232908737357	0.8713976709126264	0.05465879731683614	0.10347303239702055	0.06340119296111645	0.09629011758926209
0.02040347053996028	0.9681074276122534	0.12860232908737357	0.8713976709126264	0.05468120407679545	0.10351558118143271	0.06368208515973298	0.09670975669962711
0.020319439941303363	0.9681074276122534	0.12709475846096707	0.8729052415390329	0.0545919212475449	0.10335558442722101	0.06300381179291047	0.0952021860732204
0.020319087111367925	0.9685270667226186	0.12709475846096707	0.8729052415390329	0.05461429247515381	0.1033980691261788	0.06328614568075139	0.09562182518358564
0.02008500374312802	0.9685270667226186	0.12307457012388301	0.876925429876117	0.05437753274903402	0.10297365427086354	0.06146117122942723	0.09160163684650158
0.020084179786670566	0.9689467058329836	0.12307457012388301	0.876925429876117	0.05439981152079161	0.10301597216025699	0.061747414669211874	0.0920212759568666
0.020063631118147462	0.9689467058329836	0.12279053507832816	0.8772094649216718	0.05438315511799896	0.10298610646506545	0.06161761856314489	0.09173724091131175
0.020063555499638484	0.9693663449433487	0.12279053507832816	0.8772094649216718	0.05440542641136155	0.10302841086481423	0.061904186911741564	0.09215688002167699
0.019987772989282684	0.9693663449433487	0.12139220870021195	0.878607791299788	0.05432354255344167	0.10288157484523226	0.061264335410873325	0.09075855364356067
0.01998719637067052	0.9697859840537139	0.12139220870021195	0.878607791299788	0.05434578120590725	0.1029238203398134	0.06155234648850623	0.09117819275392591
0.019970806780358504	0.9697859840537139	0.1209989294063668	0.8790010705936332	0.05432278689295285	0.10288258208124652	0.06137210716152723	0.09078491346008066
0.019969586698093043	0.9702056231640789	0.1209989294063668	0.8790010705936332	0.054345015631243686	0.10292480968704092	0.061660561365111034	0.09120455257044568
0.019720798482183468	0.9702056231640789	0.11662915947475361	0.8833708405252464	0.05409072830638935	0.10246864335416389	0.0596417617406914	0.08683478263883249
0.019720464174704688	0.970625262274444	0.11662915947475361	0.8833708405252464	0.05411285794497473	0.1025106920468899	0.05993482694397606	0.08725442174919751
0.019488713318978265	0.970625262274444	0.1128930061832244	0.8871069938167756	0.05389723872771758	0.10212371407126142	0.058181293101874636	0.0835182684576683
0.01948822338266761	0.971044901384809	0.1128930061832244	0.8871069938167756	0.05391928418305527	0.10216561071988343	0.058478528317730906	0.08393790756803332
0.019442916334871982	0.971044901384809	0.11212829644519218	0.8878717035548078	0.05387534632488184	0.10208673401861737	0.05811671601793972	0.08317319783000121
0.019442275334454872	0.9714645404951742	0.11212829644519218	0.8878717035548078	0.05389737381262805	0.10212859821330098	0.058414872097626316	0.08359283694036623
0.019387289599152997	0.9714645404951742	0.11114509821057916	0.8888549017894208	0.05384096564876619	0.10202732481269282	0.057948879589793126	0.08260963870575333
0.01938593378922633	0.9718841796055392	0.11114509821057916	0.8888549017894208	0.05386297037071492	0.1020691478812719	0.05824822004711301	0.08302927781611835
0.019317024347042813	0.9718841796055392	0.11007450457733403	0.889925495422666	0.05380165865217088	0.10195905789126128	0.057739549623138986	0.08195868418287322
0.019316220785408903	0.9723038187159043	0.11007450457733403	0.889925495422666	0.053823638728860805	0.10200083643327243	0.0580401944594249	0.08237832329323824
0.019302639106421753	0.9723038187159043	0.10979046953177918	0.8902095304682208	0.05380738951719653	0.1019716574245225	0.05790513398165505	0.08209428824768361
0.01930200687630785	0.9727234578262695	0.10979046953177918	0.8902095304682208	0.05382936231480191	0.10201342281879194	0.05820616712789097	0.08251392735804863
0.019090261286501705	0.9727234578262695	0.10642574668443705	0.893574253315563	0.05363754165124028	0.10166889624772472	0.05659582935200031	0.0791492045107065
0.019089329949969144	0.9731430969366345	0.10642574668443705	0.893574253315563	0.05365943957239049	0.10171052631578947	0.056900999216216976	0.07956884362107153
0.01900421695897611	0.9731430969366345	0.10537700190084986	0.8946229980991501	0.05359990754651566	0.10160357518401683	0.05639479821811205	0.07852009883748434
0.019003467529720593	0.9735627360469996	0.10537700190084986	0.8946229980991501	0.053621781537465905	0.10164516199697693	0.05670133824606777	0.07893973794784959
0.01893728933577324	0.9735627360469996	0.1043719548165789	0.8956280451834211	0.05356483191725157	0.10154283838494364	0.05621493981759238	0.07793469086357852
0.01893715460736672	0.9739823751573646	0.1043719548165789	0.8956280451834211	0.05358668298201464	0.1015843837535014	0.05652281599239836	0.07835432997394354
0.01892930616569281	0.9739823751573646	0.10415346631999822	0.8958465336800018	0.05357431387484708	0.10156215814116308	0.05641702259762625	0.07813584147736297
0.018927427785554913	0.9744020142677298	0.10415346631999822	0.8958465336800018	0.0535961591727449	0.101603693088586	0.0567252369434527	0.07855548058772799
0.018897916935296136	0.9744020142677298	0.1036509427778628	0.8963490572221372	0.053567720949546684	0.10155259129674174	0.0564821051701579	0.07805295704559256
0.01889653262391329	0.9748216533780948	0.1036509427778628	0.8963490572221372	0.05358955430469687	0.10159410465548534	0.0567910269623542	0.07847259615595759
0.018859102958899674	0.9748216533780948	0.10284253534051435	0.8971574646594856	0.05354385156159963	0.10151197343121832	0.05639961847364938	0.07766418871860914
0.018857752364668863	0.9752412924884599	0.10284253534051435	0.8971574646594856	0.05356566634398193	0.10155345321068845	0.05670965474280593	0.07808382782897416
0.018842963066011024	0.9752412924884599	0.1025585002949595	0.8974414997050405	0.053549620959008275	0.10152461666157005	0.05657211360556529	0.07779979278341953
0.018842063203530202	0.975660931598825	0.1025585002949595	0.8974414997050405	0.05357142857142857	0.10156608348076797	0.05688258305796727	0.07821943189378455
0.018824194089063915	0.975660931598825	0.10225261639974659	0.8977473836002534	0.053554153038190444	0.10153503504596371	0.05673463764154368	0.07791354799857153
0.01882268891537636	0.9760805707091901	0.10225261639974659	0.8977473836002534	0.05357595301163193	0.101576488056247	0.05704557142776261	0.07833318710893655
0.01872534970408291	0.9760805707091901	0.10065765037470775	0.8993423496252922	0.053486019131714496	0.10141483726101458	0.05627240438978892	0.07673822108389783
0.018724758819263013	0.9765002098195552	0.10065765037470775	0.8993423496252922	0.05350778357745637	0.1014562260202302	0.05658554322262439	0.07715786019426307
0.018707754850272474	0.9765002098195552	0.10035176647949484	0.8996482335205052	0.05349056386915845	0.10142527132458702	0.05643693195430387	0.07685197629905005
0.01870695174772728	0.9769198489299202	0.10035176647949484	0.8996482335205052	0.053512320706141966	0.10146664632684638	0.056750549329456	0.07727161540941507
0.018623838680114423	0.9769198489299202	0.09897528895103669	0.9010247110489633	0.05343493928891133	0.10132752992383025	0.05608066947549411	0.07589513788095692
0.01862348485867327	0.9773394880402854	0.09897528895103669	0.9010247110489633	0.05345666544252663	0.10136884942656307	0.05639625375778283	0.07631477699132194
0.018520844967778158	0.9773394880402854	0.09740217177565602	0.902597828224344	0.05336846929422548	0.1012102644330009	0.05562673306259323	0.07474165981594139
0.01851970173008115	0.9777591271506504	0.09740217177565602	0.902597828224344	0.053390160628766524	0.1012515209455936	0.055944609864864936	0.07516129892630641
0.018500764120584965	0.9777591271506504	0.09707443903078505	0.902925560969215	0.053371816016126075	0.10121853211407719	0.055783923073610735	0.07483356618143544
0.018500352273393746	0.9781787662610155	0.09707443903078505	0.902925560969215	0.05339349932427789	0.10125977410947003	0.05610233580391562	0.07525320529180046
0.01848130251142247	0.9781787662610155	0.0966811597369398	0.9033188402630602	0.05337149398969662	0.10122020061661384	0.05590969491920405	0.07485992599795521
0.018480169059547705	0.9785984053713807	0.0966811597369398	0.9033188402630602	0.0533931678725158	0.10126142556286502	0.056228741966386726	0.07527956510832046
0.018470764100977113	0.9785984053713807	0.09655006663899146	0.9034499333610085	0.053385833981960534	0.10124823618799522	0.056164625671323486	0.07514847201037211
0.018467760860559755	0.9790180444817457	0.09655006663899146	0.9034499333610085	0.05340750406336561	0.10128945426127729	0.05648392845349161	0.07556811112073714
0.018370616765831498	0.9790180444817457	0.09506434486224302	0.904935655137757	0.05332449544010422	0.10114015693414835	0.055756183372986934	0.07408238934398881
0.01836977307090995	0.9794376835921108	0.09506434486224302	0.904935655137757	0.05334613274821722	0.10118131570391244	0.05607774442167784	0.07450202845435383
0.018198866518757892	0.9794376835921108	0.09239878520395906	0.907601214796041	0.05319779368190728	0.10091445619041442	0.05476066373025822	0.07183646879606975
0.018196625225278283	0.9798573227024758	0.09239878520395906	0.907601214796041	0.05321937321937322	0.10095551039820139	0.05508636401485082	0.07225610790643477
0.018084913764694777	0.9798573227024758	0.09069457493062993	0.9093054250693701	0.05312492890132642	0.10078556629834254	0.054236197510689574	0.07055189763310565
0.01808350063242505	0.980276961812841	0.09069457493062993	0.9093054250693701	0.05314647131091596	0.10082655329434362	0.05456466875300555	0.0709715367434709
0.018021110345182324	0.980276961812841	0.08944919050012012	0.9105508094998799	0.053077639680988845	0.10070267707031082	0.05393990779892479	0.06972615231296109
0.01801998202221871	0.9806966009232061	0.08944919050012012	0.9105508094998799	0.053099154775970187	0.10074361461364371	0.05427047588872534	0.07014579142332611
0.01795957201676156	0.9806966009232061	0.08855338766413945	0.9114466123358606	0.05304973554581981	0.10065466448445172	0.05381963343562344	0.06924998858734543
0.017956736825142487	0.9811162400335711	0.08855338766413945	0.9114466123358606	0.05307123076224633	0.10069556603570429	0.05415175946392315	0.06966962769771046
0.017949074324999734	0.9811162400335711	0.08840044571653305	0.911599554283467	0.05306279930096911	0.10068038928602188	0.05407479443664289	0.06951668575010417
0.017947230848483715	0.9815358791439363	0.08840044571653305	0.911599554283467	0.05308429031818801	0.10072128323823877	0.054407250910953366	0.06993632486046941
0.017822949937564055	0.9815358791439363	0.08645589809696519	0.9135441019030348	0.05297728250775747	0.100528645721408	0.053425620933224366	0.06799177724090155
0.017821313597627394	0.9819555182543013	0.08645589809696519	0.9135441019030348	0.052998731654285196	0.10056946384441819	0.05376146920903703	0.06841141635126657
0.017761681151958624	0.9819555182543013	0.08560379296030063	0.9143962070396994	0.05295195854359485	0.10048524928071456	0.05332902090510119	0.06755931121460179
0.017761036592120912	0.9823751573646664	0.08560379296030063	0.9143962070396994	0.05297338884866039	0.10052603327965647	0.05366643738879323	0.06797895032496704
0.017654970609559503	0.9823751573646664	0.08376848958902317	0.9162315104109768	0.05287288824645406	0.10034505668788443	0.0527302458653452	0.06614364695368957
0.017651304032263265	0.9827947964750314	0.08376848958902317	0.9162315104109768	0.05289427919687422	0.10038576939562795	0.053071032840150086	0.0665632860640546
0.01758263520050914	0.9827947964750314	0.08274159365509404	0.917258406344906	0.05283819149896219	0.10028475389127968	0.052544203282399504	0.06553639013012535
0.017582122666664788	0.9832144355853966	0.08274159365509404	0.917258406344906	0.052859560067681895	0.10032542605121178	0.0528869633643348	0.0659560292404906
0.017529144925848023	0.9832144355853966	0.08202058161637793	0.9179794183836221	0.05282023535777086	0.10025459446738409	0.05251627002551089	0.0652350172017746
0.01752857868647645	0.9836340746957617	0.08202058161637793	0.9179794183836221	0.05284158795283933	0.10029523768773266	0.052860463922522215	0.06565465631213963
0.017427739419903086	0.9836340746957617	0.08068780178723589	0.9193121982127641	0.05276902296262945	0.10016451936841655	0.052173064187813326	0.06432187648299759
0.01742719629922854	0.9840537138061267	0.08068780178723589	0.9193121982127641	0.05279034690799397	0.10020511067430134	0.05251988965144848	0.06474151559336261
0.016922748379981613	0.9840537138061267	0.0727348205117001	0.9272651794882999	0.05236128167913364	0.09943181818181818	0.04829704341192992	0.05678853431782693
0.01692195101567878	0.9844733529164919	0.0727348205117001	0.9272651794882999	0.052382440941365606	0.09947211092030783	0.04866061807514304	0.057208173428191955
0.016656888216105534	0.9844733529164919	0.06943564421333215	0.9305643557866679	0.052206422324587755	0.09915469146238377	0.04683995394225526	0.05390899712982389
0.016653562010441134	0.9848929920268569	0.06943564421333215	0.9305643557866679	0.05222751346299346	0.09919486063270007	0.0472113838262195	0.05432863624018891
0.016463180657238185	0.9848929920268569	0.06692302650265458	0.9330769734973454	0.052094200164250995	0.098954380639177	0.04579722111385874	0.05181601852951134
0.01646023771979965	0.985312631137222	0.06692302650265458	0.9330769734973454	0.05211523949038931	0.09899445580454076	0.04617505439712559	0.05223565763987659
0.016237049243516235	0.985312631137222	0.06399528064847382	0.9360047193515262	0.05196069753031778	0.09871560404448088	0.04449525332271145	0.049307911785695824
0.016236458599389134	0.985732270247587	0.06399528064847382	0.9360047193515262	0.05198167695678152	0.09875557050365762	0.044881009042857696	0.049727550896060846
0.015948598832209098	0.985732270247587	0.06014988310865432	0.9398501168913457	0.05178000661302767	0.09839155566725308	0.04261500887417052	0.04588215335624124
0.015945744468313604	0.9861519093579522	0.06014988310865432	0.9398501168913457	0.05180090816911343	0.09843138076190078	0.043012009871289066	0.046301792466606484
0.01581596880302059	0.9861519093579522	0.0585549170836156	0.9414450829163844	0.0517176874491076	0.09828112584166283	0.04205157783126104	0.04470682644156776
0.015813904209855643	0.9865715484683173	0.0585549170836156	0.9414450829163844	0.051738556338028166	0.09832089162118646	0.0424536513160584	0.04512646555193278
0.015779841342572706	0.9865715484683173	0.05813978894011229	0.9418602110598877	0.05171693174068941	0.09828184440449814	0.04220241249424605	0.044711337408429586
0.015779394474951986	0.9869911875786823	0.05813978894011229	0.9418602110598877	0.0517377914650242	0.09832159354555525	0.04260594674539211	0.04513097651879461
0.015631384993232633	0.9869911875786823	0.056479276366099285	0.9435207236339007	0.05165144061841181	0.0981656545420397	0.04159543776056586	0.0434704639447816
0.015630775643217975	0.9874108266890474	0.056479276366099285	0.9435207236339007	0.051672266508553485	0.09820534223706177	0.04200454446176575	0.043890103055146845
0.01516018154679039	0.9874108266890474	0.0508641220039765	0.9491358779960235	0.05138227715421234	0.09768146625983352	0.038466808901141195	0.03827494869302406
0.015158347270847203	0.9878304657994125	0.0508641220039765	0.9491358779960235	0.05140299159296866	0.09772095147162606	0.03889637555519926	0.03869458780338908
0.014901459452193734	0.9878304657994125	0.04787082960082156	0.9521291703991784	0.05124967343028825	0.09744385801510919	0.036923047775799134	0.035701295400234034
0.014899156746606653	0.9882501049097776	0.04787082960082156	0.9521291703991784	0.051270328521977666	0.09748323536716616	0.03736505742381438	0.036120934510599056
0.01438828242371124	0.9882501049097776	0.04312962922502128	0.9568703707749787	0.05102925243770314	0.09704736983083675	0.03409409001727374	0.031379734134799
0.01438735819084598	0.9886697440201426	0.04312962922502128	0.9568703707749787	0.05104981473857555	0.09708657848106482	0.03455828573090509	0.03179937324516402
0.014365643071424761	0.9886697440201426	0.04288929187878254	0.9571107081212175	0.051037650015163985	0.09706457925636008	0.03438765919292223	0.03155903589892528
0.014362186002035078	0.9890893831305078	0.04288929187878254	0.9571107081212175	0.05105820678898685	0.09710377786017385	0.034853291177676084	0.0319786750092903
0.014074956157892135	0.9890893831305078	0.04002709257357595	0.959972907426424	0.05091372532077591	0.09684245126034884	0.032786973585323655	0.029116475704083822
0.014074637913583618	0.9895090222408729	0.04002709257357595	0.959972907426424	0.05093422615833244	0.09688154813262664	0.033268108138746984	0.029536114814448844
0.013900366821786282	0.9895090222408729	0.03856321964648557	0.9614367803535144	0.05086061861006859	0.09674838444968714	0.03218231145740348	0.028072241887358462
0.013899460694040472	0.9899286613512379	0.03856321964648557	0.9614367803535144	0.05088109052477191	0.09678742871209946	0.032672165437990425	0.028491880997723484
0.013439230942567314	0.9899286613512379	0.03419344971487248	0.9658065502851275	0.05066254322101239	0.0963919421403179	0.029287386622608182	0.024122111066110286
0.013434614698863298	0.990348300461603	0.03419344971487248	0.9658065502851275	0.05068293101967185	0.09643083335035856	0.029805943548322947	0.02454175017647553
0.01326060832243126	0.990348300461603	0.03264218138914987	0.9673578186108501	0.050605768199849896	0.09629115834999388	0.02854611596283	0.02299048185075292
0.01325331000627548	0.9907679395719681	0.03264218138914987	0.9673578186108501	0.05062612573977185	0.0963299944919317	0.029076434046204563	0.02341012096111794
0.013097059579664788	0.9907679395719681	0.03139679695864017	0.9686032030413598	0.05056432441693616	0.09621811068546744	0.028045085691552438	0.02216473653060813
0.01309407429807999	0.9911875786823332	0.03139679695864017	0.9686032030413598	0.0505846575577162	0.09625690241864825	0.02858554786722628	0.022584375640973375
0.013074976810405736	0.9911875786823332	0.031287552710349775	0.9687124472896502	0.05057924152551446	0.09624709669532619	0.02849465314475792	0.02247513139268298
0.013074687623975283	0.9916072177926982	0.031287552710349775	0.9687124472896502	0.05059957173447537	0.09628588309598028	0.029036367142027415	0.022894770503048
0.013064328447829593	0.9916072177926982	0.031156459612401433	0.9688435403875986	0.05059307155397594	0.09627411436370674	0.02892808410346432	0.022763677405099658
0.013063357371600531	0.9920268569030634	0.031156459612401433	0.9688435403875986	0.050613398419937054	0.09631289468323488	0.029471238521569885	0.023183316515464902
0.01268693717940967	0.9920268569030634	0.028010225261639987	0.97198977473836	0.050457834411218545	0.09603119795263436	0.026803044740548235	0.020037082164703346
0.01268596543206508	0.9924464960134285	0.028010225261639987	0.97198977473836	0.0504781012550158	0.09606986899563319	0.027374614844889667	0.020456721275068368
0.012397255523621102	0.9924464960134285	0.025759793746859216	0.9742402062531408	0.050367373016718134	0.09586930965989704	0.025361864959404713	0.01820628976028771
0.012394257162354946	0.9928661351237935	0.025759793746859216	0.9742402062531408	0.050387596899224806	0.09590790247066215	0.0259570023447153	0.01862592887065273
0.012256949826354288	0.9928661351237935	0.024929537459852713	0.9750704625401473	0.05034685278971784	0.09583409279624117	0.025193392556043394	0.017795672583646116
0.01225434615758251	0.9932857742341586	0.024929537459852713	0.9750704625401473	0.05036706032556655	0.0958726558386326	0.02579834425483841	0.01821531169401136
0.012196519924520898	0.9932857742341586	0.024579955865323688	0.9754200441346763	0.050349918104273465	0.09584160019435559	0.025475688785207482	0.017865730099482224
0.012195795345352622	0.9937054133445237	0.024579955865323688	0.9754200441346763	0.05037011826767634	0.09588014981273409	0.026085230426060552	0.018285369209847246
0.01142640799392726	0.9937054133445237	0.01944547619567827	0.9805545238043217	0.050119584312231465	0.09542615353616764	0.02100348952497586	0.013150889540201938
0.01141778724621842	0.9941250524548888	0.01944547619567827	0.9805545238043217	0.05013968845242127	0.09546452821825069	0.021685456517010405	0.01357052865056696
0.011041853808354457	0.9941250524548888	0.017369835478162066	0.9826301645218379	0.05003907652662484	0.09528214616096208	0.019397703937098307	0.011494887933050979
0.011039959089293413	0.9945446915652539	0.017369835478162066	0.9826301645218379	0.05005914160189253	0.09532044965511693	0.02011807329648296	0.011914527043416001
0.010851396828704422	0.9945446915652539	0.016517730341497505	0.9834822696585025	0.050017938923242515	0.09524575011051722	0.01913918780253939	0.01106242190675144
0.010849935274421884	0.994964330675619	0.016517730341497505	0.9834822696585025	0.050037987506331254	0.0952840235497418	0.0198779280190105	0.011482061017116463
0.010455973418825931	0.994964330675619	0.014136205728768392	0.9858637942712316	0.04992314656896806	0.09507578795412623	0.016988585303034688	0.009100536404387238
0.010452779906373577	0.9953839697859841	0.014136205728768392	0.9858637942712316	0.04994315071377437	0.09511398039176373	0.01778526609999001	0.009520175514752482
0.00980543830766921	0.9953839697859841	0.011252157573903743	0.9887478424260963	0.049804728509637596	0.09486292467355877	0.01384673942470368	0.006636127359887833
0.009803423713340935	0.9958036088963491	0.011252157573903743	0.9887478424260963	0.04982467927856048	0.09490101979604079	0.014736205401338222	0.0070557664702528555
0.009685187848770925	0.9958036088963491	0.010815180580742378	0.9891848194192576	0.049803765189833565	0.09486308215070957	0.014091681900957762	0.006618789477091491
0.009675687594940235	0.9962232480067142	0.010815180580742378	0.9891848194192576	0.049823707186030894	0.09490116128000639	0.014999812672670866	0.007038428587456735
0.009618050457032028	0.9962232480067142	0.010443750136555296	0.9895562498634447	0.04980593727053394	0.09486892583120204	0.014451528640061823	0.006666998143269431
0.009615365065410294	0.9966428871170793	0.010443750136555296	0.9895562498634447	0.049825871690513154	0.0949069911486743	0.015376781634542511	0.0070866372536344535
0.009345924490100611	0.9966428871170793	0.009591644999890736	0.9904083550001093	0.049785137826223666	0.09483309375499122	0.014099895303884162	0.006234532116970115
0.009340985975761516	0.9970625262274444	0.009591644999890736	0.9904083550001093	0.04980505596780279	0.09487112938968636	0.015065646530891139	0.006654171227335137
0.009176753737097296	0.9970625262274444	0.008805086412200347	0.9911949135877997	0.049767500314188765	0.09480299251870324	0.013850547335859362	0.005867612639644637
0.009175969113633895	0.9974821653378095	0.008805086412200347	0.9911949135877997	0.04978740338897849	0.09484100067829071	0.014859085337959668	0.006287251750009881
0.00854777839591155	0.9974821653378095	0.006489108348445405	0.9935108916515546	0.04967710923948254	0.09464086637999682	0.010892305258109124	0.003971273686254939
0.00853227581437029	0.9979018044481746	0.006489108348445405	0.9935108916515546	0.0496969696969697	0.09467879680687993	0.012063077072768052	0.004390912796619961
0.008084756711803606	0.9979018044481746	0.005156328519303477	0.9948436714806965	0.04963369581098286	0.0945639638923132	0.00939892011847549	0.0030581329674781443
0.008082273163930316	0.9983214435585397	0.005156328519303477	0.9948436714806965	0.049653531474369676	0.09460184909036684	0.010710779493753722	0.0034777720778431664
0.007594005504304626	0.9983214435585397	0.003976490637767949	0.996023509362232	0.04959763165575616	0.09450038729666925	0.008034559983725929	0.0022979341963076383
0.007581730117405571	0.9987410826689047	0.003976490637767949	0.996023509362232	0.04961744532699564	0.0945382323733863	0.009527344259630387	0.0027175733066726604
0.006747282622489248	0.9987410826689047	0.0025781642596517385	0.9974218357403483	0.04955133143178364	0.09441821716189948	0.005715053828513458	0.001319246928556339
0.006740194394949381	0.9991607217792698	0.0025781642596517385	0.9974218357403483	0.04957111925383078	0.09445601507487851	0.007564198121557631	0.0017388860389215832
0.00569599040145444	0.9991607217792698	0.0012453844305096995	0.9987546155694903	0.04950824444305824	0.09434186544100166	0.0025177953268073804	0.00040610620977954426
0.005694520437610343	0.9995803608896349	0.0012453844305096995	0.9987546155694903	0.049528007651682124	0.09437961844008162	0.00516338379903226	0.0008257453201445664
0.005199245083461406	0.9995803608896349	0.0007210120387161068	0.9992789879612839	0.04950330437674051	0.09433476564820499	0.0024607003364262637	0.0003013729283509736
0.005187717821189513	1.0	0.0007210120387161068	0.9992789879612839	0.049523057420145886	0.09437250009900598	0.005975510069772866	0.0007210120387162178
0.001167032847701704	1.0	0.0	1.0	0.049489117793653434	0.0943108736519244	0.0	0.0
