Ingredient_ID	Total_Unique_Target_Pairs	Annotated_Target_Pairs	Unannotated_Target_Pairs	Molecule_Target_Usability
NPC100039	1	1	0	ANNOTATED_TARGET_EVIDENCE_AVAILABLE
NPC100067	1	1	0	ANNOTATED_TARGET_EVIDENCE_AVAILABLE
NPC100079	29	28	1	MIXED_ANNOTATED_AND_UNANNOTATED_TARGETS
NPC100329	6	6	0	ANNOTATED_TARGET_EVIDENCE_AVAILABLE
NPC100551	22	19	3	MIXED_ANNOTATED_AND_UNANNOTATED_TARGETS
NPC100697	1	1	0	ANNOTATED_TARGET_EVIDENCE_AVAILABLE
NPC100734	10	10	0	ANNOTATED_TARGET_EVIDENCE_AVAILABLE
NPC100742	1	1	0	ANNOTATED_TARGET_EVIDENCE_AVAILABLE
NPC1008	1	1	0	ANNOTATED_TARGET_EVIDENCE_AVAILABLE
NPC100809	1	1	0	ANNOTATED_TARGET_EVIDENCE_AVAILABLE
NPC100887	11	11	0	ANNOTATED_TARGET_EVIDENCE_AVAILABLE
NPC100898	2	2	0	ANNOTATED_TARGET_EVIDENCE_AVAILABLE
NPC100925	2	2	0	ANNOTATED_TARGET_EVIDENCE_AVAILABLE
NPC100971	1	1	0	ANNOTATED_TARGET_EVIDENCE_AVAILABLE
NPC100980	14	13	1	MIXED_ANNOTATED_AND_UNANNOTATED_TARGETS
NPC100986	3	3	0	ANNOTATED_TARGET_EVIDENCE_AVAILABLE
NPC100998	1	1	0	ANNOTATED_TARGET_EVIDENCE_AVAILABLE
NPC101139	3	0	3	UNANNOTATED_TARGET_EVIDENCE_ONLY
NPC101294	1	1	0	ANNOTATED_TARGET_EVIDENCE_AVAILABLE
NPC101307	3	3	0	ANNOTATED_TARGET_EVIDENCE_AVAILABLE
NPC101475	3	3	0	ANNOTATED_TARGET_EVIDENCE_AVAILABLE
NPC101670	1	0	1	UNANNOTATED_TARGET_EVIDENCE_ONLY
NPC101793	1	1	0	ANNOTATED_TARGET_EVIDENCE_AVAILABLE
NPC101830	2	2	0	ANNOTATED_TARGET_EVIDENCE_AVAILABLE
NPC102167	2	1	1	MIXED_ANNOTATED_AND_UNANNOTATED_TARGETS
NPC102338	4	4	0	ANNOTATED_TARGET_EVIDENCE_AVAILABLE
NPC10251	4	4	0	ANNOTATED_TARGET_EVIDENCE_AVAILABLE
NPC10262	2	0	2	UNANNOTATED_TARGET_EVIDENCE_ONLY
NPC102683	1	1	0	ANNOTATED_TARGET_EVIDENCE_AVAILABLE
NPC102686	3	3	0	ANNOTATED_TARGET_EVIDENCE_AVAILABLE
NPC102810	8	8	0	ANNOTATED_TARGET_EVIDENCE_AVAILABLE
NPC102843	3	3	0	ANNOTATED_TARGET_EVIDENCE_AVAILABLE
NPC10286	3	3	0	ANNOTATED_TARGET_EVIDENCE_AVAILABLE
NPC103001	2	2	0	ANNOTATED_TARGET_EVIDENCE_AVAILABLE
NPC103213	4	4	0	ANNOTATED_TARGET_EVIDENCE_AVAILABLE
NPC103342	7	7	0	ANNOTATED_TARGET_EVIDENCE_AVAILABLE
NPC103488	1	1	0	ANNOTATED_TARGET_EVIDENCE_AVAILABLE
NPC103540	11	11	0	ANNOTATED_TARGET_EVIDENCE_AVAILABLE
NPC103712	1	0	1	UNANNOTATED_TARGET_EVIDENCE_ONLY
NPC104222	3	2	1	MIXED_ANNOTATED_AND_UNANNOTATED_TARGETS
NPC104677	2	2	0	ANNOTATED_TARGET_EVIDENCE_AVAILABLE
NPC104796	3	3	0	ANNOTATED_TARGET_EVIDENCE_AVAILABLE
NPC104983	1	1	0	ANNOTATED_TARGET_EVIDENCE_AVAILABLE
NPC105213	1	1	0	ANNOTATED_TARGET_EVIDENCE_AVAILABLE
NPC105329	1	1	0	ANNOTATED_TARGET_EVIDENCE_AVAILABLE
NPC105511	2	2	0	ANNOTATED_TARGET_EVIDENCE_AVAILABLE
NPC105513	3	3	0	ANNOTATED_TARGET_EVIDENCE_AVAILABLE
NPC105584	1	1	0	ANNOTATED_TARGET_EVIDENCE_AVAILABLE
NPC105648	6	6	0	ANNOTATED_TARGET_EVIDENCE_AVAILABLE
NPC105727	47	47	0	ANNOTATED_TARGET_EVIDENCE_AVAILABLE
NPC105942	1	1	0	ANNOTATED_TARGET_EVIDENCE_AVAILABLE
NPC106334	9	9	0	ANNOTATED_TARGET_EVIDENCE_AVAILABLE
NPC10636	2	0	2	UNANNOTATED_TARGET_EVIDENCE_ONLY
NPC106526	1	1	0	ANNOTATED_TARGET_EVIDENCE_AVAILABLE
NPC106551	1	0	1	UNANNOTATED_TARGET_EVIDENCE_ONLY
NPC106791	1	1	0	ANNOTATED_TARGET_EVIDENCE_AVAILABLE
NPC106937	3	3	0	ANNOTATED_TARGET_EVIDENCE_AVAILABLE
NPC106944	2	2	0	ANNOTATED_TARGET_EVIDENCE_AVAILABLE
NPC106976	1	1	0	ANNOTATED_TARGET_EVIDENCE_AVAILABLE
NPC107101	1	1	0	ANNOTATED_TARGET_EVIDENCE_AVAILABLE
NPC107135	3	2	1	MIXED_ANNOTATED_AND_UNANNOTATED_TARGETS
NPC107177	1	1	0	ANNOTATED_TARGET_EVIDENCE_AVAILABLE
NPC107482	2	2	0	ANNOTATED_TARGET_EVIDENCE_AVAILABLE
NPC1075	5	5	0	ANNOTATED_TARGET_EVIDENCE_AVAILABLE
NPC107522	1	1	0	ANNOTATED_TARGET_EVIDENCE_AVAILABLE
NPC107572	3	3	0	ANNOTATED_TARGET_EVIDENCE_AVAILABLE
NPC107672	1	0	1	UNANNOTATED_TARGET_EVIDENCE_ONLY
NPC10781	4	1	3	MIXED_ANNOTATED_AND_UNANNOTATED_TARGETS
NPC108191	1	1	0	ANNOTATED_TARGET_EVIDENCE_AVAILABLE
NPC1082	2	2	0	ANNOTATED_TARGET_EVIDENCE_AVAILABLE
NPC108218	1	1	0	ANNOTATED_TARGET_EVIDENCE_AVAILABLE
NPC108288	22	22	0	ANNOTATED_TARGET_EVIDENCE_AVAILABLE
NPC108406	1	0	1	UNANNOTATED_TARGET_EVIDENCE_ONLY
NPC10842	1	1	0	ANNOTATED_TARGET_EVIDENCE_AVAILABLE
NPC108434	5	5	0	ANNOTATED_TARGET_EVIDENCE_AVAILABLE
NPC108455	1	1	0	ANNOTATED_TARGET_EVIDENCE_AVAILABLE
NPC108456	1	0	1	UNANNOTATED_TARGET_EVIDENCE_ONLY
NPC108553	1	0	1	UNANNOTATED_TARGET_EVIDENCE_ONLY
NPC108606	2	2	0	ANNOTATED_TARGET_EVIDENCE_AVAILABLE
NPC108800	6	5	1	MIXED_ANNOTATED_AND_UNANNOTATED_TARGETS
NPC108811	1	1	0	ANNOTATED_TARGET_EVIDENCE_AVAILABLE
NPC108957	4	4	0	ANNOTATED_TARGET_EVIDENCE_AVAILABLE
NPC109083	61	54	7	MIXED_ANNOTATED_AND_UNANNOTATED_TARGETS
NPC10915	1	1	0	ANNOTATED_TARGET_EVIDENCE_AVAILABLE
NPC109151	1	1	0	ANNOTATED_TARGET_EVIDENCE_AVAILABLE
NPC10926	1	0	1	UNANNOTATED_TARGET_EVIDENCE_ONLY
NPC109322	2	1	1	MIXED_ANNOTATED_AND_UNANNOTATED_TARGETS
NPC10937	1	1	0	ANNOTATED_TARGET_EVIDENCE_AVAILABLE
NPC109637	8	8	0	ANNOTATED_TARGET_EVIDENCE_AVAILABLE
NPC109713	1	1	0	ANNOTATED_TARGET_EVIDENCE_AVAILABLE
NPC109813	1	1	0	ANNOTATED_TARGET_EVIDENCE_AVAILABLE
NPC10990	1	1	0	ANNOTATED_TARGET_EVIDENCE_AVAILABLE
NPC109955	1	1	0	ANNOTATED_TARGET_EVIDENCE_AVAILABLE
NPC110067	2	2	0	ANNOTATED_TARGET_EVIDENCE_AVAILABLE
NPC110072	2	2	0	ANNOTATED_TARGET_EVIDENCE_AVAILABLE
NPC110126	7	7	0	ANNOTATED_TARGET_EVIDENCE_AVAILABLE
NPC110136	5	5	0	ANNOTATED_TARGET_EVIDENCE_AVAILABLE
NPC110158	1	1	0	ANNOTATED_TARGET_EVIDENCE_AVAILABLE
NPC110234	1	1	0	ANNOTATED_TARGET_EVIDENCE_AVAILABLE
NPC110303	1	1	0	ANNOTATED_TARGET_EVIDENCE_AVAILABLE
NPC110396	8	7	1	MIXED_ANNOTATED_AND_UNANNOTATED_TARGETS
NPC110416	4	4	0	ANNOTATED_TARGET_EVIDENCE_AVAILABLE
NPC110496	1	1	0	ANNOTATED_TARGET_EVIDENCE_AVAILABLE
NPC110500	4	4	0	ANNOTATED_TARGET_EVIDENCE_AVAILABLE
NPC110533	1	1	0	ANNOTATED_TARGET_EVIDENCE_AVAILABLE
NPC110641	1	0	1	UNANNOTATED_TARGET_EVIDENCE_ONLY
NPC110704	1	1	0	ANNOTATED_TARGET_EVIDENCE_AVAILABLE
NPC110764	4	4	0	ANNOTATED_TARGET_EVIDENCE_AVAILABLE
NPC110882	2	2	0	ANNOTATED_TARGET_EVIDENCE_AVAILABLE
NPC110899	11	11	0	ANNOTATED_TARGET_EVIDENCE_AVAILABLE
NPC110969	1	1	0	ANNOTATED_TARGET_EVIDENCE_AVAILABLE
NPC111088	8	7	1	MIXED_ANNOTATED_AND_UNANNOTATED_TARGETS
NPC111112	4	3	1	MIXED_ANNOTATED_AND_UNANNOTATED_TARGETS
NPC111132	7	6	1	MIXED_ANNOTATED_AND_UNANNOTATED_TARGETS
NPC111201	3	3	0	ANNOTATED_TARGET_EVIDENCE_AVAILABLE
NPC111234	1	1	0	ANNOTATED_TARGET_EVIDENCE_AVAILABLE
NPC111323	1	1	0	ANNOTATED_TARGET_EVIDENCE_AVAILABLE
NPC111485	1	1	0	ANNOTATED_TARGET_EVIDENCE_AVAILABLE
NPC11150	2	2	0	ANNOTATED_TARGET_EVIDENCE_AVAILABLE
NPC111602	1	1	0	ANNOTATED_TARGET_EVIDENCE_AVAILABLE
NPC11173	2	2	0	ANNOTATED_TARGET_EVIDENCE_AVAILABLE
NPC111786	1	1	0	ANNOTATED_TARGET_EVIDENCE_AVAILABLE
NPC111888	2	1	1	MIXED_ANNOTATED_AND_UNANNOTATED_TARGETS
NPC112009	1	1	0	ANNOTATED_TARGET_EVIDENCE_AVAILABLE
NPC112224	9	6	3	MIXED_ANNOTATED_AND_UNANNOTATED_TARGETS
NPC112454	7	3	4	MIXED_ANNOTATED_AND_UNANNOTATED_TARGETS
NPC11250	1	1	0	ANNOTATED_TARGET_EVIDENCE_AVAILABLE
NPC112552	3	3	0	ANNOTATED_TARGET_EVIDENCE_AVAILABLE
NPC112609	1	1	0	ANNOTATED_TARGET_EVIDENCE_AVAILABLE
NPC112676	1	1	0	ANNOTATED_TARGET_EVIDENCE_AVAILABLE
NPC112701	2	2	0	ANNOTATED_TARGET_EVIDENCE_AVAILABLE
NPC112789	2	2	0	ANNOTATED_TARGET_EVIDENCE_AVAILABLE
NPC112890	1	0	1	UNANNOTATED_TARGET_EVIDENCE_ONLY
NPC112937	3	3	0	ANNOTATED_TARGET_EVIDENCE_AVAILABLE
NPC112954	1	0	1	UNANNOTATED_TARGET_EVIDENCE_ONLY
NPC113089	1	1	0	ANNOTATED_TARGET_EVIDENCE_AVAILABLE
NPC113455	2	2	0	ANNOTATED_TARGET_EVIDENCE_AVAILABLE
NPC113670	2	2	0	ANNOTATED_TARGET_EVIDENCE_AVAILABLE
NPC113733	1	1	0	ANNOTATED_TARGET_EVIDENCE_AVAILABLE
NPC113836	1	1	0	ANNOTATED_TARGET_EVIDENCE_AVAILABLE
NPC113989	2	2	0	ANNOTATED_TARGET_EVIDENCE_AVAILABLE
NPC114159	1	1	0	ANNOTATED_TARGET_EVIDENCE_AVAILABLE
NPC114179	1	1	0	ANNOTATED_TARGET_EVIDENCE_AVAILABLE
NPC114209	1	1	0	ANNOTATED_TARGET_EVIDENCE_AVAILABLE
NPC114270	1	1	0	ANNOTATED_TARGET_EVIDENCE_AVAILABLE
NPC114325	4	4	0	ANNOTATED_TARGET_EVIDENCE_AVAILABLE
NPC11433	3	2	1	MIXED_ANNOTATED_AND_UNANNOTATED_TARGETS
NPC114365	3	2	1	MIXED_ANNOTATED_AND_UNANNOTATED_TARGETS
NPC114517	3	0	3	UNANNOTATED_TARGET_EVIDENCE_ONLY
NPC114586	1	1	0	ANNOTATED_TARGET_EVIDENCE_AVAILABLE
NPC114682	15	13	2	MIXED_ANNOTATED_AND_UNANNOTATED_TARGETS
NPC114791	2	2	0	ANNOTATED_TARGET_EVIDENCE_AVAILABLE
NPC114891	2	2	0	ANNOTATED_TARGET_EVIDENCE_AVAILABLE
NPC115159	12	12	0	ANNOTATED_TARGET_EVIDENCE_AVAILABLE
NPC115207	2	2	0	ANNOTATED_TARGET_EVIDENCE_AVAILABLE
NPC115284	3	3	0	ANNOTATED_TARGET_EVIDENCE_AVAILABLE
NPC115335	1	1	0	ANNOTATED_TARGET_EVIDENCE_AVAILABLE
NPC115674	1	1	0	ANNOTATED_TARGET_EVIDENCE_AVAILABLE
NPC115760	1	1	0	ANNOTATED_TARGET_EVIDENCE_AVAILABLE
NPC115906	4	4	0	ANNOTATED_TARGET_EVIDENCE_AVAILABLE
NPC116007	1	1	0	ANNOTATED_TARGET_EVIDENCE_AVAILABLE
NPC116125	2	1	1	MIXED_ANNOTATED_AND_UNANNOTATED_TARGETS
NPC116146	1	1	0	ANNOTATED_TARGET_EVIDENCE_AVAILABLE
NPC116229	2	2	0	ANNOTATED_TARGET_EVIDENCE_AVAILABLE
NPC116366	3	3	0	ANNOTATED_TARGET_EVIDENCE_AVAILABLE
NPC116377	1	0	1	UNANNOTATED_TARGET_EVIDENCE_ONLY
NPC116458	1	1	0	ANNOTATED_TARGET_EVIDENCE_AVAILABLE
NPC116632	7	7	0	ANNOTATED_TARGET_EVIDENCE_AVAILABLE
NPC116709	2	1	1	MIXED_ANNOTATED_AND_UNANNOTATED_TARGETS
NPC116775	48	45	3	MIXED_ANNOTATED_AND_UNANNOTATED_TARGETS
NPC116850	1	1	0	ANNOTATED_TARGET_EVIDENCE_AVAILABLE
NPC116961	32	30	2	MIXED_ANNOTATED_AND_UNANNOTATED_TARGETS
NPC117032	4	4	0	ANNOTATED_TARGET_EVIDENCE_AVAILABLE
NPC117048	1	1	0	ANNOTATED_TARGET_EVIDENCE_AVAILABLE
NPC117237	2	2	0	ANNOTATED_TARGET_EVIDENCE_AVAILABLE
NPC117445	2	2	0	ANNOTATED_TARGET_EVIDENCE_AVAILABLE
NPC117450	1	1	0	ANNOTATED_TARGET_EVIDENCE_AVAILABLE
NPC117572	8	7	1	MIXED_ANNOTATED_AND_UNANNOTATED_TARGETS
NPC117579	1	1	0	ANNOTATED_TARGET_EVIDENCE_AVAILABLE
NPC117713	1	1	0	ANNOTATED_TARGET_EVIDENCE_AVAILABLE
NPC118114	1	1	0	ANNOTATED_TARGET_EVIDENCE_AVAILABLE
NPC118154	1	0	1	UNANNOTATED_TARGET_EVIDENCE_ONLY
NPC118162	1	1	0	ANNOTATED_TARGET_EVIDENCE_AVAILABLE
NPC118275	1	1	0	ANNOTATED_TARGET_EVIDENCE_AVAILABLE
NPC118288	1	1	0	ANNOTATED_TARGET_EVIDENCE_AVAILABLE
NPC118343	3	2	1	MIXED_ANNOTATED_AND_UNANNOTATED_TARGETS
NPC118522	10	10	0	ANNOTATED_TARGET_EVIDENCE_AVAILABLE
NPC118633	3	3	0	ANNOTATED_TARGET_EVIDENCE_AVAILABLE
NPC118683	4	4	0	ANNOTATED_TARGET_EVIDENCE_AVAILABLE
NPC118832	5	5	0	ANNOTATED_TARGET_EVIDENCE_AVAILABLE
NPC118919	1	1	0	ANNOTATED_TARGET_EVIDENCE_AVAILABLE
NPC118940	1	1	0	ANNOTATED_TARGET_EVIDENCE_AVAILABLE
NPC119036	1	1	0	ANNOTATED_TARGET_EVIDENCE_AVAILABLE
NPC119094	1	1	0	ANNOTATED_TARGET_EVIDENCE_AVAILABLE
NPC119133	3	3	0	ANNOTATED_TARGET_EVIDENCE_AVAILABLE
NPC119209	1	0	1	UNANNOTATED_TARGET_EVIDENCE_ONLY
NPC119224	8	7	1	MIXED_ANNOTATED_AND_UNANNOTATED_TARGETS
NPC119271	1	1	0	ANNOTATED_TARGET_EVIDENCE_AVAILABLE
NPC119368	1	1	0	ANNOTATED_TARGET_EVIDENCE_AVAILABLE
NPC119631	1	1	0	ANNOTATED_TARGET_EVIDENCE_AVAILABLE
NPC119655	3	3	0	ANNOTATED_TARGET_EVIDENCE_AVAILABLE
NPC119818	4	4	0	ANNOTATED_TARGET_EVIDENCE_AVAILABLE
NPC119914	1	1	0	ANNOTATED_TARGET_EVIDENCE_AVAILABLE
NPC119949	3	3	0	ANNOTATED_TARGET_EVIDENCE_AVAILABLE
NPC120021	1	1	0	ANNOTATED_TARGET_EVIDENCE_AVAILABLE
NPC120066	3	3	0	ANNOTATED_TARGET_EVIDENCE_AVAILABLE
NPC120075	2	2	0	ANNOTATED_TARGET_EVIDENCE_AVAILABLE
NPC120097	1	1	0	ANNOTATED_TARGET_EVIDENCE_AVAILABLE
NPC120099	1	1	0	ANNOTATED_TARGET_EVIDENCE_AVAILABLE
NPC120163	4	4	0	ANNOTATED_TARGET_EVIDENCE_AVAILABLE
NPC120167	1	1	0	ANNOTATED_TARGET_EVIDENCE_AVAILABLE
NPC12022	10	9	1	MIXED_ANNOTATED_AND_UNANNOTATED_TARGETS
NPC120225	1	1	0	ANNOTATED_TARGET_EVIDENCE_AVAILABLE
NPC120239	2	2	0	ANNOTATED_TARGET_EVIDENCE_AVAILABLE
NPC120464	1	1	0	ANNOTATED_TARGET_EVIDENCE_AVAILABLE
NPC120537	5	5	0	ANNOTATED_TARGET_EVIDENCE_AVAILABLE
NPC120671	8	8	0	ANNOTATED_TARGET_EVIDENCE_AVAILABLE
NPC120840	1	1	0	ANNOTATED_TARGET_EVIDENCE_AVAILABLE
NPC121259	4	4	0	ANNOTATED_TARGET_EVIDENCE_AVAILABLE
NPC121510	1	1	0	ANNOTATED_TARGET_EVIDENCE_AVAILABLE
NPC121517	1	0	1	UNANNOTATED_TARGET_EVIDENCE_ONLY
NPC121522	2	1	1	MIXED_ANNOTATED_AND_UNANNOTATED_TARGETS
NPC121649	1	1	0	ANNOTATED_TARGET_EVIDENCE_AVAILABLE
NPC121910	1	1	0	ANNOTATED_TARGET_EVIDENCE_AVAILABLE
NPC122365	1	1	0	ANNOTATED_TARGET_EVIDENCE_AVAILABLE
NPC122436	1	1	0	ANNOTATED_TARGET_EVIDENCE_AVAILABLE
NPC122471	1	1	0	ANNOTATED_TARGET_EVIDENCE_AVAILABLE
NPC122493	1	0	1	UNANNOTATED_TARGET_EVIDENCE_ONLY
NPC122504	1	1	0	ANNOTATED_TARGET_EVIDENCE_AVAILABLE
NPC12278	1	1	0	ANNOTATED_TARGET_EVIDENCE_AVAILABLE
NPC122793	1	1	0	ANNOTATED_TARGET_EVIDENCE_AVAILABLE
NPC123127	6	6	0	ANNOTATED_TARGET_EVIDENCE_AVAILABLE
NPC123273	16	15	1	MIXED_ANNOTATED_AND_UNANNOTATED_TARGETS
NPC123526	3	3	0	ANNOTATED_TARGET_EVIDENCE_AVAILABLE
NPC12377	7	7	0	ANNOTATED_TARGET_EVIDENCE_AVAILABLE
NPC123948	4	4	0	ANNOTATED_TARGET_EVIDENCE_AVAILABLE
NPC123965	1	1	0	ANNOTATED_TARGET_EVIDENCE_AVAILABLE
NPC12402	5	5	0	ANNOTATED_TARGET_EVIDENCE_AVAILABLE
NPC124289	2	2	0	ANNOTATED_TARGET_EVIDENCE_AVAILABLE
NPC124302	4	4	0	ANNOTATED_TARGET_EVIDENCE_AVAILABLE
NPC124384	1	1	0	ANNOTATED_TARGET_EVIDENCE_AVAILABLE
NPC124436	1	1	0	ANNOTATED_TARGET_EVIDENCE_AVAILABLE
NPC124478	2	2	0	ANNOTATED_TARGET_EVIDENCE_AVAILABLE
NPC124512	2	2	0	ANNOTATED_TARGET_EVIDENCE_AVAILABLE
NPC12452	1	1	0	ANNOTATED_TARGET_EVIDENCE_AVAILABLE
NPC124576	2	2	0	ANNOTATED_TARGET_EVIDENCE_AVAILABLE
NPC124657	1	1	0	ANNOTATED_TARGET_EVIDENCE_AVAILABLE
NPC124802	1	1	0	ANNOTATED_TARGET_EVIDENCE_AVAILABLE
NPC125039	12	12	0	ANNOTATED_TARGET_EVIDENCE_AVAILABLE
NPC125062	8	8	0	ANNOTATED_TARGET_EVIDENCE_AVAILABLE
NPC125106	1	1	0	ANNOTATED_TARGET_EVIDENCE_AVAILABLE
NPC125306	2	2	0	ANNOTATED_TARGET_EVIDENCE_AVAILABLE
NPC125416	26	21	5	MIXED_ANNOTATED_AND_UNANNOTATED_TARGETS
NPC125417	1	0	1	UNANNOTATED_TARGET_EVIDENCE_ONLY
NPC125449	2	2	0	ANNOTATED_TARGET_EVIDENCE_AVAILABLE
NPC125506	1	1	0	ANNOTATED_TARGET_EVIDENCE_AVAILABLE
NPC125575	1	1	0	ANNOTATED_TARGET_EVIDENCE_AVAILABLE
NPC125578	1	1	0	ANNOTATED_TARGET_EVIDENCE_AVAILABLE
NPC125579	4	4	0	ANNOTATED_TARGET_EVIDENCE_AVAILABLE
NPC125732	8	8	0	ANNOTATED_TARGET_EVIDENCE_AVAILABLE
NPC125828	1	1	0	ANNOTATED_TARGET_EVIDENCE_AVAILABLE
NPC125855	1	1	0	ANNOTATED_TARGET_EVIDENCE_AVAILABLE
NPC126029	11	10	1	MIXED_ANNOTATED_AND_UNANNOTATED_TARGETS
NPC126293	1	1	0	ANNOTATED_TARGET_EVIDENCE_AVAILABLE
NPC12640	2	2	0	ANNOTATED_TARGET_EVIDENCE_AVAILABLE
NPC12649	1	1	0	ANNOTATED_TARGET_EVIDENCE_AVAILABLE
NPC126519	1	0	1	UNANNOTATED_TARGET_EVIDENCE_ONLY
NPC126664	2	1	1	MIXED_ANNOTATED_AND_UNANNOTATED_TARGETS
NPC126681	4	1	3	MIXED_ANNOTATED_AND_UNANNOTATED_TARGETS
NPC126759	1	1	0	ANNOTATED_TARGET_EVIDENCE_AVAILABLE
NPC126925	1	0	1	UNANNOTATED_TARGET_EVIDENCE_ONLY
NPC127059	1	1	0	ANNOTATED_TARGET_EVIDENCE_AVAILABLE
NPC12714	1	1	0	ANNOTATED_TARGET_EVIDENCE_AVAILABLE
NPC127326	2	2	0	ANNOTATED_TARGET_EVIDENCE_AVAILABLE
NPC127447	6	6	0	ANNOTATED_TARGET_EVIDENCE_AVAILABLE
NPC127546	4	4	0	ANNOTATED_TARGET_EVIDENCE_AVAILABLE
NPC127624	1	0	1	UNANNOTATED_TARGET_EVIDENCE_ONLY
NPC127689	1	1	0	ANNOTATED_TARGET_EVIDENCE_AVAILABLE
NPC12774	1	1	0	ANNOTATED_TARGET_EVIDENCE_AVAILABLE
NPC127824	1	0	1	UNANNOTATED_TARGET_EVIDENCE_ONLY
NPC127937	1	1	0	ANNOTATED_TARGET_EVIDENCE_AVAILABLE
NPC128019	1	1	0	ANNOTATED_TARGET_EVIDENCE_AVAILABLE
NPC128208	1	1	0	ANNOTATED_TARGET_EVIDENCE_AVAILABLE
NPC128216	10	10	0	ANNOTATED_TARGET_EVIDENCE_AVAILABLE
NPC128248	4	3	1	MIXED_ANNOTATED_AND_UNANNOTATED_TARGETS
NPC128335	1	1	0	ANNOTATED_TARGET_EVIDENCE_AVAILABLE
NPC128350	1	1	0	ANNOTATED_TARGET_EVIDENCE_AVAILABLE
NPC128428	1	0	1	UNANNOTATED_TARGET_EVIDENCE_ONLY
NPC128496	2	2	0	ANNOTATED_TARGET_EVIDENCE_AVAILABLE
NPC128529	1	1	0	ANNOTATED_TARGET_EVIDENCE_AVAILABLE
NPC128713	1	1	0	ANNOTATED_TARGET_EVIDENCE_AVAILABLE
NPC128816	1	1	0	ANNOTATED_TARGET_EVIDENCE_AVAILABLE
NPC128825	2	2	0	ANNOTATED_TARGET_EVIDENCE_AVAILABLE
NPC129217	1	1	0	ANNOTATED_TARGET_EVIDENCE_AVAILABLE
NPC129533	11	11	0	ANNOTATED_TARGET_EVIDENCE_AVAILABLE
NPC129687	3	3	0	ANNOTATED_TARGET_EVIDENCE_AVAILABLE
NPC129889	1	1	0	ANNOTATED_TARGET_EVIDENCE_AVAILABLE
NPC129909	31	29	2	MIXED_ANNOTATED_AND_UNANNOTATED_TARGETS
NPC129976	1	1	0	ANNOTATED_TARGET_EVIDENCE_AVAILABLE
NPC13007	1	0	1	UNANNOTATED_TARGET_EVIDENCE_ONLY
NPC130193	3	2	1	MIXED_ANNOTATED_AND_UNANNOTATED_TARGETS
NPC130209	1	1	0	ANNOTATED_TARGET_EVIDENCE_AVAILABLE
NPC130230	13	7	6	MIXED_ANNOTATED_AND_UNANNOTATED_TARGETS
NPC130398	1	1	0	ANNOTATED_TARGET_EVIDENCE_AVAILABLE
NPC130520	2	2	0	ANNOTATED_TARGET_EVIDENCE_AVAILABLE
NPC130577	2	2	0	ANNOTATED_TARGET_EVIDENCE_AVAILABLE
NPC13067	7	7	0	ANNOTATED_TARGET_EVIDENCE_AVAILABLE
NPC130899	1	1	0	ANNOTATED_TARGET_EVIDENCE_AVAILABLE
NPC130931	2	2	0	ANNOTATED_TARGET_EVIDENCE_AVAILABLE
NPC131039	1	1	0	ANNOTATED_TARGET_EVIDENCE_AVAILABLE
NPC131185	1	1	0	ANNOTATED_TARGET_EVIDENCE_AVAILABLE
NPC131192	6	6	0	ANNOTATED_TARGET_EVIDENCE_AVAILABLE
NPC131450	1	1	0	ANNOTATED_TARGET_EVIDENCE_AVAILABLE
NPC131530	12	12	0	ANNOTATED_TARGET_EVIDENCE_AVAILABLE
NPC131568	1	1	0	ANNOTATED_TARGET_EVIDENCE_AVAILABLE
NPC131587	3	3	0	ANNOTATED_TARGET_EVIDENCE_AVAILABLE
NPC131623	2	2	0	ANNOTATED_TARGET_EVIDENCE_AVAILABLE
NPC131624	2	2	0	ANNOTATED_TARGET_EVIDENCE_AVAILABLE
NPC131665	1	1	0	ANNOTATED_TARGET_EVIDENCE_AVAILABLE
NPC131684	1	1	0	ANNOTATED_TARGET_EVIDENCE_AVAILABLE
NPC131885	3	3	0	ANNOTATED_TARGET_EVIDENCE_AVAILABLE
NPC131981	3	3	0	ANNOTATED_TARGET_EVIDENCE_AVAILABLE
NPC132304	4	2	2	MIXED_ANNOTATED_AND_UNANNOTATED_TARGETS
NPC132307	2	1	1	MIXED_ANNOTATED_AND_UNANNOTATED_TARGETS
NPC13249	1	0	1	UNANNOTATED_TARGET_EVIDENCE_ONLY
NPC132669	2	2	0	ANNOTATED_TARGET_EVIDENCE_AVAILABLE
NPC132847	2	2	0	ANNOTATED_TARGET_EVIDENCE_AVAILABLE
NPC132858	2	2	0	ANNOTATED_TARGET_EVIDENCE_AVAILABLE
NPC133003	8	8	0	ANNOTATED_TARGET_EVIDENCE_AVAILABLE
NPC133140	16	14	2	MIXED_ANNOTATED_AND_UNANNOTATED_TARGETS
NPC133156	1	0	1	UNANNOTATED_TARGET_EVIDENCE_ONLY
NPC133162	34	33	1	MIXED_ANNOTATED_AND_UNANNOTATED_TARGETS
NPC133183	3	3	0	ANNOTATED_TARGET_EVIDENCE_AVAILABLE
NPC133600	1	1	0	ANNOTATED_TARGET_EVIDENCE_AVAILABLE
NPC133671	6	6	0	ANNOTATED_TARGET_EVIDENCE_AVAILABLE
NPC133758	2	2	0	ANNOTATED_TARGET_EVIDENCE_AVAILABLE
NPC133771	2	2	0	ANNOTATED_TARGET_EVIDENCE_AVAILABLE
NPC133792	1	1	0	ANNOTATED_TARGET_EVIDENCE_AVAILABLE
NPC133809	1	1	0	ANNOTATED_TARGET_EVIDENCE_AVAILABLE
NPC133817	1	1	0	ANNOTATED_TARGET_EVIDENCE_AVAILABLE
NPC133836	1	1	0	ANNOTATED_TARGET_EVIDENCE_AVAILABLE
NPC134047	6	5	1	MIXED_ANNOTATED_AND_UNANNOTATED_TARGETS
NPC13408	1	1	0	ANNOTATED_TARGET_EVIDENCE_AVAILABLE
NPC13426	1	1	0	ANNOTATED_TARGET_EVIDENCE_AVAILABLE
NPC134360	1	1	0	ANNOTATED_TARGET_EVIDENCE_AVAILABLE
NPC134532	3	3	0	ANNOTATED_TARGET_EVIDENCE_AVAILABLE
NPC134570	2	0	2	UNANNOTATED_TARGET_EVIDENCE_ONLY
NPC134584	2	2	0	ANNOTATED_TARGET_EVIDENCE_AVAILABLE
NPC134693	1	1	0	ANNOTATED_TARGET_EVIDENCE_AVAILABLE
NPC13470	7	5	2	MIXED_ANNOTATED_AND_UNANNOTATED_TARGETS
NPC134764	3	3	0	ANNOTATED_TARGET_EVIDENCE_AVAILABLE
NPC134825	1	1	0	ANNOTATED_TARGET_EVIDENCE_AVAILABLE
NPC134975	2	2	0	ANNOTATED_TARGET_EVIDENCE_AVAILABLE
NPC13504	7	7	0	ANNOTATED_TARGET_EVIDENCE_AVAILABLE
NPC135325	1	1	0	ANNOTATED_TARGET_EVIDENCE_AVAILABLE
NPC135334	2	2	0	ANNOTATED_TARGET_EVIDENCE_AVAILABLE
NPC135391	1	1	0	ANNOTATED_TARGET_EVIDENCE_AVAILABLE
NPC135433	2	2	0	ANNOTATED_TARGET_EVIDENCE_AVAILABLE
NPC135488	2	2	0	ANNOTATED_TARGET_EVIDENCE_AVAILABLE
NPC135539	1	0	1	UNANNOTATED_TARGET_EVIDENCE_ONLY
NPC13554	1	1	0	ANNOTATED_TARGET_EVIDENCE_AVAILABLE
NPC135601	3	3	0	ANNOTATED_TARGET_EVIDENCE_AVAILABLE
NPC135639	2	2	0	ANNOTATED_TARGET_EVIDENCE_AVAILABLE
NPC135730	1	1	0	ANNOTATED_TARGET_EVIDENCE_AVAILABLE
NPC13575	4	2	2	MIXED_ANNOTATED_AND_UNANNOTATED_TARGETS
NPC135961	3	3	0	ANNOTATED_TARGET_EVIDENCE_AVAILABLE
NPC136014	1	1	0	ANNOTATED_TARGET_EVIDENCE_AVAILABLE
NPC136091	3	3	0	ANNOTATED_TARGET_EVIDENCE_AVAILABLE
NPC136112	6	6	0	ANNOTATED_TARGET_EVIDENCE_AVAILABLE
NPC136330	15	15	0	ANNOTATED_TARGET_EVIDENCE_AVAILABLE
NPC136349	4	1	3	MIXED_ANNOTATED_AND_UNANNOTATED_TARGETS
NPC136508	6	6	0	ANNOTATED_TARGET_EVIDENCE_AVAILABLE
NPC136699	1	1	0	ANNOTATED_TARGET_EVIDENCE_AVAILABLE
NPC136826	1	1	0	ANNOTATED_TARGET_EVIDENCE_AVAILABLE
NPC13696	7	7	0	ANNOTATED_TARGET_EVIDENCE_AVAILABLE
NPC137050	1	1	0	ANNOTATED_TARGET_EVIDENCE_AVAILABLE
NPC137096	8	8	0	ANNOTATED_TARGET_EVIDENCE_AVAILABLE
NPC137232	1	1	0	ANNOTATED_TARGET_EVIDENCE_AVAILABLE
NPC137396	1	0	1	UNANNOTATED_TARGET_EVIDENCE_ONLY
NPC137419	2	2	0	ANNOTATED_TARGET_EVIDENCE_AVAILABLE
NPC137537	1	1	0	ANNOTATED_TARGET_EVIDENCE_AVAILABLE
NPC137554	1	0	1	UNANNOTATED_TARGET_EVIDENCE_ONLY
NPC137567	1	1	0	ANNOTATED_TARGET_EVIDENCE_AVAILABLE
NPC13768	6	6	0	ANNOTATED_TARGET_EVIDENCE_AVAILABLE
NPC137705	2	2	0	ANNOTATED_TARGET_EVIDENCE_AVAILABLE
NPC137847	1	1	0	ANNOTATED_TARGET_EVIDENCE_AVAILABLE
NPC137922	3	3	0	ANNOTATED_TARGET_EVIDENCE_AVAILABLE
NPC137949	23	21	2	MIXED_ANNOTATED_AND_UNANNOTATED_TARGETS
NPC137958	22	11	11	MIXED_ANNOTATED_AND_UNANNOTATED_TARGETS
NPC138056	1	0	1	UNANNOTATED_TARGET_EVIDENCE_ONLY
NPC138113	1	1	0	ANNOTATED_TARGET_EVIDENCE_AVAILABLE
NPC13818	5	5	0	ANNOTATED_TARGET_EVIDENCE_AVAILABLE
NPC13826	8	8	0	ANNOTATED_TARGET_EVIDENCE_AVAILABLE
NPC138299	17	13	4	MIXED_ANNOTATED_AND_UNANNOTATED_TARGETS
NPC138370	1	0	1	UNANNOTATED_TARGET_EVIDENCE_ONLY
NPC138487	5	5	0	ANNOTATED_TARGET_EVIDENCE_AVAILABLE
NPC13879	5	5	0	ANNOTATED_TARGET_EVIDENCE_AVAILABLE
NPC138865	1	1	0	ANNOTATED_TARGET_EVIDENCE_AVAILABLE
NPC138927	2	2	0	ANNOTATED_TARGET_EVIDENCE_AVAILABLE
NPC138942	2	2	0	ANNOTATED_TARGET_EVIDENCE_AVAILABLE
NPC138978	8	7	1	MIXED_ANNOTATED_AND_UNANNOTATED_TARGETS
NPC139085	2	2	0	ANNOTATED_TARGET_EVIDENCE_AVAILABLE
NPC139397	12	12	0	ANNOTATED_TARGET_EVIDENCE_AVAILABLE
NPC139416	3	3	0	ANNOTATED_TARGET_EVIDENCE_AVAILABLE
NPC139548	8	8	0	ANNOTATED_TARGET_EVIDENCE_AVAILABLE
NPC139658	2	2	0	ANNOTATED_TARGET_EVIDENCE_AVAILABLE
NPC139813	8	8	0	ANNOTATED_TARGET_EVIDENCE_AVAILABLE
NPC139867	1	1	0	ANNOTATED_TARGET_EVIDENCE_AVAILABLE
NPC139876	1	1	0	ANNOTATED_TARGET_EVIDENCE_AVAILABLE
NPC139891	15	14	1	MIXED_ANNOTATED_AND_UNANNOTATED_TARGETS
NPC13991	2	2	0	ANNOTATED_TARGET_EVIDENCE_AVAILABLE
NPC14005	3	3	0	ANNOTATED_TARGET_EVIDENCE_AVAILABLE
NPC14030	3	3	0	ANNOTATED_TARGET_EVIDENCE_AVAILABLE
NPC140300	1	1	0	ANNOTATED_TARGET_EVIDENCE_AVAILABLE
NPC140840	31	28	3	MIXED_ANNOTATED_AND_UNANNOTATED_TARGETS
NPC140872	1	1	0	ANNOTATED_TARGET_EVIDENCE_AVAILABLE
NPC141068	4	4	0	ANNOTATED_TARGET_EVIDENCE_AVAILABLE
NPC141331	1	1	0	ANNOTATED_TARGET_EVIDENCE_AVAILABLE
NPC141353	5	5	0	ANNOTATED_TARGET_EVIDENCE_AVAILABLE
NPC141481	1	1	0	ANNOTATED_TARGET_EVIDENCE_AVAILABLE
NPC141523	1	1	0	ANNOTATED_TARGET_EVIDENCE_AVAILABLE
NPC141574	1	1	0	ANNOTATED_TARGET_EVIDENCE_AVAILABLE
NPC141612	1	1	0	ANNOTATED_TARGET_EVIDENCE_AVAILABLE
NPC141739	4	4	0	ANNOTATED_TARGET_EVIDENCE_AVAILABLE
NPC141765	2	2	0	ANNOTATED_TARGET_EVIDENCE_AVAILABLE
NPC141782	1	1	0	ANNOTATED_TARGET_EVIDENCE_AVAILABLE
NPC141791	15	15	0	ANNOTATED_TARGET_EVIDENCE_AVAILABLE
NPC141953	1	1	0	ANNOTATED_TARGET_EVIDENCE_AVAILABLE
NPC142308	2	2	0	ANNOTATED_TARGET_EVIDENCE_AVAILABLE
NPC142319	1	1	0	ANNOTATED_TARGET_EVIDENCE_AVAILABLE
NPC142330	3	3	0	ANNOTATED_TARGET_EVIDENCE_AVAILABLE
NPC142339	6	4	2	MIXED_ANNOTATED_AND_UNANNOTATED_TARGETS
NPC14234	2	2	0	ANNOTATED_TARGET_EVIDENCE_AVAILABLE
NPC142361	1	1	0	ANNOTATED_TARGET_EVIDENCE_AVAILABLE
NPC142415	20	13	7	MIXED_ANNOTATED_AND_UNANNOTATED_TARGETS
NPC142754	2	2	0	ANNOTATED_TARGET_EVIDENCE_AVAILABLE
NPC142860	4	3	1	MIXED_ANNOTATED_AND_UNANNOTATED_TARGETS
NPC142956	1	0	1	UNANNOTATED_TARGET_EVIDENCE_ONLY
NPC143022	4	2	2	MIXED_ANNOTATED_AND_UNANNOTATED_TARGETS
NPC143168	19	17	2	MIXED_ANNOTATED_AND_UNANNOTATED_TARGETS
NPC14330	1	1	0	ANNOTATED_TARGET_EVIDENCE_AVAILABLE
NPC143402	7	7	0	ANNOTATED_TARGET_EVIDENCE_AVAILABLE
NPC14353	4	2	2	MIXED_ANNOTATED_AND_UNANNOTATED_TARGETS
NPC143649	1	1	0	ANNOTATED_TARGET_EVIDENCE_AVAILABLE
NPC143799	1	1	0	ANNOTATED_TARGET_EVIDENCE_AVAILABLE
NPC143809	1	0	1	UNANNOTATED_TARGET_EVIDENCE_ONLY
NPC143896	1	1	0	ANNOTATED_TARGET_EVIDENCE_AVAILABLE
NPC144258	9	9	0	ANNOTATED_TARGET_EVIDENCE_AVAILABLE
NPC144288	1	1	0	ANNOTATED_TARGET_EVIDENCE_AVAILABLE
NPC144407	1	1	0	ANNOTATED_TARGET_EVIDENCE_AVAILABLE
NPC144557	3	3	0	ANNOTATED_TARGET_EVIDENCE_AVAILABLE
NPC14468	2	2	0	ANNOTATED_TARGET_EVIDENCE_AVAILABLE
NPC144682	5	5	0	ANNOTATED_TARGET_EVIDENCE_AVAILABLE
NPC144939	5	5	0	ANNOTATED_TARGET_EVIDENCE_AVAILABLE
NPC144956	5	4	1	MIXED_ANNOTATED_AND_UNANNOTATED_TARGETS
NPC144995	1	1	0	ANNOTATED_TARGET_EVIDENCE_AVAILABLE
NPC145032	2	2	0	ANNOTATED_TARGET_EVIDENCE_AVAILABLE
NPC145038	5	4	1	MIXED_ANNOTATED_AND_UNANNOTATED_TARGETS
NPC145045	1	1	0	ANNOTATED_TARGET_EVIDENCE_AVAILABLE
NPC145047	1	1	0	ANNOTATED_TARGET_EVIDENCE_AVAILABLE
NPC145052	3	3	0	ANNOTATED_TARGET_EVIDENCE_AVAILABLE
NPC145235	2	2	0	ANNOTATED_TARGET_EVIDENCE_AVAILABLE
NPC145304	3	3	0	ANNOTATED_TARGET_EVIDENCE_AVAILABLE
NPC145638	1	1	0	ANNOTATED_TARGET_EVIDENCE_AVAILABLE
NPC145885	2	2	0	ANNOTATED_TARGET_EVIDENCE_AVAILABLE
NPC145888	10	10	0	ANNOTATED_TARGET_EVIDENCE_AVAILABLE
NPC14622	1	1	0	ANNOTATED_TARGET_EVIDENCE_AVAILABLE
NPC146289	1	1	0	ANNOTATED_TARGET_EVIDENCE_AVAILABLE
NPC146316	1	1	0	ANNOTATED_TARGET_EVIDENCE_AVAILABLE
NPC146355	1	1	0	ANNOTATED_TARGET_EVIDENCE_AVAILABLE
NPC146373	4	4	0	ANNOTATED_TARGET_EVIDENCE_AVAILABLE
NPC146422	25	25	0	ANNOTATED_TARGET_EVIDENCE_AVAILABLE
NPC146703	12	11	1	MIXED_ANNOTATED_AND_UNANNOTATED_TARGETS
NPC146976	7	3	4	MIXED_ANNOTATED_AND_UNANNOTATED_TARGETS
NPC147000	12	11	1	MIXED_ANNOTATED_AND_UNANNOTATED_TARGETS
NPC147030	5	5	0	ANNOTATED_TARGET_EVIDENCE_AVAILABLE
NPC147062	1	1	0	ANNOTATED_TARGET_EVIDENCE_AVAILABLE
NPC147212	1	1	0	ANNOTATED_TARGET_EVIDENCE_AVAILABLE
NPC147310	1	1	0	ANNOTATED_TARGET_EVIDENCE_AVAILABLE
NPC147363	1	1	0	ANNOTATED_TARGET_EVIDENCE_AVAILABLE
NPC147418	19	19	0	ANNOTATED_TARGET_EVIDENCE_AVAILABLE
NPC147513	2	2	0	ANNOTATED_TARGET_EVIDENCE_AVAILABLE
NPC147654	1	1	0	ANNOTATED_TARGET_EVIDENCE_AVAILABLE
NPC147686	2	2	0	ANNOTATED_TARGET_EVIDENCE_AVAILABLE
NPC147824	2	2	0	ANNOTATED_TARGET_EVIDENCE_AVAILABLE
NPC147957	1	0	1	UNANNOTATED_TARGET_EVIDENCE_ONLY
NPC147983	9	8	1	MIXED_ANNOTATED_AND_UNANNOTATED_TARGETS
NPC148014	3	3	0	ANNOTATED_TARGET_EVIDENCE_AVAILABLE
NPC148183	9	9	0	ANNOTATED_TARGET_EVIDENCE_AVAILABLE
NPC148216	2	2	0	ANNOTATED_TARGET_EVIDENCE_AVAILABLE
NPC148391	1	0	1	UNANNOTATED_TARGET_EVIDENCE_ONLY
NPC148414	1	1	0	ANNOTATED_TARGET_EVIDENCE_AVAILABLE
NPC148523	5	5	0	ANNOTATED_TARGET_EVIDENCE_AVAILABLE
NPC148757	1	1	0	ANNOTATED_TARGET_EVIDENCE_AVAILABLE
NPC148835	5	5	0	ANNOTATED_TARGET_EVIDENCE_AVAILABLE
NPC148893	1	1	0	ANNOTATED_TARGET_EVIDENCE_AVAILABLE
NPC148938	1	1	0	ANNOTATED_TARGET_EVIDENCE_AVAILABLE
NPC148964	1	1	0	ANNOTATED_TARGET_EVIDENCE_AVAILABLE
NPC149155	4	3	1	MIXED_ANNOTATED_AND_UNANNOTATED_TARGETS
NPC149184	4	4	0	ANNOTATED_TARGET_EVIDENCE_AVAILABLE
NPC149209	4	4	0	ANNOTATED_TARGET_EVIDENCE_AVAILABLE
NPC149300	17	17	0	ANNOTATED_TARGET_EVIDENCE_AVAILABLE
NPC149389	1	1	0	ANNOTATED_TARGET_EVIDENCE_AVAILABLE
NPC149436	2	2	0	ANNOTATED_TARGET_EVIDENCE_AVAILABLE
NPC149545	3	3	0	ANNOTATED_TARGET_EVIDENCE_AVAILABLE
NPC149571	47	44	3	MIXED_ANNOTATED_AND_UNANNOTATED_TARGETS
NPC14958	1	1	0	ANNOTATED_TARGET_EVIDENCE_AVAILABLE
NPC149618	3	3	0	ANNOTATED_TARGET_EVIDENCE_AVAILABLE
NPC150026	2	2	0	ANNOTATED_TARGET_EVIDENCE_AVAILABLE
NPC150048	1	1	0	ANNOTATED_TARGET_EVIDENCE_AVAILABLE
NPC150164	1	1	0	ANNOTATED_TARGET_EVIDENCE_AVAILABLE
NPC1502	3	3	0	ANNOTATED_TARGET_EVIDENCE_AVAILABLE
NPC150323	2	1	1	MIXED_ANNOTATED_AND_UNANNOTATED_TARGETS
NPC150408	1	1	0	ANNOTATED_TARGET_EVIDENCE_AVAILABLE
NPC150506	2	2	0	ANNOTATED_TARGET_EVIDENCE_AVAILABLE
NPC150592	2	1	1	MIXED_ANNOTATED_AND_UNANNOTATED_TARGETS
NPC150648	1	1	0	ANNOTATED_TARGET_EVIDENCE_AVAILABLE
NPC150680	1	1	0	ANNOTATED_TARGET_EVIDENCE_AVAILABLE
NPC150809	1	1	0	ANNOTATED_TARGET_EVIDENCE_AVAILABLE
NPC150837	1	1	0	ANNOTATED_TARGET_EVIDENCE_AVAILABLE
NPC150908	8	8	0	ANNOTATED_TARGET_EVIDENCE_AVAILABLE
NPC150928	3	3	0	ANNOTATED_TARGET_EVIDENCE_AVAILABLE
NPC150950	2	2	0	ANNOTATED_TARGET_EVIDENCE_AVAILABLE
NPC150978	10	10	0	ANNOTATED_TARGET_EVIDENCE_AVAILABLE
NPC151004	2	2	0	ANNOTATED_TARGET_EVIDENCE_AVAILABLE
NPC15109	1	1	0	ANNOTATED_TARGET_EVIDENCE_AVAILABLE
NPC151113	4	4	0	ANNOTATED_TARGET_EVIDENCE_AVAILABLE
NPC151214	5	5	0	ANNOTATED_TARGET_EVIDENCE_AVAILABLE
NPC15130	1	0	1	UNANNOTATED_TARGET_EVIDENCE_ONLY
NPC151781	6	6	0	ANNOTATED_TARGET_EVIDENCE_AVAILABLE
NPC152152	2	1	1	MIXED_ANNOTATED_AND_UNANNOTATED_TARGETS
NPC152301	1	1	0	ANNOTATED_TARGET_EVIDENCE_AVAILABLE
NPC152451	1	0	1	UNANNOTATED_TARGET_EVIDENCE_ONLY
NPC152684	1	1	0	ANNOTATED_TARGET_EVIDENCE_AVAILABLE
NPC1527	1	1	0	ANNOTATED_TARGET_EVIDENCE_AVAILABLE
NPC152718	2	2	0	ANNOTATED_TARGET_EVIDENCE_AVAILABLE
NPC152771	4	3	1	MIXED_ANNOTATED_AND_UNANNOTATED_TARGETS
NPC152942	3	3	0	ANNOTATED_TARGET_EVIDENCE_AVAILABLE
NPC153007	2	2	0	ANNOTATED_TARGET_EVIDENCE_AVAILABLE
NPC153095	1	1	0	ANNOTATED_TARGET_EVIDENCE_AVAILABLE
NPC153556	1	0	1	UNANNOTATED_TARGET_EVIDENCE_ONLY
NPC153580	1	1	0	ANNOTATED_TARGET_EVIDENCE_AVAILABLE
NPC153783	3	3	0	ANNOTATED_TARGET_EVIDENCE_AVAILABLE
NPC153979	1	1	0	ANNOTATED_TARGET_EVIDENCE_AVAILABLE
NPC154176	6	6	0	ANNOTATED_TARGET_EVIDENCE_AVAILABLE
NPC154245	5	4	1	MIXED_ANNOTATED_AND_UNANNOTATED_TARGETS
NPC154256	4	3	1	MIXED_ANNOTATED_AND_UNANNOTATED_TARGETS
NPC154728	1	1	0	ANNOTATED_TARGET_EVIDENCE_AVAILABLE
NPC154922	2	2	0	ANNOTATED_TARGET_EVIDENCE_AVAILABLE
NPC154962	1	1	0	ANNOTATED_TARGET_EVIDENCE_AVAILABLE
NPC155087	3	2	1	MIXED_ANNOTATED_AND_UNANNOTATED_TARGETS
NPC155144	5	5	0	ANNOTATED_TARGET_EVIDENCE_AVAILABLE
NPC15566	6	5	1	MIXED_ANNOTATED_AND_UNANNOTATED_TARGETS
NPC155763	7	6	1	MIXED_ANNOTATED_AND_UNANNOTATED_TARGETS
NPC155882	6	6	0	ANNOTATED_TARGET_EVIDENCE_AVAILABLE
NPC155900	2	2	0	ANNOTATED_TARGET_EVIDENCE_AVAILABLE
NPC155986	5	4	1	MIXED_ANNOTATED_AND_UNANNOTATED_TARGETS
NPC156018	3	3	0	ANNOTATED_TARGET_EVIDENCE_AVAILABLE
NPC156021	8	7	1	MIXED_ANNOTATED_AND_UNANNOTATED_TARGETS
NPC156092	1	1	0	ANNOTATED_TARGET_EVIDENCE_AVAILABLE
NPC156222	6	6	0	ANNOTATED_TARGET_EVIDENCE_AVAILABLE
NPC156313	3	3	0	ANNOTATED_TARGET_EVIDENCE_AVAILABLE
NPC156432	2	2	0	ANNOTATED_TARGET_EVIDENCE_AVAILABLE
NPC156457	2	2	0	ANNOTATED_TARGET_EVIDENCE_AVAILABLE
NPC156461	18	9	9	MIXED_ANNOTATED_AND_UNANNOTATED_TARGETS
NPC15658	1	1	0	ANNOTATED_TARGET_EVIDENCE_AVAILABLE
NPC156590	5	4	1	MIXED_ANNOTATED_AND_UNANNOTATED_TARGETS
NPC156654	13	13	0	ANNOTATED_TARGET_EVIDENCE_AVAILABLE
NPC156840	1	1	0	ANNOTATED_TARGET_EVIDENCE_AVAILABLE
NPC156955	1	1	0	ANNOTATED_TARGET_EVIDENCE_AVAILABLE
NPC157212	1	1	0	ANNOTATED_TARGET_EVIDENCE_AVAILABLE
NPC157284	4	2	2	MIXED_ANNOTATED_AND_UNANNOTATED_TARGETS
NPC157338	2	2	0	ANNOTATED_TARGET_EVIDENCE_AVAILABLE
NPC157340	2	2	0	ANNOTATED_TARGET_EVIDENCE_AVAILABLE
NPC157479	2	2	0	ANNOTATED_TARGET_EVIDENCE_AVAILABLE
NPC157497	1	1	0	ANNOTATED_TARGET_EVIDENCE_AVAILABLE
NPC157522	2	2	0	ANNOTATED_TARGET_EVIDENCE_AVAILABLE
NPC157727	1	1	0	ANNOTATED_TARGET_EVIDENCE_AVAILABLE
NPC157781	2	2	0	ANNOTATED_TARGET_EVIDENCE_AVAILABLE
NPC157931	15	15	0	ANNOTATED_TARGET_EVIDENCE_AVAILABLE
NPC157944	4	4	0	ANNOTATED_TARGET_EVIDENCE_AVAILABLE
NPC158020	1	1	0	ANNOTATED_TARGET_EVIDENCE_AVAILABLE
NPC158028	3	3	0	ANNOTATED_TARGET_EVIDENCE_AVAILABLE
NPC158059	1	1	0	ANNOTATED_TARGET_EVIDENCE_AVAILABLE
NPC158088	2	0	2	UNANNOTATED_TARGET_EVIDENCE_ONLY
NPC158157	1	0	1	UNANNOTATED_TARGET_EVIDENCE_ONLY
NPC158179	13	12	1	MIXED_ANNOTATED_AND_UNANNOTATED_TARGETS
NPC158222	1	1	0	ANNOTATED_TARGET_EVIDENCE_AVAILABLE
NPC158285	1	0	1	UNANNOTATED_TARGET_EVIDENCE_ONLY
NPC158329	6	4	2	MIXED_ANNOTATED_AND_UNANNOTATED_TARGETS
NPC158526	2	2	0	ANNOTATED_TARGET_EVIDENCE_AVAILABLE
NPC15864	2	1	1	MIXED_ANNOTATED_AND_UNANNOTATED_TARGETS
NPC158654	7	7	0	ANNOTATED_TARGET_EVIDENCE_AVAILABLE
NPC158707	1	1	0	ANNOTATED_TARGET_EVIDENCE_AVAILABLE
NPC158737	1	1	0	ANNOTATED_TARGET_EVIDENCE_AVAILABLE
NPC158853	3	3	0	ANNOTATED_TARGET_EVIDENCE_AVAILABLE
NPC158949	1	1	0	ANNOTATED_TARGET_EVIDENCE_AVAILABLE
NPC158994	1	1	0	ANNOTATED_TARGET_EVIDENCE_AVAILABLE
NPC159046	1	1	0	ANNOTATED_TARGET_EVIDENCE_AVAILABLE
NPC1591	7	7	0	ANNOTATED_TARGET_EVIDENCE_AVAILABLE
NPC159188	1	1	0	ANNOTATED_TARGET_EVIDENCE_AVAILABLE
NPC159508	1	1	0	ANNOTATED_TARGET_EVIDENCE_AVAILABLE
NPC159579	1	1	0	ANNOTATED_TARGET_EVIDENCE_AVAILABLE
NPC159589	1	1	0	ANNOTATED_TARGET_EVIDENCE_AVAILABLE
NPC159815	2	2	0	ANNOTATED_TARGET_EVIDENCE_AVAILABLE
NPC159866	2	2	0	ANNOTATED_TARGET_EVIDENCE_AVAILABLE
NPC160100	2	2	0	ANNOTATED_TARGET_EVIDENCE_AVAILABLE
NPC160113	2	2	0	ANNOTATED_TARGET_EVIDENCE_AVAILABLE
NPC160179	1	0	1	UNANNOTATED_TARGET_EVIDENCE_ONLY
NPC160193	4	4	0	ANNOTATED_TARGET_EVIDENCE_AVAILABLE
NPC16031	13	13	0	ANNOTATED_TARGET_EVIDENCE_AVAILABLE
NPC160380	3	3	0	ANNOTATED_TARGET_EVIDENCE_AVAILABLE
NPC160512	11	11	0	ANNOTATED_TARGET_EVIDENCE_AVAILABLE
NPC160548	1	1	0	ANNOTATED_TARGET_EVIDENCE_AVAILABLE
NPC160661	3	3	0	ANNOTATED_TARGET_EVIDENCE_AVAILABLE
NPC160854	1	1	0	ANNOTATED_TARGET_EVIDENCE_AVAILABLE
NPC160900	49	44	5	MIXED_ANNOTATED_AND_UNANNOTATED_TARGETS
NPC160931	1	1	0	ANNOTATED_TARGET_EVIDENCE_AVAILABLE
NPC160951	5	5	0	ANNOTATED_TARGET_EVIDENCE_AVAILABLE
NPC160972	7	7	0	ANNOTATED_TARGET_EVIDENCE_AVAILABLE
NPC16107	3	3	0	ANNOTATED_TARGET_EVIDENCE_AVAILABLE
NPC161187	1	1	0	ANNOTATED_TARGET_EVIDENCE_AVAILABLE
NPC1612	1	1	0	ANNOTATED_TARGET_EVIDENCE_AVAILABLE
NPC161423	16	16	0	ANNOTATED_TARGET_EVIDENCE_AVAILABLE
NPC161557	2	2	0	ANNOTATED_TARGET_EVIDENCE_AVAILABLE
NPC161571	67	65	2	MIXED_ANNOTATED_AND_UNANNOTATED_TARGETS
NPC161593	13	11	2	MIXED_ANNOTATED_AND_UNANNOTATED_TARGETS
NPC161659	2	2	0	ANNOTATED_TARGET_EVIDENCE_AVAILABLE
NPC161749	4	4	0	ANNOTATED_TARGET_EVIDENCE_AVAILABLE
NPC161768	3	3	0	ANNOTATED_TARGET_EVIDENCE_AVAILABLE
NPC161928	1	1	0	ANNOTATED_TARGET_EVIDENCE_AVAILABLE
NPC16194	1	1	0	ANNOTATED_TARGET_EVIDENCE_AVAILABLE
NPC161957	6	6	0	ANNOTATED_TARGET_EVIDENCE_AVAILABLE
NPC162045	3	3	0	ANNOTATED_TARGET_EVIDENCE_AVAILABLE
NPC162071	1	1	0	ANNOTATED_TARGET_EVIDENCE_AVAILABLE
NPC162169	1	1	0	ANNOTATED_TARGET_EVIDENCE_AVAILABLE
NPC162268	4	4	0	ANNOTATED_TARGET_EVIDENCE_AVAILABLE
NPC162484	1	1	0	ANNOTATED_TARGET_EVIDENCE_AVAILABLE
NPC162547	1	1	0	ANNOTATED_TARGET_EVIDENCE_AVAILABLE
NPC162612	2	2	0	ANNOTATED_TARGET_EVIDENCE_AVAILABLE
NPC162620	2	1	1	MIXED_ANNOTATED_AND_UNANNOTATED_TARGETS
NPC162939	3	3	0	ANNOTATED_TARGET_EVIDENCE_AVAILABLE
NPC163029	1	1	0	ANNOTATED_TARGET_EVIDENCE_AVAILABLE
NPC163076	6	6	0	ANNOTATED_TARGET_EVIDENCE_AVAILABLE
NPC163099	6	6	0	ANNOTATED_TARGET_EVIDENCE_AVAILABLE
NPC163200	1	1	0	ANNOTATED_TARGET_EVIDENCE_AVAILABLE
NPC163398	4	4	0	ANNOTATED_TARGET_EVIDENCE_AVAILABLE
NPC163524	1	1	0	ANNOTATED_TARGET_EVIDENCE_AVAILABLE
NPC163556	2	2	0	ANNOTATED_TARGET_EVIDENCE_AVAILABLE
NPC163557	1	0	1	UNANNOTATED_TARGET_EVIDENCE_ONLY
NPC163707	2	2	0	ANNOTATED_TARGET_EVIDENCE_AVAILABLE
NPC163751	1	1	0	ANNOTATED_TARGET_EVIDENCE_AVAILABLE
NPC163846	1	1	0	ANNOTATED_TARGET_EVIDENCE_AVAILABLE
NPC163984	1	1	0	ANNOTATED_TARGET_EVIDENCE_AVAILABLE
NPC164269	1	1	0	ANNOTATED_TARGET_EVIDENCE_AVAILABLE
NPC164272	1	0	1	UNANNOTATED_TARGET_EVIDENCE_ONLY
NPC164340	1	1	0	ANNOTATED_TARGET_EVIDENCE_AVAILABLE
NPC164386	1	1	0	ANNOTATED_TARGET_EVIDENCE_AVAILABLE
NPC164514	1	1	0	ANNOTATED_TARGET_EVIDENCE_AVAILABLE
NPC16452	6	5	1	MIXED_ANNOTATED_AND_UNANNOTATED_TARGETS
NPC164646	1	1	0	ANNOTATED_TARGET_EVIDENCE_AVAILABLE
NPC164664	7	6	1	MIXED_ANNOTATED_AND_UNANNOTATED_TARGETS
NPC164697	6	6	0	ANNOTATED_TARGET_EVIDENCE_AVAILABLE
NPC164778	13	12	1	MIXED_ANNOTATED_AND_UNANNOTATED_TARGETS
NPC164802	1	1	0	ANNOTATED_TARGET_EVIDENCE_AVAILABLE
NPC164804	3	3	0	ANNOTATED_TARGET_EVIDENCE_AVAILABLE
NPC164859	2	1	1	MIXED_ANNOTATED_AND_UNANNOTATED_TARGETS
NPC164894	2	2	0	ANNOTATED_TARGET_EVIDENCE_AVAILABLE
NPC165133	1	1	0	ANNOTATED_TARGET_EVIDENCE_AVAILABLE
NPC165204	1	1	0	ANNOTATED_TARGET_EVIDENCE_AVAILABLE
NPC165212	1	1	0	ANNOTATED_TARGET_EVIDENCE_AVAILABLE
NPC165386	1	1	0	ANNOTATED_TARGET_EVIDENCE_AVAILABLE
NPC165396	2	2	0	ANNOTATED_TARGET_EVIDENCE_AVAILABLE
NPC165549	9	9	0	ANNOTATED_TARGET_EVIDENCE_AVAILABLE
NPC165711	1	1	0	ANNOTATED_TARGET_EVIDENCE_AVAILABLE
NPC16577	6	6	0	ANNOTATED_TARGET_EVIDENCE_AVAILABLE
NPC165770	2	2	0	ANNOTATED_TARGET_EVIDENCE_AVAILABLE
NPC165846	1	1	0	ANNOTATED_TARGET_EVIDENCE_AVAILABLE
NPC166036	1	1	0	ANNOTATED_TARGET_EVIDENCE_AVAILABLE
NPC166287	9	8	1	MIXED_ANNOTATED_AND_UNANNOTATED_TARGETS
NPC166424	3	3	0	ANNOTATED_TARGET_EVIDENCE_AVAILABLE
NPC166458	1	1	0	ANNOTATED_TARGET_EVIDENCE_AVAILABLE
NPC166689	1	0	1	UNANNOTATED_TARGET_EVIDENCE_ONLY
NPC166788	2	2	0	ANNOTATED_TARGET_EVIDENCE_AVAILABLE
NPC166791	1	1	0	ANNOTATED_TARGET_EVIDENCE_AVAILABLE
NPC166851	1	1	0	ANNOTATED_TARGET_EVIDENCE_AVAILABLE
NPC166858	3	3	0	ANNOTATED_TARGET_EVIDENCE_AVAILABLE
NPC166884	1	1	0	ANNOTATED_TARGET_EVIDENCE_AVAILABLE
NPC166934	1	1	0	ANNOTATED_TARGET_EVIDENCE_AVAILABLE
NPC167096	3	3	0	ANNOTATED_TARGET_EVIDENCE_AVAILABLE
NPC167323	2	2	0	ANNOTATED_TARGET_EVIDENCE_AVAILABLE
NPC167383	1	1	0	ANNOTATED_TARGET_EVIDENCE_AVAILABLE
NPC167400	8	6	2	MIXED_ANNOTATED_AND_UNANNOTATED_TARGETS
NPC167479	2	2	0	ANNOTATED_TARGET_EVIDENCE_AVAILABLE
NPC167546	8	8	0	ANNOTATED_TARGET_EVIDENCE_AVAILABLE
NPC167571	1	1	0	ANNOTATED_TARGET_EVIDENCE_AVAILABLE
NPC167576	5	5	0	ANNOTATED_TARGET_EVIDENCE_AVAILABLE
NPC167944	6	6	0	ANNOTATED_TARGET_EVIDENCE_AVAILABLE
NPC167986	2	2	0	ANNOTATED_TARGET_EVIDENCE_AVAILABLE
NPC168105	2	2	0	ANNOTATED_TARGET_EVIDENCE_AVAILABLE
NPC168409	1	1	0	ANNOTATED_TARGET_EVIDENCE_AVAILABLE
NPC168579	2	1	1	MIXED_ANNOTATED_AND_UNANNOTATED_TARGETS
NPC168657	1	1	0	ANNOTATED_TARGET_EVIDENCE_AVAILABLE
NPC168799	6	5	1	MIXED_ANNOTATED_AND_UNANNOTATED_TARGETS
NPC168829	7	7	0	ANNOTATED_TARGET_EVIDENCE_AVAILABLE
NPC169050	3	3	0	ANNOTATED_TARGET_EVIDENCE_AVAILABLE
NPC169056	1	1	0	ANNOTATED_TARGET_EVIDENCE_AVAILABLE
NPC169089	2	2	0	ANNOTATED_TARGET_EVIDENCE_AVAILABLE
NPC169162	1	1	0	ANNOTATED_TARGET_EVIDENCE_AVAILABLE
NPC169207	15	15	0	ANNOTATED_TARGET_EVIDENCE_AVAILABLE
NPC169250	1	1	0	ANNOTATED_TARGET_EVIDENCE_AVAILABLE
NPC16935	1	1	0	ANNOTATED_TARGET_EVIDENCE_AVAILABLE
NPC169433	1	1	0	ANNOTATED_TARGET_EVIDENCE_AVAILABLE
NPC16947	1	1	0	ANNOTATED_TARGET_EVIDENCE_AVAILABLE
NPC169471	1	1	0	ANNOTATED_TARGET_EVIDENCE_AVAILABLE
NPC169479	2	1	1	MIXED_ANNOTATED_AND_UNANNOTATED_TARGETS
NPC169485	1	1	0	ANNOTATED_TARGET_EVIDENCE_AVAILABLE
NPC169510	3	3	0	ANNOTATED_TARGET_EVIDENCE_AVAILABLE
NPC169591	4	4	0	ANNOTATED_TARGET_EVIDENCE_AVAILABLE
NPC169749	60	52	8	MIXED_ANNOTATED_AND_UNANNOTATED_TARGETS
NPC170018	6	2	4	MIXED_ANNOTATED_AND_UNANNOTATED_TARGETS
NPC170026	1	1	0	ANNOTATED_TARGET_EVIDENCE_AVAILABLE
NPC170103	3	3	0	ANNOTATED_TARGET_EVIDENCE_AVAILABLE
NPC170172	2	2	0	ANNOTATED_TARGET_EVIDENCE_AVAILABLE
NPC170303	1	0	1	UNANNOTATED_TARGET_EVIDENCE_ONLY
NPC170333	1	0	1	UNANNOTATED_TARGET_EVIDENCE_ONLY
NPC17042	1	1	0	ANNOTATED_TARGET_EVIDENCE_AVAILABLE
NPC170475	1	1	0	ANNOTATED_TARGET_EVIDENCE_AVAILABLE
NPC170739	1	0	1	UNANNOTATED_TARGET_EVIDENCE_ONLY
NPC170749	4	4	0	ANNOTATED_TARGET_EVIDENCE_AVAILABLE
NPC170812	7	7	0	ANNOTATED_TARGET_EVIDENCE_AVAILABLE
NPC171116	1	0	1	UNANNOTATED_TARGET_EVIDENCE_ONLY
NPC171171	2	2	0	ANNOTATED_TARGET_EVIDENCE_AVAILABLE
NPC171188	2	2	0	ANNOTATED_TARGET_EVIDENCE_AVAILABLE
NPC171426	5	3	2	MIXED_ANNOTATED_AND_UNANNOTATED_TARGETS
NPC17170	1	1	0	ANNOTATED_TARGET_EVIDENCE_AVAILABLE
NPC171713	1	1	0	ANNOTATED_TARGET_EVIDENCE_AVAILABLE
NPC171736	3	3	0	ANNOTATED_TARGET_EVIDENCE_AVAILABLE
NPC171850	1	1	0	ANNOTATED_TARGET_EVIDENCE_AVAILABLE
NPC171882	1	1	0	ANNOTATED_TARGET_EVIDENCE_AVAILABLE
NPC171905	7	7	0	ANNOTATED_TARGET_EVIDENCE_AVAILABLE
NPC171916	1	1	0	ANNOTATED_TARGET_EVIDENCE_AVAILABLE
NPC172053	1	1	0	ANNOTATED_TARGET_EVIDENCE_AVAILABLE
NPC172064	1	1	0	ANNOTATED_TARGET_EVIDENCE_AVAILABLE
NPC172066	1	1	0	ANNOTATED_TARGET_EVIDENCE_AVAILABLE
NPC172250	1	1	0	ANNOTATED_TARGET_EVIDENCE_AVAILABLE
NPC172262	11	9	2	MIXED_ANNOTATED_AND_UNANNOTATED_TARGETS
NPC172361	2	2	0	ANNOTATED_TARGET_EVIDENCE_AVAILABLE
NPC17244	2	0	2	UNANNOTATED_TARGET_EVIDENCE_ONLY
NPC172676	1	1	0	ANNOTATED_TARGET_EVIDENCE_AVAILABLE
NPC17273	1	1	0	ANNOTATED_TARGET_EVIDENCE_AVAILABLE
NPC172770	2	0	2	UNANNOTATED_TARGET_EVIDENCE_ONLY
NPC172925	1	1	0	ANNOTATED_TARGET_EVIDENCE_AVAILABLE
NPC173019	1	1	0	ANNOTATED_TARGET_EVIDENCE_AVAILABLE
NPC173149	1	1	0	ANNOTATED_TARGET_EVIDENCE_AVAILABLE
NPC173295	3	3	0	ANNOTATED_TARGET_EVIDENCE_AVAILABLE
NPC173343	1	0	1	UNANNOTATED_TARGET_EVIDENCE_ONLY
NPC173350	1	1	0	ANNOTATED_TARGET_EVIDENCE_AVAILABLE
NPC173555	13	12	1	MIXED_ANNOTATED_AND_UNANNOTATED_TARGETS
NPC173637	6	6	0	ANNOTATED_TARGET_EVIDENCE_AVAILABLE
NPC173991	6	6	0	ANNOTATED_TARGET_EVIDENCE_AVAILABLE
NPC173996	1	1	0	ANNOTATED_TARGET_EVIDENCE_AVAILABLE
NPC174086	1	1	0	ANNOTATED_TARGET_EVIDENCE_AVAILABLE
NPC174099	1	1	0	ANNOTATED_TARGET_EVIDENCE_AVAILABLE
NPC174246	2	0	2	UNANNOTATED_TARGET_EVIDENCE_ONLY
NPC174304	2	2	0	ANNOTATED_TARGET_EVIDENCE_AVAILABLE
NPC174367	1	1	0	ANNOTATED_TARGET_EVIDENCE_AVAILABLE
NPC174421	1	1	0	ANNOTATED_TARGET_EVIDENCE_AVAILABLE
NPC174447	1	1	0	ANNOTATED_TARGET_EVIDENCE_AVAILABLE
NPC174486	1	1	0	ANNOTATED_TARGET_EVIDENCE_AVAILABLE
NPC174783	3	3	0	ANNOTATED_TARGET_EVIDENCE_AVAILABLE
NPC174802	17	11	6	MIXED_ANNOTATED_AND_UNANNOTATED_TARGETS
NPC175013	14	12	2	MIXED_ANNOTATED_AND_UNANNOTATED_TARGETS
NPC175159	5	5	0	ANNOTATED_TARGET_EVIDENCE_AVAILABLE
NPC17525	1	1	0	ANNOTATED_TARGET_EVIDENCE_AVAILABLE
NPC175342	1	1	0	ANNOTATED_TARGET_EVIDENCE_AVAILABLE
NPC175852	1	1	0	ANNOTATED_TARGET_EVIDENCE_AVAILABLE
NPC175899	1	1	0	ANNOTATED_TARGET_EVIDENCE_AVAILABLE
NPC176309	2	1	1	MIXED_ANNOTATED_AND_UNANNOTATED_TARGETS
NPC176500	1	1	0	ANNOTATED_TARGET_EVIDENCE_AVAILABLE
NPC176740	13	12	1	MIXED_ANNOTATED_AND_UNANNOTATED_TARGETS
NPC176775	2	2	0	ANNOTATED_TARGET_EVIDENCE_AVAILABLE
NPC176814	6	6	0	ANNOTATED_TARGET_EVIDENCE_AVAILABLE
NPC176930	2	1	1	MIXED_ANNOTATED_AND_UNANNOTATED_TARGETS
NPC177013	1	1	0	ANNOTATED_TARGET_EVIDENCE_AVAILABLE
NPC177281	9	9	0	ANNOTATED_TARGET_EVIDENCE_AVAILABLE
NPC177940	1	1	0	ANNOTATED_TARGET_EVIDENCE_AVAILABLE
NPC177996	2	1	1	MIXED_ANNOTATED_AND_UNANNOTATED_TARGETS
NPC178014	1	1	0	ANNOTATED_TARGET_EVIDENCE_AVAILABLE
NPC17810	5	5	0	ANNOTATED_TARGET_EVIDENCE_AVAILABLE
NPC178134	77	69	8	MIXED_ANNOTATED_AND_UNANNOTATED_TARGETS
NPC178202	1	1	0	ANNOTATED_TARGET_EVIDENCE_AVAILABLE
NPC178263	2	2	0	ANNOTATED_TARGET_EVIDENCE_AVAILABLE
NPC178290	1	1	0	ANNOTATED_TARGET_EVIDENCE_AVAILABLE
NPC178306	2	2	0	ANNOTATED_TARGET_EVIDENCE_AVAILABLE
NPC178382	1	1	0	ANNOTATED_TARGET_EVIDENCE_AVAILABLE
NPC178383	4	3	1	MIXED_ANNOTATED_AND_UNANNOTATED_TARGETS
NPC17848	2	2	0	ANNOTATED_TARGET_EVIDENCE_AVAILABLE
NPC178902	1	1	0	ANNOTATED_TARGET_EVIDENCE_AVAILABLE
NPC17892	1	1	0	ANNOTATED_TARGET_EVIDENCE_AVAILABLE
NPC179015	1	1	0	ANNOTATED_TARGET_EVIDENCE_AVAILABLE
NPC179092	6	5	1	MIXED_ANNOTATED_AND_UNANNOTATED_TARGETS
NPC179198	1	1	0	ANNOTATED_TARGET_EVIDENCE_AVAILABLE
NPC179271	3	3	0	ANNOTATED_TARGET_EVIDENCE_AVAILABLE
NPC179464	7	7	0	ANNOTATED_TARGET_EVIDENCE_AVAILABLE
NPC179704	1	1	0	ANNOTATED_TARGET_EVIDENCE_AVAILABLE
NPC179787	14	14	0	ANNOTATED_TARGET_EVIDENCE_AVAILABLE
NPC179860	1	1	0	ANNOTATED_TARGET_EVIDENCE_AVAILABLE
NPC179950	13	12	1	MIXED_ANNOTATED_AND_UNANNOTATED_TARGETS
NPC180006	14	13	1	MIXED_ANNOTATED_AND_UNANNOTATED_TARGETS
NPC180204	1	1	0	ANNOTATED_TARGET_EVIDENCE_AVAILABLE
NPC180261	1	1	0	ANNOTATED_TARGET_EVIDENCE_AVAILABLE
NPC180493	1	0	1	UNANNOTATED_TARGET_EVIDENCE_ONLY
NPC180504	3	3	0	ANNOTATED_TARGET_EVIDENCE_AVAILABLE
NPC180508	15	15	0	ANNOTATED_TARGET_EVIDENCE_AVAILABLE
NPC180534	3	2	1	MIXED_ANNOTATED_AND_UNANNOTATED_TARGETS
NPC180662	1	1	0	ANNOTATED_TARGET_EVIDENCE_AVAILABLE
NPC180756	1	1	0	ANNOTATED_TARGET_EVIDENCE_AVAILABLE
NPC180862	3	3	0	ANNOTATED_TARGET_EVIDENCE_AVAILABLE
NPC180871	1	1	0	ANNOTATED_TARGET_EVIDENCE_AVAILABLE
NPC180872	3	3	0	ANNOTATED_TARGET_EVIDENCE_AVAILABLE
NPC180905	2	2	0	ANNOTATED_TARGET_EVIDENCE_AVAILABLE
NPC181153	1	0	1	UNANNOTATED_TARGET_EVIDENCE_ONLY
NPC181209	2	2	0	ANNOTATED_TARGET_EVIDENCE_AVAILABLE
NPC181225	3	1	2	MIXED_ANNOTATED_AND_UNANNOTATED_TARGETS
NPC181390	2	2	0	ANNOTATED_TARGET_EVIDENCE_AVAILABLE
NPC181464	1	1	0	ANNOTATED_TARGET_EVIDENCE_AVAILABLE
NPC181465	1	1	0	ANNOTATED_TARGET_EVIDENCE_AVAILABLE
NPC181510	1	1	0	ANNOTATED_TARGET_EVIDENCE_AVAILABLE
NPC181516	1	1	0	ANNOTATED_TARGET_EVIDENCE_AVAILABLE
NPC181588	1	1	0	ANNOTATED_TARGET_EVIDENCE_AVAILABLE
NPC181594	7	7	0	ANNOTATED_TARGET_EVIDENCE_AVAILABLE
NPC181653	2	2	0	ANNOTATED_TARGET_EVIDENCE_AVAILABLE
NPC181718	2	2	0	ANNOTATED_TARGET_EVIDENCE_AVAILABLE
NPC181786	3	1	2	MIXED_ANNOTATED_AND_UNANNOTATED_TARGETS
NPC181796	1	1	0	ANNOTATED_TARGET_EVIDENCE_AVAILABLE
NPC18188	14	9	5	MIXED_ANNOTATED_AND_UNANNOTATED_TARGETS
NPC18205	1	1	0	ANNOTATED_TARGET_EVIDENCE_AVAILABLE
NPC18223	2	1	1	MIXED_ANNOTATED_AND_UNANNOTATED_TARGETS
NPC18224	1	1	0	ANNOTATED_TARGET_EVIDENCE_AVAILABLE
NPC182257	1	1	0	ANNOTATED_TARGET_EVIDENCE_AVAILABLE
NPC182570	11	10	1	MIXED_ANNOTATED_AND_UNANNOTATED_TARGETS
NPC18259	2	2	0	ANNOTATED_TARGET_EVIDENCE_AVAILABLE
NPC18260	1	1	0	ANNOTATED_TARGET_EVIDENCE_AVAILABLE
NPC182606	2	2	0	ANNOTATED_TARGET_EVIDENCE_AVAILABLE
NPC182646	6	5	1	MIXED_ANNOTATED_AND_UNANNOTATED_TARGETS
NPC18297	1	1	0	ANNOTATED_TARGET_EVIDENCE_AVAILABLE
NPC183307	1	1	0	ANNOTATED_TARGET_EVIDENCE_AVAILABLE
NPC18335	3	3	0	ANNOTATED_TARGET_EVIDENCE_AVAILABLE
NPC183655	7	7	0	ANNOTATED_TARGET_EVIDENCE_AVAILABLE
NPC18380	1	1	0	ANNOTATED_TARGET_EVIDENCE_AVAILABLE
NPC183845	3	1	2	MIXED_ANNOTATED_AND_UNANNOTATED_TARGETS
NPC183950	8	8	0	ANNOTATED_TARGET_EVIDENCE_AVAILABLE
NPC184006	2	1	1	MIXED_ANNOTATED_AND_UNANNOTATED_TARGETS
NPC184014	4	4	0	ANNOTATED_TARGET_EVIDENCE_AVAILABLE
NPC18402	1	1	0	ANNOTATED_TARGET_EVIDENCE_AVAILABLE
NPC184026	6	6	0	ANNOTATED_TARGET_EVIDENCE_AVAILABLE
NPC184150	1	1	0	ANNOTATED_TARGET_EVIDENCE_AVAILABLE
NPC184203	5	5	0	ANNOTATED_TARGET_EVIDENCE_AVAILABLE
NPC184326	1	1	0	ANNOTATED_TARGET_EVIDENCE_AVAILABLE
NPC18433	1	1	0	ANNOTATED_TARGET_EVIDENCE_AVAILABLE
NPC18457	2	2	0	ANNOTATED_TARGET_EVIDENCE_AVAILABLE
NPC184579	4	0	4	UNANNOTATED_TARGET_EVIDENCE_ONLY
NPC184593	1	1	0	ANNOTATED_TARGET_EVIDENCE_AVAILABLE
NPC184641	1	1	0	ANNOTATED_TARGET_EVIDENCE_AVAILABLE
NPC184658	2	2	0	ANNOTATED_TARGET_EVIDENCE_AVAILABLE
NPC184964	5	5	0	ANNOTATED_TARGET_EVIDENCE_AVAILABLE
NPC18509	10	10	0	ANNOTATED_TARGET_EVIDENCE_AVAILABLE
NPC185258	2	0	2	UNANNOTATED_TARGET_EVIDENCE_ONLY
NPC185392	1	1	0	ANNOTATED_TARGET_EVIDENCE_AVAILABLE
NPC185498	8	6	2	MIXED_ANNOTATED_AND_UNANNOTATED_TARGETS
NPC185607	3	3	0	ANNOTATED_TARGET_EVIDENCE_AVAILABLE
NPC185634	2	2	0	ANNOTATED_TARGET_EVIDENCE_AVAILABLE
NPC185639	1	1	0	ANNOTATED_TARGET_EVIDENCE_AVAILABLE
NPC185680	2	2	0	ANNOTATED_TARGET_EVIDENCE_AVAILABLE
NPC185738	1	1	0	ANNOTATED_TARGET_EVIDENCE_AVAILABLE
NPC185838	4	4	0	ANNOTATED_TARGET_EVIDENCE_AVAILABLE
NPC185903	3	3	0	ANNOTATED_TARGET_EVIDENCE_AVAILABLE
NPC185908	1	1	0	ANNOTATED_TARGET_EVIDENCE_AVAILABLE
NPC185936	4	4	0	ANNOTATED_TARGET_EVIDENCE_AVAILABLE
NPC185991	10	7	3	MIXED_ANNOTATED_AND_UNANNOTATED_TARGETS
NPC186098	4	4	0	ANNOTATED_TARGET_EVIDENCE_AVAILABLE
NPC186385	1	1	0	ANNOTATED_TARGET_EVIDENCE_AVAILABLE
NPC186686	1	1	0	ANNOTATED_TARGET_EVIDENCE_AVAILABLE
NPC187022	8	7	1	MIXED_ANNOTATED_AND_UNANNOTATED_TARGETS
NPC187095	2	2	0	ANNOTATED_TARGET_EVIDENCE_AVAILABLE
NPC187145	16	16	0	ANNOTATED_TARGET_EVIDENCE_AVAILABLE
NPC187282	1	1	0	ANNOTATED_TARGET_EVIDENCE_AVAILABLE
NPC187398	1	1	0	ANNOTATED_TARGET_EVIDENCE_AVAILABLE
NPC187432	19	19	0	ANNOTATED_TARGET_EVIDENCE_AVAILABLE
NPC187770	2	2	0	ANNOTATED_TARGET_EVIDENCE_AVAILABLE
NPC187913	7	6	1	MIXED_ANNOTATED_AND_UNANNOTATED_TARGETS
NPC187993	1	1	0	ANNOTATED_TARGET_EVIDENCE_AVAILABLE
NPC188010	2	2	0	ANNOTATED_TARGET_EVIDENCE_AVAILABLE
NPC188104	1	1	0	ANNOTATED_TARGET_EVIDENCE_AVAILABLE
NPC188163	2	2	0	ANNOTATED_TARGET_EVIDENCE_AVAILABLE
NPC188231	1	1	0	ANNOTATED_TARGET_EVIDENCE_AVAILABLE
NPC188327	1	0	1	UNANNOTATED_TARGET_EVIDENCE_ONLY
NPC188341	6	5	1	MIXED_ANNOTATED_AND_UNANNOTATED_TARGETS
NPC188380	6	6	0	ANNOTATED_TARGET_EVIDENCE_AVAILABLE
NPC188433	3	3	0	ANNOTATED_TARGET_EVIDENCE_AVAILABLE
NPC188646	6	6	0	ANNOTATED_TARGET_EVIDENCE_AVAILABLE
NPC188814	1	1	0	ANNOTATED_TARGET_EVIDENCE_AVAILABLE
NPC188844	1	1	0	ANNOTATED_TARGET_EVIDENCE_AVAILABLE
NPC188867	1	0	1	UNANNOTATED_TARGET_EVIDENCE_ONLY
NPC188871	2	1	1	MIXED_ANNOTATED_AND_UNANNOTATED_TARGETS
NPC188895	1	1	0	ANNOTATED_TARGET_EVIDENCE_AVAILABLE
NPC188947	1	1	0	ANNOTATED_TARGET_EVIDENCE_AVAILABLE
NPC189087	3	3	0	ANNOTATED_TARGET_EVIDENCE_AVAILABLE
NPC189142	2	2	0	ANNOTATED_TARGET_EVIDENCE_AVAILABLE
NPC189248	1	1	0	ANNOTATED_TARGET_EVIDENCE_AVAILABLE
NPC189266	6	6	0	ANNOTATED_TARGET_EVIDENCE_AVAILABLE
NPC189314	8	8	0	ANNOTATED_TARGET_EVIDENCE_AVAILABLE
NPC189470	1	0	1	UNANNOTATED_TARGET_EVIDENCE_ONLY
NPC189588	6	6	0	ANNOTATED_TARGET_EVIDENCE_AVAILABLE
NPC189689	1	1	0	ANNOTATED_TARGET_EVIDENCE_AVAILABLE
NPC18982	1	0	1	UNANNOTATED_TARGET_EVIDENCE_ONLY
NPC189823	1	1	0	ANNOTATED_TARGET_EVIDENCE_AVAILABLE
NPC189844	4	3	1	MIXED_ANNOTATED_AND_UNANNOTATED_TARGETS
NPC190043	1	1	0	ANNOTATED_TARGET_EVIDENCE_AVAILABLE
NPC190117	1	1	0	ANNOTATED_TARGET_EVIDENCE_AVAILABLE
NPC190184	4	4	0	ANNOTATED_TARGET_EVIDENCE_AVAILABLE
NPC190204	1	1	0	ANNOTATED_TARGET_EVIDENCE_AVAILABLE
NPC190217	1	1	0	ANNOTATED_TARGET_EVIDENCE_AVAILABLE
NPC190296	6	6	0	ANNOTATED_TARGET_EVIDENCE_AVAILABLE
NPC19044	1	1	0	ANNOTATED_TARGET_EVIDENCE_AVAILABLE
NPC190442	1	1	0	ANNOTATED_TARGET_EVIDENCE_AVAILABLE
NPC190454	2	1	1	MIXED_ANNOTATED_AND_UNANNOTATED_TARGETS
NPC190461	20	19	1	MIXED_ANNOTATED_AND_UNANNOTATED_TARGETS
NPC190501	18	17	1	MIXED_ANNOTATED_AND_UNANNOTATED_TARGETS
NPC190572	5	5	0	ANNOTATED_TARGET_EVIDENCE_AVAILABLE
NPC190753	1	1	0	ANNOTATED_TARGET_EVIDENCE_AVAILABLE
NPC190817	1	1	0	ANNOTATED_TARGET_EVIDENCE_AVAILABLE
NPC190931	2	2	0	ANNOTATED_TARGET_EVIDENCE_AVAILABLE
NPC190945	42	35	7	MIXED_ANNOTATED_AND_UNANNOTATED_TARGETS
NPC191104	11	10	1	MIXED_ANNOTATED_AND_UNANNOTATED_TARGETS
NPC191136	1	1	0	ANNOTATED_TARGET_EVIDENCE_AVAILABLE
NPC191146	1	1	0	ANNOTATED_TARGET_EVIDENCE_AVAILABLE
NPC191194	2	2	0	ANNOTATED_TARGET_EVIDENCE_AVAILABLE
NPC191310	10	10	0	ANNOTATED_TARGET_EVIDENCE_AVAILABLE
NPC191337	2	2	0	ANNOTATED_TARGET_EVIDENCE_AVAILABLE
NPC191444	4	4	0	ANNOTATED_TARGET_EVIDENCE_AVAILABLE
NPC19149	1	1	0	ANNOTATED_TARGET_EVIDENCE_AVAILABLE
NPC191693	1	1	0	ANNOTATED_TARGET_EVIDENCE_AVAILABLE
NPC19174	25	23	2	MIXED_ANNOTATED_AND_UNANNOTATED_TARGETS
NPC191768	1	1	0	ANNOTATED_TARGET_EVIDENCE_AVAILABLE
NPC191774	11	6	5	MIXED_ANNOTATED_AND_UNANNOTATED_TARGETS
NPC192040	1	1	0	ANNOTATED_TARGET_EVIDENCE_AVAILABLE
NPC192065	1	1	0	ANNOTATED_TARGET_EVIDENCE_AVAILABLE
NPC19240	4	4	0	ANNOTATED_TARGET_EVIDENCE_AVAILABLE
NPC19241	2	2	0	ANNOTATED_TARGET_EVIDENCE_AVAILABLE
NPC192521	5	4	1	MIXED_ANNOTATED_AND_UNANNOTATED_TARGETS
NPC192533	9	9	0	ANNOTATED_TARGET_EVIDENCE_AVAILABLE
NPC19256	1	1	0	ANNOTATED_TARGET_EVIDENCE_AVAILABLE
NPC192577	1	1	0	ANNOTATED_TARGET_EVIDENCE_AVAILABLE
NPC192638	4	4	0	ANNOTATED_TARGET_EVIDENCE_AVAILABLE
NPC192686	1	0	1	UNANNOTATED_TARGET_EVIDENCE_ONLY
NPC192744	4	4	0	ANNOTATED_TARGET_EVIDENCE_AVAILABLE
NPC192831	1	1	0	ANNOTATED_TARGET_EVIDENCE_AVAILABLE
NPC193238	1	1	0	ANNOTATED_TARGET_EVIDENCE_AVAILABLE
NPC193471	1	1	0	ANNOTATED_TARGET_EVIDENCE_AVAILABLE
NPC193484	5	5	0	ANNOTATED_TARGET_EVIDENCE_AVAILABLE
NPC193536	17	17	0	ANNOTATED_TARGET_EVIDENCE_AVAILABLE
NPC193578	2	2	0	ANNOTATED_TARGET_EVIDENCE_AVAILABLE
NPC193666	2	2	0	ANNOTATED_TARGET_EVIDENCE_AVAILABLE
NPC193805	4	2	2	MIXED_ANNOTATED_AND_UNANNOTATED_TARGETS
NPC193881	1	1	0	ANNOTATED_TARGET_EVIDENCE_AVAILABLE
NPC193949	4	3	1	MIXED_ANNOTATED_AND_UNANNOTATED_TARGETS
NPC193976	2	2	0	ANNOTATED_TARGET_EVIDENCE_AVAILABLE
NPC194040	1	1	0	ANNOTATED_TARGET_EVIDENCE_AVAILABLE
NPC194277	1	1	0	ANNOTATED_TARGET_EVIDENCE_AVAILABLE
NPC194432	1	1	0	ANNOTATED_TARGET_EVIDENCE_AVAILABLE
NPC194465	1	1	0	ANNOTATED_TARGET_EVIDENCE_AVAILABLE
NPC194562	13	12	1	MIXED_ANNOTATED_AND_UNANNOTATED_TARGETS
NPC194593	2	2	0	ANNOTATED_TARGET_EVIDENCE_AVAILABLE
NPC194764	3	3	0	ANNOTATED_TARGET_EVIDENCE_AVAILABLE
NPC194856	4	3	1	MIXED_ANNOTATED_AND_UNANNOTATED_TARGETS
NPC194857	2	2	0	ANNOTATED_TARGET_EVIDENCE_AVAILABLE
NPC195140	1	1	0	ANNOTATED_TARGET_EVIDENCE_AVAILABLE
NPC195268	29	25	4	MIXED_ANNOTATED_AND_UNANNOTATED_TARGETS
NPC195343	5	5	0	ANNOTATED_TARGET_EVIDENCE_AVAILABLE
NPC195448	1	0	1	UNANNOTATED_TARGET_EVIDENCE_ONLY
NPC19545	3	3	0	ANNOTATED_TARGET_EVIDENCE_AVAILABLE
NPC195461	6	6	0	ANNOTATED_TARGET_EVIDENCE_AVAILABLE
NPC19576	1	1	0	ANNOTATED_TARGET_EVIDENCE_AVAILABLE
NPC195763	8	8	0	ANNOTATED_TARGET_EVIDENCE_AVAILABLE
NPC195785	1	1	0	ANNOTATED_TARGET_EVIDENCE_AVAILABLE
NPC195788	8	7	1	MIXED_ANNOTATED_AND_UNANNOTATED_TARGETS
NPC195796	2	1	1	MIXED_ANNOTATED_AND_UNANNOTATED_TARGETS
NPC196034	1	1	0	ANNOTATED_TARGET_EVIDENCE_AVAILABLE
NPC196179	1	1	0	ANNOTATED_TARGET_EVIDENCE_AVAILABLE
NPC19622	2	2	0	ANNOTATED_TARGET_EVIDENCE_AVAILABLE
NPC196231	1	1	0	ANNOTATED_TARGET_EVIDENCE_AVAILABLE
NPC196277	1	1	0	ANNOTATED_TARGET_EVIDENCE_AVAILABLE
NPC196359	1	0	1	UNANNOTATED_TARGET_EVIDENCE_ONLY
NPC196420	1	0	1	UNANNOTATED_TARGET_EVIDENCE_ONLY
NPC196447	6	6	0	ANNOTATED_TARGET_EVIDENCE_AVAILABLE
NPC196449	21	21	0	ANNOTATED_TARGET_EVIDENCE_AVAILABLE
NPC196753	1	1	0	ANNOTATED_TARGET_EVIDENCE_AVAILABLE
NPC196937	1	1	0	ANNOTATED_TARGET_EVIDENCE_AVAILABLE
NPC196976	1	1	0	ANNOTATED_TARGET_EVIDENCE_AVAILABLE
NPC197087	4	4	0	ANNOTATED_TARGET_EVIDENCE_AVAILABLE
NPC19721	1	1	0	ANNOTATED_TARGET_EVIDENCE_AVAILABLE
NPC197239	10	10	0	ANNOTATED_TARGET_EVIDENCE_AVAILABLE
NPC197316	2	2	0	ANNOTATED_TARGET_EVIDENCE_AVAILABLE
NPC197381	7	7	0	ANNOTATED_TARGET_EVIDENCE_AVAILABLE
NPC197425	9	9	0	ANNOTATED_TARGET_EVIDENCE_AVAILABLE
NPC197596	1	1	0	ANNOTATED_TARGET_EVIDENCE_AVAILABLE
NPC197896	5	5	0	ANNOTATED_TARGET_EVIDENCE_AVAILABLE
NPC198154	1	1	0	ANNOTATED_TARGET_EVIDENCE_AVAILABLE
NPC19841	1	1	0	ANNOTATED_TARGET_EVIDENCE_AVAILABLE
NPC19890	6	5	1	MIXED_ANNOTATED_AND_UNANNOTATED_TARGETS
NPC198988	1	1	0	ANNOTATED_TARGET_EVIDENCE_AVAILABLE
NPC199023	1	1	0	ANNOTATED_TARGET_EVIDENCE_AVAILABLE
NPC199072	1	0	1	UNANNOTATED_TARGET_EVIDENCE_ONLY
NPC199100	1	1	0	ANNOTATED_TARGET_EVIDENCE_AVAILABLE
NPC199106	1	1	0	ANNOTATED_TARGET_EVIDENCE_AVAILABLE
NPC199357	1	1	0	ANNOTATED_TARGET_EVIDENCE_AVAILABLE
NPC199463	1	1	0	ANNOTATED_TARGET_EVIDENCE_AVAILABLE
NPC199851	2	2	0	ANNOTATED_TARGET_EVIDENCE_AVAILABLE
NPC200060	4	4	0	ANNOTATED_TARGET_EVIDENCE_AVAILABLE
NPC200085	2	2	0	ANNOTATED_TARGET_EVIDENCE_AVAILABLE
NPC200237	1	1	0	ANNOTATED_TARGET_EVIDENCE_AVAILABLE
NPC200333	1	1	0	ANNOTATED_TARGET_EVIDENCE_AVAILABLE
NPC200412	1	1	0	ANNOTATED_TARGET_EVIDENCE_AVAILABLE
NPC200694	1	1	0	ANNOTATED_TARGET_EVIDENCE_AVAILABLE
NPC200740	2	2	0	ANNOTATED_TARGET_EVIDENCE_AVAILABLE
NPC200745	1	1	0	ANNOTATED_TARGET_EVIDENCE_AVAILABLE
NPC200761	1	1	0	ANNOTATED_TARGET_EVIDENCE_AVAILABLE
NPC200772	1	0	1	UNANNOTATED_TARGET_EVIDENCE_ONLY
NPC200845	6	6	0	ANNOTATED_TARGET_EVIDENCE_AVAILABLE
NPC201055	5	5	0	ANNOTATED_TARGET_EVIDENCE_AVAILABLE
NPC201404	1	1	0	ANNOTATED_TARGET_EVIDENCE_AVAILABLE
NPC201419	1	1	0	ANNOTATED_TARGET_EVIDENCE_AVAILABLE
NPC201547	2	2	0	ANNOTATED_TARGET_EVIDENCE_AVAILABLE
NPC201562	1	1	0	ANNOTATED_TARGET_EVIDENCE_AVAILABLE
NPC201658	1	1	0	ANNOTATED_TARGET_EVIDENCE_AVAILABLE
NPC201662	4	4	0	ANNOTATED_TARGET_EVIDENCE_AVAILABLE
NPC201667	1	1	0	ANNOTATED_TARGET_EVIDENCE_AVAILABLE
NPC201728	2	1	1	MIXED_ANNOTATED_AND_UNANNOTATED_TARGETS
NPC201731	14	14	0	ANNOTATED_TARGET_EVIDENCE_AVAILABLE
NPC201777	6	6	0	ANNOTATED_TARGET_EVIDENCE_AVAILABLE
NPC201814	1	1	0	ANNOTATED_TARGET_EVIDENCE_AVAILABLE
NPC201844	7	7	0	ANNOTATED_TARGET_EVIDENCE_AVAILABLE
NPC202146	5	5	0	ANNOTATED_TARGET_EVIDENCE_AVAILABLE
NPC20235	1	1	0	ANNOTATED_TARGET_EVIDENCE_AVAILABLE
NPC202389	1	1	0	ANNOTATED_TARGET_EVIDENCE_AVAILABLE
NPC202433	1	1	0	ANNOTATED_TARGET_EVIDENCE_AVAILABLE
NPC202474	2	2	0	ANNOTATED_TARGET_EVIDENCE_AVAILABLE
NPC202605	1	1	0	ANNOTATED_TARGET_EVIDENCE_AVAILABLE
NPC202651	1	1	0	ANNOTATED_TARGET_EVIDENCE_AVAILABLE
NPC202666	4	4	0	ANNOTATED_TARGET_EVIDENCE_AVAILABLE
NPC202768	8	8	0	ANNOTATED_TARGET_EVIDENCE_AVAILABLE
NPC202771	8	8	0	ANNOTATED_TARGET_EVIDENCE_AVAILABLE
NPC202839	1	0	1	UNANNOTATED_TARGET_EVIDENCE_ONLY
NPC20287	8	8	0	ANNOTATED_TARGET_EVIDENCE_AVAILABLE
NPC203005	1	1	0	ANNOTATED_TARGET_EVIDENCE_AVAILABLE
NPC203063	2	2	0	ANNOTATED_TARGET_EVIDENCE_AVAILABLE
NPC203076	5	5	0	ANNOTATED_TARGET_EVIDENCE_AVAILABLE
NPC203077	1	1	0	ANNOTATED_TARGET_EVIDENCE_AVAILABLE
NPC203259	1	1	0	ANNOTATED_TARGET_EVIDENCE_AVAILABLE
NPC203468	13	12	1	MIXED_ANNOTATED_AND_UNANNOTATED_TARGETS
NPC203719	6	3	3	MIXED_ANNOTATED_AND_UNANNOTATED_TARGETS
NPC203891	3	3	0	ANNOTATED_TARGET_EVIDENCE_AVAILABLE
NPC20404	2	2	0	ANNOTATED_TARGET_EVIDENCE_AVAILABLE
NPC204210	2	2	0	ANNOTATED_TARGET_EVIDENCE_AVAILABLE
NPC204251	1	1	0	ANNOTATED_TARGET_EVIDENCE_AVAILABLE
NPC204450	1	1	0	ANNOTATED_TARGET_EVIDENCE_AVAILABLE
NPC204617	1	1	0	ANNOTATED_TARGET_EVIDENCE_AVAILABLE
NPC204709	2	2	0	ANNOTATED_TARGET_EVIDENCE_AVAILABLE
NPC204717	3	3	0	ANNOTATED_TARGET_EVIDENCE_AVAILABLE
NPC204828	1	1	0	ANNOTATED_TARGET_EVIDENCE_AVAILABLE
NPC204867	2	2	0	ANNOTATED_TARGET_EVIDENCE_AVAILABLE
NPC204932	38	38	0	ANNOTATED_TARGET_EVIDENCE_AVAILABLE
NPC204985	3	3	0	ANNOTATED_TARGET_EVIDENCE_AVAILABLE
NPC205034	1	1	0	ANNOTATED_TARGET_EVIDENCE_AVAILABLE
NPC205046	1	1	0	ANNOTATED_TARGET_EVIDENCE_AVAILABLE
NPC205167	1	1	0	ANNOTATED_TARGET_EVIDENCE_AVAILABLE
NPC205195	1	1	0	ANNOTATED_TARGET_EVIDENCE_AVAILABLE
NPC205213	7	6	1	MIXED_ANNOTATED_AND_UNANNOTATED_TARGETS
NPC205265	1	1	0	ANNOTATED_TARGET_EVIDENCE_AVAILABLE
NPC20535	1	1	0	ANNOTATED_TARGET_EVIDENCE_AVAILABLE
NPC205412	1	0	1	UNANNOTATED_TARGET_EVIDENCE_ONLY
NPC205421	5	5	0	ANNOTATED_TARGET_EVIDENCE_AVAILABLE
NPC205766	1	0	1	UNANNOTATED_TARGET_EVIDENCE_ONLY
NPC205797	1	1	0	ANNOTATED_TARGET_EVIDENCE_AVAILABLE
NPC2058	1	1	0	ANNOTATED_TARGET_EVIDENCE_AVAILABLE
NPC205864	1	1	0	ANNOTATED_TARGET_EVIDENCE_AVAILABLE
NPC205934	2	2	0	ANNOTATED_TARGET_EVIDENCE_AVAILABLE
NPC206061	3	3	0	ANNOTATED_TARGET_EVIDENCE_AVAILABLE
NPC206095	2	2	0	ANNOTATED_TARGET_EVIDENCE_AVAILABLE
NPC20610	1	1	0	ANNOTATED_TARGET_EVIDENCE_AVAILABLE
NPC206148	5	2	3	MIXED_ANNOTATED_AND_UNANNOTATED_TARGETS
NPC206264	6	6	0	ANNOTATED_TARGET_EVIDENCE_AVAILABLE
NPC206341	10	10	0	ANNOTATED_TARGET_EVIDENCE_AVAILABLE
NPC206372	9	9	0	ANNOTATED_TARGET_EVIDENCE_AVAILABLE
NPC206515	1	1	0	ANNOTATED_TARGET_EVIDENCE_AVAILABLE
NPC206614	1	1	0	ANNOTATED_TARGET_EVIDENCE_AVAILABLE
NPC206737	2	2	0	ANNOTATED_TARGET_EVIDENCE_AVAILABLE
NPC206800	1	1	0	ANNOTATED_TARGET_EVIDENCE_AVAILABLE
NPC206876	8	8	0	ANNOTATED_TARGET_EVIDENCE_AVAILABLE
NPC206924	1	1	0	ANNOTATED_TARGET_EVIDENCE_AVAILABLE
NPC206949	2	2	0	ANNOTATED_TARGET_EVIDENCE_AVAILABLE
NPC207002	2	2	0	ANNOTATED_TARGET_EVIDENCE_AVAILABLE
NPC207204	1	1	0	ANNOTATED_TARGET_EVIDENCE_AVAILABLE
NPC207428	11	10	1	MIXED_ANNOTATED_AND_UNANNOTATED_TARGETS
NPC207541	1	1	0	ANNOTATED_TARGET_EVIDENCE_AVAILABLE
NPC207554	10	10	0	ANNOTATED_TARGET_EVIDENCE_AVAILABLE
NPC207702	1	1	0	ANNOTATED_TARGET_EVIDENCE_AVAILABLE
NPC207729	1	1	0	ANNOTATED_TARGET_EVIDENCE_AVAILABLE
NPC207757	2	2	0	ANNOTATED_TARGET_EVIDENCE_AVAILABLE
NPC207845	1	1	0	ANNOTATED_TARGET_EVIDENCE_AVAILABLE
NPC20791	125	108	17	MIXED_ANNOTATED_AND_UNANNOTATED_TARGETS
NPC208022	12	9	3	MIXED_ANNOTATED_AND_UNANNOTATED_TARGETS
NPC208193	1	1	0	ANNOTATED_TARGET_EVIDENCE_AVAILABLE
NPC208280	22	17	5	MIXED_ANNOTATED_AND_UNANNOTATED_TARGETS
NPC208284	11	11	0	ANNOTATED_TARGET_EVIDENCE_AVAILABLE
NPC20829	1	1	0	ANNOTATED_TARGET_EVIDENCE_AVAILABLE
NPC208362	1	0	1	UNANNOTATED_TARGET_EVIDENCE_ONLY
NPC208553	33	29	4	MIXED_ANNOTATED_AND_UNANNOTATED_TARGETS
NPC208760	1	1	0	ANNOTATED_TARGET_EVIDENCE_AVAILABLE
NPC208793	9	6	3	MIXED_ANNOTATED_AND_UNANNOTATED_TARGETS
NPC2088	4	4	0	ANNOTATED_TARGET_EVIDENCE_AVAILABLE
NPC208806	6	5	1	MIXED_ANNOTATED_AND_UNANNOTATED_TARGETS
NPC208936	2	2	0	ANNOTATED_TARGET_EVIDENCE_AVAILABLE
NPC20903	1	1	0	ANNOTATED_TARGET_EVIDENCE_AVAILABLE
NPC209278	1	1	0	ANNOTATED_TARGET_EVIDENCE_AVAILABLE
NPC209296	3	3	0	ANNOTATED_TARGET_EVIDENCE_AVAILABLE
NPC209364	4	4	0	ANNOTATED_TARGET_EVIDENCE_AVAILABLE
NPC209389	6	5	1	MIXED_ANNOTATED_AND_UNANNOTATED_TARGETS
NPC209463	2	1	1	MIXED_ANNOTATED_AND_UNANNOTATED_TARGETS
NPC209560	15	15	0	ANNOTATED_TARGET_EVIDENCE_AVAILABLE
NPC209614	2	1	1	MIXED_ANNOTATED_AND_UNANNOTATED_TARGETS
NPC209666	6	6	0	ANNOTATED_TARGET_EVIDENCE_AVAILABLE
NPC209846	1	1	0	ANNOTATED_TARGET_EVIDENCE_AVAILABLE
NPC209944	1	1	0	ANNOTATED_TARGET_EVIDENCE_AVAILABLE
NPC209970	8	8	0	ANNOTATED_TARGET_EVIDENCE_AVAILABLE
NPC210073	2	0	2	UNANNOTATED_TARGET_EVIDENCE_ONLY
NPC210148	2	2	0	ANNOTATED_TARGET_EVIDENCE_AVAILABLE
NPC210354	2	2	0	ANNOTATED_TARGET_EVIDENCE_AVAILABLE
NPC210437	5	5	0	ANNOTATED_TARGET_EVIDENCE_AVAILABLE
NPC210460	6	6	0	ANNOTATED_TARGET_EVIDENCE_AVAILABLE
NPC210529	1	1	0	ANNOTATED_TARGET_EVIDENCE_AVAILABLE
NPC210826	1	1	0	ANNOTATED_TARGET_EVIDENCE_AVAILABLE
NPC21100	2	2	0	ANNOTATED_TARGET_EVIDENCE_AVAILABLE
NPC211179	2	2	0	ANNOTATED_TARGET_EVIDENCE_AVAILABLE
NPC211237	1	1	0	ANNOTATED_TARGET_EVIDENCE_AVAILABLE
NPC211322	1	1	0	ANNOTATED_TARGET_EVIDENCE_AVAILABLE
NPC21142	1	1	0	ANNOTATED_TARGET_EVIDENCE_AVAILABLE
NPC21145	1	1	0	ANNOTATED_TARGET_EVIDENCE_AVAILABLE
NPC211453	2	2	0	ANNOTATED_TARGET_EVIDENCE_AVAILABLE
NPC211468	2	2	0	ANNOTATED_TARGET_EVIDENCE_AVAILABLE
NPC211561	1	1	0	ANNOTATED_TARGET_EVIDENCE_AVAILABLE
NPC21157	1	0	1	UNANNOTATED_TARGET_EVIDENCE_ONLY
NPC211820	2	0	2	UNANNOTATED_TARGET_EVIDENCE_ONLY
NPC21209	2	0	2	UNANNOTATED_TARGET_EVIDENCE_ONLY
NPC21211	1	1	0	ANNOTATED_TARGET_EVIDENCE_AVAILABLE
NPC212290	1	1	0	ANNOTATED_TARGET_EVIDENCE_AVAILABLE
NPC212415	33	30	3	MIXED_ANNOTATED_AND_UNANNOTATED_TARGETS
NPC212551	7	6	1	MIXED_ANNOTATED_AND_UNANNOTATED_TARGETS
NPC212631	2	2	0	ANNOTATED_TARGET_EVIDENCE_AVAILABLE
NPC212643	2	2	0	ANNOTATED_TARGET_EVIDENCE_AVAILABLE
NPC212670	1	1	0	ANNOTATED_TARGET_EVIDENCE_AVAILABLE
NPC212733	1	1	0	ANNOTATED_TARGET_EVIDENCE_AVAILABLE
NPC212794	13	13	0	ANNOTATED_TARGET_EVIDENCE_AVAILABLE
NPC212866	7	7	0	ANNOTATED_TARGET_EVIDENCE_AVAILABLE
NPC212932	1	1	0	ANNOTATED_TARGET_EVIDENCE_AVAILABLE
NPC213	7	6	1	MIXED_ANNOTATED_AND_UNANNOTATED_TARGETS
NPC213052	1	1	0	ANNOTATED_TARGET_EVIDENCE_AVAILABLE
NPC213058	1	1	0	ANNOTATED_TARGET_EVIDENCE_AVAILABLE
NPC213178	3	3	0	ANNOTATED_TARGET_EVIDENCE_AVAILABLE
NPC213197	5	5	0	ANNOTATED_TARGET_EVIDENCE_AVAILABLE
NPC213216	8	7	1	MIXED_ANNOTATED_AND_UNANNOTATED_TARGETS
NPC213222	8	8	0	ANNOTATED_TARGET_EVIDENCE_AVAILABLE
NPC213552	10	10	0	ANNOTATED_TARGET_EVIDENCE_AVAILABLE
NPC213570	2	2	0	ANNOTATED_TARGET_EVIDENCE_AVAILABLE
NPC213603	3	3	0	ANNOTATED_TARGET_EVIDENCE_AVAILABLE
NPC213608	1	0	1	UNANNOTATED_TARGET_EVIDENCE_ONLY
NPC213761	2	2	0	ANNOTATED_TARGET_EVIDENCE_AVAILABLE
NPC213896	4	3	1	MIXED_ANNOTATED_AND_UNANNOTATED_TARGETS
NPC213936	1	1	0	ANNOTATED_TARGET_EVIDENCE_AVAILABLE
NPC214036	13	12	1	MIXED_ANNOTATED_AND_UNANNOTATED_TARGETS
NPC214067	2	2	0	ANNOTATED_TARGET_EVIDENCE_AVAILABLE
NPC214166	1	1	0	ANNOTATED_TARGET_EVIDENCE_AVAILABLE
NPC214289	1	1	0	ANNOTATED_TARGET_EVIDENCE_AVAILABLE
NPC21429	23	23	0	ANNOTATED_TARGET_EVIDENCE_AVAILABLE
NPC214553	1	1	0	ANNOTATED_TARGET_EVIDENCE_AVAILABLE
NPC21461	1	0	1	UNANNOTATED_TARGET_EVIDENCE_ONLY
NPC214610	4	4	0	ANNOTATED_TARGET_EVIDENCE_AVAILABLE
NPC214629	1	1	0	ANNOTATED_TARGET_EVIDENCE_AVAILABLE
NPC214702	2	2	0	ANNOTATED_TARGET_EVIDENCE_AVAILABLE
NPC214919	1	0	1	UNANNOTATED_TARGET_EVIDENCE_ONLY
NPC215008	10	9	1	MIXED_ANNOTATED_AND_UNANNOTATED_TARGETS
NPC215474	1	1	0	ANNOTATED_TARGET_EVIDENCE_AVAILABLE
NPC215519	2	2	0	ANNOTATED_TARGET_EVIDENCE_AVAILABLE
NPC215584	42	40	2	MIXED_ANNOTATED_AND_UNANNOTATED_TARGETS
NPC215711	2	2	0	ANNOTATED_TARGET_EVIDENCE_AVAILABLE
NPC215932	2	2	0	ANNOTATED_TARGET_EVIDENCE_AVAILABLE
NPC216092	7	7	0	ANNOTATED_TARGET_EVIDENCE_AVAILABLE
NPC216122	3	3	0	ANNOTATED_TARGET_EVIDENCE_AVAILABLE
NPC216130	1	1	0	ANNOTATED_TARGET_EVIDENCE_AVAILABLE
NPC216159	1	0	1	UNANNOTATED_TARGET_EVIDENCE_ONLY
NPC216318	17	14	3	MIXED_ANNOTATED_AND_UNANNOTATED_TARGETS
NPC216361	38	35	3	MIXED_ANNOTATED_AND_UNANNOTATED_TARGETS
NPC21638	4	4	0	ANNOTATED_TARGET_EVIDENCE_AVAILABLE
NPC216420	1	1	0	ANNOTATED_TARGET_EVIDENCE_AVAILABLE
NPC216459	6	6	0	ANNOTATED_TARGET_EVIDENCE_AVAILABLE
NPC216496	1	1	0	ANNOTATED_TARGET_EVIDENCE_AVAILABLE
NPC216630	9	6	3	MIXED_ANNOTATED_AND_UNANNOTATED_TARGETS
NPC216826	1	1	0	ANNOTATED_TARGET_EVIDENCE_AVAILABLE
NPC216921	3	3	0	ANNOTATED_TARGET_EVIDENCE_AVAILABLE
NPC21696	1	1	0	ANNOTATED_TARGET_EVIDENCE_AVAILABLE
NPC217052	4	4	0	ANNOTATED_TARGET_EVIDENCE_AVAILABLE
NPC217083	3	3	0	ANNOTATED_TARGET_EVIDENCE_AVAILABLE
NPC217176	1	1	0	ANNOTATED_TARGET_EVIDENCE_AVAILABLE
NPC217226	1	1	0	ANNOTATED_TARGET_EVIDENCE_AVAILABLE
NPC2173	1	1	0	ANNOTATED_TARGET_EVIDENCE_AVAILABLE
NPC217574	1	1	0	ANNOTATED_TARGET_EVIDENCE_AVAILABLE
NPC217602	1	1	0	ANNOTATED_TARGET_EVIDENCE_AVAILABLE
NPC217635	1	1	0	ANNOTATED_TARGET_EVIDENCE_AVAILABLE
NPC21773	1	1	0	ANNOTATED_TARGET_EVIDENCE_AVAILABLE
NPC217748	2	2	0	ANNOTATED_TARGET_EVIDENCE_AVAILABLE
NPC21781	2	2	0	ANNOTATED_TARGET_EVIDENCE_AVAILABLE
NPC218161	4	4	0	ANNOTATED_TARGET_EVIDENCE_AVAILABLE
NPC218303	1	1	0	ANNOTATED_TARGET_EVIDENCE_AVAILABLE
NPC218357	2	2	0	ANNOTATED_TARGET_EVIDENCE_AVAILABLE
NPC21848	1	1	0	ANNOTATED_TARGET_EVIDENCE_AVAILABLE
NPC218530	10	10	0	ANNOTATED_TARGET_EVIDENCE_AVAILABLE
NPC218614	1	1	0	ANNOTATED_TARGET_EVIDENCE_AVAILABLE
NPC218753	2	2	0	ANNOTATED_TARGET_EVIDENCE_AVAILABLE
NPC218866	1	1	0	ANNOTATED_TARGET_EVIDENCE_AVAILABLE
NPC219143	3	2	1	MIXED_ANNOTATED_AND_UNANNOTATED_TARGETS
NPC219246	1	1	0	ANNOTATED_TARGET_EVIDENCE_AVAILABLE
NPC219313	1	1	0	ANNOTATED_TARGET_EVIDENCE_AVAILABLE
NPC219330	1	1	0	ANNOTATED_TARGET_EVIDENCE_AVAILABLE
NPC219848	1	1	0	ANNOTATED_TARGET_EVIDENCE_AVAILABLE
NPC219867	2	0	2	UNANNOTATED_TARGET_EVIDENCE_ONLY
NPC219876	15	15	0	ANNOTATED_TARGET_EVIDENCE_AVAILABLE
NPC219913	2	0	2	UNANNOTATED_TARGET_EVIDENCE_ONLY
NPC22005	1	1	0	ANNOTATED_TARGET_EVIDENCE_AVAILABLE
NPC220062	4	4	0	ANNOTATED_TARGET_EVIDENCE_AVAILABLE
NPC220140	4	4	0	ANNOTATED_TARGET_EVIDENCE_AVAILABLE
NPC220217	1	1	0	ANNOTATED_TARGET_EVIDENCE_AVAILABLE
NPC220221	1	1	0	ANNOTATED_TARGET_EVIDENCE_AVAILABLE
NPC220313	2	0	2	UNANNOTATED_TARGET_EVIDENCE_ONLY
NPC220498	2	2	0	ANNOTATED_TARGET_EVIDENCE_AVAILABLE
NPC220540	2	2	0	ANNOTATED_TARGET_EVIDENCE_AVAILABLE
NPC220547	1	1	0	ANNOTATED_TARGET_EVIDENCE_AVAILABLE
NPC220582	1	1	0	ANNOTATED_TARGET_EVIDENCE_AVAILABLE
NPC220596	1	1	0	ANNOTATED_TARGET_EVIDENCE_AVAILABLE
NPC220765	21	21	0	ANNOTATED_TARGET_EVIDENCE_AVAILABLE
NPC22079	9	9	0	ANNOTATED_TARGET_EVIDENCE_AVAILABLE
NPC220825	5	5	0	ANNOTATED_TARGET_EVIDENCE_AVAILABLE
NPC220922	2	1	1	MIXED_ANNOTATED_AND_UNANNOTATED_TARGETS
NPC220974	1	1	0	ANNOTATED_TARGET_EVIDENCE_AVAILABLE
NPC221046	1	1	0	ANNOTATED_TARGET_EVIDENCE_AVAILABLE
NPC22105	1	1	0	ANNOTATED_TARGET_EVIDENCE_AVAILABLE
NPC221144	1	1	0	ANNOTATED_TARGET_EVIDENCE_AVAILABLE
NPC221231	1	1	0	ANNOTATED_TARGET_EVIDENCE_AVAILABLE
NPC22130	7	7	0	ANNOTATED_TARGET_EVIDENCE_AVAILABLE
NPC221383	1	1	0	ANNOTATED_TARGET_EVIDENCE_AVAILABLE
NPC221432	2	2	0	ANNOTATED_TARGET_EVIDENCE_AVAILABLE
NPC221758	3	2	1	MIXED_ANNOTATED_AND_UNANNOTATED_TARGETS
NPC221777	1	1	0	ANNOTATED_TARGET_EVIDENCE_AVAILABLE
NPC221792	1	1	0	ANNOTATED_TARGET_EVIDENCE_AVAILABLE
NPC221868	1	1	0	ANNOTATED_TARGET_EVIDENCE_AVAILABLE
NPC222078	1	1	0	ANNOTATED_TARGET_EVIDENCE_AVAILABLE
NPC222185	1	1	0	ANNOTATED_TARGET_EVIDENCE_AVAILABLE
NPC222327	1	0	1	UNANNOTATED_TARGET_EVIDENCE_ONLY
NPC222341	1	1	0	ANNOTATED_TARGET_EVIDENCE_AVAILABLE
NPC222342	2	0	2	UNANNOTATED_TARGET_EVIDENCE_ONLY
NPC222534	19	15	4	MIXED_ANNOTATED_AND_UNANNOTATED_TARGETS
NPC222689	1	1	0	ANNOTATED_TARGET_EVIDENCE_AVAILABLE
NPC222713	2	1	1	MIXED_ANNOTATED_AND_UNANNOTATED_TARGETS
NPC223004	6	6	0	ANNOTATED_TARGET_EVIDENCE_AVAILABLE
NPC223125	3	3	0	ANNOTATED_TARGET_EVIDENCE_AVAILABLE
NPC223169	1	0	1	UNANNOTATED_TARGET_EVIDENCE_ONLY
NPC223336	3	3	0	ANNOTATED_TARGET_EVIDENCE_AVAILABLE
NPC223354	6	6	0	ANNOTATED_TARGET_EVIDENCE_AVAILABLE
NPC223386	1	1	0	ANNOTATED_TARGET_EVIDENCE_AVAILABLE
NPC223393	1	1	0	ANNOTATED_TARGET_EVIDENCE_AVAILABLE
NPC223424	1	1	0	ANNOTATED_TARGET_EVIDENCE_AVAILABLE
NPC223451	2	2	0	ANNOTATED_TARGET_EVIDENCE_AVAILABLE
NPC223468	2	1	1	MIXED_ANNOTATED_AND_UNANNOTATED_TARGETS
NPC223476	1	1	0	ANNOTATED_TARGET_EVIDENCE_AVAILABLE
NPC223548	1	1	0	ANNOTATED_TARGET_EVIDENCE_AVAILABLE
NPC223616	1	1	0	ANNOTATED_TARGET_EVIDENCE_AVAILABLE
NPC223812	4	3	1	MIXED_ANNOTATED_AND_UNANNOTATED_TARGETS
NPC223988	1	1	0	ANNOTATED_TARGET_EVIDENCE_AVAILABLE
NPC224165	2	2	0	ANNOTATED_TARGET_EVIDENCE_AVAILABLE
NPC224270	1	1	0	ANNOTATED_TARGET_EVIDENCE_AVAILABLE
NPC224273	1	1	0	ANNOTATED_TARGET_EVIDENCE_AVAILABLE
NPC224389	4	4	0	ANNOTATED_TARGET_EVIDENCE_AVAILABLE
NPC224475	1	1	0	ANNOTATED_TARGET_EVIDENCE_AVAILABLE
NPC224543	1	1	0	ANNOTATED_TARGET_EVIDENCE_AVAILABLE
NPC224632	4	3	1	MIXED_ANNOTATED_AND_UNANNOTATED_TARGETS
NPC224651	3	1	2	MIXED_ANNOTATED_AND_UNANNOTATED_TARGETS
NPC224652	1	1	0	ANNOTATED_TARGET_EVIDENCE_AVAILABLE
NPC224774	2	2	0	ANNOTATED_TARGET_EVIDENCE_AVAILABLE
NPC224814	6	6	0	ANNOTATED_TARGET_EVIDENCE_AVAILABLE
NPC225049	1	0	1	UNANNOTATED_TARGET_EVIDENCE_ONLY
NPC225312	1	1	0	ANNOTATED_TARGET_EVIDENCE_AVAILABLE
NPC225434	1	1	0	ANNOTATED_TARGET_EVIDENCE_AVAILABLE
NPC225464	4	4	0	ANNOTATED_TARGET_EVIDENCE_AVAILABLE
NPC225539	2	2	0	ANNOTATED_TARGET_EVIDENCE_AVAILABLE
NPC225585	1	1	0	ANNOTATED_TARGET_EVIDENCE_AVAILABLE
NPC225710	30	26	4	MIXED_ANNOTATED_AND_UNANNOTATED_TARGETS
NPC225731	1	0	1	UNANNOTATED_TARGET_EVIDENCE_ONLY
NPC225884	1	1	0	ANNOTATED_TARGET_EVIDENCE_AVAILABLE
NPC226066	8	8	0	ANNOTATED_TARGET_EVIDENCE_AVAILABLE
NPC22611	1	1	0	ANNOTATED_TARGET_EVIDENCE_AVAILABLE
NPC226143	3	3	0	ANNOTATED_TARGET_EVIDENCE_AVAILABLE
NPC226226	2	2	0	ANNOTATED_TARGET_EVIDENCE_AVAILABLE
NPC226250	2	2	0	ANNOTATED_TARGET_EVIDENCE_AVAILABLE
NPC226265	3	2	1	MIXED_ANNOTATED_AND_UNANNOTATED_TARGETS
NPC226331	3	3	0	ANNOTATED_TARGET_EVIDENCE_AVAILABLE
NPC226453	6	5	1	MIXED_ANNOTATED_AND_UNANNOTATED_TARGETS
NPC226509	2	2	0	ANNOTATED_TARGET_EVIDENCE_AVAILABLE
NPC226547	2	2	0	ANNOTATED_TARGET_EVIDENCE_AVAILABLE
NPC226578	1	1	0	ANNOTATED_TARGET_EVIDENCE_AVAILABLE
NPC226644	1	1	0	ANNOTATED_TARGET_EVIDENCE_AVAILABLE
NPC226699	3	1	2	MIXED_ANNOTATED_AND_UNANNOTATED_TARGETS
NPC226712	1	1	0	ANNOTATED_TARGET_EVIDENCE_AVAILABLE
NPC226794	2	2	0	ANNOTATED_TARGET_EVIDENCE_AVAILABLE
NPC226809	2	2	0	ANNOTATED_TARGET_EVIDENCE_AVAILABLE
NPC226855	6	6	0	ANNOTATED_TARGET_EVIDENCE_AVAILABLE
NPC226941	19	17	2	MIXED_ANNOTATED_AND_UNANNOTATED_TARGETS
NPC226944	1	1	0	ANNOTATED_TARGET_EVIDENCE_AVAILABLE
NPC227579	1	1	0	ANNOTATED_TARGET_EVIDENCE_AVAILABLE
NPC227622	6	6	0	ANNOTATED_TARGET_EVIDENCE_AVAILABLE
NPC227683	1	1	0	ANNOTATED_TARGET_EVIDENCE_AVAILABLE
NPC22774	4	3	1	MIXED_ANNOTATED_AND_UNANNOTATED_TARGETS
NPC227814	1	1	0	ANNOTATED_TARGET_EVIDENCE_AVAILABLE
NPC22783	8	8	0	ANNOTATED_TARGET_EVIDENCE_AVAILABLE
NPC227841	16	13	3	MIXED_ANNOTATED_AND_UNANNOTATED_TARGETS
NPC227986	1	1	0	ANNOTATED_TARGET_EVIDENCE_AVAILABLE
NPC228343	25	24	1	MIXED_ANNOTATED_AND_UNANNOTATED_TARGETS
NPC228383	1	0	1	UNANNOTATED_TARGET_EVIDENCE_ONLY
NPC228400	2	2	0	ANNOTATED_TARGET_EVIDENCE_AVAILABLE
NPC228504	2	2	0	ANNOTATED_TARGET_EVIDENCE_AVAILABLE
NPC228644	6	5	1	MIXED_ANNOTATED_AND_UNANNOTATED_TARGETS
NPC228661	2	2	0	ANNOTATED_TARGET_EVIDENCE_AVAILABLE
NPC228785	22	19	3	MIXED_ANNOTATED_AND_UNANNOTATED_TARGETS
NPC228940	1	1	0	ANNOTATED_TARGET_EVIDENCE_AVAILABLE
NPC228978	1	1	0	ANNOTATED_TARGET_EVIDENCE_AVAILABLE
NPC228994	1	0	1	UNANNOTATED_TARGET_EVIDENCE_ONLY
NPC229046	1	1	0	ANNOTATED_TARGET_EVIDENCE_AVAILABLE
NPC229113	13	12	1	MIXED_ANNOTATED_AND_UNANNOTATED_TARGETS
NPC229147	3	3	0	ANNOTATED_TARGET_EVIDENCE_AVAILABLE
NPC229235	4	4	0	ANNOTATED_TARGET_EVIDENCE_AVAILABLE
NPC229281	1	1	0	ANNOTATED_TARGET_EVIDENCE_AVAILABLE
NPC229387	1	1	0	ANNOTATED_TARGET_EVIDENCE_AVAILABLE
NPC229415	1	1	0	ANNOTATED_TARGET_EVIDENCE_AVAILABLE
NPC229477	1	1	0	ANNOTATED_TARGET_EVIDENCE_AVAILABLE
NPC229505	1	1	0	ANNOTATED_TARGET_EVIDENCE_AVAILABLE
NPC229649	1	0	1	UNANNOTATED_TARGET_EVIDENCE_ONLY
NPC229804	1	1	0	ANNOTATED_TARGET_EVIDENCE_AVAILABLE
NPC229871	1	1	0	ANNOTATED_TARGET_EVIDENCE_AVAILABLE
NPC229976	1	1	0	ANNOTATED_TARGET_EVIDENCE_AVAILABLE
NPC230002	1	1	0	ANNOTATED_TARGET_EVIDENCE_AVAILABLE
NPC230068	2	2	0	ANNOTATED_TARGET_EVIDENCE_AVAILABLE
NPC230085	1	1	0	ANNOTATED_TARGET_EVIDENCE_AVAILABLE
NPC230087	1	1	0	ANNOTATED_TARGET_EVIDENCE_AVAILABLE
NPC230151	1	1	0	ANNOTATED_TARGET_EVIDENCE_AVAILABLE
NPC230301	3	3	0	ANNOTATED_TARGET_EVIDENCE_AVAILABLE
NPC230677	2	2	0	ANNOTATED_TARGET_EVIDENCE_AVAILABLE
NPC230713	2	2	0	ANNOTATED_TARGET_EVIDENCE_AVAILABLE
NPC230775	6	6	0	ANNOTATED_TARGET_EVIDENCE_AVAILABLE
NPC230942	8	8	0	ANNOTATED_TARGET_EVIDENCE_AVAILABLE
NPC231013	2	2	0	ANNOTATED_TARGET_EVIDENCE_AVAILABLE
NPC231063	2	2	0	ANNOTATED_TARGET_EVIDENCE_AVAILABLE
NPC231149	9	9	0	ANNOTATED_TARGET_EVIDENCE_AVAILABLE
NPC231254	1	1	0	ANNOTATED_TARGET_EVIDENCE_AVAILABLE
NPC2314	1	1	0	ANNOTATED_TARGET_EVIDENCE_AVAILABLE
NPC23155	2	2	0	ANNOTATED_TARGET_EVIDENCE_AVAILABLE
NPC231607	1	1	0	ANNOTATED_TARGET_EVIDENCE_AVAILABLE
NPC231710	1	1	0	ANNOTATED_TARGET_EVIDENCE_AVAILABLE
NPC231772	25	23	2	MIXED_ANNOTATED_AND_UNANNOTATED_TARGETS
NPC231884	7	7	0	ANNOTATED_TARGET_EVIDENCE_AVAILABLE
NPC232178	3	3	0	ANNOTATED_TARGET_EVIDENCE_AVAILABLE
NPC232247	2	2	0	ANNOTATED_TARGET_EVIDENCE_AVAILABLE
NPC232311	1	0	1	UNANNOTATED_TARGET_EVIDENCE_ONLY
NPC232340	1	1	0	ANNOTATED_TARGET_EVIDENCE_AVAILABLE
NPC232533	5	5	0	ANNOTATED_TARGET_EVIDENCE_AVAILABLE
NPC232654	2	2	0	ANNOTATED_TARGET_EVIDENCE_AVAILABLE
NPC232692	6	6	0	ANNOTATED_TARGET_EVIDENCE_AVAILABLE
NPC232727	29	28	1	MIXED_ANNOTATED_AND_UNANNOTATED_TARGETS
NPC232924	4	4	0	ANNOTATED_TARGET_EVIDENCE_AVAILABLE
NPC233108	4	4	0	ANNOTATED_TARGET_EVIDENCE_AVAILABLE
NPC233118	10	9	1	MIXED_ANNOTATED_AND_UNANNOTATED_TARGETS
NPC233224	1	1	0	ANNOTATED_TARGET_EVIDENCE_AVAILABLE
NPC233267	7	7	0	ANNOTATED_TARGET_EVIDENCE_AVAILABLE
NPC233282	1	1	0	ANNOTATED_TARGET_EVIDENCE_AVAILABLE
NPC233380	1	1	0	ANNOTATED_TARGET_EVIDENCE_AVAILABLE
NPC233455	15	13	2	MIXED_ANNOTATED_AND_UNANNOTATED_TARGETS
NPC233650	1	1	0	ANNOTATED_TARGET_EVIDENCE_AVAILABLE
NPC233780	2	2	0	ANNOTATED_TARGET_EVIDENCE_AVAILABLE
NPC233791	1	1	0	ANNOTATED_TARGET_EVIDENCE_AVAILABLE
NPC233827	1	1	0	ANNOTATED_TARGET_EVIDENCE_AVAILABLE
NPC233836	1	1	0	ANNOTATED_TARGET_EVIDENCE_AVAILABLE
NPC234053	9	9	0	ANNOTATED_TARGET_EVIDENCE_AVAILABLE
NPC234078	1	1	0	ANNOTATED_TARGET_EVIDENCE_AVAILABLE
NPC234084	3	3	0	ANNOTATED_TARGET_EVIDENCE_AVAILABLE
NPC234109	6	6	0	ANNOTATED_TARGET_EVIDENCE_AVAILABLE
NPC234133	1	1	0	ANNOTATED_TARGET_EVIDENCE_AVAILABLE
NPC234196	3	0	3	UNANNOTATED_TARGET_EVIDENCE_ONLY
NPC234255	1	0	1	UNANNOTATED_TARGET_EVIDENCE_ONLY
NPC234306	1	1	0	ANNOTATED_TARGET_EVIDENCE_AVAILABLE
NPC234333	1	1	0	ANNOTATED_TARGET_EVIDENCE_AVAILABLE
NPC234536	7	7	0	ANNOTATED_TARGET_EVIDENCE_AVAILABLE
NPC234560	33	33	0	ANNOTATED_TARGET_EVIDENCE_AVAILABLE
NPC234644	1	1	0	ANNOTATED_TARGET_EVIDENCE_AVAILABLE
NPC234822	3	3	0	ANNOTATED_TARGET_EVIDENCE_AVAILABLE
NPC234952	2	2	0	ANNOTATED_TARGET_EVIDENCE_AVAILABLE
NPC234956	1	1	0	ANNOTATED_TARGET_EVIDENCE_AVAILABLE
NPC235059	6	6	0	ANNOTATED_TARGET_EVIDENCE_AVAILABLE
NPC23508	3	3	0	ANNOTATED_TARGET_EVIDENCE_AVAILABLE
NPC235165	2	2	0	ANNOTATED_TARGET_EVIDENCE_AVAILABLE
NPC235190	2	2	0	ANNOTATED_TARGET_EVIDENCE_AVAILABLE
NPC235217	1	1	0	ANNOTATED_TARGET_EVIDENCE_AVAILABLE
NPC235239	1	1	0	ANNOTATED_TARGET_EVIDENCE_AVAILABLE
NPC235289	1	0	1	UNANNOTATED_TARGET_EVIDENCE_ONLY
NPC23559	8	8	0	ANNOTATED_TARGET_EVIDENCE_AVAILABLE
NPC235767	1	1	0	ANNOTATED_TARGET_EVIDENCE_AVAILABLE
NPC235797	3	3	0	ANNOTATED_TARGET_EVIDENCE_AVAILABLE
NPC235900	4	4	0	ANNOTATED_TARGET_EVIDENCE_AVAILABLE
NPC236176	1	1	0	ANNOTATED_TARGET_EVIDENCE_AVAILABLE
NPC236189	1	1	0	ANNOTATED_TARGET_EVIDENCE_AVAILABLE
NPC236202	1	1	0	ANNOTATED_TARGET_EVIDENCE_AVAILABLE
NPC236347	24	24	0	ANNOTATED_TARGET_EVIDENCE_AVAILABLE
NPC236522	1	1	0	ANNOTATED_TARGET_EVIDENCE_AVAILABLE
NPC236637	3	3	0	ANNOTATED_TARGET_EVIDENCE_AVAILABLE
NPC23667	1	1	0	ANNOTATED_TARGET_EVIDENCE_AVAILABLE
NPC23668	1	1	0	ANNOTATED_TARGET_EVIDENCE_AVAILABLE
NPC236709	2	1	1	MIXED_ANNOTATED_AND_UNANNOTATED_TARGETS
NPC236769	3	3	0	ANNOTATED_TARGET_EVIDENCE_AVAILABLE
NPC236795	1	0	1	UNANNOTATED_TARGET_EVIDENCE_ONLY
NPC237044	2	2	0	ANNOTATED_TARGET_EVIDENCE_AVAILABLE
NPC23717	1	1	0	ANNOTATED_TARGET_EVIDENCE_AVAILABLE
NPC237202	1	1	0	ANNOTATED_TARGET_EVIDENCE_AVAILABLE
NPC237208	1	1	0	ANNOTATED_TARGET_EVIDENCE_AVAILABLE
NPC237435	3	3	0	ANNOTATED_TARGET_EVIDENCE_AVAILABLE
NPC237503	1	1	0	ANNOTATED_TARGET_EVIDENCE_AVAILABLE
NPC237812	2	1	1	MIXED_ANNOTATED_AND_UNANNOTATED_TARGETS
NPC237901	4	2	2	MIXED_ANNOTATED_AND_UNANNOTATED_TARGETS
NPC237946	12	11	1	MIXED_ANNOTATED_AND_UNANNOTATED_TARGETS
NPC238023	2	2	0	ANNOTATED_TARGET_EVIDENCE_AVAILABLE
NPC238279	1	1	0	ANNOTATED_TARGET_EVIDENCE_AVAILABLE
NPC23837	6	6	0	ANNOTATED_TARGET_EVIDENCE_AVAILABLE
NPC238419	1	1	0	ANNOTATED_TARGET_EVIDENCE_AVAILABLE
NPC238530	2	2	0	ANNOTATED_TARGET_EVIDENCE_AVAILABLE
NPC238629	17	16	1	MIXED_ANNOTATED_AND_UNANNOTATED_TARGETS
NPC23870	6	5	1	MIXED_ANNOTATED_AND_UNANNOTATED_TARGETS
NPC238861	10	10	0	ANNOTATED_TARGET_EVIDENCE_AVAILABLE
NPC238937	1	1	0	ANNOTATED_TARGET_EVIDENCE_AVAILABLE
NPC238992	1	1	0	ANNOTATED_TARGET_EVIDENCE_AVAILABLE
NPC239185	2	2	0	ANNOTATED_TARGET_EVIDENCE_AVAILABLE
NPC239312	41	36	5	MIXED_ANNOTATED_AND_UNANNOTATED_TARGETS
NPC239854	2	2	0	ANNOTATED_TARGET_EVIDENCE_AVAILABLE
NPC240084	6	5	1	MIXED_ANNOTATED_AND_UNANNOTATED_TARGETS
NPC2401	1	1	0	ANNOTATED_TARGET_EVIDENCE_AVAILABLE
NPC240108	3	3	0	ANNOTATED_TARGET_EVIDENCE_AVAILABLE
NPC24019	15	14	1	MIXED_ANNOTATED_AND_UNANNOTATED_TARGETS
NPC240431	1	1	0	ANNOTATED_TARGET_EVIDENCE_AVAILABLE
NPC240593	1	1	0	ANNOTATED_TARGET_EVIDENCE_AVAILABLE
NPC240664	1	0	1	UNANNOTATED_TARGET_EVIDENCE_ONLY
NPC240684	1	1	0	ANNOTATED_TARGET_EVIDENCE_AVAILABLE
NPC240722	1	1	0	ANNOTATED_TARGET_EVIDENCE_AVAILABLE
NPC240841	1	1	0	ANNOTATED_TARGET_EVIDENCE_AVAILABLE
NPC241089	8	8	0	ANNOTATED_TARGET_EVIDENCE_AVAILABLE
NPC241165	6	6	0	ANNOTATED_TARGET_EVIDENCE_AVAILABLE
NPC241290	1	1	0	ANNOTATED_TARGET_EVIDENCE_AVAILABLE
NPC2413	1	1	0	ANNOTATED_TARGET_EVIDENCE_AVAILABLE
NPC241349	2	1	1	MIXED_ANNOTATED_AND_UNANNOTATED_TARGETS
NPC24136	1	1	0	ANNOTATED_TARGET_EVIDENCE_AVAILABLE
NPC241392	3	3	0	ANNOTATED_TARGET_EVIDENCE_AVAILABLE
NPC2414	2	2	0	ANNOTATED_TARGET_EVIDENCE_AVAILABLE
NPC241498	10	10	0	ANNOTATED_TARGET_EVIDENCE_AVAILABLE
NPC241838	4	4	0	ANNOTATED_TARGET_EVIDENCE_AVAILABLE
NPC241846	1	0	1	UNANNOTATED_TARGET_EVIDENCE_ONLY
NPC241854	1	1	0	ANNOTATED_TARGET_EVIDENCE_AVAILABLE
NPC241875	2	2	0	ANNOTATED_TARGET_EVIDENCE_AVAILABLE
NPC241879	1	1	0	ANNOTATED_TARGET_EVIDENCE_AVAILABLE
NPC24193	1	1	0	ANNOTATED_TARGET_EVIDENCE_AVAILABLE
NPC242136	1	1	0	ANNOTATED_TARGET_EVIDENCE_AVAILABLE
NPC242294	1	1	0	ANNOTATED_TARGET_EVIDENCE_AVAILABLE
NPC242372	1	1	0	ANNOTATED_TARGET_EVIDENCE_AVAILABLE
NPC242580	3	3	0	ANNOTATED_TARGET_EVIDENCE_AVAILABLE
NPC242692	2	2	0	ANNOTATED_TARGET_EVIDENCE_AVAILABLE
NPC242885	5	5	0	ANNOTATED_TARGET_EVIDENCE_AVAILABLE
NPC242893	3	3	0	ANNOTATED_TARGET_EVIDENCE_AVAILABLE
NPC242895	30	27	3	MIXED_ANNOTATED_AND_UNANNOTATED_TARGETS
NPC242930	6	6	0	ANNOTATED_TARGET_EVIDENCE_AVAILABLE
NPC243083	5	5	0	ANNOTATED_TARGET_EVIDENCE_AVAILABLE
NPC243171	1	1	0	ANNOTATED_TARGET_EVIDENCE_AVAILABLE
NPC2432	3	0	3	UNANNOTATED_TARGET_EVIDENCE_ONLY
NPC243272	2	2	0	ANNOTATED_TARGET_EVIDENCE_AVAILABLE
NPC243319	3	3	0	ANNOTATED_TARGET_EVIDENCE_AVAILABLE
NPC243475	2	2	0	ANNOTATED_TARGET_EVIDENCE_AVAILABLE
NPC243483	4	4	0	ANNOTATED_TARGET_EVIDENCE_AVAILABLE
NPC243509	6	6	0	ANNOTATED_TARGET_EVIDENCE_AVAILABLE
NPC243532	2	2	0	ANNOTATED_TARGET_EVIDENCE_AVAILABLE
NPC243635	1	1	0	ANNOTATED_TARGET_EVIDENCE_AVAILABLE
NPC243677	4	4	0	ANNOTATED_TARGET_EVIDENCE_AVAILABLE
NPC243728	1	1	0	ANNOTATED_TARGET_EVIDENCE_AVAILABLE
NPC24394	1	1	0	ANNOTATED_TARGET_EVIDENCE_AVAILABLE
NPC244246	2	2	0	ANNOTATED_TARGET_EVIDENCE_AVAILABLE
NPC244256	1	1	0	ANNOTATED_TARGET_EVIDENCE_AVAILABLE
NPC244293	1	1	0	ANNOTATED_TARGET_EVIDENCE_AVAILABLE
NPC244336	2	1	1	MIXED_ANNOTATED_AND_UNANNOTATED_TARGETS
NPC244364	1	0	1	UNANNOTATED_TARGET_EVIDENCE_ONLY
NPC244441	1	1	0	ANNOTATED_TARGET_EVIDENCE_AVAILABLE
NPC244495	2	2	0	ANNOTATED_TARGET_EVIDENCE_AVAILABLE
NPC244509	2	1	1	MIXED_ANNOTATED_AND_UNANNOTATED_TARGETS
NPC244738	6	5	1	MIXED_ANNOTATED_AND_UNANNOTATED_TARGETS
NPC244799	9	9	0	ANNOTATED_TARGET_EVIDENCE_AVAILABLE
NPC244888	1	1	0	ANNOTATED_TARGET_EVIDENCE_AVAILABLE
NPC245027	2	0	2	UNANNOTATED_TARGET_EVIDENCE_ONLY
NPC245187	2	2	0	ANNOTATED_TARGET_EVIDENCE_AVAILABLE
NPC245223	2	2	0	ANNOTATED_TARGET_EVIDENCE_AVAILABLE
NPC245244	3	3	0	ANNOTATED_TARGET_EVIDENCE_AVAILABLE
NPC245531	7	7	0	ANNOTATED_TARGET_EVIDENCE_AVAILABLE
NPC245896	8	8	0	ANNOTATED_TARGET_EVIDENCE_AVAILABLE
NPC245966	1	1	0	ANNOTATED_TARGET_EVIDENCE_AVAILABLE
NPC246162	15	14	1	MIXED_ANNOTATED_AND_UNANNOTATED_TARGETS
NPC246214	1	1	0	ANNOTATED_TARGET_EVIDENCE_AVAILABLE
NPC246358	1	1	0	ANNOTATED_TARGET_EVIDENCE_AVAILABLE
NPC246597	1	1	0	ANNOTATED_TARGET_EVIDENCE_AVAILABLE
NPC246679	5	5	0	ANNOTATED_TARGET_EVIDENCE_AVAILABLE
NPC246693	15	11	4	MIXED_ANNOTATED_AND_UNANNOTATED_TARGETS
NPC246708	1	1	0	ANNOTATED_TARGET_EVIDENCE_AVAILABLE
NPC246903	3	3	0	ANNOTATED_TARGET_EVIDENCE_AVAILABLE
NPC246904	2	2	0	ANNOTATED_TARGET_EVIDENCE_AVAILABLE
NPC246943	2	2	0	ANNOTATED_TARGET_EVIDENCE_AVAILABLE
NPC246956	1	1	0	ANNOTATED_TARGET_EVIDENCE_AVAILABLE
NPC247060	1	1	0	ANNOTATED_TARGET_EVIDENCE_AVAILABLE
NPC24748	1	1	0	ANNOTATED_TARGET_EVIDENCE_AVAILABLE
NPC247553	20	17	3	MIXED_ANNOTATED_AND_UNANNOTATED_TARGETS
NPC2476	6	6	0	ANNOTATED_TARGET_EVIDENCE_AVAILABLE
NPC247779	3	3	0	ANNOTATED_TARGET_EVIDENCE_AVAILABLE
NPC247871	1	1	0	ANNOTATED_TARGET_EVIDENCE_AVAILABLE
NPC248007	1	0	1	UNANNOTATED_TARGET_EVIDENCE_ONLY
NPC248041	1	1	0	ANNOTATED_TARGET_EVIDENCE_AVAILABLE
NPC248102	1	1	0	ANNOTATED_TARGET_EVIDENCE_AVAILABLE
NPC24824	2	2	0	ANNOTATED_TARGET_EVIDENCE_AVAILABLE
NPC248355	1	1	0	ANNOTATED_TARGET_EVIDENCE_AVAILABLE
NPC248573	20	20	0	ANNOTATED_TARGET_EVIDENCE_AVAILABLE
NPC248884	4	4	0	ANNOTATED_TARGET_EVIDENCE_AVAILABLE
NPC248944	2	2	0	ANNOTATED_TARGET_EVIDENCE_AVAILABLE
NPC248956	1	1	0	ANNOTATED_TARGET_EVIDENCE_AVAILABLE
NPC248970	9	9	0	ANNOTATED_TARGET_EVIDENCE_AVAILABLE
NPC249067	4	4	0	ANNOTATED_TARGET_EVIDENCE_AVAILABLE
NPC249435	1	1	0	ANNOTATED_TARGET_EVIDENCE_AVAILABLE
NPC249606	2	2	0	ANNOTATED_TARGET_EVIDENCE_AVAILABLE
NPC249797	8	8	0	ANNOTATED_TARGET_EVIDENCE_AVAILABLE
NPC250266	10	10	0	ANNOTATED_TARGET_EVIDENCE_AVAILABLE
NPC250361	2	2	0	ANNOTATED_TARGET_EVIDENCE_AVAILABLE
NPC250432	4	4	0	ANNOTATED_TARGET_EVIDENCE_AVAILABLE
NPC250436	36	28	8	MIXED_ANNOTATED_AND_UNANNOTATED_TARGETS
NPC250769	2	2	0	ANNOTATED_TARGET_EVIDENCE_AVAILABLE
NPC250822	2	2	0	ANNOTATED_TARGET_EVIDENCE_AVAILABLE
NPC250834	4	4	0	ANNOTATED_TARGET_EVIDENCE_AVAILABLE
NPC250999	22	21	1	MIXED_ANNOTATED_AND_UNANNOTATED_TARGETS
NPC25110	1	1	0	ANNOTATED_TARGET_EVIDENCE_AVAILABLE
NPC251336	1	1	0	ANNOTATED_TARGET_EVIDENCE_AVAILABLE
NPC251407	2	2	0	ANNOTATED_TARGET_EVIDENCE_AVAILABLE
NPC251779	1	1	0	ANNOTATED_TARGET_EVIDENCE_AVAILABLE
NPC2518	4	4	0	ANNOTATED_TARGET_EVIDENCE_AVAILABLE
NPC251866	1	1	0	ANNOTATED_TARGET_EVIDENCE_AVAILABLE
NPC252067	1	1	0	ANNOTATED_TARGET_EVIDENCE_AVAILABLE
NPC252107	1	1	0	ANNOTATED_TARGET_EVIDENCE_AVAILABLE
NPC252154	1	1	0	ANNOTATED_TARGET_EVIDENCE_AVAILABLE
NPC252281	2	2	0	ANNOTATED_TARGET_EVIDENCE_AVAILABLE
NPC252433	1	1	0	ANNOTATED_TARGET_EVIDENCE_AVAILABLE
NPC252603	12	9	3	MIXED_ANNOTATED_AND_UNANNOTATED_TARGETS
NPC252860	1	1	0	ANNOTATED_TARGET_EVIDENCE_AVAILABLE
NPC253423	3	2	1	MIXED_ANNOTATED_AND_UNANNOTATED_TARGETS
NPC253429	1	1	0	ANNOTATED_TARGET_EVIDENCE_AVAILABLE
NPC253574	1	1	0	ANNOTATED_TARGET_EVIDENCE_AVAILABLE
NPC253616	2	2	0	ANNOTATED_TARGET_EVIDENCE_AVAILABLE
NPC253645	1	1	0	ANNOTATED_TARGET_EVIDENCE_AVAILABLE
NPC253662	2	2	0	ANNOTATED_TARGET_EVIDENCE_AVAILABLE
NPC253703	15	11	4	MIXED_ANNOTATED_AND_UNANNOTATED_TARGETS
NPC253746	7	7	0	ANNOTATED_TARGET_EVIDENCE_AVAILABLE
NPC253810	1	1	0	ANNOTATED_TARGET_EVIDENCE_AVAILABLE
NPC254010	2	2	0	ANNOTATED_TARGET_EVIDENCE_AVAILABLE
NPC254240	3	3	0	ANNOTATED_TARGET_EVIDENCE_AVAILABLE
NPC254275	1	1	0	ANNOTATED_TARGET_EVIDENCE_AVAILABLE
NPC254449	1	0	1	UNANNOTATED_TARGET_EVIDENCE_ONLY
NPC254482	2	0	2	UNANNOTATED_TARGET_EVIDENCE_ONLY
NPC254610	2	2	0	ANNOTATED_TARGET_EVIDENCE_AVAILABLE
NPC254659	1	1	0	ANNOTATED_TARGET_EVIDENCE_AVAILABLE
NPC254698	2	2	0	ANNOTATED_TARGET_EVIDENCE_AVAILABLE
NPC254847	35	31	4	MIXED_ANNOTATED_AND_UNANNOTATED_TARGETS
NPC25496	1	1	0	ANNOTATED_TARGET_EVIDENCE_AVAILABLE
NPC254994	2	2	0	ANNOTATED_TARGET_EVIDENCE_AVAILABLE
NPC255042	3	2	1	MIXED_ANNOTATED_AND_UNANNOTATED_TARGETS
NPC255073	1	1	0	ANNOTATED_TARGET_EVIDENCE_AVAILABLE
NPC255253	4	3	1	MIXED_ANNOTATED_AND_UNANNOTATED_TARGETS
NPC255345	6	6	0	ANNOTATED_TARGET_EVIDENCE_AVAILABLE
NPC255387	1	1	0	ANNOTATED_TARGET_EVIDENCE_AVAILABLE
NPC255550	15	13	2	MIXED_ANNOTATED_AND_UNANNOTATED_TARGETS
NPC255566	2	2	0	ANNOTATED_TARGET_EVIDENCE_AVAILABLE
NPC255607	1	1	0	ANNOTATED_TARGET_EVIDENCE_AVAILABLE
NPC255615	1	1	0	ANNOTATED_TARGET_EVIDENCE_AVAILABLE
NPC255801	1	1	0	ANNOTATED_TARGET_EVIDENCE_AVAILABLE
NPC25581	8	8	0	ANNOTATED_TARGET_EVIDENCE_AVAILABLE
NPC255817	11	11	0	ANNOTATED_TARGET_EVIDENCE_AVAILABLE
NPC256042	1	1	0	ANNOTATED_TARGET_EVIDENCE_AVAILABLE
NPC256188	1	1	0	ANNOTATED_TARGET_EVIDENCE_AVAILABLE
NPC256406	1	1	0	ANNOTATED_TARGET_EVIDENCE_AVAILABLE
NPC256463	3	1	2	MIXED_ANNOTATED_AND_UNANNOTATED_TARGETS
NPC256838	8	8	0	ANNOTATED_TARGET_EVIDENCE_AVAILABLE
NPC256849	17	13	4	MIXED_ANNOTATED_AND_UNANNOTATED_TARGETS
NPC256853	3	2	1	MIXED_ANNOTATED_AND_UNANNOTATED_TARGETS
NPC2569	3	3	0	ANNOTATED_TARGET_EVIDENCE_AVAILABLE
NPC257003	2	0	2	UNANNOTATED_TARGET_EVIDENCE_ONLY
NPC257025	3	2	1	MIXED_ANNOTATED_AND_UNANNOTATED_TARGETS
NPC257097	1	1	0	ANNOTATED_TARGET_EVIDENCE_AVAILABLE
NPC257124	8	8	0	ANNOTATED_TARGET_EVIDENCE_AVAILABLE
NPC257182	2	1	1	MIXED_ANNOTATED_AND_UNANNOTATED_TARGETS
NPC257188	17	16	1	MIXED_ANNOTATED_AND_UNANNOTATED_TARGETS
NPC257236	17	15	2	MIXED_ANNOTATED_AND_UNANNOTATED_TARGETS
NPC257390	1	1	0	ANNOTATED_TARGET_EVIDENCE_AVAILABLE
NPC257424	1	1	0	ANNOTATED_TARGET_EVIDENCE_AVAILABLE
NPC257490	1	1	0	ANNOTATED_TARGET_EVIDENCE_AVAILABLE
NPC257582	1	1	0	ANNOTATED_TARGET_EVIDENCE_AVAILABLE
NPC257682	1	1	0	ANNOTATED_TARGET_EVIDENCE_AVAILABLE
NPC257756	1	1	0	ANNOTATED_TARGET_EVIDENCE_AVAILABLE
NPC258046	4	2	2	MIXED_ANNOTATED_AND_UNANNOTATED_TARGETS
NPC258048	1	1	0	ANNOTATED_TARGET_EVIDENCE_AVAILABLE
NPC258096	3	3	0	ANNOTATED_TARGET_EVIDENCE_AVAILABLE
NPC258469	1	1	0	ANNOTATED_TARGET_EVIDENCE_AVAILABLE
NPC258630	2	1	1	MIXED_ANNOTATED_AND_UNANNOTATED_TARGETS
NPC258773	1	1	0	ANNOTATED_TARGET_EVIDENCE_AVAILABLE
NPC259134	4	4	0	ANNOTATED_TARGET_EVIDENCE_AVAILABLE
NPC259182	8	5	3	MIXED_ANNOTATED_AND_UNANNOTATED_TARGETS
NPC259252	1	1	0	ANNOTATED_TARGET_EVIDENCE_AVAILABLE
NPC259347	1	1	0	ANNOTATED_TARGET_EVIDENCE_AVAILABLE
NPC259512	3	3	0	ANNOTATED_TARGET_EVIDENCE_AVAILABLE
NPC259545	1	1	0	ANNOTATED_TARGET_EVIDENCE_AVAILABLE
NPC2596	4	4	0	ANNOTATED_TARGET_EVIDENCE_AVAILABLE
NPC259665	1	1	0	ANNOTATED_TARGET_EVIDENCE_AVAILABLE
NPC259767	2	2	0	ANNOTATED_TARGET_EVIDENCE_AVAILABLE
NPC259788	1	1	0	ANNOTATED_TARGET_EVIDENCE_AVAILABLE
NPC259957	1	1	0	ANNOTATED_TARGET_EVIDENCE_AVAILABLE
NPC25998	1	1	0	ANNOTATED_TARGET_EVIDENCE_AVAILABLE
NPC260000	1	1	0	ANNOTATED_TARGET_EVIDENCE_AVAILABLE
NPC260491	5	5	0	ANNOTATED_TARGET_EVIDENCE_AVAILABLE
NPC26051	2	2	0	ANNOTATED_TARGET_EVIDENCE_AVAILABLE
NPC260582	1	1	0	ANNOTATED_TARGET_EVIDENCE_AVAILABLE
NPC260842	2	0	2	UNANNOTATED_TARGET_EVIDENCE_ONLY
NPC260909	7	6	1	MIXED_ANNOTATED_AND_UNANNOTATED_TARGETS
NPC260977	5	5	0	ANNOTATED_TARGET_EVIDENCE_AVAILABLE
NPC261012	19	18	1	MIXED_ANNOTATED_AND_UNANNOTATED_TARGETS
NPC261063	1	0	1	UNANNOTATED_TARGET_EVIDENCE_ONLY
NPC261181	1	1	0	ANNOTATED_TARGET_EVIDENCE_AVAILABLE
NPC261195	1	1	0	ANNOTATED_TARGET_EVIDENCE_AVAILABLE
NPC261351	1	1	0	ANNOTATED_TARGET_EVIDENCE_AVAILABLE
NPC261411	1	1	0	ANNOTATED_TARGET_EVIDENCE_AVAILABLE
NPC261453	1	1	0	ANNOTATED_TARGET_EVIDENCE_AVAILABLE
NPC261484	1	1	0	ANNOTATED_TARGET_EVIDENCE_AVAILABLE
NPC261548	7	7	0	ANNOTATED_TARGET_EVIDENCE_AVAILABLE
NPC261619	1	1	0	ANNOTATED_TARGET_EVIDENCE_AVAILABLE
NPC261759	1	1	0	ANNOTATED_TARGET_EVIDENCE_AVAILABLE
NPC261831	16	16	0	ANNOTATED_TARGET_EVIDENCE_AVAILABLE
NPC261935	1	1	0	ANNOTATED_TARGET_EVIDENCE_AVAILABLE
NPC262253	8	6	2	MIXED_ANNOTATED_AND_UNANNOTATED_TARGETS
NPC262359	10	10	0	ANNOTATED_TARGET_EVIDENCE_AVAILABLE
NPC26244	9	9	0	ANNOTATED_TARGET_EVIDENCE_AVAILABLE
NPC262635	8	8	0	ANNOTATED_TARGET_EVIDENCE_AVAILABLE
NPC262671	1	1	0	ANNOTATED_TARGET_EVIDENCE_AVAILABLE
NPC262926	2	2	0	ANNOTATED_TARGET_EVIDENCE_AVAILABLE
NPC262962	2	2	0	ANNOTATED_TARGET_EVIDENCE_AVAILABLE
NPC263065	2	1	1	MIXED_ANNOTATED_AND_UNANNOTATED_TARGETS
NPC263382	2	2	0	ANNOTATED_TARGET_EVIDENCE_AVAILABLE
NPC263386	33	30	3	MIXED_ANNOTATED_AND_UNANNOTATED_TARGETS
NPC2634	9	9	0	ANNOTATED_TARGET_EVIDENCE_AVAILABLE
NPC263548	3	3	0	ANNOTATED_TARGET_EVIDENCE_AVAILABLE
NPC263670	1	1	0	ANNOTATED_TARGET_EVIDENCE_AVAILABLE
NPC263676	3	3	0	ANNOTATED_TARGET_EVIDENCE_AVAILABLE
NPC263977	1	0	1	UNANNOTATED_TARGET_EVIDENCE_ONLY
NPC264005	2	2	0	ANNOTATED_TARGET_EVIDENCE_AVAILABLE
NPC26413	4	4	0	ANNOTATED_TARGET_EVIDENCE_AVAILABLE
NPC264145	9	9	0	ANNOTATED_TARGET_EVIDENCE_AVAILABLE
NPC264166	15	13	2	MIXED_ANNOTATED_AND_UNANNOTATED_TARGETS
NPC264192	3	1	2	MIXED_ANNOTATED_AND_UNANNOTATED_TARGETS
NPC264196	3	3	0	ANNOTATED_TARGET_EVIDENCE_AVAILABLE
NPC264293	10	10	0	ANNOTATED_TARGET_EVIDENCE_AVAILABLE
NPC264317	7	7	0	ANNOTATED_TARGET_EVIDENCE_AVAILABLE
NPC264391	4	2	2	MIXED_ANNOTATED_AND_UNANNOTATED_TARGETS
NPC264400	1	1	0	ANNOTATED_TARGET_EVIDENCE_AVAILABLE
NPC264477	1	1	0	ANNOTATED_TARGET_EVIDENCE_AVAILABLE
NPC264779	1	1	0	ANNOTATED_TARGET_EVIDENCE_AVAILABLE
NPC264938	17	16	1	MIXED_ANNOTATED_AND_UNANNOTATED_TARGETS
NPC265051	1	0	1	UNANNOTATED_TARGET_EVIDENCE_ONLY
NPC265181	1	1	0	ANNOTATED_TARGET_EVIDENCE_AVAILABLE
NPC265480	1	1	0	ANNOTATED_TARGET_EVIDENCE_AVAILABLE
NPC265547	15	14	1	MIXED_ANNOTATED_AND_UNANNOTATED_TARGETS
NPC265557	1	1	0	ANNOTATED_TARGET_EVIDENCE_AVAILABLE
NPC265605	4	4	0	ANNOTATED_TARGET_EVIDENCE_AVAILABLE
NPC265624	2	2	0	ANNOTATED_TARGET_EVIDENCE_AVAILABLE
NPC265789	2	2	0	ANNOTATED_TARGET_EVIDENCE_AVAILABLE
NPC265885	5	5	0	ANNOTATED_TARGET_EVIDENCE_AVAILABLE
NPC266113	1	1	0	ANNOTATED_TARGET_EVIDENCE_AVAILABLE
NPC266116	7	5	2	MIXED_ANNOTATED_AND_UNANNOTATED_TARGETS
NPC26617	5	5	0	ANNOTATED_TARGET_EVIDENCE_AVAILABLE
NPC266176	1	1	0	ANNOTATED_TARGET_EVIDENCE_AVAILABLE
NPC266347	2	2	0	ANNOTATED_TARGET_EVIDENCE_AVAILABLE
NPC266572	1	1	0	ANNOTATED_TARGET_EVIDENCE_AVAILABLE
NPC266597	6	6	0	ANNOTATED_TARGET_EVIDENCE_AVAILABLE
NPC266689	4	4	0	ANNOTATED_TARGET_EVIDENCE_AVAILABLE
NPC266743	1	1	0	ANNOTATED_TARGET_EVIDENCE_AVAILABLE
NPC26697	3	3	0	ANNOTATED_TARGET_EVIDENCE_AVAILABLE
NPC267340	2	2	0	ANNOTATED_TARGET_EVIDENCE_AVAILABLE
NPC267375	4	1	3	MIXED_ANNOTATED_AND_UNANNOTATED_TARGETS
NPC267509	1	1	0	ANNOTATED_TARGET_EVIDENCE_AVAILABLE
NPC267552	1	1	0	ANNOTATED_TARGET_EVIDENCE_AVAILABLE
NPC267627	5	5	0	ANNOTATED_TARGET_EVIDENCE_AVAILABLE
NPC267691	4	4	0	ANNOTATED_TARGET_EVIDENCE_AVAILABLE
NPC268032	1	1	0	ANNOTATED_TARGET_EVIDENCE_AVAILABLE
NPC268238	3	3	0	ANNOTATED_TARGET_EVIDENCE_AVAILABLE
NPC268342	3	3	0	ANNOTATED_TARGET_EVIDENCE_AVAILABLE
NPC26850	3	3	0	ANNOTATED_TARGET_EVIDENCE_AVAILABLE
NPC268503	1	1	0	ANNOTATED_TARGET_EVIDENCE_AVAILABLE
NPC268533	1	1	0	ANNOTATED_TARGET_EVIDENCE_AVAILABLE
NPC268718	2	2	0	ANNOTATED_TARGET_EVIDENCE_AVAILABLE
NPC268763	1	1	0	ANNOTATED_TARGET_EVIDENCE_AVAILABLE
NPC268829	1	1	0	ANNOTATED_TARGET_EVIDENCE_AVAILABLE
NPC268917	1	1	0	ANNOTATED_TARGET_EVIDENCE_AVAILABLE
NPC268922	1	1	0	ANNOTATED_TARGET_EVIDENCE_AVAILABLE
NPC268927	1	0	1	UNANNOTATED_TARGET_EVIDENCE_ONLY
NPC26906	1	1	0	ANNOTATED_TARGET_EVIDENCE_AVAILABLE
NPC269166	1	1	0	ANNOTATED_TARGET_EVIDENCE_AVAILABLE
NPC269206	1	1	0	ANNOTATED_TARGET_EVIDENCE_AVAILABLE
NPC269451	1	1	0	ANNOTATED_TARGET_EVIDENCE_AVAILABLE
NPC269492	1	0	1	UNANNOTATED_TARGET_EVIDENCE_ONLY
NPC26960	1	1	0	ANNOTATED_TARGET_EVIDENCE_AVAILABLE
NPC269677	1	1	0	ANNOTATED_TARGET_EVIDENCE_AVAILABLE
NPC269800	2	2	0	ANNOTATED_TARGET_EVIDENCE_AVAILABLE
NPC269823	2	2	0	ANNOTATED_TARGET_EVIDENCE_AVAILABLE
NPC269877	9	9	0	ANNOTATED_TARGET_EVIDENCE_AVAILABLE
NPC269919	4	4	0	ANNOTATED_TARGET_EVIDENCE_AVAILABLE
NPC270030	1	0	1	UNANNOTATED_TARGET_EVIDENCE_ONLY
NPC270094	15	15	0	ANNOTATED_TARGET_EVIDENCE_AVAILABLE
NPC270465	1	1	0	ANNOTATED_TARGET_EVIDENCE_AVAILABLE
NPC270620	3	3	0	ANNOTATED_TARGET_EVIDENCE_AVAILABLE
NPC270768	3	3	0	ANNOTATED_TARGET_EVIDENCE_AVAILABLE
NPC270796	6	5	1	MIXED_ANNOTATED_AND_UNANNOTATED_TARGETS
NPC270883	1	1	0	ANNOTATED_TARGET_EVIDENCE_AVAILABLE
NPC271208	2	2	0	ANNOTATED_TARGET_EVIDENCE_AVAILABLE
NPC271215	1	0	1	UNANNOTATED_TARGET_EVIDENCE_ONLY
NPC271270	1	1	0	ANNOTATED_TARGET_EVIDENCE_AVAILABLE
NPC271282	1	1	0	ANNOTATED_TARGET_EVIDENCE_AVAILABLE
NPC271385	2	2	0	ANNOTATED_TARGET_EVIDENCE_AVAILABLE
NPC271440	3	3	0	ANNOTATED_TARGET_EVIDENCE_AVAILABLE
NPC271614	1	1	0	ANNOTATED_TARGET_EVIDENCE_AVAILABLE
NPC271732	1	1	0	ANNOTATED_TARGET_EVIDENCE_AVAILABLE
NPC271755	1	1	0	ANNOTATED_TARGET_EVIDENCE_AVAILABLE
NPC27208	12	10	2	MIXED_ANNOTATED_AND_UNANNOTATED_TARGETS
NPC272396	1	0	1	UNANNOTATED_TARGET_EVIDENCE_ONLY
NPC2724	2	2	0	ANNOTATED_TARGET_EVIDENCE_AVAILABLE
NPC272426	7	6	1	MIXED_ANNOTATED_AND_UNANNOTATED_TARGETS
NPC272614	2	1	1	MIXED_ANNOTATED_AND_UNANNOTATED_TARGETS
NPC272721	1	1	0	ANNOTATED_TARGET_EVIDENCE_AVAILABLE
NPC272732	1	1	0	ANNOTATED_TARGET_EVIDENCE_AVAILABLE
NPC273023	2	2	0	ANNOTATED_TARGET_EVIDENCE_AVAILABLE
NPC273033	3	3	0	ANNOTATED_TARGET_EVIDENCE_AVAILABLE
NPC273037	16	10	6	MIXED_ANNOTATED_AND_UNANNOTATED_TARGETS
NPC273330	4	4	0	ANNOTATED_TARGET_EVIDENCE_AVAILABLE
NPC273410	1	1	0	ANNOTATED_TARGET_EVIDENCE_AVAILABLE
NPC273538	1	1	0	ANNOTATED_TARGET_EVIDENCE_AVAILABLE
NPC27359	1	0	1	UNANNOTATED_TARGET_EVIDENCE_ONLY
NPC273657	1	1	0	ANNOTATED_TARGET_EVIDENCE_AVAILABLE
NPC273709	2	2	0	ANNOTATED_TARGET_EVIDENCE_AVAILABLE
NPC273758	9	9	0	ANNOTATED_TARGET_EVIDENCE_AVAILABLE
NPC273932	1	1	0	ANNOTATED_TARGET_EVIDENCE_AVAILABLE
NPC274046	1	1	0	ANNOTATED_TARGET_EVIDENCE_AVAILABLE
NPC274079	1	1	0	ANNOTATED_TARGET_EVIDENCE_AVAILABLE
NPC274121	5	4	1	MIXED_ANNOTATED_AND_UNANNOTATED_TARGETS
NPC274356	3	3	0	ANNOTATED_TARGET_EVIDENCE_AVAILABLE
NPC274443	10	10	0	ANNOTATED_TARGET_EVIDENCE_AVAILABLE
NPC274455	14	12	2	MIXED_ANNOTATED_AND_UNANNOTATED_TARGETS
NPC274499	1	1	0	ANNOTATED_TARGET_EVIDENCE_AVAILABLE
NPC274550	1	0	1	UNANNOTATED_TARGET_EVIDENCE_ONLY
NPC274721	9	9	0	ANNOTATED_TARGET_EVIDENCE_AVAILABLE
NPC274784	3	3	0	ANNOTATED_TARGET_EVIDENCE_AVAILABLE
NPC27501	1	1	0	ANNOTATED_TARGET_EVIDENCE_AVAILABLE
NPC275053	12	12	0	ANNOTATED_TARGET_EVIDENCE_AVAILABLE
NPC275055	2	2	0	ANNOTATED_TARGET_EVIDENCE_AVAILABLE
NPC275462	1	1	0	ANNOTATED_TARGET_EVIDENCE_AVAILABLE
NPC275627	2	2	0	ANNOTATED_TARGET_EVIDENCE_AVAILABLE
NPC275727	1	0	1	UNANNOTATED_TARGET_EVIDENCE_ONLY
NPC275766	1	1	0	ANNOTATED_TARGET_EVIDENCE_AVAILABLE
NPC275780	2	1	1	MIXED_ANNOTATED_AND_UNANNOTATED_TARGETS
NPC275839	2	2	0	ANNOTATED_TARGET_EVIDENCE_AVAILABLE
NPC275903	1	1	0	ANNOTATED_TARGET_EVIDENCE_AVAILABLE
NPC275960	15	14	1	MIXED_ANNOTATED_AND_UNANNOTATED_TARGETS
NPC276014	4	2	2	MIXED_ANNOTATED_AND_UNANNOTATED_TARGETS
NPC276061	1	1	0	ANNOTATED_TARGET_EVIDENCE_AVAILABLE
NPC27633	8	8	0	ANNOTATED_TARGET_EVIDENCE_AVAILABLE
NPC276332	1	1	0	ANNOTATED_TARGET_EVIDENCE_AVAILABLE
NPC276377	2	2	0	ANNOTATED_TARGET_EVIDENCE_AVAILABLE
NPC276409	4	4	0	ANNOTATED_TARGET_EVIDENCE_AVAILABLE
NPC27643	1	1	0	ANNOTATED_TARGET_EVIDENCE_AVAILABLE
NPC276506	1	1	0	ANNOTATED_TARGET_EVIDENCE_AVAILABLE
NPC276588	3	3	0	ANNOTATED_TARGET_EVIDENCE_AVAILABLE
NPC276661	4	4	0	ANNOTATED_TARGET_EVIDENCE_AVAILABLE
NPC276905	1	1	0	ANNOTATED_TARGET_EVIDENCE_AVAILABLE
NPC276928	2	0	2	UNANNOTATED_TARGET_EVIDENCE_ONLY
NPC276930	1	1	0	ANNOTATED_TARGET_EVIDENCE_AVAILABLE
NPC276944	1	1	0	ANNOTATED_TARGET_EVIDENCE_AVAILABLE
NPC27699	1	0	1	UNANNOTATED_TARGET_EVIDENCE_ONLY
NPC277021	10	9	1	MIXED_ANNOTATED_AND_UNANNOTATED_TARGETS
NPC2771	18	15	3	MIXED_ANNOTATED_AND_UNANNOTATED_TARGETS
NPC277174	4	4	0	ANNOTATED_TARGET_EVIDENCE_AVAILABLE
NPC27723	1	1	0	ANNOTATED_TARGET_EVIDENCE_AVAILABLE
NPC277475	2	1	1	MIXED_ANNOTATED_AND_UNANNOTATED_TARGETS
NPC277510	22	21	1	MIXED_ANNOTATED_AND_UNANNOTATED_TARGETS
NPC27765	2	2	0	ANNOTATED_TARGET_EVIDENCE_AVAILABLE
NPC277704	4	4	0	ANNOTATED_TARGET_EVIDENCE_AVAILABLE
NPC278010	4	4	0	ANNOTATED_TARGET_EVIDENCE_AVAILABLE
NPC278028	3	3	0	ANNOTATED_TARGET_EVIDENCE_AVAILABLE
NPC278068	1	1	0	ANNOTATED_TARGET_EVIDENCE_AVAILABLE
NPC278102	2	2	0	ANNOTATED_TARGET_EVIDENCE_AVAILABLE
NPC278175	16	16	0	ANNOTATED_TARGET_EVIDENCE_AVAILABLE
NPC278308	9	9	0	ANNOTATED_TARGET_EVIDENCE_AVAILABLE
NPC27836	2	1	1	MIXED_ANNOTATED_AND_UNANNOTATED_TARGETS
NPC278419	1	1	0	ANNOTATED_TARGET_EVIDENCE_AVAILABLE
NPC278427	1	1	0	ANNOTATED_TARGET_EVIDENCE_AVAILABLE
NPC278525	1	0	1	UNANNOTATED_TARGET_EVIDENCE_ONLY
NPC278552	2	2	0	ANNOTATED_TARGET_EVIDENCE_AVAILABLE
NPC278556	5	5	0	ANNOTATED_TARGET_EVIDENCE_AVAILABLE
NPC278758	3	2	1	MIXED_ANNOTATED_AND_UNANNOTATED_TARGETS
NPC278778	2	1	1	MIXED_ANNOTATED_AND_UNANNOTATED_TARGETS
NPC278787	2	2	0	ANNOTATED_TARGET_EVIDENCE_AVAILABLE
NPC278799	1	1	0	ANNOTATED_TARGET_EVIDENCE_AVAILABLE
NPC278821	1	0	1	UNANNOTATED_TARGET_EVIDENCE_ONLY
NPC278877	2	2	0	ANNOTATED_TARGET_EVIDENCE_AVAILABLE
NPC278968	1	1	0	ANNOTATED_TARGET_EVIDENCE_AVAILABLE
NPC279026	4	4	0	ANNOTATED_TARGET_EVIDENCE_AVAILABLE
NPC279118	1	1	0	ANNOTATED_TARGET_EVIDENCE_AVAILABLE
NPC279121	71	62	9	MIXED_ANNOTATED_AND_UNANNOTATED_TARGETS
NPC279209	3	3	0	ANNOTATED_TARGET_EVIDENCE_AVAILABLE
NPC279401	2	2	0	ANNOTATED_TARGET_EVIDENCE_AVAILABLE
NPC279406	2	2	0	ANNOTATED_TARGET_EVIDENCE_AVAILABLE
NPC279463	1	1	0	ANNOTATED_TARGET_EVIDENCE_AVAILABLE
NPC279666	3	2	1	MIXED_ANNOTATED_AND_UNANNOTATED_TARGETS
NPC279916	2	2	0	ANNOTATED_TARGET_EVIDENCE_AVAILABLE
NPC280026	18	16	2	MIXED_ANNOTATED_AND_UNANNOTATED_TARGETS
NPC280135	3	3	0	ANNOTATED_TARGET_EVIDENCE_AVAILABLE
NPC280254	13	13	0	ANNOTATED_TARGET_EVIDENCE_AVAILABLE
NPC280606	2	2	0	ANNOTATED_TARGET_EVIDENCE_AVAILABLE
NPC280664	1	0	1	UNANNOTATED_TARGET_EVIDENCE_ONLY
NPC280807	17	16	1	MIXED_ANNOTATED_AND_UNANNOTATED_TARGETS
NPC280869	1	1	0	ANNOTATED_TARGET_EVIDENCE_AVAILABLE
NPC280945	1	1	0	ANNOTATED_TARGET_EVIDENCE_AVAILABLE
NPC281014	1	1	0	ANNOTATED_TARGET_EVIDENCE_AVAILABLE
NPC281020	5	5	0	ANNOTATED_TARGET_EVIDENCE_AVAILABLE
NPC281094	1	1	0	ANNOTATED_TARGET_EVIDENCE_AVAILABLE
NPC281104	5	5	0	ANNOTATED_TARGET_EVIDENCE_AVAILABLE
NPC281131	9	8	1	MIXED_ANNOTATED_AND_UNANNOTATED_TARGETS
NPC281356	3	3	0	ANNOTATED_TARGET_EVIDENCE_AVAILABLE
NPC281398	21	18	3	MIXED_ANNOTATED_AND_UNANNOTATED_TARGETS
NPC281521	1	1	0	ANNOTATED_TARGET_EVIDENCE_AVAILABLE
NPC281558	1	1	0	ANNOTATED_TARGET_EVIDENCE_AVAILABLE
NPC281604	1	1	0	ANNOTATED_TARGET_EVIDENCE_AVAILABLE
NPC28169	1	1	0	ANNOTATED_TARGET_EVIDENCE_AVAILABLE
NPC281883	2	2	0	ANNOTATED_TARGET_EVIDENCE_AVAILABLE
NPC281972	1	1	0	ANNOTATED_TARGET_EVIDENCE_AVAILABLE
NPC281986	7	7	0	ANNOTATED_TARGET_EVIDENCE_AVAILABLE
NPC282009	1	1	0	ANNOTATED_TARGET_EVIDENCE_AVAILABLE
NPC282267	1	1	0	ANNOTATED_TARGET_EVIDENCE_AVAILABLE
NPC282294	18	13	5	MIXED_ANNOTATED_AND_UNANNOTATED_TARGETS
NPC282300	1	1	0	ANNOTATED_TARGET_EVIDENCE_AVAILABLE
NPC282307	14	14	0	ANNOTATED_TARGET_EVIDENCE_AVAILABLE
NPC282454	1	1	0	ANNOTATED_TARGET_EVIDENCE_AVAILABLE
NPC28280	3	3	0	ANNOTATED_TARGET_EVIDENCE_AVAILABLE
NPC282895	2	2	0	ANNOTATED_TARGET_EVIDENCE_AVAILABLE
NPC282923	11	10	1	MIXED_ANNOTATED_AND_UNANNOTATED_TARGETS
NPC283130	1	1	0	ANNOTATED_TARGET_EVIDENCE_AVAILABLE
NPC283245	1	1	0	ANNOTATED_TARGET_EVIDENCE_AVAILABLE
NPC28337	3	3	0	ANNOTATED_TARGET_EVIDENCE_AVAILABLE
NPC283468	3	3	0	ANNOTATED_TARGET_EVIDENCE_AVAILABLE
NPC283655	1	1	0	ANNOTATED_TARGET_EVIDENCE_AVAILABLE
NPC283682	1	1	0	ANNOTATED_TARGET_EVIDENCE_AVAILABLE
NPC283823	1	0	1	UNANNOTATED_TARGET_EVIDENCE_ONLY
NPC283908	2	2	0	ANNOTATED_TARGET_EVIDENCE_AVAILABLE
NPC283949	1	1	0	ANNOTATED_TARGET_EVIDENCE_AVAILABLE
NPC28425	5	5	0	ANNOTATED_TARGET_EVIDENCE_AVAILABLE
NPC284409	1	1	0	ANNOTATED_TARGET_EVIDENCE_AVAILABLE
NPC284424	1	1	0	ANNOTATED_TARGET_EVIDENCE_AVAILABLE
NPC284472	1	1	0	ANNOTATED_TARGET_EVIDENCE_AVAILABLE
NPC284475	3	3	0	ANNOTATED_TARGET_EVIDENCE_AVAILABLE
NPC284685	1	1	0	ANNOTATED_TARGET_EVIDENCE_AVAILABLE
NPC284810	3	3	0	ANNOTATED_TARGET_EVIDENCE_AVAILABLE
NPC284820	1	0	1	UNANNOTATED_TARGET_EVIDENCE_ONLY
NPC28510	3	3	0	ANNOTATED_TARGET_EVIDENCE_AVAILABLE
NPC285254	1	0	1	UNANNOTATED_TARGET_EVIDENCE_ONLY
NPC285322	1	1	0	ANNOTATED_TARGET_EVIDENCE_AVAILABLE
NPC285364	1	0	1	UNANNOTATED_TARGET_EVIDENCE_ONLY
NPC285394	3	3	0	ANNOTATED_TARGET_EVIDENCE_AVAILABLE
NPC285480	1	1	0	ANNOTATED_TARGET_EVIDENCE_AVAILABLE
NPC285555	1	1	0	ANNOTATED_TARGET_EVIDENCE_AVAILABLE
NPC285635	8	8	0	ANNOTATED_TARGET_EVIDENCE_AVAILABLE
NPC285659	1	1	0	ANNOTATED_TARGET_EVIDENCE_AVAILABLE
NPC285716	2	2	0	ANNOTATED_TARGET_EVIDENCE_AVAILABLE
NPC285773	1	1	0	ANNOTATED_TARGET_EVIDENCE_AVAILABLE
NPC285776	9	8	1	MIXED_ANNOTATED_AND_UNANNOTATED_TARGETS
NPC285829	26	24	2	MIXED_ANNOTATED_AND_UNANNOTATED_TARGETS
NPC285923	2	1	1	MIXED_ANNOTATED_AND_UNANNOTATED_TARGETS
NPC285973	5	1	4	MIXED_ANNOTATED_AND_UNANNOTATED_TARGETS
NPC286006	3	3	0	ANNOTATED_TARGET_EVIDENCE_AVAILABLE
NPC286233	1	0	1	UNANNOTATED_TARGET_EVIDENCE_ONLY
NPC286342	9	9	0	ANNOTATED_TARGET_EVIDENCE_AVAILABLE
NPC28657	3	3	0	ANNOTATED_TARGET_EVIDENCE_AVAILABLE
NPC286608	1	1	0	ANNOTATED_TARGET_EVIDENCE_AVAILABLE
NPC286641	4	4	0	ANNOTATED_TARGET_EVIDENCE_AVAILABLE
NPC287063	1	0	1	UNANNOTATED_TARGET_EVIDENCE_ONLY
NPC287105	1	1	0	ANNOTATED_TARGET_EVIDENCE_AVAILABLE
NPC287118	1	1	0	ANNOTATED_TARGET_EVIDENCE_AVAILABLE
NPC287152	2	2	0	ANNOTATED_TARGET_EVIDENCE_AVAILABLE
NPC287182	3	3	0	ANNOTATED_TARGET_EVIDENCE_AVAILABLE
NPC287231	1	1	0	ANNOTATED_TARGET_EVIDENCE_AVAILABLE
NPC287328	1	1	0	ANNOTATED_TARGET_EVIDENCE_AVAILABLE
NPC287331	6	6	0	ANNOTATED_TARGET_EVIDENCE_AVAILABLE
NPC287597	2	2	0	ANNOTATED_TARGET_EVIDENCE_AVAILABLE
NPC287638	2	2	0	ANNOTATED_TARGET_EVIDENCE_AVAILABLE
NPC287789	5	5	0	ANNOTATED_TARGET_EVIDENCE_AVAILABLE
NPC287876	2	1	1	MIXED_ANNOTATED_AND_UNANNOTATED_TARGETS
NPC287895	3	3	0	ANNOTATED_TARGET_EVIDENCE_AVAILABLE
NPC288089	23	20	3	MIXED_ANNOTATED_AND_UNANNOTATED_TARGETS
NPC288240	10	10	0	ANNOTATED_TARGET_EVIDENCE_AVAILABLE
NPC288349	1	1	0	ANNOTATED_TARGET_EVIDENCE_AVAILABLE
NPC288350	3	3	0	ANNOTATED_TARGET_EVIDENCE_AVAILABLE
NPC288411	8	8	0	ANNOTATED_TARGET_EVIDENCE_AVAILABLE
NPC288430	1	1	0	ANNOTATED_TARGET_EVIDENCE_AVAILABLE
NPC288813	1	1	0	ANNOTATED_TARGET_EVIDENCE_AVAILABLE
NPC288838	3	3	0	ANNOTATED_TARGET_EVIDENCE_AVAILABLE
NPC288840	10	10	0	ANNOTATED_TARGET_EVIDENCE_AVAILABLE
NPC288943	1	1	0	ANNOTATED_TARGET_EVIDENCE_AVAILABLE
NPC289004	2	2	0	ANNOTATED_TARGET_EVIDENCE_AVAILABLE
NPC289086	1	1	0	ANNOTATED_TARGET_EVIDENCE_AVAILABLE
NPC289322	4	4	0	ANNOTATED_TARGET_EVIDENCE_AVAILABLE
NPC289358	2	1	1	MIXED_ANNOTATED_AND_UNANNOTATED_TARGETS
NPC289388	1	1	0	ANNOTATED_TARGET_EVIDENCE_AVAILABLE
NPC289432	14	14	0	ANNOTATED_TARGET_EVIDENCE_AVAILABLE
NPC289459	8	8	0	ANNOTATED_TARGET_EVIDENCE_AVAILABLE
NPC28959	1	0	1	UNANNOTATED_TARGET_EVIDENCE_ONLY
NPC289660	1	0	1	UNANNOTATED_TARGET_EVIDENCE_ONLY
NPC289702	6	5	1	MIXED_ANNOTATED_AND_UNANNOTATED_TARGETS
NPC289758	1	0	1	UNANNOTATED_TARGET_EVIDENCE_ONLY
NPC289769	2	2	0	ANNOTATED_TARGET_EVIDENCE_AVAILABLE
NPC289774	1	1	0	ANNOTATED_TARGET_EVIDENCE_AVAILABLE
NPC289883	1	0	1	UNANNOTATED_TARGET_EVIDENCE_ONLY
NPC289955	1	1	0	ANNOTATED_TARGET_EVIDENCE_AVAILABLE
NPC289979	6	6	0	ANNOTATED_TARGET_EVIDENCE_AVAILABLE
NPC290005	5	5	0	ANNOTATED_TARGET_EVIDENCE_AVAILABLE
NPC290030	1	1	0	ANNOTATED_TARGET_EVIDENCE_AVAILABLE
NPC290106	1	1	0	ANNOTATED_TARGET_EVIDENCE_AVAILABLE
NPC290160	1	1	0	ANNOTATED_TARGET_EVIDENCE_AVAILABLE
NPC290466	1	0	1	UNANNOTATED_TARGET_EVIDENCE_ONLY
NPC2905	1	0	1	UNANNOTATED_TARGET_EVIDENCE_ONLY
NPC290515	1	1	0	ANNOTATED_TARGET_EVIDENCE_AVAILABLE
NPC290550	11	11	0	ANNOTATED_TARGET_EVIDENCE_AVAILABLE
NPC290563	4	4	0	ANNOTATED_TARGET_EVIDENCE_AVAILABLE
NPC290566	3	3	0	ANNOTATED_TARGET_EVIDENCE_AVAILABLE
NPC290605	5	5	0	ANNOTATED_TARGET_EVIDENCE_AVAILABLE
NPC290803	2	1	1	MIXED_ANNOTATED_AND_UNANNOTATED_TARGETS
NPC290830	1	1	0	ANNOTATED_TARGET_EVIDENCE_AVAILABLE
NPC290971	6	6	0	ANNOTATED_TARGET_EVIDENCE_AVAILABLE
NPC291027	1	1	0	ANNOTATED_TARGET_EVIDENCE_AVAILABLE
NPC291066	3	3	0	ANNOTATED_TARGET_EVIDENCE_AVAILABLE
NPC291158	1	1	0	ANNOTATED_TARGET_EVIDENCE_AVAILABLE
NPC291305	7	3	4	MIXED_ANNOTATED_AND_UNANNOTATED_TARGETS
NPC291389	16	15	1	MIXED_ANNOTATED_AND_UNANNOTATED_TARGETS
NPC291426	1	0	1	UNANNOTATED_TARGET_EVIDENCE_ONLY
NPC291449	2	2	0	ANNOTATED_TARGET_EVIDENCE_AVAILABLE
NPC291454	2	2	0	ANNOTATED_TARGET_EVIDENCE_AVAILABLE
NPC291508	1	1	0	ANNOTATED_TARGET_EVIDENCE_AVAILABLE
NPC291638	1	1	0	ANNOTATED_TARGET_EVIDENCE_AVAILABLE
NPC291746	1	1	0	ANNOTATED_TARGET_EVIDENCE_AVAILABLE
NPC291789	1	1	0	ANNOTATED_TARGET_EVIDENCE_AVAILABLE
NPC291799	1	1	0	ANNOTATED_TARGET_EVIDENCE_AVAILABLE
NPC291878	1	1	0	ANNOTATED_TARGET_EVIDENCE_AVAILABLE
NPC291957	1	1	0	ANNOTATED_TARGET_EVIDENCE_AVAILABLE
NPC292133	1	1	0	ANNOTATED_TARGET_EVIDENCE_AVAILABLE
NPC292213	1	1	0	ANNOTATED_TARGET_EVIDENCE_AVAILABLE
NPC292233	1	1	0	ANNOTATED_TARGET_EVIDENCE_AVAILABLE
NPC292265	9	9	0	ANNOTATED_TARGET_EVIDENCE_AVAILABLE
NPC29231	1	1	0	ANNOTATED_TARGET_EVIDENCE_AVAILABLE
NPC292366	3	3	0	ANNOTATED_TARGET_EVIDENCE_AVAILABLE
NPC292452	11	10	1	MIXED_ANNOTATED_AND_UNANNOTATED_TARGETS
NPC292758	3	3	0	ANNOTATED_TARGET_EVIDENCE_AVAILABLE
NPC292792	4	4	0	ANNOTATED_TARGET_EVIDENCE_AVAILABLE
NPC292803	2	1	1	MIXED_ANNOTATED_AND_UNANNOTATED_TARGETS
NPC292998	4	4	0	ANNOTATED_TARGET_EVIDENCE_AVAILABLE
NPC293053	1	1	0	ANNOTATED_TARGET_EVIDENCE_AVAILABLE
NPC293163	1	0	1	UNANNOTATED_TARGET_EVIDENCE_ONLY
NPC293183	2	1	1	MIXED_ANNOTATED_AND_UNANNOTATED_TARGETS
NPC293255	3	3	0	ANNOTATED_TARGET_EVIDENCE_AVAILABLE
NPC293378	3	1	2	MIXED_ANNOTATED_AND_UNANNOTATED_TARGETS
NPC293454	9	9	0	ANNOTATED_TARGET_EVIDENCE_AVAILABLE
NPC293551	4	4	0	ANNOTATED_TARGET_EVIDENCE_AVAILABLE
NPC293624	1	1	0	ANNOTATED_TARGET_EVIDENCE_AVAILABLE
NPC293641	1	1	0	ANNOTATED_TARGET_EVIDENCE_AVAILABLE
NPC293757	1	1	0	ANNOTATED_TARGET_EVIDENCE_AVAILABLE
NPC293799	5	5	0	ANNOTATED_TARGET_EVIDENCE_AVAILABLE
NPC293871	1	1	0	ANNOTATED_TARGET_EVIDENCE_AVAILABLE
NPC294193	1	1	0	ANNOTATED_TARGET_EVIDENCE_AVAILABLE
NPC294226	17	16	1	MIXED_ANNOTATED_AND_UNANNOTATED_TARGETS
NPC294249	2	2	0	ANNOTATED_TARGET_EVIDENCE_AVAILABLE
NPC294304	1	1	0	ANNOTATED_TARGET_EVIDENCE_AVAILABLE
NPC294409	28	28	0	ANNOTATED_TARGET_EVIDENCE_AVAILABLE
NPC294548	22	20	2	MIXED_ANNOTATED_AND_UNANNOTATED_TARGETS
NPC294703	1	1	0	ANNOTATED_TARGET_EVIDENCE_AVAILABLE
NPC294830	1	1	0	ANNOTATED_TARGET_EVIDENCE_AVAILABLE
NPC294852	8	8	0	ANNOTATED_TARGET_EVIDENCE_AVAILABLE
NPC294858	1	1	0	ANNOTATED_TARGET_EVIDENCE_AVAILABLE
NPC294883	2	2	0	ANNOTATED_TARGET_EVIDENCE_AVAILABLE
NPC294902	39	38	1	MIXED_ANNOTATED_AND_UNANNOTATED_TARGETS
NPC294909	12	12	0	ANNOTATED_TARGET_EVIDENCE_AVAILABLE
NPC294941	7	7	0	ANNOTATED_TARGET_EVIDENCE_AVAILABLE
NPC294965	1	1	0	ANNOTATED_TARGET_EVIDENCE_AVAILABLE
NPC295021	1	1	0	ANNOTATED_TARGET_EVIDENCE_AVAILABLE
NPC295110	4	4	0	ANNOTATED_TARGET_EVIDENCE_AVAILABLE
NPC295204	6	6	0	ANNOTATED_TARGET_EVIDENCE_AVAILABLE
NPC295261	2	2	0	ANNOTATED_TARGET_EVIDENCE_AVAILABLE
NPC295317	2	2	0	ANNOTATED_TARGET_EVIDENCE_AVAILABLE
NPC29536	1	1	0	ANNOTATED_TARGET_EVIDENCE_AVAILABLE
NPC295608	1	1	0	ANNOTATED_TARGET_EVIDENCE_AVAILABLE
NPC295643	2	2	0	ANNOTATED_TARGET_EVIDENCE_AVAILABLE
NPC295691	4	4	0	ANNOTATED_TARGET_EVIDENCE_AVAILABLE
NPC295898	1	1	0	ANNOTATED_TARGET_EVIDENCE_AVAILABLE
NPC295941	2	2	0	ANNOTATED_TARGET_EVIDENCE_AVAILABLE
NPC29599	2	2	0	ANNOTATED_TARGET_EVIDENCE_AVAILABLE
NPC29601	1	0	1	UNANNOTATED_TARGET_EVIDENCE_ONLY
NPC296030	1	1	0	ANNOTATED_TARGET_EVIDENCE_AVAILABLE
NPC296163	1	1	0	ANNOTATED_TARGET_EVIDENCE_AVAILABLE
NPC296377	5	5	0	ANNOTATED_TARGET_EVIDENCE_AVAILABLE
NPC296482	19	18	1	MIXED_ANNOTATED_AND_UNANNOTATED_TARGETS
NPC296490	2	2	0	ANNOTATED_TARGET_EVIDENCE_AVAILABLE
NPC296540	1	1	0	ANNOTATED_TARGET_EVIDENCE_AVAILABLE
NPC296697	1	1	0	ANNOTATED_TARGET_EVIDENCE_AVAILABLE
NPC296742	1	1	0	ANNOTATED_TARGET_EVIDENCE_AVAILABLE
NPC296915	1	1	0	ANNOTATED_TARGET_EVIDENCE_AVAILABLE
NPC296920	7	7	0	ANNOTATED_TARGET_EVIDENCE_AVAILABLE
NPC296998	2	0	2	UNANNOTATED_TARGET_EVIDENCE_ONLY
NPC297186	11	11	0	ANNOTATED_TARGET_EVIDENCE_AVAILABLE
NPC29721	1	1	0	ANNOTATED_TARGET_EVIDENCE_AVAILABLE
NPC297322	2	2	0	ANNOTATED_TARGET_EVIDENCE_AVAILABLE
NPC297358	1	1	0	ANNOTATED_TARGET_EVIDENCE_AVAILABLE
NPC297363	1	1	0	ANNOTATED_TARGET_EVIDENCE_AVAILABLE
NPC297503	1	1	0	ANNOTATED_TARGET_EVIDENCE_AVAILABLE
NPC297531	2	2	0	ANNOTATED_TARGET_EVIDENCE_AVAILABLE
NPC29771	1	1	0	ANNOTATED_TARGET_EVIDENCE_AVAILABLE
NPC298093	22	22	0	ANNOTATED_TARGET_EVIDENCE_AVAILABLE
NPC298257	5	5	0	ANNOTATED_TARGET_EVIDENCE_AVAILABLE
NPC298268	1	1	0	ANNOTATED_TARGET_EVIDENCE_AVAILABLE
NPC298486	2	2	0	ANNOTATED_TARGET_EVIDENCE_AVAILABLE
NPC298796	7	6	1	MIXED_ANNOTATED_AND_UNANNOTATED_TARGETS
NPC29883	14	13	1	MIXED_ANNOTATED_AND_UNANNOTATED_TARGETS
NPC2989	6	5	1	MIXED_ANNOTATED_AND_UNANNOTATED_TARGETS
NPC299090	1	0	1	UNANNOTATED_TARGET_EVIDENCE_ONLY
NPC299134	6	6	0	ANNOTATED_TARGET_EVIDENCE_AVAILABLE
NPC299235	1	1	0	ANNOTATED_TARGET_EVIDENCE_AVAILABLE
NPC299369	1	1	0	ANNOTATED_TARGET_EVIDENCE_AVAILABLE
NPC299379	7	7	0	ANNOTATED_TARGET_EVIDENCE_AVAILABLE
NPC299405	4	2	2	MIXED_ANNOTATED_AND_UNANNOTATED_TARGETS
NPC299406	2	2	0	ANNOTATED_TARGET_EVIDENCE_AVAILABLE
NPC299484	1	1	0	ANNOTATED_TARGET_EVIDENCE_AVAILABLE
NPC299568	23	23	0	ANNOTATED_TARGET_EVIDENCE_AVAILABLE
NPC299590	6	5	1	MIXED_ANNOTATED_AND_UNANNOTATED_TARGETS
NPC299741	1	1	0	ANNOTATED_TARGET_EVIDENCE_AVAILABLE
NPC299781	1	0	1	UNANNOTATED_TARGET_EVIDENCE_ONLY
NPC29980	2	1	1	MIXED_ANNOTATED_AND_UNANNOTATED_TARGETS
NPC299923	1	1	0	ANNOTATED_TARGET_EVIDENCE_AVAILABLE
NPC299939	1	1	0	ANNOTATED_TARGET_EVIDENCE_AVAILABLE
NPC299990	4	4	0	ANNOTATED_TARGET_EVIDENCE_AVAILABLE
NPC299996	1	1	0	ANNOTATED_TARGET_EVIDENCE_AVAILABLE
NPC300017	2	2	0	ANNOTATED_TARGET_EVIDENCE_AVAILABLE
NPC300020	1	1	0	ANNOTATED_TARGET_EVIDENCE_AVAILABLE
NPC300059	4	3	1	MIXED_ANNOTATED_AND_UNANNOTATED_TARGETS
NPC300205	2	2	0	ANNOTATED_TARGET_EVIDENCE_AVAILABLE
NPC300267	1	1	0	ANNOTATED_TARGET_EVIDENCE_AVAILABLE
NPC300325	1	1	0	ANNOTATED_TARGET_EVIDENCE_AVAILABLE
NPC300326	2	2	0	ANNOTATED_TARGET_EVIDENCE_AVAILABLE
NPC300596	9	8	1	MIXED_ANNOTATED_AND_UNANNOTATED_TARGETS
NPC300657	2	2	0	ANNOTATED_TARGET_EVIDENCE_AVAILABLE
NPC300776	2	2	0	ANNOTATED_TARGET_EVIDENCE_AVAILABLE
NPC300798	3	3	0	ANNOTATED_TARGET_EVIDENCE_AVAILABLE
NPC300845	6	6	0	ANNOTATED_TARGET_EVIDENCE_AVAILABLE
NPC300894	1	1	0	ANNOTATED_TARGET_EVIDENCE_AVAILABLE
NPC300940	2	2	0	ANNOTATED_TARGET_EVIDENCE_AVAILABLE
NPC300984	11	11	0	ANNOTATED_TARGET_EVIDENCE_AVAILABLE
NPC301217	1	1	0	ANNOTATED_TARGET_EVIDENCE_AVAILABLE
NPC301585	5	4	1	MIXED_ANNOTATED_AND_UNANNOTATED_TARGETS
NPC301696	6	4	2	MIXED_ANNOTATED_AND_UNANNOTATED_TARGETS
NPC301702	4	4	0	ANNOTATED_TARGET_EVIDENCE_AVAILABLE
NPC301874	1	1	0	ANNOTATED_TARGET_EVIDENCE_AVAILABLE
NPC302003	1	0	1	UNANNOTATED_TARGET_EVIDENCE_ONLY
NPC302159	4	2	2	MIXED_ANNOTATED_AND_UNANNOTATED_TARGETS
NPC302171	2	2	0	ANNOTATED_TARGET_EVIDENCE_AVAILABLE
NPC302188	8	8	0	ANNOTATED_TARGET_EVIDENCE_AVAILABLE
NPC302191	1	1	0	ANNOTATED_TARGET_EVIDENCE_AVAILABLE
NPC302408	1	1	0	ANNOTATED_TARGET_EVIDENCE_AVAILABLE
NPC302426	1	1	0	ANNOTATED_TARGET_EVIDENCE_AVAILABLE
NPC302449	3	3	0	ANNOTATED_TARGET_EVIDENCE_AVAILABLE
NPC302527	1	1	0	ANNOTATED_TARGET_EVIDENCE_AVAILABLE
NPC302857	6	5	1	MIXED_ANNOTATED_AND_UNANNOTATED_TARGETS
NPC302950	22	22	0	ANNOTATED_TARGET_EVIDENCE_AVAILABLE
NPC303141	4	3	1	MIXED_ANNOTATED_AND_UNANNOTATED_TARGETS
NPC30324	1	0	1	UNANNOTATED_TARGET_EVIDENCE_ONLY
NPC30326	2	1	1	MIXED_ANNOTATED_AND_UNANNOTATED_TARGETS
NPC303264	1	1	0	ANNOTATED_TARGET_EVIDENCE_AVAILABLE
NPC303422	5	5	0	ANNOTATED_TARGET_EVIDENCE_AVAILABLE
NPC303460	2	0	2	UNANNOTATED_TARGET_EVIDENCE_ONLY
NPC303485	3	2	1	MIXED_ANNOTATED_AND_UNANNOTATED_TARGETS
NPC303522	1	1	0	ANNOTATED_TARGET_EVIDENCE_AVAILABLE
NPC303581	3	3	0	ANNOTATED_TARGET_EVIDENCE_AVAILABLE
NPC303633	1	1	0	ANNOTATED_TARGET_EVIDENCE_AVAILABLE
NPC303644	1	1	0	ANNOTATED_TARGET_EVIDENCE_AVAILABLE
NPC303777	1	1	0	ANNOTATED_TARGET_EVIDENCE_AVAILABLE
NPC303798	1	1	0	ANNOTATED_TARGET_EVIDENCE_AVAILABLE
NPC304008	1	1	0	ANNOTATED_TARGET_EVIDENCE_AVAILABLE
NPC304074	1	1	0	ANNOTATED_TARGET_EVIDENCE_AVAILABLE
NPC304079	2	2	0	ANNOTATED_TARGET_EVIDENCE_AVAILABLE
NPC30421	1	1	0	ANNOTATED_TARGET_EVIDENCE_AVAILABLE
NPC304223	1	1	0	ANNOTATED_TARGET_EVIDENCE_AVAILABLE
NPC304295	1	1	0	ANNOTATED_TARGET_EVIDENCE_AVAILABLE
NPC304351	1	1	0	ANNOTATED_TARGET_EVIDENCE_AVAILABLE
NPC304443	4	4	0	ANNOTATED_TARGET_EVIDENCE_AVAILABLE
NPC304638	6	6	0	ANNOTATED_TARGET_EVIDENCE_AVAILABLE
NPC304795	1	1	0	ANNOTATED_TARGET_EVIDENCE_AVAILABLE
NPC304836	2	2	0	ANNOTATED_TARGET_EVIDENCE_AVAILABLE
NPC304837	2	2	0	ANNOTATED_TARGET_EVIDENCE_AVAILABLE
NPC304839	1	1	0	ANNOTATED_TARGET_EVIDENCE_AVAILABLE
NPC304929	1	1	0	ANNOTATED_TARGET_EVIDENCE_AVAILABLE
NPC304954	9	9	0	ANNOTATED_TARGET_EVIDENCE_AVAILABLE
NPC304956	1	0	1	UNANNOTATED_TARGET_EVIDENCE_ONLY
NPC305016	2	2	0	ANNOTATED_TARGET_EVIDENCE_AVAILABLE
NPC305039	6	6	0	ANNOTATED_TARGET_EVIDENCE_AVAILABLE
NPC30506	1	1	0	ANNOTATED_TARGET_EVIDENCE_AVAILABLE
NPC305464	1	1	0	ANNOTATED_TARGET_EVIDENCE_AVAILABLE
NPC305518	4	4	0	ANNOTATED_TARGET_EVIDENCE_AVAILABLE
NPC305542	1	0	1	UNANNOTATED_TARGET_EVIDENCE_ONLY
NPC305648	7	7	0	ANNOTATED_TARGET_EVIDENCE_AVAILABLE
NPC30583	2	2	0	ANNOTATED_TARGET_EVIDENCE_AVAILABLE
NPC305847	2	2	0	ANNOTATED_TARGET_EVIDENCE_AVAILABLE
NPC305912	2	2	0	ANNOTATED_TARGET_EVIDENCE_AVAILABLE
NPC30594	2	2	0	ANNOTATED_TARGET_EVIDENCE_AVAILABLE
NPC305985	1	1	0	ANNOTATED_TARGET_EVIDENCE_AVAILABLE
NPC306001	2	2	0	ANNOTATED_TARGET_EVIDENCE_AVAILABLE
NPC306009	1	1	0	ANNOTATED_TARGET_EVIDENCE_AVAILABLE
NPC306074	3	3	0	ANNOTATED_TARGET_EVIDENCE_AVAILABLE
NPC306195	3	3	0	ANNOTATED_TARGET_EVIDENCE_AVAILABLE
NPC306238	5	5	0	ANNOTATED_TARGET_EVIDENCE_AVAILABLE
NPC306277	11	11	0	ANNOTATED_TARGET_EVIDENCE_AVAILABLE
NPC306397	6	1	5	MIXED_ANNOTATED_AND_UNANNOTATED_TARGETS
NPC306462	12	3	9	MIXED_ANNOTATED_AND_UNANNOTATED_TARGETS
NPC30647	2	2	0	ANNOTATED_TARGET_EVIDENCE_AVAILABLE
NPC306488	1	1	0	ANNOTATED_TARGET_EVIDENCE_AVAILABLE
NPC306541	1	1	0	ANNOTATED_TARGET_EVIDENCE_AVAILABLE
NPC30677	1	1	0	ANNOTATED_TARGET_EVIDENCE_AVAILABLE
NPC306788	3	3	0	ANNOTATED_TARGET_EVIDENCE_AVAILABLE
NPC306835	3	1	2	MIXED_ANNOTATED_AND_UNANNOTATED_TARGETS
NPC306843	11	11	0	ANNOTATED_TARGET_EVIDENCE_AVAILABLE
NPC306856	1	1	0	ANNOTATED_TARGET_EVIDENCE_AVAILABLE
NPC306902	7	5	2	MIXED_ANNOTATED_AND_UNANNOTATED_TARGETS
NPC30691	1	1	0	ANNOTATED_TARGET_EVIDENCE_AVAILABLE
NPC307006	2	2	0	ANNOTATED_TARGET_EVIDENCE_AVAILABLE
NPC307050	1	1	0	ANNOTATED_TARGET_EVIDENCE_AVAILABLE
NPC307063	1	1	0	ANNOTATED_TARGET_EVIDENCE_AVAILABLE
NPC307123	4	4	0	ANNOTATED_TARGET_EVIDENCE_AVAILABLE
NPC307174	1	1	0	ANNOTATED_TARGET_EVIDENCE_AVAILABLE
NPC307176	30	28	2	MIXED_ANNOTATED_AND_UNANNOTATED_TARGETS
NPC307412	3	3	0	ANNOTATED_TARGET_EVIDENCE_AVAILABLE
NPC307426	3	3	0	ANNOTATED_TARGET_EVIDENCE_AVAILABLE
NPC307435	3	3	0	ANNOTATED_TARGET_EVIDENCE_AVAILABLE
NPC307594	2	2	0	ANNOTATED_TARGET_EVIDENCE_AVAILABLE
NPC307672	1	1	0	ANNOTATED_TARGET_EVIDENCE_AVAILABLE
NPC307699	1	1	0	ANNOTATED_TARGET_EVIDENCE_AVAILABLE
NPC307739	1	0	1	UNANNOTATED_TARGET_EVIDENCE_ONLY
NPC307963	19	19	0	ANNOTATED_TARGET_EVIDENCE_AVAILABLE
NPC307965	3	3	0	ANNOTATED_TARGET_EVIDENCE_AVAILABLE
NPC308191	1	1	0	ANNOTATED_TARGET_EVIDENCE_AVAILABLE
NPC308267	5	5	0	ANNOTATED_TARGET_EVIDENCE_AVAILABLE
NPC308301	4	4	0	ANNOTATED_TARGET_EVIDENCE_AVAILABLE
NPC308885	11	11	0	ANNOTATED_TARGET_EVIDENCE_AVAILABLE
NPC308976	2	2	0	ANNOTATED_TARGET_EVIDENCE_AVAILABLE
NPC309203	2	1	1	MIXED_ANNOTATED_AND_UNANNOTATED_TARGETS
NPC309330	1	1	0	ANNOTATED_TARGET_EVIDENCE_AVAILABLE
NPC309335	1	1	0	ANNOTATED_TARGET_EVIDENCE_AVAILABLE
NPC309367	27	23	4	MIXED_ANNOTATED_AND_UNANNOTATED_TARGETS
NPC309399	3	3	0	ANNOTATED_TARGET_EVIDENCE_AVAILABLE
NPC310220	1	1	0	ANNOTATED_TARGET_EVIDENCE_AVAILABLE
NPC310259	8	8	0	ANNOTATED_TARGET_EVIDENCE_AVAILABLE
NPC31034	1	1	0	ANNOTATED_TARGET_EVIDENCE_AVAILABLE
NPC310349	1	1	0	ANNOTATED_TARGET_EVIDENCE_AVAILABLE
NPC310370	1	1	0	ANNOTATED_TARGET_EVIDENCE_AVAILABLE
NPC310373	6	6	0	ANNOTATED_TARGET_EVIDENCE_AVAILABLE
NPC311078	1	1	0	ANNOTATED_TARGET_EVIDENCE_AVAILABLE
NPC311164	1	1	0	ANNOTATED_TARGET_EVIDENCE_AVAILABLE
NPC311219	13	12	1	MIXED_ANNOTATED_AND_UNANNOTATED_TARGETS
NPC311256	1	1	0	ANNOTATED_TARGET_EVIDENCE_AVAILABLE
NPC311339	1	1	0	ANNOTATED_TARGET_EVIDENCE_AVAILABLE
NPC311343	2	1	1	MIXED_ANNOTATED_AND_UNANNOTATED_TARGETS
NPC311612	1	1	0	ANNOTATED_TARGET_EVIDENCE_AVAILABLE
NPC311660	2	2	0	ANNOTATED_TARGET_EVIDENCE_AVAILABLE
NPC311668	4	2	2	MIXED_ANNOTATED_AND_UNANNOTATED_TARGETS
NPC311706	1	1	0	ANNOTATED_TARGET_EVIDENCE_AVAILABLE
NPC31171	4	4	0	ANNOTATED_TARGET_EVIDENCE_AVAILABLE
NPC311753	1	1	0	ANNOTATED_TARGET_EVIDENCE_AVAILABLE
NPC311881	2	2	0	ANNOTATED_TARGET_EVIDENCE_AVAILABLE
NPC312132	4	4	0	ANNOTATED_TARGET_EVIDENCE_AVAILABLE
NPC312404	1	1	0	ANNOTATED_TARGET_EVIDENCE_AVAILABLE
NPC31279	3	3	0	ANNOTATED_TARGET_EVIDENCE_AVAILABLE
NPC312800	7	7	0	ANNOTATED_TARGET_EVIDENCE_AVAILABLE
NPC312826	2	2	0	ANNOTATED_TARGET_EVIDENCE_AVAILABLE
NPC312870	4	4	0	ANNOTATED_TARGET_EVIDENCE_AVAILABLE
NPC312918	11	11	0	ANNOTATED_TARGET_EVIDENCE_AVAILABLE
NPC312929	7	5	2	MIXED_ANNOTATED_AND_UNANNOTATED_TARGETS
NPC31344	1	1	0	ANNOTATED_TARGET_EVIDENCE_AVAILABLE
NPC313449	20	20	0	ANNOTATED_TARGET_EVIDENCE_AVAILABLE
NPC313528	1	1	0	ANNOTATED_TARGET_EVIDENCE_AVAILABLE
NPC313673	1	1	0	ANNOTATED_TARGET_EVIDENCE_AVAILABLE
NPC313882	1	0	1	UNANNOTATED_TARGET_EVIDENCE_ONLY
NPC313921	1	1	0	ANNOTATED_TARGET_EVIDENCE_AVAILABLE
NPC313981	4	4	0	ANNOTATED_TARGET_EVIDENCE_AVAILABLE
NPC313985	2	2	0	ANNOTATED_TARGET_EVIDENCE_AVAILABLE
NPC314192	9	8	1	MIXED_ANNOTATED_AND_UNANNOTATED_TARGETS
NPC314329	6	6	0	ANNOTATED_TARGET_EVIDENCE_AVAILABLE
NPC31433	1	0	1	UNANNOTATED_TARGET_EVIDENCE_ONLY
NPC314333	1	1	0	ANNOTATED_TARGET_EVIDENCE_AVAILABLE
NPC314350	2	2	0	ANNOTATED_TARGET_EVIDENCE_AVAILABLE
NPC314743	1	1	0	ANNOTATED_TARGET_EVIDENCE_AVAILABLE
NPC314940	7	5	2	MIXED_ANNOTATED_AND_UNANNOTATED_TARGETS
NPC31496	1	1	0	ANNOTATED_TARGET_EVIDENCE_AVAILABLE
NPC315257	6	6	0	ANNOTATED_TARGET_EVIDENCE_AVAILABLE
NPC315498	1	1	0	ANNOTATED_TARGET_EVIDENCE_AVAILABLE
NPC315634	4	4	0	ANNOTATED_TARGET_EVIDENCE_AVAILABLE
NPC316181	3	3	0	ANNOTATED_TARGET_EVIDENCE_AVAILABLE
NPC316906	30	29	1	MIXED_ANNOTATED_AND_UNANNOTATED_TARGETS
NPC317145	2	2	0	ANNOTATED_TARGET_EVIDENCE_AVAILABLE
NPC317177	25	24	1	MIXED_ANNOTATED_AND_UNANNOTATED_TARGETS
NPC317305	1	1	0	ANNOTATED_TARGET_EVIDENCE_AVAILABLE
NPC317474	8	8	0	ANNOTATED_TARGET_EVIDENCE_AVAILABLE
NPC317642	3	1	2	MIXED_ANNOTATED_AND_UNANNOTATED_TARGETS
NPC317651	3	3	0	ANNOTATED_TARGET_EVIDENCE_AVAILABLE
NPC317727	1	0	1	UNANNOTATED_TARGET_EVIDENCE_ONLY
NPC318107	4	4	0	ANNOTATED_TARGET_EVIDENCE_AVAILABLE
NPC318325	21	20	1	MIXED_ANNOTATED_AND_UNANNOTATED_TARGETS
NPC318552	1	1	0	ANNOTATED_TARGET_EVIDENCE_AVAILABLE
NPC318591	18	17	1	MIXED_ANNOTATED_AND_UNANNOTATED_TARGETS
NPC31872	2	2	0	ANNOTATED_TARGET_EVIDENCE_AVAILABLE
NPC318935	2	2	0	ANNOTATED_TARGET_EVIDENCE_AVAILABLE
NPC319140	2	2	0	ANNOTATED_TARGET_EVIDENCE_AVAILABLE
NPC319238	1	1	0	ANNOTATED_TARGET_EVIDENCE_AVAILABLE
NPC319549	2	2	0	ANNOTATED_TARGET_EVIDENCE_AVAILABLE
NPC319628	7	6	1	MIXED_ANNOTATED_AND_UNANNOTATED_TARGETS
NPC319972	4	4	0	ANNOTATED_TARGET_EVIDENCE_AVAILABLE
NPC320147	1	1	0	ANNOTATED_TARGET_EVIDENCE_AVAILABLE
NPC320223	2	2	0	ANNOTATED_TARGET_EVIDENCE_AVAILABLE
NPC320242	5	4	1	MIXED_ANNOTATED_AND_UNANNOTATED_TARGETS
NPC320287	4	4	0	ANNOTATED_TARGET_EVIDENCE_AVAILABLE
NPC320833	1	1	0	ANNOTATED_TARGET_EVIDENCE_AVAILABLE
NPC321011	17	15	2	MIXED_ANNOTATED_AND_UNANNOTATED_TARGETS
NPC321053	9	8	1	MIXED_ANNOTATED_AND_UNANNOTATED_TARGETS
NPC321184	1	1	0	ANNOTATED_TARGET_EVIDENCE_AVAILABLE
NPC321638	1	1	0	ANNOTATED_TARGET_EVIDENCE_AVAILABLE
NPC321779	1	0	1	UNANNOTATED_TARGET_EVIDENCE_ONLY
NPC321929	6	6	0	ANNOTATED_TARGET_EVIDENCE_AVAILABLE
NPC322091	6	6	0	ANNOTATED_TARGET_EVIDENCE_AVAILABLE
NPC322283	6	1	5	MIXED_ANNOTATED_AND_UNANNOTATED_TARGETS
NPC322301	2	2	0	ANNOTATED_TARGET_EVIDENCE_AVAILABLE
NPC322366	1	1	0	ANNOTATED_TARGET_EVIDENCE_AVAILABLE
NPC3224	2	2	0	ANNOTATED_TARGET_EVIDENCE_AVAILABLE
NPC32279	1	1	0	ANNOTATED_TARGET_EVIDENCE_AVAILABLE
NPC32298	19	18	1	MIXED_ANNOTATED_AND_UNANNOTATED_TARGETS
NPC323443	1	1	0	ANNOTATED_TARGET_EVIDENCE_AVAILABLE
NPC323552	1	1	0	ANNOTATED_TARGET_EVIDENCE_AVAILABLE
NPC323626	1	1	0	ANNOTATED_TARGET_EVIDENCE_AVAILABLE
NPC323644	1	0	1	UNANNOTATED_TARGET_EVIDENCE_ONLY
NPC324001	1	1	0	ANNOTATED_TARGET_EVIDENCE_AVAILABLE
NPC324233	1	1	0	ANNOTATED_TARGET_EVIDENCE_AVAILABLE
NPC324341	2	0	2	UNANNOTATED_TARGET_EVIDENCE_ONLY
NPC324386	6	5	1	MIXED_ANNOTATED_AND_UNANNOTATED_TARGETS
NPC32441	27	27	0	ANNOTATED_TARGET_EVIDENCE_AVAILABLE
NPC324624	2	2	0	ANNOTATED_TARGET_EVIDENCE_AVAILABLE
NPC324742	1	1	0	ANNOTATED_TARGET_EVIDENCE_AVAILABLE
NPC324772	4	4	0	ANNOTATED_TARGET_EVIDENCE_AVAILABLE
NPC324786	1	1	0	ANNOTATED_TARGET_EVIDENCE_AVAILABLE
NPC324835	6	6	0	ANNOTATED_TARGET_EVIDENCE_AVAILABLE
NPC325599	8	5	3	MIXED_ANNOTATED_AND_UNANNOTATED_TARGETS
NPC325646	4	4	0	ANNOTATED_TARGET_EVIDENCE_AVAILABLE
NPC325871	10	8	2	MIXED_ANNOTATED_AND_UNANNOTATED_TARGETS
NPC326200	2	2	0	ANNOTATED_TARGET_EVIDENCE_AVAILABLE
NPC32630	2	2	0	ANNOTATED_TARGET_EVIDENCE_AVAILABLE
NPC32641	1	1	0	ANNOTATED_TARGET_EVIDENCE_AVAILABLE
NPC326592	3	3	0	ANNOTATED_TARGET_EVIDENCE_AVAILABLE
NPC32674	2	2	0	ANNOTATED_TARGET_EVIDENCE_AVAILABLE
NPC326758	2	2	0	ANNOTATED_TARGET_EVIDENCE_AVAILABLE
NPC326808	2	2	0	ANNOTATED_TARGET_EVIDENCE_AVAILABLE
NPC32694	2	0	2	UNANNOTATED_TARGET_EVIDENCE_ONLY
NPC32723	2	2	0	ANNOTATED_TARGET_EVIDENCE_AVAILABLE
NPC327269	1	1	0	ANNOTATED_TARGET_EVIDENCE_AVAILABLE
NPC32739	5	4	1	MIXED_ANNOTATED_AND_UNANNOTATED_TARGETS
NPC327481	1	0	1	UNANNOTATED_TARGET_EVIDENCE_ONLY
NPC32749	2	0	2	UNANNOTATED_TARGET_EVIDENCE_ONLY
NPC328102	1	1	0	ANNOTATED_TARGET_EVIDENCE_AVAILABLE
NPC328267	28	27	1	MIXED_ANNOTATED_AND_UNANNOTATED_TARGETS
NPC328273	1	1	0	ANNOTATED_TARGET_EVIDENCE_AVAILABLE
NPC328593	1	1	0	ANNOTATED_TARGET_EVIDENCE_AVAILABLE
NPC328688	1	1	0	ANNOTATED_TARGET_EVIDENCE_AVAILABLE
NPC328700	1	1	0	ANNOTATED_TARGET_EVIDENCE_AVAILABLE
NPC328740	8	7	1	MIXED_ANNOTATED_AND_UNANNOTATED_TARGETS
NPC328750	5	5	0	ANNOTATED_TARGET_EVIDENCE_AVAILABLE
NPC328824	1	1	0	ANNOTATED_TARGET_EVIDENCE_AVAILABLE
NPC328877	21	21	0	ANNOTATED_TARGET_EVIDENCE_AVAILABLE
NPC329043	1	1	0	ANNOTATED_TARGET_EVIDENCE_AVAILABLE
NPC329203	5	5	0	ANNOTATED_TARGET_EVIDENCE_AVAILABLE
NPC3293	1	1	0	ANNOTATED_TARGET_EVIDENCE_AVAILABLE
NPC32955	3	3	0	ANNOTATED_TARGET_EVIDENCE_AVAILABLE
NPC329669	2	0	2	UNANNOTATED_TARGET_EVIDENCE_ONLY
NPC329708	1	1	0	ANNOTATED_TARGET_EVIDENCE_AVAILABLE
NPC329793	1	1	0	ANNOTATED_TARGET_EVIDENCE_AVAILABLE
NPC329858	2	2	0	ANNOTATED_TARGET_EVIDENCE_AVAILABLE
NPC330326	8	8	0	ANNOTATED_TARGET_EVIDENCE_AVAILABLE
NPC33051	1	1	0	ANNOTATED_TARGET_EVIDENCE_AVAILABLE
NPC330559	23	18	5	MIXED_ANNOTATED_AND_UNANNOTATED_TARGETS
NPC330590	1	1	0	ANNOTATED_TARGET_EVIDENCE_AVAILABLE
NPC330683	5	5	0	ANNOTATED_TARGET_EVIDENCE_AVAILABLE
NPC331129	5	5	0	ANNOTATED_TARGET_EVIDENCE_AVAILABLE
NPC331425	3	3	0	ANNOTATED_TARGET_EVIDENCE_AVAILABLE
NPC331613	5	5	0	ANNOTATED_TARGET_EVIDENCE_AVAILABLE
NPC331654	4	3	1	MIXED_ANNOTATED_AND_UNANNOTATED_TARGETS
NPC331672	29	20	9	MIXED_ANNOTATED_AND_UNANNOTATED_TARGETS
NPC331840	1	0	1	UNANNOTATED_TARGET_EVIDENCE_ONLY
NPC332914	2	2	0	ANNOTATED_TARGET_EVIDENCE_AVAILABLE
NPC33320	10	10	0	ANNOTATED_TARGET_EVIDENCE_AVAILABLE
NPC33338	7	7	0	ANNOTATED_TARGET_EVIDENCE_AVAILABLE
NPC333691	7	7	0	ANNOTATED_TARGET_EVIDENCE_AVAILABLE
NPC33378	2	1	1	MIXED_ANNOTATED_AND_UNANNOTATED_TARGETS
NPC334061	7	7	0	ANNOTATED_TARGET_EVIDENCE_AVAILABLE
NPC3343	2	0	2	UNANNOTATED_TARGET_EVIDENCE_ONLY
NPC33721	1	0	1	UNANNOTATED_TARGET_EVIDENCE_ONLY
NPC33728	2	2	0	ANNOTATED_TARGET_EVIDENCE_AVAILABLE
NPC33749	1	1	0	ANNOTATED_TARGET_EVIDENCE_AVAILABLE
NPC33768	1	1	0	ANNOTATED_TARGET_EVIDENCE_AVAILABLE
NPC33913	1	1	0	ANNOTATED_TARGET_EVIDENCE_AVAILABLE
NPC33986	4	4	0	ANNOTATED_TARGET_EVIDENCE_AVAILABLE
NPC34070	1	1	0	ANNOTATED_TARGET_EVIDENCE_AVAILABLE
NPC346034	3	3	0	ANNOTATED_TARGET_EVIDENCE_AVAILABLE
NPC34622	2	2	0	ANNOTATED_TARGET_EVIDENCE_AVAILABLE
NPC347588	2	2	0	ANNOTATED_TARGET_EVIDENCE_AVAILABLE
NPC34764	1	1	0	ANNOTATED_TARGET_EVIDENCE_AVAILABLE
NPC34770	11	11	0	ANNOTATED_TARGET_EVIDENCE_AVAILABLE
NPC34864	24	23	1	MIXED_ANNOTATED_AND_UNANNOTATED_TARGETS
NPC349899	2	2	0	ANNOTATED_TARGET_EVIDENCE_AVAILABLE
NPC35	1	1	0	ANNOTATED_TARGET_EVIDENCE_AVAILABLE
NPC35167	1	1	0	ANNOTATED_TARGET_EVIDENCE_AVAILABLE
NPC35185	1	1	0	ANNOTATED_TARGET_EVIDENCE_AVAILABLE
NPC35268	1	1	0	ANNOTATED_TARGET_EVIDENCE_AVAILABLE
NPC35341	2	2	0	ANNOTATED_TARGET_EVIDENCE_AVAILABLE
NPC35344	2	2	0	ANNOTATED_TARGET_EVIDENCE_AVAILABLE
NPC35410	1	0	1	UNANNOTATED_TARGET_EVIDENCE_ONLY
NPC35544	3	3	0	ANNOTATED_TARGET_EVIDENCE_AVAILABLE
NPC35630	1	1	0	ANNOTATED_TARGET_EVIDENCE_AVAILABLE
NPC35744	12	11	1	MIXED_ANNOTATED_AND_UNANNOTATED_TARGETS
NPC35856	5	0	5	UNANNOTATED_TARGET_EVIDENCE_ONLY
NPC36061	4	4	0	ANNOTATED_TARGET_EVIDENCE_AVAILABLE
NPC36108	1	1	0	ANNOTATED_TARGET_EVIDENCE_AVAILABLE
NPC36229	5	5	0	ANNOTATED_TARGET_EVIDENCE_AVAILABLE
NPC36321	3	3	0	ANNOTATED_TARGET_EVIDENCE_AVAILABLE
NPC36490	1	1	0	ANNOTATED_TARGET_EVIDENCE_AVAILABLE
NPC36497	1	1	0	ANNOTATED_TARGET_EVIDENCE_AVAILABLE
NPC36498	3	1	2	MIXED_ANNOTATED_AND_UNANNOTATED_TARGETS
NPC36661	1	0	1	UNANNOTATED_TARGET_EVIDENCE_ONLY
NPC36835	11	11	0	ANNOTATED_TARGET_EVIDENCE_AVAILABLE
NPC36836	21	18	3	MIXED_ANNOTATED_AND_UNANNOTATED_TARGETS
NPC36916	12	11	1	MIXED_ANNOTATED_AND_UNANNOTATED_TARGETS
NPC3693	1	1	0	ANNOTATED_TARGET_EVIDENCE_AVAILABLE
NPC37135	2	2	0	ANNOTATED_TARGET_EVIDENCE_AVAILABLE
NPC37139	1	1	0	ANNOTATED_TARGET_EVIDENCE_AVAILABLE
NPC37208	1	1	0	ANNOTATED_TARGET_EVIDENCE_AVAILABLE
NPC37226	1	1	0	ANNOTATED_TARGET_EVIDENCE_AVAILABLE
NPC37299	1	1	0	ANNOTATED_TARGET_EVIDENCE_AVAILABLE
NPC37331	1	1	0	ANNOTATED_TARGET_EVIDENCE_AVAILABLE
NPC37333	1	1	0	ANNOTATED_TARGET_EVIDENCE_AVAILABLE
NPC37423	8	8	0	ANNOTATED_TARGET_EVIDENCE_AVAILABLE
NPC37440	1	1	0	ANNOTATED_TARGET_EVIDENCE_AVAILABLE
NPC37479	1	1	0	ANNOTATED_TARGET_EVIDENCE_AVAILABLE
NPC37493	2	2	0	ANNOTATED_TARGET_EVIDENCE_AVAILABLE
NPC37496	5	5	0	ANNOTATED_TARGET_EVIDENCE_AVAILABLE
NPC37502	1	1	0	ANNOTATED_TARGET_EVIDENCE_AVAILABLE
NPC37506	1	1	0	ANNOTATED_TARGET_EVIDENCE_AVAILABLE
NPC375265	10	10	0	ANNOTATED_TARGET_EVIDENCE_AVAILABLE
NPC37543	1	1	0	ANNOTATED_TARGET_EVIDENCE_AVAILABLE
NPC37787	2	2	0	ANNOTATED_TARGET_EVIDENCE_AVAILABLE
NPC38059	3	3	0	ANNOTATED_TARGET_EVIDENCE_AVAILABLE
NPC3825	1	1	0	ANNOTATED_TARGET_EVIDENCE_AVAILABLE
NPC38350	3	3	0	ANNOTATED_TARGET_EVIDENCE_AVAILABLE
NPC38468	1	1	0	ANNOTATED_TARGET_EVIDENCE_AVAILABLE
NPC38473	6	6	0	ANNOTATED_TARGET_EVIDENCE_AVAILABLE
NPC38604	2	2	0	ANNOTATED_TARGET_EVIDENCE_AVAILABLE
NPC38664	1	1	0	ANNOTATED_TARGET_EVIDENCE_AVAILABLE
NPC38779	1	1	0	ANNOTATED_TARGET_EVIDENCE_AVAILABLE
NPC38790	1	1	0	ANNOTATED_TARGET_EVIDENCE_AVAILABLE
NPC38874	3	2	1	MIXED_ANNOTATED_AND_UNANNOTATED_TARGETS
NPC38891	3	0	3	UNANNOTATED_TARGET_EVIDENCE_ONLY
NPC38996	2	2	0	ANNOTATED_TARGET_EVIDENCE_AVAILABLE
NPC39351	1	1	0	ANNOTATED_TARGET_EVIDENCE_AVAILABLE
NPC39426	64	61	3	MIXED_ANNOTATED_AND_UNANNOTATED_TARGETS
NPC39600	2	2	0	ANNOTATED_TARGET_EVIDENCE_AVAILABLE
NPC39664	1	0	1	UNANNOTATED_TARGET_EVIDENCE_ONLY
NPC39752	1	1	0	ANNOTATED_TARGET_EVIDENCE_AVAILABLE
NPC39753	2	2	0	ANNOTATED_TARGET_EVIDENCE_AVAILABLE
NPC39793	1	1	0	ANNOTATED_TARGET_EVIDENCE_AVAILABLE
NPC39799	2	2	0	ANNOTATED_TARGET_EVIDENCE_AVAILABLE
NPC3980	1	1	0	ANNOTATED_TARGET_EVIDENCE_AVAILABLE
NPC39929	2	2	0	ANNOTATED_TARGET_EVIDENCE_AVAILABLE
NPC40033	1	0	1	UNANNOTATED_TARGET_EVIDENCE_ONLY
NPC40209	3	3	0	ANNOTATED_TARGET_EVIDENCE_AVAILABLE
NPC40302	2	2	0	ANNOTATED_TARGET_EVIDENCE_AVAILABLE
NPC40352	2	2	0	ANNOTATED_TARGET_EVIDENCE_AVAILABLE
NPC4036	1	1	0	ANNOTATED_TARGET_EVIDENCE_AVAILABLE
NPC40394	3	3	0	ANNOTATED_TARGET_EVIDENCE_AVAILABLE
NPC40488	1	1	0	ANNOTATED_TARGET_EVIDENCE_AVAILABLE
NPC40491	1	0	1	UNANNOTATED_TARGET_EVIDENCE_ONLY
NPC40511	1	0	1	UNANNOTATED_TARGET_EVIDENCE_ONLY
NPC40663	1	1	0	ANNOTATED_TARGET_EVIDENCE_AVAILABLE
NPC40702	8	8	0	ANNOTATED_TARGET_EVIDENCE_AVAILABLE
NPC40818	5	5	0	ANNOTATED_TARGET_EVIDENCE_AVAILABLE
NPC41121	1	1	0	ANNOTATED_TARGET_EVIDENCE_AVAILABLE
NPC41178	1	1	0	ANNOTATED_TARGET_EVIDENCE_AVAILABLE
NPC41263	2	2	0	ANNOTATED_TARGET_EVIDENCE_AVAILABLE
NPC41326	17	16	1	MIXED_ANNOTATED_AND_UNANNOTATED_TARGETS
NPC41376	1	0	1	UNANNOTATED_TARGET_EVIDENCE_ONLY
NPC41409	1	1	0	ANNOTATED_TARGET_EVIDENCE_AVAILABLE
NPC4154	1	1	0	ANNOTATED_TARGET_EVIDENCE_AVAILABLE
NPC41594	2	2	0	ANNOTATED_TARGET_EVIDENCE_AVAILABLE
NPC416184	1	1	0	ANNOTATED_TARGET_EVIDENCE_AVAILABLE
NPC41719	13	13	0	ANNOTATED_TARGET_EVIDENCE_AVAILABLE
NPC41721	8	8	0	ANNOTATED_TARGET_EVIDENCE_AVAILABLE
NPC417745	5	4	1	MIXED_ANNOTATED_AND_UNANNOTATED_TARGETS
NPC418074	2	2	0	ANNOTATED_TARGET_EVIDENCE_AVAILABLE
NPC42017	2	0	2	UNANNOTATED_TARGET_EVIDENCE_ONLY
NPC42060	1	1	0	ANNOTATED_TARGET_EVIDENCE_AVAILABLE
NPC42300	2	2	0	ANNOTATED_TARGET_EVIDENCE_AVAILABLE
NPC42372	2	2	0	ANNOTATED_TARGET_EVIDENCE_AVAILABLE
NPC42383	1	1	0	ANNOTATED_TARGET_EVIDENCE_AVAILABLE
NPC42384	1	0	1	UNANNOTATED_TARGET_EVIDENCE_ONLY
NPC42503	1	0	1	UNANNOTATED_TARGET_EVIDENCE_ONLY
NPC42586	1	1	0	ANNOTATED_TARGET_EVIDENCE_AVAILABLE
NPC42675	1	1	0	ANNOTATED_TARGET_EVIDENCE_AVAILABLE
NPC42716	2	2	0	ANNOTATED_TARGET_EVIDENCE_AVAILABLE
NPC42760	1	1	0	ANNOTATED_TARGET_EVIDENCE_AVAILABLE
NPC42793	22	20	2	MIXED_ANNOTATED_AND_UNANNOTATED_TARGETS
NPC43053	1	1	0	ANNOTATED_TARGET_EVIDENCE_AVAILABLE
NPC43069	6	6	0	ANNOTATED_TARGET_EVIDENCE_AVAILABLE
NPC43158	6	5	1	MIXED_ANNOTATED_AND_UNANNOTATED_TARGETS
NPC43169	1	0	1	UNANNOTATED_TARGET_EVIDENCE_ONLY
NPC43211	6	4	2	MIXED_ANNOTATED_AND_UNANNOTATED_TARGETS
NPC43246	7	2	5	MIXED_ANNOTATED_AND_UNANNOTATED_TARGETS
NPC43264	5	1	4	MIXED_ANNOTATED_AND_UNANNOTATED_TARGETS
NPC43300	1	1	0	ANNOTATED_TARGET_EVIDENCE_AVAILABLE
NPC43319	1	1	0	ANNOTATED_TARGET_EVIDENCE_AVAILABLE
NPC434	4	4	0	ANNOTATED_TARGET_EVIDENCE_AVAILABLE
NPC4341	1	1	0	ANNOTATED_TARGET_EVIDENCE_AVAILABLE
NPC4344	1	1	0	ANNOTATED_TARGET_EVIDENCE_AVAILABLE
NPC43490	1	1	0	ANNOTATED_TARGET_EVIDENCE_AVAILABLE
NPC43525	2	2	0	ANNOTATED_TARGET_EVIDENCE_AVAILABLE
NPC43587	1	1	0	ANNOTATED_TARGET_EVIDENCE_AVAILABLE
NPC4370	1	1	0	ANNOTATED_TARGET_EVIDENCE_AVAILABLE
NPC43787	5	5	0	ANNOTATED_TARGET_EVIDENCE_AVAILABLE
NPC43945	31	26	5	MIXED_ANNOTATED_AND_UNANNOTATED_TARGETS
NPC44063	1	1	0	ANNOTATED_TARGET_EVIDENCE_AVAILABLE
NPC44101	1	1	0	ANNOTATED_TARGET_EVIDENCE_AVAILABLE
NPC44193	2	2	0	ANNOTATED_TARGET_EVIDENCE_AVAILABLE
NPC44270	6	6	0	ANNOTATED_TARGET_EVIDENCE_AVAILABLE
NPC44328	1	1	0	ANNOTATED_TARGET_EVIDENCE_AVAILABLE
NPC44363	1	1	0	ANNOTATED_TARGET_EVIDENCE_AVAILABLE
NPC44437	2	2	0	ANNOTATED_TARGET_EVIDENCE_AVAILABLE
NPC44649	1	1	0	ANNOTATED_TARGET_EVIDENCE_AVAILABLE
NPC44830	2	2	0	ANNOTATED_TARGET_EVIDENCE_AVAILABLE
NPC44963	4	4	0	ANNOTATED_TARGET_EVIDENCE_AVAILABLE
NPC45040	4	4	0	ANNOTATED_TARGET_EVIDENCE_AVAILABLE
NPC45124	1	1	0	ANNOTATED_TARGET_EVIDENCE_AVAILABLE
NPC45165	2	2	0	ANNOTATED_TARGET_EVIDENCE_AVAILABLE
NPC45255	1	1	0	ANNOTATED_TARGET_EVIDENCE_AVAILABLE
NPC45256	3	3	0	ANNOTATED_TARGET_EVIDENCE_AVAILABLE
NPC45404	2	2	0	ANNOTATED_TARGET_EVIDENCE_AVAILABLE
NPC45459	19	19	0	ANNOTATED_TARGET_EVIDENCE_AVAILABLE
NPC45536	1	1	0	ANNOTATED_TARGET_EVIDENCE_AVAILABLE
NPC45613	2	2	0	ANNOTATED_TARGET_EVIDENCE_AVAILABLE
NPC45618	6	6	0	ANNOTATED_TARGET_EVIDENCE_AVAILABLE
NPC457	1	1	0	ANNOTATED_TARGET_EVIDENCE_AVAILABLE
NPC45849	2	2	0	ANNOTATED_TARGET_EVIDENCE_AVAILABLE
NPC460	1	1	0	ANNOTATED_TARGET_EVIDENCE_AVAILABLE
NPC46080	1	1	0	ANNOTATED_TARGET_EVIDENCE_AVAILABLE
NPC461214	4	4	0	ANNOTATED_TARGET_EVIDENCE_AVAILABLE
NPC46190	1	1	0	ANNOTATED_TARGET_EVIDENCE_AVAILABLE
NPC462686	17	10	7	MIXED_ANNOTATED_AND_UNANNOTATED_TARGETS
NPC46274	7	5	2	MIXED_ANNOTATED_AND_UNANNOTATED_TARGETS
NPC46335	2	2	0	ANNOTATED_TARGET_EVIDENCE_AVAILABLE
NPC46358	1	1	0	ANNOTATED_TARGET_EVIDENCE_AVAILABLE
NPC46451	32	28	4	MIXED_ANNOTATED_AND_UNANNOTATED_TARGETS
NPC46565	14	14	0	ANNOTATED_TARGET_EVIDENCE_AVAILABLE
NPC4665	15	15	0	ANNOTATED_TARGET_EVIDENCE_AVAILABLE
NPC4668	5	1	4	MIXED_ANNOTATED_AND_UNANNOTATED_TARGETS
NPC468984	6	4	2	MIXED_ANNOTATED_AND_UNANNOTATED_TARGETS
NPC468994	2	2	0	ANNOTATED_TARGET_EVIDENCE_AVAILABLE
NPC469330	5	5	0	ANNOTATED_TARGET_EVIDENCE_AVAILABLE
NPC46940	1	0	1	UNANNOTATED_TARGET_EVIDENCE_ONLY
NPC469520	1	1	0	ANNOTATED_TARGET_EVIDENCE_AVAILABLE
NPC469557	1	1	0	ANNOTATED_TARGET_EVIDENCE_AVAILABLE
NPC46958	1	1	0	ANNOTATED_TARGET_EVIDENCE_AVAILABLE
NPC469772	2	2	0	ANNOTATED_TARGET_EVIDENCE_AVAILABLE
NPC469773	2	2	0	ANNOTATED_TARGET_EVIDENCE_AVAILABLE
NPC469774	2	2	0	ANNOTATED_TARGET_EVIDENCE_AVAILABLE
NPC469775	2	2	0	ANNOTATED_TARGET_EVIDENCE_AVAILABLE
NPC469776	2	2	0	ANNOTATED_TARGET_EVIDENCE_AVAILABLE
NPC469777	2	2	0	ANNOTATED_TARGET_EVIDENCE_AVAILABLE
NPC469778	2	2	0	ANNOTATED_TARGET_EVIDENCE_AVAILABLE
NPC469808	4	4	0	ANNOTATED_TARGET_EVIDENCE_AVAILABLE
NPC469895	1	1	0	ANNOTATED_TARGET_EVIDENCE_AVAILABLE
NPC469958	1	1	0	ANNOTATED_TARGET_EVIDENCE_AVAILABLE
NPC469968	1	1	0	ANNOTATED_TARGET_EVIDENCE_AVAILABLE
NPC469970	1	1	0	ANNOTATED_TARGET_EVIDENCE_AVAILABLE
NPC469972	2	2	0	ANNOTATED_TARGET_EVIDENCE_AVAILABLE
NPC469977	1	1	0	ANNOTATED_TARGET_EVIDENCE_AVAILABLE
NPC469978	3	3	0	ANNOTATED_TARGET_EVIDENCE_AVAILABLE
NPC470003	7	7	0	ANNOTATED_TARGET_EVIDENCE_AVAILABLE
NPC470019	1	1	0	ANNOTATED_TARGET_EVIDENCE_AVAILABLE
NPC470020	1	1	0	ANNOTATED_TARGET_EVIDENCE_AVAILABLE
NPC470088	1	1	0	ANNOTATED_TARGET_EVIDENCE_AVAILABLE
NPC470090	107	102	5	MIXED_ANNOTATED_AND_UNANNOTATED_TARGETS
NPC470326	1	1	0	ANNOTATED_TARGET_EVIDENCE_AVAILABLE
NPC470327	1	1	0	ANNOTATED_TARGET_EVIDENCE_AVAILABLE
NPC470328	1	1	0	ANNOTATED_TARGET_EVIDENCE_AVAILABLE
NPC470588	1	1	0	ANNOTATED_TARGET_EVIDENCE_AVAILABLE
NPC470589	1	1	0	ANNOTATED_TARGET_EVIDENCE_AVAILABLE
NPC47059	5	5	0	ANNOTATED_TARGET_EVIDENCE_AVAILABLE
NPC470590	1	1	0	ANNOTATED_TARGET_EVIDENCE_AVAILABLE
NPC470629	1	1	0	ANNOTATED_TARGET_EVIDENCE_AVAILABLE
NPC470694	2	0	2	UNANNOTATED_TARGET_EVIDENCE_ONLY
NPC470706	1	1	0	ANNOTATED_TARGET_EVIDENCE_AVAILABLE
NPC470707	1	1	0	ANNOTATED_TARGET_EVIDENCE_AVAILABLE
NPC470831	1	0	1	UNANNOTATED_TARGET_EVIDENCE_ONLY
NPC470887	1	1	0	ANNOTATED_TARGET_EVIDENCE_AVAILABLE
NPC470890	1	1	0	ANNOTATED_TARGET_EVIDENCE_AVAILABLE
NPC470945	2	2	0	ANNOTATED_TARGET_EVIDENCE_AVAILABLE
NPC470947	2	2	0	ANNOTATED_TARGET_EVIDENCE_AVAILABLE
NPC471083	1	1	0	ANNOTATED_TARGET_EVIDENCE_AVAILABLE
NPC471108	3	3	0	ANNOTATED_TARGET_EVIDENCE_AVAILABLE
NPC47113	1	1	0	ANNOTATED_TARGET_EVIDENCE_AVAILABLE
NPC471209	1	0	1	UNANNOTATED_TARGET_EVIDENCE_ONLY
NPC471213	1	0	1	UNANNOTATED_TARGET_EVIDENCE_ONLY
NPC47135	13	12	1	MIXED_ANNOTATED_AND_UNANNOTATED_TARGETS
NPC471473	1	1	0	ANNOTATED_TARGET_EVIDENCE_AVAILABLE
NPC471518	1	1	0	ANNOTATED_TARGET_EVIDENCE_AVAILABLE
NPC471522	1	1	0	ANNOTATED_TARGET_EVIDENCE_AVAILABLE
NPC471523	1	1	0	ANNOTATED_TARGET_EVIDENCE_AVAILABLE
NPC471593	12	12	0	ANNOTATED_TARGET_EVIDENCE_AVAILABLE
NPC471602	3	1	2	MIXED_ANNOTATED_AND_UNANNOTATED_TARGETS
NPC471603	39	37	2	MIXED_ANNOTATED_AND_UNANNOTATED_TARGETS
NPC471615	3	3	0	ANNOTATED_TARGET_EVIDENCE_AVAILABLE
NPC471617	2	2	0	ANNOTATED_TARGET_EVIDENCE_AVAILABLE
NPC471628	1	1	0	ANNOTATED_TARGET_EVIDENCE_AVAILABLE
NPC471749	1	1	0	ANNOTATED_TARGET_EVIDENCE_AVAILABLE
NPC471750	1	1	0	ANNOTATED_TARGET_EVIDENCE_AVAILABLE
NPC471762	4	4	0	ANNOTATED_TARGET_EVIDENCE_AVAILABLE
NPC471780	1	1	0	ANNOTATED_TARGET_EVIDENCE_AVAILABLE
NPC471892	1	1	0	ANNOTATED_TARGET_EVIDENCE_AVAILABLE
NPC471896	1	1	0	ANNOTATED_TARGET_EVIDENCE_AVAILABLE
NPC471898	1	1	0	ANNOTATED_TARGET_EVIDENCE_AVAILABLE
NPC471900	1	1	0	ANNOTATED_TARGET_EVIDENCE_AVAILABLE
NPC471901	1	1	0	ANNOTATED_TARGET_EVIDENCE_AVAILABLE
NPC471902	1	1	0	ANNOTATED_TARGET_EVIDENCE_AVAILABLE
NPC472264	3	3	0	ANNOTATED_TARGET_EVIDENCE_AVAILABLE
NPC472265	1	1	0	ANNOTATED_TARGET_EVIDENCE_AVAILABLE
NPC472271	1	1	0	ANNOTATED_TARGET_EVIDENCE_AVAILABLE
NPC472359	1	1	0	ANNOTATED_TARGET_EVIDENCE_AVAILABLE
NPC472369	1	1	0	ANNOTATED_TARGET_EVIDENCE_AVAILABLE
NPC472370	1	1	0	ANNOTATED_TARGET_EVIDENCE_AVAILABLE
NPC472398	1	1	0	ANNOTATED_TARGET_EVIDENCE_AVAILABLE
NPC472458	1	1	0	ANNOTATED_TARGET_EVIDENCE_AVAILABLE
NPC472570	1	1	0	ANNOTATED_TARGET_EVIDENCE_AVAILABLE
NPC472571	1	1	0	ANNOTATED_TARGET_EVIDENCE_AVAILABLE
NPC472573	1	1	0	ANNOTATED_TARGET_EVIDENCE_AVAILABLE
NPC472574	1	1	0	ANNOTATED_TARGET_EVIDENCE_AVAILABLE
NPC472626	1	1	0	ANNOTATED_TARGET_EVIDENCE_AVAILABLE
NPC472633	1	1	0	ANNOTATED_TARGET_EVIDENCE_AVAILABLE
NPC472675	1	1	0	ANNOTATED_TARGET_EVIDENCE_AVAILABLE
NPC472676	1	1	0	ANNOTATED_TARGET_EVIDENCE_AVAILABLE
NPC472679	1	1	0	ANNOTATED_TARGET_EVIDENCE_AVAILABLE
NPC472683	1	1	0	ANNOTATED_TARGET_EVIDENCE_AVAILABLE
NPC472718	1	1	0	ANNOTATED_TARGET_EVIDENCE_AVAILABLE
NPC472719	1	1	0	ANNOTATED_TARGET_EVIDENCE_AVAILABLE
NPC472795	2	2	0	ANNOTATED_TARGET_EVIDENCE_AVAILABLE
NPC472796	2	2	0	ANNOTATED_TARGET_EVIDENCE_AVAILABLE
NPC472797	2	2	0	ANNOTATED_TARGET_EVIDENCE_AVAILABLE
NPC472798	2	2	0	ANNOTATED_TARGET_EVIDENCE_AVAILABLE
NPC472799	2	2	0	ANNOTATED_TARGET_EVIDENCE_AVAILABLE
NPC472800	2	2	0	ANNOTATED_TARGET_EVIDENCE_AVAILABLE
NPC47298	1	1	0	ANNOTATED_TARGET_EVIDENCE_AVAILABLE
NPC473206	15	14	1	MIXED_ANNOTATED_AND_UNANNOTATED_TARGETS
NPC473210	1	0	1	UNANNOTATED_TARGET_EVIDENCE_ONLY
NPC473211	1	0	1	UNANNOTATED_TARGET_EVIDENCE_ONLY
NPC473212	1	0	1	UNANNOTATED_TARGET_EVIDENCE_ONLY
NPC473213	1	0	1	UNANNOTATED_TARGET_EVIDENCE_ONLY
NPC473240	1	1	0	ANNOTATED_TARGET_EVIDENCE_AVAILABLE
NPC473242	1	1	0	ANNOTATED_TARGET_EVIDENCE_AVAILABLE
NPC473249	3	3	0	ANNOTATED_TARGET_EVIDENCE_AVAILABLE
NPC473264	1	1	0	ANNOTATED_TARGET_EVIDENCE_AVAILABLE
NPC473272	1	1	0	ANNOTATED_TARGET_EVIDENCE_AVAILABLE
NPC473309	1	1	0	ANNOTATED_TARGET_EVIDENCE_AVAILABLE
NPC473391	1	1	0	ANNOTATED_TARGET_EVIDENCE_AVAILABLE
NPC473411	3	3	0	ANNOTATED_TARGET_EVIDENCE_AVAILABLE
NPC473413	1	1	0	ANNOTATED_TARGET_EVIDENCE_AVAILABLE
NPC473417	26	25	1	MIXED_ANNOTATED_AND_UNANNOTATED_TARGETS
NPC473429	6	3	3	MIXED_ANNOTATED_AND_UNANNOTATED_TARGETS
NPC473442	1	1	0	ANNOTATED_TARGET_EVIDENCE_AVAILABLE
NPC473451	2	2	0	ANNOTATED_TARGET_EVIDENCE_AVAILABLE
NPC473466	1	0	1	UNANNOTATED_TARGET_EVIDENCE_ONLY
NPC473579	1	0	1	UNANNOTATED_TARGET_EVIDENCE_ONLY
NPC47363	1	1	0	ANNOTATED_TARGET_EVIDENCE_AVAILABLE
NPC473680	1	0	1	UNANNOTATED_TARGET_EVIDENCE_ONLY
NPC473690	1	1	0	ANNOTATED_TARGET_EVIDENCE_AVAILABLE
NPC473718	2	2	0	ANNOTATED_TARGET_EVIDENCE_AVAILABLE
NPC47398	2	2	0	ANNOTATED_TARGET_EVIDENCE_AVAILABLE
NPC473990	1	1	0	ANNOTATED_TARGET_EVIDENCE_AVAILABLE
NPC473996	1	1	0	ANNOTATED_TARGET_EVIDENCE_AVAILABLE
NPC474021	1	1	0	ANNOTATED_TARGET_EVIDENCE_AVAILABLE
NPC474023	1	1	0	ANNOTATED_TARGET_EVIDENCE_AVAILABLE
NPC474024	1	1	0	ANNOTATED_TARGET_EVIDENCE_AVAILABLE
NPC474148	1	1	0	ANNOTATED_TARGET_EVIDENCE_AVAILABLE
NPC474192	1	1	0	ANNOTATED_TARGET_EVIDENCE_AVAILABLE
NPC47422	1	1	0	ANNOTATED_TARGET_EVIDENCE_AVAILABLE
NPC474234	1	1	0	ANNOTATED_TARGET_EVIDENCE_AVAILABLE
NPC474276	2	2	0	ANNOTATED_TARGET_EVIDENCE_AVAILABLE
NPC474324	1	1	0	ANNOTATED_TARGET_EVIDENCE_AVAILABLE
NPC474409	1	1	0	ANNOTATED_TARGET_EVIDENCE_AVAILABLE
NPC474468	1	0	1	UNANNOTATED_TARGET_EVIDENCE_ONLY
NPC474565	3	3	0	ANNOTATED_TARGET_EVIDENCE_AVAILABLE
NPC474926	6	5	1	MIXED_ANNOTATED_AND_UNANNOTATED_TARGETS
NPC474989	1	1	0	ANNOTATED_TARGET_EVIDENCE_AVAILABLE
NPC475042	4	2	2	MIXED_ANNOTATED_AND_UNANNOTATED_TARGETS
NPC475052	1	1	0	ANNOTATED_TARGET_EVIDENCE_AVAILABLE
NPC475085	7	6	1	MIXED_ANNOTATED_AND_UNANNOTATED_TARGETS
NPC475112	5	5	0	ANNOTATED_TARGET_EVIDENCE_AVAILABLE
NPC475224	1	1	0	ANNOTATED_TARGET_EVIDENCE_AVAILABLE
NPC475311	1	0	1	UNANNOTATED_TARGET_EVIDENCE_ONLY
NPC475346	1	0	1	UNANNOTATED_TARGET_EVIDENCE_ONLY
NPC475454	1	0	1	UNANNOTATED_TARGET_EVIDENCE_ONLY
NPC475457	1	0	1	UNANNOTATED_TARGET_EVIDENCE_ONLY
NPC475524	10	10	0	ANNOTATED_TARGET_EVIDENCE_AVAILABLE
NPC475553	2	2	0	ANNOTATED_TARGET_EVIDENCE_AVAILABLE
NPC475627	1	0	1	UNANNOTATED_TARGET_EVIDENCE_ONLY
NPC475784	1	1	0	ANNOTATED_TARGET_EVIDENCE_AVAILABLE
NPC475824	1	1	0	ANNOTATED_TARGET_EVIDENCE_AVAILABLE
NPC475875	1	1	0	ANNOTATED_TARGET_EVIDENCE_AVAILABLE
NPC476347	1	1	0	ANNOTATED_TARGET_EVIDENCE_AVAILABLE
NPC476440	25	22	3	MIXED_ANNOTATED_AND_UNANNOTATED_TARGETS
NPC476443	1	1	0	ANNOTATED_TARGET_EVIDENCE_AVAILABLE
NPC476464	16	15	1	MIXED_ANNOTATED_AND_UNANNOTATED_TARGETS
NPC476473	3	1	2	MIXED_ANNOTATED_AND_UNANNOTATED_TARGETS
NPC476477	3	1	2	MIXED_ANNOTATED_AND_UNANNOTATED_TARGETS
NPC47653	4	2	2	MIXED_ANNOTATED_AND_UNANNOTATED_TARGETS
NPC476737	2	2	0	ANNOTATED_TARGET_EVIDENCE_AVAILABLE
NPC476757	1	1	0	ANNOTATED_TARGET_EVIDENCE_AVAILABLE
NPC477185	1	1	0	ANNOTATED_TARGET_EVIDENCE_AVAILABLE
NPC477186	1	1	0	ANNOTATED_TARGET_EVIDENCE_AVAILABLE
NPC477267	1	1	0	ANNOTATED_TARGET_EVIDENCE_AVAILABLE
NPC477281	2	1	1	MIXED_ANNOTATED_AND_UNANNOTATED_TARGETS
NPC477581	1	1	0	ANNOTATED_TARGET_EVIDENCE_AVAILABLE
NPC477582	1	1	0	ANNOTATED_TARGET_EVIDENCE_AVAILABLE
NPC477583	1	1	0	ANNOTATED_TARGET_EVIDENCE_AVAILABLE
NPC477584	1	1	0	ANNOTATED_TARGET_EVIDENCE_AVAILABLE
NPC477628	1	1	0	ANNOTATED_TARGET_EVIDENCE_AVAILABLE
NPC477878	1	1	0	ANNOTATED_TARGET_EVIDENCE_AVAILABLE
NPC477919	1	1	0	ANNOTATED_TARGET_EVIDENCE_AVAILABLE
NPC477957	1	1	0	ANNOTATED_TARGET_EVIDENCE_AVAILABLE
NPC477958	1	1	0	ANNOTATED_TARGET_EVIDENCE_AVAILABLE
NPC478136	1	1	0	ANNOTATED_TARGET_EVIDENCE_AVAILABLE
NPC478140	1	1	0	ANNOTATED_TARGET_EVIDENCE_AVAILABLE
NPC478418	5	4	1	MIXED_ANNOTATED_AND_UNANNOTATED_TARGETS
NPC478504	1	1	0	ANNOTATED_TARGET_EVIDENCE_AVAILABLE
NPC478514	3	3	0	ANNOTATED_TARGET_EVIDENCE_AVAILABLE
NPC478516	1	1	0	ANNOTATED_TARGET_EVIDENCE_AVAILABLE
NPC47857	2	2	0	ANNOTATED_TARGET_EVIDENCE_AVAILABLE
NPC478578	2	0	2	UNANNOTATED_TARGET_EVIDENCE_ONLY
NPC478609	1	1	0	ANNOTATED_TARGET_EVIDENCE_AVAILABLE
NPC478610	1	1	0	ANNOTATED_TARGET_EVIDENCE_AVAILABLE
NPC478611	1	1	0	ANNOTATED_TARGET_EVIDENCE_AVAILABLE
NPC478612	1	1	0	ANNOTATED_TARGET_EVIDENCE_AVAILABLE
NPC478613	1	1	0	ANNOTATED_TARGET_EVIDENCE_AVAILABLE
NPC478614	1	1	0	ANNOTATED_TARGET_EVIDENCE_AVAILABLE
NPC478615	2	2	0	ANNOTATED_TARGET_EVIDENCE_AVAILABLE
NPC478658	4	3	1	MIXED_ANNOTATED_AND_UNANNOTATED_TARGETS
NPC478668	3	3	0	ANNOTATED_TARGET_EVIDENCE_AVAILABLE
NPC478715	6	6	0	ANNOTATED_TARGET_EVIDENCE_AVAILABLE
NPC478721	10	7	3	MIXED_ANNOTATED_AND_UNANNOTATED_TARGETS
NPC478793	2	1	1	MIXED_ANNOTATED_AND_UNANNOTATED_TARGETS
NPC478794	4	3	1	MIXED_ANNOTATED_AND_UNANNOTATED_TARGETS
NPC478816	14	13	1	MIXED_ANNOTATED_AND_UNANNOTATED_TARGETS
NPC478850	3	3	0	ANNOTATED_TARGET_EVIDENCE_AVAILABLE
NPC478878	1	1	0	ANNOTATED_TARGET_EVIDENCE_AVAILABLE
NPC478879	1	1	0	ANNOTATED_TARGET_EVIDENCE_AVAILABLE
NPC478880	1	1	0	ANNOTATED_TARGET_EVIDENCE_AVAILABLE
NPC478881	1	1	0	ANNOTATED_TARGET_EVIDENCE_AVAILABLE
NPC478882	1	1	0	ANNOTATED_TARGET_EVIDENCE_AVAILABLE
NPC478883	1	1	0	ANNOTATED_TARGET_EVIDENCE_AVAILABLE
NPC478886	1	1	0	ANNOTATED_TARGET_EVIDENCE_AVAILABLE
NPC478921	2	1	1	MIXED_ANNOTATED_AND_UNANNOTATED_TARGETS
NPC478922	7	3	4	MIXED_ANNOTATED_AND_UNANNOTATED_TARGETS
NPC478930	2	2	0	ANNOTATED_TARGET_EVIDENCE_AVAILABLE
NPC478931	2	2	0	ANNOTATED_TARGET_EVIDENCE_AVAILABLE
NPC479033	1	1	0	ANNOTATED_TARGET_EVIDENCE_AVAILABLE
NPC479034	1	1	0	ANNOTATED_TARGET_EVIDENCE_AVAILABLE
NPC479035	1	1	0	ANNOTATED_TARGET_EVIDENCE_AVAILABLE
NPC479036	1	1	0	ANNOTATED_TARGET_EVIDENCE_AVAILABLE
NPC479037	1	1	0	ANNOTATED_TARGET_EVIDENCE_AVAILABLE
NPC479038	1	1	0	ANNOTATED_TARGET_EVIDENCE_AVAILABLE
NPC479039	2	1	1	MIXED_ANNOTATED_AND_UNANNOTATED_TARGETS
NPC479062	1	1	0	ANNOTATED_TARGET_EVIDENCE_AVAILABLE
NPC479063	1	1	0	ANNOTATED_TARGET_EVIDENCE_AVAILABLE
NPC479064	1	1	0	ANNOTATED_TARGET_EVIDENCE_AVAILABLE
NPC479095	1	1	0	ANNOTATED_TARGET_EVIDENCE_AVAILABLE
NPC479118	7	6	1	MIXED_ANNOTATED_AND_UNANNOTATED_TARGETS
NPC479190	15	13	2	MIXED_ANNOTATED_AND_UNANNOTATED_TARGETS
NPC47936	7	7	0	ANNOTATED_TARGET_EVIDENCE_AVAILABLE
NPC479379	13	12	1	MIXED_ANNOTATED_AND_UNANNOTATED_TARGETS
NPC479399	11	9	2	MIXED_ANNOTATED_AND_UNANNOTATED_TARGETS
NPC479427	1	1	0	ANNOTATED_TARGET_EVIDENCE_AVAILABLE
NPC47946	2	2	0	ANNOTATED_TARGET_EVIDENCE_AVAILABLE
NPC479624	1	1	0	ANNOTATED_TARGET_EVIDENCE_AVAILABLE
NPC479629	1	1	0	ANNOTATED_TARGET_EVIDENCE_AVAILABLE
NPC479770	4	4	0	ANNOTATED_TARGET_EVIDENCE_AVAILABLE
NPC479956	1	1	0	ANNOTATED_TARGET_EVIDENCE_AVAILABLE
NPC480192	2	2	0	ANNOTATED_TARGET_EVIDENCE_AVAILABLE
NPC480220	50	49	1	MIXED_ANNOTATED_AND_UNANNOTATED_TARGETS
NPC480239	5	5	0	ANNOTATED_TARGET_EVIDENCE_AVAILABLE
NPC480243	9	8	1	MIXED_ANNOTATED_AND_UNANNOTATED_TARGETS
NPC480254	1	1	0	ANNOTATED_TARGET_EVIDENCE_AVAILABLE
NPC480265	3	3	0	ANNOTATED_TARGET_EVIDENCE_AVAILABLE
NPC480387	1	1	0	ANNOTATED_TARGET_EVIDENCE_AVAILABLE
NPC480590	2	2	0	ANNOTATED_TARGET_EVIDENCE_AVAILABLE
NPC480591	1	1	0	ANNOTATED_TARGET_EVIDENCE_AVAILABLE
NPC480592	2	2	0	ANNOTATED_TARGET_EVIDENCE_AVAILABLE
NPC480593	2	2	0	ANNOTATED_TARGET_EVIDENCE_AVAILABLE
NPC480594	1	1	0	ANNOTATED_TARGET_EVIDENCE_AVAILABLE
NPC480848	1	1	0	ANNOTATED_TARGET_EVIDENCE_AVAILABLE
NPC48093	1	1	0	ANNOTATED_TARGET_EVIDENCE_AVAILABLE
NPC481151	18	13	5	MIXED_ANNOTATED_AND_UNANNOTATED_TARGETS
NPC481152	2	2	0	ANNOTATED_TARGET_EVIDENCE_AVAILABLE
NPC481153	5	5	0	ANNOTATED_TARGET_EVIDENCE_AVAILABLE
NPC481178	11	10	1	MIXED_ANNOTATED_AND_UNANNOTATED_TARGETS
NPC481212	1	1	0	ANNOTATED_TARGET_EVIDENCE_AVAILABLE
NPC481215	1	1	0	ANNOTATED_TARGET_EVIDENCE_AVAILABLE
NPC481271	1	1	0	ANNOTATED_TARGET_EVIDENCE_AVAILABLE
NPC48130	1	1	0	ANNOTATED_TARGET_EVIDENCE_AVAILABLE
NPC481442	1	1	0	ANNOTATED_TARGET_EVIDENCE_AVAILABLE
NPC481444	1	1	0	ANNOTATED_TARGET_EVIDENCE_AVAILABLE
NPC481447	1	1	0	ANNOTATED_TARGET_EVIDENCE_AVAILABLE
NPC481448	1	1	0	ANNOTATED_TARGET_EVIDENCE_AVAILABLE
NPC481457	1	1	0	ANNOTATED_TARGET_EVIDENCE_AVAILABLE
NPC481458	1	1	0	ANNOTATED_TARGET_EVIDENCE_AVAILABLE
NPC481461	1	1	0	ANNOTATED_TARGET_EVIDENCE_AVAILABLE
NPC481462	1	1	0	ANNOTATED_TARGET_EVIDENCE_AVAILABLE
NPC481463	1	1	0	ANNOTATED_TARGET_EVIDENCE_AVAILABLE
NPC481464	1	1	0	ANNOTATED_TARGET_EVIDENCE_AVAILABLE
NPC481465	1	1	0	ANNOTATED_TARGET_EVIDENCE_AVAILABLE
NPC481466	1	1	0	ANNOTATED_TARGET_EVIDENCE_AVAILABLE
NPC481840	6	4	2	MIXED_ANNOTATED_AND_UNANNOTATED_TARGETS
NPC481841	5	4	1	MIXED_ANNOTATED_AND_UNANNOTATED_TARGETS
NPC481992	2	2	0	ANNOTATED_TARGET_EVIDENCE_AVAILABLE
NPC482098	1	1	0	ANNOTATED_TARGET_EVIDENCE_AVAILABLE
NPC482099	1	1	0	ANNOTATED_TARGET_EVIDENCE_AVAILABLE
NPC482100	1	1	0	ANNOTATED_TARGET_EVIDENCE_AVAILABLE
NPC482101	1	1	0	ANNOTATED_TARGET_EVIDENCE_AVAILABLE
NPC482102	1	1	0	ANNOTATED_TARGET_EVIDENCE_AVAILABLE
NPC482103	1	1	0	ANNOTATED_TARGET_EVIDENCE_AVAILABLE
NPC482104	1	1	0	ANNOTATED_TARGET_EVIDENCE_AVAILABLE
NPC482105	1	1	0	ANNOTATED_TARGET_EVIDENCE_AVAILABLE
NPC482106	1	1	0	ANNOTATED_TARGET_EVIDENCE_AVAILABLE
NPC482107	1	1	0	ANNOTATED_TARGET_EVIDENCE_AVAILABLE
NPC482174	1	1	0	ANNOTATED_TARGET_EVIDENCE_AVAILABLE
NPC482175	1	1	0	ANNOTATED_TARGET_EVIDENCE_AVAILABLE
NPC482176	1	1	0	ANNOTATED_TARGET_EVIDENCE_AVAILABLE
NPC482177	1	1	0	ANNOTATED_TARGET_EVIDENCE_AVAILABLE
NPC482178	1	1	0	ANNOTATED_TARGET_EVIDENCE_AVAILABLE
NPC482179	1	1	0	ANNOTATED_TARGET_EVIDENCE_AVAILABLE
NPC482180	1	1	0	ANNOTATED_TARGET_EVIDENCE_AVAILABLE
NPC482181	1	1	0	ANNOTATED_TARGET_EVIDENCE_AVAILABLE
NPC482182	1	1	0	ANNOTATED_TARGET_EVIDENCE_AVAILABLE
NPC482183	1	1	0	ANNOTATED_TARGET_EVIDENCE_AVAILABLE
NPC482184	1	1	0	ANNOTATED_TARGET_EVIDENCE_AVAILABLE
NPC482185	1	1	0	ANNOTATED_TARGET_EVIDENCE_AVAILABLE
NPC482186	1	1	0	ANNOTATED_TARGET_EVIDENCE_AVAILABLE
NPC482187	1	1	0	ANNOTATED_TARGET_EVIDENCE_AVAILABLE
NPC482188	1	1	0	ANNOTATED_TARGET_EVIDENCE_AVAILABLE
NPC482189	1	1	0	ANNOTATED_TARGET_EVIDENCE_AVAILABLE
NPC482190	1	1	0	ANNOTATED_TARGET_EVIDENCE_AVAILABLE
NPC482191	1	1	0	ANNOTATED_TARGET_EVIDENCE_AVAILABLE
NPC482192	1	1	0	ANNOTATED_TARGET_EVIDENCE_AVAILABLE
NPC482193	1	1	0	ANNOTATED_TARGET_EVIDENCE_AVAILABLE
NPC482194	1	1	0	ANNOTATED_TARGET_EVIDENCE_AVAILABLE
NPC482195	1	1	0	ANNOTATED_TARGET_EVIDENCE_AVAILABLE
NPC482298	3	3	0	ANNOTATED_TARGET_EVIDENCE_AVAILABLE
NPC482602	1	0	1	UNANNOTATED_TARGET_EVIDENCE_ONLY
NPC482626	1	1	0	ANNOTATED_TARGET_EVIDENCE_AVAILABLE
NPC482686	2	2	0	ANNOTATED_TARGET_EVIDENCE_AVAILABLE
NPC482687	10	10	0	ANNOTATED_TARGET_EVIDENCE_AVAILABLE
NPC482688	13	13	0	ANNOTATED_TARGET_EVIDENCE_AVAILABLE
NPC482701	1	1	0	ANNOTATED_TARGET_EVIDENCE_AVAILABLE
NPC482703	1	1	0	ANNOTATED_TARGET_EVIDENCE_AVAILABLE
NPC482707	1	1	0	ANNOTATED_TARGET_EVIDENCE_AVAILABLE
NPC482713	1	1	0	ANNOTATED_TARGET_EVIDENCE_AVAILABLE
NPC482714	2	2	0	ANNOTATED_TARGET_EVIDENCE_AVAILABLE
NPC482753	1	0	1	UNANNOTATED_TARGET_EVIDENCE_ONLY
NPC482757	1	1	0	ANNOTATED_TARGET_EVIDENCE_AVAILABLE
NPC482759	1	1	0	ANNOTATED_TARGET_EVIDENCE_AVAILABLE
NPC482761	1	1	0	ANNOTATED_TARGET_EVIDENCE_AVAILABLE
NPC482762	1	1	0	ANNOTATED_TARGET_EVIDENCE_AVAILABLE
NPC482833	1	1	0	ANNOTATED_TARGET_EVIDENCE_AVAILABLE
NPC482922	1	1	0	ANNOTATED_TARGET_EVIDENCE_AVAILABLE
NPC482940	2	2	0	ANNOTATED_TARGET_EVIDENCE_AVAILABLE
NPC482954	2	2	0	ANNOTATED_TARGET_EVIDENCE_AVAILABLE
NPC483027	1	0	1	UNANNOTATED_TARGET_EVIDENCE_ONLY
NPC483051	1	1	0	ANNOTATED_TARGET_EVIDENCE_AVAILABLE
NPC483052	1	1	0	ANNOTATED_TARGET_EVIDENCE_AVAILABLE
NPC483053	1	1	0	ANNOTATED_TARGET_EVIDENCE_AVAILABLE
NPC483054	1	1	0	ANNOTATED_TARGET_EVIDENCE_AVAILABLE
NPC483055	1	1	0	ANNOTATED_TARGET_EVIDENCE_AVAILABLE
NPC483056	1	1	0	ANNOTATED_TARGET_EVIDENCE_AVAILABLE
NPC483057	1	1	0	ANNOTATED_TARGET_EVIDENCE_AVAILABLE
NPC483058	1	1	0	ANNOTATED_TARGET_EVIDENCE_AVAILABLE
NPC483059	1	1	0	ANNOTATED_TARGET_EVIDENCE_AVAILABLE
NPC483060	1	1	0	ANNOTATED_TARGET_EVIDENCE_AVAILABLE
NPC483061	1	1	0	ANNOTATED_TARGET_EVIDENCE_AVAILABLE
NPC483062	1	1	0	ANNOTATED_TARGET_EVIDENCE_AVAILABLE
NPC483063	1	1	0	ANNOTATED_TARGET_EVIDENCE_AVAILABLE
NPC483064	1	1	0	ANNOTATED_TARGET_EVIDENCE_AVAILABLE
NPC483081	3	3	0	ANNOTATED_TARGET_EVIDENCE_AVAILABLE
NPC483291	6	6	0	ANNOTATED_TARGET_EVIDENCE_AVAILABLE
NPC483294	1	1	0	ANNOTATED_TARGET_EVIDENCE_AVAILABLE
NPC483359	2	1	1	MIXED_ANNOTATED_AND_UNANNOTATED_TARGETS
NPC483360	2	1	1	MIXED_ANNOTATED_AND_UNANNOTATED_TARGETS
NPC483361	1	0	1	UNANNOTATED_TARGET_EVIDENCE_ONLY
NPC483362	2	1	1	MIXED_ANNOTATED_AND_UNANNOTATED_TARGETS
NPC483363	16	7	9	MIXED_ANNOTATED_AND_UNANNOTATED_TARGETS
NPC48342	30	29	1	MIXED_ANNOTATED_AND_UNANNOTATED_TARGETS
NPC483487	9	9	0	ANNOTATED_TARGET_EVIDENCE_AVAILABLE
NPC48366	1	1	0	ANNOTATED_TARGET_EVIDENCE_AVAILABLE
NPC483990	7	6	1	MIXED_ANNOTATED_AND_UNANNOTATED_TARGETS
NPC484271	1	1	0	ANNOTATED_TARGET_EVIDENCE_AVAILABLE
NPC484272	1	1	0	ANNOTATED_TARGET_EVIDENCE_AVAILABLE
NPC484273	1	1	0	ANNOTATED_TARGET_EVIDENCE_AVAILABLE
NPC484274	1	1	0	ANNOTATED_TARGET_EVIDENCE_AVAILABLE
NPC484275	1	1	0	ANNOTATED_TARGET_EVIDENCE_AVAILABLE
NPC484296	1	1	0	ANNOTATED_TARGET_EVIDENCE_AVAILABLE
NPC484817	1	1	0	ANNOTATED_TARGET_EVIDENCE_AVAILABLE
NPC484818	2	2	0	ANNOTATED_TARGET_EVIDENCE_AVAILABLE
NPC484989	1	1	0	ANNOTATED_TARGET_EVIDENCE_AVAILABLE
NPC484990	1	1	0	ANNOTATED_TARGET_EVIDENCE_AVAILABLE
NPC485093	1	1	0	ANNOTATED_TARGET_EVIDENCE_AVAILABLE
NPC485099	1	1	0	ANNOTATED_TARGET_EVIDENCE_AVAILABLE
NPC485100	1	1	0	ANNOTATED_TARGET_EVIDENCE_AVAILABLE
NPC485101	1	1	0	ANNOTATED_TARGET_EVIDENCE_AVAILABLE
NPC485102	1	1	0	ANNOTATED_TARGET_EVIDENCE_AVAILABLE
NPC485103	1	1	0	ANNOTATED_TARGET_EVIDENCE_AVAILABLE
NPC485104	1	1	0	ANNOTATED_TARGET_EVIDENCE_AVAILABLE
NPC485105	1	1	0	ANNOTATED_TARGET_EVIDENCE_AVAILABLE
NPC485106	1	1	0	ANNOTATED_TARGET_EVIDENCE_AVAILABLE
NPC485107	1	1	0	ANNOTATED_TARGET_EVIDENCE_AVAILABLE
NPC485108	1	1	0	ANNOTATED_TARGET_EVIDENCE_AVAILABLE
NPC485314	3	3	0	ANNOTATED_TARGET_EVIDENCE_AVAILABLE
NPC485341	2	2	0	ANNOTATED_TARGET_EVIDENCE_AVAILABLE
NPC485342	3	3	0	ANNOTATED_TARGET_EVIDENCE_AVAILABLE
NPC485343	3	3	0	ANNOTATED_TARGET_EVIDENCE_AVAILABLE
NPC485344	2	2	0	ANNOTATED_TARGET_EVIDENCE_AVAILABLE
NPC485345	2	2	0	ANNOTATED_TARGET_EVIDENCE_AVAILABLE
NPC485346	2	2	0	ANNOTATED_TARGET_EVIDENCE_AVAILABLE
NPC485347	2	2	0	ANNOTATED_TARGET_EVIDENCE_AVAILABLE
NPC485458	6	5	1	MIXED_ANNOTATED_AND_UNANNOTATED_TARGETS
NPC485527	1	1	0	ANNOTATED_TARGET_EVIDENCE_AVAILABLE
NPC485528	1	1	0	ANNOTATED_TARGET_EVIDENCE_AVAILABLE
NPC485529	1	1	0	ANNOTATED_TARGET_EVIDENCE_AVAILABLE
NPC485530	1	1	0	ANNOTATED_TARGET_EVIDENCE_AVAILABLE
NPC485532	1	1	0	ANNOTATED_TARGET_EVIDENCE_AVAILABLE
NPC485533	1	1	0	ANNOTATED_TARGET_EVIDENCE_AVAILABLE
NPC485534	1	1	0	ANNOTATED_TARGET_EVIDENCE_AVAILABLE
NPC485535	1	1	0	ANNOTATED_TARGET_EVIDENCE_AVAILABLE
NPC485536	1	1	0	ANNOTATED_TARGET_EVIDENCE_AVAILABLE
NPC485537	1	1	0	ANNOTATED_TARGET_EVIDENCE_AVAILABLE
NPC485538	1	1	0	ANNOTATED_TARGET_EVIDENCE_AVAILABLE
NPC485539	1	1	0	ANNOTATED_TARGET_EVIDENCE_AVAILABLE
NPC485620	2	2	0	ANNOTATED_TARGET_EVIDENCE_AVAILABLE
NPC48564	4	4	0	ANNOTATED_TARGET_EVIDENCE_AVAILABLE
NPC485642	2	2	0	ANNOTATED_TARGET_EVIDENCE_AVAILABLE
NPC485883	4	4	0	ANNOTATED_TARGET_EVIDENCE_AVAILABLE
NPC486218	1	1	0	ANNOTATED_TARGET_EVIDENCE_AVAILABLE
NPC486219	1	1	0	ANNOTATED_TARGET_EVIDENCE_AVAILABLE
NPC486220	1	1	0	ANNOTATED_TARGET_EVIDENCE_AVAILABLE
NPC486221	1	1	0	ANNOTATED_TARGET_EVIDENCE_AVAILABLE
NPC486222	1	1	0	ANNOTATED_TARGET_EVIDENCE_AVAILABLE
NPC486223	1	1	0	ANNOTATED_TARGET_EVIDENCE_AVAILABLE
NPC486224	1	1	0	ANNOTATED_TARGET_EVIDENCE_AVAILABLE
NPC486225	1	1	0	ANNOTATED_TARGET_EVIDENCE_AVAILABLE
NPC486226	1	1	0	ANNOTATED_TARGET_EVIDENCE_AVAILABLE
NPC48641	1	0	1	UNANNOTATED_TARGET_EVIDENCE_ONLY
NPC486443	1	1	0	ANNOTATED_TARGET_EVIDENCE_AVAILABLE
NPC486444	1	1	0	ANNOTATED_TARGET_EVIDENCE_AVAILABLE
NPC486445	1	1	0	ANNOTATED_TARGET_EVIDENCE_AVAILABLE
NPC486446	1	1	0	ANNOTATED_TARGET_EVIDENCE_AVAILABLE
NPC486447	1	1	0	ANNOTATED_TARGET_EVIDENCE_AVAILABLE
NPC486448	1	1	0	ANNOTATED_TARGET_EVIDENCE_AVAILABLE
NPC486455	1	1	0	ANNOTATED_TARGET_EVIDENCE_AVAILABLE
NPC486662	2	2	0	ANNOTATED_TARGET_EVIDENCE_AVAILABLE
NPC486821	1	1	0	ANNOTATED_TARGET_EVIDENCE_AVAILABLE
NPC486822	3	3	0	ANNOTATED_TARGET_EVIDENCE_AVAILABLE
NPC486823	3	3	0	ANNOTATED_TARGET_EVIDENCE_AVAILABLE
NPC488012	8	8	0	ANNOTATED_TARGET_EVIDENCE_AVAILABLE
NPC488034	1	1	0	ANNOTATED_TARGET_EVIDENCE_AVAILABLE
NPC488035	1	1	0	ANNOTATED_TARGET_EVIDENCE_AVAILABLE
NPC488036	1	1	0	ANNOTATED_TARGET_EVIDENCE_AVAILABLE
NPC488037	1	1	0	ANNOTATED_TARGET_EVIDENCE_AVAILABLE
NPC488038	1	1	0	ANNOTATED_TARGET_EVIDENCE_AVAILABLE
NPC488039	1	1	0	ANNOTATED_TARGET_EVIDENCE_AVAILABLE
NPC488040	2	2	0	ANNOTATED_TARGET_EVIDENCE_AVAILABLE
NPC488041	4	4	0	ANNOTATED_TARGET_EVIDENCE_AVAILABLE
NPC488169	3	3	0	ANNOTATED_TARGET_EVIDENCE_AVAILABLE
NPC488278	1	1	0	ANNOTATED_TARGET_EVIDENCE_AVAILABLE
NPC488280	1	1	0	ANNOTATED_TARGET_EVIDENCE_AVAILABLE
NPC488284	1	1	0	ANNOTATED_TARGET_EVIDENCE_AVAILABLE
NPC488286	1	1	0	ANNOTATED_TARGET_EVIDENCE_AVAILABLE
NPC488442	1	1	0	ANNOTATED_TARGET_EVIDENCE_AVAILABLE
NPC488449	1	1	0	ANNOTATED_TARGET_EVIDENCE_AVAILABLE
NPC488451	1	1	0	ANNOTATED_TARGET_EVIDENCE_AVAILABLE
NPC488458	1	1	0	ANNOTATED_TARGET_EVIDENCE_AVAILABLE
NPC488459	1	1	0	ANNOTATED_TARGET_EVIDENCE_AVAILABLE
NPC488460	1	1	0	ANNOTATED_TARGET_EVIDENCE_AVAILABLE
NPC488461	1	1	0	ANNOTATED_TARGET_EVIDENCE_AVAILABLE
NPC488462	1	1	0	ANNOTATED_TARGET_EVIDENCE_AVAILABLE
NPC488463	1	1	0	ANNOTATED_TARGET_EVIDENCE_AVAILABLE
NPC488464	1	1	0	ANNOTATED_TARGET_EVIDENCE_AVAILABLE
NPC488465	1	1	0	ANNOTATED_TARGET_EVIDENCE_AVAILABLE
NPC488467	1	1	0	ANNOTATED_TARGET_EVIDENCE_AVAILABLE
NPC488468	1	1	0	ANNOTATED_TARGET_EVIDENCE_AVAILABLE
NPC488469	1	1	0	ANNOTATED_TARGET_EVIDENCE_AVAILABLE
NPC488470	1	1	0	ANNOTATED_TARGET_EVIDENCE_AVAILABLE
NPC488479	1	1	0	ANNOTATED_TARGET_EVIDENCE_AVAILABLE
NPC488548	1	1	0	ANNOTATED_TARGET_EVIDENCE_AVAILABLE
NPC488549	1	1	0	ANNOTATED_TARGET_EVIDENCE_AVAILABLE
NPC488550	1	1	0	ANNOTATED_TARGET_EVIDENCE_AVAILABLE
NPC488551	1	0	1	UNANNOTATED_TARGET_EVIDENCE_ONLY
NPC488552	1	0	1	UNANNOTATED_TARGET_EVIDENCE_ONLY
NPC488554	1	0	1	UNANNOTATED_TARGET_EVIDENCE_ONLY
NPC488555	1	0	1	UNANNOTATED_TARGET_EVIDENCE_ONLY
NPC488556	1	0	1	UNANNOTATED_TARGET_EVIDENCE_ONLY
NPC488557	1	0	1	UNANNOTATED_TARGET_EVIDENCE_ONLY
NPC488558	1	0	1	UNANNOTATED_TARGET_EVIDENCE_ONLY
NPC488871	11	5	6	MIXED_ANNOTATED_AND_UNANNOTATED_TARGETS
NPC49009	1	1	0	ANNOTATED_TARGET_EVIDENCE_AVAILABLE
NPC49074	1	1	0	ANNOTATED_TARGET_EVIDENCE_AVAILABLE
NPC49075	3	2	1	MIXED_ANNOTATED_AND_UNANNOTATED_TARGETS
NPC49130	1	1	0	ANNOTATED_TARGET_EVIDENCE_AVAILABLE
NPC49196	14	14	0	ANNOTATED_TARGET_EVIDENCE_AVAILABLE
NPC49422	1	1	0	ANNOTATED_TARGET_EVIDENCE_AVAILABLE
NPC4962	1	1	0	ANNOTATED_TARGET_EVIDENCE_AVAILABLE
NPC50063	6	6	0	ANNOTATED_TARGET_EVIDENCE_AVAILABLE
NPC50362	2	2	0	ANNOTATED_TARGET_EVIDENCE_AVAILABLE
NPC50511	6	6	0	ANNOTATED_TARGET_EVIDENCE_AVAILABLE
NPC50583	1	1	0	ANNOTATED_TARGET_EVIDENCE_AVAILABLE
NPC50720	5	5	0	ANNOTATED_TARGET_EVIDENCE_AVAILABLE
NPC5079	3	3	0	ANNOTATED_TARGET_EVIDENCE_AVAILABLE
NPC50815	1	1	0	ANNOTATED_TARGET_EVIDENCE_AVAILABLE
NPC50898	67	62	5	MIXED_ANNOTATED_AND_UNANNOTATED_TARGETS
NPC51146	10	10	0	ANNOTATED_TARGET_EVIDENCE_AVAILABLE
NPC51198	7	7	0	ANNOTATED_TARGET_EVIDENCE_AVAILABLE
NPC51314	1	1	0	ANNOTATED_TARGET_EVIDENCE_AVAILABLE
NPC51329	1	1	0	ANNOTATED_TARGET_EVIDENCE_AVAILABLE
NPC51443	26	25	1	MIXED_ANNOTATED_AND_UNANNOTATED_TARGETS
NPC51641	1	1	0	ANNOTATED_TARGET_EVIDENCE_AVAILABLE
NPC5167	10	10	0	ANNOTATED_TARGET_EVIDENCE_AVAILABLE
NPC51695	10	9	1	MIXED_ANNOTATED_AND_UNANNOTATED_TARGETS
NPC51700	24	19	5	MIXED_ANNOTATED_AND_UNANNOTATED_TARGETS
NPC51758	1	1	0	ANNOTATED_TARGET_EVIDENCE_AVAILABLE
NPC51956	1	1	0	ANNOTATED_TARGET_EVIDENCE_AVAILABLE
NPC51957	2	2	0	ANNOTATED_TARGET_EVIDENCE_AVAILABLE
NPC52005	4	4	0	ANNOTATED_TARGET_EVIDENCE_AVAILABLE
NPC52021	1	1	0	ANNOTATED_TARGET_EVIDENCE_AVAILABLE
NPC52247	20	18	2	MIXED_ANNOTATED_AND_UNANNOTATED_TARGETS
NPC5238	4	4	0	ANNOTATED_TARGET_EVIDENCE_AVAILABLE
NPC52382	1	1	0	ANNOTATED_TARGET_EVIDENCE_AVAILABLE
NPC52403	1	1	0	ANNOTATED_TARGET_EVIDENCE_AVAILABLE
NPC52464	2	2	0	ANNOTATED_TARGET_EVIDENCE_AVAILABLE
NPC52472	2	2	0	ANNOTATED_TARGET_EVIDENCE_AVAILABLE
NPC52634	1	1	0	ANNOTATED_TARGET_EVIDENCE_AVAILABLE
NPC52700	1	1	0	ANNOTATED_TARGET_EVIDENCE_AVAILABLE
NPC52764	7	7	0	ANNOTATED_TARGET_EVIDENCE_AVAILABLE
NPC52831	5	5	0	ANNOTATED_TARGET_EVIDENCE_AVAILABLE
NPC53069	17	16	1	MIXED_ANNOTATED_AND_UNANNOTATED_TARGETS
NPC53109	2	2	0	ANNOTATED_TARGET_EVIDENCE_AVAILABLE
NPC53139	1	1	0	ANNOTATED_TARGET_EVIDENCE_AVAILABLE
NPC53144	1	1	0	ANNOTATED_TARGET_EVIDENCE_AVAILABLE
NPC5319	2	2	0	ANNOTATED_TARGET_EVIDENCE_AVAILABLE
NPC53276	2	2	0	ANNOTATED_TARGET_EVIDENCE_AVAILABLE
NPC53463	1	1	0	ANNOTATED_TARGET_EVIDENCE_AVAILABLE
NPC53545	3	3	0	ANNOTATED_TARGET_EVIDENCE_AVAILABLE
NPC53744	1	1	0	ANNOTATED_TARGET_EVIDENCE_AVAILABLE
NPC53889	2	1	1	MIXED_ANNOTATED_AND_UNANNOTATED_TARGETS
NPC53986	1	1	0	ANNOTATED_TARGET_EVIDENCE_AVAILABLE
NPC54016	1	1	0	ANNOTATED_TARGET_EVIDENCE_AVAILABLE
NPC54123	1	1	0	ANNOTATED_TARGET_EVIDENCE_AVAILABLE
NPC5413	7	6	1	MIXED_ANNOTATED_AND_UNANNOTATED_TARGETS
NPC54243	1	1	0	ANNOTATED_TARGET_EVIDENCE_AVAILABLE
NPC54320	2	2	0	ANNOTATED_TARGET_EVIDENCE_AVAILABLE
NPC54321	2	2	0	ANNOTATED_TARGET_EVIDENCE_AVAILABLE
NPC54379	5	5	0	ANNOTATED_TARGET_EVIDENCE_AVAILABLE
NPC54394	3	3	0	ANNOTATED_TARGET_EVIDENCE_AVAILABLE
NPC54460	1	0	1	UNANNOTATED_TARGET_EVIDENCE_ONLY
NPC5447	1	0	1	UNANNOTATED_TARGET_EVIDENCE_ONLY
NPC54542	3	3	0	ANNOTATED_TARGET_EVIDENCE_AVAILABLE
NPC54830	1	0	1	UNANNOTATED_TARGET_EVIDENCE_ONLY
NPC55018	1	1	0	ANNOTATED_TARGET_EVIDENCE_AVAILABLE
NPC55068	14	8	6	MIXED_ANNOTATED_AND_UNANNOTATED_TARGETS
NPC55149	4	4	0	ANNOTATED_TARGET_EVIDENCE_AVAILABLE
NPC55162	5	5	0	ANNOTATED_TARGET_EVIDENCE_AVAILABLE
NPC55384	1	1	0	ANNOTATED_TARGET_EVIDENCE_AVAILABLE
NPC55412	9	9	0	ANNOTATED_TARGET_EVIDENCE_AVAILABLE
NPC55422	10	10	0	ANNOTATED_TARGET_EVIDENCE_AVAILABLE
NPC55462	2	2	0	ANNOTATED_TARGET_EVIDENCE_AVAILABLE
NPC55832	1	1	0	ANNOTATED_TARGET_EVIDENCE_AVAILABLE
NPC56085	1	0	1	UNANNOTATED_TARGET_EVIDENCE_ONLY
NPC56271	50	49	1	MIXED_ANNOTATED_AND_UNANNOTATED_TARGETS
NPC56540	1	1	0	ANNOTATED_TARGET_EVIDENCE_AVAILABLE
NPC57051	2	2	0	ANNOTATED_TARGET_EVIDENCE_AVAILABLE
NPC5707	2	0	2	UNANNOTATED_TARGET_EVIDENCE_ONLY
NPC57279	2	2	0	ANNOTATED_TARGET_EVIDENCE_AVAILABLE
NPC57463	2	2	0	ANNOTATED_TARGET_EVIDENCE_AVAILABLE
NPC57565	9	8	1	MIXED_ANNOTATED_AND_UNANNOTATED_TARGETS
NPC57601	12	12	0	ANNOTATED_TARGET_EVIDENCE_AVAILABLE
NPC57879	4	4	0	ANNOTATED_TARGET_EVIDENCE_AVAILABLE
NPC58427	11	11	0	ANNOTATED_TARGET_EVIDENCE_AVAILABLE
NPC58616	1	1	0	ANNOTATED_TARGET_EVIDENCE_AVAILABLE
NPC58629	2	0	2	UNANNOTATED_TARGET_EVIDENCE_ONLY
NPC58805	1	1	0	ANNOTATED_TARGET_EVIDENCE_AVAILABLE
NPC58827	2	2	0	ANNOTATED_TARGET_EVIDENCE_AVAILABLE
NPC58956	2	2	0	ANNOTATED_TARGET_EVIDENCE_AVAILABLE
NPC59035	3	3	0	ANNOTATED_TARGET_EVIDENCE_AVAILABLE
NPC59045	2	2	0	ANNOTATED_TARGET_EVIDENCE_AVAILABLE
NPC59210	1	1	0	ANNOTATED_TARGET_EVIDENCE_AVAILABLE
NPC59314	1	0	1	UNANNOTATED_TARGET_EVIDENCE_ONLY
NPC5948	1	1	0	ANNOTATED_TARGET_EVIDENCE_AVAILABLE
NPC59491	1	1	0	ANNOTATED_TARGET_EVIDENCE_AVAILABLE
NPC59551	1	1	0	ANNOTATED_TARGET_EVIDENCE_AVAILABLE
NPC59567	1	1	0	ANNOTATED_TARGET_EVIDENCE_AVAILABLE
NPC59650	2	1	1	MIXED_ANNOTATED_AND_UNANNOTATED_TARGETS
NPC5968	1	1	0	ANNOTATED_TARGET_EVIDENCE_AVAILABLE
NPC59692	2	2	0	ANNOTATED_TARGET_EVIDENCE_AVAILABLE
NPC59739	1	0	1	UNANNOTATED_TARGET_EVIDENCE_ONLY
NPC5989	8	8	0	ANNOTATED_TARGET_EVIDENCE_AVAILABLE
NPC5990	1	1	0	ANNOTATED_TARGET_EVIDENCE_AVAILABLE
NPC59907	2	2	0	ANNOTATED_TARGET_EVIDENCE_AVAILABLE
NPC59951	2	2	0	ANNOTATED_TARGET_EVIDENCE_AVAILABLE
NPC60120	4	1	3	MIXED_ANNOTATED_AND_UNANNOTATED_TARGETS
NPC60538	1	1	0	ANNOTATED_TARGET_EVIDENCE_AVAILABLE
NPC60553	11	11	0	ANNOTATED_TARGET_EVIDENCE_AVAILABLE
NPC60672	4	4	0	ANNOTATED_TARGET_EVIDENCE_AVAILABLE
NPC60772	2	2	0	ANNOTATED_TARGET_EVIDENCE_AVAILABLE
NPC6095	1	1	0	ANNOTATED_TARGET_EVIDENCE_AVAILABLE
NPC61	23	22	1	MIXED_ANNOTATED_AND_UNANNOTATED_TARGETS
NPC61010	2	2	0	ANNOTATED_TARGET_EVIDENCE_AVAILABLE
NPC6118	1	1	0	ANNOTATED_TARGET_EVIDENCE_AVAILABLE
NPC61198	2	2	0	ANNOTATED_TARGET_EVIDENCE_AVAILABLE
NPC61435	6	5	1	MIXED_ANNOTATED_AND_UNANNOTATED_TARGETS
NPC61473	3	3	0	ANNOTATED_TARGET_EVIDENCE_AVAILABLE
NPC61477	21	21	0	ANNOTATED_TARGET_EVIDENCE_AVAILABLE
NPC61506	1	1	0	ANNOTATED_TARGET_EVIDENCE_AVAILABLE
NPC61543	1	1	0	ANNOTATED_TARGET_EVIDENCE_AVAILABLE
NPC61546	1	1	0	ANNOTATED_TARGET_EVIDENCE_AVAILABLE
NPC61590	1	1	0	ANNOTATED_TARGET_EVIDENCE_AVAILABLE
NPC61620	1	1	0	ANNOTATED_TARGET_EVIDENCE_AVAILABLE
NPC6166	3	2	1	MIXED_ANNOTATED_AND_UNANNOTATED_TARGETS
NPC61779	3	2	1	MIXED_ANNOTATED_AND_UNANNOTATED_TARGETS
NPC61871	2	2	0	ANNOTATED_TARGET_EVIDENCE_AVAILABLE
NPC61904	1	1	0	ANNOTATED_TARGET_EVIDENCE_AVAILABLE
NPC61944	2	2	0	ANNOTATED_TARGET_EVIDENCE_AVAILABLE
NPC62042	1	1	0	ANNOTATED_TARGET_EVIDENCE_AVAILABLE
NPC62366	1	1	0	ANNOTATED_TARGET_EVIDENCE_AVAILABLE
NPC62640	3	3	0	ANNOTATED_TARGET_EVIDENCE_AVAILABLE
NPC62730	1	1	0	ANNOTATED_TARGET_EVIDENCE_AVAILABLE
NPC62735	7	7	0	ANNOTATED_TARGET_EVIDENCE_AVAILABLE
NPC62755	1	1	0	ANNOTATED_TARGET_EVIDENCE_AVAILABLE
NPC62765	3	3	0	ANNOTATED_TARGET_EVIDENCE_AVAILABLE
NPC62792	4	4	0	ANNOTATED_TARGET_EVIDENCE_AVAILABLE
NPC62800	7	7	0	ANNOTATED_TARGET_EVIDENCE_AVAILABLE
NPC62840	10	9	1	MIXED_ANNOTATED_AND_UNANNOTATED_TARGETS
NPC63187	1	1	0	ANNOTATED_TARGET_EVIDENCE_AVAILABLE
NPC63210	2	2	0	ANNOTATED_TARGET_EVIDENCE_AVAILABLE
NPC63338	1	1	0	ANNOTATED_TARGET_EVIDENCE_AVAILABLE
NPC63370	9	9	0	ANNOTATED_TARGET_EVIDENCE_AVAILABLE
NPC63545	11	11	0	ANNOTATED_TARGET_EVIDENCE_AVAILABLE
NPC6377	2	2	0	ANNOTATED_TARGET_EVIDENCE_AVAILABLE
NPC64141	5	4	1	MIXED_ANNOTATED_AND_UNANNOTATED_TARGETS
NPC6434	1	1	0	ANNOTATED_TARGET_EVIDENCE_AVAILABLE
NPC64359	8	8	0	ANNOTATED_TARGET_EVIDENCE_AVAILABLE
NPC6451	1	1	0	ANNOTATED_TARGET_EVIDENCE_AVAILABLE
NPC64576	2	2	0	ANNOTATED_TARGET_EVIDENCE_AVAILABLE
NPC64705	1	0	1	UNANNOTATED_TARGET_EVIDENCE_ONLY
NPC64862	1	1	0	ANNOTATED_TARGET_EVIDENCE_AVAILABLE
NPC64872	2	2	0	ANNOTATED_TARGET_EVIDENCE_AVAILABLE
NPC65120	1	1	0	ANNOTATED_TARGET_EVIDENCE_AVAILABLE
NPC65408	2	2	0	ANNOTATED_TARGET_EVIDENCE_AVAILABLE
NPC65489	1	1	0	ANNOTATED_TARGET_EVIDENCE_AVAILABLE
NPC65517	31	31	0	ANNOTATED_TARGET_EVIDENCE_AVAILABLE
NPC65665	1	1	0	ANNOTATED_TARGET_EVIDENCE_AVAILABLE
NPC65873	1	1	0	ANNOTATED_TARGET_EVIDENCE_AVAILABLE
NPC6597	1	1	0	ANNOTATED_TARGET_EVIDENCE_AVAILABLE
NPC66083	9	9	0	ANNOTATED_TARGET_EVIDENCE_AVAILABLE
NPC66177	3	3	0	ANNOTATED_TARGET_EVIDENCE_AVAILABLE
NPC66270	1	0	1	UNANNOTATED_TARGET_EVIDENCE_ONLY
NPC66288	1	1	0	ANNOTATED_TARGET_EVIDENCE_AVAILABLE
NPC66441	1	1	0	ANNOTATED_TARGET_EVIDENCE_AVAILABLE
NPC66515	1	1	0	ANNOTATED_TARGET_EVIDENCE_AVAILABLE
NPC66566	1	1	0	ANNOTATED_TARGET_EVIDENCE_AVAILABLE
NPC66581	1	1	0	ANNOTATED_TARGET_EVIDENCE_AVAILABLE
NPC66655	1	1	0	ANNOTATED_TARGET_EVIDENCE_AVAILABLE
NPC66677	2	2	0	ANNOTATED_TARGET_EVIDENCE_AVAILABLE
NPC66705	5	5	0	ANNOTATED_TARGET_EVIDENCE_AVAILABLE
NPC66775	1	1	0	ANNOTATED_TARGET_EVIDENCE_AVAILABLE
NPC66777	3	3	0	ANNOTATED_TARGET_EVIDENCE_AVAILABLE
NPC66862	2	2	0	ANNOTATED_TARGET_EVIDENCE_AVAILABLE
NPC66909	4	4	0	ANNOTATED_TARGET_EVIDENCE_AVAILABLE
NPC67037	1	1	0	ANNOTATED_TARGET_EVIDENCE_AVAILABLE
NPC67250	11	11	0	ANNOTATED_TARGET_EVIDENCE_AVAILABLE
NPC67322	1	0	1	UNANNOTATED_TARGET_EVIDENCE_ONLY
NPC67349	1	0	1	UNANNOTATED_TARGET_EVIDENCE_ONLY
NPC67450	1	1	0	ANNOTATED_TARGET_EVIDENCE_AVAILABLE
NPC67585	10	10	0	ANNOTATED_TARGET_EVIDENCE_AVAILABLE
NPC67654	1	1	0	ANNOTATED_TARGET_EVIDENCE_AVAILABLE
NPC67917	3	3	0	ANNOTATED_TARGET_EVIDENCE_AVAILABLE
NPC67978	2	2	0	ANNOTATED_TARGET_EVIDENCE_AVAILABLE
NPC68104	1	1	0	ANNOTATED_TARGET_EVIDENCE_AVAILABLE
NPC6818	1	1	0	ANNOTATED_TARGET_EVIDENCE_AVAILABLE
NPC68269	5	5	0	ANNOTATED_TARGET_EVIDENCE_AVAILABLE
NPC68324	1	1	0	ANNOTATED_TARGET_EVIDENCE_AVAILABLE
NPC68327	8	8	0	ANNOTATED_TARGET_EVIDENCE_AVAILABLE
NPC68441	46	40	6	MIXED_ANNOTATED_AND_UNANNOTATED_TARGETS
NPC6848	2	2	0	ANNOTATED_TARGET_EVIDENCE_AVAILABLE
NPC6854	8	8	0	ANNOTATED_TARGET_EVIDENCE_AVAILABLE
NPC68577	1	1	0	ANNOTATED_TARGET_EVIDENCE_AVAILABLE
NPC68779	1	1	0	ANNOTATED_TARGET_EVIDENCE_AVAILABLE
NPC6883	1	1	0	ANNOTATED_TARGET_EVIDENCE_AVAILABLE
NPC68873	1	0	1	UNANNOTATED_TARGET_EVIDENCE_ONLY
NPC6888	6	6	0	ANNOTATED_TARGET_EVIDENCE_AVAILABLE
NPC68889	1	1	0	ANNOTATED_TARGET_EVIDENCE_AVAILABLE
NPC68967	1	1	0	ANNOTATED_TARGET_EVIDENCE_AVAILABLE
NPC69101	6	4	2	MIXED_ANNOTATED_AND_UNANNOTATED_TARGETS
NPC6913	1	1	0	ANNOTATED_TARGET_EVIDENCE_AVAILABLE
NPC69213	1	1	0	ANNOTATED_TARGET_EVIDENCE_AVAILABLE
NPC6923	1	1	0	ANNOTATED_TARGET_EVIDENCE_AVAILABLE
NPC69374	14	12	2	MIXED_ANNOTATED_AND_UNANNOTATED_TARGETS
NPC69394	4	4	0	ANNOTATED_TARGET_EVIDENCE_AVAILABLE
NPC69454	2	2	0	ANNOTATED_TARGET_EVIDENCE_AVAILABLE
NPC69669	1	0	1	UNANNOTATED_TARGET_EVIDENCE_ONLY
NPC6984	3	1	2	MIXED_ANNOTATED_AND_UNANNOTATED_TARGETS
NPC69906	2	2	0	ANNOTATED_TARGET_EVIDENCE_AVAILABLE
NPC7013	2	2	0	ANNOTATED_TARGET_EVIDENCE_AVAILABLE
NPC70136	4	3	1	MIXED_ANNOTATED_AND_UNANNOTATED_TARGETS
NPC70172	2	2	0	ANNOTATED_TARGET_EVIDENCE_AVAILABLE
NPC70201	18	18	0	ANNOTATED_TARGET_EVIDENCE_AVAILABLE
NPC7029	2	2	0	ANNOTATED_TARGET_EVIDENCE_AVAILABLE
NPC70290	6	6	0	ANNOTATED_TARGET_EVIDENCE_AVAILABLE
NPC70387	2	2	0	ANNOTATED_TARGET_EVIDENCE_AVAILABLE
NPC70622	1	1	0	ANNOTATED_TARGET_EVIDENCE_AVAILABLE
NPC70744	13	13	0	ANNOTATED_TARGET_EVIDENCE_AVAILABLE
NPC70940	9	8	1	MIXED_ANNOTATED_AND_UNANNOTATED_TARGETS
NPC71061	3	3	0	ANNOTATED_TARGET_EVIDENCE_AVAILABLE
NPC71074	7	5	2	MIXED_ANNOTATED_AND_UNANNOTATED_TARGETS
NPC71105	1	0	1	UNANNOTATED_TARGET_EVIDENCE_ONLY
NPC71288	2	2	0	ANNOTATED_TARGET_EVIDENCE_AVAILABLE
NPC71339	2	1	1	MIXED_ANNOTATED_AND_UNANNOTATED_TARGETS
NPC7151	2	2	0	ANNOTATED_TARGET_EVIDENCE_AVAILABLE
NPC7154	11	11	0	ANNOTATED_TARGET_EVIDENCE_AVAILABLE
NPC71579	1	1	0	ANNOTATED_TARGET_EVIDENCE_AVAILABLE
NPC71755	1	1	0	ANNOTATED_TARGET_EVIDENCE_AVAILABLE
NPC71853	7	7	0	ANNOTATED_TARGET_EVIDENCE_AVAILABLE
NPC72016	2	2	0	ANNOTATED_TARGET_EVIDENCE_AVAILABLE
NPC7214	5	5	0	ANNOTATED_TARGET_EVIDENCE_AVAILABLE
NPC72158	1	1	0	ANNOTATED_TARGET_EVIDENCE_AVAILABLE
NPC72183	4	4	0	ANNOTATED_TARGET_EVIDENCE_AVAILABLE
NPC72258	1	1	0	ANNOTATED_TARGET_EVIDENCE_AVAILABLE
NPC72260	8	8	0	ANNOTATED_TARGET_EVIDENCE_AVAILABLE
NPC72452	1	1	0	ANNOTATED_TARGET_EVIDENCE_AVAILABLE
NPC72455	4	4	0	ANNOTATED_TARGET_EVIDENCE_AVAILABLE
NPC72772	4	4	0	ANNOTATED_TARGET_EVIDENCE_AVAILABLE
NPC72788	4	4	0	ANNOTATED_TARGET_EVIDENCE_AVAILABLE
NPC72796	1	1	0	ANNOTATED_TARGET_EVIDENCE_AVAILABLE
NPC72862	1	1	0	ANNOTATED_TARGET_EVIDENCE_AVAILABLE
NPC72977	1	1	0	ANNOTATED_TARGET_EVIDENCE_AVAILABLE
NPC72980	13	13	0	ANNOTATED_TARGET_EVIDENCE_AVAILABLE
NPC73020	4	4	0	ANNOTATED_TARGET_EVIDENCE_AVAILABLE
NPC73203	3	3	0	ANNOTATED_TARGET_EVIDENCE_AVAILABLE
NPC73411	6	6	0	ANNOTATED_TARGET_EVIDENCE_AVAILABLE
NPC73413	1	1	0	ANNOTATED_TARGET_EVIDENCE_AVAILABLE
NPC73416	3	3	0	ANNOTATED_TARGET_EVIDENCE_AVAILABLE
NPC73422	1	1	0	ANNOTATED_TARGET_EVIDENCE_AVAILABLE
NPC73492	4	4	0	ANNOTATED_TARGET_EVIDENCE_AVAILABLE
NPC73511	2	2	0	ANNOTATED_TARGET_EVIDENCE_AVAILABLE
NPC73532	3	3	0	ANNOTATED_TARGET_EVIDENCE_AVAILABLE
NPC73656	2	1	1	MIXED_ANNOTATED_AND_UNANNOTATED_TARGETS
NPC73738	22	22	0	ANNOTATED_TARGET_EVIDENCE_AVAILABLE
NPC73767	4	4	0	ANNOTATED_TARGET_EVIDENCE_AVAILABLE
NPC73855	9	8	1	MIXED_ANNOTATED_AND_UNANNOTATED_TARGETS
NPC73899	2	2	0	ANNOTATED_TARGET_EVIDENCE_AVAILABLE
NPC73906	1	0	1	UNANNOTATED_TARGET_EVIDENCE_ONLY
NPC73995	1	1	0	ANNOTATED_TARGET_EVIDENCE_AVAILABLE
NPC74259	1	1	0	ANNOTATED_TARGET_EVIDENCE_AVAILABLE
NPC74306	1	1	0	ANNOTATED_TARGET_EVIDENCE_AVAILABLE
NPC74458	1	1	0	ANNOTATED_TARGET_EVIDENCE_AVAILABLE
NPC74484	1	1	0	ANNOTATED_TARGET_EVIDENCE_AVAILABLE
NPC74539	14	14	0	ANNOTATED_TARGET_EVIDENCE_AVAILABLE
NPC74591	1	1	0	ANNOTATED_TARGET_EVIDENCE_AVAILABLE
NPC74751	6	6	0	ANNOTATED_TARGET_EVIDENCE_AVAILABLE
NPC74855	1	1	0	ANNOTATED_TARGET_EVIDENCE_AVAILABLE
NPC74881	4	3	1	MIXED_ANNOTATED_AND_UNANNOTATED_TARGETS
NPC7491	2	2	0	ANNOTATED_TARGET_EVIDENCE_AVAILABLE
NPC75069	1	1	0	ANNOTATED_TARGET_EVIDENCE_AVAILABLE
NPC75179	2	2	0	ANNOTATED_TARGET_EVIDENCE_AVAILABLE
NPC7526	1	1	0	ANNOTATED_TARGET_EVIDENCE_AVAILABLE
NPC75435	2	2	0	ANNOTATED_TARGET_EVIDENCE_AVAILABLE
NPC75485	2	2	0	ANNOTATED_TARGET_EVIDENCE_AVAILABLE
NPC7560	1	0	1	UNANNOTATED_TARGET_EVIDENCE_ONLY
NPC75694	11	10	1	MIXED_ANNOTATED_AND_UNANNOTATED_TARGETS
NPC75810	1	1	0	ANNOTATED_TARGET_EVIDENCE_AVAILABLE
NPC75844	10	10	0	ANNOTATED_TARGET_EVIDENCE_AVAILABLE
NPC75906	1	1	0	ANNOTATED_TARGET_EVIDENCE_AVAILABLE
NPC76217	1	1	0	ANNOTATED_TARGET_EVIDENCE_AVAILABLE
NPC76336	23	20	3	MIXED_ANNOTATED_AND_UNANNOTATED_TARGETS
NPC76338	5	5	0	ANNOTATED_TARGET_EVIDENCE_AVAILABLE
NPC76406	1	1	0	ANNOTATED_TARGET_EVIDENCE_AVAILABLE
NPC76458	1	1	0	ANNOTATED_TARGET_EVIDENCE_AVAILABLE
NPC76478	1	0	1	UNANNOTATED_TARGET_EVIDENCE_ONLY
NPC76682	1	1	0	ANNOTATED_TARGET_EVIDENCE_AVAILABLE
NPC76726	2	1	1	MIXED_ANNOTATED_AND_UNANNOTATED_TARGETS
NPC76748	1	1	0	ANNOTATED_TARGET_EVIDENCE_AVAILABLE
NPC7688	4	4	0	ANNOTATED_TARGET_EVIDENCE_AVAILABLE
NPC76982	1	0	1	UNANNOTATED_TARGET_EVIDENCE_ONLY
NPC77000	21	16	5	MIXED_ANNOTATED_AND_UNANNOTATED_TARGETS
NPC77040	1	1	0	ANNOTATED_TARGET_EVIDENCE_AVAILABLE
NPC7715	2	2	0	ANNOTATED_TARGET_EVIDENCE_AVAILABLE
NPC77249	1	1	0	ANNOTATED_TARGET_EVIDENCE_AVAILABLE
NPC77272	1	1	0	ANNOTATED_TARGET_EVIDENCE_AVAILABLE
NPC77378	1	1	0	ANNOTATED_TARGET_EVIDENCE_AVAILABLE
NPC77572	1	1	0	ANNOTATED_TARGET_EVIDENCE_AVAILABLE
NPC77660	4	4	0	ANNOTATED_TARGET_EVIDENCE_AVAILABLE
NPC77672	1	1	0	ANNOTATED_TARGET_EVIDENCE_AVAILABLE
NPC77794	6	5	1	MIXED_ANNOTATED_AND_UNANNOTATED_TARGETS
NPC77858	2	1	1	MIXED_ANNOTATED_AND_UNANNOTATED_TARGETS
NPC77890	6	6	0	ANNOTATED_TARGET_EVIDENCE_AVAILABLE
NPC77955	11	10	1	MIXED_ANNOTATED_AND_UNANNOTATED_TARGETS
NPC78058	1	1	0	ANNOTATED_TARGET_EVIDENCE_AVAILABLE
NPC7814	2	1	1	MIXED_ANNOTATED_AND_UNANNOTATED_TARGETS
NPC78154	2	2	0	ANNOTATED_TARGET_EVIDENCE_AVAILABLE
NPC78222	14	13	1	MIXED_ANNOTATED_AND_UNANNOTATED_TARGETS
NPC78326	1	1	0	ANNOTATED_TARGET_EVIDENCE_AVAILABLE
NPC78359	4	4	0	ANNOTATED_TARGET_EVIDENCE_AVAILABLE
NPC7839	14	14	0	ANNOTATED_TARGET_EVIDENCE_AVAILABLE
NPC78500	3	3	0	ANNOTATED_TARGET_EVIDENCE_AVAILABLE
NPC78540	32	31	1	MIXED_ANNOTATED_AND_UNANNOTATED_TARGETS
NPC78612	3	3	0	ANNOTATED_TARGET_EVIDENCE_AVAILABLE
NPC78625	3	3	0	ANNOTATED_TARGET_EVIDENCE_AVAILABLE
NPC78662	1	1	0	ANNOTATED_TARGET_EVIDENCE_AVAILABLE
NPC78746	1	1	0	ANNOTATED_TARGET_EVIDENCE_AVAILABLE
NPC78770	4	4	0	ANNOTATED_TARGET_EVIDENCE_AVAILABLE
NPC78803	2	1	1	MIXED_ANNOTATED_AND_UNANNOTATED_TARGETS
NPC79056	3	2	1	MIXED_ANNOTATED_AND_UNANNOTATED_TARGETS
NPC79202	2	2	0	ANNOTATED_TARGET_EVIDENCE_AVAILABLE
NPC79372	1	1	0	ANNOTATED_TARGET_EVIDENCE_AVAILABLE
NPC79672	1	1	0	ANNOTATED_TARGET_EVIDENCE_AVAILABLE
NPC79715	2	2	0	ANNOTATED_TARGET_EVIDENCE_AVAILABLE
NPC79943	2	2	0	ANNOTATED_TARGET_EVIDENCE_AVAILABLE
NPC80129	2	2	0	ANNOTATED_TARGET_EVIDENCE_AVAILABLE
NPC80710	5	5	0	ANNOTATED_TARGET_EVIDENCE_AVAILABLE
NPC8087	3	1	2	MIXED_ANNOTATED_AND_UNANNOTATED_TARGETS
NPC81010	19	19	0	ANNOTATED_TARGET_EVIDENCE_AVAILABLE
NPC8104	1	1	0	ANNOTATED_TARGET_EVIDENCE_AVAILABLE
NPC81337	1	1	0	ANNOTATED_TARGET_EVIDENCE_AVAILABLE
NPC81515	1	1	0	ANNOTATED_TARGET_EVIDENCE_AVAILABLE
NPC81641	1	1	0	ANNOTATED_TARGET_EVIDENCE_AVAILABLE
NPC81697	1	1	0	ANNOTATED_TARGET_EVIDENCE_AVAILABLE
NPC81907	5	4	1	MIXED_ANNOTATED_AND_UNANNOTATED_TARGETS
NPC82016	11	11	0	ANNOTATED_TARGET_EVIDENCE_AVAILABLE
NPC8219	1	1	0	ANNOTATED_TARGET_EVIDENCE_AVAILABLE
NPC82285	1	1	0	ANNOTATED_TARGET_EVIDENCE_AVAILABLE
NPC82295	5	5	0	ANNOTATED_TARGET_EVIDENCE_AVAILABLE
NPC82337	3	3	0	ANNOTATED_TARGET_EVIDENCE_AVAILABLE
NPC8235	2	2	0	ANNOTATED_TARGET_EVIDENCE_AVAILABLE
NPC82534	1	1	0	ANNOTATED_TARGET_EVIDENCE_AVAILABLE
NPC82733	1	1	0	ANNOTATED_TARGET_EVIDENCE_AVAILABLE
NPC8283	2	2	0	ANNOTATED_TARGET_EVIDENCE_AVAILABLE
NPC82862	1	1	0	ANNOTATED_TARGET_EVIDENCE_AVAILABLE
NPC82920	2	1	1	MIXED_ANNOTATED_AND_UNANNOTATED_TARGETS
NPC8305	4	4	0	ANNOTATED_TARGET_EVIDENCE_AVAILABLE
NPC83187	1	1	0	ANNOTATED_TARGET_EVIDENCE_AVAILABLE
NPC83214	1	1	0	ANNOTATED_TARGET_EVIDENCE_AVAILABLE
NPC83241	2	1	1	MIXED_ANNOTATED_AND_UNANNOTATED_TARGETS
NPC83287	11	11	0	ANNOTATED_TARGET_EVIDENCE_AVAILABLE
NPC83508	2	1	1	MIXED_ANNOTATED_AND_UNANNOTATED_TARGETS
NPC83838	1	0	1	UNANNOTATED_TARGET_EVIDENCE_ONLY
NPC83987	3	3	0	ANNOTATED_TARGET_EVIDENCE_AVAILABLE
NPC84171	1	1	0	ANNOTATED_TARGET_EVIDENCE_AVAILABLE
NPC84281	8	8	0	ANNOTATED_TARGET_EVIDENCE_AVAILABLE
NPC84319	5	4	1	MIXED_ANNOTATED_AND_UNANNOTATED_TARGETS
NPC84478	21	20	1	MIXED_ANNOTATED_AND_UNANNOTATED_TARGETS
NPC84585	1	1	0	ANNOTATED_TARGET_EVIDENCE_AVAILABLE
NPC8466	2	2	0	ANNOTATED_TARGET_EVIDENCE_AVAILABLE
NPC84750	1	1	0	ANNOTATED_TARGET_EVIDENCE_AVAILABLE
NPC84772	1	0	1	UNANNOTATED_TARGET_EVIDENCE_ONLY
NPC84786	3	3	0	ANNOTATED_TARGET_EVIDENCE_AVAILABLE
NPC84894	5	5	0	ANNOTATED_TARGET_EVIDENCE_AVAILABLE
NPC8493	1	0	1	UNANNOTATED_TARGET_EVIDENCE_ONLY
NPC85121	1	1	0	ANNOTATED_TARGET_EVIDENCE_AVAILABLE
NPC85233	9	9	0	ANNOTATED_TARGET_EVIDENCE_AVAILABLE
NPC85276	11	11	0	ANNOTATED_TARGET_EVIDENCE_AVAILABLE
NPC85393	2	2	0	ANNOTATED_TARGET_EVIDENCE_AVAILABLE
NPC85435	1	1	0	ANNOTATED_TARGET_EVIDENCE_AVAILABLE
NPC85488	4	4	0	ANNOTATED_TARGET_EVIDENCE_AVAILABLE
NPC85661	4	4	0	ANNOTATED_TARGET_EVIDENCE_AVAILABLE
NPC85689	1	1	0	ANNOTATED_TARGET_EVIDENCE_AVAILABLE
NPC85707	3	3	0	ANNOTATED_TARGET_EVIDENCE_AVAILABLE
NPC85751	1	1	0	ANNOTATED_TARGET_EVIDENCE_AVAILABLE
NPC85813	18	17	1	MIXED_ANNOTATED_AND_UNANNOTATED_TARGETS
NPC86007	1	1	0	ANNOTATED_TARGET_EVIDENCE_AVAILABLE
NPC86370	2	2	0	ANNOTATED_TARGET_EVIDENCE_AVAILABLE
NPC86372	2	2	0	ANNOTATED_TARGET_EVIDENCE_AVAILABLE
NPC86412	2	2	0	ANNOTATED_TARGET_EVIDENCE_AVAILABLE
NPC86452	1	1	0	ANNOTATED_TARGET_EVIDENCE_AVAILABLE
NPC86469	1	1	0	ANNOTATED_TARGET_EVIDENCE_AVAILABLE
NPC86477	7	7	0	ANNOTATED_TARGET_EVIDENCE_AVAILABLE
NPC86533	1	1	0	ANNOTATED_TARGET_EVIDENCE_AVAILABLE
NPC86655	1	0	1	UNANNOTATED_TARGET_EVIDENCE_ONLY
NPC86670	1	1	0	ANNOTATED_TARGET_EVIDENCE_AVAILABLE
NPC86847	2	2	0	ANNOTATED_TARGET_EVIDENCE_AVAILABLE
NPC8704	4	3	1	MIXED_ANNOTATED_AND_UNANNOTATED_TARGETS
NPC87099	2	2	0	ANNOTATED_TARGET_EVIDENCE_AVAILABLE
NPC87125	9	9	0	ANNOTATED_TARGET_EVIDENCE_AVAILABLE
NPC87231	3	3	0	ANNOTATED_TARGET_EVIDENCE_AVAILABLE
NPC87317	3	1	2	MIXED_ANNOTATED_AND_UNANNOTATED_TARGETS
NPC87394	1	1	0	ANNOTATED_TARGET_EVIDENCE_AVAILABLE
NPC87404	1	1	0	ANNOTATED_TARGET_EVIDENCE_AVAILABLE
NPC87545	5	5	0	ANNOTATED_TARGET_EVIDENCE_AVAILABLE
NPC87564	1	0	1	UNANNOTATED_TARGET_EVIDENCE_ONLY
NPC87777	2	2	0	ANNOTATED_TARGET_EVIDENCE_AVAILABLE
NPC88000	1	1	0	ANNOTATED_TARGET_EVIDENCE_AVAILABLE
NPC88043	3	3	0	ANNOTATED_TARGET_EVIDENCE_AVAILABLE
NPC88121	1	1	0	ANNOTATED_TARGET_EVIDENCE_AVAILABLE
NPC88278	1	1	0	ANNOTATED_TARGET_EVIDENCE_AVAILABLE
NPC88325	1	1	0	ANNOTATED_TARGET_EVIDENCE_AVAILABLE
NPC88429	1	1	0	ANNOTATED_TARGET_EVIDENCE_AVAILABLE
NPC88445	5	5	0	ANNOTATED_TARGET_EVIDENCE_AVAILABLE
NPC886	1	1	0	ANNOTATED_TARGET_EVIDENCE_AVAILABLE
NPC88638	1	0	1	UNANNOTATED_TARGET_EVIDENCE_ONLY
NPC88803	15	14	1	MIXED_ANNOTATED_AND_UNANNOTATED_TARGETS
NPC88804	1	1	0	ANNOTATED_TARGET_EVIDENCE_AVAILABLE
NPC88839	1	1	0	ANNOTATED_TARGET_EVIDENCE_AVAILABLE
NPC88923	27	26	1	MIXED_ANNOTATED_AND_UNANNOTATED_TARGETS
NPC88966	1	0	1	UNANNOTATED_TARGET_EVIDENCE_ONLY
NPC89105	1	1	0	ANNOTATED_TARGET_EVIDENCE_AVAILABLE
NPC89630	4	1	3	MIXED_ANNOTATED_AND_UNANNOTATED_TARGETS
NPC8965	1	1	0	ANNOTATED_TARGET_EVIDENCE_AVAILABLE
NPC89886	2	2	0	ANNOTATED_TARGET_EVIDENCE_AVAILABLE
NPC90161	1	1	0	ANNOTATED_TARGET_EVIDENCE_AVAILABLE
NPC90411	3	3	0	ANNOTATED_TARGET_EVIDENCE_AVAILABLE
NPC90478	3	1	2	MIXED_ANNOTATED_AND_UNANNOTATED_TARGETS
NPC90652	5	5	0	ANNOTATED_TARGET_EVIDENCE_AVAILABLE
NPC90875	9	8	1	MIXED_ANNOTATED_AND_UNANNOTATED_TARGETS
NPC90896	1	0	1	UNANNOTATED_TARGET_EVIDENCE_ONLY
NPC9099	1	1	0	ANNOTATED_TARGET_EVIDENCE_AVAILABLE
NPC90998	4	3	1	MIXED_ANNOTATED_AND_UNANNOTATED_TARGETS
NPC91234	1	1	0	ANNOTATED_TARGET_EVIDENCE_AVAILABLE
NPC91341	1	1	0	ANNOTATED_TARGET_EVIDENCE_AVAILABLE
NPC91369	1	1	0	ANNOTATED_TARGET_EVIDENCE_AVAILABLE
NPC91478	3	3	0	ANNOTATED_TARGET_EVIDENCE_AVAILABLE
NPC91495	21	21	0	ANNOTATED_TARGET_EVIDENCE_AVAILABLE
NPC91560	1	1	0	ANNOTATED_TARGET_EVIDENCE_AVAILABLE
NPC9161	1	1	0	ANNOTATED_TARGET_EVIDENCE_AVAILABLE
NPC91695	1	1	0	ANNOTATED_TARGET_EVIDENCE_AVAILABLE
NPC91887	2	0	2	UNANNOTATED_TARGET_EVIDENCE_ONLY
NPC92075	1	1	0	ANNOTATED_TARGET_EVIDENCE_AVAILABLE
NPC92111	14	14	0	ANNOTATED_TARGET_EVIDENCE_AVAILABLE
NPC92114	1	1	0	ANNOTATED_TARGET_EVIDENCE_AVAILABLE
NPC92246	2	1	1	MIXED_ANNOTATED_AND_UNANNOTATED_TARGETS
NPC92299	1	1	0	ANNOTATED_TARGET_EVIDENCE_AVAILABLE
NPC92403	5	3	2	MIXED_ANNOTATED_AND_UNANNOTATED_TARGETS
NPC92722	2	2	0	ANNOTATED_TARGET_EVIDENCE_AVAILABLE
NPC92730	12	12	0	ANNOTATED_TARGET_EVIDENCE_AVAILABLE
NPC92754	1	1	0	ANNOTATED_TARGET_EVIDENCE_AVAILABLE
NPC92815	4	4	0	ANNOTATED_TARGET_EVIDENCE_AVAILABLE
NPC92830	5	5	0	ANNOTATED_TARGET_EVIDENCE_AVAILABLE
NPC92869	2	2	0	ANNOTATED_TARGET_EVIDENCE_AVAILABLE
NPC93027	1	1	0	ANNOTATED_TARGET_EVIDENCE_AVAILABLE
NPC93084	2	2	0	ANNOTATED_TARGET_EVIDENCE_AVAILABLE
NPC93219	2	2	0	ANNOTATED_TARGET_EVIDENCE_AVAILABLE
NPC93241	8	6	2	MIXED_ANNOTATED_AND_UNANNOTATED_TARGETS
NPC93365	2	1	1	MIXED_ANNOTATED_AND_UNANNOTATED_TARGETS
NPC93376	1	1	0	ANNOTATED_TARGET_EVIDENCE_AVAILABLE
NPC93556	5	3	2	MIXED_ANNOTATED_AND_UNANNOTATED_TARGETS
NPC93610	1	0	1	UNANNOTATED_TARGET_EVIDENCE_ONLY
NPC93653	5	5	0	ANNOTATED_TARGET_EVIDENCE_AVAILABLE
NPC93685	1	1	0	ANNOTATED_TARGET_EVIDENCE_AVAILABLE
NPC93730	12	12	0	ANNOTATED_TARGET_EVIDENCE_AVAILABLE
NPC93739	7	7	0	ANNOTATED_TARGET_EVIDENCE_AVAILABLE
NPC93756	3	3	0	ANNOTATED_TARGET_EVIDENCE_AVAILABLE
NPC93783	1	1	0	ANNOTATED_TARGET_EVIDENCE_AVAILABLE
NPC93882	10	10	0	ANNOTATED_TARGET_EVIDENCE_AVAILABLE
NPC93962	2	2	0	ANNOTATED_TARGET_EVIDENCE_AVAILABLE
NPC94045	10	10	0	ANNOTATED_TARGET_EVIDENCE_AVAILABLE
NPC94167	11	11	0	ANNOTATED_TARGET_EVIDENCE_AVAILABLE
NPC94298	3	3	0	ANNOTATED_TARGET_EVIDENCE_AVAILABLE
NPC94319	2	1	1	MIXED_ANNOTATED_AND_UNANNOTATED_TARGETS
NPC94368	1	1	0	ANNOTATED_TARGET_EVIDENCE_AVAILABLE
NPC94632	2	2	0	ANNOTATED_TARGET_EVIDENCE_AVAILABLE
NPC9470	3	1	2	MIXED_ANNOTATED_AND_UNANNOTATED_TARGETS
NPC94796	1	1	0	ANNOTATED_TARGET_EVIDENCE_AVAILABLE
NPC94980	1	1	0	ANNOTATED_TARGET_EVIDENCE_AVAILABLE
NPC95034	1	1	0	ANNOTATED_TARGET_EVIDENCE_AVAILABLE
NPC95123	2	2	0	ANNOTATED_TARGET_EVIDENCE_AVAILABLE
NPC95126	1	1	0	ANNOTATED_TARGET_EVIDENCE_AVAILABLE
NPC95162	21	21	0	ANNOTATED_TARGET_EVIDENCE_AVAILABLE
NPC95172	1	1	0	ANNOTATED_TARGET_EVIDENCE_AVAILABLE
NPC95309	6	6	0	ANNOTATED_TARGET_EVIDENCE_AVAILABLE
NPC95381	2	2	0	ANNOTATED_TARGET_EVIDENCE_AVAILABLE
NPC95412	11	11	0	ANNOTATED_TARGET_EVIDENCE_AVAILABLE
NPC95472	3	3	0	ANNOTATED_TARGET_EVIDENCE_AVAILABLE
NPC95589	19	17	2	MIXED_ANNOTATED_AND_UNANNOTATED_TARGETS
NPC95679	1	0	1	UNANNOTATED_TARGET_EVIDENCE_ONLY
NPC95716	4	3	1	MIXED_ANNOTATED_AND_UNANNOTATED_TARGETS
NPC95755	1	1	0	ANNOTATED_TARGET_EVIDENCE_AVAILABLE
NPC95868	3	3	0	ANNOTATED_TARGET_EVIDENCE_AVAILABLE
NPC95965	1	0	1	UNANNOTATED_TARGET_EVIDENCE_ONLY
NPC96010	1	1	0	ANNOTATED_TARGET_EVIDENCE_AVAILABLE
NPC9609	1	0	1	UNANNOTATED_TARGET_EVIDENCE_ONLY
NPC96102	15	15	0	ANNOTATED_TARGET_EVIDENCE_AVAILABLE
NPC96286	7	5	2	MIXED_ANNOTATED_AND_UNANNOTATED_TARGETS
NPC96294	5	5	0	ANNOTATED_TARGET_EVIDENCE_AVAILABLE
NPC96321	2	2	0	ANNOTATED_TARGET_EVIDENCE_AVAILABLE
NPC9639	1	1	0	ANNOTATED_TARGET_EVIDENCE_AVAILABLE
NPC96408	2	2	0	ANNOTATED_TARGET_EVIDENCE_AVAILABLE
NPC96565	5	5	0	ANNOTATED_TARGET_EVIDENCE_AVAILABLE
NPC96619	3	3	0	ANNOTATED_TARGET_EVIDENCE_AVAILABLE
NPC96663	1	1	0	ANNOTATED_TARGET_EVIDENCE_AVAILABLE
NPC96835	5	5	0	ANNOTATED_TARGET_EVIDENCE_AVAILABLE
NPC96915	1	1	0	ANNOTATED_TARGET_EVIDENCE_AVAILABLE
NPC96940	7	6	1	MIXED_ANNOTATED_AND_UNANNOTATED_TARGETS
NPC97028	1	1	0	ANNOTATED_TARGET_EVIDENCE_AVAILABLE
NPC97260	2	2	0	ANNOTATED_TARGET_EVIDENCE_AVAILABLE
NPC97380	1	1	0	ANNOTATED_TARGET_EVIDENCE_AVAILABLE
NPC9743	8	8	0	ANNOTATED_TARGET_EVIDENCE_AVAILABLE
NPC97432	1	1	0	ANNOTATED_TARGET_EVIDENCE_AVAILABLE
NPC97525	2	2	0	ANNOTATED_TARGET_EVIDENCE_AVAILABLE
NPC97578	2	2	0	ANNOTATED_TARGET_EVIDENCE_AVAILABLE
NPC97716	1	1	0	ANNOTATED_TARGET_EVIDENCE_AVAILABLE
NPC97811	1	1	0	ANNOTATED_TARGET_EVIDENCE_AVAILABLE
NPC97870	11	10	1	MIXED_ANNOTATED_AND_UNANNOTATED_TARGETS
NPC97939	4	4	0	ANNOTATED_TARGET_EVIDENCE_AVAILABLE
NPC98028	4	4	0	ANNOTATED_TARGET_EVIDENCE_AVAILABLE
NPC98098	2	2	0	ANNOTATED_TARGET_EVIDENCE_AVAILABLE
NPC98179	1	1	0	ANNOTATED_TARGET_EVIDENCE_AVAILABLE
NPC98254	1	1	0	ANNOTATED_TARGET_EVIDENCE_AVAILABLE
NPC98371	328	308	20	MIXED_ANNOTATED_AND_UNANNOTATED_TARGETS
NPC98372	2	2	0	ANNOTATED_TARGET_EVIDENCE_AVAILABLE
NPC98543	7	6	1	MIXED_ANNOTATED_AND_UNANNOTATED_TARGETS
NPC988	7	5	2	MIXED_ANNOTATED_AND_UNANNOTATED_TARGETS
NPC98809	1	1	0	ANNOTATED_TARGET_EVIDENCE_AVAILABLE
NPC98874	1	1	0	ANNOTATED_TARGET_EVIDENCE_AVAILABLE
NPC99088	1	1	0	ANNOTATED_TARGET_EVIDENCE_AVAILABLE
NPC99179	1	1	0	ANNOTATED_TARGET_EVIDENCE_AVAILABLE
NPC99240	5	5	0	ANNOTATED_TARGET_EVIDENCE_AVAILABLE
NPC99417	1	1	0	ANNOTATED_TARGET_EVIDENCE_AVAILABLE
NPC99428	1	1	0	ANNOTATED_TARGET_EVIDENCE_AVAILABLE
NPC99557	1	0	1	UNANNOTATED_TARGET_EVIDENCE_ONLY
NPC99572	1	1	0	ANNOTATED_TARGET_EVIDENCE_AVAILABLE
NPC99573	1	1	0	ANNOTATED_TARGET_EVIDENCE_AVAILABLE
NPC99659	4	3	1	MIXED_ANNOTATED_AND_UNANNOTATED_TARGETS
NPC99666	1	1	0	ANNOTATED_TARGET_EVIDENCE_AVAILABLE
NPC99700	2	2	0	ANNOTATED_TARGET_EVIDENCE_AVAILABLE
NPC99734	20	20	0	ANNOTATED_TARGET_EVIDENCE_AVAILABLE
NPC99836	3	3	0	ANNOTATED_TARGET_EVIDENCE_AVAILABLE
NPC99864	11	10	1	MIXED_ANNOTATED_AND_UNANNOTATED_TARGETS
NPC99886	2	2	0	ANNOTATED_TARGET_EVIDENCE_AVAILABLE
NPC99891	1	1	0	ANNOTATED_TARGET_EVIDENCE_AVAILABLE
NPC99968	1	0	1	UNANNOTATED_TARGET_EVIDENCE_ONLY
