representation	feature_name_standard	train_auc	train_abs_auc_effect	train_cliffs_delta	test_auc	test_abs_auc_effect	test_cliffs_delta
Molecular descriptors	Activity_Status	1.0	0.5	1.0	1.0	0.5	1.0
Molecular descriptors	AvgIpc	0.4782019674838689	0.021798032516131105	-0.0435960650322622	0.4768802592356665	0.023119740764333485	-0.0462394815286669
Molecular descriptors	BCUT2D_CHGHI	0.4119219666712091	0.08807803332879088	-0.1761560666575816	0.4211380483187268	0.07886195168127319	-0.1577239033625462
Molecular descriptors	BCUT2D_CHGLO	0.5956522892426874	0.09565228924268743	0.1913045784853748	0.5917130600000767	0.09171306000007673	0.1834261200001534
Molecular descriptors	BCUT2D_LOGPHI	0.4298620925023091	0.07013790749769089	-0.1402758149953817	0.4363760482591025	0.06362395174089752	-0.1272479034817949
Molecular descriptors	BCUT2D_LOGPLOW	0.5821339896112903	0.08213398961129026	0.1642679792225805	0.5718779360183761	0.07187793601837611	0.1437558720367522
Molecular descriptors	BCUT2D_MRHI	0.5709852666841169	0.07098526668411687	0.1419705333682337	0.5552321231071121	0.05523212310711212	0.1104642462142242
Molecular descriptors	BCUT2D_MRLOW	0.6070620216068704	0.1070620216068704	0.2141240432137408	0.5914530152936395	0.09145301529363947	0.1829060305872789
Molecular descriptors	BCUT2D_MWHI	0.4627593567632117	0.03724064323678827	-0.0744812864735765	0.4707957397533973	0.02920426024660272	-0.0584085204932053
Molecular descriptors	BCUT2D_MWLOW	0.5858100758804473	0.08581007588044731	0.1716201517608946	0.58982485797161	0.08982485797161	0.17964971594322
Molecular descriptors	BalabanJ	0.5253120802858214	0.025312080285821437	0.0506241605716428	0.5265772134688049	0.026577213468804928	0.0531544269376098
Molecular descriptors	BertzCT	0.504039685432677	0.004039685432676965	0.0080793708653539	0.4861031681230929	0.0138968318769071	-0.027793663753814
Molecular descriptors	Chi0	0.449467314868155	0.050532685131845	-0.1010653702636898	0.4454080633108446	0.05459193668915541	-0.1091838733783107
Molecular descriptors	Chi0n	0.4416639014837111	0.0583360985162889	-0.1166721970325778	0.4415539300047277	0.0584460699952723	-0.1168921399905446
Molecular descriptors	Chi0v	0.4430227385645225	0.05697726143547749	-0.1139545228709548	0.4432439534553611	0.056756046544638894	-0.1135120930892777
Molecular descriptors	Chi1	0.4583942523974161	0.0416057476025839	-0.0832114952051676	0.4531906029710392	0.04680939702896081	-0.0936187940579216
Molecular descriptors	Chi1n	0.4401074803868983	0.05989251961310171	-0.1197850392262033	0.4438214209042629	0.05617857909573709	-0.112357158191474
Molecular descriptors	Chi1v	0.4409210451796528	0.059078954820347196	-0.1181579096406943	0.4454659860234694	0.054534013976530626	-0.1090680279530611
Molecular descriptors	Chi2n	0.427428573676196	0.07257142632380398	-0.1451428526476079	0.430817698600118	0.06918230139988202	-0.138364602799764
Molecular descriptors	Chi2v	0.4282246997312041	0.07177530026879592	-0.1435506005375917	0.4326831032261924	0.06731689677380759	-0.134633793547615
Molecular descriptors	Chi3n	0.427515767364928	0.07248423263507198	-0.1449684652701439	0.4326768710355936	0.0673231289644064	-0.1346462579288128
Molecular descriptors	Chi3v	0.4281058146665414	0.0718941853334586	-0.1437883706669172	0.4354468231371762	0.0645531768628238	-0.1291063537256475
Molecular descriptors	Chi4n	0.4306083056233594	0.06939169437664061	-0.1387833887532812	0.4359871907220425	0.0640128092779575	-0.128025618555915
Molecular descriptors	Chi4v	0.4316502747880218	0.06834972521197819	-0.1366994504239562	0.4383071053424977	0.06169289465750227	-0.1233857893150045
Molecular descriptors	EState_VSA1	0.4432683799642766	0.05673162003572341	-0.1134632400714468	0.4495688937143152	0.05043110628568481	-0.1008622125713695
Molecular descriptors	EState_VSA10	0.4473911698758879	0.052608830124112105	-0.1052176602482242	0.4420291895278083	0.057970810472191714	-0.1159416209443834
Molecular descriptors	EState_VSA11	0.498377537248094	0.0016224627519059731	-0.0032449255038119	0.5026260251586935	0.002626025158693479	0.0052520503173869
Molecular descriptors	EState_VSA2	0.4756144420511157	0.024385557948884307	-0.0487711158977685	0.4650383638989288	0.034961636101071225	-0.0699232722021423
Molecular descriptors	EState_VSA3	0.4838969714606255	0.01610302853937451	-0.0322060570787489	0.4759140497331742	0.024085950266825806	-0.0481719005336515
Molecular descriptors	EState_VSA4	0.5047281625813337	0.004728162581333684	0.0094563251626673	0.4916174836848582	0.008382516315141808	-0.0167650326302835
Molecular descriptors	EState_VSA5	0.4853274384776323	0.014672561522367678	-0.0293451230447353	0.4778145012663811	0.022185498733618914	-0.0443709974672378
Molecular descriptors	EState_VSA6	0.5481748522637723	0.04817485226377227	0.0963497045275445	0.5509365736031974	0.050936573603197366	0.1018731472063947
Molecular descriptors	EState_VSA7	0.5399802408649094	0.03998024086490937	0.0799604817298187	0.5364439443050388	0.03644394430503883	0.0728878886100776
Molecular descriptors	EState_VSA8	0.4725630984555101	0.02743690154448991	-0.0548738030889798	0.4792157176726742	0.02078428232732582	-0.0415685646546516
Molecular descriptors	EState_VSA9	0.4862975164000923	0.013702483599907722	-0.0274049671998154	0.4875068040857362	0.012493195914263788	-0.0249863918285275
Molecular descriptors	ExactMolWt	0.4514739157879687	0.048526084212031306	-0.0970521684240626	0.4484490790435332	0.051550920956466795	-0.1031018419129334
Molecular descriptors	FpDensityMorgan1	0.492698257474931	0.007301742525068988	-0.0146034850501378	0.5005865591151872	0.0005865591151872351	0.0011731182303744
Molecular descriptors	FpDensityMorgan2	0.4973385341358294	0.002661465864170598	-0.0053229317283411	0.5025032876638407	0.00250328766384067	0.0050065753276813
Molecular descriptors	FpDensityMorgan3	0.5093087881235264	0.009308788123526424	0.0186175762470528	0.5095564410642998	0.009556441064299759	0.0191128821285995
Molecular descriptors	FractionCSP3	0.3670765222356238	0.13292347776437619	-0.2658469555287523	0.3998247214724042	0.10017527852759578	-0.2003505570551915
Molecular descriptors	HallKierAlpha	0.429492643580339	0.070507356419661	-0.141014712839322	0.4615672536950291	0.0384327463049709	-0.0768654926099416
Molecular descriptors	HeavyAtomCount	0.4553756866606135	0.04462431333938649	-0.0892486266787729	0.4504772538240721	0.04952274617592789	-0.0990454923518556
Molecular descriptors	HeavyAtomMolWt	0.4563368114140884	0.043663188585911616	-0.0873263771718231	0.4514309989453667	0.0485690010546333	-0.0971380021092666
Molecular descriptors	Ipc	0.4613614279527948	0.03863857204720522	-0.0772771440944103	0.4556575239697382	0.04434247603026181	-0.0886849520605235
Molecular descriptors	Kappa1	0.4351516240026236	0.06484837599737642	-0.1296967519947527	0.4373236656659968	0.06267633433400321	-0.1253526686680064
Molecular descriptors	Kappa2	0.440862173394653	0.059137826605347	-0.1182756532106938	0.4486169815902556	0.05138301840974441	-0.1027660368194888
Molecular descriptors	Kappa3	0.4438379812169024	0.05616201878309762	-0.1123240375661951	0.4534929741949183	0.0465070258050817	-0.0930140516101634
Molecular descriptors	LabuteASA	0.4519626909666706	0.04803730903332942	-0.0960746180666588	0.4490633530769131	0.050936646923086915	-0.1018732938461737
Molecular descriptors	MaxAbsEStateIndex	0.481047663251776	0.018952336748223997	-0.0379046734964478	0.460233564906872	0.039766435093127994	-0.0795328701862559
Molecular descriptors	MaxAbsPartialCharge	0.5600077938118643	0.060007793811864274	0.1200155876237285	0.5334063932579066	0.03340639325790662	0.0668127865158132
Molecular descriptors	MaxEStateIndex	0.481047663251776	0.018952336748223997	-0.0379046734964478	0.460233564906872	0.039766435093127994	-0.0795328701862559
Molecular descriptors	MaxPartialCharge	0.5240735900847836	0.024073590084783603	0.0481471801695672	0.5139535635823471	0.013953563582347117	0.0279071271646942
Molecular descriptors	MinAbsEStateIndex	0.5134742992751637	0.013474299275163748	0.0269485985503274	0.5226665505279618	0.02266655052796185	0.0453331010559237
Molecular descriptors	MinAbsPartialCharge	0.5233180797764471	0.023318079776447065	0.0466361595528941	0.5140409561883006	0.01404095618830059	0.0280819123766011
Molecular descriptors	MinEStateIndex	0.5521726462176042	0.0521726462176042	0.1043452924352084	0.5505388865231005	0.05053888652310046	0.1010777730462009
Molecular descriptors	MinPartialCharge	0.4415466129633564	0.0584533870366436	-0.116906774073287	0.4667581753247087	0.0332418246752913	-0.0664836493505824
Molecular descriptors	MolLogP	0.5251583865104047	0.025158386510404696	0.0503167730208093	0.519816313147488	0.019816313147487996	0.0396326262949759
Molecular descriptors	MolMR	0.4575866151251416	0.042413384874858406	-0.0848267697497167	0.4552534580592635	0.04474654194073652	-0.0894930838814729
Molecular descriptors	MolWt	0.4515496578555412	0.04845034214445881	-0.0969006842889176	0.4485003296462228	0.05149967035377723	-0.1029993407075544
Molecular descriptors	NHOHCount	0.4847692430030067	0.015230756996993278	-0.0304615139939865	0.4842405496528157	0.01575945034718429	-0.0315189006943685
Molecular descriptors	NOCount	0.4796286570245606	0.02037134297543941	-0.0407426859508788	0.4773901257465431	0.022609874253456896	-0.0452197485069137
Molecular descriptors	NumAliphaticCarbocycles	0.4346254866492021	0.06537451335079791	-0.1307490267015957	0.4476518718861043	0.05234812811389572	-0.1046962562277913
Molecular descriptors	NumAliphaticHeterocycles	0.4764541511975421	0.023545848802457914	-0.0470916976049158	0.4732528310275694	0.026747168972430624	-0.0534943379448611
Molecular descriptors	NumAliphaticRings	0.431296017191258	0.06870398280874201	-0.137407965617484	0.4344688824523802	0.06553111754761981	-0.1310622350952396
Molecular descriptors	NumAmideBonds	0.5081590967034578	0.008159096703457824	0.0163181934069156	0.5034359166569885	0.0034359166569885025	0.006871833313977
Molecular descriptors	NumAromaticCarbocycles	0.5852042331536499	0.08520423315364989	0.1704084663072997	0.5457577698553193	0.04575776985531932	0.0915155397106386
Molecular descriptors	NumAromaticHeterocycles	0.5355049170593187	0.035504917059318686	0.0710098341186373	0.5289865050344369	0.028986505034436894	0.0579730100688737
Molecular descriptors	NumAromaticRings	0.5933989729133584	0.09339897291335841	0.1867979458267168	0.5579072421280834	0.0579072421280834	0.1158144842561668
Molecular descriptors	NumAtomStereoCenters	0.3855927071675513	0.11440729283244871	-0.2288145856648973	0.4111431127988372	0.0888568872011628	-0.1777137744023256
Molecular descriptors	NumBridgeheadAtoms	0.4938883733927514	0.006111626607248621	-0.0122232532144971	0.5018060888355511	0.0018060888355511118	0.0036121776711022
Molecular descriptors	NumHAcceptors	0.4705963214880631	0.029403678511936926	-0.0588073570238738	0.4662240198303906	0.03377598016960942	-0.0675519603392188
Molecular descriptors	NumHDonors	0.4821119901251635	0.01788800987483652	-0.0357760197496729	0.481569799361589	0.018430200638411	-0.0368604012768218
Molecular descriptors	NumHeteroatoms	0.4842866383135284	0.015713361686471583	-0.0314267233729431	0.4818298650092852	0.018170134990714792	-0.0363402699814295
Molecular descriptors	NumHeterocycles	0.5029541331765961	0.0029541331765960965	0.0059082663531921	0.5011040508945613	0.001104050894561337	0.0022081017891226
Molecular descriptors	NumRadicalElectrons	0.4996613428303	0.00033865716969999626	-0.0006773143393999	0.4997378080755112	0.00026219192448878603	-0.0005243838489774
Molecular descriptors	NumRotatableBonds	0.4552460101162833	0.044753989883716705	-0.0895079797674334	0.4682791030103387	0.031720896989661296	-0.0634417939793225
Molecular descriptors	NumSaturatedCarbocycles	0.438811228386979	0.061188771613021	-0.1223775432260418	0.4560244166962879	0.043975583303712096	-0.0879511666074241
Molecular descriptors	NumSaturatedHeterocycles	0.4447363237639009	0.055263676236099124	-0.1105273524721982	0.4634866950795903	0.03651330492040972	-0.0730266098408194
Molecular descriptors	NumSaturatedRings	0.4133175954379162	0.08668240456208381	-0.1733648091241675	0.433053295347765	0.06694670465223501	-0.1338934093044699
Molecular descriptors	NumSpiroAtoms	0.4933356149168028	0.006664385083197222	-0.0133287701663943	0.4991347519852093	0.0008652480147907093	-0.0017304960295814
Molecular descriptors	NumUnspecifiedAtomStereoCenters	0.4487886344026119	0.05121136559738809	-0.1024227311947761	0.453989056566588	0.046010943433412	-0.092021886866824
Molecular descriptors	NumValenceElectrons	0.4437097487320859	0.05629025126791409	-0.1125805025358281	0.4427793253162433	0.05722067468375669	-0.1144413493675132
Molecular descriptors	PEOE_VSA1	0.4734941088377294	0.02650589116227059	-0.053011782324541	0.4674452359082106	0.03255476409178942	-0.0651095281835788
Molecular descriptors	PEOE_VSA10	0.4626891925403241	0.03731080745967591	-0.0746216149193518	0.4618588468951665	0.038141153104833514	-0.0762823062096669
Molecular descriptors	PEOE_VSA11	0.5090669746275627	0.009066974627562674	0.0181339492551253	0.5061799135177242	0.006179913517724178	0.0123598270354483
Molecular descriptors	PEOE_VSA12	0.5096047653120438	0.009604765312043795	0.0192095306240875	0.4822257924120366	0.017774207587963387	-0.0355484151759266
Molecular descriptors	PEOE_VSA13	0.5118235100352097	0.01182351003520965	0.0236470200704193	0.5164397122810229	0.016439712281022922	0.0328794245620458
Molecular descriptors	PEOE_VSA14	0.4922755239513224	0.007724476048677598	-0.0154489520973551	0.5051595939368557	0.005159593936855722	0.0103191878737114
Molecular descriptors	PEOE_VSA2	0.5223833579723505	0.02238335797235047	0.0447667159447009	0.5306271841995053	0.030627184199505275	0.0612543683990105
Molecular descriptors	PEOE_VSA3	0.54666617681723	0.046666176817229954	0.0933323536344599	0.5377575434435008	0.037757543443500796	0.0755150868870015
Molecular descriptors	PEOE_VSA4	0.5109217384199057	0.010921738419905735	0.0218434768398114	0.516954857823936	0.01695485782393602	0.033909715647872
Molecular descriptors	PEOE_VSA5	0.4983435628828369	0.0016564371171631231	-0.0033128742343262	0.4913041877974589	0.00869581220254112	-0.0173916244050822
Molecular descriptors	PEOE_VSA6	0.4549857355801237	0.045014264419876326	-0.0900285288397526	0.4745298435412217	0.025470156458778315	-0.0509403129175566
Molecular descriptors	PEOE_VSA7	0.4722877736101966	0.027712226389803418	-0.0554244527796068	0.4695683599455204	0.030431640054479625	-0.0608632801089592
Molecular descriptors	PEOE_VSA8	0.5258964888788575	0.025896488878857538	0.051792977757715	0.5234483605086172	0.023448360508617205	0.0468967210172344
Molecular descriptors	PEOE_VSA9	0.4613268209519411	0.03867317904805889	-0.0773463580961177	0.4659775916821225	0.034022408317877506	-0.068044816635755
Molecular descriptors	Phi	0.426842844800176	0.07315715519982402	-0.146314310399648	0.4393769891685993	0.0606230108314007	-0.1212460216628013
Molecular descriptors	RingCount	0.4911510279315309	0.008848972068469074	-0.0176979441369381	0.4819149894008768	0.018085010599123208	-0.0361700211982464
Molecular descriptors	SMR_VSA1	0.4528306624207221	0.04716933757927788	-0.0943386751585557	0.4483775921513698	0.0516224078486302	-0.1032448156972604
Molecular descriptors	SMR_VSA10	0.5575694541969398	0.05756945419693982	0.1151389083938796	0.5575042026960603	0.05750420269606027	0.1150084053921205
Molecular descriptors	SMR_VSA2	0.5079268277532322	0.007926827753232168	0.0158536555064643	0.5072758992244515	0.0072758992244514875	0.0145517984489029
Molecular descriptors	SMR_VSA3	0.552623935445057	0.052623935445056946	0.1052478708901138	0.5513476049031649	0.05134760490316492	0.1026952098063298
Molecular descriptors	SMR_VSA4	0.4290034283073091	0.07099657169269091	-0.1419931433853817	0.4578464159478385	0.04215358405216152	-0.084307168104323
Molecular descriptors	SMR_VSA5	0.3856138041893991	0.11438619581060089	-0.2287723916212017	0.4112052880650471	0.08879471193495292	-0.1775894238699057
Molecular descriptors	SMR_VSA6	0.4994041352014884	0.0005958647985115917	-0.001191729597023	0.483439163261691	0.016560836738308993	-0.0331216734766179
Molecular descriptors	SMR_VSA7	0.5914700486424342	0.09147004864243424	0.1829400972848684	0.5529887239875696	0.0529887239875696	0.1059774479751392
Molecular descriptors	SMR_VSA8						
Molecular descriptors	SMR_VSA9	0.5509280365364845	0.05092803653648448	0.1018560730729689	0.5202549127258692	0.020254912725869212	0.0405098254517384
Molecular descriptors	SPS	0.3802094733476445	0.11979052665235551	-0.2395810533047109	0.3987575504822102	0.10124244951778982	-0.2024848990355795
Molecular descriptors	SlogP_VSA1	0.5636078326044744	0.06360783260447445	0.1272156652089489	0.550782455195682	0.05078245519568203	0.101564910391364
Molecular descriptors	SlogP_VSA10	0.5200008018885401	0.020000801888540143	0.0400016037770802	0.5180655075085433	0.0180655075085433	0.0361310150170866
Molecular descriptors	SlogP_VSA11	0.5502643192780927	0.05026431927809272	0.1005286385561854	0.51890685323939	0.01890685323939001	0.03781370647878
Molecular descriptors	SlogP_VSA12	0.515083953448399	0.015083953448398968	0.0301679068967979	0.5163463027419293	0.016346302741929275	0.0326926054838585
Molecular descriptors	SlogP_VSA2	0.4505811248475451	0.04941887515245491	-0.0988377503049097	0.4550054901933182	0.04499450980668179	-0.0899890196133635
Molecular descriptors	SlogP_VSA3	0.467738821106671	0.03226117889332902	-0.064522357786658	0.4622964933149857	0.03770350668501432	-0.0754070133700285
Molecular descriptors	SlogP_VSA4	0.4177596187726893	0.0822403812273107	-0.1644807624546214	0.4413914531298207	0.0586085468701793	-0.1172170937403586
Molecular descriptors	SlogP_VSA5	0.4223858399209876	0.0776141600790124	-0.1552283201580246	0.4349866675113118	0.06501333248868818	-0.1300266649773763
Molecular descriptors	SlogP_VSA6	0.5858513276825283	0.08585132768252834	0.1717026553650567	0.5585482779210937	0.05854827792109374	0.1170965558421874
Molecular descriptors	SlogP_VSA7	0.507963791092467	0.007963791092467032	0.015927582184934	0.5086694170423578	0.008669417042357797	0.0173388340847155
Molecular descriptors	SlogP_VSA8	0.5476025050059126	0.047602505005912565	0.0952050100118251	0.5356584683299136	0.035658468329913595	0.0713169366598271
Molecular descriptors	SlogP_VSA9						
Molecular descriptors	TPSA.1	0.4746550089102139	0.025344991089786106	-0.0506899821795721	0.4744631957617584	0.025536804238241617	-0.0510736084764831
Molecular descriptors	VSA_EState1	0.465146775538424	0.034853224461576016	-0.069706448923152	0.4637512332405397	0.036248766759460316	-0.0724975335189206
Molecular descriptors	VSA_EState10	0.5117651425249606	0.011765142524960637	0.0235302850499212	0.512368258822729	0.012368258822728961	0.0247365176454579
Molecular descriptors	VSA_EState2	0.513877948291612	0.013877948291612041	0.027755896583224	0.5105527850413348	0.010552785041334833	0.0211055700826696
Molecular descriptors	VSA_EState3	0.4669820009763309	0.03301799902366909	-0.0660359980473381	0.4690261593634191	0.030973840636580874	-0.0619476812731617
Molecular descriptors	VSA_EState4	0.546678691999682	0.046678691999682	0.093357383999364	0.5215590535985988	0.021559053598598776	0.0431181071971975
Molecular descriptors	VSA_EState5	0.4977923722429316	0.0022076277570683978	-0.0044152555141367	0.4824739069177609	0.017526093082239125	-0.0350521861644782
Molecular descriptors	VSA_EState6	0.5942220776675354	0.09422207766753543	0.1884441553350708	0.5538726685741568	0.053872668574156846	0.1077453371483136
Molecular descriptors	VSA_EState7	0.5161032806767499	0.01610328067674993	0.0322065613534998	0.5263557874028219	0.02635578740282185	0.0527115748056437
Molecular descriptors	VSA_EState8	0.4242403240700598	0.0757596759299402	-0.1515193518598804	0.4317185800811563	0.06828141991884368	-0.1365628398376873
Molecular descriptors	VSA_EState9	0.5219822945100792	0.02198229451007916	0.0439645890201583	0.5049051006007539	0.004905100600753887	0.0098102012015077
Molecular descriptors	fr_Al_COO	0.4945673839290405	0.005432616070959517	-0.0108652321419189	0.4997396410727462	0.00026035892725378984	-0.0005207178545075
Molecular descriptors	fr_Al_OH	0.4104755029423194	0.08952449705768062	-0.1790489941153612	0.4294622338048096	0.07053776619519042	-0.1410755323903808
Molecular descriptors	fr_Al_OH_noTert	0.4186090145786473	0.0813909854213527	-0.1627819708427054	0.4366048374703348	0.0633951625296652	-0.1267903250593303
Molecular descriptors	fr_ArN	0.5029959421377547	0.0029959421377546702	0.0059918842755093	0.504563209956489	0.004563209956488956	0.0091264199129779
Molecular descriptors	fr_Ar_COO	0.5040059356988996	0.004005935698899621	0.0080118713977992	0.5078374562573539	0.00783745625735388	0.0156749125147077
Molecular descriptors	fr_Ar_N	0.5294275398762823	0.029427539876282327	0.0588550797525646	0.531455478990039	0.031455478990038976	0.0629109579800779
Molecular descriptors	fr_Ar_NH	0.5147945410002741	0.014794541000274108	0.0295890820005482	0.511237592808316	0.011237592808316044	0.022475185616632
Molecular descriptors	fr_Ar_OH	0.5360023382578392	0.03600233825783916	0.0720046765156783	0.5143993663988439	0.014399366398843871	0.0287987327976877
Molecular descriptors	fr_COO	0.4988242880027893	0.0011757119972107266	-0.0023514239944214	0.5078623850197493	0.00786238501974934	0.0157247700394986
Molecular descriptors	fr_COO2	0.4987152087898719	0.001284791210128089	-0.0025695824202561	0.5077339285735234	0.0077339285735233965	0.0154678571470467
Molecular descriptors	fr_C_O	0.4850262718434975	0.014973728156502497	-0.0299474563130049	0.48623880991848	0.013761190081519992	-0.0275223801630398
Molecular descriptors	fr_C_O_noCOO	0.4808520138170915	0.019147986182908527	-0.038295972365817	0.4718478019870276	0.028152198012972418	-0.0563043960259447
Molecular descriptors	fr_C_S	0.501991206786966	0.00199120678696596	0.0039824135739319	0.5029194513560661	0.002919451356066083	0.0058389027121321
Molecular descriptors	fr_HOCCN	0.5010776030522816	0.0010776030522815505	0.0021552061045631	0.500270697031659	0.0002706970316590507	0.0005413940633181
Molecular descriptors	fr_Imine	0.5199610329479645	0.019961032947964474	0.0399220658959289	0.5172648543163125	0.017264854316312528	0.034529708632625
Molecular descriptors	fr_NH0	0.557469241051005	0.05746924105100504	0.11493848210201	0.5528751514788915	0.05287515147889155	0.1057503029577831
Molecular descriptors	fr_NH1	0.5362769433655536	0.03627694336555365	0.0725538867311073	0.5369781530191957	0.036978153019195714	0.0739563060383914
Molecular descriptors	fr_NH2	0.5164867311972702	0.016486731197270177	0.0329734623945403	0.5169522183079178	0.01695221830791782	0.0339044366158356
Molecular descriptors	fr_N_O	0.4988874782133825	0.0011125217866175263	-0.002225043573235	0.5024386928412805	0.0024386928412805098	0.004877385682561
Molecular descriptors	fr_Ndealkylation1	0.5126787416753292	0.01267874167532923	0.0253574833506584	0.5040312741589036	0.004031274158903586	0.0080625483178071
Molecular descriptors	fr_Ndealkylation2	0.5019301712048537	0.0019301712048537256	0.0038603424097074	0.4993654896771461	0.0006345103228538873	-0.0012690206457076
Molecular descriptors	fr_Nhpyrrole	0.5147945410002741	0.014794541000274108	0.0295890820005482	0.511237592808316	0.011237592808316044	0.022475185616632
Molecular descriptors	fr_SH	0.5014862443887629	0.0014862443887628807	0.0029724887775257	0.500357947700043	0.00035794770004304866	0.000715895400086
Molecular descriptors	fr_aldehyde	0.4989716691751891	0.001028330824810908	-0.0020566616496218	0.504083624559934	0.0040836245599340515	0.0081672491198681
Molecular descriptors	fr_alkyl_carbamate	0.4999890755751709	1.0924424829084067e-05	-2.1848849658057112e-05			
Molecular descriptors	fr_alkyl_halide	0.4987988817239801	0.0012011182760198746	-0.0024022365520397	0.4987814967580877	0.0012185032419123054	-0.0024370064838245
Molecular descriptors	fr_allylic_oxid	0.4530666079923128	0.0469333920076872	-0.0938667840153744	0.4621359227572033	0.03786407724279672	-0.0757281544855934
Molecular descriptors	fr_amide	0.5081374679009637	0.008137467900963702	0.0162749358019274	0.503392584602354	0.003392584602354032	0.006785169204708
Molecular descriptors	fr_amidine	0.5031663594976349	0.0031663594976348852	0.0063327189952697	0.5034068086608973	0.0034068086608972648	0.0068136173217945
Molecular descriptors	fr_aniline	0.5146558058476929	0.014655805847692882	0.0293116116953857	0.5140513902037589	0.014051390203758896	0.0281027804075177
Molecular descriptors	fr_aryl_methyl	0.5050882835181547	0.005088283518154713	0.0101765670363094	0.509869883591478	0.009869883591478001	0.019739767182956
Molecular descriptors	fr_azide	0.4999563023006839	4.3697699316114225e-05	-8.739539863222845e-05	0.5008389261744967	0.000838926174496657	0.0016778523489933
Molecular descriptors	fr_azo	0.5000460219474857	4.60219474857082e-05	9.20438949714164e-05	0.5006204329040894	0.0006204329040894185	0.0012408658081788
Molecular descriptors	fr_barbitur						
Molecular descriptors	fr_benzene	0.5840392117811565	0.08403921178115648	0.1680784235623129	0.5442810339629458	0.044281033962945804	0.0885620679258916
Molecular descriptors	fr_benzodiazepine	0.5002098195551825	0.00020981955518251105	0.000419639110365			
Molecular descriptors	fr_bicyclic	0.4962366708837178	0.003763329116282188	-0.0075266582325643	0.484372745413401	0.015627254586599026	-0.031254509173198
Molecular descriptors	fr_diazo						
Molecular descriptors	fr_dihydropyridine	0.500410970168967	0.00041097016896696204	0.0008219403379339	0.5005767342500079	0.0005767342500079264	0.0011534685000158
Molecular descriptors	fr_epoxide	0.5029146026204482	0.002914602620448181	0.0058292052408963	0.5076831912100597	0.00768319121005967	0.0153663824201193
Molecular descriptors	fr_ester	0.4754624307196403	0.024537569280359717	-0.0490751385607194	0.4749891926483026	0.025010807351697417	-0.0500216147033947
Molecular descriptors	fr_ether	0.4484410607384542	0.05155893926154581	-0.1031178785230915	0.4478452897543373	0.052154710245662705	-0.1043094204913253
Molecular descriptors	fr_furan	0.4993579482186297	0.0006420517813702786	-0.0012841035627405	0.4967294196936049	0.003270580306395099	-0.00654116061279
Molecular descriptors	fr_guanido	0.5021720030380811	0.0021720030380810718	0.0043440060761621	0.50412798309302	0.004127983093019982	0.0082559661860399
Molecular descriptors	fr_halogen	0.5139698546571061	0.013969854657106096	0.0279397093142121	0.5124516968568644	0.012451696856864425	0.0249033937137288
Molecular descriptors	fr_hdrzine	0.5007627889096633	0.0007627889096633034	0.0015255778193266	0.5007515288663337	0.0007515288663336728	0.0015030577326673
Molecular descriptors	fr_hdrzone	0.5002885460124168	0.00028854601241679045	0.0005770920248335	0.5004893369418449	0.0004893369418449423	0.0009786738836898
Molecular descriptors	fr_imidazole	0.5045891386168497	0.004589138616849731	0.0091782772336994	0.5105704551346798	0.010570455134679801	0.0211409102693596
Molecular descriptors	fr_imide	0.5002164759818933	0.00021647598189333817	0.0004329519637866	0.5003580943398218	0.0003580943398218128	0.0007161886796436
Molecular descriptors	fr_isocyan				0.499912602691837	8.739730816298419e-05	-0.0001747946163258
Molecular descriptors	fr_isothiocyan	0.5021004510352564	0.0021004510352563566	0.0042009020705127	0.501459359078586	0.0014593590785859645	0.0029187181571719
Molecular descriptors	fr_ketone	0.5051815743470557	0.005181574347055684	0.0103631486941113	0.500701524701764	0.0007015247017639892	0.0014030494035279
Molecular descriptors	fr_ketone_Topliss	0.4978207308211911	0.002179269178808896	-0.0043585383576176	0.4892041595253094	0.010795840474690621	-0.0215916809493812
Molecular descriptors	fr_lactam	0.501195626265552	0.00119562626555203	0.002391252531104	0.5011534685000159	0.0011534685000158529	0.0023069370000317
Molecular descriptors	fr_lactone	0.5112893868034616	0.011289386803461587	0.0225787736069231	0.515580329857384	0.015580329857384001	0.031160659714768
Molecular descriptors	fr_methoxy	0.5089857818083654	0.0089857818083654	0.0179715636167308	0.4927752780583486	0.007224721941651413	-0.0144494438833027
Molecular descriptors	fr_morpholine	0.5001028307903232	0.00010283079032324949	0.0002056615806464	0.4996941094214298	0.0003058905785702226	-0.0006117811571403
Molecular descriptors	fr_nitrile	0.5002594997867696	0.0002594997867696458	0.0005189995735392	0.5003230474326894	0.00032304743268940506	0.0006460948653788
Molecular descriptors	fr_nitro	0.5014642580096274	0.0014642580096273505	0.0029285160192547	0.5018621785509408	0.0018621785509408406	0.0037243571018816
Molecular descriptors	fr_nitro_arom	0.5007781601209313	0.0007781601209313482	0.0015563202418626	0.5020366798877092	0.0020366798877091696	0.0040733597754183
Molecular descriptors	fr_nitro_arom_nonortho	0.5007541383055287	0.0007541383055287287	0.0015082766110574	0.5013719617704231	0.0013719617704230913	0.0027439235408461
Molecular descriptors	fr_nitroso	0.4999672267255129	3.277327448708567e-05	-6.554654897417134e-05	0.499912602691837	8.739730816298419e-05	-0.0001747946163258
Molecular descriptors	fr_oxazole	0.4999804066337728	1.959336622719965e-05	-3.91867324543993e-05	0.5006204329040894	0.0006204329040894185	0.0012408658081788
Molecular descriptors	fr_oxime	0.4992969768169402	0.0007030231830598144	-0.0014060463661195	0.499352951976059	0.0006470480239409993	-0.0012940960478819
Molecular descriptors	fr_para_hydroxylation	0.5175000483874544	0.017500048387454448	0.0350000967749088	0.5101769472882786	0.01017694728827856	0.0203538945765571
Molecular descriptors	fr_phenol	0.5322908485859406	0.03229084858594056	0.0645816971718811	0.5064104312499927	0.006410431249992743	0.0128208624999854
Molecular descriptors	fr_phenol_noOrthoHbond	0.5311915021232673	0.031191502123267267	0.0623830042465345	0.5055174683170094	0.0055174683170093886	0.0110349366340187
Molecular descriptors	fr_phos_acid	0.5011364565000177	0.0011364565000177018	0.0022729130000354	0.501380760157151	0.0013807601571510508	0.0027615203143021
Molecular descriptors	fr_phos_ester	0.5007164735659587	0.0007164735659587196	0.0014329471319174	0.5014248987305687	0.0014248987305687244	0.0028497974611374
Molecular descriptors	fr_piperdine	0.5047619948327975	0.004761994832797489	0.0095239896655949	0.5003788438685216	0.00037884386852160556	0.0007576877370432
Molecular descriptors	fr_piperzine	0.5016307832852944	0.0016307832852944237	0.0032615665705888	0.5013718151306443	0.0013718151306443271	0.0027436302612886
Molecular descriptors	fr_priamide	0.5002448299758369	0.00024482997583685773	0.0004896599516737	0.4997378080755112	0.00026219192448878603	-0.0005243838489774
Molecular descriptors	fr_prisulfonamd	0.500386865835878	0.00038686583587799195	0.0007737316717559	0.499912602691837	8.739730816298419e-05	-0.0001747946163258
Molecular descriptors	fr_pyridine	0.5117639368498746	0.011763936849874645	0.0235278736997492	0.5131318121509241	0.013131812150924072	0.0262636243018481
Molecular descriptors	fr_quatN	0.4992075322290932	0.0007924677709068018	-0.0015849355418134	0.4991921614586082	0.0008078385413918254	-0.0016156770827835
Molecular descriptors	fr_sulfide	0.5016942485548425	0.001694248554842459	0.0033884971096849	0.5025914914907869	0.002591491490786857	0.0051829829815737
Molecular descriptors	fr_sulfonamd	0.5013704583216597	0.0013704583216597177	0.0027409166433194	0.5015027644531099	0.0015027644531099282	0.0030055289062198
Molecular descriptors	fr_sulfone	0.5001574437458365	0.00015744374583648302	0.0003148874916729	0.4996941094214298	0.0003058905785702226	-0.0006117811571403
Molecular descriptors	fr_term_acetylene	0.4993184864272204	0.000681513572779624	-0.0013630271455591	0.4994404959240007	0.0005595040759993064	-0.0011190081519985
Molecular descriptors	fr_tetrazole	0.5001988951303535	0.000198895130353538	0.000397790260707			
Molecular descriptors	fr_thiazole	0.499829628483279	0.00017037151672100181	-0.0003407430334418	0.4993445201887782	0.0006554798112218263	-0.0013109596224436
Molecular descriptors	fr_thiocyan	0.4999453778758548	5.462212414519829e-05	-0.0001092442482902	0.4999563013459185	4.3698654081492094e-05	-8.739730816287317e-05
Molecular descriptors	fr_thiophene	0.5001944254223349	0.00019442542233494287	0.0003888508446698	0.4993882188428596	0.0006117811571403897	-0.0012235623142806
Molecular descriptors	fr_unbrch_alkane	0.505992562754265	0.005992562754264963	0.0119851255085299	0.5192480840046503	0.01924808400465028	0.0384961680093005
Molecular descriptors	fr_urea	0.4997050405296161	0.00029495947038388204	-0.0005899189407677	0.4997378080755112	0.00026219192448878603	-0.0005243838489774
Molecular descriptors	qed	0.5526344564500854	0.052634456450085354	0.1052689129001707	0.5344423113244623	0.034442311324462294	0.0688846226489245
3D-QSAR descriptors	Activity_Status	1.0	0.5	1.0	1.0	0.5	1.0
3D-QSAR descriptors	Asphericity	0.5199797354536743	0.019979735453674263	0.0399594709073485	0.5385868456577172	0.038586845657717195	0.0771736913154343
3D-QSAR descriptors	Best_Conformer_Energy	0.4363833603621516	0.06361663963784842	-0.1272332792756968	0.4274421028948553	0.07255789710514471	-0.1451157942102894
3D-QSAR descriptors	Conformers_Generated	0.4403494589182351	0.059650541081764874	-0.1193010821635297	0.4427966288101414	0.057203371189858576	-0.1144067423797171
3D-QSAR descriptors	Eccentricity	0.5173205520475155	0.01732055204751548	0.0346411040950309	0.5361769161541923	0.03617691615419227	0.0723538323083845
3D-QSAR descriptors	InertialShapeFactor	0.5445807439222852	0.04458074392228517	0.0891614878445703	0.5579933253337332	0.05799332533373325	0.1159866506674665
3D-QSAR descriptors	Metal_Containing	0.5003762944033745	0.0003762944033744997	0.0007525888067489	0.4997027611683788	0.0002972388316211938	-0.0005944776632422
3D-QSAR descriptors	NPR1	0.4827237463167149	0.017276253683285114	-0.0345525073665701	0.4638230838458076	0.036176916154192384	-0.0723538323083846
3D-QSAR descriptors	NPR2	0.4657614211284633	0.034238578871536696	-0.0684771577430732	0.4885605969701515	0.011439403029848527	-0.022878806059697
3D-QSAR descriptors	PBF	0.4186034707452698	0.08139652925473018	-0.1627930585094603	0.4245043497825108	0.07549565021748922	-0.1509913004349783
3D-QSAR descriptors	PMI1	0.4515483932066418	0.04845160679335819	-0.0969032135867162	0.4414595020248988	0.05854049797510119	-0.1170809959502023
3D-QSAR descriptors	PMI2	0.4617180575435845	0.038281942456415474	-0.0765638849128309	0.4668139343032848	0.03318606569671517	-0.0663721313934303
3D-QSAR descriptors	PMI3	0.4640723351485517	0.03592766485144833	-0.0718553297028965	0.4668998800059997	0.03310011999400031	-0.0662002399880006
3D-QSAR descriptors	RadiusOfGyration	0.4698180619724786	0.030181938027521393	-0.0603638760550426	0.4753933553322333	0.024606644667766686	-0.0492132893355332
3D-QSAR descriptors	SpherocityIndex	0.4270503141216702	0.07294968587832978	-0.1458993717566594	0.4222658617069146	0.0777341382930854	-0.1554682765861708
MoLFormer embeddings	molformer_0001	0.4834226827202197	0.01657731727978029	-0.0331546345595605	0.4703135099814765	0.029686490018523526	-0.059372980037047
MoLFormer embeddings	molformer_0002	0.5726752748322606	0.07267527483226055	0.1453505496645211	0.5574934979922082	0.057493497992208153	0.1149869959844163
MoLFormer embeddings	molformer_0003	0.508983989340842	0.008983989340841991	0.0179679786816839	0.5015284264143993	0.0015284264143993198	0.0030568528287986
MoLFormer embeddings	molformer_0004	0.4805696520468461	0.019430347953153904	-0.0388606959063076	0.5016613553738787	0.0016613553738786813	0.0033227107477573
MoLFormer embeddings	molformer_0005	0.543617207897269	0.04361720789726897	0.0872344157945379	0.5446314297143809	0.044631429714380944	0.0892628594287618
MoLFormer embeddings	molformer_0006	0.4706897911052847	0.029310208894715306	-0.0586204177894305	0.5022548798785589	0.0022548798785588797	0.0045097597571177
MoLFormer embeddings	molformer_0007	0.5687637347823976	0.06876373478239761	0.1375274695647952	0.5657168368274661	0.0657168368274661	0.1314336736549322
MoLFormer embeddings	molformer_0008	0.4555245898258975	0.0444754101741025	-0.088950820348205	0.4540498387548992	0.04595016124510082	-0.0919003224902015
MoLFormer embeddings	molformer_0009	0.464276351475357	0.03572364852464299	-0.0714472970492858	0.4664281424024757	0.03357185759752429	-0.0671437151950484
MoLFormer embeddings	molformer_0010	0.4530339126511963	0.0469660873488037	-0.0939321746976072	0.4552368877642596	0.04476311223574042	-0.0895262244714808
MoLFormer embeddings	molformer_0011	0.5485424914786965	0.04854249147869649	0.0970849829573929	0.5408569218081507	0.040856921808150704	0.0817138436163014
MoLFormer embeddings	molformer_0012	0.5700063044429347	0.07000630444293465	0.1400126088858693	0.5694231572365558	0.06942315723655579	0.1388463144731115
MoLFormer embeddings	molformer_0013	0.5892951529010096	0.08929515290100964	0.1785903058020193	0.5711466878766442	0.07114668787664424	0.1422933757532885
MoLFormer embeddings	molformer_0014	0.4787418898752512	0.02125811012474882	-0.0425162202494975	0.4904119580633694	0.009588041936630598	-0.019176083873261
MoLFormer embeddings	molformer_0015	0.4807305569511996	0.019269443048800405	-0.0385388860976008	0.482190158945789	0.017809841054211017	-0.0356196821084219
MoLFormer embeddings	molformer_0016	0.5797794058354326	0.07977940583543264	0.1595588116708652	0.5772489556314954	0.07724895563149536	0.1544979112629907
MoLFormer embeddings	molformer_0017	0.4181583671554228	0.08184163284457718	-0.1636832656891542	0.4260533721870091	0.07394662781299088	-0.1478932556259817
MoLFormer embeddings	molformer_0018	0.4384230651896966	0.06157693481030341	-0.1231538696206067	0.4336975572159089	0.06630244278409109	-0.1326048855681821
MoLFormer embeddings	molformer_0019	0.5000135970810083	1.3597081008343004e-05	2.7194162016686008e-05	0.4797859997724151	0.020214000227584905	-0.0404280004551698
MoLFormer embeddings	molformer_0020	0.4316941329383951	0.06830586706160491	-0.1366117341232098	0.4523058518656686	0.04769414813433143	-0.0953882962686627
MoLFormer embeddings	molformer_0021	0.5399631688724362	0.03996316887243623	0.0799263377448724	0.5350683165401459	0.03506831654014586	0.0701366330802917
MoLFormer embeddings	molformer_0022	0.5000067343600814	6.7343600813618565e-06	1.3468720162723711e-05	0.4899742383236609	0.010025761676339118	-0.0200515233526781
MoLFormer embeddings	molformer_0023	0.5685235487185842	0.06852354871858424	0.1370470974371684	0.5784613733225876	0.07846137332258762	0.1569227466451752
MoLFormer embeddings	molformer_0024	0.5281899625357784	0.028189962535778434	0.0563799250715568	0.5220860036437052	0.022086003643705165	0.0441720072874103
MoLFormer embeddings	molformer_0025	0.5320167798431883	0.03201677984318829	0.0640335596863765	0.5289157513411673	0.028915751341167306	0.0578315026823346
MoLFormer embeddings	molformer_0026	0.4768111089563808	0.02318889104361921	-0.0463777820872384	0.4912010267130752	0.008798973286924805	-0.0175979465738496
MoLFormer embeddings	molformer_0027	0.4532170469034289	0.0467829530965711	-0.0935659061931422	0.4497305640704387	0.05026943592956129	-0.1005388718591225
MoLFormer embeddings	molformer_0028	0.4554315557186879	0.044568444281312125	-0.0891368885626241	0.4727895226464609	0.027210477353539098	-0.0544209547070781
MoLFormer embeddings	molformer_0029	0.5063281530166169	0.006328153016616933	0.0126563060332338	0.5314252711956069	0.031425271195606896	0.0628505423912137
MoLFormer embeddings	molformer_0030	0.4434635572144218	0.05653644278557818	-0.1130728855711563	0.4456519252629838	0.054348074737016194	-0.1086961494740323
MoLFormer embeddings	molformer_0031	0.4858670307982687	0.014132969201731294	-0.0282659384034625	0.5129613434080728	0.012961343408072756	0.0259226868161455
MoLFormer embeddings	molformer_0032	0.4682079891661979	0.03179201083380212	-0.0635840216676041	0.4499233953795565	0.0500766046204435	-0.1001532092408868
MoLFormer embeddings	molformer_0033	0.4295939890523051	0.07040601094769489	-0.1408120218953896	0.4370094166200352	0.06299058337996483	-0.1259811667599295
MoLFormer embeddings	molformer_0034	0.4923481486840716	0.007651851315928382	-0.0153037026318567	0.4952309077940802	0.0047690922059198115	-0.0095381844118395
MoLFormer embeddings	molformer_0035	0.4679087021015888	0.0320912978984112	-0.0641825957968222	0.4712980494563183	0.028701950543681687	-0.0574039010873633
MoLFormer embeddings	molformer_0036	0.4734589838091773	0.02654101619082272	-0.0530820323816454	0.496504914192267	0.0034950858077330005	-0.0069901716154658
MoLFormer embeddings	molformer_0037	0.4961525899454931	0.0038474100545068946	-0.0076948201090136	0.4839537955653784	0.016046204434621625	-0.0320924088692431
MoLFormer embeddings	molformer_0038	0.4636248605875148	0.03637513941248521	-0.0727502788249704	0.4647004325286915	0.035299567471308524	-0.0705991349426169
MoLFormer embeddings	molformer_0039	0.4577145863039509	0.0422854136960491	-0.0845708273920982	0.453380134885134	0.04661986511486599	-0.0932397302297318
MoLFormer embeddings	molformer_0040	0.5574759524895068	0.057475952489506765	0.1149519049790135	0.5589728000807106	0.0589728000807106	0.1179456001614212
MoLFormer embeddings	molformer_0041	0.470351665716231	0.029648334283769007	-0.059296668567538	0.492503921147685	0.0074960788523150135	-0.0149921577046299
MoLFormer embeddings	molformer_0042	0.5318189436898115	0.03181894368981153	0.063637887379623	0.5209910444154293	0.020991044415429316	0.0419820888308586
MoLFormer embeddings	molformer_0043	0.4553201614262328	0.04467983857376723	-0.0893596771475344	0.4578545544555616	0.04214544554443839	-0.0842908910888766
MoLFormer embeddings	molformer_0044	0.4989191054088904	0.0010808945911096046	-0.0021617891822192	0.5140694268965509	0.014069426896550885	0.0281388537931017
MoLFormer embeddings	molformer_0045	0.523397491170768	0.023397491170767948	0.0467949823415358	0.4999934012099541	6.598790045886371e-06	-1.319758009166172e-05
MoLFormer embeddings	molformer_0046	0.4797603735894736	0.0202396264105264	-0.0404792528210526	0.4785322296637022	0.02146777033629782	-0.0429355406725955
MoLFormer embeddings	molformer_0047	0.6207845347038996	0.1207845347038996	0.2415690694077992	0.6100545470649168	0.1100545470649168	0.2201090941298336
MoLFormer embeddings	molformer_0048	0.5664769313051353	0.06647693130513532	0.1329538626102706	0.5632246204669245	0.06322462046692445	0.1264492409338489
MoLFormer embeddings	molformer_0049	0.5351587645330952	0.03515876453309519	0.0703175290661903	0.5277854519262015	0.02778545192620152	0.055570903852403
MoLFormer embeddings	molformer_0050	0.5693257719137613	0.06932577191376132	0.1386515438275226	0.559947514690373	0.05994751469037296	0.1198950293807459
MoLFormer embeddings	molformer_0051	0.5256286639743835	0.02562866397438346	0.0512573279487669	0.5243991728343358	0.02439917283433579	0.0487983456686715
MoLFormer embeddings	molformer_0052	0.4761539610226974	0.023846038977302586	-0.047692077954605	0.460322648572491	0.039677351427509	-0.0793547028550178
MoLFormer embeddings	molformer_0053	0.5204894853809237	0.020489485380923655	0.0409789707618473	0.5391371304824214	0.0391371304824214	0.0782742609648428
MoLFormer embeddings	molformer_0054	0.4941024701146841	0.005897529885315889	-0.0117950597706317	0.4808591096736502	0.019140890326349802	-0.0382817806526994
MoLFormer embeddings	molformer_0055	0.5561932425588048	0.05619324255880476	0.1123864851176095	0.5541917567328187	0.05419175673281873	0.1083835134656374
MoLFormer embeddings	molformer_0056	0.5603410399137407	0.060341039913740735	0.1206820798274814	0.5739388559047146	0.0739388559047146	0.1478777118094292
MoLFormer embeddings	molformer_0057	0.4385148019355018	0.0614851980644982	-0.1229703961289963	0.4475768656392497	0.0524231343607503	-0.1048462687215006
MoLFormer embeddings	molformer_0058	0.4605614464881009	0.03943855351189912	-0.0788771070237982	0.4807994272836798	0.019200572716320197	-0.0384011454326402
MoLFormer embeddings	molformer_0059	0.4574590657033968	0.04254093429660322	-0.0850818685932064	0.4588672487679326	0.04113275123206739	-0.0822655024641347
MoLFormer embeddings	molformer_0060	0.5511835938115659	0.0511835938115659	0.1023671876231318	0.5442328627956111	0.044232862795611116	0.0884657255912222
MoLFormer embeddings	molformer_0061	0.5235966613600765	0.023596661360076543	0.047193322720153	0.5244875233010609	0.024487523301060854	0.0489750466021217
MoLFormer embeddings	molformer_0062	0.5705384289129432	0.07053842891294315	0.1410768578258863	0.5787712231751854	0.07877122317518537	0.1575424463503707
MoLFormer embeddings	molformer_0063	0.5487448431832511	0.04874484318325112	0.0974896863665022	0.5295111088430826	0.029511108843082612	0.0590222176861652
MoLFormer embeddings	molformer_0064	0.5854230517209764	0.08542305172097642	0.1708461034419528	0.572573786203895	0.07257378620389499	0.1451475724077899
MoLFormer embeddings	molformer_0065	0.5777760001838127	0.0777760001838127	0.1555520003676254	0.5709288544852417	0.07092885448524167	0.1418577089704833
MoLFormer embeddings	molformer_0066	0.4850394425831255	0.01496055741687452	-0.0299211148337489	0.4891798906419186	0.01082010935808142	-0.0216402187161628
MoLFormer embeddings	molformer_0067	0.524283831978697	0.02428383197869699	0.0485676639573939	0.5082483409175427	0.008248340917542674	0.0164966818350853
MoLFormer embeddings	molformer_0068	0.5057621504519856	0.0057621504519855815	0.0115243009039711	0.520338790679341	0.020338790679340968	0.0406775813586819
MoLFormer embeddings	molformer_0069	0.5039218226704636	0.003921822670463593	0.0078436453409271	0.4822640653943026	0.01773593460569739	-0.0354718692113946
MoLFormer embeddings	molformer_0070	0.5666201178284715	0.06662011782847155	0.1332402356569431	0.5642522720367327	0.06425227203673267	0.1285045440734653
MoLFormer embeddings	molformer_0071	0.4390007531755991	0.06099924682440089	-0.1219984936488016	0.4715404450106695	0.028459554989330504	-0.056919109978661
MoLFormer embeddings	molformer_0072	0.4757395205265816	0.024260479473418417	-0.0485209589468367	0.4840066592056347	0.01599334079436532	-0.0319866815887306
MoLFormer embeddings	molformer_0073	0.5123703914181532	0.012370391418153215	0.0247407828363064	0.510207008442932	0.010207008442931986	0.0204140168858639
MoLFormer embeddings	molformer_0074	0.5126060986053164	0.012606098605316363	0.0252121972106327	0.506164443021061	0.006164443021061006	0.012328886042122
MoLFormer embeddings	molformer_0075	0.5290861046111368	0.02908610461113681	0.0581722092222736	0.5330863332899279	0.03308633328992794	0.0661726665798558
MoLFormer embeddings	molformer_0076	0.4465312209746903	0.05346877902530972	-0.1069375580506194	0.4679784181439158	0.032021581856084225	-0.0640431637121684
MoLFormer embeddings	molformer_0077	0.5038553179994628	0.003855317999462815	0.0077106359989256	0.4968336072564401	0.003166392743559898	-0.0063327854871197
MoLFormer embeddings	molformer_0078	0.5057504604463985	0.0057504604463984865	0.0115009208927969	0.5014050290405418	0.0014050290405418497	0.0028100580810836
MoLFormer embeddings	molformer_0079	0.5483059178558253	0.048305917855825276	0.0966118357116505	0.5292055115440699	0.029205511544069918	0.0584110230881398
MoLFormer embeddings	molformer_0080	0.5528019948595699	0.052801994859569934	0.1056039897191398	0.5531274452183115	0.053127445218311475	0.1062548904366229
MoLFormer embeddings	molformer_0081	0.5677422391726183	0.06774223917261835	0.1354844783452367	0.5422013886200493	0.042201388620049296	0.0844027772400985
MoLFormer embeddings	molformer_0082	0.521755920990122	0.021755920990122024	0.043511841980244	0.5097057936790044	0.00970579367900437	0.0194115873580087
MoLFormer embeddings	molformer_0083	0.5497975809060015	0.049797580906001504	0.099595161812003	0.5475683312041237	0.04756833120412374	0.0951366624082474
MoLFormer embeddings	molformer_0084	0.4879388619492582	0.012061138050741826	-0.0241222761014835	0.4865903787881454	0.013409621211854628	-0.0268192424237092
MoLFormer embeddings	molformer_0085	0.522673338875649	0.02267333887564904	0.045346677751298	0.5288121503374476	0.02881215033744755	0.0576243006748951
MoLFormer embeddings	molformer_0086	0.4480543691065811	0.051945630893418915	-0.1038912617868378	0.462488664745099	0.037511335254901024	-0.0750226705098019
MoLFormer embeddings	molformer_0087	0.4949089613079794	0.0050910386920206	-0.010182077384041	0.5043722116446062	0.0043722116446062165	0.0087444232892124
MoLFormer embeddings	molformer_0088	0.4140934634008892	0.0859065365991108	-0.1718130731982216	0.4159900707272981	0.0840099292727019	-0.1680198585454038
MoLFormer embeddings	molformer_0089	0.4961159475083725	0.0038840524916274877	-0.0077681049832549	0.4985180583954792	0.001481941604520809	-0.0029638832090415
MoLFormer embeddings	molformer_0090	0.4257197699183186	0.07428023008168139	-0.1485604601633627	0.4508868187262516	0.04911318127374842	-0.0982263625474967
MoLFormer embeddings	molformer_0091	0.5339020201677444	0.03390202016774435	0.0678040403354887	0.5016351801733634	0.001635180173363393	0.0032703603467267
MoLFormer embeddings	molformer_0092	0.4984047359944266	0.0015952640055734157	-0.0031905280111468	0.4976542034585872	0.0023457965414128146	-0.0046915930828256
MoLFormer embeddings	molformer_0093	0.5626497426681363	0.06264974266813628	0.1252994853362725	0.5452228279422685	0.045222827942268506	0.090445655884537
MoLFormer embeddings	molformer_0094	0.4850041571035162	0.014995842896483813	-0.0299916857929675	0.4921826333923412	0.007817366607658804	-0.0156347332153174
MoLFormer embeddings	molformer_0095	0.5079855940989658	0.00798559409896582	0.0159711881979316	0.4941292031359797	0.005870796864020311	-0.0117415937280406
MoLFormer embeddings	molformer_0096	0.4949549740868333	0.00504502591316669	-0.0100900518263332	0.488928403421282	0.01107159657871798	-0.0221431931574359
MoLFormer embeddings	molformer_0097	0.5316044435480782	0.03160444354807823	0.0632088870961564	0.535768961403237	0.03576896140323704	0.071537922806474
MoLFormer embeddings	molformer_0098	0.4467050857401397	0.053294914259860326	-0.1065898285197206	0.4394015513315479	0.0605984486684521	-0.1211968973369042
MoLFormer embeddings	molformer_0099	0.4752365568901181	0.024763443109881877	-0.0495268862197637	0.4727033717764177	0.02729662822358231	-0.0545932564471645
MoLFormer embeddings	molformer_0100	0.5446178907127875	0.044617890712787545	0.089235781425575	0.5321355209642094	0.03213552096420935	0.0642710419284187
MoLFormer embeddings	molformer_0101	0.5646123295708355	0.06461232957083551	0.129224659141671	0.575168430449926	0.07516843044992605	0.1503368608998521
MoLFormer embeddings	molformer_0102	0.4697384492819755	0.0302615507180245	-0.060523101436049	0.4683963415134867	0.03160365848651331	-0.0632073169730265
MoLFormer embeddings	molformer_0103	0.4977193028315385	0.0022806971684615207	-0.004561394336923	0.4863144027244498	0.013685597275550188	-0.0273711945511003
MoLFormer embeddings	molformer_0104	0.4833792784171222	0.016620721582877807	-0.0332414431657555	0.5142158467156794	0.014215846715679437	0.0284316934313588
MoLFormer embeddings	molformer_0105	0.4541861621195463	0.04581383788045368	-0.0916276757609073	0.4565686702352923	0.043431329764707705	-0.0868626595294154
MoLFormer embeddings	molformer_0106	0.5027276588016889	0.0027276588016889036	0.0054553176033778	0.4956632751818626	0.004336724818137405	-0.0086734496362748
MoLFormer embeddings	molformer_0107	0.4893774477897532	0.010622552210246827	-0.0212451044204936	0.4969308294297824	0.0030691705702176053	-0.0061383411404351
MoLFormer embeddings	molformer_0108	0.5099844887837238	0.009984488783723822	0.0199689775674476	0.5063568344108424	0.006356834410842449	0.0127136688216848
MoLFormer embeddings	molformer_0109	0.5279757695432116	0.02797576954321157	0.0559515390864231	0.5424767048047404	0.04247670480474042	0.0849534096094808
MoLFormer embeddings	molformer_0110	0.4287390691456679	0.0712609308543321	-0.1425218617086642	0.4347213228315789	0.06527867716842112	-0.1305573543368421
MoLFormer embeddings	molformer_0111	0.4514076357484478	0.04859236425155222	-0.0971847285031043	0.477896546222618	0.022103453777381987	-0.0442069075547639
MoLFormer embeddings	molformer_0112	0.4160831619479187	0.08391683805208128	-0.1678336761041625	0.4268574714140415	0.07314252858595849	-0.1462850571719169
MoLFormer embeddings	molformer_0113	0.4718524240491856	0.028147575950814407	-0.0562951519016288	0.4764575700732846	0.023542429926715402	-0.0470848598534306
MoLFormer embeddings	molformer_0114	0.4985237677571986	0.0014762322428014119	-0.0029524644856027	0.5101672690628779	0.010167269062877904	0.0203345381257558
MoLFormer embeddings	molformer_0115	0.5701336613234111	0.07013366132341115	0.1402673226468223	0.5607496342803917	0.06074963428039171	0.1214992685607834
MoLFormer embeddings	molformer_0116	0.4757823334529259	0.02421766654707408	-0.0484353330941481	0.4825365221033071	0.01746347789669289	-0.0349269557933857
MoLFormer embeddings	molformer_0117	0.4175895727423984	0.08241042725760162	-0.1648208545152032	0.4261085087438367	0.07389149125616329	-0.1477829825123265
MoLFormer embeddings	molformer_0118	0.4602441613992036	0.0397558386007964	-0.0795116772015928	0.4376643831920312	0.062335616807968786	-0.1246712336159375
MoLFormer embeddings	molformer_0119	0.6065744114652935	0.10657441146529345	0.2131488229305869	0.5961515563173003	0.09615155631730032	0.1923031126346006
MoLFormer embeddings	molformer_0120	0.5000783872178564	7.838721785635716e-05	0.0001567744357127	0.493849194478367	0.006150805521632996	-0.0123016110432658
MoLFormer embeddings	molformer_0121	0.4546775228524252	0.04532247714757481	-0.0906449542951496	0.450446312830746	0.04955368716925401	-0.099107374338508
MoLFormer embeddings	molformer_0122	0.5922535907502514	0.09225359075025141	0.1845071815005028	0.588810182431616	0.08881018243161598	0.1776203648632319
MoLFormer embeddings	molformer_0123	0.4901942399409129	0.00980576005908712	-0.0196115201181741	0.4933514257492413	0.00664857425075871	-0.0132971485015174
MoLFormer embeddings	molformer_0124	0.5611120485018424	0.061112048501842375	0.1222240970036847	0.5527693508784896	0.05276935087848955	0.1055387017569791
MoLFormer embeddings	molformer_0125	0.5297322501866206	0.029732250186620623	0.0594645003732412	0.5222602117009159	0.022260211700915855	0.0445204234018317
MoLFormer embeddings	molformer_0126	0.4635435531604196	0.03645644683958038	-0.0729128936791607	0.4675565355003173	0.03244346449968272	-0.0648869289993654
MoLFormer embeddings	molformer_0127	0.4722531803622906	0.02774681963770942	-0.0554936392754188	0.4660637425521656	0.033936257447834406	-0.0678725148956687
MoLFormer embeddings	molformer_0128	0.5031265584668478	0.0031265584668478397	0.0062531169336956	0.5108462112387073	0.010846211238707326	0.0216924224774146
MoLFormer embeddings	molformer_0129	0.6111950901756487	0.11119509017564866	0.2223901803512973	0.5846687817988361	0.08466878179883608	0.1693375635976721
MoLFormer embeddings	molformer_0130	0.5455802578158759	0.045580257815875935	0.0911605156317518	0.5278756353901615	0.02787563539016147	0.0557512707803229
MoLFormer embeddings	molformer_0131	0.5599371204226534	0.05993712042265342	0.1198742408453068	0.5447134746706178	0.044713474670617814	0.0894269493412356
MoLFormer embeddings	molformer_0132	0.4222049657365019	0.0777950342634981	-0.1555900685269962	0.4496785069489659	0.050321493051034116	-0.1006429861020682
MoLFormer embeddings	molformer_0133	0.4520199444881518	0.047980055511848196	-0.0959601110236962	0.4641981912863124	0.0358018087136876	-0.0716036174273752
MoLFormer embeddings	molformer_0134	0.4211464976188558	0.07885350238114419	-0.1577070047622882	0.4228454070661603	0.0771545929338397	-0.1543091858676792
MoLFormer embeddings	molformer_0135	0.5843080177292367	0.08430801772923668	0.1686160354584733	0.5626764076538926	0.0626764076538926	0.1253528153077852
MoLFormer embeddings	molformer_0136	0.5555467623282593	0.05554676232825928	0.1110935246565185	0.5499676512647974	0.04996765126479741	0.0999353025295948
MoLFormer embeddings	molformer_0137	0.4618986410134705	0.0381013589865295	-0.0762027179730588	0.4500146053219681	0.049985394678031925	-0.0999707893560637
MoLFormer embeddings	molformer_0138	0.4255192473558147	0.0744807526441853	-0.1489615052883705	0.4136237446168537	0.0863762553831463	-0.1727525107662925
MoLFormer embeddings	molformer_0139	0.516897045809061	0.01689704580906104	0.033794091618122	0.5154954254254607	0.015495425425460674	0.0309908508509213
MoLFormer embeddings	molformer_0140	0.5615200342811477	0.06152003428114772	0.1230400685622954	0.534776283420672	0.03477628342067196	0.0695525668413439
MoLFormer embeddings	molformer_0141	0.5683710697868853	0.06837106978688534	0.1367421395737706	0.553664000168929	0.05366400016892903	0.107328000337858
MoLFormer embeddings	molformer_0142	0.4862366045945095	0.013763395405490486	-0.0275267908109808	0.4775660201612098	0.022433979838790197	-0.0448679596775802
MoLFormer embeddings	molformer_0143	0.5318660429515376	0.03186604295153761	0.0637320859030752	0.5244623012591079	0.024462301259107866	0.0489246025182157
MoLFormer embeddings	molformer_0144	0.5595628018594389	0.05956280185943885	0.1191256037188777	0.5535120813580955	0.05351208135809549	0.1070241627161909
MoLFormer embeddings	molformer_0145	0.50334683026232	0.0033468302623199664	0.0066936605246399	0.4830314313567464	0.01696856864325358	-0.0339371372865071
MoLFormer embeddings	molformer_0146	0.4846130599440473	0.015386940055952703	-0.0307738801119052	0.4934336173452569	0.006566382654743075	-0.0131327653094861
MoLFormer embeddings	molformer_0147	0.4872907313649827	0.012709268635017312	-0.0254185372700346	0.4901881857609255	0.009811814239074512	-0.0196236284781489
MoLFormer embeddings	molformer_0148	0.4423541986057867	0.057645801394213325	-0.1152916027884266	0.4626644858398764	0.037335514160123595	-0.0746710283202471
MoLFormer embeddings	molformer_0149	0.5827289959549555	0.08272899595495553	0.165457991909911	0.5701213825432969	0.07012138254329692	0.1402427650865938
MoLFormer embeddings	molformer_0150	0.4873733636593777	0.012626636340622277	-0.0252532726812445	0.4853141727932766	0.0146858272067234	-0.0293716544134468
MoLFormer embeddings	molformer_0151	0.4628017283274425	0.037198271672557515	-0.0743965433451149	0.470401933768091	0.029598066231909026	-0.059196132463818
MoLFormer embeddings	molformer_0152	0.470078394644448	0.029921605355551995	-0.0598432107111038	0.4677661570641074	0.0322338429358926	-0.0644676858717852
MoLFormer embeddings	molformer_0153	0.5529978964316299	0.05299789643162989	0.1059957928632597	0.5553648749631934	0.05536487496319342	0.1107297499263868
MoLFormer embeddings	molformer_0154	0.5593244357690442	0.059324435769044226	0.1186488715380884	0.5587824616478323	0.058782461647832296	0.1175649232956645
MoLFormer embeddings	molformer_0155	0.5031097752862774	0.0031097752862774275	0.0062195505725548	0.5282434079553839	0.028243407955383937	0.0564868159107678
MoLFormer embeddings	molformer_0156	0.4804354966258655	0.019564503374134512	-0.0391290067482689	0.4779352591242203	0.022064740875779698	-0.0441294817515592
MoLFormer embeddings	molformer_0157	0.5231856499322664	0.02318564993226635	0.0463712998645327	0.5242245981776781	0.02422459817767808	0.0484491963553561
MoLFormer embeddings	molformer_0158	0.4912542758946024	0.00874572410539759	-0.017491448210795	0.4863754048724292	0.013624595127570804	-0.0272491902551414
MoLFormer embeddings	molformer_0159	0.5617814548962864	0.06178145489628639	0.1235629097925727	0.5651337237470804	0.06513372374708037	0.1302674474941607
MoLFormer embeddings	molformer_0160	0.4421005529904424	0.057899447009557625	-0.1157988940191152	0.4352399144092939	0.06476008559070612	-0.1295201711814121
MoLFormer embeddings	molformer_0161	0.4847612846305756	0.015238715369424394	-0.0304774307388486	0.4746228131609787	0.025377186839021293	-0.0507543736780424
MoLFormer embeddings	molformer_0162	0.53868926541261	0.038689265412609974	0.0773785308252199	0.5534501993714432	0.05345019937144324	0.1069003987428864
MoLFormer embeddings	molformer_0163	0.4799730262518925	0.020026973748107524	-0.0400539474962149	0.4949113063961925	0.0050886936038074815	-0.0101773872076149
MoLFormer embeddings	molformer_0164	0.5080775875664625	0.008077587566462485	0.0161551751329249	0.5050527668580023	0.005052766858002267	0.0101055337160045
MoLFormer embeddings	molformer_0165	0.4821430626184455	0.017856937381554527	-0.0357138747631089	0.5142671706382584	0.014267170638258442	0.0285343412765168
MoLFormer embeddings	molformer_0166	0.5320866310648081	0.032086631064808135	0.0641732621296162	0.5230780217472657	0.023078021747265698	0.0461560434945313
MoLFormer embeddings	molformer_0167	0.440545864765046	0.05945413523495402	-0.118908270469908	0.4702978195251452	0.02970218047485479	-0.0594043609497094
MoLFormer embeddings	molformer_0168	0.4894991522087046	0.010500847791295398	-0.0210016955825907	0.4909722686581521	0.009027731341847922	-0.0180554626836957
MoLFormer embeddings	molformer_0169	0.5174435879526268	0.017443587952626793	0.0348871759052535	0.4917693291758023	0.008230670824197706	-0.0164613416483954
MoLFormer embeddings	molformer_0170	0.4558665156128459	0.04413348438715409	-0.088266968774308	0.443775962572836	0.056224037427163975	-0.1124480748543279
MoLFormer embeddings	molformer_0171	0.5264558762756215	0.026455876275621515	0.052911752551243	0.4967353586046462	0.003264641395353818	-0.0065292827907075
MoLFormer embeddings	molformer_0172	0.4802183329965848	0.019781667003415215	-0.0395633340068304	0.4843706191366084	0.015629380863391606	-0.0312587617267832
MoLFormer embeddings	molformer_0173	0.5167879665961437	0.016787966596143677	0.0335759331922873	0.5151216406293075	0.015121640629307542	0.030243281258615
MoLFormer embeddings	molformer_0174	0.5713582925557668	0.07135829255576676	0.1427165851115335	0.5679122542757227	0.06791225427572267	0.1358245085514453
MoLFormer embeddings	molformer_0175	0.500407784069405	0.0004077840694050039	0.00081556813881	0.4998061422124306	0.00019385778756941807	-0.0003877155751387
MoLFormer embeddings	molformer_0176	0.5596459430129007	0.059645943012900715	0.1192918860258014	0.5519729502398439	0.05197295023984394	0.1039459004796878
MoLFormer embeddings	molformer_0177	0.3922329374901844	0.1077670625098156	-0.2155341250196312	0.4119699411915831	0.08803005880841691	-0.1760601176168337
MoLFormer embeddings	molformer_0178	0.5482737084521958	0.04827370845219581	0.0965474169043916	0.5434228246575374	0.04342282465753744	0.0868456493150748
MoLFormer embeddings	molformer_0179	0.5371722052522562	0.037172205252256174	0.0743444105045123	0.5259960067055438	0.025996006705543806	0.0519920134110876
MoLFormer embeddings	molformer_0180	0.5400463742063208	0.040046374206320845	0.0800927484126416	0.5302561855591491	0.030256185559149107	0.0605123711182982
MoLFormer embeddings	molformer_0181	0.4368775868549766	0.06312241314502343	-0.1262448262900468	0.4589921858594675	0.041007814140532506	-0.0820156282810649
MoLFormer embeddings	molformer_0182	0.5044645002357118	0.004464500235711766	0.0089290004714235	0.4986130809721396	0.0013869190278604226	-0.0027738380557207
MoLFormer embeddings	molformer_0183	0.4294564962493373	0.0705435037506627	-0.1410870075013253	0.4565594319292281	0.0434405680707719	-0.0868811361415438
MoLFormer embeddings	molformer_0184	0.4915525819156053	0.008447418084394698	-0.0168948361687892	0.4821625173474859	0.017837482652514114	-0.0356749653050282
MoLFormer embeddings	molformer_0185	0.4854886459468361	0.014511354053163894	-0.0290227081063276	0.4907193150397276	0.0092806849602724	-0.0185613699205448
MoLFormer embeddings	molformer_0186	0.4740010975035676	0.025998902496432386	-0.0519978049928646	0.4826940132257349	0.017305986774265092	-0.03461197354853
MoLFormer embeddings	molformer_0187	0.5429490851112816	0.04294908511128159	0.0858981702225631	0.521115394947849	0.021115394947848976	0.0422307898956979
MoLFormer embeddings	molformer_0188	0.4787006677065301	0.02129933229346992	-0.0425986645869398	0.4988572362038363	0.0011427637961636816	-0.0022855275923273
MoLFormer embeddings	molformer_0189	0.5361505354384719	0.03615053543847191	0.0723010708769438	0.5177027940156893	0.017702794015689305	0.0354055880313786
MoLFormer embeddings	molformer_0190	0.4717822152509243	0.028217784749075714	-0.0564355694981514	0.4866858412841421	0.013314158715857893	-0.0266283174317156
MoLFormer embeddings	molformer_0191	0.447877409927888	0.05212259007211201	-0.1042451801442239	0.4542335050778422	0.045766494922157785	-0.0915329898443154
MoLFormer embeddings	molformer_0192	0.4518153831433255	0.04818461685667452	-0.096369233713349	0.450742231904358	0.049257768095641974	-0.0985155361912839
MoLFormer embeddings	molformer_0193	0.472870238453284	0.02712976154671598	-0.0542595230934319	0.492552312274688	0.007447687725312013	-0.014895375450624
MoLFormer embeddings	molformer_0194	0.5244265554861256	0.0244265554861256	0.0488531109722512	0.5012273749485294	0.001227374948529425	0.0024547498970588
MoLFormer embeddings	molformer_0195	0.5428012317543425	0.04280123175434247	0.0856024635086849	0.5495852880415848	0.049585288041584796	0.0991705760831695
MoLFormer embeddings	molformer_0196	0.5162295831645656	0.016229583164565575	0.0324591663291311	0.5225709413921864	0.022570941392186405	0.0451418827843728
MoLFormer embeddings	molformer_0197	0.4864216459221634	0.013578354077836585	-0.0271567081556731	0.4823134829997572	0.01768651700024282	-0.0353730340004856
MoLFormer embeddings	molformer_0198	0.5703288706637678	0.0703288706637678	0.1406577413275356	0.5585765793984014	0.05857657939840144	0.1171531587968028
MoLFormer embeddings	molformer_0199	0.5144268742794544	0.014426874279454438	0.0288537485589088	0.5224333932796749	0.022433393279674863	0.0448667865593497
MoLFormer embeddings	molformer_0200	0.4190100597036549	0.0809899402963451	-0.16197988059269	0.4245373368339181	0.07546266316608191	-0.1509253263321637
MoLFormer embeddings	molformer_0201	0.4860841898432335	0.013915810156766517	-0.0278316203135329	0.4687105905594484	0.031289409440551585	-0.0625788188811031
MoLFormer embeddings	molformer_0202	0.4716571917872494	0.028342808212750592	-0.0566856164255011	0.4691038784461814	0.0308961215538186	-0.061792243107637
MoLFormer embeddings	molformer_0203	0.5339142694598733	0.0339142694598733	0.0678285389197466	0.5465043129691739	0.0465043129691739	0.0930086259383478
MoLFormer embeddings	molformer_0204	0.4504901949413413	0.04950980505865871	-0.0990196101173174	0.4581286242021329	0.041871375797867094	-0.083742751595734
MoLFormer embeddings	molformer_0205	0.5405907800586696	0.04059078005866956	0.0811815601173391	0.5319932803787764	0.031993280378776356	0.0639865607575527
MoLFormer embeddings	molformer_0206	0.4273430074196144	0.0726569925803856	-0.1453139851607711	0.4356219110330596	0.06437808896694042	-0.1287561779338807
MoLFormer embeddings	molformer_0207	0.5396509907114699	0.039650990711469936	0.0793019814229398	0.5179608800263718	0.01796088002637175	0.0359217600527435
MoLFormer embeddings	molformer_0208	0.5045433229635802	0.004543322963580176	0.0090866459271603	0.5016774857495463	0.0016774857495462925	0.0033549714990925
MoLFormer embeddings	molformer_0209	0.5015522722909084	0.0015522722909083742	0.0031045445818167	0.5065211442829842	0.006521144282984226	0.0130422885659684
MoLFormer embeddings	molformer_0210	0.5860275946295179	0.08602759462951792	0.1720551892590358	0.5743108810235222	0.07431088102352224	0.1486217620470444
MoLFormer embeddings	molformer_0211	0.5152655061116403	0.015265506111640348	0.0305310122232806	0.5368501364923062	0.036850136492306174	0.0737002729846123
MoLFormer embeddings	molformer_0212	0.4987266329051359	0.0012733670948640863	-0.002546734189728	0.4954810019368182	0.004518998063181789	-0.0090379961263635
MoLFormer embeddings	molformer_0213	0.4700273987141929	0.029972601285807088	-0.059945202571614	0.4660725409388935	0.0339274590611065	-0.067854918122213
MoLFormer embeddings	molformer_0214	0.5265812343943582	0.026581234394358222	0.0531624687887164	0.5194944388330289	0.019494438833028926	0.0389888776660578
MoLFormer embeddings	molformer_0215	0.4904533317235661	0.009546668276433912	-0.0190933365528678	0.4916088319379091	0.008391168062090892	-0.0167823361241816
MoLFormer embeddings	molformer_0216	0.4421820437901742	0.05781795620982583	-0.1156359124196516	0.461233941477824	0.03876605852217602	-0.077532117044352
MoLFormer embeddings	molformer_0217	0.5738826140249792	0.0738826140249792	0.1477652280499584	0.5575832415368318	0.05758324153683181	0.1151664830736636
MoLFormer embeddings	molformer_0218	0.4981910701981901	0.001808929801809911	-0.0036178596036197	0.4996496775684544	0.00035032243154559106	-0.0007006448630911
MoLFormer embeddings	molformer_0219	0.5123940189823869	0.0123940189823869	0.0247880379647738	0.5042480077519653	0.004248007751965321	0.0084960155039306
MoLFormer embeddings	molformer_0220	0.5453247142937421	0.045324714293742074	0.0906494285874841	0.5382028884517068	0.03820288845170683	0.0764057769034136
MoLFormer embeddings	molformer_0221	0.4785967412647028	0.021403258735297193	-0.0428065174705942	0.4778144279464917	0.022185572053508296	-0.0443711441070164
MoLFormer embeddings	molformer_0222	0.4711915398980303	0.02880846010196969	-0.0576169202039393	0.4857222712976682	0.014277728702331793	-0.0285554574046635
MoLFormer embeddings	molformer_0223	0.5511864681776455	0.051186468177645494	0.1023729363552909	0.534178359722628	0.03417835972262795	0.0683567194452559
MoLFormer embeddings	molformer_0224	0.430595093624888	0.06940490637511199	-0.1388098127502239	0.4497223522428261	0.050277647757173916	-0.1005552955143477
MoLFormer embeddings	molformer_0225	0.4078174203032952	0.09218257969670479	-0.1843651593934094	0.4142897824921489	0.08571021750785113	-0.1714204350157022
MoLFormer embeddings	molformer_0226	0.4657620549148419	0.034237945085158095	-0.0684758901703161	0.466842253137798	0.03315774686220202	-0.066315493724404
MoLFormer embeddings	molformer_0227	0.5438899930315647	0.04388999303156471	0.0877799860631294	0.5455985190555459	0.045598519055545905	0.0911970381110918
MoLFormer embeddings	molformer_0228	0.4952861496529577	0.004713850347042303	-0.0094277006940846	0.4983181150570898	0.0016818849429102167	-0.0033637698858204
MoLFormer embeddings	molformer_0229	0.4588559480219992	0.041144051978000806	-0.0822881039560015	0.4593551193119896	0.04064488068801042	-0.0812897613760208
MoLFormer embeddings	molformer_0230	0.3828647824755392	0.11713521752446082	-0.2342704350489215	0.3907411203748347	0.10925887962516528	-0.2185177592503305
MoLFormer embeddings	molformer_0231	0.530216165990451	0.03021616599045096	0.0604323319809019	0.5153292092361944	0.015329209236194408	0.0306584184723888
MoLFormer embeddings	molformer_0232	0.5140079319851086	0.014007931985108635	0.0280158639702172	0.5000746396474076	7.463964740761497e-05	0.0001492792948152
MoLFormer embeddings	molformer_0233	0.5069519867265351	0.0069519867265350754	0.0139039734530701	0.50604023912842	0.00604023912842	0.01208047825684
MoLFormer embeddings	molformer_0234	0.5691410744098011	0.0691410744098011	0.1382821488196022	0.5680782505053207	0.06807825050532068	0.1361565010106413
MoLFormer embeddings	molformer_0235	0.5361063976448279	0.036106397644827926	0.0722127952896558	0.5268603015617723	0.026860301561772326	0.0537206031235446
MoLFormer embeddings	molformer_0236	0.4363934234980866	0.06360657650191343	-0.1272131530038267	0.4602824692731007	0.03971753072689932	-0.0794350614537986
MoLFormer embeddings	molformer_0237	0.5656153824776828	0.06561538247768284	0.1312307649553656	0.5539423224690855	0.05394232246908548	0.1078846449381709
MoLFormer embeddings	molformer_0238	0.5330729878930875	0.033072987893087546	0.066145975786175	0.5270537194300053	0.02705371943000534	0.0541074388600106
MoLFormer embeddings	molformer_0239	0.5684780539674289	0.0684780539674289	0.1369561079348578	0.550284833106335	0.050284833106335025	0.10056966621267
MoLFormer embeddings	molformer_0240	0.4518559955980298	0.0481440044019702	-0.0962880088039404	0.4526558810176566	0.04734411898234342	-0.0946882379646867
MoLFormer embeddings	molformer_0241	0.5366705343928813	0.03667053439288126	0.0733410687857625	0.530459868211898	0.030459868211897945	0.0609197364237958
MoLFormer embeddings	molformer_0242	0.4651285253767604	0.034871474623239584	-0.0697429492464791	0.4455554362885354	0.05444456371146461	-0.1088891274229291
MoLFormer embeddings	molformer_0243	0.576276786765322	0.07627678676532201	0.152553573530644	0.574728217833978	0.07472821783397798	0.1494564356679559
MoLFormer embeddings	molformer_0244	0.5541862336348747	0.054186233634874736	0.1083724672697494	0.5405714141588331	0.04057141415883314	0.0811428283176662
MoLFormer embeddings	molformer_0245	0.5278403075921947	0.02784030759219469	0.0556806151843893	0.5132544763258876	0.01325447632588761	0.0265089526517752
MoLFormer embeddings	molformer_0246	0.4992564789701337	0.0007435210298663009	-0.0014870420597324	0.5186534597016291	0.018653459701629127	0.0373069194032582
MoLFormer embeddings	molformer_0247	0.5608877975201547	0.06088779752015472	0.1217755950403094	0.548891901847544	0.048891901847543995	0.0977838036950879
MoLFormer embeddings	molformer_0248	0.5519940962812881	0.05199409628128815	0.1039881925625763	0.5556104965926781	0.05561049659267814	0.1112209931853562
MoLFormer embeddings	molformer_0249	0.4470527006631405	0.05294729933685949	-0.1058945986737188	0.4661945452348524	0.033805454765147624	-0.0676109095302952
MoLFormer embeddings	molformer_0250	0.4957046518529754	0.004295348147024591	-0.008590696294049	0.5024626684451139	0.0024626684451138914	0.0049253368902277
MoLFormer embeddings	molformer_0251	0.529082423405456	0.02908242340545597	0.0581648468109119	0.520812290525076	0.02081229052507605	0.0416245810501521
MoLFormer embeddings	molformer_0252	0.5846043662473432	0.08460436624734324	0.1692087324946865	0.5770061201578078	0.07700612015780783	0.1540122403156156
MoLFormer embeddings	molformer_0253	0.4116712667373489	0.08832873326265112	-0.1766574665253022	0.4293611256773291	0.07063887432267091	-0.1412777486453417
MoLFormer embeddings	molformer_0254	0.4435544962892576	0.05644550371074242	-0.1128910074214848	0.4884160440341659	0.011583955965834114	-0.0231679119316682
MoLFormer embeddings	molformer_0255	0.4782504878835292	0.021749512116470804	-0.0434990242329416	0.4704944634685117	0.029505536531488297	-0.0590110730629764
MoLFormer embeddings	molformer_0256	0.4529014855173163	0.04709851448268371	-0.0941970289653674	0.4560178912261314	0.0439821087738686	-0.087964217547737
MoLFormer embeddings	molformer_0257	0.4631699268289084	0.036830073171091604	-0.0736601463421831	0.4749712292754	0.025028770724600025	-0.0500575414491999
MoLFormer embeddings	molformer_0258	0.4995017811305101	0.0004982188694899192	-0.0009964377389798	0.518427634442282	0.018427634442282015	0.036855268884564
MoLFormer embeddings	molformer_0259	0.5308443135416465	0.030844313541646518	0.061688627083293	0.526742109900062	0.026742109900061983	0.0534842198001239
MoLFormer embeddings	molformer_0260	0.4612805468670798	0.03871945313292019	-0.0774389062658402	0.4612030004844978	0.038796999515502195	-0.0775939990310042
MoLFormer embeddings	molformer_0261	0.4951390022806696	0.004860997719330407	-0.0097219954386607	0.5063583008086303	0.006358300808630313	0.0127166016172606
MoLFormer embeddings	molformer_0262	0.4513337503288215	0.048666249671178496	-0.0973324993423569	0.4463119509073483	0.05368804909265168	-0.1073760981853033
MoLFormer embeddings	molformer_0263	0.4836912456995563	0.016308754300443706	-0.0326175086008873	0.4960413125316009	0.0039586874683991136	-0.0079173749367982
MoLFormer embeddings	molformer_0264	0.4743222104962553	0.02567778950374472	-0.0513555790074894	0.4732997557567844	0.0267002442432156	-0.0534004884864312
MoLFormer embeddings	molformer_0265	0.496298096132683	0.0037019038673170024	-0.007403807734634	0.5107896082840917	0.0107896082840917	0.0215792165681834
MoLFormer embeddings	molformer_0266	0.4184944112650505	0.08150558873494951	-0.163011177469899	0.4364580510517591	0.06354194894824089	-0.1270838978964816
MoLFormer embeddings	molformer_0267	0.5157928399715159	0.015792839971515926	0.0315856799430318	0.5075654394676858	0.007565439467685842	0.0151308789353716
MoLFormer embeddings	molformer_0268	0.4850363710914616	0.014963628908538418	-0.0299272578170768	0.4772256692346225	0.022774330765377493	-0.0455486615307549
MoLFormer embeddings	molformer_0269	0.5237423371669553	0.023742337166955285	0.0474846743339105	0.5224125704310858	0.0224125704310858	0.0448251408621716
MoLFormer embeddings	molformer_0270	0.516361276807899	0.016361276807899006	0.032722553615798	0.5039509888800123	0.003950988880012329	0.0079019777600246
MoLFormer embeddings	molformer_0271	0.5257643918157235	0.025764391815723542	0.051528783631447	0.5251391904780339	0.025139190478033924	0.0502783809560678
MoLFormer embeddings	molformer_0272	0.5472173491198713	0.0472173491198713	0.0944346982397426	0.5337443059773893	0.03374430597738931	0.0674886119547786
MoLFormer embeddings	molformer_0273	0.4240168661750256	0.0759831338249744	-0.1519662676499487	0.4333629252406945	0.06663707475930553	-0.1332741495186109
MoLFormer embeddings	molformer_0274	0.4372420399703386	0.06275796002966139	-0.1255159200593226	0.4557304772596896	0.044269522740310374	-0.0885390454806207
MoLFormer embeddings	molformer_0275	0.5722305320079367	0.07223053200793672	0.1444610640158734	0.5594801737153475	0.05948017371534753	0.118960347430695
MoLFormer embeddings	molformer_0276	0.592191244053787	0.09219124405378698	0.1843824881075739	0.5862498518938234	0.08624985189382339	0.1724997037876467
MoLFormer embeddings	molformer_0277	0.462652467585517	0.03734753241448302	-0.074695064828966	0.4865246841672444	0.013475315832755574	-0.0269506316655111
MoLFormer embeddings	molformer_0278	0.5472025738696725	0.047202573869672526	0.094405147739345	0.530339696913174	0.030339696913173952	0.0606793938263479
MoLFormer embeddings	molformer_0279	0.370924134000031	0.129075865999969	-0.258151731999938	0.4004138467837204	0.09958615321627962	-0.1991723064325591
MoLFormer embeddings	molformer_0280	0.4574527210101683	0.04254727898983168	-0.0850945579796633	0.4721332363164556	0.027866763683544404	-0.0557335273670887
MoLFormer embeddings	molformer_0281	0.5075823805925296	0.007582380592529581	0.0151647611850591	0.4911881224125412	0.008811877587458827	-0.0176237551749176
MoLFormer embeddings	molformer_0282	0.4443547849031178	0.055645215096882195	-0.1112904301937642	0.4703107238256793	0.02968927617432071	-0.0593785523486413
MoLFormer embeddings	molformer_0283	0.5019373135690517	0.0019373135690516907	0.0038746271381033	0.5007848160961207	0.0007848160961206885	0.0015696321922413
MoLFormer embeddings	molformer_0284	0.5269633325416831	0.02696333254168315	0.0539266650833663	0.5143896148535538	0.014389614853553834	0.0287792297071076
MoLFormer embeddings	molformer_0285	0.4460715149432149	0.0539284850567851	-0.1078569701135701	0.4465710633964823	0.05342893660351772	-0.1068578732070353
MoLFormer embeddings	molformer_0286	0.5279593531079145	0.02795935310791453	0.055918706215829	0.5109075066662443	0.010907506666244293	0.0218150133324885
MoLFormer embeddings	molformer_0287	0.5337306905289968	0.0337306905289968	0.0674613810579936	0.5410342826206054	0.04103428262060538	0.0820685652412107
MoLFormer embeddings	molformer_0288	0.4434536413390944	0.05654635866090563	-0.1130927173218111	0.4345914733074543	0.06540852669254571	-0.1308170533850913
MoLFormer embeddings	molformer_0289	0.5565879338219524	0.056587933821952374	0.1131758676439047	0.5604562080830192	0.060456208083019214	0.1209124161660384
MoLFormer embeddings	molformer_0290	0.5307099701637134	0.03070997016371335	0.0614199403274267	0.5544463233888101	0.05444632338881006	0.1088926467776201
MoLFormer embeddings	molformer_0291	0.4870775927650766	0.012922407234923383	-0.0258448144698467	0.4999803502696412	1.9649730358783923e-05	-3.929946071756785e-05
MoLFormer embeddings	molformer_0292	0.5314431535611879	0.031443153561187875	0.0628863071223757	0.5250190924991993	0.025019092499199314	0.0500381849983986
MoLFormer embeddings	molformer_0293	0.5004018886391364	0.00040188863913637185	0.0008037772782727	0.4935466766147093	0.006453323385290699	-0.0129066467705813
MoLFormer embeddings	molformer_0294	0.5177423157306941	0.01774231573069407	0.0354846314613881	0.4856737335308865	0.014326266469113502	-0.028652532938227
MoLFormer embeddings	molformer_0295	0.5111343177332699	0.011134317733269894	0.0222686354665397	0.5149169314981071	0.014916931498107133	0.0298338629962142
MoLFormer embeddings	molformer_0296	0.4721107181608692	0.02788928183913081	-0.0557785636782615	0.4940423190670425	0.00595768093295751	-0.0119153618659149
MoLFormer embeddings	molformer_0297	0.5584827324451943	0.05848273244519431	0.1169654648903886	0.5416012653253233	0.04160126532532327	0.0832025306506465
MoLFormer embeddings	molformer_0298	0.3906094570201449	0.10939054297985512	-0.2187810859597101	0.4102610012094849	0.08973899879051511	-0.1794779975810301
MoLFormer embeddings	molformer_0299	0.48600389096564	0.013996109034359994	-0.0279922180687199	0.5023685257071263	0.002368525707126312	0.0047370514142526
MoLFormer embeddings	molformer_0300	0.521302623832298	0.021302623832297973	0.0426052476645959	0.5380090306641374	0.03800903066413741	0.0760180613282748
MoLFormer embeddings	molformer_0301	0.5297955825110071	0.029795582511007113	0.0595911650220142	0.5409258425041852	0.040925842504185184	0.0818516850083703
MoLFormer embeddings	molformer_0302	0.5414131788281952	0.041413178828195174	0.0828263576563903	0.5265360810108526	0.026536081010852586	0.0530721620217051
MoLFormer embeddings	molformer_0303	0.4607723525261556	0.039227647473844385	-0.0784552949476886	0.4628897245401083	0.037110275459891706	-0.0742205509197833
MoLFormer embeddings	molformer_0304	0.5322665058684241	0.032266505868424056	0.0645330117368481	0.5348445442377019	0.03484454423770189	0.0696890884754037
MoLFormer embeddings	molformer_0305	0.5331713764812877	0.03317137648128765	0.0663427529625753	0.5359064361958591	0.03590643619585909	0.0718128723917181
MoLFormer embeddings	molformer_0306	0.4701222298732417	0.029877770126758296	-0.0597555402535164	0.4606434964084985	0.0393565035915015	-0.0787130071830028
MoLFormer embeddings	molformer_0307	0.5370357393360536	0.03703573933605364	0.0740714786721072	0.5211678919886583	0.021167891988658316	0.0423357839773166
MoLFormer embeddings	molformer_0308	0.5381464228119888	0.03814642281198877	0.0762928456239775	0.5245573238357681	0.02455732383576814	0.0491146476715362
MoLFormer embeddings	molformer_0309	0.4370958965632365	0.0629041034367635	-0.125808206873527	0.4582993862245419	0.041700613775458084	-0.0834012275509161
MoLFormer embeddings	molformer_0310	0.5579698025059283	0.057969802505928314	0.1159396050118566	0.5554639301337707	0.05546393013377071	0.1109278602675414
MoLFormer embeddings	molformer_0311	0.4305778978558852	0.06942210214411482	-0.1388442042882296	0.4386162953160908	0.06138370468390919	-0.1227674093678183
MoLFormer embeddings	molformer_0312	0.6013885920416991	0.10138859204169914	0.2027771840833983	0.581710690861057	0.08171069086105698	0.1634213817221139
MoLFormer embeddings	molformer_0313	0.5037281078170958	0.0037281078170957604	0.0074562156341915	0.4939707588549896	0.006029241145010411	-0.0120584822900207
MoLFormer embeddings	molformer_0314	0.4319685409205253	0.06803145907947472	-0.1360629181589494	0.4379112512596357	0.0620887487403643	-0.1241774974807286
MoLFormer embeddings	molformer_0315	0.5190030988783674	0.019003098878367375	0.0380061977567347	0.5139032107072847	0.01390321070728473	0.0278064214145694
MoLFormer embeddings	molformer_0316	0.4438511336192668	0.05614886638073319	-0.1122977327614662	0.4631757454286515	0.036824254571348525	-0.073648509142697
MoLFormer embeddings	molformer_0317	0.4290711753279232	0.07092882467207678	-0.1418576493441534	0.4313041027463871	0.06869589725361291	-0.1373917945072258
MoLFormer embeddings	molformer_0318	0.4176147177152004	0.08238528228479958	-0.1647705645695991	0.4199912837315483	0.08000871626845169	-0.1600174325369032
MoLFormer embeddings	molformer_0319	0.5190605082665898	0.019060508266589782	0.0381210165331795	0.5080282346095687	0.008028234609568696	0.0160564692191373
MoLFormer embeddings	molformer_0320	0.5034962056121435	0.003496205612143477	0.0069924112242869	0.5026556463940106	0.0026556463940106134	0.0053112927880212
MoLFormer embeddings	molformer_0321	0.5508243255575054	0.05082432555750538	0.1016486511150107	0.5366757817953166	0.03667578179531661	0.0733515635906332
MoLFormer embeddings	molformer_0322	0.5384733257956789	0.03847332579567886	0.0769466515913577	0.5359072427146425	0.03590724271464252	0.071814485429285
MoLFormer embeddings	molformer_0323	0.4640354594268925	0.035964540573107495	-0.0719290811462149	0.4726028502080525	0.027397149791947517	-0.0547942995838949
MoLFormer embeddings	molformer_0324	0.428042143102777	0.071957856897223	-0.1439157137944459	0.4356383346882849	0.06436166531171511	-0.1287233306234301
MoLFormer embeddings	molformer_0325	0.4854252861165542	0.014574713883445778	-0.0291494277668915	0.4576066599095056	0.04239334009049439	-0.0847866801809886
MoLFormer embeddings	molformer_0326	0.4848123034824104	0.01518769651758961	-0.0303753930351791	0.4656836522455242	0.034316347754475784	-0.0686326955089514
MoLFormer embeddings	molformer_0327	0.5361086072850996	0.03610860728509957	0.0722172145701991	0.5249391738197551	0.02493917381975508	0.0498783476395101
MoLFormer embeddings	molformer_0328	0.4631889425713301	0.03681105742866991	-0.0736221148573397	0.4743790978486185	0.02562090215138152	-0.051241804302763
MoLFormer embeddings	molformer_0329	0.5162930759400092	0.016293075940009172	0.0325861518800183	0.5038768624718305	0.0038768624718305	0.007753724943661
MoLFormer embeddings	molformer_0330	0.5523533278608215	0.052353327860821475	0.1047066557216429	0.5341255694022611	0.03412556940226108	0.0682511388045221
MoLFormer embeddings	molformer_0331	0.4524494261247896	0.04755057387521039	-0.0951011477504206	0.4709521262181366	0.02904787378186341	-0.0580957475637267
MoLFormer embeddings	molformer_0332	0.5226602781596029	0.02266027815960292	0.0453205563192058	0.5464264472466328	0.04642644724663281	0.0928528944932656
MoLFormer embeddings	molformer_0333	0.456323769035306	0.043676230964693974	-0.0873524619293879	0.4757978377084778	0.024202162291522222	-0.0484043245830443
MoLFormer embeddings	molformer_0334	0.5065591291897541	0.006559129189754098	0.0131182583795081	0.4960562697890381	0.003943730210961893	-0.0078874604219236
MoLFormer embeddings	molformer_0335	0.5343590627116721	0.034359062711672106	0.0687181254233442	0.5276483437330264	0.02764834373302638	0.0552966874660527
MoLFormer embeddings	molformer_0336	0.4589513338832739	0.041048666116726085	-0.082097332233452	0.4694663719793672	0.030533628020632808	-0.0610672560412656
MoLFormer embeddings	molformer_0337	0.4978760726829352	0.0021239273170647888	-0.0042478546341295	0.4995945410116267	0.0004054589883732973	-0.0008109179767464
MoLFormer embeddings	molformer_0338	0.4396119066676922	0.060388093332307824	-0.1207761866646155	0.4367196564171327	0.06328034358286733	-0.1265606871657345
MoLFormer embeddings	molformer_0339	0.5800354903068445	0.08003549030684454	0.160070980613689	0.5662713551509861	0.06627135515098614	0.1325427103019723
MoLFormer embeddings	molformer_0340	0.5553570083238433	0.05535700832384327	0.1107140166476865	0.5371404099344345	0.03714040993443446	0.0742808198688689
MoLFormer embeddings	molformer_0341	0.5732806108274555	0.07328061082745552	0.146561221654911	0.5536670796042837	0.05366707960428374	0.1073341592085674
MoLFormer embeddings	molformer_0342	0.4520531165981236	0.04794688340187642	-0.0958937668037527	0.4724419863707124	0.027558013629287614	-0.0551160272585752
MoLFormer embeddings	molformer_0343	0.5569043845653529	0.05690438456535285	0.1138087691307057	0.5448946481173212	0.044894648117321245	0.0897892962346424
MoLFormer embeddings	molformer_0344	0.5113916491386112	0.011391649138611237	0.0227832982772224	0.5083009845981308	0.008300984598130778	0.0166019691962615
MoLFormer embeddings	molformer_0345	0.4869415211000429	0.013058478899957093	-0.0261169577999141	0.4838383900594653	0.016161609940534727	-0.0323232198810693
MoLFormer embeddings	molformer_0346	0.404111028390696	0.09588897160930399	-0.1917779432186079	0.4220580247739108	0.0779419752260892	-0.1558839504521784
MoLFormer embeddings	molformer_0347	0.5901926015064044	0.0901926015064044	0.1803852030128088	0.5722090930740272	0.07220909307402723	0.1444181861480544
MoLFormer embeddings	molformer_0348	0.4861921367301195	0.013807863269880483	-0.0276157265397609	0.498365259745973	0.0016347402540269895	-0.0032694805080539
MoLFormer embeddings	molformer_0349	0.5416075079798958	0.041607507979895764	0.0832150159597915	0.5217435997602147	0.02174359976021467	0.0434871995204293
MoLFormer embeddings	molformer_0350	0.4346302130789121	0.06536978692108791	-0.1307395738421757	0.4572443863359881	0.04275561366401193	-0.0855112273280238
MoLFormer embeddings	molformer_0351	0.4302317682512412	0.06976823174875879	-0.1395364634975174	0.4544385808084896	0.04556141919151041	-0.0911228383830207
MoLFormer embeddings	molformer_0352	0.5021462529355781	0.00214625293557813	0.0042925058711562	0.5223119755428312	0.022311975542831153	0.0446239510856623
MoLFormer embeddings	molformer_0353	0.5633519819331743	0.06335198193317426	0.1267039638663485	0.5655029627100908	0.06550296271009082	0.1310059254201816
MoLFormer embeddings	molformer_0354	0.5276091113718935	0.02760911137189348	0.0552182227437869	0.5340836304255251	0.03408363042552509	0.0681672608510501
MoLFormer embeddings	molformer_0355	0.5043635352619666	0.0043635352619666445	0.0087270705239332	0.4758657319260607	0.024134268073939313	-0.0482685361478786
MoLFormer embeddings	molformer_0356	0.4603753966109454	0.0396246033890546	-0.0792492067781092	0.4503553228480026	0.049644677151997385	-0.0992893543039947
MoLFormer embeddings	molformer_0357	0.5354573731189486	0.03545737311894859	0.0709147462378971	0.5308565288135434	0.030856528813543393	0.0617130576270867
MoLFormer embeddings	molformer_0358	0.4290545205081985	0.07094547949180152	-0.1418909589836029	0.4439989283564965	0.056001071643503486	-0.1120021432870069
MoLFormer embeddings	molformer_0359	0.5377256422069605	0.03772564220696051	0.075451284413921	0.5453965960801428	0.04539659608014279	0.0907931921602855
MoLFormer embeddings	molformer_0360	0.555505045053419	0.05550504505341902	0.111010090106838	0.5364801643304018	0.0364801643304018	0.0729603286608036
MoLFormer embeddings	molformer_0361	0.4857693986221948	0.014230601377805185	-0.0284612027556103	0.4874659649073412	0.012534035092658824	-0.0250680701853175
MoLFormer embeddings	molformer_0362	0.4667293226516449	0.03327067734835509	-0.06654135469671	0.4746030167908412	0.025396983209158785	-0.0507939664183175
MoLFormer embeddings	molformer_0363	0.4989189999696243	0.0010810000303757006	-0.0021620000607512	0.5130578323825211	0.013057832382521117	0.0261156647650422
MoLFormer embeddings	molformer_0364	0.4801015979760868	0.019898402023913186	-0.0397968040478262	0.4862196734273469	0.013780326572653101	-0.027560653145306
MoLFormer embeddings	molformer_0365	0.4905966695293274	0.0094033304706726	-0.018806660941345	0.4826085222346964	0.017391477765303587	-0.0347829555306071
MoLFormer embeddings	molformer_0366	0.4560735524882672	0.0439264475117328	-0.0878528950234656	0.4760572434771694	0.02394275652283062	-0.0478855130456612
MoLFormer embeddings	molformer_0367	0.6053503853626387	0.10535038536263874	0.2107007707252775	0.5961036051096338	0.09610360510963378	0.1922072102192675
MoLFormer embeddings	molformer_0368	0.4684879166646916	0.031512083335308416	-0.0630241666706168	0.4672238098422274	0.03277619015777261	-0.0655523803155452
MoLFormer embeddings	molformer_0369	0.4602790388746964	0.0397209611253036	-0.079441922250607	0.4943355253047468	0.005664474695253219	-0.0113289493905064
MoLFormer embeddings	molformer_0370	0.5176806979404602	0.017680697940460233	0.0353613958809204	0.5137617033207458	0.013761703320745777	0.0275234066414915
MoLFormer embeddings	molformer_0371	0.5506956621469926	0.050695662146992615	0.1013913242939852	0.5651598256277062	0.06515982562770617	0.1303196512554123
MoLFormer embeddings	molformer_0372	0.5083797260755716	0.00837972607557158	0.0167594521511431	0.5115823429282673	0.01158234292826732	0.0231646858565346
MoLFormer embeddings	molformer_0373	0.5538531784992246	0.05385317849922455	0.1077063569984491	0.5567668245683804	0.05676682456838045	0.1135336491367609
MoLFormer embeddings	molformer_0374	0.4988150643591652	0.0011849356408348277	-0.0023698712816695	0.4876351872120728	0.012364812787927226	-0.0247296255758544
MoLFormer embeddings	molformer_0375	0.538340609849896	0.03834060984989596	0.0766812196997919	0.5241913109478913	0.024191310947891287	0.0483826218957825
MoLFormer embeddings	molformer_0376	0.5131163742256666	0.013116374225666583	0.0262327484513331	0.5177939306382116	0.017793930638211553	0.0355878612764231
MoLFormer embeddings	molformer_0377	0.4628004034601426	0.03719959653985738	-0.0743991930797147	0.4497487474030095	0.05025125259699048	-0.1005025051939809
MoLFormer embeddings	molformer_0378	0.5034884489496126	0.0034884489496126436	0.0069768978992252	0.5027366648717958	0.002736664871795802	0.0054733297435916
MoLFormer embeddings	molformer_0379	0.4925510550908521	0.007448944909147881	-0.0148978898182957	0.4727917955630323	0.027208204436967698	-0.0544164088739353
MoLFormer embeddings	molformer_0380	0.5016638499560002	0.0016638499560002185	0.0033276999120004	0.5029704819990873	0.0029704819990873377	0.0059409639981746
MoLFormer embeddings	molformer_0381	0.4696282010684995	0.030371798931500493	-0.0607435978630009	0.4759236546386854	0.02407634536131459	-0.048152690722629
MoLFormer embeddings	molformer_0382	0.4611657189220032	0.0388342810779968	-0.0776685621559936	0.4739928486712677	0.026007151328732325	-0.0520143026574646
MoLFormer embeddings	molformer_0383	0.5005107707264693	0.0005107707264693229	0.0010215414529386	0.5227837157112205	0.02278371571122051	0.045567431422441
MoLFormer embeddings	molformer_0384	0.514857960426663	0.014857960426662986	0.0297159208533259	0.4907968874827111	0.009203112517288892	-0.0184062250345777
MoLFormer embeddings	molformer_0385	0.5153713579661525	0.015371357966152521	0.030742715932305	0.5073576509011307	0.007357650901130719	0.0147153018022614
MoLFormer embeddings	molformer_0386	0.5692039941457552	0.06920399414575518	0.1384079882915103	0.5513179103479586	0.05131791034795863	0.1026358206959172
MoLFormer embeddings	molformer_0387	0.5214351472368123	0.02143514723681228	0.0428702944736245	0.5181941839144375	0.0181941839144375	0.036388367828875
MoLFormer embeddings	molformer_0388	0.493681130223114	0.006318869776886005	-0.012637739553772	0.51208781024578	0.012087810245779984	0.0241756204915599
MoLFormer embeddings	molformer_0389	0.5024344138654578	0.0024344138654578407	0.0048688277309156	0.5038053022597777	0.0038053022597777098	0.0076106045195554
MoLFormer embeddings	molformer_0390	0.4015398873030282	0.0984601126969718	-0.1969202253939435	0.4070698263433083	0.0929301736566917	-0.1858603473133833
MoLFormer embeddings	molformer_0391	0.5522908665564592	0.0522908665564592	0.1045817331129184	0.5392041448613316	0.039204144861331613	0.0784082897226632
MoLFormer embeddings	molformer_0392	0.4900056549370556	0.009994345062944388	-0.0199886901258887	0.5024670676384778	0.0024670676384778156	0.0049341352769556
MoLFormer embeddings	molformer_0393	0.3871566878013105	0.11284331219868948	-0.2256866243973789	0.4150199019507783	0.08498009804922169	-0.1699601960984433
MoLFormer embeddings	molformer_0394	0.488680155001589	0.011319844998410988	-0.0226396899968218	0.5083267931991989	0.008326793199198934	0.0166535863983978
MoLFormer embeddings	molformer_0395	0.4917821277821766	0.008217872217823385	-0.0164357444356467	0.4877693626096718	0.012230637390328203	-0.0244612747806562
MoLFormer embeddings	molformer_0396	0.5382258690068218	0.03822586900682179	0.0764517380136435	0.544469686038368	0.044469686038367984	0.0889393720767359
MoLFormer embeddings	molformer_0397	0.5570845344279236	0.057084534427923606	0.1141690688558472	0.5342656103910121	0.03426561039101206	0.0685312207820241
MoLFormer embeddings	molformer_0398	0.5954824482267761	0.0954824482267761	0.1909648964535522	0.5667040891382157	0.06670408913821568	0.1334081782764313
MoLFormer embeddings	molformer_0399	0.497141500237738	0.00285849976226199	-0.0057169995245239	0.5203281592953782	0.020328159295378234	0.0406563185907564
MoLFormer embeddings	molformer_0400	0.606419599116793	0.106419599116793	0.212839198233586	0.5862982430208263	0.08629824302082634	0.1725964860416526
MoLFormer embeddings	molformer_0401	0.4277765003326792	0.07222349966732078	-0.1444469993346415	0.457542505006282	0.04245749499371798	-0.0849149899874359
MoLFormer embeddings	molformer_0402	0.576830677567302	0.076830677567302	0.153661355134604	0.5629137441358752	0.06291374413587525	0.1258274882717505
MoLFormer embeddings	molformer_0403	0.5075925256836529	0.007592525683652873	0.0151850513673057	0.5327229599180694	0.032722959918069394	0.0654459198361387
MoLFormer embeddings	molformer_0404	0.4272940790158375	0.07270592098416251	-0.1454118419683249	0.4376734015384272	0.06232659846157279	-0.1246531969231455
MoLFormer embeddings	molformer_0405	0.5370916771588669	0.037091677158866854	0.0741833543177337	0.5436633138947642	0.04366331389476419	0.0873266277895283
MoLFormer embeddings	molformer_0406	0.5242785462624453	0.0242785462624453	0.0485570925248906	0.5146646377586872	0.014664637758687205	0.0293292755173744
MoLFormer embeddings	molformer_0407	0.3783515188714236	0.1216484811285764	-0.2432969622571528	0.3981538345129037	0.1018461654870963	-0.2036923309741924
MoLFormer embeddings	molformer_0408	0.4810243107464974	0.018975689253502626	-0.0379513785070051	0.5010666577509681	0.0010666577509681474	0.0021333155019362
MoLFormer embeddings	molformer_0409	0.4982756783327451	0.0017243216672548911	-0.0034486433345097	0.4849051944502123	0.015094805549787704	-0.0301896110995754
MoLFormer embeddings	molformer_0410	0.4162094506827866	0.08379054931721341	-0.1675810986344268	0.4092143597883225	0.09078564021167751	-0.1815712804233549
MoLFormer embeddings	molformer_0411	0.5169988542969348	0.016998854296934818	0.0339977085938696	0.4886412827343978	0.011358717265602225	-0.0227174345312043
MoLFormer embeddings	molformer_0412	0.4373598568893929	0.06264014311060712	-0.1252802862212141	0.4562526615119852	0.04374733848801482	-0.0874946769760296
MoLFormer embeddings	molformer_0413	0.5035430114776509	0.0035430114776509036	0.0070860229553018	0.5168701733516808	0.01687017335168084	0.0337403467033616
MoLFormer embeddings	molformer_0414	0.4834443069383978	0.016555693061602206	-0.0331113861232043	0.4810842017341034	0.01891579826589662	-0.0378315965317932
MoLFormer embeddings	molformer_0415	0.443112206073949	0.05688779392605098	-0.1137755878521019	0.4592647892082507	0.0407352107917493	-0.0814704215834984
MoLFormer embeddings	molformer_0416	0.4367664401155808	0.0632335598844192	-0.1264671197688383	0.4410002181999908	0.0589997818000092	-0.1179995636000184
MoLFormer embeddings	molformer_0417	0.508242815480725	0.00824281548072503	0.01648563096145	0.4995691723298949	0.00043082767010510503	-0.0008616553402102
MoLFormer embeddings	molformer_0418	0.3976653289296639	0.10233467107033611	-0.2046693421406722	0.4044300170454079	0.09556998295459213	-0.1911399659091841
MoLFormer embeddings	molformer_0419	0.4709698836391514	0.029030116360848623	-0.0580602327216972	0.4803205017661294	0.019679498233870607	-0.0393589964677411
MoLFormer embeddings	molformer_0420	0.4828840576902417	0.017115942309758325	-0.0342318846195165	0.4912410593726867	0.008758940627313305	-0.0175178812546266
MoLFormer embeddings	molformer_0421	0.4247267474946966	0.07527325250530342	-0.1505465050106068	0.4190566017814973	0.08094339821850272	-0.1618867964370053
MoLFormer embeddings	molformer_0422	0.4369576886069857	0.0630423113930143	-0.1260846227860286	0.4519036922723183	0.0480963077276817	-0.0961926154553634
MoLFormer embeddings	molformer_0423	0.4879650567304052	0.012034943269594811	-0.0240698865391896	0.4940122579123892	0.005987742087610826	-0.0119754841752216
MoLFormer embeddings	molformer_0424	0.4420730516792592	0.0579269483207408	-0.1158538966414814	0.4435474977974705	0.05645250220252951	-0.112905004405059
MoLFormer embeddings	molformer_0425	0.5036453150716436	0.0036453150716435623	0.0072906301432871	0.4991447968100569	0.0008552031899430879	-0.0017104063798861
MoLFormer embeddings	molformer_0426	0.4773716011732805	0.02262839882671952	-0.045256797653439	0.4980228558624824	0.0019771441375175947	-0.0039542882750351
MoLFormer embeddings	molformer_0427	0.5400320665563454	0.04003206655634539	0.0800641331126907	0.5330946917573194	0.03309469175731938	0.0661893835146387
MoLFormer embeddings	molformer_0428	0.452693238382493	0.04730676161750702	-0.094613523235014	0.4458202677290426	0.054179732270957404	-0.1083594645419148
MoLFormer embeddings	molformer_0429	0.4798614669240644	0.020138533075935605	-0.0402770661518712	0.5021498857969403	0.0021498857969403096	0.0042997715938806
MoLFormer embeddings	molformer_0430	0.4130979012662495	0.08690209873375049	-0.1738041974675009	0.4308209979951409	0.0691790020048591	-0.1383580040097181
MoLFormer embeddings	molformer_0431	0.4623613360189234	0.037638663981076625	-0.0752773279621532	0.4741824539052519	0.025817546094748123	-0.0516350921894961
MoLFormer embeddings	molformer_0432	0.4028280800755663	0.09717191992443369	-0.1943438398488672	0.4140448940615582	0.0859551059384418	-0.1719102118768836
MoLFormer embeddings	molformer_0433	0.5358915353421372	0.03589153534213718	0.0717830706842743	0.5022072219504499	0.002207221950449867	0.0044144439008997
MoLFormer embeddings	molformer_0434	0.5031598451847176	0.003159845184717569	0.0063196903694351	0.5056281080301116	0.0056281080301116004	0.0112562160602232
MoLFormer embeddings	molformer_0435	0.5103337632290865	0.010333763229086523	0.020667526458173	0.509499618150016	0.009499618150015987	0.0189992363000319
MoLFormer embeddings	molformer_0436	0.4773434488892372	0.022656551110762813	-0.0453131022215255	0.4909598042769544	0.009040195723045596	-0.018080391446091
MoLFormer embeddings	molformer_0437	0.4762868695097487	0.02371313049025131	-0.0474262609805025	0.4768501247611238	0.023149875238876183	-0.0462997504777523
MoLFormer embeddings	molformer_0438	0.4054252829992193	0.09457471700078068	-0.1891494340015612	0.4067469255503977	0.09325307444960229	-0.1865061488992044
MoLFormer embeddings	molformer_0439	0.4499533165357274	0.0500466834642726	-0.100093366928545	0.4271662214682982	0.07283377853170181	-0.1456675570634035
MoLFormer embeddings	molformer_0440	0.4016744415594937	0.09832555844050628	-0.1966511168810125	0.4090862699415434	0.0909137300584566	-0.1818274601169131
MoLFormer embeddings	molformer_0441	0.5398759751837043	0.03987597518370434	0.0797519503674086	0.5278097941294817	0.027809794129481702	0.0556195882589634
MoLFormer embeddings	molformer_0442	0.4214950110677763	0.07850498893222368	-0.1570099778644472	0.4350659996316409	0.06493400036835911	-0.1298680007367182
MoLFormer embeddings	molformer_0443	0.5097340888640485	0.009734088864048474	0.0194681777280969	0.5087574742295252	0.00875747422952522	0.0175149484590504
MoLFormer embeddings	molformer_0444	0.5170487958345292	0.01704879583452923	0.0340975916690584	0.523331122005469	0.02333112200546905	0.0466622440109381
MoLFormer embeddings	molformer_0445	0.5656716182810306	0.06567161828103063	0.1313432365620612	0.5526559983294796	0.05265599832947965	0.1053119966589593
MoLFormer embeddings	molformer_0446	0.4708708074035639	0.029129192596436093	-0.0582583851928721	0.4675624010914692	0.03243759890853082	-0.0648751978170616
MoLFormer embeddings	molformer_0447	0.5198401903804054	0.01984019038040541	0.0396803807608108	0.5106552862467137	0.010655286246713747	0.0213105724934274
MoLFormer embeddings	molformer_0448	0.4949925012969259	0.005007498703074098	-0.010014997406148	0.49199874710973	0.008001252890269983	-0.0160025057805399
MoLFormer embeddings	molformer_0449	0.4157043278335264	0.0842956721664736	-0.1685913443329471	0.4344782673982231	0.0655217326017769	-0.1310434652035537
MoLFormer embeddings	molformer_0450	0.5129882013369571	0.012988201336957106	0.0259764026739142	0.5018624718304985	0.00186247183049848	0.0037249436609969
MoLFormer embeddings	molformer_0451	0.5537991935949919	0.053799193594991856	0.1075983871899837	0.5458659900120715	0.04586599001207148	0.0917319800241429
MoLFormer embeddings	molformer_0452	0.5050358664499653	0.005035866449965343	0.0100717328999306	0.5317321149327392	0.0317321149327392	0.0634642298654784
MoLFormer embeddings	molformer_0453	0.4560679000267421	0.04393209997325792	-0.0878641999465157	0.4503386792331091	0.04966132076689089	-0.0993226415337817
MoLFormer embeddings	molformer_0454	0.5549711006099918	0.054971100609991774	0.1099422012199835	0.5624444968437254	0.06244449684372544	0.1248889936874508
MoLFormer embeddings	molformer_0455	0.602032087882583	0.102032087882583	0.204064175765166	0.5903015089819798	0.09030150898197975	0.1806030179639595
MoLFormer embeddings	molformer_0456	0.4802913611491347	0.019708638850865323	-0.0394172777017305	0.4721706294600488	0.027829370539951215	-0.0556587410799023
MoLFormer embeddings	molformer_0457	0.4883399529174252	0.011660047082574787	-0.0233200941651495	0.5129836326544498	0.012983632654449795	0.0259672653088995
MoLFormer embeddings	molformer_0458	0.5335084520619964	0.033508452061996374	0.0670169041239927	0.5602450468015518	0.06024504680155185	0.1204900936031037
MoLFormer embeddings	molformer_0459	0.4568679731777543	0.043132026822245706	-0.0862640536444913	0.4521290042924396	0.047870995707560426	-0.0957419914151207
MoLFormer embeddings	molformer_0460	0.4796254021602598	0.020374597839740216	-0.0407491956794803	0.4849285101750409	0.015071489824959095	-0.0301429796499181
MoLFormer embeddings	molformer_0461	0.5025666576267013	0.002566657626701274	0.0051333152534025	0.496349036107406	0.0036509638925940058	-0.007301927785188
MoLFormer embeddings	molformer_0462	0.5443162518941131	0.044316251894113146	0.0886325037882262	0.5276404251849715	0.02764042518497145	0.0552808503699429
MoLFormer embeddings	molformer_0463	0.4954776594503697	0.004522340549630299	-0.0090446810992605	0.4902986055143595	0.009701394485640502	-0.0194027889712808
MoLFormer embeddings	molformer_0464	0.5194741740133156	0.019474174013315637	0.0389483480266312	0.5341994758507747	0.03419947585077465	0.0683989517015493
MoLFormer embeddings	molformer_0465	0.5015096289842531	0.0015096289842531085	0.0030192579685062	0.5059207277087007	0.005920727708700668	0.0118414554174013
MoLFormer embeddings	molformer_0466	0.5123547864067735	0.012354786406773455	0.0247095728135469	0.50022303910355	0.00022303910355003786	0.0004460782071
MoLFormer embeddings	molformer_0467	0.4583343491413352	0.041665650858664804	-0.0833313017173296	0.4517063884499471	0.048293611550052906	-0.0965872231001057
MoLFormer embeddings	molformer_0468	0.4945149943667467	0.005485005633253326	-0.0109700112665065	0.4978658046593909	0.002134195340609102	-0.004268390681218
MoLFormer embeddings	molformer_0469	0.4860921573842964	0.013907842615703603	-0.027815685231407	0.4937032878984643	0.006296712101535706	-0.0125934242030714
MoLFormer embeddings	molformer_0470	0.5500618942244835	0.05006189422448348	0.1001237884489669	0.5401341343384611	0.040134134338461136	0.0802682686769222
MoLFormer embeddings	molformer_0471	0.57872733283849	0.07872733283848998	0.1574546656769799	0.5697481109863696	0.06974811098636957	0.1394962219727391
MoLFormer embeddings	molformer_0472	0.4997953240472758	0.00020467595272422034	-0.0004093519054484	0.5340424246476833	0.034042424647683256	0.0680848492953665
MoLFormer embeddings	molformer_0473	0.5061787455765822	0.006178745576582156	0.0123574911531643	0.4961875123910613	0.0038124876089387083	-0.0076249752178774
MoLFormer embeddings	molformer_0474	0.4294282797848712	0.07057172021512881	-0.1411434404302575	0.4358436303786004	0.06415636962139959	-0.1283127392427991
MoLFormer embeddings	molformer_0475	0.4933637030204233	0.0066362969795766835	-0.0132725939591533	0.4860202433281833	0.013979756671816723	-0.0279595133436333
MoLFormer embeddings	molformer_0476	0.5158100769993621	0.0158100769993621	0.0316201539987242	0.5119351582360525	0.011935158236052512	0.023870316472105
MoLFormer embeddings	molformer_0477	0.5050477169066097	0.005047716906609656	0.0100954338132193	0.5053212642929792	0.005321264292979189	0.0106425285859583
MoLFormer embeddings	molformer_0478	0.46496953671646	0.03503046328353998	-0.0700609265670799	0.4714985060339336	0.028501493966066382	-0.0570029879321327
MoLFormer embeddings	molformer_0479	0.4984533985078803	0.0015466014921197146	-0.0030932029842394	0.4906429157149745	0.009357084285025519	-0.018714168570051
MoLFormer embeddings	molformer_0480	0.5236627626112766	0.023662762611276644	0.0473255252225532	0.4993267767755438	0.0006732232244561764	-0.0013464464489123
MoLFormer embeddings	molformer_0481	0.5691024102893614	0.06910241028936137	0.1382048205787227	0.5590752279662001	0.05907522796620013	0.1181504559324002
MoLFormer embeddings	molformer_0482	0.5650842023767533	0.06508420237675328	0.1301684047535065	0.548071159005618	0.04807115900561798	0.0961423180112359
MoLFormer embeddings	molformer_0483	0.4523449449807365	0.04765505501926348	-0.0953101100385269	0.4738457689731344	0.026154231026865593	-0.0523084620537311
MoLFormer embeddings	molformer_0484	0.5509455440389696	0.05094554403896956	0.1018910880779391	0.5467851281455699	0.0467851281455699	0.0935702562911398
MoLFormer embeddings	molformer_0485	0.6033427071285847	0.10334270712858473	0.2066854142571694	0.5816289391843777	0.08162893918437775	0.1632578783687555
MoLFormer embeddings	molformer_0486	0.4173393470267277	0.0826606529732723	-0.1653213059465444	0.417008483991042	0.08299151600895799	-0.1659830320179158
MoLFormer embeddings	molformer_0487	0.5687641840453576	0.06876418404535756	0.1375283680907151	0.5663992250380969	0.06639922503809692	0.1327984500761938
MoLFormer embeddings	molformer_0488	0.4306514211145541	0.06934857888544588	-0.1386971577708917	0.4390776240601856	0.06092237593981442	-0.1218447518796287
MoLFormer embeddings	molformer_0489	0.4971358523605288	0.002864147639471182	-0.0057282952789423	0.5053922379459169	0.005392237945916922	0.0107844758918338
MoLFormer embeddings	molformer_0490	0.5016402361447143	0.0016402361447143132	0.0032804722894286	0.495351958931477	0.004648041068523012	-0.009296082137046
MoLFormer embeddings	molformer_0491	0.622148529140117	0.12214852914011698	0.2442970582802339	0.5942714143934569	0.09427141439345688	0.1885428287869137
MoLFormer embeddings	molformer_0492	0.4821386020790587	0.017861397920941324	-0.0357227958418825	0.4906446753923201	0.009355324607679905	-0.0187106492153598
MoLFormer embeddings	molformer_0493	0.5502025822956452	0.050202582295645226	0.1004051645912904	0.5193460393768865	0.019346039376886504	0.038692078753773
MoLFormer embeddings	molformer_0494	0.4838783637223203	0.016121636277679707	-0.0322432725553593	0.4860870377474253	0.013912962252574712	-0.0278259245051494
MoLFormer embeddings	molformer_0495	0.5350212121340204	0.03502121213402043	0.0700424242680408	0.5233488654187035	0.023348865418703513	0.046697730837407
MoLFormer embeddings	molformer_0496	0.5437083761879006	0.04370837618790058	0.0874167523758011	0.5445991689630456	0.04459916896304561	0.0891983379260912
MoLFormer embeddings	molformer_0497	0.5113630063327648	0.011363006332764769	0.0227260126655295	0.5133336618064379	0.013333661806437913	0.0266673236128758
MoLFormer embeddings	molformer_0498	0.5450479087143876	0.045047908714387574	0.0900958174287751	0.5255122420752931	0.025512242075293123	0.0510244841505862
MoLFormer embeddings	molformer_0499	0.4921098972015749	0.007890102798425114	-0.0157802055968501	0.4992690007026978	0.0007309992973021928	-0.0014619985946043
MoLFormer embeddings	molformer_0500	0.5605662811076665	0.060566281107666486	0.1211325622153329	0.5539132877928836	0.053913287792883624	0.1078265755857672
MoLFormer embeddings	molformer_0501	0.4801936143651629	0.01980638563483711	-0.0396127712696741	0.488400793497171	0.011599206502828974	-0.0231984130056579
MoLFormer embeddings	molformer_0502	0.5807578684717037	0.08075786847170374	0.1615157369434074	0.5679685639507807	0.06796856395078066	0.1359371279015613
MoLFormer embeddings	molformer_0503	0.4476898976539552	0.05231010234604477	-0.1046202046920895	0.4604436263899985	0.03955637361000153	-0.079112747220003
MoLFormer embeddings	molformer_0504	0.5537104504074801	0.053710450407480126	0.1074209008149602	0.5730389275822385	0.07303892758223851	0.146077855164477
MoLFormer embeddings	molformer_0505	0.4243708991403096	0.07562910085969038	-0.1512582017193807	0.4430898350478456	0.056910164952154396	-0.1138203299043086
MoLFormer embeddings	molformer_0506	0.4905477365412347	0.00945226345876532	-0.0189045269175306	0.5003668927265497	0.0003668927265496613	0.0007337854530993
MoLFormer embeddings	molformer_0507	0.4658802019046421	0.03411979809535792	-0.0682395961907158	0.4919922949594629	0.008007705040537105	-0.0160154100810742
MoLFormer embeddings	molformer_0508	0.570007221306118	0.07000722130611803	0.140014442612236	0.545654828730604	0.045654828730604	0.091309657461208
MoLFormer embeddings	molformer_0509	0.5251702644729443	0.025170264472944348	0.0503405289458886	0.5270966848851928	0.02709668488519279	0.0541933697703855
MoLFormer embeddings	molformer_0510	0.5232114000347694	0.023211400034769403	0.0464228000695388	0.5203530147378843	0.020353014737884312	0.0407060294757686
MoLFormer embeddings	molformer_0511	0.4195892880197054	0.08041071198029459	-0.1608214239605891	0.4427816715527041	0.05721832844729591	-0.1144366568945918
MoLFormer embeddings	molformer_0512	0.5398138668716674	0.039813866871667436	0.0796277337433348	0.5240948219734429	0.024094821973442926	0.0481896439468858
MoLFormer embeddings	molformer_0513	0.4255060491102911	0.0744939508897089	-0.1489879017794178	0.4361436553660187	0.06385634463398132	-0.1277126892679625
MoLFormer embeddings	molformer_0514	0.4731902924689949	0.02680970753100509	-0.05361941506201	0.4576112790625377	0.04238872093746232	-0.0847774418749245
MoLFormer embeddings	molformer_0515	0.4756380833682971	0.024361916631702896	-0.0487238332634056	0.4826274387661612	0.01737256123383879	-0.0347451224676775
MoLFormer embeddings	molformer_0516	0.5458496505563933	0.04584965055639334	0.0916993011127866	0.5465402397149792	0.046540239714979226	0.0930804794299584
MoLFormer embeddings	molformer_0517	0.432853414747361	0.067146585252639	-0.1342931705052779	0.4220410145595703	0.07795898544042967	-0.1559179708808593
MoLFormer embeddings	molformer_0518	0.5438839463188708	0.043883946318870826	0.0877678926377416	0.5320597081985714	0.0320597081985714	0.0641194163971428
MoLFormer embeddings	molformer_0519	0.4323639198310602	0.0676360801689398	-0.1352721603378794	0.4404498791101663	0.05955012088983369	-0.1191002417796673
MoLFormer embeddings	molformer_0520	0.4948673586410371	0.005132641358962908	-0.0102652827179257	0.5097210442159992	0.009721044215999175	0.0194420884319983
MoLFormer embeddings	molformer_0521	0.5652050403599964	0.06520504035999641	0.1304100807199928	0.540373010538121	0.040373010538121035	0.080746021076242
MoLFormer embeddings	molformer_0522	0.5639628741192602	0.06396287411926016	0.1279257482385203	0.5437109718228732	0.0437109718228732	0.0874219436457464
MoLFormer embeddings	molformer_0523	0.4566441943806061	0.043355805619393895	-0.0867116112387877	0.4820395598929647	0.01796044010703529	-0.0359208802140705
MoLFormer embeddings	molformer_0524	0.5355817410254475	0.03558174102544753	0.071163482050895	0.5163784901733751	0.016378490173375115	0.0327569803467502
MoLFormer embeddings	molformer_0525	0.5294056085089378	0.02940560850893781	0.0588112170178756	0.5276168161805851	0.02761681618058509	0.0552336323611701
MoLFormer embeddings	molformer_0526	0.5727178677114408	0.07271786771144084	0.1454357354228816	0.573522105653374	0.07352210565337403	0.147044211306748
MoLFormer embeddings	molformer_0527	0.4724404496674798	0.027559550332520222	-0.0551191006650403	0.4722454890671247	0.027754510932875287	-0.0555090218657505
MoLFormer embeddings	molformer_0528	0.4930156480030944	0.006984351996905613	-0.0139687039938111	0.4991060839084545	0.000893916091545488	-0.0017878321830908
MoLFormer embeddings	molformer_0529	0.5249926222311798	0.024992622231179817	0.0499852444623596	0.5303317050452296	0.03033170504522964	0.0606634100904592
MoLFormer embeddings	molformer_0530	0.515029977712798	0.015029977712798015	0.030059955425596	0.5063888018826201	0.006388801882620143	0.0127776037652402
MoLFormer embeddings	molformer_0531	0.4284905763014137	0.07150942369858632	-0.1430188473971725	0.4420840328050782	0.057915967194921814	-0.1158319343898436
MoLFormer embeddings	molformer_0532	0.4400923888189011	0.059907611181098885	-0.1198152223621976	0.4556465259863285	0.04435347401367151	-0.088706948027343
MoLFormer embeddings	molformer_0533	0.540592127847549	0.04059212784754895	0.0811842556950979	0.5421611360007697	0.04216113600076965	0.0843222720015393
MoLFormer embeddings	molformer_0534	0.56142360778016	0.06142360778015998	0.1228472155603199	0.5600988469420913	0.06009884694209133	0.1201976938841826
MoLFormer embeddings	molformer_0535	0.5517838870592527	0.05178388705925274	0.1035677741185054	0.5496371252033894	0.049637125203389365	0.0992742504067787
MoLFormer embeddings	molformer_0536	0.6028200492709439	0.1028200492709439	0.2056400985418878	0.5948806293544683	0.09488062935446828	0.1897612587089365
MoLFormer embeddings	molformer_0537	0.4363125745025831	0.0636874254974169	-0.1273748509948338	0.4392818932720497	0.060718106727950305	-0.1214362134559006
MoLFormer embeddings	molformer_0538	0.497052495744219	0.002947504255780997	-0.0058950085115618	0.4858257989814988	0.014174201018501198	-0.0283484020370023
MoLFormer embeddings	molformer_0539	0.5298695183581086	0.029869518358108582	0.0597390367162171	0.5214336032678382	0.021433603267838164	0.0428672065356763
MoLFormer embeddings	molformer_0540	0.5374592888678956	0.037459288867895624	0.0749185777357912	0.5104389925729884	0.010438992572988415	0.0208779851459768
MoLFormer embeddings	molformer_0541	0.5544995441218723	0.0544995441218723	0.1089990882437446	0.5558023014233444	0.055802301423344414	0.1116046028466888
MoLFormer embeddings	molformer_0542	0.4350482247571268	0.06495177524287321	-0.1299035504857463	0.4498579207183237	0.0501420792816763	-0.1002841585633524
MoLFormer embeddings	molformer_0543	0.5388720650097806	0.038872065009780576	0.0777441300195611	0.5492196417531547	0.04921964175315474	0.0984392835063094
MoLFormer embeddings	molformer_0544	0.5272663787453438	0.027266378745343767	0.0545327574906875	0.5265439262390181	0.026543926239018134	0.0530878524780362
MoLFormer embeddings	molformer_0545	0.4364624449585255	0.06353755504147451	-0.1270751100829489	0.4394894618789365	0.060510538121063495	-0.1210210762421269
MoLFormer embeddings	molformer_0546	0.4073660806483675	0.09263391935163251	-0.185267838703265	0.4267528439318699	0.07324715606813009	-0.14649431213626
MoLFormer embeddings	molformer_0547	0.5550947671161555	0.05509476711615546	0.1101895342323109	0.5358312833092258	0.0358312833092258	0.0716625666184516
MoLFormer embeddings	molformer_0548	0.5168721988167936	0.016872198816793582	0.0337443976335871	0.527512262018303	0.027512262018303035	0.055024524036606
MoLFormer embeddings	molformer_0549	0.5507550794655866	0.05075507946558655	0.1015101589311731	0.5542614106277474	0.054261410627747364	0.1085228212554947
MoLFormer embeddings	molformer_0550	0.4771751403146786	0.022824859685321386	-0.0456497193706426	0.4641606515029404	0.03583934849705961	-0.0716786969941192
MoLFormer embeddings	molformer_0551	0.4622863182732657	0.03771368172673428	-0.0754273634534685	0.4430093298092862	0.0569906701907138	-0.1139813403814276
MoLFormer embeddings	molformer_0552	0.5507123536412446	0.0507123536412446	0.1014247072824892	0.5337187173359893	0.0337187173359893	0.0674374346719786
MoLFormer embeddings	molformer_0553	0.5072842166853201	0.0072842166853200885	0.0145684333706401	0.5087307857897843	0.008730785789784257	0.0174615715795685
MoLFormer embeddings	molformer_0554	0.5184227336519696	0.01842273365196956	0.0368454673039391	0.5005496058909304	0.0005496058909304491	0.0010992117818608
MoLFormer embeddings	molformer_0555	0.5245048647706114	0.024504864770611423	0.0490097295412228	0.5246579187240228	0.024657918724022787	0.0493158374480455
MoLFormer embeddings	molformer_0556	0.4549725556718637	0.045027444328136323	-0.0900548886562726	0.4630299854885275	0.036970014511472526	-0.073940029022945
MoLFormer embeddings	molformer_0557	0.4706947421664745	0.0293052578335255	-0.058610515667051	0.4788263890599686	0.021173610940031395	-0.0423472218800627
MoLFormer embeddings	molformer_0558	0.4351699062544986	0.06483009374550142	-0.1296601874910027	0.4518546412663107	0.0481453587336893	-0.0962907174673786
MoLFormer embeddings	molformer_0559	0.5670124435846061	0.06701244358460612	0.1340248871692122	0.5390306700030149	0.039030670003014856	0.0780613400060297
MoLFormer embeddings	molformer_0560	0.5256162863214089	0.025616286321408888	0.0512325726428177	0.5264810910938037	0.0264810910938037	0.0529621821876074
MoLFormer embeddings	molformer_0561	0.4184557471446106	0.08154425285538941	-0.1630885057107787	0.424050566088202	0.07594943391179798	-0.1518988678235959
MoLFormer embeddings	molformer_0562	0.5278946500730689	0.027894650073068905	0.0557893001461378	0.5267458492144215	0.02674584921442147	0.0534916984288429
MoLFormer embeddings	molformer_0563	0.4792950746925801	0.020704925307419908	-0.0414098506148397	0.5068232955471951	0.006823295547195074	0.0136465910943901
MoLFormer embeddings	molformer_0564	0.5015712788646982	0.0015712788646982112	0.0031425577293964	0.5093761474562691	0.009376147456269135	0.0187522949125382
MoLFormer embeddings	molformer_0565	0.5048310483834477	0.0048310483834477225	0.0096620967668954	0.5095920012106581	0.009592001210658063	0.0191840024213161
MoLFormer embeddings	molformer_0566	0.4584588774988911	0.04154112250110892	-0.0830822450022177	0.4626656589581067	0.037334341041893315	-0.0746686820837865
MoLFormer embeddings	molformer_0567	0.5095738624384506	0.009573862438450598	0.0191477248769011	0.5087373112599407	0.008737311259940705	0.0174746225198814
MoLFormer embeddings	molformer_0568	0.4697278916024198	0.03027210839758021	-0.0605442167951604	0.4929142192487585	0.007085780751241499	-0.0141715615024828
MoLFormer embeddings	molformer_0569	0.4353281614242523	0.06467183857574771	-0.1293436771514954	0.4287151041318397	0.07128489586816028	-0.1425697917363205
MoLFormer embeddings	molformer_0570	0.5241246782830237	0.02412467828302367	0.0482493565660473	0.5262863534675615	0.026286353467561474	0.0525727069351229
MoLFormer embeddings	molformer_0571	0.5623900778459936	0.0623900778459936	0.1247801556919872	0.5448481633074426	0.04484816330744257	0.0896963266148851
MoLFormer embeddings	molformer_0572	0.5871480335297233	0.08714803352972333	0.1742960670594466	0.5643135674642696	0.06431356746426964	0.1286271349285392
MoLFormer embeddings	molformer_0573	0.5696539264156966	0.06965392641569657	0.1393078528313931	0.5644055106055753	0.06440551060557531	0.1288110212111506
MoLFormer embeddings	molformer_0574	0.5392178462064149	0.039217846206414886	0.0784356924128297	0.5410107469361085	0.04101074693610851	0.082021493872217
MoLFormer embeddings	molformer_0575	0.5195567375429718	0.019556737542971825	0.0391134750859436	0.5105142187795113	0.010514218779511308	0.0210284375590226
MoLFormer embeddings	molformer_0576	0.5037960382103465	0.003796038210346464	0.0075920764206929	0.5050122942790544	0.005012294279054363	0.0100245885581087
MoLFormer embeddings	molformer_0577	0.5018676869789117	0.001867686978911709	0.0037353739578234	0.5193596768763147	0.01935967687631468	0.0387193537526293
MoLFormer embeddings	molformer_0578	0.5552328604645084	0.05523286046450837	0.1104657209290167	0.5484665731691437	0.04846657316914371	0.0969331463382874
MoLFormer embeddings	molformer_0579	0.5169064711625853	0.016906471162585257	0.0338129423251705	0.5287789364275499	0.028778936427549917	0.0575578728550998
MoLFormer embeddings	molformer_0580	0.5152314446443808	0.015231444644380754	0.0304628892887615	0.5065534783542089	0.006553478354208941	0.0131069567084178
MoLFormer embeddings	molformer_0581	0.4376380377635224	0.06236196223647761	-0.1247239244729552	0.4579800781062118	0.042019921893788226	-0.0840398437875764
MoLFormer embeddings	molformer_0582	0.4921315397570167	0.007868460242983322	-0.0157369204859665	0.4921879857442672	0.007812014255732802	-0.0156240285114654
MoLFormer embeddings	molformer_0583	0.4390926136979342	0.060907386302065825	-0.1218147726041316	0.4492462128810728	0.050753787118927196	-0.1015075742378543
MoLFormer embeddings	molformer_0584	0.4681238715534459	0.031876128446554075	-0.0637522568931081	0.4678810493307946	0.03211895066920539	-0.0642379013384106
MoLFormer embeddings	molformer_0585	0.4475432178818907	0.05245678211810928	-0.1049135642362185	0.4573487938584914	0.04265120614150858	-0.0853024122830171
MoLFormer embeddings	molformer_0586	0.5351049034053921	0.035104903405392074	0.0702098068107841	0.5417376403196044	0.04173764031960436	0.0834752806392087
MoLFormer embeddings	molformer_0587	0.5183630596116844	0.018363059611684385	0.0367261192233687	0.5369560837324868	0.03695608373248682	0.0739121674649736
MoLFormer embeddings	molformer_0588	0.5163039682746268	0.016303968274626768	0.0326079365492535	0.525706539782199	0.025706539782198945	0.0514130795643978
MoLFormer embeddings	molformer_0589	0.4881030354708602	0.011896964529139797	-0.0237939290582795	0.5010321240830615	0.0010321240830615253	0.002064248166123
MoLFormer embeddings	molformer_0590	0.4873883543724247	0.012611645627575274	-0.0252232912551505	0.4717526327705885	0.028247367229411513	-0.056494734458823
MoLFormer embeddings	molformer_0591	0.5827030991543432	0.08270309915434315	0.1654061983086863	0.5847154132484934	0.08471541324849341	0.1694308264969868
MoLFormer embeddings	molformer_0592	0.4855909678780926	0.014409032121907417	-0.0288180642438147	0.5005830397604962	0.000583039760496229	0.0011660795209924
MoLFormer embeddings	molformer_0593	0.4754745929097668	0.02452540709023321	-0.0490508141804664	0.4780287419832033	0.021971258016796724	-0.0439425160335934
MoLFormer embeddings	molformer_0594	0.5257150370705664	0.025715037070566438	0.0514300741411328	0.5120822379341857	0.012082237934185724	0.0241644758683714
MoLFormer embeddings	molformer_0595	0.5320432450989743	0.03204324509897427	0.0640864901979485	0.5268995277026005	0.026899527702600512	0.053799055405201
MoLFormer embeddings	molformer_0596	0.5186668759804189	0.01866687598041894	0.0373337519608378	0.5244514499154769	0.024451449915476875	0.0489028998309537
MoLFormer embeddings	molformer_0597	0.5649331354143566	0.06493313541435664	0.1298662708287132	0.5535900937204155	0.053590093720415455	0.1071801874408309
MoLFormer embeddings	molformer_0598	0.4284948580524798	0.07150514194752022	-0.1430102838950404	0.4403445917489902	0.05965540825100979	-0.1193108165020194
MoLFormer embeddings	molformer_0599	0.4515718917877362	0.04842810821226379	-0.0968562164245275	0.4739227548570027	0.026077245142997307	-0.0521544902859945
MoLFormer embeddings	molformer_0600	0.5289483275805822	0.02894832758058219	0.0578966551611643	0.5289739673333498	0.02897396733334978	0.0579479346666995
MoLFormer embeddings	molformer_0601	0.5160852459779344	0.01608524597793437	0.0321704919558687	0.512141187125262	0.01214118712526202	0.024282374250524
MoLFormer embeddings	molformer_0602	0.5057719150448877	0.005771915044887721	0.0115438300897754	0.5166655375403699	0.016665537540369924	0.0333310750807398
MoLFormer embeddings	molformer_0603	0.515754785565093	0.01575478556509302	0.031509571130186	0.5240698932110475	0.024069893211047466	0.0481397864220949
MoLFormer embeddings	molformer_0604	0.446240016059042	0.05375998394095799	-0.1075199678819158	0.4552150384372188	0.04478496156278122	-0.0895699231255623
MoLFormer embeddings	molformer_0605	0.4533363995683152	0.046663600431684826	-0.0933272008633696	0.4499650410767348	0.050034958923265205	-0.1000699178465303
MoLFormer embeddings	molformer_0606	0.4731117998118725	0.026888200188127487	-0.0537764003762549	0.4532815929537827	0.046718407046217325	-0.0934368140924346
MoLFormer embeddings	molformer_0607	0.4140000212895631	0.08599997871043691	-0.1719999574208737	0.4275103850291344	0.07248961497086559	-0.1449792299417311
MoLFormer embeddings	molformer_0608	0.5098884977927481	0.009888497792748141	0.0197769955854962	0.5171443164181416	0.017144316418141625	0.0342886328362832
MoLFormer embeddings	molformer_0609	0.4854986214182705	0.014501378581729507	-0.0290027571634589	0.4942798755086934	0.0057201244913066	-0.0114402489826132
MoLFormer embeddings	molformer_0610	0.5230843686407229	0.02308436864072294	0.0461687372814458	0.5075170483406829	0.007517048340682897	0.0150340966813657
MoLFormer embeddings	molformer_0611	0.5413359147677383	0.041335914767738346	0.0826718295354766	0.560062333637171	0.06006233363717095	0.1201246672743419
MoLFormer embeddings	molformer_0612	0.4812337406348271	0.0187662593651729	-0.0375325187303458	0.5033759409874605	0.003375940987460524	0.006751881974921
MoLFormer embeddings	molformer_0613	0.4726802368958086	0.027319763104191375	-0.0546395262083827	0.4770558603707758	0.022944139629224203	-0.0458882792584484
MoLFormer embeddings	molformer_0614	0.5769468991444172	0.07694689914441721	0.1538937982888344	0.5577658813813233	0.057765881381323325	0.1155317627626466
MoLFormer embeddings	molformer_0615	0.4429765424130319	0.057023457586968085	-0.1140469151739361	0.4653066413742376	0.034693358625762394	-0.0693867172515247
MoLFormer embeddings	molformer_0616	0.5650177252116481	0.06501772521164806	0.1300354504232961	0.5306981578524429	0.030698157852442898	0.0613963157048857
MoLFormer embeddings	molformer_0617	0.4667407238453293	0.033259276154670725	-0.0665185523093414	0.467931346774922	0.032068653225078014	-0.064137306450156
MoLFormer embeddings	molformer_0618	0.5212100985841551	0.021210098584155124	0.0424201971683102	0.5193621697525541	0.019362169752554115	0.0387243395051082
MoLFormer embeddings	molformer_0619	0.4762652361229388	0.023734763877061194	-0.0474695277541223	0.4840606959641214	0.01593930403587862	-0.0318786080717572
MoLFormer embeddings	molformer_0620	0.4019163513260917	0.09808364867390829	-0.1961672973478164	0.4266038579166124	0.07339614208338763	-0.1467922841667751
MoLFormer embeddings	molformer_0621	0.4743230265044883	0.02567697349551168	-0.0513539469910233	0.4803270272362859	0.019672972763714103	-0.039345945527428
MoLFormer embeddings	molformer_0622	0.5573437729086862	0.0573437729086862	0.1146875458173724	0.5615304911024848	0.06153049110248476	0.1230609822049695
MoLFormer embeddings	molformer_0623	0.4511194931558318	0.048880506844168226	-0.0977610136883364	0.4627054716580501	0.037294528341949906	-0.0745890566838997
MoLFormer embeddings	molformer_0624	0.551736219342353	0.05173621934235295	0.1034724386847059	0.529287043261081	0.029287043261081003	0.058574086522162
MoLFormer embeddings	molformer_0625	0.5158104987564264	0.015810498756426372	0.0316209975128527	0.5132396657082291	0.013239665708229098	0.0264793314164581
MoLFormer embeddings	molformer_0626	0.4818817199366773	0.018118280063322723	-0.0362365601266453	0.4731414581155733	0.026858541884426712	-0.0537170837688534
MoLFormer embeddings	molformer_0627	0.4311274656479558	0.06887253435204421	-0.1377450687040883	0.4195754133188805	0.08042458668111951	-0.160849173362239
MoLFormer embeddings	molformer_0628	0.5179517043601805	0.017951704360180454	0.0359034087203609	0.5007192681149985	0.0007192681149984503	0.0014385362299969
MoLFormer embeddings	molformer_0629	0.5244957557348853	0.02449575573488527	0.0489915114697705	0.5007349585713297	0.000734958571329658	0.0014699171426593
MoLFormer embeddings	molformer_0630	0.4457159233105193	0.05428407668948071	-0.1085681533789613	0.4592989562767104	0.04070104372328959	-0.081402087446579
MoLFormer embeddings	molformer_0631	0.4999682261063827	3.177389361730398e-05	-6.354778723460797e-05	0.5010096148770162	0.0010096148770162294	0.0020192297540324
MoLFormer embeddings	molformer_0632	0.4905362161553365	0.00946378384466351	-0.0189275676893269	0.4951560481870044	0.004843951812995573	-0.0096879036259911
MoLFormer embeddings	molformer_0633	0.5203568840430388	0.020356884043038814	0.0407137680860776	0.5077896516894662	0.007789651689466215	0.0155793033789324
MoLFormer embeddings	molformer_0634	0.4972873456643056	0.0027126543356943977	-0.0054253086713886	0.5250891863134642	0.02508918631346424	0.0501783726269284
MoLFormer embeddings	molformer_0635	0.5130326737856631	0.013032673785663085	0.0260653475713261	0.510541053859031	0.010541053859031035	0.021082107718062
MoLFormer embeddings	molformer_0636	0.4920984455804155	0.007901554419584511	-0.015803108839169	0.4936504975780974	0.006349502421902575	-0.0126990048438051
MoLFormer embeddings	molformer_0637	0.502410355375528	0.0024103553755280283	0.004820710751056	0.4938936263313426	0.0061063736686574055	-0.0122127473373148
MoLFormer embeddings	molformer_0638	0.6167900185359478	0.11679001853594784	0.2335800370718956	0.598449108371489	0.09844910837148901	0.196898216742978
MoLFormer embeddings	molformer_0639	0.5417467978347029	0.04174679783470292	0.0834935956694058	0.5306848136325724	0.03068481363257236	0.0613696272651447
MoLFormer embeddings	molformer_0640	0.4866146502065642	0.013385349793435808	-0.0267706995868715	0.5046267783005974	0.004626778300597434	0.0092535566011948
MoLFormer embeddings	molformer_0641	0.4809965435449912	0.019003456455008783	-0.0380069129100175	0.4927092168380006	0.007290783161999381	-0.0145815663239987
MoLFormer embeddings	molformer_0642	0.4973648206032947	0.0026351793967053228	-0.0052703587934106	0.4811083972976048	0.018891602702395205	-0.0377832054047903
MoLFormer embeddings	molformer_0643	0.4524430172511383	0.04755698274886172	-0.0951139654977233	0.4761200053024944	0.023879994697505624	-0.0477599893950112
MoLFormer embeddings	molformer_0644	0.4495990268487521	0.05040097315124792	-0.1008019463024958	0.4663032053109409	0.03369679468905912	-0.0673935893781182
MoLFormer embeddings	molformer_0645	0.5325191704401623	0.03251917044016228	0.0650383408803245	0.5183817361915186	0.018381736191518616	0.0367634723830372
MoLFormer embeddings	molformer_0646	0.4936968498423917	0.006303150157608295	-0.0126063003152165	0.4988349469574592	0.0011650530425407757	-0.0023301060850815
MoLFormer embeddings	molformer_0647	0.5308411824538756	0.03084118245387557	0.0616823649077511	0.5204392389278168	0.02043923892781685	0.0408784778556337
MoLFormer embeddings	molformer_0648	0.5653453066740937	0.06534530667409366	0.1306906133481873	0.575355396167892	0.075355396167892	0.150710792335784
MoLFormer embeddings	molformer_0649	0.4627292457084866	0.037270754291513386	-0.0745415085830267	0.4791972410605458	0.020802758939454213	-0.0416055178789083
MoLFormer embeddings	molformer_0650	0.4765175018591922	0.023482498140807773	-0.0469649962816155	0.4541678837768306	0.045832116223169406	-0.0916642324463387
MoLFormer embeddings	molformer_0651	0.5160787454179647	0.016078745417964724	0.0321574908359294	0.52526764692426	0.02526764692425998	0.0505352938485199
MoLFormer embeddings	molformer_0652	0.4353758841529431	0.0646241158470569	-0.1292482316941137	0.4643481304601321	0.035651869539867875	-0.0713037390797357
MoLFormer embeddings	molformer_0653	0.5382652666178083	0.03826526661780827	0.0765305332356165	0.537972517359217	0.03797251735921703	0.075945034718434
MoLFormer embeddings	molformer_0654	0.4898149932380882	0.010185006761911808	-0.0203700135238236	0.5247662855205536	0.0247662855205536	0.0495325710411072
MoLFormer embeddings	molformer_0655	0.5561046231478229	0.05610462314782294	0.1122092462956458	0.5576050908638726	0.057605090863872555	0.1152101817277451
MoLFormer embeddings	molformer_0656	0.4965705420276009	0.003429457972399075	-0.0068589159447981	0.5024317274517878	0.0024317274517877685	0.0048634549035755
MoLFormer embeddings	molformer_0657	0.4732280351419355	0.02677196485806449	-0.0535439297161288	0.4882091353062836	0.011790864693716374	-0.0235817293874327
MoLFormer embeddings	molformer_0658	0.4999562427045769	4.375729542310802e-05	-8.751459084610502e-05	0.5041057671665323	0.004105767166532326	0.0082115343330646
MoLFormer embeddings	molformer_0659	0.6105871319517495	0.11058713195174952	0.221174263903499	0.5855729626748973	0.08557296267489733	0.1711459253497946
MoLFormer embeddings	molformer_0660	0.4898716874730275	0.010128312526972494	-0.0202566250539448	0.4934691041717257	0.006530895828274319	-0.0130617916565485
MoLFormer embeddings	molformer_0661	0.4310898788417565	0.06891012115824352	-0.137820242316487	0.4421965788353047	0.05780342116469528	-0.1156068423293905
MoLFormer embeddings	molformer_0662	0.5038089338910197	0.0038089338910196613	0.0076178677820393	0.5073322088995095	0.007332208899509474	0.0146644177990189
MoLFormer embeddings	molformer_0663	0.4252893164067065	0.07471068359329353	-0.149421367186587	0.4453238920778152	0.0546761079221848	-0.1093522158443695
MoLFormer embeddings	molformer_0664	0.5330466876726746	0.0330466876726746	0.0660933753453492	0.5190839940921766	0.019083994092176648	0.0381679881843532
MoLFormer embeddings	molformer_0665	0.422979073322163	0.077020926677837	-0.1540418533556738	0.444163531508196	0.055836468491804014	-0.111672936983608
MoLFormer embeddings	molformer_0666	0.5685424131785806	0.06854241317858056	0.1370848263571611	0.5371239129593198	0.03712391295931983	0.0742478259186396
MoLFormer embeddings	molformer_0667	0.5078848583410166	0.007884858341016598	0.0157697166820331	0.501009394917348	0.0010093949173479722	0.0020187898346959
MoLFormer embeddings	molformer_0668	0.4072308983406215	0.09276910165937852	-0.1855382033187569	0.4350283132084901	0.06497168679150989	-0.1299433735830197
MoLFormer embeddings	molformer_0669	0.4906899603582283	0.009310039641771684	-0.0186200792835433	0.4921286699537439	0.00787133004625612	-0.0157426600925121
MoLFormer embeddings	molformer_0670	0.5683267990480796	0.06832679904807959	0.1366535980961591	0.5511687776929222	0.05116877769292216	0.1023375553858443
MoLFormer embeddings	molformer_0671	0.4155127217654802	0.08448727823451979	-0.1689745564690394	0.4284472665758673	0.07155273342413271	-0.1431054668482654
MoLFormer embeddings	molformer_0672	0.4135166876938541	0.08648331230614592	-0.1729666246122918	0.413848690037528	0.086151309962472	-0.172302619924944
MoLFormer embeddings	molformer_0673	0.4704083599511704	0.02959164004882958	-0.0591832800976591	0.4630850487254657	0.03691495127453431	-0.0738299025490686
MoLFormer embeddings	molformer_0674	0.4929293390873344	0.007070660912665616	-0.0141413218253312	0.4867779310652265	0.013222068934773512	-0.0264441378695469
MoLFormer embeddings	molformer_0675	0.5206969852722525	0.0206969852722525	0.041393970544505	0.5107536815382865	0.010753681538286486	0.0215073630765729
MoLFormer embeddings	molformer_0676	0.4326341560857064	0.06736584391429362	-0.1347316878285871	0.4369390295262127	0.06306097047378728	-0.1261219409475745
MoLFormer embeddings	molformer_0677	0.5362714926139289	0.036271492613928924	0.0725429852278578	0.5299457491474364	0.029945749147436418	0.0598914982948728
MoLFormer embeddings	molformer_0678	0.5093119696387725	0.009311969638772455	0.0186239392775449	0.5126786952344419	0.012678695234441872	0.0253573904688837
MoLFormer embeddings	molformer_0679	0.441941509318351	0.05805849068164898	-0.1161169813632979	0.4629477938925119	0.037052206107488106	-0.0741044122149762
MoLFormer embeddings	molformer_0680	0.4556245875089842	0.04437541249101579	-0.0887508249820315	0.463894646944203	0.036105353055796985	-0.0722107061115939
MoLFormer embeddings	molformer_0681	0.4871529268285325	0.012847073171467494	-0.0256941463429349	0.4860340274673902	0.013965972532609783	-0.0279319450652195
MoLFormer embeddings	molformer_0682	0.5216054958319537	0.021605495831953703	0.0432109916639074	0.5252018056635801	0.0252018056635801	0.0504036113271602
MoLFormer embeddings	molformer_0683	0.4907488825707031	0.009251117429296907	-0.0185022348585937	0.5039083167043824	0.0039083167043824085	0.0078166334087648
MoLFormer embeddings	molformer_0684	0.4606768383040352	0.03932316169596478	-0.0786463233919295	0.4522589271364536	0.0477410728635464	-0.0954821457270928
MoLFormer embeddings	molformer_0685	0.5018103326024803	0.0018103326024803135	0.0036206652049606	0.5141686287069069	0.014168628706906938	0.0283372574138138
MoLFormer embeddings	molformer_0686	0.5663491480832786	0.06634914808327863	0.1326982961665572	0.5598217710800547	0.05982177108005471	0.1196435421601094
MoLFormer embeddings	molformer_0687	0.4835249313024214	0.016475068697578588	-0.032950137395157	0.4818080156822445	0.018191984317755483	-0.0363839686355109
MoLFormer embeddings	molformer_0688	0.5723671537908803	0.07236715379088032	0.1447343075817606	0.5382197520262685	0.03821975202626848	0.0764395040525369
MoLFormer embeddings	molformer_0689	0.4315654603592506	0.06843453964074941	-0.1368690792814988	0.4585177328551704	0.04148226714482961	-0.0829645342896592
MoLFormer embeddings	molformer_0690	0.4667658367279199	0.03323416327208012	-0.0664683265441601	0.4544201041963612	0.045579895803638804	-0.0911597916072775
MoLFormer embeddings	molformer_0691	0.4951510957060574	0.00484890429394258	-0.0096978085878851	0.4869358621069907	0.013064137893009309	-0.0261282757860186
MoLFormer embeddings	molformer_0692	0.4670750442521723	0.03292495574782772	-0.0658499114956553	0.4535955487201867	0.0464044512798133	-0.0928089025596266
MoLFormer embeddings	molformer_0693	0.5137823790577006	0.013782379057700633	0.0275647581154012	0.5350867931522743	0.035086793152274254	0.0701735863045485
MoLFormer embeddings	molformer_0694	0.468963979535357	0.031036020464642988	-0.0620720409292859	0.4644326682926085	0.035567331707391514	-0.0711346634147829
MoLFormer embeddings	molformer_0695	0.4996701813913869	0.0003298186086130861	-0.000659637217226	0.4882582596321805	0.011741740367819498	-0.0234834807356388
MoLFormer embeddings	molformer_0696	0.476282463982153	0.023717536017846985	-0.0474350720356939	0.4704034001658788	0.029596599834121218	-0.0591931996682423
MoLFormer embeddings	molformer_0697	0.4239224063455661	0.0760775936544339	-0.1521551873088678	0.4458903615433074	0.05410963845669259	-0.108219276913385
MoLFormer embeddings	molformer_0698	0.4566262972112681	0.04337370278873193	-0.0867474055774638	0.4761638505963546	0.023836149403645424	-0.0476722988072907
MoLFormer embeddings	molformer_0699	0.488540370040663	0.011459629959337025	-0.022919259918674	0.4563540629190232	0.043645937080976804	-0.0872918741619535
MoLFormer embeddings	molformer_0700	0.5453732942895093	0.045373294289509314	0.0907465885790186	0.5391594197287986	0.03915941972879855	0.0783188394575971
MoLFormer embeddings	molformer_0701	0.4293272643836511	0.0706727356163489	-0.1413454712326978	0.4295192033588721	0.07048079664112789	-0.1409615932822557
MoLFormer embeddings	molformer_0702	0.5315675398049504	0.03156753980495042	0.0631350796099008	0.5242731359444599	0.0242731359444599	0.0485462718889198
MoLFormer embeddings	molformer_0703	0.5277232929284259	0.027723292928425902	0.0554465858568518	0.5261435263230134	0.026143526323013422	0.0522870526460268
MoLFormer embeddings	molformer_0704	0.4958075468237214	0.004192453176278588	-0.0083849063525571	0.4869187052528715	0.013081294747128491	-0.0261625894942569
MoLFormer embeddings	molformer_0705	0.4613826212452768	0.03861737875472321	-0.0772347575094464	0.4679907358853347	0.032009264114665315	-0.0640185282293306
MoLFormer embeddings	molformer_0706	0.4631891351125987	0.03681086488740132	-0.0736217297748026	0.4877246374771388	0.01227536252286121	-0.0245507250457223
MoLFormer embeddings	molformer_0707	0.5144665286121322	0.014466528612132157	0.0289330572242643	0.5109995964473287	0.01099959644732873	0.0219991928946574
MoLFormer embeddings	molformer_0708	0.5196174201327587	0.01961742013275869	0.0392348402655173	0.4962285715291243	0.003771428470875693	-0.0075428569417512
MoLFormer embeddings	molformer_0709	0.5542695123178139	0.05426951231781385	0.1085390246356277	0.5547516274082651	0.05475162740826511	0.1095032548165302
MoLFormer embeddings	molformer_0710	0.5067994894575725	0.006799489457572472	0.0135989789151449	0.5007773374674019	0.0007773374674019395	0.0015546749348038
MoLFormer embeddings	molformer_0711	0.5304915779377669	0.03049157793776691	0.0609831558755338	0.5193064466366114	0.019306446636611407	0.0386128932732228
MoLFormer embeddings	molformer_0712	0.4618653680485485	0.0381346319514515	-0.076269263902903	0.4685280973547357	0.03147190264526428	-0.0629438052905285
MoLFormer embeddings	molformer_0713	0.41328817788268	0.08671182211731998	-0.1734236442346399	0.4241983789852293	0.07580162101477073	-0.1516032420295414
MoLFormer embeddings	molformer_0714	0.5640322944151837	0.06403229441518365	0.1280645888303673	0.5428265873169495	0.04282658731694955	0.0856531746338991
MoLFormer embeddings	molformer_0715	0.4357979712880077	0.06420202871199232	-0.1284040574239846	0.447884075975829	0.05211592402417098	-0.1042318480483419
MoLFormer embeddings	molformer_0716	0.5317799219927303	0.031779921992730276	0.0635598439854605	0.5299677451142558	0.029967745114255817	0.0599354902285116
MoLFormer embeddings	molformer_0717	0.5173092216531141	0.017309221653114104	0.0346184433062282	0.5024060654904983	0.002406065490498266	0.0048121309809965
MoLFormer embeddings	molformer_0718	0.480188067342904	0.01981193265709602	-0.0396238653141919	0.488345583620454	0.011654416379546007	-0.0233088327590919
MoLFormer embeddings	molformer_0719	0.4685617654097905	0.0314382345902095	-0.0628764691804188	0.4804942699040038	0.01950573009599621	-0.0390114601919924
MoLFormer embeddings	molformer_0720	0.5260494812539391	0.026049481253939133	0.0520989625078782	0.5239896812520456	0.02398968125204559	0.0479793625040911
MoLFormer embeddings	molformer_0721	0.5442876320098464	0.04428763200984642	0.0885752640196928	0.5452594878869678	0.045259487886967764	0.0905189757739355
MoLFormer embeddings	molformer_0722	0.4152237815018947	0.0847762184981053	-0.1695524369962106	0.4437356366336668	0.056264363366333225	-0.1125287267326663
MoLFormer embeddings	molformer_0723	0.470387574662805	0.029612425337194992	-0.0592248506743899	0.4905798606100919	0.0094201393899081	-0.018840278779816
MoLFormer embeddings	molformer_0724	0.549265791091055	0.049265791091055	0.09853158218211	0.5483128213610752	0.048312821361075176	0.0966256427221503
MoLFormer embeddings	molformer_0725	0.464411203712357	0.035588796287643	-0.0711775925752858	0.488897682387624	0.011102317612376011	-0.0222046352247519
MoLFormer embeddings	molformer_0726	0.5326108521741765	0.032610852174176475	0.0652217043483529	0.5392585482192651	0.03925854821926511	0.0785170964385302
MoLFormer embeddings	molformer_0727	0.502459004136034	0.0024590041360339487	0.0049180082720678	0.487660995813141	0.012339004186859015	-0.0246780083737179
MoLFormer embeddings	molformer_0728	0.4814355834803149	0.0185644165196851	-0.03712883303937	0.5028075652048442	0.0028075652048441535	0.0056151304096883
MoLFormer embeddings	molformer_0729	0.5176434732952183	0.017643473295218315	0.0352869465904366	0.4952957958961978	0.004704204103802179	-0.0094084082076043
MoLFormer embeddings	molformer_0730	0.4453750473319157	0.054624952668084314	-0.1092499053361685	0.4506516085210615	0.04934839147893849	-0.0986967829578768
MoLFormer embeddings	molformer_0731	0.5259021917678577	0.025902191767857685	0.0518043835357153	0.5237705281026338	0.023770528102633803	0.0475410562052676
MoLFormer embeddings	molformer_0732	0.5000696953548787	6.969535487866274e-05	0.0001393907097573	0.5139112758951185	0.013911275895118536	0.027822551790237
MoLFormer embeddings	molformer_0733	0.5588721884195651	0.0588721884195651	0.1177443768391302	0.5427610393358273	0.04276103933582731	0.0855220786716546
MoLFormer embeddings	molformer_0734	0.527470055317198	0.02747005531719804	0.054940110634396	0.5249283224761241	0.024928322476124087	0.0498566449522481
MoLFormer embeddings	molformer_0735	0.5909965942475253	0.09099659424752526	0.1819931884950505	0.5648888353164897	0.0648888353164897	0.1297776706329794
MoLFormer embeddings	molformer_0736	0.4686686258138043	0.03133137418619569	-0.0626627483723912	0.4605159198009452	0.039484080199054805	-0.0789681603981095
MoLFormer embeddings	molformer_0737	0.4393179649154418	0.06068203508455822	-0.1213640701691164	0.4648199439484109	0.03518005605158908	-0.0703601121031781
MoLFormer embeddings	molformer_0738	0.4975033998891347	0.002496600110865277	-0.0049932002217305	0.4962992519025045	0.0037007480974954876	-0.0074014961949908
MoLFormer embeddings	molformer_0739	0.4367380586157418	0.06326194138425822	-0.1265238827685163	0.4413292778636108	0.058670722136389186	-0.1173414442727782
MoLFormer embeddings	molformer_0740	0.5184661562923307	0.018466156292330727	0.0369323125846614	0.5075713783787272	0.007571378378727234	0.0151427567574544
MoLFormer embeddings	molformer_0741	0.5253425934925617	0.025342593492561738	0.0506851869851234	0.5159698051098685	0.01596980510986845	0.0319396102197369
MoLFormer embeddings	molformer_0742	0.3911643930461538	0.1088356069538462	-0.2176712139076922	0.3900923126735481	0.1099076873264519	-0.2198153746529036
MoLFormer embeddings	molformer_0743	0.5121930930000824	0.012193093000082422	0.0243861860001648	0.5077425803204724	0.00774258032047237	0.0154851606409447
MoLFormer embeddings	molformer_0744	0.472458062609231	0.02754193739076899	-0.0550838747815378	0.4762417163188958	0.02375828368110422	-0.0475165673622084
MoLFormer embeddings	molformer_0745	0.4950096053796103	0.004990394620389693	-0.0099807892407792	0.4903930415319047	0.009606958468095284	-0.0192139169361905
MoLFormer embeddings	molformer_0746	0.4705440602866149	0.029455939713385115	-0.0589118794267702	0.4688891978100229	0.031110802189977083	-0.0622216043799541
MoLFormer embeddings	molformer_0747	0.3904518390703037	0.10954816092969633	-0.2190963218593926	0.3953428965931473	0.10465710340685269	-0.2093142068137052
MoLFormer embeddings	molformer_0748	0.5506912199448695	0.05069121994486947	0.1013824398897389	0.5265026471412868	0.026502647141286806	0.0530052942825736
MoLFormer embeddings	molformer_0749	0.5189105094498017	0.01891050944980166	0.0378210188996033	0.516230310676901	0.01623031067690095	0.0324606213538019
MoLFormer embeddings	molformer_0750	0.520844045542538	0.020844045542538048	0.041688091085076	0.5104250617940027	0.01042506179400271	0.0208501235880054
MoLFormer embeddings	molformer_0751	0.5622544737811833	0.06225447378118332	0.1245089475623666	0.5593791389077565	0.05937913890775648	0.1187582778155129
MoLFormer embeddings	molformer_0752	0.555045325268996	0.05504532526899597	0.1100906505379919	0.5500378917188411	0.0500378917188411	0.1000757834376822
MoLFormer embeddings	molformer_0753	0.4775845059730748	0.02241549402692522	-0.0448309880538503	0.4640366675699677	0.0359633324300323	-0.0719266648600646
MoLFormer embeddings	molformer_0754	0.5101546631748605	0.010154663174860468	0.0203093263497209	0.499888113848778	0.00011188615122198486	-0.0002237723024439
MoLFormer embeddings	molformer_0755	0.4531897977296212	0.0468102022703788	-0.0936204045407574	0.4467219557288642	0.053278044271135805	-0.1065560885422715
MoLFormer embeddings	molformer_0756	0.505614265004835	0.005614265004834973	0.0112285300096699	0.5013663894588289	0.0013663894588289427	0.0027327789176578
MoLFormer embeddings	molformer_0757	0.5302251741712269	0.030225174171226943	0.0604503483424538	0.5423525009120994	0.04235250091209941	0.0847050018241988
MoLFormer embeddings	molformer_0758	0.5338054057098041	0.03380540570980406	0.0676108114196081	0.5264268343756489	0.026426834375648856	0.0528536687512977
MoLFormer embeddings	molformer_0759	0.4921135371484126	0.007886462851587395	-0.0157729257031746	0.4708947900646271	0.02910520993537291	-0.0582104198707458
MoLFormer embeddings	molformer_0760	0.5151984696599933	0.015198469659993274	0.0303969393199865	0.4971350986416464	0.0028649013583536	-0.0057298027167072
MoLFormer embeddings	molformer_0761	0.5934667795300795	0.09346677953007954	0.186933559060159	0.5673298010743417	0.06732980107434172	0.1346596021486834
MoLFormer embeddings	molformer_0762	0.5319003382189091	0.03190033821890914	0.0638006764378182	0.5271844487928027	0.027184448792802685	0.0543688975856053
MoLFormer embeddings	molformer_0763	0.4979119312020341	0.002088068797965914	-0.0041761375959317	0.4937148724409892	0.006285127559010784	-0.0125702551180215
MoLFormer embeddings	molformer_0764	0.5071556862199691	0.007155686219969093	0.0143113724399381	0.5127894815873228	0.012789481587322848	0.0255789631746456
MoLFormer embeddings	molformer_0765	0.4922461568235612	0.0077538431764387905	-0.0155076863528774	0.5051175816402305	0.005117581640230462	0.0102351632804609
MoLFormer embeddings	molformer_0766	0.5113719595017497	0.01137195950174974	0.0227439190034994	0.5028442251495433	0.0028442251495433	0.0056884502990866
MoLFormer embeddings	molformer_0767	0.4617655308165188	0.03823446918348122	-0.0764689383669623	0.4636286423854655	0.03637135761453453	-0.0727427152290689
MoLFormer embeddings	molformer_0768	0.5493451272623061	0.04934512726230611	0.0986902545246122	0.5341271824398278	0.03412718243982782	0.0682543648796556
