dataset	feature	n_total	n_active	n_inactive	missing_or_nonfinite	active_mean	inactive_mean	active_median	inactive_median	active_q25	active_q75	inactive_q25	inactive_q75	median_difference_active_minus_inactive	auc	auc_abs_effect	cliffs_delta	effect_size_abs	effect_interpretation	mannwhitney_u	mannwhitney_p	ks_statistic	ks_p	zero_fraction	fdr_q	significant_fdr_0_05	meaningful_auc	meaningful_effect	statistically_and_practically_relevant	representation	feature_name_standard	auc_standard	abs_auc_effect	auc_direction	cliffs_delta_standard	meaningful_auc_standard	meaningful_effect_standard
TRAIN	molformer_0279	48152	2383	45769	0	-0.2649201931152496	-0.0500428928867337	-0.265609860420227	-0.021607968956232	-0.63949254155159	0.0816655904054641	-0.3538355827331543	0.2732268273830414	-0.2440018914639949	0.370924134000031	0.129075865999969	-0.258151731999938	0.258151731999938	small	40455778.0	1.7392608654453567e-100	0.1966309183850845	3.2992764109556418e-77	0.0	1.335752344662034e-97	True	True	True	True	molformer	molformer_0279	0.370924134000031	0.129075865999969	negative	-0.258151731999938	True	True
TRAIN	molformer_0491	48152	2383	45769	0	0.1381727850625314	-9.955898493289964e-05	0.1170194074511528	-0.0156221492215991	-0.0872042588889598	0.3550281673669815	-0.2108527272939682	0.1926304996013641	0.1326415566727519	0.622148529140117	0.1221485291401169	0.2442970582802339	0.2442970582802339	small	67856201.5	3.4336504369367524e-90	0.1768147544043975	2.0634534208074434e-62	0.0	1.3185217677837128e-87	True	True	True	True	molformer	molformer_0491	0.622148529140117	0.12214852914011698	positive	0.2442970582802339	True	True
TRAIN	molformer_0407	48152	2383	45769	0	-0.1317321303332264	0.0219778790614558	-0.132671520113945	0.0402441099286079	-0.3916948139667511	0.1229301951825618	-0.2068311125040054	0.2676676213741302	-0.1729156300425529	0.3783515188714236	0.1216484811285764	-0.2432969622571528	0.2432969622571528	small	41265864.5	1.8074112747445865e-89	0.1906867751755295	1.3396293493884323e-72	0.0	4.626972863346141e-87	True	True	True	True	molformer	molformer_0407	0.3783515188714236	0.1216484811285764	negative	-0.2432969622571528	True	True
TRAIN	molformer_0047	48152	2383	45769	0	-0.1741539373150387	-0.3204670239802697	-0.1634450405836105	-0.3221708238124847	-0.4019290953874588	0.0669411905109882	-0.5544947385787964	-0.0879072546958923	0.1587257832288742	0.6207845347038996	0.1207845347038996	0.2415690694077992	0.2415690694077992	small	67707434.0	3.1356668572740265e-88	0.1848551677530929	3.208653545240971e-68	0.0	6.020480365966131e-86	True	True	True	True	molformer	molformer_0047	0.6207845347038996	0.1207845347038996	positive	0.2415690694077992	True	True
TRAIN	molformer_0230	48152	2383	45769	0	0.5995017845601592	0.7494737360139863	0.5979922413825989	0.7777819633483887	0.3421307653188705	0.8852664530277252	0.5195111632347107	1.0013372898101809	-0.1797897219657898	0.3828647824755392	0.1171352175244607	-0.2342704350489215	0.2342704350489215	small	41758115.0	4.305910282390589e-83	0.1869794939056425	8.458258842492254e-70	0.0	6.613878193751944e-81	True	True	True	True	molformer	molformer_0230	0.3828647824755392	0.11713521752446082	negative	-0.2342704350489215	True	True
TRAIN	molformer_0638	48152	2383	45769	0	0.198985197699995	-0.0416726550495803	0.1780348569154739	-0.1009092852473259	-0.2728400379419327	0.6652155816555023	-0.4233852922916412	0.3173127770423889	0.2789441421627998	0.6167900185359478	0.1167900185359478	0.2335800370718956	0.2335800370718956	small	67271762.0	1.294017559166508e-82	0.190632881957615	1.4726505576817342e-72	0.0	1.65634247573313e-80	True	True	True	True	molformer	molformer_0638	0.6167900185359478	0.11679001853594784	positive	0.2335800370718956	True	True
TRAIN	molformer_0393	48152	2383	45769	0	-0.12660149354695	0.0043654075434951	-0.138363242149353	-0.004313769750297	-0.3568289279937744	0.0914670750498771	-0.2200628221035003	0.2281069159507751	-0.1340494723990559	0.3871566878013105	0.1128433121986894	-0.2256866243973789	0.2256866243973789	small	42226222.5	2.9912104691384854e-77	0.1705817534489435	4.310586303709651e-58	0.0	3.2817852004262253e-75	True	True	True	True	molformer	molformer_0393	0.3871566878013105	0.11284331219868948	negative	-0.2256866243973789	True	True
TRAIN	molformer_0129	48152	2383	45769	0	-0.1468986754813335	-0.3425876553062517	-0.1350522935390472	-0.3234301209449768	-0.4712323695421219	0.1966092884540558	-0.6648085713386536	0.0015608196845278	0.1883778274059295	0.6111950901756487	0.1111950901756486	0.2223901803512973	0.2223901803512973	small	66661537.0	4.58822682897049e-75	0.1557865156326502	1.7900149957323682e-48	0.0	4.404697755811671e-73	True	True	True	True	molformer	molformer_0129	0.6111950901756487	0.11119509017564866	positive	0.2223901803512973	True	True
TRAIN	molformer_0659	48152	2383	45769	0	-0.1290698876410054	-0.2792704049353791	-0.1549983322620391	-0.2955432832241058	-0.4043081104755401	0.1494613289833068	-0.534288227558136	-0.0384621731936931	0.1405449509620666	0.6105871319517495	0.1105871319517495	0.221174263903499	0.221174263903499	small	66595228.5	2.882833377447687e-74	0.1543702279047731	1.3390903513398519e-47	0.0	2.4600178154220263e-72	True	True	True	True	molformer	molformer_0659	0.6105871319517495	0.11058713195174952	positive	0.221174263903499	True	True
TRAIN	molformer_0747	48152	2383	45769	0	0.1080929280913404	0.2459873073533263	0.1297746449708938	0.2748195827007293	-0.1352646052837371	0.3696438819169998	0.0307147055864334	0.4839068353176117	-0.1450449377298355	0.3904518390703037	0.1095481609296963	-0.2190963218593926	0.2190963218593926	small	42585616.5	6.51316298378247e-73	0.1631177261404304	3.967134355253852e-53	0.0	5.002109171544937e-71	True	True	True	True	molformer	molformer_0747	0.3904518390703037	0.10954816092969633	negative	-0.2190963218593926	True	True
TRAIN	molformer_0298	48152	2383	45769	0	-0.1773466666194439	-0.0709041380465498	-0.1838625073432922	-0.0788840949535369	-0.3582740873098373	-0.0006594072619918	-0.2418248057365417	0.0884479358792305	-0.1049784123897552	0.3906094570201449	0.109390542979855	-0.2187810859597101	0.2187810859597101	small	42602807.5	1.042527718044131e-72	0.17037495495795	5.9584761846886564e-58	0.0	7.278738976889933e-71	True	True	True	True	molformer	molformer_0298	0.3906094570201449	0.10939054297985512	negative	-0.2187810859597101	True	True
TRAIN	molformer_0742	48152	2383	45769	0	0.0352365642150907	0.1682766642531415	0.0454089939594268	0.1906668543815612	-0.2018127143383026	0.2808206975460052	-0.049060296267271	0.4095375537872314	-0.1452578604221344	0.3911643930461538	0.1088356069538461	-0.2176712139076922	0.2176712139076922	small	42663333.0	5.432981384031172e-72	0.16944639260043	2.536834742959541e-57	0.0	3.4771080857799496e-70	True	True	True	True	molformer	molformer_0742	0.3911643930461538	0.1088356069538462	negative	-0.2176712139076922	True	True
TRAIN	molformer_0177	48152	2383	45769	0	0.2677039835601697	0.4074425764377585	0.2928213477134704	0.4452590942382812	0.0366347059607505	0.5218218863010406	0.1563600003719329	0.6945374608039856	-0.1524377465248108	0.3922329374901844	0.1077670625098156	-0.2155341250196312	0.2155341250196312	small	42779876.5	1.2744966955723464e-70	0.1794344158917254	2.8274386975971827e-64	0.0	7.529334324612014e-69	True	True	True	True	molformer	molformer_0177	0.3922329374901844	0.1077670625098156	negative	-0.2155341250196312	True	True
TRAIN	molformer_0119	48152	2383	45769	0	-0.445226470247796	-0.5909628082179129	-0.4319086670875549	-0.5915762186050415	-0.7265273332595825	-0.1804071217775344	-0.861146092414856	-0.3241773843765259	0.1596675515174865	0.6065744114652935	0.1065744114652934	0.2131488229305869	0.2131488229305869	small	66157571.0	4.158397632600697e-69	0.1670662066079484	1.0020885696226324e-55	0.0	2.281178129883811e-67	True	True	True	True	molformer	molformer_0119	0.6065744114652935	0.10657441146529345	positive	0.2131488229305869	True	True
TRAIN	molformer_0400	48152	2383	45769	0	-0.1679782217886226	-0.2752502900600838	-0.1654963493347168	-0.2680000960826874	-0.3433719277381897	0.0162073830142617	-0.4612270891666412	-0.0827618613839149	0.1025037467479705	0.606419599116793	0.106419599116793	0.212839198233586	0.212839198233586	small	66140686.0	6.518838965433963e-69	0.1584966715161699	3.612039133592043e-50	0.0	3.337645550302189e-67	True	True	True	True	molformer	molformer_0400	0.606419599116793	0.106419599116793	positive	0.212839198233586	True	True
TRAIN	molformer_0367	48152	2383	45769	0	0.0193546933272847	-0.1014007031738677	0.0066692032851278	-0.1248826906085014	-0.218821033835411	0.2479692697525024	-0.3249449431896209	0.1029930412769317	0.1315518938936293	0.6053503853626387	0.1053503853626387	0.2107007707252775	0.2107007707252775	small	66024069.5	1.4286565389584611e-67	0.1610626781700112	8.418849267152439e-52	0.0	6.857551387000614e-66	True	True	True	True	molformer	molformer_0367	0.6053503853626387	0.10535038536263874	positive	0.2107007707252775	True	True
TRAIN	molformer_0485	48152	2383	45769	0	-0.2333388536153972	-0.360231810570784	-0.2294315546751022	-0.3710794746875763	-0.48079614341259	0.016591528430581	-0.6220041513442993	-0.1193215027451515	0.141647920012474	0.6033427071285847	0.1033427071285847	0.2066854142571694	0.2066854142571694	small	65805097.0	4.326605638311381e-65	0.1548293196379156	6.988914741390753e-48	0.0	1.9546077236606709e-63	True	True	True	True	molformer	molformer_0485	0.6033427071285847	0.10334270712858473	positive	0.2066854142571694	True	True
TRAIN	molformer_0536	48152	2383	45769	0	0.4419821415028091	0.3229517751595031	0.4443696141242981	0.3180550634860992	0.2011904865503311	0.6759802997112274	0.1037843823432922	0.5397393703460693	0.1263145506381988	0.6028200492709439	0.1028200492709439	0.2056400985418878	0.2056400985418878	small	65748092.0	1.880626191748754e-64	0.1544571465345501	1.1841576781579435e-47	0.0	8.024005084794684e-63	True	True	True	True	molformer	molformer_0536	0.6028200492709439	0.1028200492709439	positive	0.2056400985418878	True	True
TRAIN	molformer_0418	48152	2383	45769	0	-0.0459706675966517	0.0636358105555172	-0.028158625587821	0.0930264815688133	-0.2408952564001083	0.1840584650635719	-0.1251823902130127	0.2809495627880096	-0.1211851071566343	0.3976653289296639	0.1023346710703361	-0.2046693421406722	0.2046693421406722	small	43372374.0	7.312434185770888e-64	0.1549391506786433	5.980295320906341e-48	0.0	2.955762870880022e-62	True	True	True	True	molformer	molformer_0418	0.3976653289296639	0.10233467107033611	negative	-0.2046693421406722	True	True
TRAIN	molformer_0455	48152	2383	45769	0	0.4364531621898568	0.2761923404096977	0.4217967689037323	0.2322143763303756	0.1014788188040256	0.7526337206363678	-0.0566554814577102	0.5821347832679749	0.1895823925733566	0.602032087882583	0.102032087882583	0.204064175765166	0.204064175765166	small	65662151.0	1.6994709498613488e-63	0.1490361929632823	2.214033211938593e-44	0.0	6.5259684474675796e-62	True	True	True	True	molformer	molformer_0455	0.602032087882583	0.102032087882583	positive	0.204064175765166	True	True
TRAIN	molformer_0312	48152	2383	45769	0	-0.0433108501905459	-0.1431694964788705	-0.05015205219388	-0.1569341123104095	-0.2417423129081726	0.1440885886549949	-0.327374517917633	0.0292946193367242	0.1067820601165294	0.6013885920416991	0.1013885920416991	0.2027771840833983	0.2027771840833983	small	65591966.5	1.0130507284499456e-62	0.1580438878017285	6.966772604811346e-50	0.0	3.704871235474086e-61	True	True	True	True	molformer	molformer_0312	0.6013885920416991	0.10138859204169914	positive	0.2027771840833983	True	True
TRAIN	molformer_0390	48152	2383	45769	0	0.2758376702858798	0.4035077478800932	0.2825538218021393	0.4343204200267792	0.0099643040448427	0.5606364607810974	0.1714890450239181	0.6692197918891907	-0.1517665982246399	0.4015398873030282	0.0984601126969717	-0.1969202253939435	0.1969202253939435	small	43794962.5	2.968226826552319e-59	0.1563342680356179	8.178365510382099e-49	0.0	1.036181001269173e-57	True	False	False	False	molformer	molformer_0390	0.4015398873030282	0.0984601126969718	negative	-0.1969202253939435	False	False
TRAIN	molformer_0440	48152	2383	45769	0	0.0597873544469364	0.1673725767731287	0.0709442421793937	0.1725722402334213	-0.1423832848668098	0.2795252799987793	-0.0133981117978692	0.3580472469329834	-0.1016279980540275	0.4016744415594937	0.0983255584405062	-0.1966511168810125	0.1966511168810125	small	43809638.0	4.25956081903121e-59	0.1496982965424713	8.953018712573922e-45	0.0	1.4223229169634648e-57	True	False	False	False	molformer	molformer_0440	0.4016744415594937	0.09832555844050628	negative	-0.1966511168810125	False	False
TRAIN	molformer_0620	48152	2383	45769	0	0.7528012529808611	0.8849074675625774	0.7579810619354248	0.896198570728302	0.4957104325294494	1.0166410207748413	0.6370406150817871	1.1510534286499023	-0.1382175087928772	0.4019163513260917	0.0980836486739082	-0.1961672973478164	0.1961672973478164	small	43836022.5	8.144334602819159e-59	0.1520731097166987	3.3648913827793823e-46	0.0	2.6061870729021314e-57	True	False	False	False	molformer	molformer_0620	0.4019163513260917	0.09808364867390829	negative	-0.1961672973478164	False	False
TRAIN	molformer_0432	48152	2383	45769	0	0.200513962178666	0.3316779470065179	0.2152620553970337	0.3458543121814728	-0.0387900359928607	0.4622854590415954	0.0963987633585929	0.5845580697059631	-0.1305922567844391	0.4028280800755663	0.0971719199244336	-0.1943438398488672	0.1943438398488672	small	43935462.5	9.237955863019722e-58	0.1521122964491529	3.186142812477652e-46	0.0	2.837900041119659e-56	True	False	False	False	molformer	molformer_0432	0.4028280800755663	0.09717191992443369	negative	-0.1943438398488672	False	False
TRAIN	molformer_0346	48152	2383	45769	0	-1.441288328552724	-1.145943049515886	-1.436763882637024	-1.06284499168396	-2.179198861122132	-0.7387634515762329	-1.733464598655701	-0.5135164260864258	-0.3739188909530639	0.404111028390696	0.0958889716093039	-0.1917779432186079	0.1917779432186079	small	44075390.5	2.7113231401358725e-56	0.1552849731341208	3.658285103696647e-48	0.0	8.008831429324424e-55	True	False	False	False	molformer	molformer_0346	0.404111028390696	0.09588897160930399	negative	-0.1917779432186079	False	False
TRAIN	molformer_0398	48152	2383	45769	0	-0.3972842280801907	-0.5280500025347081	-0.4105668663978576	-0.5578242540359497	-0.6749985218048096	-0.1325500831007957	-0.7935959100723267	-0.2848288714885711	0.147257387638092	0.5954824482267761	0.0954824482267761	0.1909648964535522	0.1909648964535522	small	64947798.0	7.837515848495619e-56	0.1614059425772072	5.0679559063090384e-52	0.0	2.229337841349865e-54	True	False	False	False	molformer	molformer_0398	0.5954824482267761	0.0954824482267761	positive	0.1909648964535522	False	False
TRAIN	molformer_0438	48152	2383	45769	0	0.2884179227934146	0.3969392057669211	0.2920849323272705	0.4338131844997406	0.0526527315378189	0.5493199825286865	0.1851602345705032	0.6442126035690308	-0.1417282521724701	0.4054252829992193	0.0945747170007806	-0.1891494340015612	0.1891494340015612	small	44218733.0	8.251473503332638e-55	0.1595358442481234	7.940709679984738e-51	0.0	2.263261303771238e-53	True	False	False	False	molformer	molformer_0438	0.4054252829992193	0.09457471700078068	negative	-0.1891494340015612	False	False
TRAIN	molformer_0761	48152	2383	45769	0	-0.0699200011040787	-0.1781871702712119	-0.0527820251882076	-0.1683316230773925	-0.2844202071428299	0.1648514047265052	-0.390542060136795	0.0443801470100879	0.1155495978891849	0.5934667795300795	0.0934667795300795	0.186933559060159	0.186933559060159	small	64727954.0	1.4165882780862886e-53	0.1436689950804514	2.9317863048067187e-41	0.0	3.751516543345757e-52	True	False	False	False	molformer	molformer_0761	0.5934667795300795	0.09346677953007954	positive	0.186933559060159	False	False
TRAIN	molformer_0668	48152	2383	45769	0	0.4434702005740032	0.5544333117233643	0.4563485085964203	0.5601666569709778	0.2113572582602501	0.6769179701805115	0.3260740637779236	0.787466287612915	-0.1038181483745575	0.4072308983406215	0.0927691016593784	-0.1855382033187569	0.1855382033187569	small	44415667.0	8.343494197210234e-53	0.1303753957857685	4.992768126076025e-34	0.0	2.13593451448582e-51	True	False	False	False	molformer	molformer_0668	0.4072308983406215	0.09276910165937852	negative	-0.1855382033187569	False	False
TRAIN	molformer_0546	48152	2383	45769	0	-0.1229514049813262	-0.0163807732538357	-0.1217143684625625	-0.0075383852235972	-0.3559406697750091	0.1095616146922111	-0.2285222560167312	0.1979434490203857	-0.1141759832389652	0.4073660806483675	0.0926339193516325	-0.185267838703265	0.185267838703265	small	44430411.0	1.1746322041218272e-52	0.1429777535892969	7.256569798472688e-41	0.0	2.910056557308269e-51	True	False	False	False	molformer	molformer_0546	0.4073660806483675	0.09263391935163251	negative	-0.185267838703265	False	False
TRAIN	molformer_0122	48152	2383	45769	0	-0.8535197437590397	-0.9678240929997434	-0.9070580005645752	-1.0050350427627563	-1.109037697315216	-0.6382842361927032	-1.172222375869751	-0.8072810173034668	0.0979770421981811	0.5922535907502514	0.0922535907502514	0.1845071815005028	0.1845071815005028	small	64595634.5	3.066892549133144e-52	0.1458121444341541	1.7159858460496504e-42	0.0	7.360542117919546e-51	True	False	False	False	molformer	molformer_0122	0.5922535907502514	0.09225359075025141	positive	0.1845071815005028	False	False
TRAIN	molformer_0276	48152	2383	45769	0	-0.2937621234646723	-0.4076049808177654	-0.3090453147888183	-0.4277446866035461	-0.5540379881858826	-0.0612633991986513	-0.6234408020973206	-0.2130076587200164	0.1186993718147277	0.592191244053787	0.0921912440537869	0.1843824881075739	0.1843824881075739	small	64588834.5	3.588072430067312e-52	0.1520749984548562	3.3560514528532783e-46	0.0	8.283473563670316e-51	True	False	False	False	molformer	molformer_0276	0.592191244053787	0.09219124405378698	positive	0.1843824881075739	False	False
TRAIN	molformer_0225	48152	2383	45769	0	-0.054166717520009	0.0529290249638498	-0.0299144685268402	0.0882336422801017	-0.2776809930801391	0.1966576278209686	-0.1370205283164978	0.286428302526474	-0.1181481108069419	0.4078174203032952	0.0921825796967047	-0.1843651593934094	0.1843651593934094	small	44479637.5	3.667162775583213e-52	0.1473717653834765	2.117467766676974e-43	0.0	8.283473563670316e-51	True	False	False	False	molformer	molformer_0225	0.4078174203032952	0.09218257969670479	negative	-0.1843651593934094	False	False
TRAIN	molformer_0735	48152	2383	45769	0	0.2225737854976819	0.0879022387683536	0.2126188725233078	0.0865675508975982	-0.0559023674577474	0.4984344691038131	-0.1807848513126373	0.3570551574230194	0.1260513216257095	0.5909965942475253	0.0909965942475252	0.1819931884950505	0.1819931884950505	small	64458537.0	7.114220072674808e-51	0.1317160239637596	1.003235150462435e-34	0.0	1.5610631473755009e-49	True	False	False	False	molformer	molformer_0735	0.5909965942475253	0.09099659424752526	positive	0.1819931884950505	False	False
TRAIN	molformer_0347	48152	2383	45769	0	-0.202880965211287	-0.312487239272244	-0.2091150879859924	-0.3121298551559448	-0.4342038929462433	0.0372276548296213	-0.5367686152458191	-0.0930127575993537	0.1030147671699523	0.5901926015064044	0.0901926015064044	0.1803852030128088	0.1803852030128088	small	64370847.5	5.196813167294383e-50	0.1373725655299766	9.572997729671005e-38	0.0	1.1086534756894685e-48	True	False	False	False	molformer	molformer_0347	0.5901926015064044	0.0901926015064044	positive	0.1803852030128088	False	False
TRAIN	molformer_0013	48152	2383	45769	0	-0.1606598691801084	-0.2769604082413227	-0.1732197403907776	-0.3073418736457824	-0.448528304696083	0.1153393909335136	-0.5117339491844177	-0.0599458180367946	0.1341221332550048	0.5892951529010096	0.0892951529010096	0.1785903058020193	0.1785903058020193	small	64272965.0	4.685544820384597e-49	0.1483400187482017	5.711049712494109e-44	0.0	9.725671410960462e-48	True	False	False	False	molformer	molformer_0013	0.5892951529010096	0.08929515290100964	positive	0.1785903058020193	False	False
TRAIN	molformer_0253	48152	2383	45769	0	0.0423615582676018	0.1450517329438782	0.0259128268808126	0.132347971200943	-0.1972754299640655	0.2680059969425201	-0.081230953335762	0.3637658059597015	-0.1064351443201303	0.4116712667373489	0.0883287332626511	-0.1766574665253022	0.1766574665253022	small	44899967.0	4.881971803961202e-48	0.136552037161345	2.6740932914592327e-37	0.0	9.866721961690011e-47	True	False	False	False	molformer	molformer_0253	0.4116712667373489	0.08832873326265112	negative	-0.1766574665253022	False	False
TRAIN	molformer_0572	48152	2383	45769	0	0.2180535409507846	0.1344943314562453	0.2333182841539383	0.14139124751091	0.0482562500983476	0.4121559858322143	-0.049647007137537	0.3339917957782745	0.0919270366430282	0.5871480335297233	0.0871480335297233	0.1742960670594466	0.1742960670594466	small	64038784.0	8.264507070483135e-47	0.1395315124363276	6.226248480712721e-39	0.0	1.6274721615720637e-45	True	False	False	False	molformer	molformer_0572	0.5871480335297233	0.08714803352972333	positive	0.1742960670594466	False	False
TRAIN	molformer_0430	48152	2383	45769	0	0.1466008834678119	0.2672373307813215	0.1469487845897674	0.2753092050552368	-0.1461216062307357	0.4090130776166916	-0.0059401579201221	0.5371652841567993	-0.1283604204654693	0.4130979012662495	0.0869020987337504	-0.1738041974675009	0.1738041974675009	small	45055566.5	1.4827658230911551e-46	0.1282945381167393	5.8313137751909485e-33	0.0	2.8469103803350174e-45	True	False	False	False	molformer	molformer_0430	0.4130979012662495	0.08690209873375049	negative	-0.1738041974675009	False	False
TRAIN	molformer_0713	48152	2383	45769	0	0.1124276491906718	0.2401341741723163	0.117688275873661	0.2354346066713333	-0.1650136560201645	0.3787126243114471	-0.0458252541720867	0.5192984938621521	-0.1177463307976722	0.41328817788268	0.0867118221173199	-0.1734236442346399	0.1734236442346399	small	45076319.5	2.3280368794088024e-46	0.1207965777018122	2.9353159347490717e-29	0.0	4.3608105448438064e-45	True	False	False	False	molformer	molformer_0713	0.41328817788268	0.08671182211731998	negative	-0.1734236442346399	False	False
TRAIN	molformer_0672	48152	2383	45769	0	-0.1664715274044373	-0.065253119997763	-0.1601881682872772	-0.0572191141545772	-0.3899416029453277	0.0599171295762062	-0.2745258808135986	0.1560089886188507	-0.1029690541326999	0.4135166876938541	0.0864833123061459	-0.1729666246122918	0.1729666246122918	small	45101242.5	3.9967926643118604e-46	0.1295836660897243	1.2780018168558897e-33	0.0	7.308420871884544e-45	True	False	False	False	molformer	molformer_0672	0.4135166876938541	0.08648331230614592	negative	-0.1729666246122918	False	False
TRAIN	molformer_0210	48152	2383	45769	0	0.3608642454361248	0.2454971231557204	0.3756795823574066	0.2623075842857361	0.1083326153457164	0.6293688118457794	-0.0082159955054521	0.5043317675590515	0.1133719980716705	0.5860275946295179	0.0860275946295179	0.1720551892590358	0.1720551892590358	small	63916580.5	1.1694623755173556e-45	0.1265216456223492	4.586389661111818e-32	0.0	2.088714196272859e-44	True	False	False	False	molformer	molformer_0210	0.5860275946295179	0.08602759462951792	positive	0.1720551892590358	False	False
TRAIN	molformer_0607	48152	2383	45769	0	-0.2650609305913025	-0.175691542362144	-0.2922296226024627	-0.1801051497459411	-0.4959811568260193	-0.0638519637286663	-0.391068160533905	0.0300296042114496	-0.1121244728565216	0.4140000212895631	0.0859999787104368	-0.1719999574208737	0.1719999574208737	small	45153958.5	1.2478532401943265e-45	0.1470045708471963	3.472527338602668e-43	0.0	2.1780711101573698e-44	True	False	False	False	molformer	molformer_0607	0.4140000212895631	0.08599997871043691	negative	-0.1719999574208737	False	False
TRAIN	molformer_0088	48152	2383	45769	0	0.2038684705654202	0.3017053142178202	0.2138769477605819	0.3211979269981384	-0.0228285687044262	0.4323997348546982	0.0861219018697738	0.5338894724845886	-0.1073209792375564	0.4140934634008892	0.0859065365991108	-0.1718130731982216	0.1718130731982216	small	45164150.0	1.5539553711530192e-45	0.1333100456197195	1.4565134701632858e-35	0.0	2.652083833434486e-44	True	False	False	False	molformer	molformer_0088	0.4140934634008892	0.0859065365991108	negative	-0.1718130731982216	False	False
TRAIN	molformer_0064	48152	2383	45769	0	-0.1847341419313246	-0.2945577208704329	-0.1716489046812057	-0.2738673388957977	-0.4149425029754638	0.0580246113240718	-0.5423943996429443	-0.0360296480357646	0.1022184342145919	0.5854230517209764	0.0854230517209764	0.1708461034419528	0.1708461034419528	small	63850644.5	4.8169144537524783e-45	0.1260267320446351	8.114389534389919e-32	0.0	8.042152827134571e-44	True	False	False	False	molformer	molformer_0064	0.5854230517209764	0.08542305172097642	positive	0.1708461034419528	False	False
TRAIN	molformer_0722	48152	2383	45769	0	0.077715801670334	0.1956104489644828	0.0572448074817657	0.1644751131534576	-0.1955277472734451	0.3182727247476578	-0.0676116272807121	0.4209380447864532	-0.1072303056716919	0.4152237815018947	0.0847762184981053	-0.1695524369962106	0.1695524369962106	small	45287431.0	2.1667274184406546e-44	0.1243856019583171	5.2949835580237045e-31	0.0	3.540524802898772e-43	True	False	False	False	molformer	molformer_0722	0.4152237815018947	0.0847762184981053	negative	-0.1695524369962106	False	False
TRAIN	molformer_0252	48152	2383	45769	0	-0.3264234687714971	-0.4453680779183572	-0.3346573710441589	-0.445476233959198	-0.5883562862873077	-0.0749220140278339	-0.7143198251724243	-0.1861397176980972	0.110818862915039	0.5846043662473432	0.0846043662473432	0.1692087324946865	0.1692087324946865	small	63761352.5	3.2246163364652237e-44	0.1192079288641064	1.671174754965816e-28	0.0	5.159386138344357e-43	True	False	False	False	molformer	molformer_0252	0.5846043662473432	0.08460436624734324	positive	0.1692087324946865	False	False
TRAIN	molformer_0671	48152	2383	45769	0	0.0578144972059741	0.1778464756100166	0.0944529846310615	0.2016642838716507	-0.1890550255775451	0.3457084149122238	-0.0379551239311695	0.418147474527359	-0.1072112992405891	0.4155127217654802	0.0844872782345197	-0.1689745564690394	0.1689745564690394	small	45318945.0	4.2259767862308033e-44	0.127102661821607	2.34056694404825e-32	0.0	6.6235717792352185e-43	True	False	False	False	molformer	molformer_0671	0.4155127217654802	0.08448727823451979	negative	-0.1689745564690394	False	False
TRAIN	molformer_0135	48152	2383	45769	0	-0.029892732894735	-0.1246982205602972	-0.025521045550704	-0.1231999993324279	-0.2561046332120895	0.1929565221071243	-0.3509257733821869	0.097963199019432	0.0976789537817239	0.5843080177292367	0.0843080177292366	0.1686160354584733	0.1686160354584733	small	63729030.5	6.388933898829033e-44	0.1265552211521217	4.411895929467744e-32	0.0	9.813402468601393e-43	True	False	False	False	molformer	molformer_0135	0.5843080177292367	0.08430801772923668	positive	0.1686160354584733	False	False
TRAIN	molformer_0449	48152	2383	45769	0	-0.3961553847785045	-0.2725436847392664	-0.4157801270484924	-0.2594958245754242	-0.7131744921207428	-0.0704319067299366	-0.5561015009880066	0.0286590717732906	-0.1562843024730682	0.4157043278335264	0.0842956721664735	-0.1685913443329471	0.1685913443329471	small	45339843.0	6.573197006601533e-44	0.1405619474621442	1.6639366874342018e-39	0.0	9.898461374647014e-43	True	False	False	False	molformer	molformer_0449	0.4157043278335264	0.0842956721664736	negative	-0.1685913443329471	False	False
TRAIN	molformer_0112	48152	2383	45769	0	-0.3242892104424421	-0.2254637089638511	-0.3137554824352264	-0.224244087934494	-0.5349191427230835	-0.1019063740968704	-0.431859016418457	-0.0140440911054611	-0.0895113945007324	0.4160831619479187	0.0839168380520812	-0.1678336761041625	0.1678336761041625	small	45381161.5	1.5697232967068572e-43	0.1180904651849307	5.601275444216669e-28	0.0	2.318360561290128e-42	True	False	False	False	molformer	molformer_0112	0.4160831619479187	0.08391683805208128	negative	-0.1678336761041625	False	False
TRAIN	molformer_0410	48152	2383	45769	0	0.5500274895329191	0.6462627396004227	0.5621985197067261	0.6771697998046875	0.3238410502672195	0.7852343022823334	0.4347330629825592	0.8949350714683533	-0.1149712800979614	0.4162094506827866	0.0837905493172134	-0.1675810986344268	0.1675810986344268	small	45394935.5	2.09640247468197e-43	0.1301142731511644	6.811559882291539e-34	0.0	3.037805850105194e-42	True	False	False	False	molformer	molformer_0410	0.4162094506827866	0.08379054931721341	negative	-0.1675810986344268	False	False
TRAIN	molformer_0149	48152	2383	45769	0	-0.3150163479098291	-0.4106354438322938	-0.3533255457878113	-0.4253848195075989	-0.5340593159198761	-0.1220411323010921	-0.585483729839325	-0.2468501627445221	0.0720592737197876	0.5827289959549555	0.0827289959549555	0.165457991909911	0.165457991909911	small	63556810.5	2.345675146267227e-42	0.128723914314111	3.523176745597522e-33	0.0	3.3360713191356117e-41	True	False	False	False	molformer	molformer_0149	0.5827289959549555	0.08272899595495553	positive	0.165457991909911	False	False
TRAIN	molformer_0591	48152	2383	45769	0	0.0003008750145	-0.0933375703548251	-0.0013881952036172	-0.0947142168879509	-0.2136846259236335	0.2091915160417556	-0.3010415136814117	0.1095085218548774	0.0933260216843336	0.5827030991543432	0.0827030991543431	0.1654061983086863	0.1654061983086863	small	63553986.0	2.4870701037345828e-42	0.1281258719655393	7.104350579241211e-33	0.0	3.4728542539421087e-41	True	False	False	False	molformer	molformer_0591	0.5827030991543432	0.08270309915434315	positive	0.1654061983086863	False	False
TRAIN	molformer_0486	48152	2383	45769	0	0.5111713642974068	0.6440977962409744	0.5173507928848267	0.6486176252365112	0.1860718131065368	0.850566178560257	0.365431547164917	0.9340047836303712	-0.1312668323516845	0.4173393470267277	0.0826606529732722	-0.1653213059465444	0.1653213059465444	small	45518170.5	2.7373853499584387e-42	0.1348470842288374	2.2155895136124172e-36	0.0	3.7541284799430006e-41	True	False	False	False	molformer	molformer_0486	0.4173393470267277	0.0826606529732723	negative	-0.1653213059465444	False	False
TRAIN	molformer_0117	48152	2383	45769	0	0.5769398796901285	0.6854081429648259	0.5764567852020264	0.6936802268028259	0.3128102719783783	0.8408555388450623	0.438855767250061	0.9522125720977784	-0.1172234416007995	0.4175895727423984	0.0824104272576016	-0.1648208545152032	0.1648208545152032	small	45545462.0	4.813109882492986e-42	0.1196250190948218	1.060925332841402e-28	0.0	6.485032262727392e-41	True	False	False	False	molformer	molformer_0117	0.4175895727423984	0.08241042725760162	negative	-0.1648208545152032	False	False
TRAIN	molformer_0318	48152	2383	45769	0	-0.0110771019285053	0.0825892865219214	-0.0001434976438758	0.0958679094910621	-0.2333325147628784	0.2232753336429596	-0.1162940114736557	0.2956668436527252	-0.096011407134938	0.4176147177152004	0.0823852822847995	-0.1647705645695991	0.1647705645695991	small	45548204.5	5.0934728581390736e-42	0.1285426504627724	4.359193890035467e-33	0.0	6.744460612156566e-41	True	False	False	False	molformer	molformer_0318	0.4176147177152004	0.08238528228479958	negative	-0.1647705645695991	False	False
TRAIN	molformer_0017	48152	2383	45769	0	-0.039779624588287	0.0534354138365214	-0.0526405610144138	0.049107126891613	-0.2637631893157959	0.1732683852314949	-0.1788113564252853	0.2717725932598114	-0.1017476879060268	0.4181583671554228	0.0818416328445771	-0.1636832656891542	0.1636832656891542	small	45607499.0	1.725085559152835e-41	0.1285547255508966	4.29783946416517e-33	0.0	2.245535100727758e-40	True	False	False	False	molformer	molformer_0017	0.4181583671554228	0.08184163284457718	negative	-0.1636832656891542	False	False
TRAIN	molformer_0561	48152	2383	45769	0	0.2334233824686774	0.3222083097275393	0.2464531511068344	0.330150842666626	0.0220298143103718	0.4482674747705459	0.1387033462524414	0.5144794583320618	-0.0836976915597915	0.4184557471446106	0.0815442528553893	-0.1630885057107787	0.1630885057107787	small	45639933.5	3.350770942144816e-41	0.1329282271156656	2.3173704516784657e-35	0.0	4.288986805945364e-40	True	False	False	False	molformer	molformer_0561	0.4184557471446106	0.08154425285538941	negative	-0.1630885057107787	False	False
TRAIN	molformer_0266	48152	2383	45769	0	-0.2069579735295702	-0.1239929468086504	-0.2147064954042434	-0.1282871216535568	-0.4121364504098892	-0.0138511392287909	-0.3108610808849334	0.0536540262401104	-0.0864193737506866	0.4184944112650505	0.0815055887349495	-0.163011177469899	0.163011177469899	small	45644150.5	3.652216184205969e-41	0.129349013295222	1.6866545848219913e-33	0.0	4.5982000483117775e-40	True	False	False	False	molformer	molformer_0266	0.4184944112650505	0.08150558873494951	negative	-0.163011177469899	False	False
TRAIN	molformer_0200	48152	2383	45769	0	0.1212880162080244	0.2397086371757568	0.1352772414684295	0.2463319301605224	-0.1460935547947883	0.3939639180898666	-0.0519880168139934	0.5304690599441528	-0.1110546886920929	0.4190100597036549	0.080989940296345	-0.16197988059269	0.16197988059269	small	45700391.0	1.147689543058492e-40	0.1281851746762351	6.62803940522491e-33	0.0	1.4216541436595515e-39	True	False	False	False	molformer	molformer_0200	0.4190100597036549	0.0809899402963451	negative	-0.16197988059269	False	False
TRAIN	molformer_0502	48152	2383	45769	0	-0.1384259507623649	-0.267278287410235	-0.1159687414765358	-0.2472561448812484	-0.424862340092659	0.1694343164563179	-0.5683676600456238	0.0545456036925315	0.1312874034047126	0.5807578684717037	0.0807578684717037	0.1615157369434074	0.1615157369434074	small	63341824.5	1.916925974154643e-40	0.1208261557081055	2.841156535347901e-29	0.0	2.336824044683756e-39	True	False	False	False	molformer	molformer_0502	0.5807578684717037	0.08075786847170374	positive	0.1615157369434074	False	False
TRAIN	molformer_0511	48152	2383	45769	0	-0.0923804260580014	0.0072156735586907	-0.1209784224629402	-0.0185039117932319	-0.3486298471689224	0.1340982913970947	-0.2435167580842971	0.2294382005929947	-0.1024745106697082	0.4195892880197054	0.0804107119802945	-0.1608214239605891	0.1608214239605891	small	45763566.0	4.117970449237894e-40	0.129883471182032	8.958979144846358e-34	0.0	4.9415645390854725e-39	True	False	False	False	molformer	molformer_0511	0.4195892880197054	0.08041071198029459	negative	-0.1608214239605891	False	False
TRAIN	molformer_0339	48152	2383	45769	0	-0.0906747088366864	-0.1708224690041363	-0.1008808016777038	-0.1796728074550628	-0.2923069149255752	0.1228929832577705	-0.3524255752563476	0.0052886782214045	0.078792005777359	0.5800354903068445	0.0800354903068445	0.160070980613689	0.160070980613689	small	63263036.5	9.3759723827397e-40	0.1288855939678544	2.9130102670671798e-33	0.0	1.107807198452937e-38	True	False	False	False	molformer	molformer_0339	0.5800354903068445	0.08003549030684454	positive	0.160070980613689	False	False
TRAIN	molformer_0016	48152	2383	45769	0	0.2512606300763367	0.1369149232948508	0.2467086762189865	0.1348949074745178	-0.021704863756895	0.5304550230503082	-0.1430366337299347	0.4104050695896148	0.1118137687444686	0.5797794058354326	0.0797794058354326	0.1595588116708652	0.1595588116708652	small	63235106.0	1.640375049202282e-39	0.1181597708729565	5.198228210704091e-28	0.0	1.9088000572535641e-38	True	False	False	False	molformer	molformer_0016	0.5797794058354326	0.07977940583543264	positive	0.1595588116708652	False	False
TRAIN	molformer_0134	48152	2383	45769	0	-0.3437872739061614	-0.2448995400898208	-0.3542799949645996	-0.2628486752510071	-0.5771980285644531	-0.1287058666348457	-0.48784139752388	-0.0223191995173692	-0.0914313197135925	0.4211464976188558	0.0788535023811441	-0.1577070047622882	0.1577070047622882	small	45933407.0	1.22137947353733e-38	0.1099626105944439	2.6198767210454163e-24	0.0	1.400029008472641e-37	True	False	False	False	molformer	molformer_0134	0.4211464976188558	0.07885350238114419	negative	-0.1577070047622882	False	False
TRAIN	molformer_0471	48152	2383	45769	0	0.507284550247285	0.4042822124022718	0.4953263998031616	0.3953002393245697	0.2333898916840553	0.771002322435379	0.1700939983129501	0.6301126480102539	0.1000261604785919	0.57872733283849	0.0787273328384899	0.1574546656769799	0.1574546656769799	small	63120359.0	1.60281473002369e-38	0.1312240993600231	1.81123629960697e-34	0.0	1.8102378127326385e-37	True	False	False	False	molformer	molformer_0471	0.57872733283849	0.07872733283848998	positive	0.1574546656769799	False	False
TRAIN	molformer_0442	48152	2383	45769	0	-0.3481825999715572	-0.2611390721134684	-0.3376984000205993	-0.2623808085918426	-0.5586361587047577	-0.148342989385128	-0.472892165184021	-0.0548815131187438	-0.0753175914287567	0.4214950110677763	0.0785049889322236	-0.1570099778644472	0.1570099778644472	small	45971418.5	2.584837585614167e-38	0.1144051794628111	2.7867075831583416e-26	0.0	2.8770366170314204e-37	True	False	False	False	molformer	molformer_0442	0.4214950110677763	0.07850498893222368	negative	-0.1570099778644472	False	False
TRAIN	molformer_0132	48152	2383	45769	0	0.017759572000821	0.1115724344575845	-0.0087711215019226	0.0985742956399917	-0.2314952984452247	0.25171560049057	-0.1408054828643798	0.3516937792301178	-0.1073454171419143	0.4222049657365019	0.0777950342634981	-0.1555900685269962	0.1555900685269962	small	46048851.5	1.1783278467071752e-37	0.1234027521317137	1.608947276617931e-30	0.0	1.2927939803873009e-36	True	False	False	False	molformer	molformer_0132	0.4222049657365019	0.0777950342634981	negative	-0.1555900685269962	False	False
TRAIN	molformer_0065	48152	2383	45769	0	0.0166642325210567	-0.0659891920294578	0.0277808457612991	-0.0603395737707614	-0.1820842921733856	0.2131993472576141	-0.2728430330753326	0.1380585134029388	0.0881204195320606	0.5777760001838127	0.0777760001838127	0.1555520003676254	0.1555520003676254	small	63016599.5	1.2270103158964817e-37	0.11872851027419	2.8118126204169873e-28	0.0	1.3272449614204196e-36	True	False	False	False	molformer	molformer_0065	0.5777760001838127	0.0777760001838127	positive	0.1555520003676254	False	False
TRAIN	molformer_0665	48152	2383	45769	0	-0.5591268982531904	-0.4395007058977699	-0.5508812665939331	-0.4382201433181762	-0.8404513001441956	-0.2698109000921249	-0.7206345796585083	-0.1640250533819198	-0.1126611232757568	0.422979073322163	0.0770209266778369	-0.1540418533556738	0.1540418533556738	small	46133281.5	6.065851762443778e-37	0.1176830203549036	8.680831681761155e-28	0.0	6.470241879940029e-36	True	False	False	False	molformer	molformer_0665	0.422979073322163	0.077020926677837	negative	-0.1540418533556738	False	False
TRAIN	molformer_0614	48152	2383	45769	0	-0.6364467643788606	-0.730550190568499	-0.6688635945320129	-0.7492529153823853	-0.8928130567073822	-0.388342410326004	-0.939866065979004	-0.5411478281021118	0.0803893208503723	0.5769468991444172	0.0769468991444172	0.1538937982888344	0.1538937982888344	small	62926171.5	7.0888509778426736e-37	0.1303586171895141	5.093520572574394e-34	0.0	7.45785965888106e-36	True	False	False	False	molformer	molformer_0614	0.5769468991444172	0.07694689914441721	positive	0.1538937982888344	False	False
TRAIN	molformer_0402	48152	2383	45769	0	-0.1610152559703023	-0.2662881153763284	-0.1606181561946869	-0.2737559378147125	-0.4263051748275757	0.1058668233454227	-0.5666619539260864	0.0158434100449085	0.1131377816200256	0.576830677567302	0.076830677567302	0.153661355134604	0.153661355134604	small	62913495.5	9.05125046998369e-37	0.1247209354989776	3.6165512607317413e-31	0.0	9.393730217496586e-36	True	False	False	False	molformer	molformer_0402	0.576830677567302	0.076830677567302	positive	0.153661355134604	False	False
TRAIN	molformer_0243	48152	2383	45769	0	-0.3560480216603756	-0.4502695033175381	-0.3515534698963165	-0.4482420682907104	-0.6036720871925354	-0.1156868226826191	-0.6834609508514404	-0.2248400300741195	0.0966885983943939	0.576276786765322	0.076276786765322	0.152553573530644	0.152553573530644	small	62853084.0	2.886292539859428e-36	0.1203694936623986	4.6958996242736513e-29	0.0	2.9555635608160544e-35	True	False	False	False	molformer	molformer_0243	0.576276786765322	0.07627678676532201	positive	0.152553573530644	False	False
TRAIN	molformer_0697	48152	2383	45769	0	-0.0398628957991146	0.0580306394519324	-0.043974619358778	0.0742174088954925	-0.2883920967578888	0.2330318614840507	-0.2135455310344696	0.3493916690349579	-0.1181920282542705	0.4239224063455661	0.0760775936544339	-0.1521551873088678	0.1521551873088678	small	46236168.5	4.370982310601999e-36	0.1199702455892303	7.274794685038333e-29	0.0	4.4169926507135984e-35	True	False	False	False	molformer	molformer_0697	0.4239224063455661	0.0760775936544339	negative	-0.1521551873088678	False	False
TRAIN	molformer_0273	48152	2383	45769	0	0.3837228305892052	0.4852629519401571	0.4034312665462494	0.510339617729187	0.1153830140829086	0.6504054665565491	0.2310506254434585	0.7606181502342224	-0.1069083511829376	0.4240168661750256	0.0759831338249743	-0.1519662676499487	0.1519662676499487	small	46246471.0	5.319707464556174e-36	0.1247047345265287	3.683869147596616e-31	0.0	5.305890042570313e-35	True	False	False	False	molformer	molformer_0273	0.4240168661750256	0.0759831338249744	negative	-0.1519662676499487	False	False
TRAIN	molformer_0505	48152	2383	45769	0	-0.0382779311369467	0.0435703595110129	-0.0302444137632846	0.0485826805233955	-0.2468312680721283	0.1702638268470764	-0.1391624510288238	0.22893987596035	-0.0788270942866802	0.4243708991403096	0.0756291008596903	-0.1512582017193807	0.1512582017193807	small	46285084.5	1.1083863079064754e-35	0.1201966649523464	5.676618021580984e-29	0.0	1.0913342108617603e-34	True	False	False	False	molformer	molformer_0505	0.4243708991403096	0.07562910085969038	negative	-0.1512582017193807	False	False
TRAIN	molformer_0421	48152	2383	45769	0	-0.4833260306289308	-0.3993320201995774	-0.4661031663417816	-0.3805503845214844	-0.692814975976944	-0.2523194104433059	-0.5961849093437195	-0.1833205223083496	-0.0855527818202972	0.4247267474946966	0.0752732525053034	-0.1505465050106068	0.1505465050106068	small	46323896.0	2.3101894686297725e-35	0.1118891143465644	3.7351863945052513e-25	0.0	2.245855078364133e-34	True	False	False	False	molformer	molformer_0421	0.4247267474946966	0.07527325250530342	negative	-0.1505465050106068	False	False
TRAIN	molformer_0663	48152	2383	45769	0	0.0918319282728691	0.1848240772100488	0.0860225707292556	0.2166769504547119	-0.1855674460530281	0.3757473230361938	-0.0468354821205139	0.4335466921329498	-0.1306543797254562	0.4252893164067065	0.0747106835932935	-0.149421367186587	0.149421367186587	small	46385254.0	7.325931950480036e-35	0.1390645356798087	1.1285718879736043e-38	0.0	7.032894672460836e-34	True	False	False	False	molformer	molformer_0663	0.4252893164067065	0.07471068359329353	negative	-0.149421367186587	False	False
TRAIN	molformer_0513	48152	2383	45769	0	0.4920890629014541	0.6010588715499134	0.4741036593914032	0.5680456757545471	0.2423981800675392	0.7296189963817596	0.3414025008678436	0.8277307748794556	-0.0939420163631439	0.4255060491102911	0.0744939508897089	-0.1489879017794178	0.1489879017794178	small	46408892.5	1.1401663103112592e-34	0.1129274252271255	1.2888725033200915e-25	0.0	1.0810465757025274e-33	True	False	False	False	molformer	molformer_0513	0.4255060491102911	0.0744939508897089	negative	-0.1489879017794178	False	False
TRAIN	molformer_0138	48152	2383	45769	0	0.3170642895052029	0.4042068219207758	0.3459796607494354	0.4347542524337768	0.1101315133273601	0.5595859289169312	0.197523146867752	0.6517752408981323	-0.0887745916843414	0.4255192473558147	0.0744807526441852	-0.1489615052883705	0.1489615052883705	small	46410332.0	1.1712481923981822e-34	0.1212627751246253	1.754150077217775e-29	0.0	1.0969739167826879e-33	True	False	False	False	molformer	molformer_0138	0.4255192473558147	0.0744807526441853	negative	-0.1489615052883705	False	False
TRAIN	molformer_0090	48152	2383	45769	0	-0.5129727143076106	-0.4286854365747641	-0.5213398337364197	-0.4287628829479217	-0.7233798801898956	-0.3057052344083786	-0.6503055095672607	-0.2077599614858627	-0.0925769507884979	0.4257197699183186	0.0742802300816813	-0.1485604601633627	0.1485604601633627	small	46432202.5	1.761425839541495e-34	0.1195104387028047	1.202168970949885e-28	0.0	1.6298494515275518e-33	True	False	False	False	molformer	molformer_0090	0.4257197699183186	0.07428023008168139	negative	-0.1485604601633627	False	False
TRAIN	molformer_0217	48152	2383	45769	0	-0.3688894510489001	-0.4833490428303624	-0.3582620620727539	-0.482105404138565	-0.672089010477066	-0.0924912504851818	-0.7969788312911987	-0.1792183965444564	0.1238433420658111	0.5738826140249792	0.0738826140249792	0.1477652280499584	0.1477652280499584	small	62591957.5	3.943392844232822e-34	0.1197551678236915	9.203753726335127e-29	0.0	3.605387743298579e-33	True	False	False	False	molformer	molformer_0217	0.5738826140249792	0.0738826140249792	positive	0.1477652280499584	False	False
TRAIN	molformer_0341	48152	2383	45769	0	-0.2066134493000013	-0.2917290394066884	-0.1975343227386474	-0.3043358325958252	-0.4503871500492096	0.032267827540636	-0.5383139252662659	-0.0553004182875156	0.1068015098571777	0.5732806108274555	0.0732806108274555	0.146561221654911	0.146561221654911	negligible	62526298.5	1.3251375515554237e-33	0.1172050137342896	1.4485697817093306e-27	0.0	1.1973007524641944e-32	True	False	False	False	molformer	molformer_0341	0.5732806108274555	0.07328061082745552	positive	0.146561221654911	False	False
TRAIN	molformer_0526	48152	2383	45769	0	-0.1171870103512818	-0.2050782384627158	-0.1468816101551056	-0.2294042855501175	-0.3588871657848358	0.0923188328742981	-0.4169426262378692	-0.0195046514272689	0.0825226753950119	0.5727178677114408	0.0727178677114408	0.1454357354228816	0.1454357354228816	negligible	62464921.5	4.078306046968398e-33	0.1156156222374052	7.830181026763778e-27	0.0	3.642022144269453e-32	True	False	False	False	molformer	molformer_0526	0.5727178677114408	0.07271786771144084	positive	0.1454357354228816	False	False
TRAIN	molformer_0404	48152	2383	45769	0	-0.0093109319385201	0.0681886129164564	-0.0140403248369693	0.0614363439381122	-0.2106092870235443	0.1802930161356926	-0.1345385313034057	0.2567070722579956	-0.0754766687750816	0.4272940790158375	0.0727059209841624	-0.1454118419683249	0.1454118419683249	negligible	46603908.5	4.176420116475311e-33	0.1150293432434752	1.4505633722898623e-26	0.0	3.686770861440274e-32	True	False	False	False	molformer	molformer_0404	0.4272940790158375	0.07270592098416251	negative	-0.1454118419683249	False	False
TRAIN	molformer_0002	48152	2383	45769	0	0.1775772306922929	0.1045151381165288	0.1695685684680938	0.1017884761095047	-0.0116050005890429	0.3531874269247055	-0.0712607949972152	0.274916410446167	0.0677800923585891	0.5726752748322606	0.0726752748322605	0.1453505496645211	0.1453505496645211	negligible	62460276.0	4.438957029781238e-33	0.114313713191645	3.06558273185305e-26	0.0	3.873998862354536e-32	True	False	False	False	molformer	molformer_0002	0.5726752748322606	0.07267527483226055	positive	0.1453505496645211	False	False
TRAIN	molformer_0206	48152	2383	45769	0	0.3028396834911774	0.3986954664961534	0.3228091895580292	0.3907221555709839	0.0815234519541263	0.5243236720561981	0.158916100859642	0.6574791669845581	-0.0679129660129547	0.4273430074196144	0.0726569925803855	-0.1453139851607711	0.1453139851607711	negligible	46609245.0	4.6033146327609066e-33	0.1216335729332159	1.163079841779273e-29	0.0	3.9722984696184e-32	True	False	False	False	molformer	molformer_0206	0.4273430074196144	0.0726569925803856	negative	-0.1453139851607711	False	False
TRAIN	molformer_0688	48152	2383	45769	0	-0.4524588456607823	-0.5240157578482403	-0.4577053785324096	-0.5362952947616577	-0.6373717188835144	-0.2760500013828277	-0.7350093722343445	-0.327207863330841	0.078589916229248	0.5723671537908803	0.0723671537908803	0.1447343075817606	0.1447343075817606	negligible	62426670.0	8.182205218742969e-33	0.1216692755855737	1.1178858693156764e-29	0.0	6.982148453327335e-32	True	False	False	False	molformer	molformer_0688	0.5723671537908803	0.07236715379088032	positive	0.1447343075817606	False	False
TRAIN	molformer_0275	48152	2383	45769	0	-0.5127341702807592	-0.6263609785612647	-0.5293864011764526	-0.6270067691802979	-0.8091907203197479	-0.2416749075055122	-0.9314167499542236	-0.3407654762268066	0.0976203680038452	0.5722305320079367	0.0722305320079367	0.1444610640158734	0.1444610640158734	negligible	62411769.0	1.0722036976498522e-32	0.0985396964212822	1.3480735931426242e-19	0.0	9.048927909836116e-32	True	False	False	False	molformer	molformer_0275	0.5722305320079367	0.07223053200793672	positive	0.1444610640158734	False	False
TRAIN	molformer_0401	48152	2383	45769	0	0.3918956403338104	0.491805319040194	0.4107163548469543	0.5058605074882507	0.1426972523331642	0.6636409163475037	0.2559051811695099	0.7491740584373474	-0.0951441526412963	0.4277765003326792	0.0722234996673207	-0.1444469993346415	0.1444469993346415	negligible	46656525.0	1.0872130884879046e-32	0.1040267466594342	8.542167081704514e-22	0.0	9.0758657821599e-32	True	False	False	False	molformer	molformer_0401	0.4277765003326792	0.07222349966732078	negative	-0.1444469993346415	False	False
TRAIN	molformer_0324	48152	2383	45769	0	-0.6104330113970473	-0.4758558360196089	-0.593951940536499	-0.4955260753631592	-0.8926220238208771	-0.3056826591491699	-0.8149689435958862	-0.1262774020433426	-0.0984258651733398	0.428042143102777	0.0719578568972229	-0.1439157137944459	0.1439157137944459	negligible	46685498.0	1.8363202300237234e-32	0.1167863831734261	2.264344029405977e-27	0.0	1.516445093180881e-31	True	False	False	False	molformer	molformer_0324	0.428042143102777	0.071957856897223	negative	-0.1439157137944459	False	False
TRAIN	molformer_0531	48152	2383	45769	0	-0.3814285058382898	-0.2772774715947175	-0.3676652312278747	-0.2708248794078827	-0.6633758842945099	-0.0848766304552555	-0.5335218906402588	-0.0094820270314812	-0.096840351819992	0.4284905763014137	0.0715094236985862	-0.1430188473971725	0.1430188473971725	negligible	46734407.5	4.429363387214985e-32	0.1105293145594105	1.4824166846721403e-24	0.0	3.610927310903038e-31	True	False	False	False	molformer	molformer_0531	0.4284905763014137	0.07150942369858632	negative	-0.1430188473971725	False	False
TRAIN	molformer_0598	48152	2383	45769	0	0.5833125337818129	0.725903157690293	0.6087413430213928	0.7308754324913025	0.2349762693047523	0.9446893632411956	0.3727282583713531	1.0758332014083862	-0.1221340894699096	0.4284948580524798	0.0715051419475202	-0.1430102838950404	0.1430102838950404	negligible	46734874.5	4.466641855934748e-32	0.1015106815431874	9.003851285593426e-21	0.0	3.610927310903038e-31	True	False	False	False	molformer	molformer_0598	0.4284948580524798	0.07150514194752022	negative	-0.1430102838950404	False	False
TRAIN	molformer_0174	48152	2383	45769	0	-0.8805091504793466	-0.9659036956427068	-0.9129024744033812	-1.011023998260498	-1.1480714678764343	-0.6323645710945129	-1.2393953800201416	-0.7393457889556885	0.0981215238571167	0.5713582925557668	0.0713582925557667	0.1427165851115335	0.1427165851115335	negligible	62316636.0	5.952294310969464e-32	0.1131820381331283	9.913687886857948e-26	0.0	4.761835448775571e-31	True	False	False	False	molformer	molformer_0174	0.5713582925557668	0.07135829255576676	positive	0.1427165851115335	False	False
TRAIN	molformer_0110	48152	2383	45769	0	0.4745320458747397	0.5633551891125287	0.514752209186554	0.6290789842605591	0.2252364605665207	0.7526056468486786	0.3078661561012268	0.8585417866706848	-0.1143267750740051	0.4287390691456679	0.0712609308543321	-0.1425218617086642	0.1425218617086642	negligible	46761510.0	7.19819771672918e-32	0.1269717612649272	2.724329805515167e-32	0.0	5.6991915942763e-31	True	False	False	False	molformer	molformer_0110	0.4287390691456679	0.0712609308543321	negative	-0.1425218617086642	False	False
TRAIN	molformer_0358	48152	2383	45769	0	0.4658519683220215	0.5501252775227691	0.4687295258045196	0.5554376840591431	0.2635364532470703	0.6842612326145172	0.3152114152908325	0.7923530340194702	-0.0867081582546234	0.4290545205081985	0.0709454794918014	-0.1418909589836029	0.1418909589836029	negligible	46795915.5	1.3301102545534055e-31	0.1147078084937234	2.0314366347721016e-26	0.0	1.0423721178540976e-30	True	False	False	False	molformer	molformer_0358	0.4290545205081985	0.07094547949180152	negative	-0.1418909589836029	False	False
TRAIN	molformer_0317	48152	2383	45769	0	0.2257714877614634	0.3466129230060787	0.1969261765480041	0.3221561312675476	-0.0820214748382568	0.5179528594017029	-0.0191755518317222	0.6980867981910706	-0.1252299547195434	0.4290711753279232	0.0709288246720767	-0.1418576493441534	0.1418576493441534	negligible	46797732.0	1.3738338758478723e-31	0.1156465205266825	7.57917206813053e-27	0.0	1.06576203702138e-30	True	False	False	False	molformer	molformer_0317	0.4290711753279232	0.07092882467207678	negative	-0.1418576493441534	False	False
TRAIN	molformer_0701	48152	2383	45769	0	0.782020004934573	0.8555939629777294	0.8101398944854736	0.878692626953125	0.6041060090065002	0.989904284477234	0.7049580812454224	1.0303303003311155	-0.0685527324676513	0.4293272643836511	0.0706727356163489	-0.1413454712326978	0.1413454712326978	negligible	46825663.0	2.2568823042137137e-31	0.1213259011547956	1.635778454851161e-29	0.0	1.7332856096361324e-30	True	False	False	False	molformer	molformer_0701	0.4293272643836511	0.0706727356163489	negative	-0.1413454712326978	False	False
TRAIN	molformer_0474	48152	2383	45769	0	0.3088722697952717	0.4025715641243004	0.3341438770294189	0.4265490770339966	0.0659136809408664	0.5882420241832733	0.1686000227928161	0.6633553504943848	-0.0924052000045776	0.4294282797848712	0.0705717202151287	-0.1411434404302575	0.1411434404302575	negligible	46836680.5	2.743669813570031e-31	0.1073359626096591	3.5301006749792374e-23	0.0	2.0862756602195883e-30	True	False	False	False	molformer	molformer_0474	0.4294282797848712	0.07057172021512881	negative	-0.1411434404302575	False	False
TRAIN	molformer_0183	48152	2383	45769	0	-0.000941490174903	0.1012737662354801	-0.0394214652478694	0.1057562530040741	-0.3210500478744507	0.3365416228771209	-0.2007234394550323	0.4009719789028168	-0.1451777182519436	0.4294564962493373	0.0705435037506626	-0.1410870075013253	0.1410870075013253	negligible	46839758.0	2.8973697719624523e-31	0.1231243282888407	2.2007488053741783e-30	0.0	2.1815490047717288e-30	True	False	False	False	molformer	molformer_0183	0.4294564962493373	0.0705435037506627	negative	-0.1410870075013253	False	False
TRAIN	molformer_0062	48152	2383	45769	0	-0.206484141090455	-0.2787765264337594	-0.2130510061979293	-0.2832357883453369	-0.403702363371849	-0.0267864372581243	-0.4578801989555359	-0.1080023720860481	0.0701847821474075	0.5705384289129432	0.0705384289129431	0.1410768578258863	0.1410768578258863	negligible	62227215.5	2.9259065266113773e-31	0.115931234050993	5.6111995220873695e-27	0.0	2.1816468081917847e-30	True	False	False	False	molformer	molformer_0062	0.5705384289129432	0.07053842891294315	positive	0.1410768578258863	False	False
TRAIN	molformer_0033	48152	2383	45769	0	0.2822433901103298	0.3798433685418634	0.3128392398357391	0.3876443803310394	0.0195988854393363	0.5448886454105377	0.1501807570457458	0.6227886080741882	-0.0748051404953002	0.4295939890523051	0.0704060109476948	-0.1408120218953896	0.1408120218953896	negligible	46854754.0	3.777629773329379e-31	0.1027897606956835	2.7390441162242278e-21	0.0	2.7896342941509263e-30	True	False	False	False	molformer	molformer_0033	0.4295939890523051	0.07040601094769489	negative	-0.1408120218953896	False	False
TRAIN	molformer_0198	48152	2383	45769	0	-0.0047357779165282	-0.0793369747164066	-0.0036496028769761	-0.0786445811390876	-0.1989162266254425	0.1908536180853843	-0.2862472832202911	0.130076453089714	0.0749949782621115	0.5703288706637678	0.0703288706637678	0.1406577413275356	0.1406577413275356	negligible	62204359.5	4.382924204618843e-31	0.1108244803240106	1.1006538201229362e-24	0.0	3.2057959896640685e-30	True	False	False	False	molformer	molformer_0198	0.5703288706637678	0.0703288706637678	positive	0.1406577413275356	False	False
TRAIN	molformer_0115	48152	2383	45769	0	-0.108967227854342	-0.2039291576289786	-0.1106346100568771	-0.1965858489274978	-0.3360644280910492	0.1220072135329246	-0.4591264426708221	0.0583950988948345	0.0859512388706207	0.5701336613234111	0.0701336613234111	0.1402673226468223	0.1402673226468223	negligible	62183068.5	6.379510202974501e-31	0.1146056607664717	2.260391964826725e-26	0.0	4.6221356942305825e-30	True	False	False	False	molformer	molformer_0115	0.5701336613234111	0.07013366132341115	positive	0.1402673226468223	False	False
TRAIN	molformer_0508	48152	2383	45769	0	0.0265572884143337	-0.0616172518175448	0.0248986966907978	-0.0604652054607868	-0.2188955172896385	0.2683065533638	-0.2891318500041961	0.1624510288238525	0.0853639021515846	0.570007221306118	0.070007221306118	0.140014442612236	0.140014442612236	negligible	62169278.0	8.130957763883077e-31	0.1106102735784959	1.3662645244960916e-24	0.0	5.79218532260013e-30	True	False	False	False	molformer	molformer_0508	0.570007221306118	0.07000722130611803	positive	0.140014442612236	False	False
TRAIN	molformer_0012	48152	2383	45769	0	0.3813698597517295	0.289031096363331	0.3549175262451172	0.2604897916316986	0.1089472733438015	0.6121057868003845	0.0332992225885391	0.5056974291801453	0.0944277346134185	0.5700063044429347	0.0700063044429346	0.1400126088858693	0.1400126088858693	negligible	62169178.0	8.145260609906432e-31	0.1063981949457788	8.797615867047422e-23	0.0	5.79218532260013e-30	True	False	False	False	molformer	molformer_0012	0.5700063044429347	0.07000630444293465	positive	0.1400126088858693	False	False
TRAIN	molformer_0351	48152	2383	45769	0	0.1726148763718024	0.2500181307498038	0.1677313596010208	0.2520630955696106	-0.042225057259202	0.388960987329483	0.0444809347391128	0.4571660161018371	-0.0843317359685897	0.4302317682512412	0.0697682317487587	-0.1395364634975174	0.1395364634975174	negligible	46924315.0	1.2845903412316968e-30	0.1114773602595756	5.680279306248764e-25	0.0	9.051058551063697e-30	True	False	False	False	molformer	molformer_0351	0.4302317682512412	0.06976823174875879	negative	-0.1395364634975174	False	False
TRAIN	molformer_0573	48152	2383	45769	0	0.0520718804199838	-0.0329915502507874	0.0476191081106662	-0.0312064811587333	-0.1782240122556686	0.2880245596170425	-0.2694836854934692	0.2091821134090423	0.0788255892693996	0.5696539264156966	0.0696539264156965	0.1393078528313931	0.1393078528313931	negligible	62130745.0	1.5978153162824743e-30	0.1047619517402278	4.245350722519458e-22	0.0	1.1155656026408549e-29	True	False	False	False	molformer	molformer_0573	0.5696539264156966	0.06965392641569657	positive	0.1393078528313931	False	False
TRAIN	molformer_0311	48152	2383	45769	0	0.2707583864007649	0.3472027351364206	0.275923877954483	0.3521777987480163	0.0714164450764656	0.4879299104213714	0.1483777314424514	0.5554115176200867	-0.0762539207935333	0.4305778978558852	0.0694221021441148	-0.1388442042882296	0.1388442042882296	negligible	46962066.5	2.4845311214226957e-30	0.1058591068998932	1.4816743368852269e-22	0.0	1.7190269380654325e-29	True	False	False	False	molformer	molformer_0311	0.4305778978558852	0.06942210214411482	negative	-0.1388442042882296	False	False
TRAIN	molformer_0224	48152	2383	45769	0	0.1247214419365009	0.1975560882688948	0.1267815977334976	0.2040259838104248	-0.0807611159980297	0.3253681063652038	0.0022726347669959	0.3976040780544281	-0.0772443860769271	0.430595093624888	0.0694049063751119	-0.1388098127502239	0.1388098127502239	negligible	46963942.0	2.5670846675427444e-30	0.109726234097157	3.3193755823748125e-24	0.0	1.7602866291721674e-29	True	False	False	False	molformer	molformer_0224	0.430595093624888	0.06940490637511199	negative	-0.1388098127502239	False	False
TRAIN	molformer_0488	48152	2383	45769	0	-0.9907504190451792	-0.8991312667319366	-0.9701182246208192	-0.8954575061798096	-1.2437146306037905	-0.7274936735630035	-1.1170859336853027	-0.6709255576133728	-0.0746607184410095	0.4306514211145541	0.0693485788854458	-0.1386971577708917	0.1386971577708917	negligible	46970085.5	2.8570404018589652e-30	0.114350277695395	2.950926337957624e-26	0.0	1.9417761315289248e-29	True	False	False	False	molformer	molformer_0488	0.4306514211145541	0.06934857888544588	negative	-0.1386971577708917	False	False
TRAIN	molformer_0050	48152	2383	45769	0	-0.1987363066077829	-0.335597616853372	-0.2005621045827865	-0.3243026733398437	-0.5768722891807556	0.1883002668619156	-0.7030662298202515	0.0418377704918384	0.1237405687570571	0.5693257719137613	0.0693257719137613	0.1386515438275226	0.1386515438275226	negligible	62094954.0	2.9834859212410856e-30	0.097811597030159	2.5844730257992647e-19	0.0	2.009927357467679e-29	True	False	False	False	molformer	molformer_0050	0.5693257719137613	0.06932577191376132	positive	0.1386515438275226	False	False
TRAIN	molformer_0386	48152	2383	45769	0	0.3984790478697307	0.2917503986324576	0.4302719235420227	0.3015755116939544	0.1050048060715198	0.7129645645618439	-0.0235116630792617	0.6199204921722412	0.1286964118480682	0.5692039941457552	0.0692039941457551	0.1384079882915103	0.1384079882915103	negligible	62081672.0	3.75875506060733e-30	0.1063117347475935	9.566470847295548e-23	0.0	2.510194683953417e-29	True	False	False	False	molformer	molformer_0386	0.5692039941457552	0.06920399414575518	positive	0.1384079882915103	False	False
TRAIN	molformer_0234	48152	2383	45769	0	-0.797392088482258	-0.8790715513588713	-0.8018331527709961	-0.8795989155769348	-1.016931235790253	-0.5853222012519836	-1.0906469821929932	-0.6672987937927246	0.0777657628059387	0.5691410744098011	0.0691410744098011	0.1382821488196022	0.1382821488196022	negligible	62074809.5	4.23456656871515e-30	0.1054121269294021	2.2781374388644097e-22	0.0	2.8035751075631335e-29	True	False	False	False	molformer	molformer_0234	0.5691410744098011	0.0691410744098011	positive	0.1382821488196022	False	False
TRAIN	molformer_0481	48152	2383	45769	0	0.2482222092242161	0.1717729304747246	0.2265713810920715	0.1565058082342147	0.0275302762165665	0.4501440674066543	-0.0201641619205474	0.350392609834671	0.0700655728578567	0.5691024102893614	0.0691024102893613	0.1382048205787227	0.1382048205787227	negligible	62070592.5	4.556123224893439e-30	0.1165255080918814	2.9887027197011728e-27	0.0	2.9906860142890256e-29	True	False	False	False	molformer	molformer_0481	0.5691024102893614	0.06910241028936137	positive	0.1382048205787227	False	False
TRAIN	molformer_0661	48152	2383	45769	0	0.0502665167149641	0.1290649758652983	0.0437796562910079	0.1094302684068679	-0.1737439036369323	0.2441516146063804	-0.0886881574988365	0.3183295726776123	-0.0656506121158599	0.4310898788417565	0.0689101211582435	-0.137820242316487	0.137820242316487	negligible	47017907.0	6.552692331490178e-30	0.1042479765769329	6.925045527079083e-22	0.0	4.2648031445631e-29	True	False	False	False	molformer	molformer_0661	0.4310898788417565	0.06891012115824352	negative	-0.137820242316487	False	False
TRAIN	molformer_0627	48152	2383	45769	0	0.3066070337141172	0.3690156840471435	0.309021919965744	0.3793261051177978	0.1430437043309211	0.4859840273857116	0.2061457186937332	0.5401461124420166	-0.0703041851520538	0.4311274656479558	0.0688725343520441	-0.1377450687040883	0.1377450687040883	negligible	47022006.5	7.034271359622707e-30	0.1135630039544218	6.686754862011158e-26	0.0	4.5397650455380153e-29	True	False	False	False	molformer	molformer_0627	0.4311274656479558	0.06887253435204421	negative	-0.1377450687040883	False	False
TRAIN	molformer_0487	48152	2383	45769	0	0.0106160012067555	-0.0765064142175849	0.0070531163364648	-0.0677950084209442	-0.2183164656162262	0.2323561906814575	-0.2929163873195648	0.1422230154275894	0.0748481247574091	0.5687641840453576	0.0687641840453575	0.1375283680907151	0.1375283680907151	negligible	62033703.0	8.6280127519431e-30	0.097396074635487	3.738838601282989e-19	0.0	5.480927937946418e-29	True	False	False	False	molformer	molformer_0487	0.5687641840453576	0.06876418404535756	positive	0.1375283680907151	False	False
TRAIN	molformer_0007	48152	2383	45769	0	-0.4429230246627201	-0.5158197225411012	-0.4536432325839996	-0.5461595058441162	-0.6751715242862701	-0.2311576828360557	-0.7225262522697449	-0.3367714881896972	0.0925162732601165	0.5687637347823976	0.0687637347823976	0.1375274695647952	0.1375274695647952	negligible	62033654.0	8.63531615223329e-30	0.1296609026442856	1.1663311459776084e-33	0.0	5.480927937946418e-29	True	False	False	False	molformer	molformer_0007	0.5687637347823976	0.06876373478239761	positive	0.1375274695647952	False	False
TRAIN	molformer_0666	48152	2383	45769	0	-0.6437792146361135	-0.7627338866056013	-0.653261125087738	-0.7821494936943054	-0.9784029126167296	-0.3372303396463394	-1.1110306978225708	-0.4165924787521362	0.1288883686065673	0.5685424131785806	0.0685424131785805	0.1370848263571611	0.1370848263571611	negligible	62009515.0	1.309228776330644e-29	0.1133531798149232	8.307678658057926e-26	0.0	8.241702460835528e-29	True	False	False	False	molformer	molformer_0666	0.5685424131785806	0.06854241317858056	positive	0.1370848263571611	False	False
TRAIN	molformer_0023	48152	2383	45769	0	0.1859761829809379	0.112508383780703	0.1982509046792984	0.1203954294323921	-0.0226087504997849	0.4250528216361999	-0.0860411375761032	0.3253232836723327	0.0778554752469062	0.5685235487185842	0.0685235487185842	0.1370470974371684	0.1370470974371684	negligible	62007457.5	1.3564201601178362e-29	0.1080724696361731	1.713396522904335e-23	0.0	8.46935514610161e-29	True	False	False	False	molformer	molformer_0023	0.5685235487185842	0.06852354871858424	positive	0.1370470974371684	False	False
TRAIN	molformer_0239	48152	2383	45769	0	0.2121078060450196	0.1301566150331751	0.2052763253450393	0.121625579893589	-0.0073509647045284	0.4226687103509903	-0.1063800528645515	0.3620562851428985	0.0836507454514503	0.5684780539674289	0.0684780539674289	0.1369561079348578	0.1369561079348578	negligible	62002495.5	1.4772885626322568e-29	0.1123172619472705	2.411498786617072e-25	0.0	9.149658194367525e-29	True	False	False	False	molformer	molformer_0239	0.5684780539674289	0.0684780539674289	positive	0.1369561079348578	False	False
TRAIN	molformer_0689	48152	2383	45769	0	0.3317430176235607	0.4073574718547306	0.3545283079147339	0.4290125966072082	0.1186990328133106	0.5600510239601135	0.2247880697250366	0.6101788878440857	-0.0744842886924743	0.4315654603592506	0.0684345396407494	-0.1368690792814988	0.1368690792814988	negligible	47069777.5	1.6028763113084826e-29	0.1129821894650641	1.2181962049368358e-25	0.0	9.848072056679315e-29	True	False	False	False	molformer	molformer_0689	0.4315654603592506	0.06843453964074941	negative	-0.1368690792814988	False	False
TRAIN	molformer_0141	48152	2383	45769	0	0.2635731656994466	0.1833522365875068	0.2909677624702453	0.2054520398378372	0.0347362142056226	0.5259632766246796	-0.0271446146070957	0.4197111129760742	0.0855157226324081	0.5683710697868853	0.0683710697868853	0.1367421395737706	0.1367421395737706	negligible	61990827.0	1.8052823464682179e-29	0.1149041822503228	1.6539478839271374e-26	0.0	1.1003625730853903e-28	True	False	False	False	molformer	molformer_0141	0.5683710697868853	0.06837106978688534	positive	0.1367421395737706	False	False
TRAIN	molformer_0670	48152	2383	45769	0	0.0674301840836383	-0.0244518268592411	0.0904731974005699	0.0020753394346684	-0.1685129255056381	0.3061870485544204	-0.2598676085472107	0.2330941259860992	0.0883978579659015	0.5683267990480796	0.0683267990480795	0.1366535980961591	0.1366535980961591	negligible	61985998.5	1.961282211924021e-29	0.1031951975953392	1.872466866686268e-21	0.0	1.1860352273682266e-28	True	False	False	False	molformer	molformer_0670	0.5683267990480796	0.06832679904807959	positive	0.1366535980961591	False	False
TRAIN	molformer_0020	48152	2383	45769	0	-0.0394133343940036	0.03240747643774	-0.0389361307024955	0.0357022583484649	-0.235992819070816	0.161639004945755	-0.1653666198253631	0.2310833185911178	-0.0746383890509605	0.4316941329383951	0.0683058670616049	-0.1366117341232098	0.1366117341232098	negligible	47083811.5	2.0396288402694925e-29	0.1098080182931076	3.058596854240261e-24	0.0	1.2237773041616955e-28	True	False	False	False	molformer	molformer_0020	0.4316941329383951	0.06830586706160491	negative	-0.1366117341232098	False	False
TRAIN	molformer_0314	48152	2383	45769	0	0.5038270519993007	0.5755672990644266	0.5280807018280029	0.5991446375846863	0.3056980967521667	0.7204827666282654	0.3935756087303161	0.7834206223487854	-0.0710639357566833	0.4319685409205253	0.0680314590794747	-0.1360629181589494	0.1360629181589494	negligible	47113740.5	3.404732030424282e-29	0.1015297798032955	8.846253990263397e-21	0.0	2.0270032553223635e-28	True	False	False	False	molformer	molformer_0314	0.4319685409205253	0.06803145907947472	negative	-0.1360629181589494	False	False
TRAIN	molformer_0081	48152	2383	45769	0	-0.209749798457983	-0.324512227580654	-0.2385050952434539	-0.3406303226947784	-0.5268049240112305	0.1154396831989288	-0.5903704762458801	-0.0203671846538782	0.1021252274513244	0.5677422391726183	0.0677422391726183	0.1354844783452367	0.1354844783452367	negligible	61922242.0	5.830041985728074e-29	0.1048044025056147	4.0767553854218393e-22	0.0	3.4442094192608923e-28	True	False	False	False	molformer	molformer_0081	0.5677422391726183	0.06774223917261835	positive	0.1354844783452367	False	False
TRAIN	molformer_0519	48152	2383	45769	0	0.2374258819239335	0.310515233787182	0.2391822934150695	0.3141812682151794	0.0199903454631567	0.4429460167884826	0.106928713619709	0.5132655501365662	-0.0749989748001098	0.4323639198310602	0.0676360801689397	-0.1352721603378794	0.1352721603378794	negligible	47156863.5	7.098478495813923e-29	0.1002701564875492	2.81478300552489e-20	0.0	4.1615507517443465e-28	True	False	False	False	molformer	molformer_0519	0.4323639198310602	0.0676360801689398	negative	-0.1352721603378794	False	False
TRAIN	molformer_0676	48152	2383	45769	0	0.2421489360770019	0.3137329085647607	0.2493161857128143	0.3286457061767578	0.0395402126014232	0.462023451924324	0.113458327949047	0.5330032110214233	-0.0793295204639434	0.4326341560857064	0.0673658439142935	-0.1347316878285871	0.1347316878285871	negligible	47186337.5	1.170038989995525e-28	0.1047229667176738	4.406252245767327e-22	0.0	6.807499578155782e-28	True	False	False	False	molformer	molformer_0676	0.4326341560857064	0.06736584391429362	negative	-0.1347316878285871	False	False
TRAIN	molformer_0517	48152	2383	45769	0	0.4300493976910629	0.5174710127202696	0.4564949572086334	0.5290617942810059	0.1780334636569023	0.6849870681762695	0.2965543866157532	0.7515690326690674	-0.0725668370723724	0.432853414747361	0.0671465852526389	-0.1342931705052779	0.1342931705052779	negligible	47210251.5	1.752528826737668e-28	0.100175233642182	3.069516389804708e-20	0.0	1.0119865706274654e-27	True	False	False	False	molformer	molformer_0517	0.432853414747361	0.067146585252639	negative	-0.1342931705052779	False	False
TRAIN	molformer_0559	48152	2383	45769	0	-0.1638184311394523	-0.2341546557719191	-0.1603770405054092	-0.2298249751329422	-0.3702462315559387	0.0491681583225727	-0.4198983013629913	-0.043806679546833	0.0694479346275329	0.5670124435846061	0.0670124435846061	0.1340248871692122	0.1340248871692122	negligible	61842645.0	2.2425199456630726e-28	0.1105651639098775	1.4298233424205963e-24	0.0	1.2852651628874923e-27	True	False	False	False	molformer	molformer_0559	0.5670124435846061	0.06701244358460612	positive	0.1340248871692122	False	False
TRAIN	molformer_0070	48152	2383	45769	0	-0.2445034517618035	-0.3111531462436012	-0.2372646629810333	-0.3193027675151825	-0.4458478391170501	-0.0443154480308294	-0.5156078338623047	-0.1097337380051612	0.0820381045341491	0.5666201178284715	0.0666201178284715	0.1332402356569431	0.1332402356569431	negligible	61799855.0	4.599165853163091e-28	0.1108788503107804	1.0418180547330518e-24	0.0	2.616414352021669e-27	True	False	False	False	molformer	molformer_0070	0.5666201178284715	0.06662011782847155	positive	0.1332402356569431	False	False
TRAIN	molformer_0048	48152	2383	45769	0	-0.2033450567178353	-0.2909008907459409	-0.2246999740600586	-0.3168142735958099	-0.4783111959695816	0.0580921098589897	-0.5678045153617859	-0.0530109331011772	0.0921142995357513	0.5664769313051353	0.0664769313051353	0.1329538626102706	0.1329538626102706	negligible	61784238.0	5.971443685680712e-28	0.0977787549909333	2.661165867261168e-19	0.0	3.372109375443225e-27	True	False	False	False	molformer	molformer_0048	0.5664769313051353	0.06647693130513532	positive	0.1329538626102706	False	False
TRAIN	molformer_0686	48152	2383	45769	0	0.5962800105432896	0.507614258036427	0.6039093136787415	0.5191554427146912	0.3791161179542541	0.8104713261127472	0.242298811674118	0.7770354151725769	0.0847538709640502	0.5663491480832786	0.0663491480832786	0.1326982961665572	0.1326982961665572	negligible	61770301.0	7.534905786065559e-28	0.1203298209924572	4.9049835765664086e-29	0.0	4.223947185181277e-27	True	False	False	False	molformer	molformer_0686	0.5663491480832786	0.06634914808327863	positive	0.1326982961665572	False	False
TRAIN	molformer_0445	48152	2383	45769	0	0.1776407222110106	0.0865782074194603	0.1804600954055786	0.0780447944998741	-0.1203158795833587	0.4685861021280288	-0.1836737990379333	0.3542662262916565	0.1024153009057045	0.5656716182810306	0.0656716182810306	0.1313432365620612	0.1313432365620612	negligible	61696404.5	2.566820833979757e-27	0.1062690639350426	9.970082452940792e-23	0.0	1.4284915945626474e-26	True	False	False	False	molformer	molformer_0445	0.5656716182810306	0.06567161828103063	positive	0.1313432365620612	False	False
TRAIN	molformer_0237	48152	2383	45769	0	0.1302874476032157	0.0618763096680248	0.1195118874311447	0.0498710870742797	-0.0815563201904296	0.347696915268898	-0.1525426059961319	0.2636233866214752	0.0696408003568649	0.5656153824776828	0.0656153824776828	0.1312307649553656	0.1312307649553656	negligible	61690271.0	2.8401220347200617e-27	0.1041335153771296	7.719770146352804e-22	0.0	1.5692185055143936e-26	True	False	False	False	molformer	molformer_0237	0.5656153824776828	0.06561538247768284	positive	0.1312307649553656	False	False
TRAIN	molformer_0350	48152	2383	45769	0	-0.0893973838633987	-0.0194344142682111	-0.086592324078083	-0.0075761610642075	-0.2983190864324569	0.1287300735712051	-0.2142945080995559	0.184554174542427	-0.0790161630138754	0.4346302130789121	0.0653697869210878	-0.1307395738421757	0.1307395738421757	negligible	47404042.5	4.413733748120338e-27	0.1078670831144819	2.0971037852258106e-23	0.0	2.4212482275403e-26	True	False	False	False	molformer	molformer_0350	0.4346302130789121	0.06536978692108791	negative	-0.1307395738421757	False	False
TRAIN	molformer_0648	48152	2383	45769	0	0.1534883354541752	0.0922232367979738	0.1580104529857635	0.0816615670919418	-0.0439555253833532	0.3603867590427398	-0.1018789783120155	0.2793590426445007	0.0763488858938217	0.5653453066740937	0.0653453066740936	0.1306906133481873	0.1306906133481873	negligible	61660814.5	4.611609356309402e-27	0.1100227476506365	2.4665950563354817e-24	0.0	2.511855308968525e-26	True	False	False	False	molformer	molformer_0648	0.5653453066740937	0.06534530667409366	positive	0.1306906133481873	False	False
TRAIN	molformer_0521	48152	2383	45769	0	0.0848451825045462	0.0098223049017053	0.0854878351092338	0.009749767370522	-0.1352810561656952	0.2993916422128677	-0.2071350812911987	0.225597009062767	0.0757380677387118	0.5652050403599964	0.0652050403599964	0.1304100807199928	0.1304100807199928	negligible	61645516.0	5.9271882554888525e-27	0.0967759908959887	6.467991530030379e-19	0.0	3.205690549447492e-26	True	False	False	False	molformer	molformer_0521	0.5652050403599964	0.06520504035999641	positive	0.1304100807199928	False	False
TRAIN	molformer_0482	48152	2383	45769	0	-0.2248157154236043	-0.2910924144315417	-0.2368067502975464	-0.3079772293567657	-0.4264010339975357	-0.0505140032619237	-0.5005176663398743	-0.0984131470322609	0.0711704790592193	0.5650842023767533	0.0650842023767532	0.1301684047535065	0.1301684047535065	negligible	61632336.5	7.354669228498509e-27	0.1029701535269979	2.3130423910836702e-21	0.0	3.949920256983815e-26	True	False	False	False	molformer	molformer_0482	0.5650842023767533	0.06508420237675328	positive	0.1301684047535065	False	False
TRAIN	molformer_0616	48152	2383	45769	0	1.069298425492953	0.9794637792601354	1.0924758911132812	0.9877912998199464	0.7904826998710632	1.3744683265686035	0.7197902202606201	1.2575833797454834	0.1046845912933349	0.5650177252116481	0.065017725211648	0.1300354504232961	0.1300354504232961	negligible	61625086.0	8.28029506087342e-27	0.1080550950788497	1.7429646918624237e-23	0.0	4.4161573657991576e-26	True	False	False	False	molformer	molformer_0616	0.5650177252116481	0.06501772521164806	positive	0.1300354504232961	False	False
TRAIN	molformer_0542	48152	2383	45769	0	-0.6057034278136748	-0.5389079647418434	-0.6155105233192444	-0.5489410758018494	-0.8064326643943787	-0.4148559868335724	-0.7365677356719971	-0.3509515821933746	-0.066569447517395	0.4350482247571268	0.0649517752428731	-0.1299035504857463	0.1299035504857463	negligible	47449634.0	9.312559868975532e-27	0.1028985281751185	2.47371059597157e-21	0.0	4.9324455030160064e-26	True	False	False	False	molformer	molformer_0542	0.4350482247571268	0.06495177524287321	negative	-0.1299035504857463	False	False
TRAIN	molformer_0597	48152	2383	45769	0	0.4855591939272415	0.3903334267975995	0.4831398427486419	0.3903261721134186	0.218581736087799	0.7547754943370819	0.1122125387191772	0.6696919798851013	0.0928136706352233	0.5649331354143566	0.0649331354143566	0.1298662708287132	0.1298662708287132	negligible	61615860.0	9.626775745334234e-27	0.0998077182037876	4.289483569854409e-20	0.0	5.0639477893265015e-26	True	False	False	False	molformer	molformer_0597	0.5649331354143566	0.06493313541435664	positive	0.1298662708287132	False	False
TRAIN	molformer_0558	48152	2383	45769	0	-0.2244869855092072	-0.1337532378129664	-0.2308876067399978	-0.1392335742712021	-0.4991383254528045	0.0480923485010862	-0.3875462412834167	0.1099105551838874	-0.0916540324687957	0.4351699062544986	0.0648300937455013	-0.1296601874910027	0.1296601874910027	negligible	47462905.5	1.1563154037594667e-26	0.099264678477582	7.017232490830191e-20	0.0	6.041158027804561e-26	True	False	False	False	molformer	molformer_0558	0.4351699062544986	0.06483009374550142	negative	-0.1296601874910027	False	False
TRAIN	molformer_0569	48152	2383	45769	0	0.424799614997188	0.4964560734160431	0.445254772901535	0.5164180397987366	0.2243338301777839	0.650283008813858	0.3022426664829254	0.7162173986434937	-0.0711632668972015	0.4353281614242523	0.0646718385757477	-0.1293436771514954	0.1293436771514954	negligible	47480166.0	1.5313691693388477e-26	0.0977249442907053	2.7917153002353893e-19	0.0	7.946564338190777e-26	True	False	False	False	molformer	molformer_0569	0.4353281614242523	0.06467183857574771	negative	-0.1293436771514954	False	False
TRAIN	molformer_0652	48152	2383	45769	0	-0.1426130238170058	-0.0835984813277331	-0.1256215423345565	-0.0670689865946769	-0.3312022387981415	0.0460083540529012	-0.2463055253028869	0.0956383198499679	-0.0585525557398796	0.4353758841529431	0.0646241158470568	-0.1292482316941137	0.1292482316941137	negligible	47485371.0	1.666530358606156e-26	0.0984027353989606	1.524211163873017e-19	0.0	8.589901445701529e-26	True	False	False	False	molformer	molformer_0652	0.4353758841529431	0.0646241158470569	negative	-0.1292482316941137	False	False
TRAIN	molformer_0101	48152	2383	45769	0	-0.0624702065714766	-0.1293415593918242	-0.0760279223322868	-0.1585220396518707	-0.2855910509824753	0.1507186666131019	-0.3529776632785797	0.0658498629927635	0.0824941173195838	0.5646123295708355	0.0646123295708355	0.129224659141671	0.129224659141671	negligible	61580870.5	1.7016933599412594e-26	0.1033067156643241	1.6860246549748237e-21	0.0	8.712670002899248e-26	True	False	False	False	molformer	molformer_0101	0.5646123295708355	0.06461232957083551	positive	0.129224659141671	False	False
TRAIN	molformer_0715	48152	2383	45769	0	-0.3126149021416242	-0.2461397043083125	-0.2952561974525451	-0.2262429296970367	-0.5080814063549042	-0.1015402115881443	-0.4205736815929413	-0.0492282770574092	-0.0690132677555084	0.4357979712880077	0.0642020287119923	-0.1284040574239846	0.1284040574239846	negligible	47531407.0	3.5119091848362465e-26	0.1030850914956566	2.0765334904351765e-21	0.0	1.786189572155124e-25	True	False	False	False	molformer	molformer_0715	0.4357979712880077	0.06420202871199232	negative	-0.1284040574239846	False	False
TRAIN	molformer_0714	48152	2383	45769	0	-0.4629424437451409	-0.5514878666501177	-0.48002690076828	-0.5609220266342163	-0.7285116314888	-0.2199094891548156	-0.8215339183807373	-0.3019575178623199	0.0808951258659362	0.5640322944151837	0.0640322944151836	0.1280645888303673	0.1280645888303673	negligible	61517607.5	4.7330084437795925e-26	0.0879900760929511	1.044540446979398e-15	0.0	2.391414792646531e-25	True	False	False	False	molformer	molformer_0714	0.5640322944151837	0.06403229441518365	positive	0.1280645888303673	False	False
TRAIN	molformer_0522	48152	2383	45769	0	0.040823584929055	-0.0248386244096782	0.0633947849273681	-0.016991501674056	-0.1663511022925377	0.2654216587543487	-0.227011352777481	0.1860836446285247	0.0803862866014242	0.5639628741192602	0.0639628741192601	0.1279257482385203	0.1279257482385203	negligible	61510036.0	5.346176408202972e-26	0.1093023224043577	5.067711440594206e-24	0.0	2.6835709029410995e-25	True	False	False	False	molformer	molformer_0522	0.5639628741192602	0.06396287411926016	positive	0.1279257482385203	False	False
TRAIN	molformer_0537	48152	2383	45769	0	0.0124135430130814	0.0654647377777872	0.0295405983924865	0.0979711860418319	-0.1542793214321136	0.208285242319107	-0.0836933106184005	0.261005699634552	-0.0684305876493454	0.4363125745025831	0.0636874254974169	-0.1273748509948338	0.1273748509948338	negligible	47587533.5	8.657848499991785e-26	0.1044487787827076	5.721687595590637e-22	0.0	4.317680290904994e-25	True	False	False	False	molformer	molformer_0537	0.4363125745025831	0.0636874254974169	negative	-0.1273748509948338	False	False
TRAIN	molformer_0236	48152	2383	45769	0	-0.7859608984278359	-0.7062661368634429	-0.7995971441268921	-0.7198912501335144	-1.036188304424286	-0.5554986596107483	-0.948526918888092	-0.4787785410881042	-0.0797058939933776	0.4363934234980866	0.0636065765019133	-0.1272131530038267	0.1272131530038267	negligible	47596351.5	9.969978414390064e-26	0.0959165050106986	1.3745759362306932e-18	0.0	4.939963498226817e-25	True	False	False	False	molformer	molformer_0236	0.4363934234980866	0.06360657650191343	negative	-0.1272131530038267	False	False
TRAIN	molformer_0545	48152	2383	45769	0	0.0760261446065945	0.1445702008399361	0.0878116637468338	0.1508402228355407	-0.1143024004995822	0.2833027243614197	-0.0360113829374313	0.3354521095752716	-0.0630285590887069	0.4364624449585255	0.0635375550414744	-0.1270751100829489	0.1270751100829489	negligible	47603879.5	1.124482120311103e-25	0.0953224326797104	2.3053966135146444e-18	0.0	5.535911976916201e-25	True	False	False	False	molformer	molformer_0545	0.4364624449585255	0.06353755504147451	negative	-0.1270751100829489	False	False
TRAIN	molformer_0353	48152	2383	45769	0	-0.9876062481340132	-1.077660700249327	-1.00424325466156	-1.0951007604599	-1.254122793674469	-0.7623089253902435	-1.3627679347991943	-0.8116323947906494	0.0908575057983398	0.5633519819331743	0.0633519819331742	0.1267039638663485	0.1267039638663485	negligible	61443407.5	1.5530284190736714e-25	0.109556577733719	3.932643401415346e-24	0.0	7.596979782475031e-25	True	False	False	False	molformer	molformer_0353	0.5633519819331743	0.06335198193317426	positive	0.1267039638663485	False	False
TRAIN	molformer_0739	48152	2383	45769	0	-0.3208462773632871	-0.2208124499196094	-0.2847419381141662	-0.1970510929822921	-0.5515391528606415	-0.0390359703451395	-0.5050742030143738	0.1106466650962829	-0.087690845131874	0.4367380586157418	0.0632619413842581	-0.1265238827685163	0.1265238827685163	negligible	47633940.0	1.8158193250509672e-25	0.1122222107410576	2.657890452957643e-25	0.0	8.82626102303255e-25	True	False	False	False	molformer	molformer_0739	0.4367380586157418	0.06326194138425822	negative	-0.1265238827685163	False	False
TRAIN	molformer_0416	48152	2383	45769	0	0.5806806501372105	0.6503930971609642	0.5892152190208435	0.6571769118309021	0.3704424351453781	0.8034277856349945	0.4466966688632965	0.8643734455108643	-0.0679616928100586	0.4367664401155808	0.0632335598844191	-0.1264671197688383	0.1264671197688383	negligible	47637035.5	1.9074512974684104e-25	0.0922812433438597	3.0931061110713755e-17	0.0	9.213349663243643e-25	True	False	False	False	molformer	molformer_0416	0.4367664401155808	0.0632335598844192	negative	-0.1264671197688383	False	False
TRAIN	molformer_0181	48152	2383	45769	0	0.2018613367909105	0.2596747923860957	0.1981294155120849	0.2613860070705414	0.017838574014604	0.3781638294458389	0.0838422253727912	0.4414014220237732	-0.0632565915584564	0.4368775868549766	0.0631224131450234	-0.1262448262900468	0.1262448262900468	negligible	47649158.0	2.3125633594805807e-25	0.0975328522851718	3.311504694967384e-19	0.0	1.1100304125506787e-24	True	False	False	False	molformer	molformer_0181	0.4368775868549766	0.06312241314502343	negative	-0.1262448262900468	False	False
TRAIN	molformer_0422	48152	2383	45769	0	0.3759542619853261	0.4385592397695095	0.3890385627746582	0.4498677253723144	0.2075011283159256	0.5671923160552979	0.2511228919029236	0.6416094899177551	-0.0608291625976562	0.4369576886069857	0.0630423113930143	-0.1260846227860286	0.1260846227860286	negligible	47657894.5	2.6563311383718515e-25	0.0970264779176666	5.185599242126133e-19	0.0	1.2671194498568832e-24	True	False	False	False	molformer	molformer_0422	0.4369576886069857	0.0630423113930143	negative	-0.1260846227860286	False	False
TRAIN	molformer_0309	48152	2383	45769	0	-0.0971683023019905	-0.0286706235271434	-0.111538216471672	-0.0424440689384937	-0.302125796675682	0.0927218087017536	-0.2437905818223953	0.1615831702947616	-0.0690941475331783	0.4370958965632365	0.0629041034367635	-0.125808206873527	0.125808206873527	negligible	47672968.5	3.3725263955741803e-25	0.1028538494321962	2.579475244694203e-21	0.0	1.598827328272204e-24	True	False	False	False	molformer	molformer_0309	0.4370958965632365	0.0629041034367635	negative	-0.125808206873527	False	False
TRAIN	molformer_0274	48152	2383	45769	0	0.5689871661786555	0.6502840208427789	0.586175799369812	0.6695929169654846	0.3389460891485214	0.8268240690231323	0.4257570505142212	0.8971994519233704	-0.0834171175956726	0.4372420399703386	0.0627579600296613	-0.1255159200593226	0.1255159200593226	negligible	47688908.0	4.338483694995243e-25	0.0985555856602488	1.3289897076658985e-19	0.0	2.044144464881194e-24	True	False	False	False	molformer	molformer_0274	0.4372420399703386	0.06275796002966139	negative	-0.1255159200593226	False	False
TRAIN	molformer_0093	48152	2383	45769	0	0.1879445443481554	0.1003915100574066	0.1871869713068008	0.1014342978596687	-0.0895793139934539	0.4655001014471054	-0.1400915086269378	0.3443776667118072	0.0857526734471321	0.5626497426681363	0.0626497426681362	0.1252994853362725	0.1252994853362725	negligible	61366816.0	5.226048047419585e-25	0.1149086565426572	1.646212068893342e-26	0.0	2.4473200612306357e-24	True	False	False	False	molformer	molformer_0093	0.5626497426681363	0.06264974266813628	positive	0.1252994853362725	False	False
TRAIN	molformer_0412	48152	2383	45769	0	-0.5402882281321805	-0.4628853824026873	-0.5377779006958008	-0.4736312329769134	-0.7588468194007874	-0.3310353606939316	-0.6958397626876831	-0.2455012053251266	-0.0641466677188873	0.4373598568893929	0.062640143110607	-0.1252802862212141	0.1252802862212141	negligible	47701758.0	5.312970332762688e-25	0.0919242443261778	4.172081834825405e-17	0.0	2.4729461912495423e-24	True	False	False	False	molformer	molformer_0412	0.4373598568893929	0.06264014311060712	negative	-0.1252802862212141	False	False
TRAIN	molformer_0571	48152	2383	45769	0	-0.0148198144638522	-0.0887525363733083	-0.0297088734805583	-0.0991821810603141	-0.2439853847026825	0.2066738083958625	-0.3088654279708862	0.1265721470117569	0.0694733075797557	0.5623900778459936	0.0623900778459936	0.1247801556919872	0.1247801556919872	negligible	61338495.0	8.157877422680411e-25	0.1017796066834815	7.019519422470668e-21	0.0	3.774246903987081e-24	True	False	False	False	molformer	molformer_0571	0.5623900778459936	0.0623900778459936	positive	0.1247801556919872	False	False
TRAIN	molformer_0581	48152	2383	45769	0	-0.0854978935348216	0.0001074561592446	-0.0782692432403564	-0.0082653649151325	-0.3135943412780761	0.1618801355361938	-0.235211044549942	0.223283439874649	-0.0700038783252239	0.4376380377635224	0.0623619622364776	-0.1247239244729552	0.1247239244729552	negligible	47732098.5	8.559944324084714e-25	0.0826360168595369	6.659213326379691e-14	0.0	3.9365492460461436e-24	True	False	False	False	molformer	molformer_0581	0.4376380377635224	0.06236196223647761	negative	-0.1247239244729552	False	False
TRAIN	molformer_0751	48152	2383	45769	0	-0.2055749600146398	-0.2676332207263035	-0.1983105689287185	-0.2720052003860473	-0.404244527220726	-0.0151837482117116	-0.4700034558773041	-0.0685378611087799	0.0736946314573288	0.5622544737811833	0.0622544737811833	0.1245089475623666	0.1245089475623666	negligible	61323705.0	1.028642319282365e-24	0.1091683228501183	5.790925764700192e-24	0.0	4.7023648881479545e-24	True	False	False	False	molformer	molformer_0751	0.5622544737811833	0.06225447378118332	positive	0.1245089475623666	False	False
TRAIN	molformer_0159	48152	2383	45769	0	-0.0481057457166995	-0.1272709330057471	-0.0709425806999206	-0.1355379670858383	-0.2913613617420196	0.170529656112194	-0.3303966224193573	0.0647016838192939	0.0645953863859176	0.5617814548962864	0.0617814548962863	0.1235629097925727	0.1235629097925727	negligible	61272114.0	2.3003887992782944e-24	0.1121169090044555	2.960064884772216e-25	0.0	1.0453837857075329e-23	True	False	False	False	molformer	molformer_0159	0.5617814548962864	0.06178145489628639	positive	0.1235629097925727	False	False
TRAIN	molformer_0018	48152	2383	45769	0	0.2910570347268026	0.3587572890107661	0.312183678150177	0.379219651222229	0.1045014970004558	0.5055177211761475	0.1654506921768188	0.5717417597770691	-0.067035973072052	0.4384230651896966	0.0615769348103033	-0.1231538696206067	0.1231538696206067	negligible	47817719.5	3.2517769657235357e-24	0.0968478454636639	6.071066226182817e-19	0.0	1.4690380645151031e-23	True	False	False	False	molformer	molformer_0018	0.4384230651896966	0.06157693481030341	negative	-0.1231538696206067	False	False
TRAIN	molformer_0140	48152	2383	45769	0	0.390450492129956	0.3177311723913427	0.3677992224693298	0.3016550540924072	0.1598793715238571	0.6013899445533752	0.0854740142822265	0.528148889541626	0.0661441683769226	0.5615200342811477	0.0615200342811477	0.1230400685622954	0.1230400685622954	negligible	61243601.5	3.579768013516871e-24	0.0851179196535738	1.0025325736425498e-14	0.0	1.6077554587023142e-23	True	False	False	False	molformer	molformer_0140	0.5615200342811477	0.06152003428114772	positive	0.1230400685622954	False	False
TRAIN	molformer_0057	48152	2383	45769	0	-0.0961727881405442	-0.0082934286698857	-0.0674114972352981	0.0214707776904106	-0.3376875221729278	0.1887095794081688	-0.2514734268188476	0.280893474817276	-0.0888822749257087	0.4385148019355018	0.0614851980644981	-0.1229703961289963	0.1229703961289963	negligible	47827725.0	3.79653219503708e-24	0.0913708073714735	6.619382008728772e-17	0.0	1.6951957708072546e-23	True	False	False	False	molformer	molformer_0057	0.4385148019355018	0.0614851980644982	negative	-0.1229703961289963	False	False
TRAIN	molformer_0534	48152	2383	45769	0	-0.1251278758776228	-0.2059551505197261	-0.1181466951966285	-0.2059232294559478	-0.3796728700399399	0.1392516046762466	-0.4691821932792663	0.0511021129786968	0.0877765342593193	0.56142360778016	0.0614236077801599	0.1228472155603199	0.1228472155603199	negligible	61233084.5	4.212046786912743e-24	0.0918434044993061	4.4638586870189444e-17	0.0	1.869856608294212e-23	True	False	False	False	molformer	molformer_0534	0.56142360778016	0.06142360778015998	positive	0.1228472155603199	False	False
TRAIN	molformer_0124	48152	2383	45769	0	-0.1719355155788153	-0.2412776257280282	-0.1781942993402481	-0.2572064399719238	-0.3960575610399246	0.0619966890662908	-0.4856725633144378	-0.0088983410969376	0.0790121406316757	0.5611120485018424	0.0611120485018423	0.1222240970036847	0.1222240970036847	negligible	61199103.5	7.111907516033081e-24	0.1053569684402948	2.402036328300001e-22	0.0	3.139048834662877e-23	True	False	False	False	molformer	molformer_0124	0.5611120485018424	0.061112048501842375	positive	0.1222240970036847	False	False
TRAIN	molformer_0071	48152	2383	45769	0	-0.1524253169138797	-0.0860754671291995	-0.172025516629219	-0.109950304031372	-0.3711881935596466	0.032786525785923	-0.3028560876846313	0.1083751693367958	-0.0620752125978469	0.4390007531755991	0.0609992468244008	-0.1219984936488016	0.1219984936488016	negligible	47880726.5	8.59154377684466e-24	0.0903252807776598	1.57108643399233e-16	0.0	3.7704603546381144e-23	True	False	False	False	molformer	molformer_0071	0.4390007531755991	0.06099924682440089	negative	-0.1219984936488016	False	False
TRAIN	molformer_0583	48152	2383	45769	0	0.4790041216767728	0.5711134978130341	0.4962476789951324	0.5754031538963318	0.21901935338974	0.7635290026664734	0.3399571776390075	0.8117429614067078	-0.0791554749011993	0.4390926136979342	0.0609073863020658	-0.1218147726041316	0.1218147726041316	negligible	47890745.5	1.0018613795920724e-23	0.1040351451261932	8.474449783604755e-22	0.0	4.371758747310861e-23	True	False	False	False	molformer	molformer_0583	0.4390926136979342	0.060907386302065825	negative	-0.1218147726041316	False	False
TRAIN	molformer_0247	48152	2383	45769	0	0.2120474790388381	0.1339469288646958	0.212224006652832	0.1276617050170898	-0.0334606580436229	0.4648937880992889	-0.1115009039640426	0.3819067180156708	0.0845623016357421	0.5608877975201547	0.0608877975201547	0.1217755950403094	0.1217755950403094	negligible	61174645.0	1.0352043053226848e-23	0.097857174299001	2.481648438626765e-19	0.0	4.491733934959446e-23	True	False	False	False	molformer	molformer_0247	0.5608877975201547	0.06088779752015472	positive	0.1217755950403094	False	False
TRAIN	molformer_0737	48152	2383	45769	0	-0.2401028610019072	-0.1434870987755983	-0.2195182591676712	-0.1430770307779312	-0.557935893535614	0.0694757476449012	-0.438060849905014	0.148708775639534	-0.0764412283897399	0.4393179649154418	0.0606820350845582	-0.1213640701691164	0.1213640701691164	negligible	47915324.0	1.4591729005158538e-23	0.0887341289034636	5.743001054033492e-16	0.0	6.295757233686381e-23	True	False	False	False	molformer	molformer_0737	0.4393179649154418	0.06068203508455822	negative	-0.1213640701691164	False	False
TRAIN	molformer_0500	48152	2383	45769	0	0.1690419264661817	0.0716742062421817	0.1859768033027649	0.1061974018812179	-0.0811550319194793	0.4521954208612442	-0.2320820838212967	0.3921336233615875	0.0797794014215469	0.5605662811076665	0.0605662811076664	0.1211325622153329	0.1211325622153329	negligible	61139578.0	1.7691155040429312e-23	0.1033550710286115	1.6110071090093535e-21	0.0	7.590395011759614e-23	True	False	False	False	molformer	molformer_0500	0.5605662811076665	0.060566281107666486	positive	0.1211325622153329	False	False
TRAIN	molformer_0338	48152	2383	45769	0	0.2950989554092795	0.3567960644431368	0.3079509139060974	0.364907830953598	0.1136910021305084	0.4911748319864273	0.1926106214523315	0.5275517702102661	-0.0569569170475006	0.4396119066676922	0.0603880933323077	-0.1207761866646155	0.1207761866646155	negligible	47947383.5	2.3780287774117197e-23	0.0962504449193205	1.0263899366797345e-18	0.0	1.0146256116956668e-22	True	False	False	False	molformer	molformer_0338	0.4396119066676922	0.060388093332307824	negative	-0.1207761866646155	False	False
TRAIN	molformer_0056	48152	2383	45769	0	0.0523782978847787	-0.0192723158249794	0.0538207367062568	-0.0091468039900064	-0.1660737320780754	0.273164838552475	-0.22632497549057	0.1990794688463211	0.0629675406962633	0.5603410399137407	0.0603410399137407	0.1206820798274814	0.1206820798274814	negligible	61115011.5	2.570853744130517e-23	0.0851731881662632	9.605234799500191e-15	0.0	1.0908373897747166e-22	True	False	False	False	molformer	molformer_0056	0.5603410399137407	0.060341039913740735	positive	0.1206820798274814	False	False
TRAIN	molformer_0131	48152	2383	45769	0	0.569977246773322	0.4960453219660803	0.5685579776763916	0.499830424785614	0.3457838445901871	0.7984651327133179	0.2635951936244964	0.7358619570732117	0.0687275528907775	0.5599371204226534	0.0599371204226534	0.1198742408453068	0.1198742408453068	negligible	61070957.0	5.0081621291726244e-23	0.0884271722783262	7.354948741428267e-16	0.0	2.1133343490135032e-22	True	False	False	False	molformer	molformer_0131	0.5599371204226534	0.05993712042265342	positive	0.1198742408453068	False	False
TRAIN	molformer_0532	48152	2383	45769	0	0.1336202999480919	0.1929609180477716	0.1441371142864227	0.2051613330841064	-0.0440574362874031	0.3230290412902832	0.0020103526767343	0.393074631690979	-0.0610242187976837	0.4400923888189011	0.0599076111810988	-0.1198152223621976	0.1198152223621976	negligible	47999788.5	5.257279499655377e-23	0.0915144064832421	5.873816803412299e-17	0.0	2.20633369165865e-22	True	False	False	False	molformer	molformer_0532	0.4400923888189011	0.059907611181098885	negative	-0.1198152223621976	False	False
TRAIN	molformer_0176	48152	2383	45769	0	0.4990716713503709	0.4201531866434764	0.4725808203220367	0.3983012735843658	0.2326050400733947	0.7360698878765106	0.1642974615097046	0.6550865173339844	0.0742795467376709	0.5596459430129007	0.0596459430129007	0.1192918860258014	0.1192918860258014	negligible	61039199.0	8.077237679162784e-23	0.0885401848342999	6.715318925336297e-16	0.0	3.3713687704331625e-22	True	False	False	False	molformer	molformer_0176	0.5596459430129007	0.059645943012900715	positive	0.1192918860258014	False	False
TRAIN	molformer_0144	48152	2383	45769	0	0.0813992842978817	0.0176421159486371	0.0643015801906585	0.007905013859272	-0.1259874776005745	0.2660090923309326	-0.1720356196165084	0.1961868554353714	0.0563965663313865	0.5595628018594389	0.0595628018594388	0.1191256037188777	0.1191256037188777	negligible	61030131.0	9.254510856371813e-23	0.0959835093721341	1.2964354308206053e-18	0.0	3.841872614969488e-22	True	False	False	False	molformer	molformer_0144	0.5595628018594389	0.05956280185943885	positive	0.1191256037188777	False	False
TRAIN	molformer_0167	48152	2383	45769	0	0.0161484552043325	0.1053911069374556	0.0182837396860122	0.1221482828259468	-0.2780771255493164	0.3082105815410614	-0.2028815895318985	0.4201845824718475	-0.1038645431399345	0.440545864765046	0.059454135234954	-0.118908270469908	0.118908270469908	negligible	48049248.0	1.1052585537815641e-22	0.098162223848717	1.8902424053072188e-19	0.0	4.563648222065813e-22	True	False	False	False	molformer	molformer_0167	0.440545864765046	0.05945413523495402	negative	-0.118908270469908	False	False
TRAIN	molformer_0154	48152	2383	45769	0	-0.0991244129276771	-0.146394093644388	-0.0950774028897285	-0.1614772081375122	-0.2834890335798263	0.0841514095664024	-0.3279020488262176	0.0156752746552228	0.0663998052477836	0.5593244357690442	0.0593244357690442	0.1186488715380884	0.1186488715380884	negligible	61004133.0	1.3655846838863037e-22	0.1041528978648246	7.57911411441219e-22	0.0	5.6083905733940175e-22	True	False	False	False	molformer	molformer_0154	0.5593244357690442	0.059324435769044226	positive	0.1186488715380884	False	False
TRAIN	molformer_0733	48152	2383	45769	0	-0.5080455594470504	-0.5805702350152794	-0.4983808100223541	-0.5835760831832886	-0.750156581401825	-0.2697050273418426	-0.8259339928627014	-0.3372902274131775	0.0851952731609344	0.5588721884195651	0.0588721884195651	0.1177443768391302	0.1177443768391302	negligible	60954807.5	2.844904995990972e-22	0.0950919791185876	2.8150461809649493e-18	0.0	1.1621739558090777e-21	True	False	False	False	molformer	molformer_0733	0.5588721884195651	0.0588721884195651	positive	0.1177443768391302	False	False
TRAIN	molformer_0297	48152	2383	45769	0	-0.4841394995749935	-0.545187614974604	-0.4961887001991272	-0.5598578453063965	-0.6953458786010742	-0.2949006557464599	-0.738261342048645	-0.3722119331359863	0.0636691451072692	0.5584827324451943	0.0584827324451943	0.1169654648903886	0.1169654648903886	negligible	60912330.5	5.328995901347597e-22	0.1013500104389457	1.0444513243104861e-20	0.0	2.1654332551507694e-21	True	False	False	False	molformer	molformer_0297	0.5584827324451943	0.05848273244519431	positive	0.1169654648903886	False	False
TRAIN	molformer_0679	48152	2383	45769	0	0.4442307320444675	0.4984644407852962	0.4597175717353821	0.506232738494873	0.291611835360527	0.6113260686397552	0.3332838118076324	0.673318088054657	-0.0465151667594909	0.441941509318351	0.0580584906816489	-0.1161169813632979	0.1161169813632979	negligible	48201467.5	1.0508785608003913e-21	0.0889717431660479	4.739276652085271e-16	0.0	4.247761761551055e-21	True	False	False	False	molformer	molformer_0679	0.441941509318351	0.05805849068164898	negative	-0.1161169813632979	False	False
TRAIN	molformer_0310	48152	2383	45769	0	-0.2989509927218838	-0.3570928603468809	-0.3080828785896301	-0.3698197901248932	-0.495727851986885	-0.1211690418422222	-0.5463553667068481	-0.184289202094078	0.061736911535263	0.5579698025059283	0.0579698025059283	0.1159396050118566	0.1159396050118566	negligible	60856386.5	1.2104237195961237e-21	0.0932102733016032	1.4119637470181344e-17	0.0	4.86704406622944e-21	True	False	False	False	molformer	molformer_0310	0.5579698025059283	0.057969802505928314	positive	0.1159396050118566	False	False
TRAIN	molformer_0424	48152	2383	45769	0	-0.1948814457501405	-0.1312134292642416	-0.1935115605592727	-0.1309545785188675	-0.389712318778038	0.0040471710963174	-0.3410029709339142	0.0753001123666763	-0.0625569820404052	0.4420730516792592	0.0579269483207407	-0.1158538966414814	0.1158538966414814	negligible	48215814.5	1.2958827769467564e-21	0.0879047252992176	1.118368204418015e-15	0.0	5.183531107787025e-21	True	False	False	False	molformer	molformer_0424	0.4420730516792592	0.0579269483207408	negative	-0.1158538966414814	False	False
TRAIN	molformer_0160	48152	2383	45769	0	-0.1731278532042557	-0.1111571558229944	-0.1615418046712875	-0.0926114842295646	-0.3872492909431457	0.0532912462949752	-0.2968717813491821	0.0977689698338508	-0.0689303204417228	0.4421005529904424	0.0578994470095576	-0.1157988940191152	0.1157988940191152	negligible	48218814.0	1.353842432814118e-21	0.0985876025226096	1.2913432450115418e-19	0.0	5.3873108207318265e-21	True	False	False	False	molformer	molformer_0160	0.4421005529904424	0.057899447009557625	negative	-0.1157988940191152	False	False
TRAIN	molformer_0216	48152	2383	45769	0	-0.2663166653666194	-0.1669399360033041	-0.2626422941684723	-0.1584817767143249	-0.5985372960567474	0.0588614176958799	-0.5283511877059937	0.1982389837503433	-0.1041605174541473	0.4421820437901742	0.0578179562098258	-0.1156359124196516	0.1156359124196516	negligible	48227702.0	1.5410737198031693e-21	0.0966987451727956	6.923323045201155e-19	0.0	6.1007454474682156e-21	True	False	False	False	molformer	molformer_0216	0.4421820437901742	0.05781795620982583	negative	-0.1156359124196516	False	False
TRAIN	molformer_0148	48152	2383	45769	0	0.0736553159395849	0.1343847999471223	0.0779276937246322	0.1429993510246276	-0.1277514696121215	0.2822383791208267	-0.0719450116157531	0.3484175205230713	-0.0650716572999954	0.4423541986057867	0.0576458013942133	-0.1152916027884266	0.1152916027884266	negligible	48246478.5	2.0249367444554815e-21	0.0927330826892224	2.1143894829161957e-17	0.0	7.975135485855434e-21	True	False	False	False	molformer	molformer_0148	0.4423541986057867	0.057645801394213325	negative	-0.1152916027884266	False	False
TRAIN	molformer_0040	48152	2383	45769	0	-0.4362978896311502	-0.5115388194719891	-0.4448415338993072	-0.5147979855537415	-0.687608927488327	-0.1733116954565048	-0.744866669178009	-0.2769336402416229	0.0699564516544342	0.5574759524895068	0.0574759524895067	0.1149519049790135	0.1149519049790135	negligible	60802523.5	2.6489380925191385e-21	0.090955257470906	9.344066332733043e-17	0.0	1.0379512525789278e-20	True	False	False	False	molformer	molformer_0040	0.5574759524895068	0.057475952489506765	positive	0.1149519049790135	False	False
TRAIN	molformer_0622	48152	2383	45769	0	0.1528212888827706	0.0805709357745647	0.151938185095787	0.0804348587989807	-0.0942825637757778	0.3965657949447632	-0.1521977633237838	0.3092755079269409	0.0715033262968063	0.5573437729086862	0.0573437729086862	0.1146875458173724	0.1146875458173724	negligible	60788107.0	3.2630663297613578e-21	0.0893593104022612	3.460626300441206e-16	0.0	1.2720989549526511e-20	True	False	False	False	molformer	molformer_0622	0.5573437729086862	0.0573437729086862	positive	0.1146875458173724	False	False
TRAIN	molformer_0397	48152	2383	45769	0	-0.0687099718465059	-0.1387142579536721	-0.0722246095538139	-0.1544220149517059	-0.3191989213228225	0.1571346297860145	-0.4044614136219024	0.1024565026164054	0.082197405397892	0.5570845344279236	0.0570845344279236	0.1141690688558472	0.1141690688558472	negligible	60759832.5	4.904936608296146e-21	0.0891453237039104	4.117424907912499e-16	0.0	1.902520866248202e-20	True	False	False	False	molformer	molformer_0397	0.5570845344279236	0.057084534427923606	positive	0.1141690688558472	False	False
TRAIN	molformer_0615	48152	2383	45769	0	-0.4932185338401289	-0.404346270954347	-0.5026490092277527	-0.4191816449165344	-0.773717850446701	-0.2237378060817718	-0.7086195945739746	-0.1149471402168273	-0.0834673643112182	0.4429765424130319	0.057023457586968	-0.1140469151739361	0.1140469151739361	negligible	48314356.0	5.397868388211874e-21	0.0884379179148344	7.291632926912011e-16	0.0	2.0831974483149345e-20	True	False	False	False	molformer	molformer_0615	0.4429765424130319	0.057023457586968085	negative	-0.1140469151739361	False	False
TRAIN	molformer_0343	48152	2383	45769	0	0.5763848873248024	0.4959872636535236	0.5551474690437317	0.4822986721992492	0.3043526709079742	0.8264769017696381	0.2216781973838806	0.7617374062538147	0.0728487968444824	0.5569043845653529	0.0569043845653528	0.1138087691307057	0.1138087691307057	negligible	60740184.0	6.503948718420794e-21	0.0865597420211058	3.2519616612037885e-15	0.0	2.4975163078735848e-20	True	False	False	False	molformer	molformer_0343	0.5569043845653529	0.05690438456535285	positive	0.1138087691307057	False	False
TRAIN	molformer_0415	48152	2383	45769	0	0.0224641478928105	0.0934857165141677	0.0579508692026138	0.1195471063256263	-0.188364140689373	0.2655169665813446	-0.0981492400169372	0.310265451669693	-0.0615962371230125	0.443112206073949	0.0568877939260509	-0.1137755878521019	0.1137755878521019	negligible	48329152.5	6.6748810830337055e-21	0.0820571552887597	1.0273021703457842e-13	0.0	2.5504023242636252e-20	True	False	False	False	molformer	molformer_0415	0.443112206073949	0.05688779392605098	negative	-0.1137755878521019	False	False
TRAIN	molformer_0289	48152	2383	45769	0	-0.5470420150822856	-0.6096624911542511	-0.5548263788223267	-0.6147392988204956	-0.7434073984622955	-0.349284827709198	-0.8269691467285156	-0.3941657841205597	0.0599129199981689	0.5565879338219524	0.0565879338219523	0.1131758676439047	0.1131758676439047	negligible	60705669.5	1.0654165171142122e-20	0.0986269359531732	1.2465343146353074e-19	0.0	4.05069250071146e-20	True	False	False	False	molformer	molformer_0289	0.5565879338219524	0.056587933821952374	positive	0.1131758676439047	False	False
TRAIN	molformer_0288	48152	2383	45769	0	0.0334110137222133	0.1120353342989688	0.0627752467989921	0.1409460008144378	-0.2611510455608368	0.331057995557785	-0.1288021057844162	0.3730546534061432	-0.0781707540154457	0.4434536413390944	0.0565463586609055	-0.1130927173218111	0.1130927173218111	negligible	48366392.0	1.1365609116126096e-20	0.1007316962453911	1.844973009709486e-20	0.0	4.299895468563962e-20	True	False	False	False	molformer	molformer_0288	0.4434536413390944	0.05654635866090563	negative	-0.1130927173218111	False	False
TRAIN	molformer_0030	48152	2383	45769	0	0.3665531040906115	0.4263437981414988	0.3747949004173279	0.4379002749919891	0.1608632132411003	0.5779339671134949	0.232029914855957	0.6326876282691956	-0.0631053745746612	0.4434635572144218	0.0565364427855781	-0.1130728855711563	0.1130728855711563	negligible	48367473.5	1.1542113726265356e-20	0.0864488565877174	3.5484792817983257e-15	0.0	4.345266344005782e-20	True	False	False	False	molformer	molformer_0030	0.4434635572144218	0.05653644278557818	negative	-0.1130728855711563	False	False
TRAIN	molformer_0254	48152	2383	45769	0	-0.2651453746341156	-0.2077090838261296	-0.2602743208408355	-0.2083823978900909	-0.4612568020820617	-0.0720818825066089	-0.3874975442886352	-0.0330024883151054	-0.0518919229507446	0.4435544962892576	0.0564455037107424	-0.1128910074214848	0.1128910074214848	negligible	48377392.0	1.3292612210267804e-20	0.0856061676359454	6.8619574224983135e-15	0.0	4.979866428041792e-20	True	False	False	False	molformer	molformer_0254	0.4435544962892576	0.05644550371074242	negative	-0.1128910074214848	False	False
TRAIN	molformer_0055	48152	2383	45769	0	-0.2140337461994899	-0.2798932205897803	-0.2333527356386184	-0.2836216390132904	-0.4220875352621078	-0.0110646579414606	-0.472443014383316	-0.0866727456450462	0.0502689033746719	0.5561932425588048	0.0561932425588047	0.1123864851176095	0.1123864851176095	negligible	60662621.5	1.9643452017031392e-20	0.079519287166014	6.628929747193459e-13	0.0	7.323384052951508e-20	True	False	False	False	molformer	molformer_0055	0.5561932425588048	0.05619324255880476	positive	0.1123864851176095	False	False
TRAIN	molformer_0316	48152	2383	45769	0	0.2088216139768735	0.2735828664503749	0.2078703343868255	0.2785363495349884	-0.0062192121986299	0.4307405203580856	0.0529912337660789	0.4945366978645324	-0.0706660151481628	0.4438511336192668	0.0561488663807331	-0.1122977327614662	0.1122977327614662	negligible	48409745.5	2.103668148270656e-20	0.0843651749800836	1.7909724231709052e-14	0.0	7.804913709525913e-20	True	False	False	False	molformer	molformer_0316	0.4438511336192668	0.05614886638073319	negative	-0.1122977327614662	False	False
TRAIN	molformer_0655	48152	2383	45769	0	0.3944692824847896	0.3270963669852398	0.4088320434093475	0.3220918774604797	0.1262742057442665	0.6559574902057648	0.0723237097263336	0.5753309726715088	0.0867401659488678	0.5561046231478229	0.0561046231478229	0.1122092462956458	0.1122092462956458	negligible	60652956.0	2.2522915564527548e-20	0.0941330227465411	6.4291544502214435e-18	0.0	8.316153439210171e-20	True	False	False	False	molformer	molformer_0655	0.5561046231478229	0.05610462314782294	positive	0.1122092462956458	False	False
TRAIN	molformer_0282	48152	2383	45769	0	0.2243120794106977	0.2840333493103704	0.2386671900749206	0.2909458577632904	0.0411622729152441	0.4120577424764633	0.1038510724902153	0.4660609364509582	-0.0522786676883697	0.4443547849031178	0.0556452150968821	-0.1112904301937642	0.1112904301937642	negligible	48464677.5	4.5616627951550455e-20	0.0832561372735626	4.171114412996808e-14	0.0	1.6762473811861602e-19	True	False	False	False	molformer	molformer_0282	0.4443547849031178	0.055645215096882195	negative	-0.1112904301937642	False	False
TRAIN	molformer_0136	48152	2383	45769	0	0.1426122986303131	0.0491498769223097	0.1572574526071548	0.0580883771181106	-0.1553669199347496	0.4495837390422821	-0.3025702834129333	0.4090869724750519	0.0991690754890441	0.5555467623282593	0.0555467623282592	0.1110935246565185	0.1110935246565185	negligible	60592111.5	5.3025690216975454e-20	0.1002835243527617	2.780630916803955e-20	0.0	1.9392252422208168e-19	True	False	False	False	molformer	molformer_0136	0.5555467623282593	0.05554676232825928	positive	0.1110935246565185	False	False
TRAIN	molformer_0360	48152	2383	45769	0	-0.0945581411362045	-0.2036052949727873	-0.1079490110278129	-0.2251321822404861	-0.4629098176956177	0.2885614931583404	-0.6303632855415344	0.2326915711164474	0.1171831712126731	0.555505045053419	0.055505045053419	0.111010090106838	0.111010090106838	negligible	60587561.5	5.651301175535994e-20	0.1066183154588258	7.105465423521891e-23	0.0	2.0569664942235276e-19	True	False	False	False	molformer	molformer_0360	0.555505045053419	0.05550504505341902	positive	0.111010090106838	False	False
TRAIN	molformer_0340	48152	2383	45769	0	6.967133945344227	6.7056954289288	7.079780101776123	6.793262958526611	6.100321292877197	7.9366631507873535	5.736915588378906	7.727251052856445	0.2865171432495117	0.5553570083238433	0.0553570083238432	0.1107140166476865	0.1107140166476865	negligible	60571415.5	7.081830526871649e-20	0.0854255272515714	7.897238283799803e-15	0.0	2.5654933229421825e-19	True	False	False	False	molformer	molformer_0340	0.5553570083238433	0.05535700832384327	positive	0.1107140166476865	False	False
TRAIN	molformer_0578	48152	2383	45769	0	-0.2481041683095481	-0.3154011543214573	-0.2453576624393463	-0.3059565424919128	-0.4639074653387069	-0.0370024908334016	-0.523668110370636	-0.1006543189287185	0.0605988800525665	0.5552328604645084	0.0552328604645083	0.1104657209290167	0.1104657209290167	negligible	60557875.0	8.553256470311318e-20	0.0832948197312661	4.0506798859256345e-14	0.0	3.0839910653516864e-19	True	False	False	False	molformer	molformer_0578	0.5552328604645084	0.05523286046450837	positive	0.1104657209290167	False	False
TRAIN	molformer_0547	48152	2383	45769	0	-0.1049704788224511	-0.1653186209963114	-0.1110475361347198	-0.1707761287689209	-0.3080645352602005	0.0951777026057243	-0.3653347492218017	0.0280190072953701	0.059728592634201	0.5550947671161555	0.0550947671161554	0.1101895342323109	0.1101895342323109	negligible	60542813.5	1.0546675575766468e-19	0.0842130948838695	2.0124553493388387e-14	0.0	3.784975159901237e-19	True	False	False	False	molformer	molformer_0547	0.5550947671161555	0.05509476711615546	positive	0.1101895342323109	False	False
TRAIN	molformer_0752	48152	2383	45769	0	0.0766585920285973	0.0149311671455422	0.0682767480611801	-0.0019798008725047	-0.1511328220367431	0.2969789206981659	-0.2141495048999786	0.2267754077911377	0.0702565489336848	0.555045325268996	0.0550453252689959	0.1100906505379919	0.1100906505379919	negligible	60537421.0	1.1366760348305206e-19	0.0919335413188565	4.139757247609583e-17	0.0	4.060312533720186e-19	True	False	False	False	molformer	molformer_0752	0.555045325268996	0.05504532526899597	positive	0.1100906505379919	False	False
TRAIN	molformer_0454	48152	2383	45769	0	-0.0352395257054642	-0.0980699092846728	-0.0253278128802776	-0.0906497091054916	-0.2404456958174705	0.1841512694954872	-0.3057743012905121	0.1197650656104087	0.065321896225214	0.5549711006099918	0.0549711006099917	0.1099422012199835	0.1099422012199835	negligible	60529325.5	1.2717610646478325e-19	0.0884436116352028	7.258302296381839e-16	0.0	4.52181711874785e-19	True	False	False	False	molformer	molformer_0454	0.5549711006099918	0.054971100609991774	positive	0.1099422012199835	False	False
TRAIN	molformer_0730	48152	2383	45769	0	0.5850514121489632	0.6593861709719184	0.5819934606552124	0.6283595561981201	0.3837457448244095	0.7779511511325836	0.431349366903305	0.8603270649909973	-0.0463660955429077	0.4453750473319157	0.0546249526680842	-0.1092499053361685	0.1092499053361685	negligible	48575955.0	2.142844755596018e-19	0.0743483896907279	2.4673455941727703e-11	0.0	7.583892959897429e-19	True	False	False	False	molformer	molformer_0730	0.4453750473319157	0.054624952668084314	negative	-0.1092499053361685	False	False
TRAIN	molformer_0541	48152	2383	45769	0	2.383057906967324	2.250669970617935	2.336955308914185	2.186664342880249	1.834578275680542	2.8568482398986816	1.7159816026687622	2.6690683364868164	0.1502909660339355	0.5544995441218723	0.0544995441218723	0.1089990882437446	0.1089990882437446	negligible	60477894.0	2.5866456131769133e-19	0.0863811920847897	3.742343830289213e-15	0.0	9.112586380366372e-19	True	False	False	False	molformer	molformer_0541	0.5544995441218723	0.0544995441218723	positive	0.1089990882437446	False	False
TRAIN	molformer_0630	48152	2383	45769	0	0.2228522294919112	0.2932072081095313	0.2117414027452469	0.2817352712154388	-0.0285489400848746	0.472304105758667	0.0360290259122848	0.5369364023208618	-0.0699938684701919	0.4457159233105193	0.0542840766894806	-0.1085681533789613	0.1085681533789613	negligible	48613133.5	3.5707430132861484e-19	0.0852413294380462	9.111099777159131e-15	0.0	1.2522057690428134e-18	True	False	False	False	molformer	molformer_0630	0.4457159233105193	0.05428407668948071	negative	-0.1085681533789613	False	False
TRAIN	molformer_0709	48152	2383	45769	0	-0.0207158960524142	-0.074180877593828	-0.0351985841989517	-0.0857076048851013	-0.2096245512366294	0.1550340503454208	-0.2594832181930542	0.100959874689579	0.0505090206861496	0.5542695123178139	0.0542695123178138	0.1085390246356277	0.1085390246356277	negligible	60452805.0	3.649250853201877e-19	0.0824691844347034	7.547824466191228e-14	0.0	1.273920297845019e-18	True	False	False	False	molformer	molformer_0709	0.5542695123178139	0.05426951231781385	positive	0.1085390246356277	False	False
TRAIN	molformer_0244	48152	2383	45769	0	0.1854099023332567	0.1071348483201702	0.202416107058525	0.0997905284166336	-0.1208507306873798	0.494749441742897	-0.199541226029396	0.4205079078674316	0.1026255786418914	0.5541862336348747	0.0541862336348747	0.1083724672697494	0.1083724672697494	negligible	60443722.0	4.1320269465180303e-19	0.0939042562136758	7.819447394384297e-18	0.0	1.4359261063012885e-18	True	False	False	False	molformer	molformer_0244	0.5541862336348747	0.054186233634874736	positive	0.1083724672697494	False	False
TRAIN	molformer_0285	48152	2383	45769	0	-0.0864286029143236	-0.004737060249054	-0.07554891705513	-0.0045268852263689	-0.3637231290340423	0.2013479843735695	-0.2945943176746368	0.2856347560882568	-0.0710220318287611	0.4460715149432149	0.053928485056785	-0.1078569701135701	0.1078569701135701	negligible	48651917.0	6.06255277209761e-19	0.070500214055463	3.1075581609932344e-10	0.0	2.0973155535905246e-18	True	False	False	False	molformer	molformer_0285	0.4460715149432149	0.0539284850567851	negative	-0.1078569701135701	False	False
TRAIN	molformer_0373	48152	2383	45769	0	-0.5439696279619495	-0.6118428946872713	-0.5826802253723145	-0.6372818350791931	-0.7803921699523926	-0.3448729813098907	-0.8283500671386719	-0.4225609600543976	0.0546016097068786	0.5538531784992246	0.0538531784992245	0.1077063569984491	0.1077063569984491	negligible	60407396.5	6.778809367348591e-19	0.077550103432711	2.7047862013271605e-12	0.0	2.3345854682169136e-18	True	False	False	False	molformer	molformer_0373	0.5538531784992246	0.05385317849922455	positive	0.1077063569984491	False	False
TRAIN	molformer_0451	48152	2383	45769	0	-0.6194152259783138	-0.7097435395765022	-0.6051732301712036	-0.6894088983535767	-0.9050235450267792	-0.3269036710262298	-1.0260088443756104	-0.3743831515312195	0.084235668182373	0.5537991935949919	0.0537991935949918	0.1075983871899837	0.1075983871899837	negligible	60401508.5	7.343097997926811e-19	0.086844363859098	2.5980511819360637e-15	0.0	2.517633599289193e-18	True	False	False	False	molformer	molformer_0451	0.5537991935949919	0.053799193594991856	positive	0.1075983871899837	False	False
TRAIN	molformer_0604	48152	2383	45769	0	0.3125000867522777	0.3787196447254582	0.3209251165390014	0.3971169292926788	0.0625964757055044	0.5570383071899414	0.130481332540512	0.650886058807373	-0.0761918127536773	0.446240016059042	0.0537599839409579	-0.1075199678819158	0.1075199678819158	negligible	48670295.0	7.7817935476343e-19	0.0913432281269199	6.772909237275201e-17	0.0	2.656185530925841e-18	True	False	False	False	molformer	molformer_0604	0.446240016059042	0.05375998394095799	negative	-0.1075199678819158	False	False
TRAIN	molformer_0504	48152	2383	45769	0	0.0258374271752499	-0.033933270697268	0.0186728686094284	-0.0392352268099784	-0.1711428537964821	0.2132209241390228	-0.2418520599603653	0.1700240820646286	0.0579080954194068	0.5537104504074801	0.0537104504074801	0.1074209008149602	0.1074209008149602	negligible	60391829.5	8.373165863006601e-19	0.0830446261058069	4.8946468201912326e-14	0.0	2.845394417163305e-18	True	False	False	False	molformer	molformer_0504	0.5537104504074801	0.053710450407480126	positive	0.1074209008149602	False	False
TRAIN	molformer_0076	48152	2383	45769	0	-0.3287047525285426	-0.2713402821497502	-0.3321979343891144	-0.2715954482555389	-0.5402097404003143	-0.1259297728538513	-0.4977552592754364	-0.0461030788719654	-0.0606024861335754	0.4465312209746903	0.0534687790253097	-0.1069375580506194	0.1069375580506194	negligible	48702056.0	1.1958548123670085e-18	0.0957798373845956	1.548665540179848e-18	0.0	4.045887647127147e-18	True	False	False	False	molformer	molformer_0076	0.4465312209746903	0.05346877902530972	negative	-0.1069375580506194	False	False
TRAIN	molformer_0098	48152	2383	45769	0	0.0995245908212944	0.1566631301392308	0.1173917800188064	0.1807606369256973	-0.0908426381647586	0.3214273005723953	-0.0360992215573787	0.3838591277599334	-0.0633688569068908	0.4467050857401397	0.0532949142598603	-0.1065898285197206	0.1065898285197206	negligible	48721019.0	1.5438896711917385e-18	0.0828115503159799	5.835359550457548e-14	0.0	5.200470471382697e-18	True	False	False	False	molformer	molformer_0098	0.4467050857401397	0.053294914259860326	negative	-0.1065898285197206	False	False
TRAIN	molformer_0153	48152	2383	45769	0	-0.3082217946617332	-0.3560771113532685	-0.3063212633132934	-0.3654118180274963	-0.4980001300573349	-0.1376659646630287	-0.5312677025794983	-0.1934031099081039	0.0590905547142028	0.5529978964316299	0.0529978964316298	0.1059957928632597	0.1059957928632597	negligible	60314113.0	2.3840686937539364e-18	0.1011033559053741	1.3111233133942963e-20	0.0	7.995479287349447e-18	True	False	False	False	molformer	molformer_0153	0.5529978964316299	0.05299789643162989	positive	0.1059957928632597	False	False
TRAIN	molformer_0249	48152	2383	45769	0	-0.0523276168636286	-0.0012521861308319	-0.0631325244903564	-0.0080135324969887	-0.2402517050504684	0.1242447309195995	-0.1903523206710815	0.1810487508773803	-0.0551189919933676	0.4470527006631405	0.0529472993368594	-0.1058945986737188	0.1058945986737188	negligible	48758932.5	2.566621075428614e-18	0.0828244597496008	5.778892981610499e-14	0.0	8.570282547518155e-18	True	False	False	False	molformer	molformer_0249	0.4470527006631405	0.05294729933685949	negative	-0.1058945986737188	False	False
TRAIN	molformer_0080	48152	2383	45769	0	-0.6814499265638204	-0.781966351839332	-0.6963257789611816	-0.7728737592697144	-1.0264814496040344	-0.3514936566352844	-1.1340433359146118	-0.4413809776306152	0.0765479803085327	0.5528019948595699	0.0528019948595699	0.1056039897191398	0.1056039897191398	negligible	60292746.5	3.1711493645907866e-18	0.0727521675631281	7.17314140352641e-11	0.0	1.0543042043314822e-17	True	False	False	False	molformer	molformer_0080	0.5528019948595699	0.052801994859569934	positive	0.1056039897191398	False	False
TRAIN	molformer_0585	48152	2383	45769	0	0.1002663919785148	0.1644061345394666	0.1051422804594039	0.1819478720426559	-0.1318676695227623	0.3637001812458038	-0.0508520118892192	0.4005084335803985	-0.0768055915832519	0.4475432178818907	0.0524567821181092	-0.1049135642362185	0.1049135642362185	negligible	48812432.0	5.2294677464385624e-18	0.0954549010724337	2.0548988632258936e-18	0.0	1.7311341505451792e-17	True	False	False	False	molformer	molformer_0585	0.4475432178818907	0.05245678211810928	negative	-0.1049135642362185	False	False
TRAIN	molformer_0330	48152	2383	45769	0	-0.5210569864219079	-0.5694314983933392	-0.5162363052368164	-0.5649142265319824	-0.6895949840545654	-0.3544786423444748	-0.7347912788391113	-0.3983644247055053	0.048677921295166	0.5523533278608215	0.0523533278608214	0.1047066557216429	0.1047066557216429	negligible	60243811.5	6.071419059743892e-18	0.0881521224919678	9.173481040433777e-16	0.0	2.0012231063876866e-17	True	False	False	False	molformer	molformer_0330	0.5523533278608215	0.052353327860821475	positive	0.1047066557216429	False	False
TRAIN	molformer_0503	48152	2383	45769	0	-0.3768284324734852	-0.3232860239876601	-0.3722237944602966	-0.3261346220970154	-0.5628285706043243	-0.1836875230073928	-0.5028870105743408	-0.1439027041196823	-0.0460891723632812	0.4476898976539552	0.0523101023460447	-0.1046202046920895	0.1046202046920895	negligible	48828430.0	6.4616260758080084e-18	0.0863924144901534	3.7094839038105056e-15	0.0	2.1207388146241666e-17	True	False	False	False	molformer	molformer_0503	0.4476898976539552	0.05231010234604477	negative	-0.1046202046920895	False	False
TRAIN	molformer_0391	48152	2383	45769	0	0.2911231143732752	0.2299964239016998	0.2876936495304107	0.196221187710762	0.0231079552322626	0.5368781983852386	-0.0355678722262382	0.4642468690872192	0.0914724618196487	0.5522908665564592	0.0522908665564592	0.1045817331129184	0.1045817331129184	negligible	60236999.0	6.643134718946783e-18	0.0959346313958324	1.3529891915944537e-18	0.0	2.1710329634685656e-17	True	False	False	False	molformer	molformer_0391	0.5522908665564592	0.0522908665564592	positive	0.1045817331129184	False	False
TRAIN	molformer_0191	48152	2383	45769	0	-0.3462269319812946	-0.2949315876073352	-0.3393736183643341	-0.2810779809951782	-0.5301705598831177	-0.1468674838542938	-0.4760066270828247	-0.1040990203619003	-0.0582956373691558	0.447877409927888	0.0521225900721119	-0.1042451801442239	0.1042451801442239	negligible	48848881.5	8.461347672541736e-18	0.08445849331488	1.6671384806161073e-14	0.0	2.7535233103864627e-17	True	False	False	False	molformer	molformer_0191	0.447877409927888	0.05212259007211201	negative	-0.1042451801442239	False	False
TRAIN	molformer_0248	48152	2383	45769	0	-0.0630949537745752	-0.1174798543377967	-0.0652290135622024	-0.1133303195238113	-0.2530328929424286	0.1204768344759941	-0.3053582906723022	0.0718516260385513	0.0481013059616088	0.5519940962812881	0.0519940962812881	0.1039881925625763	0.1039881925625763	negligible	60204631.0	1.0172898954860234e-17	0.0771923159126913	3.478883804752634e-12	0.0	3.296534344866101e-17	True	False	False	False	molformer	molformer_0248	0.5519940962812881	0.05199409628128815	positive	0.1039881925625763	False	False
TRAIN	molformer_0086	48152	2383	45769	0	0.0106231285382583	0.0566838063843333	0.0094681531190872	0.0662884712219238	-0.1756109520792961	0.2011680081486702	-0.1087535992264747	0.2333452105522155	-0.0568203181028366	0.4480543691065811	0.0519456308934189	-0.1038912617868378	0.1038912617868378	negligible	48868182.0	1.0903631595502745e-17	0.0904984670643536	1.3624491588435195e-16	0.0	3.518482800565592e-17	True	False	False	False	molformer	molformer_0086	0.4480543691065811	0.051945630893418915	negative	-0.1038912617868378	False	False
TRAIN	molformer_0535	48152	2383	45769	0	-0.2547513057530752	-0.3169717631848301	-0.2898618876934051	-0.3438901901245117	-0.4832450151443481	-0.0691766552627086	-0.5299990773200989	-0.1354981064796447	0.0540283024311065	0.5517838870592527	0.0517838870592527	0.1035677741185054	0.1035677741185054	negligible	60181704.0	1.3737704883015414e-17	0.0790135821086325	9.544260561326918e-13	0.0	4.414459142324619e-17	True	False	False	False	molformer	molformer_0535	0.5517838870592527	0.05178388705925274	positive	0.1035677741185054	False	False
TRAIN	molformer_0624	48152	2383	45769	0	-0.2513097573116393	-0.3099949376630169	-0.2460446059703827	-0.2950858175754547	-0.4350329488515854	-0.0543752331286668	-0.502258837223053	-0.1000286340713501	0.049041211605072	0.551736219342353	0.0517362193423529	0.1034724386847059	0.1034724386847059	negligible	60176505.0	1.4703753799802754e-17	0.0737703624654476	3.6410974041552914e-11	0.0	4.7052012159368816e-17	True	False	False	False	molformer	molformer_0624	0.551736219342353	0.05173621934235295	positive	0.1034724386847059	False	False
TRAIN	molformer_0223	48152	2383	45769	0	0.314466291419331	0.2533622985391845	0.3165111839771271	0.2627434730529785	0.1027716360986232	0.5300144255161285	0.0387091934680938	0.4808203279972076	0.0537677109241485	0.5511864681776455	0.0511864681776454	0.1023729363552909	0.1023729363552909	negligible	60116545.0	3.2055284648931643e-17	0.0759233956042663	8.414193603785381e-12	0.0	1.02142369976733e-16	True	False	False	False	molformer	molformer_0223	0.5511864681776455	0.051186468177645494	positive	0.1023729363552909	False	False
TRAIN	molformer_0060	48152	2383	45769	0	-0.1328955158639072	-0.1908022959554147	-0.1598227769136428	-0.2107994854450225	-0.3469626158475876	0.0548288151621818	-0.3819456398487091	-0.0224838405847549	0.0509767085313797	0.5511835938115659	0.0511835938115659	0.1023671876231318	0.1023671876231318	negligible	60116231.5	3.218548637287681e-17	0.0829499874880266	5.2571113883588716e-14	0.0	1.02142369976733e-16	True	False	False	False	molformer	molformer_0060	0.5511835938115659	0.0511835938115659	positive	0.1023671876231318	False	False
TRAIN	molformer_0484	48152	2383	45769	0	-0.1349458439593822	-0.18713598063858	-0.1312718093395233	-0.1825174838304519	-0.3269890546798706	0.0678821876645088	-0.381476879119873	0.0112680718302726	0.0512456744909286	0.5509455440389696	0.0509455440389695	0.1018910880779391	0.1018910880779391	negligible	60090268.0	4.4990654625170304e-17	0.0754510827040205	1.1645390290105336e-11	0.0	1.4219268622276044e-16	True	False	False	False	molformer	molformer_0484	0.5509455440389696	0.05094554403896956	positive	0.1018910880779391	False	False
TRAIN	molformer_0321	48152	2383	45769	0	0.2505463724527023	0.1953867668569223	0.2507129907608032	0.1919113844633102	0.0478881429880857	0.4558055698871612	-0.0181013848632574	0.408081442117691	0.0588016062974929	0.5508243255575054	0.0508243255575053	0.1016486511150107	0.1016486511150107	negligible	60077047.0	5.3326142445257996e-17	0.082462399647147	7.586330540825543e-14	0.0	1.6784621884409074e-16	True	False	False	False	molformer	molformer_0321	0.5508243255575054	0.05082432555750538	positive	0.1016486511150107	False	False
TRAIN	molformer_0549	48152	2383	45769	0	0.0327321258509978	-0.0086021257953897	0.0389686785638332	-0.0103387404233217	-0.1315780878067016	0.2050087451934814	-0.1603906899690628	0.1459491550922393	0.0493074189871549	0.5507550794655866	0.0507550794655865	0.1015101589311731	0.1015101589311731	negligible	60069494.5	5.875323988026864e-17	0.0888527801680145	5.218050357984513e-16	0.0	1.841734213389646e-16	True	False	False	False	molformer	molformer_0549	0.5507550794655866	0.05075507946558655	positive	0.1015101589311731	False	False
TRAIN	molformer_0552	48152	2383	45769	0	1.0370930827682368	0.9572600275578292	1.0403434038162231	0.96478533744812	0.7613760530948639	1.3087924718856812	0.6567215323448181	1.2613160610198977	0.075558066368103	0.5507123536412446	0.0507123536412446	0.1014247072824892	0.1014247072824892	negligible	60064834.5	6.236990814622204e-17	0.0840289245762398	2.3169973734617093e-14	0.0	1.947158107979615e-16	True	False	False	False	molformer	molformer_0552	0.5507123536412446	0.0507123536412446	positive	0.1014247072824892	False	False
TRAIN	molformer_0371	48152	2383	45769	0	-0.2958197200756721	-0.3759649424991103	-0.3488976061344147	-0.4137923717498779	-0.6142507791519165	-0.0135506973601877	-0.6385499238967896	-0.1481122523546219	0.0648947656154632	0.5506956621469926	0.0506956621469926	0.1013913242939852	0.1013913242939852	negligible	60063014.0	6.384170359643387e-17	0.1053963660512812	2.312879654977583e-22	0.0	1.9850375855085518e-16	True	False	False	False	molformer	molformer_0371	0.5506956621469926	0.050695662146992615	positive	0.1013913242939852	False	False
TRAIN	molformer_0748	48152	2383	45769	0	-0.0027006172920235	-0.0520276263372481	-0.0169405993074178	-0.0613701604306697	-0.1778229251503944	0.1629776880145073	-0.2153055965900421	0.1039693132042884	0.0444295611232519	0.5506912199448695	0.0506912199448694	0.1013824398897389	0.1013824398897389	negligible	60062529.5	6.423913814326148e-17	0.0784226821242586	1.4568807289694186e-12	0.0	1.98934105217842e-16	True	False	False	False	molformer	molformer_0748	0.5506912199448695	0.05069121994486947	positive	0.1013824398897389	False	False
TRAIN	molformer_0644	48152	2383	45769	0	-0.5984982366394848	-0.5377402455491156	-0.6009000539779663	-0.5368775129318237	-0.8473188877105713	-0.3664372712373733	-0.776567816734314	-0.3048700094223022	-0.0640225410461425	0.4495990268487521	0.0504009731512479	-0.1008019463024958	0.1008019463024958	negligible	49036654.0	9.625080610285567e-17	0.0791718601999658	8.517383569304024e-13	0.0	2.9686995617266327e-16	True	False	False	False	molformer	molformer_0644	0.4495990268487521	0.05040097315124792	negative	-0.1008019463024958	False	False
TRAIN	molformer_0493	48152	2383	45769	0	0.0584089723092758	-0.0048881370621693	0.0530740208923816	0.0048516192473471	-0.155479334294796	0.2727626115083694	-0.220069408416748	0.2196098715066909	0.0482224016450345	0.5502025822956452	0.0502025822956452	0.1004051645912904	0.1004051645912904	negligible	60009235.0	1.2672724165591382e-16	0.083466896613508	3.555110222289631e-14	0.0	3.8930608636696734e-16	True	False	False	False	molformer	molformer_0493	0.5502025822956452	0.050202582295645226	positive	0.1004051645912904	False	False
TRAIN	molformer_0470	48152	2383	45769	0	-0.1731654980139453	-0.2199207437116909	-0.1706413030624389	-0.2176088094711303	-0.3452233523130417	0.0020352246938273	-0.3929359018802643	-0.0440654680132865	0.0469675064086914	0.5500618942244835	0.0500618942244834	0.1001237884489669	0.1001237884489669	negligible	59993890.5	1.539255669625495e-16	0.0751974049984647	1.3854652658315096e-11	0.0	4.709754399491555e-16	True	False	False	False	molformer	molformer_0470	0.5500618942244835	0.05006189422448348	positive	0.1001237884489669	False	False
TRAIN	molformer_0439	48152	2383	45769	0	0.0584186774418902	0.1078238043330378	0.0712896659970283	0.1221349090337753	-0.1209859140217304	0.2538390159606933	-0.0664501190185546	0.3021310269832611	-0.0508452430367469	0.4499533165357274	0.0500466834642725	-0.100093366928545	0.100093366928545	negligible	49075295.5	1.57190549309269e-16	0.0758562445447214	8.813191881750131e-12	0.0	4.790569121806293e-16	True	False	False	False	molformer	molformer_0439	0.4499533165357274	0.0500466834642726	negative	-0.100093366928545	False	False
TRAIN	molformer_0083	48152	2383	45769	0	-0.6335275930780847	-0.6960194370163243	-0.6413315534591675	-0.7130395770072937	-0.9089840948581696	-0.3630227744579315	-0.9305084943771362	-0.4808753132820129	0.0717080235481262	0.5497975809060015	0.0497975809060015	0.099595161812003	0.099595161812003	negligible	59965062.5	2.2147667347515727e-16	0.0984439575676819	1.4689310727896278e-19	0.0	6.723086372684619e-16	True	False	False	False	molformer	molformer_0083	0.5497975809060015	0.049797580906001504	positive	0.099595161812003	False	False
TRAIN	molformer_0204	48152	2383	45769	0	-0.1324630761552294	-0.0546291017511065	-0.143931359052658	-0.0723905265331268	-0.3901064842939377	0.1105640977621078	-0.3718303143978119	0.2375915646553039	-0.0715408325195312	0.4504901949413413	0.0495098050586587	-0.0990196101173174	0.0990196101173174	negligible	49133851.5	3.2843328871661407e-16	0.100957033709951	1.500075845030916e-20	0.0	9.930581328124394e-16	True	False	False	False	molformer	molformer_0204	0.4504901949413413	0.04950980505865871	negative	-0.0990196101173174	False	False
TRAIN	molformer_0768	48152	2383	45769	0	0.2227607819007356	0.1745893390678277	0.2570298910140991	0.2106718271970749	0.057845713570714	0.4410410970449447	0.0204436890780925	0.3814264833927154	0.0463580638170242	0.5493451272623061	0.0493451272623061	0.0986902545246122	0.0986902545246122	negligible	59915714.5	4.11088444909774e-16	0.082746205476906	6.129615719920832e-14	0.0	1.2381016693753192e-15	True	False	False	False	molformer	molformer_0768	0.5493451272623061	0.04934512726230611	positive	0.0986902545246122	False	False
TRAIN	molformer_0724	48152	2383	45769	0	0.0832822805775711	0.0375469360107234	0.0897234007716178	0.0376354455947876	-0.098550796508789	0.2724322378635406	-0.1341269165277481	0.2122469544410705	0.0520879551768302	0.549265791091055	0.049265791091055	0.09853158218211	0.09853158218211	negligible	59907061.5	4.579194095129413e-16	0.0887068247178649	5.870986323157146e-16	0.0	1.3737582285388237e-15	True	False	False	False	molformer	molformer_0724	0.549265791091055	0.049265791091055	positive	0.09853158218211	False	False
TRAIN	molformer_0623	48152	2383	45769	0	0.0564771277470945	0.1052699261958056	0.0447256341576576	0.094273492693901	-0.1528400033712387	0.2608819156885147	-0.0854200050234794	0.2867266237735748	-0.0495478585362434	0.4511194931558318	0.0488805068441682	-0.0977610136883364	0.0977610136883364	negligible	49202487.5	7.71410718807649e-16	0.0868988988812407	2.4884555085154078e-15	0.0	2.3052273620399784e-15	True	False	False	False	molformer	molformer_0623	0.4511194931558318	0.048880506844168226	negative	-0.0977610136883364	False	False
TRAIN	molformer_0063	48152	2383	45769	0	-0.3843157774004302	-0.4456694864100498	-0.4150652289390564	-0.4664680361747741	-0.6223104894161224	-0.1874164119362831	-0.6780173778533936	-0.2421814501285553	0.0514028072357177	0.5487448431832511	0.0487448431832511	0.0974896863665022	0.0974896863665022	negligible	59850243.0	9.260338579155018e-16	0.0731360398407126	5.561222612564097e-11	0.0	2.756565902632191e-15	True	False	False	False	molformer	molformer_0063	0.5487448431832511	0.04874484318325112	positive	0.0974896863665022	False	False
TRAIN	molformer_0262	48152	2383	45769	0	-0.2177997531314711	-0.1684205283675042	-0.2065594941377639	-0.1638118028640747	-0.4006250351667404	-0.0260239131748676	-0.331136554479599	0.0002841387467924	-0.0427476912736892	0.4513337503288215	0.0486662496711784	-0.0973324993423569	0.0973324993423569	negligible	49225856.0	1.0291847039578104e-15	0.0869848456360434	2.324913238139867e-15	0.0	3.0517909368324257e-15	True	False	False	False	molformer	molformer_0262	0.4513337503288215	0.048666249671178496	negative	-0.0973324993423569	False	False
TRAIN	molformer_0111	48152	2383	45769	0	-0.2969602424887353	-0.2453750375215747	-0.2847507894039154	-0.2382724285125732	-0.495005115866661	-0.0909235477447509	-0.4328953325748443	-0.0548251308500766	-0.0464783608913421	0.4514076357484478	0.0485923642515521	-0.0971847285031043	0.0971847285031043	negligible	49233914.5	1.1364403223346109e-15	0.0789791447274677	9.783295817498494e-13	0.0	3.356869875203774e-15	True	False	False	False	molformer	molformer_0111	0.4514076357484478	0.04859236425155222	negative	-0.0971847285031043	False	False
TRAIN	molformer_0011	48152	2383	45769	0	-0.0637795442984691	-0.10814085011968	-0.0515900179743766	-0.1135783568024635	-0.2613866925239563	0.143589049577713	-0.3030607104301452	0.0818854421377182	0.0619883388280868	0.5485424914786965	0.0485424914786964	0.0970849829573929	0.0970849829573929	negligible	59828173.0	1.2149874118051837e-15	0.0900269701723409	2.0068146749085032e-16	0.0	3.5751353726681256e-15	True	False	False	False	molformer	molformer_0011	0.5485424914786965	0.04854249147869649	positive	0.0970849829573929	False	False
TRAIN	molformer_0599	48152	2383	45769	0	-0.1412477876960109	-0.0822063689490046	-0.1461166888475418	-0.0903320163488388	-0.3585096895694732	0.0607600174844265	-0.3050758838653564	0.1195846945047378	-0.055784672498703	0.4515718917877362	0.0484281082122637	-0.0968562164245275	0.0968562164245275	negligible	49251829.5	1.4158970611233286e-15	0.0736524905346025	3.9403326162673134e-11	0.0	4.150415812758459e-15	True	False	False	False	molformer	molformer_0599	0.4515718917877362	0.04842810821226379	negative	-0.0968562164245275	False	False
TRAIN	molformer_0079	48152	2383	45769	0	-0.1723084095271198	-0.2344087300255627	-0.1617496758699417	-0.2328204661607742	-0.4259508401155472	0.0778590179979801	-0.4841730296611786	0.0145042482763528	0.0710707902908325	0.5483059178558253	0.0483059178558252	0.0966118357116505	0.0966118357116505	negligible	59802370.5	1.666708162629057e-15	0.0774766718603604	2.848447952741311e-12	0.0	4.867041326612607e-15	True	False	False	False	molformer	molformer_0079	0.5483059178558253	0.048305917855825276	positive	0.0966118357116505	False	False
TRAIN	molformer_0178	48152	2383	45769	0	0.1491155194055471	0.0983856617323939	0.1460919231176376	0.0940988212823867	-0.0594550650566816	0.3528512120246887	-0.1020017489790916	0.2952563166618347	0.0519931018352508	0.5482737084521958	0.0482737084521958	0.0965474169043916	0.0965474169043916	negligible	59798857.5	1.7398062173091989e-15	0.0751261738977541	1.4545655326512118e-11	0.0	5.061254450354033e-15	True	False	False	False	molformer	molformer_0178	0.5482737084521958	0.04827370845219581	positive	0.0965474169043916	False	False
TRAIN	molformer_0192	48152	2383	45769	0	-0.6533170783154798	-0.6032587785793181	-0.6734095811843872	-0.6159486770629883	-0.8592827916145325	-0.461281269788742	-0.807529628276825	-0.4136611819267273	-0.0574609041213989	0.4518153831433255	0.0481846168566745	-0.096369233713349	0.096369233713349	negligible	49278386.5	1.9588452204266214e-15	0.0807957715957014	2.614309431707419e-13	0.0	5.6769552048590376e-15	True	False	False	False	molformer	molformer_0192	0.4518153831433255	0.04818461685667452	negative	-0.096369233713349	False	False
TRAIN	molformer_0240	48152	2383	45769	0	-0.1766593715772132	-0.126515535686535	-0.1488603800535202	-0.0832183808088302	-0.3822025507688522	0.0688066147267818	-0.3101719319820404	0.1118418499827385	-0.0656419992446899	0.4518559955980298	0.0481440044019702	-0.0962880088039404	0.0962880088039404	negligible	49282816.0	2.0674996344578244e-15	0.0842113711810849	2.015114182579938e-14	0.0	5.969322252870711e-15	True	False	False	False	molformer	molformer_0240	0.4518559955980298	0.0481440044019702	negative	-0.0962880088039404	False	False
TRAIN	molformer_0133	48152	2383	45769	0	0.2325512197335467	0.283554065832395	0.2376526594161987	0.2872839868068695	0.04249700717628	0.435321107506752	0.095020018517971	0.4751819670200348	-0.0496313273906707	0.4520199444881518	0.0479800555118481	-0.0959601110236962	0.0959601110236962	negligible	49300697.5	2.5697866296734764e-15	0.0794318092496953	7.061530917289029e-13	0.0	7.391745811195618e-15	True	False	False	False	molformer	molformer_0133	0.4520199444881518	0.047980055511848196	negative	-0.0959601110236962	False	False
TRAIN	molformer_0342	48152	2383	45769	0	-0.2050149084599042	-0.1532541902090012	-0.1996885389089584	-0.1570729166269302	-0.393140971660614	-0.0131148672662675	-0.3439574539661407	0.0373010002076625	-0.0426156222820282	0.4520531165981236	0.0479468834018763	-0.0958937668037527	0.0958937668037527	negligible	49304315.5	2.6851566240933218e-15	0.0683297238416343	1.2220464045646416e-09	0.0	7.69477719143161e-15	True	False	False	False	molformer	molformer_0342	0.4520531165981236	0.04794688340187642	negative	-0.0958937668037527	False	False
TRAIN	molformer_0483	48152	2383	45769	0	-0.2480670456216198	-0.2011701040271709	-0.2463318854570388	-0.2027574181556701	-0.4243068844079971	-0.0664502121508121	-0.380778431892395	-0.0222941264510154	-0.0435744673013687	0.4523449449807365	0.0476550550192634	-0.0953101100385269	0.0953101100385269	negligible	49336144.5	3.946453778776317e-15	0.0721642565527318	1.056504215339048e-10	0.0	1.126719889256584e-14	True	False	False	False	molformer	molformer_0483	0.4523449449807365	0.04765505501926348	negative	-0.0953101100385269	False	False
TRAIN	molformer_0643	48152	2383	45769	0	0.2434656122414252	0.2962422223783453	0.2325534969568252	0.288830429315567	0.0172024266794323	0.4571325480937958	0.0850267335772514	0.4993357956409454	-0.0562769323587417	0.4524430172511383	0.0475569827488616	-0.0951139654977233	0.0951139654977233	negligible	49346841.0	4.489383538056971e-15	0.0788656187281114	1.0613700251910472e-12	0.0	1.2769802063806492e-14	True	False	False	False	molformer	molformer_0643	0.4524430172511383	0.04755698274886172	negative	-0.0951139654977233	False	False
TRAIN	molformer_0331	48152	2383	45769	0	0.0296120251203634	0.0784004971249528	0.0302885975688695	0.086859792470932	-0.1733531951904297	0.2357379645109176	-0.1354420930147171	0.2994602620601654	-0.0565711949020624	0.4524494261247896	0.0475505738752103	-0.0951011477504206	0.0951011477504206	negligible	49347540.0	4.527318034542178e-15	0.0837758795062805	2.8105545404001368e-14	0.0	1.2830185426304032e-14	True	False	False	False	molformer	molformer_0331	0.4524494261247896	0.04755057387521039	negative	-0.0951011477504206	False	False
TRAIN	molformer_0428	48152	2383	45769	0	-0.2513904706503346	-0.1952779675371553	-0.2411916553974151	-0.1740361154079437	-0.4869179129600525	-0.0184160694479942	-0.4458562731742859	0.0649868249893188	-0.0671555399894714	0.452693238382493	0.047306761617507	-0.094613523235014	0.094613523235014	negligible	49374132.0	6.230262075512529e-15	0.0840994496922993	2.1953620657060608e-14	0.0	1.7591328213211847e-14	True	False	False	False	molformer	molformer_0428	0.452693238382493	0.04730676161750702	negative	-0.094613523235014	False	False
TRAIN	molformer_0272	48152	2383	45769	0	0.047267004283394	-0.0037482384007111	0.0462081208825111	-0.0260355938225984	-0.1810260564088821	0.2662603110074997	-0.2560259699821472	0.2319087535142898	0.0722437147051096	0.5472173491198713	0.0472173491198713	0.0944346982397426	0.0944346982397426	negligible	59683643.0	7.001408061859602e-15	0.0877570369776514	1.2584569162725436e-15	0.0	1.969626883336328e-14	True	False	False	False	molformer	molformer_0272	0.5472173491198713	0.0472173491198713	positive	0.0944346982397426	False	False
TRAIN	molformer_0278	48152	2383	45769	0	-0.4824275428765069	-0.5263116932650393	-0.4818078875541687	-0.5298213362693787	-0.6577433943748474	-0.3131390213966369	-0.7023836970329285	-0.3568876981735229	0.0480134487152099	0.5472025738696725	0.0472025738696725	0.094405147739345	0.094405147739345	negligible	59682031.5	7.137581246298352e-15	0.0804904744929258	3.2703238880710843e-13	0.0	2.0006067142909252e-14	True	False	False	False	molformer	molformer_0278	0.5472025738696725	0.047202573869672526	positive	0.094405147739345	False	False
TRAIN	molformer_0256	48152	2383	45769	0	0.1410499198831281	0.207451009273995	0.1342622935771942	0.2057786881923675	-0.1145516745746135	0.4057522118091583	-0.0527621656656265	0.4651860892772674	-0.0715163946151733	0.4529014855173163	0.0470985144826837	-0.0941970289653674	0.0941970289653674	negligible	49396845.0	8.173293568614934e-15	0.0804614099300151	3.340628845702412e-13	0.0	2.282577985707734e-14	True	False	False	False	molformer	molformer_0256	0.4529014855173163	0.04709851448268371	negative	-0.0941970289653674	False	False
TRAIN	molformer_0010	48152	2383	45769	0	-0.3318633082844716	-0.2621106191193463	-0.3281879127025604	-0.2768237590789795	-0.5658703744411469	-0.1007418148219585	-0.5411988496780396	0.0008099204278551	-0.0513641536235809	0.4530339126511963	0.0469660873488036	-0.0939321746976072	0.0939321746976072	negligible	49411288.5	9.707405578029432e-15	0.0897253863654578	2.568154349185893e-16	0.0	2.701191117364712e-14	True	False	False	False	molformer	molformer_0010	0.4530339126511963	0.0469660873488037	negative	-0.0939321746976072	False	False
TRAIN	molformer_0755	48152	2383	45769	0	0.0215278278196943	0.0647891020946432	0.0226276498287916	0.0672009065747261	-0.1652826219797134	0.2022316455841064	-0.1239466741681099	0.2542915642261505	-0.0445732567459344	0.4531897977296212	0.0468102022703787	-0.0936204045407574	0.0936204045407574	negligible	49428290.5	1.1879040085508578e-14	0.0727945358108285	6.974896704120809e-11	0.0	3.293538911794436e-14	True	False	False	False	molformer	molformer_0755	0.4531897977296212	0.0468102022703788	negative	-0.0936204045407574	False	False
TRAIN	molformer_0027	48152	2383	45769	0	-0.7290504891115158	-0.6662283312273348	-0.7341402769088745	-0.6617639064788818	-1.0052862167358398	-0.4544280469417572	-0.938491940498352	-0.3982188403606415	-0.0723763704299926	0.4532170469034289	0.0467829530965711	-0.0935659061931422	0.0935659061931422	negligible	49431262.5	1.2304918717045596e-14	0.0776618965606509	2.4996265879950134e-12	0.0	3.399344451327705e-14	True	False	False	False	molformer	molformer_0027	0.4532170469034289	0.0467829530965711	negative	-0.0935659061931422	False	False
TRAIN	molformer_0605	48152	2383	45769	0	-0.2676561133712247	-0.2134626909124581	-0.2485004365444183	-0.1887541711330413	-0.4894220232963562	-0.0266835317015647	-0.4058113098144531	0.0059159146621823	-0.0597462654113769	0.4533363995683152	0.0466636004316848	-0.0933272008633696	0.0933272008633696	negligible	49444280.0	1.4354246517886164e-14	0.0838592040323789	2.637569643434292e-14	0.0	3.9512764608374826e-14	True	False	False	False	molformer	molformer_0605	0.4533363995683152	0.046663600431684826	negative	-0.0933272008633696	False	False
TRAIN	molformer_0516	48152	2383	45769	0	-0.2848097861395315	-0.3431050776769556	-0.2911941409111023	-0.3444825112819671	-0.5177765488624573	-0.0596629027277231	-0.5760214328765869	-0.1064715161919593	0.0532883703708648	0.5458496505563933	0.0458496505563933	0.0916993011127866	0.0916993011127866	negligible	59534471.5	4.062710710173503e-14	0.0745713158051158	2.121766055129856e-11	0.0	1.1143435090761609e-13	True	False	False	False	molformer	molformer_0516	0.5458496505563933	0.04584965055639334	positive	0.0916993011127866	False	False
TRAIN	molformer_0105	48152	2383	45769	0	0.2176078251470852	0.2603597241416978	0.2598783373832702	0.3159962594509125	0.0299832038581371	0.4501176923513412	0.0792819559574127	0.5095042586326599	-0.0561179220676422	0.4541861621195463	0.0458138378804536	-0.0916276757609073	0.0916276757609073	negligible	49536961.5	4.2512755055979983e-14	0.0834751300448941	3.5329572142676805e-14	0.0	1.1619144442346132e-13	True	False	False	False	molformer	molformer_0105	0.4541861621195463	0.04581383788045368	negative	-0.0916276757609073	False	False
TRAIN	molformer_0130	48152	2383	45769	0	0.2365153699337056	0.1492794205947895	0.2487135529518127	0.1645084023475647	-0.0658926330506801	0.54696124792099	-0.2228487282991409	0.5391197800636292	0.084205150604248	0.5455802578158759	0.0455802578158759	0.0911605156317518	0.0911605156317518	negligible	59505089.5	5.710372420331691e-14	0.097548493971079	3.265822939447176e-19	0.0	1.5551652548988438e-13	True	False	False	False	molformer	molformer_0130	0.5455802578158759	0.045580257815875935	positive	0.0911605156317518	False	False
TRAIN	molformer_0700	48152	2383	45769	0	0.1112842059868627	0.0633473521552651	0.1214507892727851	0.076513223350048	-0.074756171554327	0.2985304147005081	-0.1061672866344451	0.2462390065193176	0.0449375659227371	0.5453732942895093	0.0453732942895093	0.0907465885790186	0.0907465885790186	negligible	59482516.5	7.407606940050671e-14	0.0726837695696538	7.504881818477123e-11	0.0	2.0102622367345985e-13	True	False	False	False	molformer	molformer_0700	0.5453732942895093	0.045373294289509314	positive	0.0907465885790186	False	False
TRAIN	molformer_0220	48152	2383	45769	0	-0.0806837846876677	-0.1373021961581087	-0.0797935724258422	-0.1301627606153488	-0.3039012253284454	0.1400484517216682	-0.348800927400589	0.0820955336093902	0.0503691881895065	0.5453247142937421	0.045324714293742	0.0906494285874841	0.0906494285874841	negligible	59477218.0	7.87287216579996e-14	0.0659646385857818	5.174127615240502e-09	0.0	2.1274883234867552e-13	True	False	False	False	molformer	molformer_0220	0.5453247142937421	0.045324714293742074	positive	0.0906494285874841	False	False
TRAIN	molformer_0121	48152	2383	45769	0	-0.1481448133504563	-0.1007298646787923	-0.1364335715770721	-0.0868152305483818	-0.3328900635242462	0.0570059958845377	-0.2887212932109833	0.1026669442653656	-0.0496183410286903	0.4546775228524252	0.0453224771475748	-0.0906449542951496	0.0906449542951496	negligible	49590553.0	7.894976200439129e-14	0.0755952319336992	1.0548036393735394e-11	0.0	2.1274883234867552e-13	True	False	False	False	molformer	molformer_0121	0.4546775228524252	0.04532247714757481	negative	-0.0906449542951496	False	False
TRAIN	molformer_0498	48152	2383	45769	0	0.1966620218950631	0.1492605868182358	0.2091455310583114	0.1579615622758865	0.0038105075946077	0.4082335233688354	-0.047093279659748	0.3614151775836944	0.0511839687824249	0.5450479087143876	0.0450479087143875	0.0900958174287751	0.0900958174287751	negligible	59447027.5	1.1126296345325053e-13	0.0770065044199636	3.962840063591473e-12	0.0	2.9877606969264483e-13	True	False	False	False	molformer	molformer_0498	0.5450479087143876	0.045047908714387574	positive	0.0900958174287751	False	False
TRAIN	molformer_0556	48152	2383	45769	0	0.9065416818941924	0.9543765621841592	0.91624116897583	0.9675219655036926	0.7163626253604889	1.119791328907013	0.7747020721435547	1.1474559307098389	-0.0512807965278625	0.4549725556718637	0.0450274443281363	-0.0900548886562726	0.0900548886562726	negligible	49622731.5	1.1413555641374502e-13	0.0777972622410335	2.271576794142659e-12	0.0	3.054219767447951e-13	True	False	False	False	molformer	molformer_0556	0.4549725556718637	0.045027444328136323	negative	-0.0900548886562726	False	False
TRAIN	molformer_0043	48152	2383	45769	0	-0.1392979651935599	-0.0908716859065332	-0.1209890842437744	-0.0780944004654884	-0.3444111049175262	0.0810105428099632	-0.2719784677028656	0.1039429455995559	-0.0428946837782859	0.4553201614262328	0.0446798385737672	-0.0893596771475344	0.0893596771475344	negligible	49660644.0	1.7567816292370273e-13	0.0871490833380682	2.041308493452099e-15	0.0	4.684751011298739e-13	True	False	False	False	molformer	molformer_0043	0.4553201614262328	0.04467983857376723	negative	-0.0893596771475344	False	False
TRAIN	molformer_0100	48152	2383	45769	0	-0.3104751622806889	-0.3748304984877041	-0.320787638425827	-0.3668674826622009	-0.5337390005588531	-0.0985865145921707	-0.6232870817184448	-0.1194328591227531	0.0460798442363739	0.5446178907127875	0.0446178907127875	0.089235781425575	0.089235781425575	negligible	59400126.5	1.8964842924645613e-13	0.082795459367113	5.906502725707957e-14	0.0	5.039792168210323e-13	True	False	False	False	molformer	molformer_0100	0.5446178907127875	0.044617890712787545	positive	0.089235781425575	False	False
TRAIN	molformer_0028	48152	2383	45769	0	-0.1291117809872151	-0.0671462432648003	-0.1280806064605713	-0.0804832056164741	-0.3894418329000473	0.1224092952907085	-0.3050272762775421	0.1467325538396835	-0.0475974008440971	0.4554315557186879	0.044568444281312	-0.0891368885626241	0.0891368885626241	negligible	49672793.5	2.0157768512691734e-13	0.0826864718405139	6.411348188496874e-14	0.0	5.338333178533535e-13	True	False	False	False	molformer	molformer_0028	0.4554315557186879	0.044568444281312125	negative	-0.0891368885626241	False	False
TRAIN	molformer_0008	48152	2383	45769	0	0.1096935653906297	0.1767067931937024	0.1194231212139129	0.1878760457038879	-0.14031433314085	0.3712223619222641	-0.137555792927742	0.4924904108047485	-0.0684529244899749	0.4555245898258975	0.0444754101741025	-0.088950820348205	0.088950820348205	negligible	49682940.5	2.260543331741952e-13	0.0948644595196515	3.426996113765467e-18	0.0	5.965970030164327e-13	True	False	False	False	molformer	molformer_0008	0.4555245898258975	0.0444754101741025	negative	-0.088950820348205	False	False
TRAIN	molformer_0680	48152	2383	45769	0	-0.2513141901629301	-0.1965112003397641	-0.2503551244735718	-0.1868626773357391	-0.5006749033927917	-0.0094782127998769	-0.4474964737892151	0.0557399615645408	-0.0634924471378326	0.4556245875089842	0.0443754124910157	-0.0887508249820315	0.0887508249820315	negligible	49693847.0	2.5562098523725055e-13	0.0710347452913277	2.2034639313517287e-10	0.0	6.723182077472892e-13	True	False	False	False	molformer	molformer_0680	0.4556245875089842	0.04437541249101579	negative	-0.0887508249820315	False	False
TRAIN	molformer_0462	48152	2383	45769	0	-0.2618141902495526	-0.3083930061607774	-0.2703185677528381	-0.3213184177875519	-0.4826510399580002	-0.0495130382478237	-0.5138564705848694	-0.1181563958525657	0.0509998500347137	0.5443162518941131	0.0443162518941131	0.0886325037882262	0.0886325037882262	negligible	59367227.5	2.748683249015235e-13	0.0815842555960767	1.460568663770472e-13	0.0	7.204739710729353e-13	True	False	False	False	molformer	molformer_0462	0.5443162518941131	0.044316251894113146	positive	0.0886325037882262	False	False
TRAIN	molformer_0721	48152	2383	45769	0	-0.2620487516418204	-0.3209311276006659	-0.2680613398551941	-0.3061917126178741	-0.4688600301742553	-0.0619029812514781	-0.4941554367542267	-0.1266554892063141	0.03813037276268	0.5442876320098464	0.0442876320098464	0.0885752640196928	0.0885752640196928	negligible	59364106.0	2.846835580439295e-13	0.0799912149837228	4.70763069025759e-13	0.0	7.43663172033122e-13	True	False	False	False	molformer	molformer_0721	0.5442876320098464	0.04428763200984642	positive	0.0885752640196928	False	False
TRAIN	molformer_0170	48152	2383	45769	0	-0.3089857948794973	-0.248351926360334	-0.3197735548019409	-0.2400630116462707	-0.6110406219959259	-0.0075639868155121	-0.5232475399971008	0.0316104292869567	-0.0797105431556701	0.4558665156128459	0.044133484387154	-0.088266968774308	0.088266968774308	negligible	49720233.5	3.437712953152102e-13	0.0862400593349842	4.1808965499358455e-15	0.0	8.949706942443439e-13	True	False	False	False	molformer	molformer_0170	0.4558665156128459	0.04413348438715409	negative	-0.088266968774308	False	False
TRAIN	molformer_0453	48152	2383	45769	0	-0.3741223831007693	-0.3169517908385586	-0.3753838837146759	-0.3175570964813232	-0.6061659455299377	-0.1274724975228309	-0.5461872816085815	-0.0879136770963668	-0.0578267872333526	0.4560679000267421	0.0439320999732578	-0.0878641999465157	0.0878641999465157	negligible	49742198.0	4.394009536700888e-13	0.0683024654991948	1.2429031983528442e-09	0.0	1.1400673392521225e-12	True	False	False	False	molformer	molformer_0453	0.4560679000267421	0.04393209997325792	negative	-0.0878641999465157	False	False
TRAIN	molformer_0366	48152	2383	45769	0	0.5985949500859119	0.6677480530084969	0.6121959090232849	0.6677563786506653	0.3228112608194351	0.8895754218101501	0.4007579386234283	0.9383060932159424	-0.0555604696273803	0.4560735524882672	0.0439264475117328	-0.0878528950234656	0.0878528950234656	negligible	49742814.5	4.424314748741237e-13	0.0640622299981185	1.591888627162374e-08	0.0	1.1440652279573297e-12	True	False	False	False	molformer	molformer_0366	0.4560735524882672	0.0439264475117328	negative	-0.0878528950234656	False	False
TRAIN	molformer_0227	48152	2383	45769	0	-0.7136965628634815	-0.7753587646173314	-0.7572420835494995	-0.8128708600997925	-0.999640703201294	-0.4687771201133728	-1.042054295539856	-0.5463718175888062	0.0556287765502929	0.5438899930315647	0.0438899930315647	0.0877799860631294	0.0877799860631294	negligible	59320736.5	4.624751842631511e-13	0.0648139477848434	1.025098781199587e-08	0.0	1.1918823540741613e-12	True	False	False	False	molformer	molformer_0227	0.5438899930315647	0.04388999303156471	positive	0.0877799860631294	False	False
TRAIN	molformer_0518	48152	2383	45769	0	-0.3179052522939157	-0.3697341359416773	-0.3157283663749695	-0.361693263053894	-0.5178911685943604	-0.1244338378310203	-0.5883496999740601	-0.150865688920021	0.0459648966789245	0.5438839463188708	0.0438839463188708	0.0877678926377416	0.0877678926377416	negligible	59320077.0	4.658849569529624e-13	0.0720507672279027	1.1380863522265509e-10	0.0	1.1966543375915556e-12	True	False	False	False	molformer	molformer_0518	0.5438839463188708	0.043883946318870826	positive	0.0877678926377416	False	False
TRAIN	molformer_0496	48152	2383	45769	0	0.0626967332380688	0.0117757877411693	0.0361654199659824	-0.0182188265025615	-0.1929320991039276	0.3092350512742996	-0.2546044588088989	0.2420876622200012	0.054384246468544	0.5437083761879006	0.0437083761879005	0.0874167523758011	0.0874167523758011	negligible	59300928.0	5.764010546777592e-13	0.0678496359415942	1.644759617746486e-09	0.0	1.4755866999750637e-12	True	False	False	False	molformer	molformer_0496	0.5437083761879006	0.04370837618790058	positive	0.0874167523758011	False	False
TRAIN	molformer_0333	48152	2383	45769	0	0.1717106759998359	0.2207055589632886	0.185978889465332	0.233203113079071	-0.028377927839756	0.3844335079193115	0.0151484990492463	0.438660979270935	-0.047224223613739	0.456323769035306	0.0436762309646939	-0.0873524619293879	0.0873524619293879	negligible	49770105.0	5.992555137365869e-13	0.0697693549061582	4.951564632612005e-10	0.0	1.5289974569757433e-12	True	False	False	False	molformer	molformer_0333	0.456323769035306	0.043676230964693974	negative	-0.0873524619293879	False	False
TRAIN	molformer_0005	48152	2383	45769	0	-0.7483811183698534	-0.8055144336709468	-0.7656359672546387	-0.8104425668716431	-0.9827306270599364	-0.5341766476631165	-1.0088889598846436	-0.6108759641647339	0.0448065996170043	0.543617207897269	0.0436172078972689	0.0872344157945379	0.0872344157945379	negligible	59290984.5	6.435587403618328e-13	0.0783097154114441	1.578999788008324e-12	0.0	1.6365997105890318e-12	True	False	False	False	molformer	molformer_0005	0.543617207897269	0.04361720789726897	positive	0.0872344157945379	False	False
TRAIN	molformer_0698	48152	2383	45769	0	-0.1897798657672465	-0.1378218136891746	-0.1831640303134918	-0.1238215938210487	-0.437418445944786	0.0759540274739265	-0.3372715413570404	0.0723120123147964	-0.059342436492443	0.4566262972112681	0.0433737027887319	-0.0867474055774638	0.0867474055774638	negligible	49803101.0	8.628910538816888e-13	0.0979169996217114	2.35279468374838e-19	0.0	2.1871297999377454e-12	True	False	False	False	molformer	molformer_0698	0.4566262972112681	0.04337370278873193	negative	-0.0867474055774638	False	False
TRAIN	molformer_0523	48152	2383	45769	0	0.4638426657785461	0.5068897792045118	0.4821355938911438	0.5271312594413757	0.270979106426239	0.6694849133491516	0.3131595849990845	0.7240390777587891	-0.0449956655502319	0.4566441943806061	0.0433558056193938	-0.0867116112387877	0.0867116112387877	negligible	49805053.0	8.816376548731156e-13	0.0688444416641078	8.866520363010641e-10	0.0	2.2272951281005028e-12	True	False	False	False	molformer	molformer_0523	0.4566441943806061	0.043355805619393895	negative	-0.0867116112387877	False	False
TRAIN	molformer_0459	48152	2383	45769	0	0.2223530779772836	0.2740049829918817	0.2046667784452438	0.278801679611206	-0.0561580602079629	0.4897711127996444	-0.0151440715417265	0.5692828893661499	-0.0741349011659622	0.4568679731777543	0.0431320268222456	-0.0862640536444913	0.0862640536444913	negligible	49829460.0	1.1526224899499733e-12	0.0826454238757975	6.61229621944544e-14	0.0	2.9023412205953426e-12	True	False	False	False	molformer	molformer_0459	0.4568679731777543	0.043132026822245706	negative	-0.0862640536444913	False	False
TRAIN	molformer_0187	48152	2383	45769	0	0.2006221998918608	0.1465903285759595	0.2123773247003555	0.1663096696138382	-0.0142116444185376	0.4235407710075378	-0.0630397349596023	0.3730866909027099	0.0460676550865173	0.5429490851112816	0.0429490851112815	0.0858981702225631	0.0858981702225631	negligible	59218114.0	1.4335457724311856e-12	0.0665015995090821	3.745283694281647e-09	0.0	3.5979188013959168e-12	True	False	False	False	molformer	molformer_0187	0.5429490851112816	0.04294908511128159	positive	0.0858981702225631	False	False
TRAIN	molformer_0195	48152	2383	45769	0	0.6195667303296547	0.572017480780978	0.6096780896186829	0.5653740763664246	0.4021157175302505	0.8357622921466827	0.3761643171310425	0.7552613019943237	0.0443040132522583	0.5428012317543425	0.0428012317543424	0.0856024635086849	0.0856024635086849	negligible	59201988.0	1.7087727498833568e-12	0.0855320759221027	7.269335499745864e-15	0.0	4.274714892216346e-12	True	False	False	False	molformer	molformer_0195	0.5428012317543425	0.04280123175434247	positive	0.0856024635086849	False	False
TRAIN	molformer_0280	48152	2383	45769	0	5.057485758532909	5.138786761880366	5.056916236877441	5.168604373931885	4.650152683258057	5.473199367523193	4.741860866546631	5.556527137756348	-0.1116881370544433	0.4574527210101683	0.0425472789898316	-0.0850945579796633	0.0850945579796633	negligible	49893237.0	2.3072725544298704e-12	0.0755306664283311	1.1026405318506643e-11	0.0	5.753199096760196e-12	True	False	False	False	molformer	molformer_0280	0.4574527210101683	0.04254727898983168	negative	-0.0850945579796633	False	False
TRAIN	molformer_0059	48152	2383	45769	0	-0.0369025392510139	0.0009188748510036	-0.0162731036543846	0.020984785631299	-0.2018191143870353	0.1425162777304649	-0.169857770204544	0.1921915113925933	-0.0372578892856836	0.4574590657033968	0.0425409342966032	-0.0850818685932064	0.0850818685932064	negligible	49893929.0	2.3245964782211467e-12	0.0713149295115126	1.8381823191172507e-10	0.0	5.777637848782656e-12	True	False	False	False	molformer	molformer_0059	0.4574590657033968	0.04254093429660322	negative	-0.0850818685932064	False	False
TRAIN	molformer_0039	48152	2383	45769	0	-0.5792178946248331	-0.5241285482079807	-0.5970937013626099	-0.5415891408920288	-0.841139554977417	-0.3336358070373535	-0.7882447838783264	-0.280826985836029	-0.055504560470581	0.4577145863039509	0.0422854136960491	-0.0845708273920982	0.0845708273920982	negligible	49921798.0	3.139020562135076e-12	0.0700116543396093	4.245230625955115e-10	0.0	7.776670295870125e-12	True	False	False	False	molformer	molformer_0039	0.4577145863039509	0.0422854136960491	negative	-0.0845708273920982	False	False
TRAIN	molformer_0639	48152	2383	45769	0	-0.2199763080043454	-0.2665588912974092	-0.2214403450489044	-0.26223024725914	-0.4181934297084808	-0.0281268171966075	-0.4574111700057983	-0.0717763379216194	0.0407899022102355	0.5417467978347029	0.0417467978347029	0.0834935956694058	0.0834935956694058	negligible	59086983.5	5.878772402209512e-12	0.0614201145314315	7.178203159030681e-08	0.0	1.4517354356581689e-11	True	False	False	False	molformer	molformer_0639	0.5417467978347029	0.04174679783470292	positive	0.0834935956694058	False	False
TRAIN	molformer_0467	48152	2383	45769	0	-0.016286437442077	0.0301883927216384	-0.0214053969830274	0.0288676526397466	-0.2319244742393493	0.2074189707636833	-0.1878481656312942	0.2459091246128082	-0.0502730496227741	0.4583343491413352	0.0416656508586648	-0.0833313017173296	0.0833313017173296	negligible	49989394.0	6.45726541400126e-12	0.0746582069289973	2.0003278934414046e-11	0.0	1.5894807172926177e-11	True	False	False	False	molformer	molformer_0467	0.4583343491413352	0.041665650858664804	negative	-0.0833313017173296	False	False
TRAIN	molformer_0349	48152	2383	45769	0	0.2560313209226693	0.1867066307376001	0.2550303936004638	0.217756912112236	0.0183087745681405	0.5096914172172546	-0.0689282640814781	0.4734060764312744	0.0372734814882278	0.5416075079798958	0.0416075079798957	0.0832150159597915	0.0832150159597915	negligible	59071791.5	6.905708543940117e-12	0.0741335869841442	2.852253587684744e-11	0.0	1.6944358344236453e-11	True	False	False	False	molformer	molformer_0349	0.5416075079798958	0.041607507979895764	positive	0.0832150159597915	False	False
TRAIN	molformer_0566	48152	2383	45769	0	-0.3837112118538893	-0.3435862989896822	-0.3927863836288452	-0.3523198068141937	-0.5835053026676178	-0.1921357735991478	-0.5288758873939514	-0.1680220514535904	-0.0404665768146514	0.4584588774988911	0.0415411225011088	-0.0830822450022177	0.0830822450022177	negligible	50002976.0	7.455105324150035e-12	0.0747762438952154	1.8462139622335493e-11	0.0	1.8234142958430657e-11	True	False	False	False	molformer	molformer_0566	0.4584588774988911	0.04154112250110892	negative	-0.0830822450022177	False	False
TRAIN	molformer_0302	48152	2383	45769	0	0.2444157950320716	0.1991309967797725	0.2503047585487366	0.2013243585824966	0.0313337994739413	0.4577895849943161	-0.0028961540665477	0.4009811878204345	0.0489803999662399	0.5414131788281952	0.0414131788281951	0.0828263576563903	0.0828263576563903	negligible	59050596.5	8.637407767059338e-12	0.0729342657599635	6.358366341738664e-11	0.0	2.1058822746354195e-11	True	False	False	False	molformer	molformer_0302	0.5414131788281952	0.041413178828195174	positive	0.0828263576563903	False	False
TRAIN	molformer_0611	48152	2383	45769	0	0.2326027474042871	0.1952573705896378	0.2162919342517852	0.1596517115831375	-0.0197636578232049	0.457530990242958	-0.0744300931692123	0.4117976129055023	0.0566402226686477	0.5413359147677383	0.0413359147677383	0.0826718295354766	0.0826718295354766	negligible	59042169.5	9.438395621702644e-12	0.0725143149161161	8.392821793120099e-11	0.0	2.2938885561606425e-11	True	False	False	False	molformer	molformer_0611	0.5413359147677383	0.041335914767738346	positive	0.0826718295354766	False	False
TRAIN	molformer_0229	48152	2383	45769	0	-0.229333825796348	-0.1812045658565293	-0.2397043108940124	-0.1981094777584076	-0.4597163796424866	-0.0273549566045403	-0.3998174369335174	0.0198245234787464	-0.0415948331356048	0.4588559480219992	0.0411440519780007	-0.0822881039560015	0.0822881039560015	negligible	50046283.5	1.1755454990775332e-11	0.0601569337865339	1.4420646008529292e-07	0.0	2.8480092848313736e-11	True	False	False	False	molformer	molformer_0229	0.4588559480219992	0.041144051978000806	negative	-0.0822881039560015	False	False
TRAIN	molformer_0336	48152	2383	45769	0	0.1926161821445787	0.244376652275518	0.2083036452531814	0.2546425759792328	-0.0370730888098478	0.4332824498414993	0.0090122753754258	0.496878057718277	-0.0463389307260513	0.4589513338832739	0.041048666116726	-0.082097332233452	0.082097332233452	negligible	50056687.0	1.3106308682738333e-11	0.0628524106904889	3.1978045501402465e-08	0.0	3.1652971913028426e-11	True	False	False	False	molformer	molformer_0336	0.4589513338832739	0.041048666116726085	negative	-0.082097332233452	False	False
TRAIN	molformer_0533	48152	2383	45769	0	-0.0112568434010593	-0.0489999800975407	-0.0088302120566368	-0.047496598213911	-0.1864997968077659	0.1659850850701332	-0.2417196929454803	0.1402551084756851	0.0386663861572742	0.540592127847549	0.0405921278475489	0.0811842556950979	0.0811842556950979	negligible	58961046.5	2.1985080767441296e-11	0.0739783345413158	3.166492002495016e-11	0.0	5.284439614396856e-11	True	False	False	False	molformer	molformer_0533	0.540592127847549	0.04059212784754895	positive	0.0811842556950979	False	False
TRAIN	molformer_0205	48152	2383	45769	0	-0.1908112282431452	-0.2376284794522021	-0.2004931271076202	-0.2451105415821075	-0.4120453149080276	0.0152747365646064	-0.4406308233737945	-0.0400429144501686	0.0446174144744873	0.5405907800586696	0.0405907800586695	0.0811815601173391	0.0811815601173391	negligible	58960899.5	2.2018498393320236e-11	0.0650617392287623	8.856605784513804e-09	0.0	5.284439614396856e-11	True	False	False	False	molformer	molformer_0205	0.5405907800586696	0.04059078005866956	positive	0.0811815601173391	False	False
TRAIN	molformer_0180	48152	2383	45769	0	0.3962073263274908	0.3455001695816924	0.3849265277385711	0.3290529251098633	0.1371198743581771	0.6421967446804047	0.0829063132405281	0.5925195217132568	0.0558736026287078	0.5400463742063208	0.0400463742063208	0.0800927484126416	0.0800927484126416	negligible	58901522.5	4.050524203603084e-11	0.0666974139791397	3.326735143929177e-09	0.0	9.69097379553635e-11	True	False	False	False	molformer	molformer_0180	0.5400463742063208	0.040046374206320845	positive	0.0800927484126416	False	False
TRAIN	molformer_0427	48152	2383	45769	0	0.337260621298861	0.2833543856223136	0.3410167694091797	0.3016960024833679	0.1219782046973705	0.5683252811431885	0.0210401229560375	0.553394079208374	0.0393207669258117	0.5400320665563454	0.0400320665563453	0.0800641331126907	0.0800641331126907	negligible	58899962.0	4.115496696245955e-11	0.0851024154971442	1.0146386465843072e-14	0.0	9.815843051915817e-11	True	False	False	False	molformer	molformer_0427	0.5400320665563454	0.04003206655634539	positive	0.0800641331126907	False	False
TRAIN	molformer_0021	48152	2383	45769	0	-0.2293605334412589	-0.2696720842157884	-0.232042133808136	-0.2848135828971863	-0.4524210393428802	-0.0206517400220036	-0.4746342003345489	-0.0872322097420692	0.0527714490890502	0.5399631688724362	0.0399631688724362	0.0799263377448724	0.0799263377448724	negligible	58892447.5	4.442922785420296e-11	0.0779803689873706	1.9953125037412512e-12	0.0	1.0563977396912655e-10	True	False	False	False	molformer	molformer_0021	0.5399631688724362	0.03996316887243623	positive	0.0799263377448724	False	False
TRAIN	molformer_0441	48152	2383	45769	0	0.0318146712028403	-0.0105542633785328	0.0214393865317106	-0.021621860563755	-0.1851166114211082	0.2293416336178779	-0.21065753698349	0.1760931611061096	0.0430612470954656	0.5398759751837043	0.0398759751837043	0.0797519503674086	0.0797519503674086	negligible	58882937.5	4.894015030522226e-11	0.0711740809892939	2.0137179761252874e-10	0.0	1.1600628220497128e-10	True	False	False	False	molformer	molformer_0441	0.5398759751837043	0.03987597518370434	positive	0.0797519503674086	False	False
TRAIN	molformer_0512	48152	2383	45769	0	-0.0979998571772203	-0.1402375747222284	-0.1103869602084159	-0.1465414017438888	-0.2904582768678665	0.0854294598102569	-0.326459676027298	0.0391303114593029	0.0361544415354728	0.5398138668716674	0.0398138668716674	0.0796277337433348	0.0796277337433348	negligible	58876163.5	5.242349080315064e-11	0.0575347417568201	5.858272128225524e-07	0.0	1.2388074134406058e-10	True	False	False	False	molformer	molformer_0512	0.5398138668716674	0.039813866871667436	positive	0.0796277337433348	False	False
TRAIN	molformer_0118	48152	2383	45769	0	-0.34653611582206	-0.3095829929604222	-0.3440745174884796	-0.3104175627231598	-0.5254184901714325	-0.1712090671062469	-0.4764105975627899	-0.1440653055906295	-0.0336569547653198	0.4602441613992036	0.0397558386007964	-0.0795116772015928	0.0795116772015928	negligible	50197692.5	5.5896505283059145e-11	0.0641089075027803	1.5492040083977146e-08	0.0	1.3168256459321908e-10	True	False	False	False	molformer	molformer_0118	0.4602441613992036	0.0397558386007964	negative	-0.0795116772015928	False	False
TRAIN	molformer_0369	48152	2383	45769	0	0.00619126120187	0.0502116655038469	0.0136465523391962	0.0549715869128704	-0.1861976534128189	0.2033912912011146	-0.1530214101076126	0.2615801095962524	-0.0413250345736742	0.4602790388746964	0.0397209611253035	-0.079441922250607	0.079441922250607	negligible	50201496.5	5.809118120647894e-11	0.065825220370129	5.624605743046694e-09	0.0	1.3643433384273952e-10	True	False	False	False	molformer	molformer_0369	0.4602790388746964	0.0397209611253036	negative	-0.079441922250607	False	False
TRAIN	molformer_0207	48152	2383	45769	0	0.6197843888309048	0.5779951730669903	0.6388766765594482	0.5908348560333252	0.4229681938886642	0.8511392772197723	0.3677753508090973	0.8053514957427979	0.048041820526123	0.5396509907114699	0.0396509907114699	0.0793019814229398	0.0793019814229398	negligible	58858399.0	6.275122771651369e-11	0.0727353064491872	7.253561522603089e-11	0.0	1.46929703921593e-10	True	False	False	False	molformer	molformer_0207	0.5396509907114699	0.039650990711469936	positive	0.0793019814229398	False	False
TRAIN	molformer_0356	48152	2383	45769	0	0.3820354785273397	0.4396171981026587	0.3967398405075073	0.4427103400230407	0.154575690627098	0.6295746266841888	0.1933312714099884	0.6959301233291626	-0.0459704995155334	0.4603753966109454	0.0396246033890546	-0.0792492067781092	0.0792492067781092	negligible	50212006.0	6.460194905371243e-11	0.064426664776217	1.2868363400980161e-08	0.0	1.5080333396124967e-10	True	False	False	False	molformer	molformer_0356	0.4603753966109454	0.0396246033890546	negative	-0.0792492067781092	False	False
TRAIN	molformer_0058	48152	2383	45769	0	0.2612494684853653	0.3241091192545886	0.2685333490371704	0.3235940337181091	-0.0040811013896018	0.5462481081485748	0.0513549782335758	0.6043680906295776	-0.0550606846809387	0.4605614464881009	0.0394385535118991	-0.0788771070237982	0.0788771070237982	negligible	50232298.0	7.925402257567895e-11	0.0534670965813683	4.553821093847298e-06	0.0	1.8444572526703463e-10	True	False	False	False	molformer	molformer_0058	0.4605614464881009	0.03943855351189912	negative	-0.0788771070237982	False	False
TRAIN	molformer_0684	48152	2383	45769	0	-0.1165976427916056	-0.0734251141575927	-0.1261521130800247	-0.0787249505519867	-0.3198675513267517	0.0891962870955467	-0.2890803515911102	0.1407432556152343	-0.047427162528038	0.4606768383040352	0.0393231616959647	-0.0786463233919295	0.0786463233919295	negligible	50244883.5	8.992505868908559e-11	0.0679672328134843	1.5296244940194971e-09	0.0	2.08647870311836e-10	True	False	False	False	molformer	molformer_0684	0.4606768383040352	0.03932316169596478	negative	-0.0786463233919295	False	False
TRAIN	molformer_0303	48152	2383	45769	0	-0.0813201685240709	-0.0348171166744374	-0.0815450549125671	-0.0271015614271163	-0.3033485561609268	0.1367272436618805	-0.2868800461292267	0.2170744091272354	-0.0544434934854507	0.4607723525261556	0.0392276474738443	-0.0784552949476886	0.0784552949476886	negligible	50255301.0	9.980988642885223e-11	0.0814660169199582	1.5943865965345604e-13	0.0	2.308855204137305e-10	True	False	False	False	molformer	molformer_0303	0.4607723525261556	0.039227647473844385	negative	-0.0784552949476886	False	False
TRAIN	molformer_0574	48152	2383	45769	0	0.2477620135877302	0.2004287538597383	0.2414336055517196	0.1950782537460327	0.0159110547974705	0.4750926941633224	-0.043158546090126	0.4328789710998535	0.0463553518056869	0.5392178462064149	0.0392178462064148	0.0784356924128297	0.0784356924128297	negligible	58811157.0	1.0088238866211907e-10	0.0607594687647038	1.0357524953327123e-07	0.0	2.3266568916668904e-10	True	False	False	False	molformer	molformer_0574	0.5392178462064149	0.039217846206414886	positive	0.0784356924128297	False	False
TRAIN	molformer_0543	48152	2383	45769	0	0.3266489177317905	0.2755048512100911	0.341336190700531	0.2882366478443146	0.0707663856446743	0.6150317788124084	0.0132808536291122	0.5480621457099915	0.0530995428562164	0.5388720650097806	0.0388720650097805	0.0777441300195611	0.0777441300195611	negligible	58773443.5	1.4684663382780103e-10	0.0627602384346718	3.370501654784248e-08	0.0	3.376593256878778e-10	True	False	False	False	molformer	molformer_0543	0.5388720650097806	0.038872065009780576	positive	0.0777441300195611	False	False
TRAIN	molformer_0382	48152	2383	45769	0	0.0935603324178678	0.1616783514482107	0.081852026283741	0.1277746856212616	-0.1724391430616378	0.3513663709163666	-0.1667165011167526	0.4768155515193939	-0.0459226593375206	0.4611657189220032	0.0388342810779968	-0.0776685621559936	0.0776685621559936	negligible	50298204.5	1.52966666062841e-10	0.0858564162731956	5.645341965403381e-15	0.0	3.5068178966048324e-10	True	False	False	False	molformer	molformer_0382	0.4611657189220032	0.0388342810779968	negative	-0.0776685621559936	False	False
TRAIN	molformer_0260	48152	2383	45769	0	0.1067747965022125	0.1451189581010294	0.1067870408296585	0.1503031104803085	-0.0871043503284454	0.3072143942117691	-0.0397006198763847	0.3332772850990295	-0.04351606965065	0.4612805468670798	0.0387194531329201	-0.0774389062658402	0.0774389062658402	negligible	50310728.5	1.73135766628254e-10	0.0751533955656663	1.4277682017023522e-11	0.0	3.9573889515029485e-10	True	False	False	False	molformer	molformer_0260	0.4612805468670798	0.03871945313292019	negative	-0.0774389062658402	False	False
TRAIN	molformer_0162	48152	2383	45769	0	0.216647013116064	0.1808677073429399	0.2297225445508957	0.1813868880271911	0.0141049013473093	0.4186229407787323	-0.0036124375183135	0.3633517920970917	0.0483356565237045	0.53868926541261	0.0386892654126099	0.0773785308252199	0.0773785308252199	negligible	58753506.0	1.7885564227214495e-10	0.0813866715800752	1.6908727099055561e-13	0.0	4.0759980197331546e-10	True	False	False	False	molformer	molformer_0162	0.53868926541261	0.038689265412609974	positive	0.0773785308252199	False	False
TRAIN	molformer_0705	48152	2383	45769	0	-0.3163732517272203	-0.2516022440825384	-0.3041379749774933	-0.2386251240968704	-0.6304619312286377	0.0123409703373909	-0.5662899017333984	0.0686431378126144	-0.0655128508806228	0.4613826212452768	0.0386173787547232	-0.0772347575094464	0.0772347575094464	negligible	50321861.5	1.932300407081435e-10	0.0596600489529756	1.889869416826701e-07	0.0	4.3905524042560415e-10	True	False	False	False	molformer	molformer_0705	0.4613826212452768	0.03861737875472321	negative	-0.0772347575094464	False	False
TRAIN	molformer_0322	48152	2383	45769	0	0.0179772957286405	-0.0530235535535828	0.0099053848534822	-0.043343286961317	-0.2796926349401474	0.3175039887428283	-0.3899164795875549	0.2859863936901092	0.0532486718147993	0.5384733257956789	0.0384733257956788	0.0769466515913577	0.0769466515913577	negligible	58729954.0	2.2551198156848459e-10	0.0767852194906738	4.625873223856645e-12	0.0	5.108944007215227e-10	True	False	False	False	molformer	molformer_0322	0.5384733257956789	0.03847332579567886	positive	0.0769466515913577	False	False
TRAIN	molformer_0375	48152	2383	45769	0	-0.0179850383269155	-0.0521294081137899	-0.0231798216700553	-0.0579697377979755	-0.2014034166932106	0.1727837547659874	-0.2352709621191024	0.122693121433258	0.0347899161279201	0.538340609849896	0.0383406098498959	0.0766812196997919	0.0766812196997919	negligible	58715479.0	2.598795608679889e-10	0.065436268670509	7.093004656412579e-09	0.0	5.870220669018101e-10	True	False	False	False	molformer	molformer_0375	0.538340609849896	0.03834060984989596	positive	0.0766812196997919	False	False
TRAIN	molformer_0653	48152	2383	45769	0	-0.4824791188973261	-0.536720851843945	-0.4732533097267151	-0.5275895595550537	-0.7422066032886505	-0.2179172486066818	-0.8182824850082397	-0.2549085915088653	0.0543362498283386	0.5382652666178083	0.0382652666178082	0.0765305332356165	0.0765305332356165	negligible	58707261.5	2.816135514842281e-10	0.0627510422969432	3.388221063172848e-08	0.0	6.3424987548354e-10	True	False	False	False	molformer	molformer_0653	0.5382652666178083	0.03826526661780827	positive	0.0765305332356165	False	False
TRAIN	molformer_0767	48152	2383	45769	0	-0.2795695791137771	-0.2300238395954146	-0.2867429554462433	-0.2484891712665558	-0.468324214220047	-0.0910529755055904	-0.4532182514667511	-0.0204910561442375	-0.0382537841796875	0.4617655308165188	0.0382344691834811	-0.0764689383669623	0.0764689383669623	negligible	50363624.5	2.9099992286842557e-10	0.0726220555087858	7.817064800025278e-11	0.0	6.534735110027801e-10	True	False	False	False	molformer	molformer_0767	0.4617655308165188	0.03823446918348122	negative	-0.0764689383669623	False	False
TRAIN	molformer_0396	48152	2383	45769	0	0.6315251279583626	0.5946096039721568	0.6201493740081787	0.5878174304962158	0.4544545412063598	0.7962780296802521	0.4254367351531982	0.7542353272438049	0.0323319435119628	0.5382258690068218	0.0382258690068217	0.0764517380136435	0.0764517380136435	negligible	58702964.5	2.9367518172867947e-10	0.0610359030144691	8.888633750841089e-08	0.0	6.575584243954106e-10	True	False	False	False	molformer	molformer_0396	0.5382258690068218	0.03822586900682179	positive	0.0764517380136435	False	False
TRAIN	molformer_0308	48152	2383	45769	0	0.5278873786094657	0.4707972993527231	0.5218253135681152	0.4758824408054352	0.26242296397686	0.7823845744132996	0.1981564313173294	0.7491604089736938	0.04594287276268	0.5381464228119888	0.0381464228119887	0.0762928456239775	0.0762928456239775	negligible	58694299.5	3.195516678457054e-10	0.0618102856590853	5.7697814526443754e-08	0.0	7.134176770508772e-10	True	False	False	False	molformer	molformer_0308	0.5381464228119888	0.03814642281198877	positive	0.0762928456239775	False	False
TRAIN	molformer_0712	48152	2383	45769	0	-0.5133391175525724	-0.4636838564542585	-0.5197023153305054	-0.4806068241596222	-0.7206336557865143	-0.3125181049108505	-0.6900960803031921	-0.258058488368988	-0.0390954911708831	0.4618653680485485	0.0381346319514515	-0.076269263902903	0.076269263902903	negligible	50374513.5	3.2357708642049423e-10	0.0620409776046356	5.067474104242023e-08	0.0	7.203107315099696e-10	True	False	False	False	molformer	molformer_0712	0.4618653680485485	0.0381346319514515	negative	-0.076269263902903	False	False
TRAIN	molformer_0137	48152	2383	45769	0	0.1292768221602886	0.1673954270945682	0.1355677545070648	0.1688936352729797	-0.0451643150299787	0.3079001903533935	-0.0081100584939122	0.3487055003643036	-0.0333258807659149	0.4618986410134705	0.0381013589865294	-0.0762027179730588	0.0762027179730588	negligible	50378142.5	3.352053985481965e-10	0.0573182978651381	6.558528085681387e-07	0.0	7.44039728569407e-10	True	False	False	False	molformer	molformer_0137	0.4618986410134705	0.0381013589865295	negative	-0.0762027179730588	False	False
TRAIN	molformer_0359	48152	2383	45769	0	-0.1433683270893646	-0.1811764126063626	-0.159478023648262	-0.1916940361261367	-0.337964653968811	0.0384551733732223	-0.3706015646457672	-0.0033127658534795	0.0322160124778747	0.5377256422069605	0.0377256422069605	0.075451284413921	0.075451284413921	negligible	58648406.0	4.983867978485417e-10	0.0557354527713826	1.4783728440464202e-06	0.0	1.1030578119529683e-09	True	False	False	False	molformer	molformer_0359	0.5377256422069605	0.03772564220696051	positive	0.075451284413921	False	False
TRAIN	molformer_0551	48152	2383	45769	0	0.0359958682908734	0.074161342623579	0.041293915361166	0.0795099884271621	-0.156451016664505	0.2336966395378112	-0.1079879999160766	0.2569393515586853	-0.0382160730659961	0.4622863182732657	0.0377136817267342	-0.0754273634534685	0.0754273634534685	negligible	50420425.5	5.046883940582946e-10	0.0690980093460815	7.563566015065655e-10	0.0	1.1137950765424434e-09	True	False	False	False	molformer	molformer_0551	0.4622863182732657	0.03771368172673428	negative	-0.0754273634534685	False	False
TRAIN	molformer_0431	48152	2383	45769	0	-0.0895214417955217	-0.0540378531957934	-0.0976759940385818	-0.0505872257053852	-0.3122808635234833	0.1177626103162765	-0.2574721872806549	0.1495451629161834	-0.0470887683331966	0.4623613360189234	0.0376386639810766	-0.0752773279621532	0.0752773279621532	negligible	50428607.5	5.460235673342944e-10	0.0664679873047822	3.82211591838688e-09	0.0	1.2015647556238914e-09	True	False	False	False	molformer	molformer_0431	0.4623613360189234	0.037638663981076625	negative	-0.0752773279621532	False	False
TRAIN	molformer_0540	48152	2383	45769	0	0.1286042043811102	0.0864984880169488	0.1491551697254181	0.1079482957720756	-0.0597779862582683	0.3445300012826919	-0.1055148765444755	0.3070606589317322	0.0412068739533424	0.5374592888678956	0.0374592888678956	0.0749185777357912	0.0749185777357912	negligible	58619355.5	6.587116487529287e-10	0.0625485255570156	3.8022016887615023e-08	0.0	1.4454015606921404e-09	True	False	False	False	molformer	molformer_0540	0.5374592888678956	0.037459288867895624	positive	0.0749185777357912	False	False
TRAIN	molformer_0277	48152	2383	45769	0	0.1154660033208718	0.15668817700781	0.1110356301069259	0.1492051184177398	-0.0775705203413963	0.3056660443544388	-0.0199008602648973	0.3222091197967529	-0.0381694883108139	0.462652467585517	0.037347532414483	-0.074695064828966	0.074695064828966	negligible	50460360.5	7.400734237841972e-10	0.0680480176285651	1.4551295094374382e-09	0.0	1.6193059528953375e-09	True	False	False	False	molformer	molformer_0277	0.462652467585517	0.03734753241448302	negative	-0.074695064828966	False	False
TRAIN	molformer_0649	48152	2383	45769	0	0.4883696099926834	0.5333443075063782	0.504107654094696	0.5424599647521973	0.2681290954351425	0.7075800597667694	0.2890536785125732	0.7872627377510071	-0.0383523106575012	0.4627292457084866	0.0372707542915133	-0.0745415085830267	0.0745415085830267	negligible	50468734.5	8.015674549438463e-10	0.0803768293013557	3.553784073236657e-13	0.0	1.7488744471502103e-09	True	False	False	False	molformer	molformer_0649	0.4627292457084866	0.037270754291513386	negative	-0.0745415085830267	False	False
TRAIN	molformer_0377	48152	2383	45769	0	-0.0753971797855499	-0.0338188614867378	-0.0715049654245376	-0.037293218076229	-0.2877529710531235	0.1442983821034431	-0.2201669514179229	0.1502687186002731	-0.0342117473483085	0.4628004034601426	0.0371995965398573	-0.0743991930797147	0.0743991930797147	negligible	50476495.5	8.629925536151298e-10	0.075295674394451	1.2953926556857068e-11	0.0	1.874828294379242e-09	True	False	False	False	molformer	molformer_0377	0.4628004034601426	0.03719959653985738	negative	-0.0743991930797147	False	False
TRAIN	molformer_0151	48152	2383	45769	0	-0.3246159026204102	-0.2745233462251505	-0.3308938145637512	-0.2486144602298736	-0.6367081105709076	-0.0286689447239041	-0.5984287261962891	0.0376168377697467	-0.0822793543338775	0.4628017283274425	0.0371982716725574	-0.0743965433451149	0.0743965433451149	negligible	50476640.0	8.641786669404318e-10	0.0734332960533707	4.5621736117570186e-11	0.0	1.874828294379242e-09	True	False	False	False	molformer	molformer_0151	0.4628017283274425	0.037198271672557515	negative	-0.0743965433451149	False	False
TRAIN	molformer_0179	48152	2383	45769	0	0.3414710181272533	0.3080273575546529	0.3370723128318786	0.2975796461105346	0.145843930542469	0.5436908602714539	0.1225232258439064	0.4872339963912964	0.0394926667213439	0.5371722052522562	0.0371722052522561	0.0743444105045123	0.0743444105045123	negligible	58588044.0	8.878411386198732e-10	0.0651331628707415	8.490228316758693e-09	0.0	1.920738012563556e-09	True	False	False	False	molformer	molformer_0179	0.5371722052522562	0.037172205252256174	positive	0.0743444105045123	False	False
TRAIN	molformer_0405	48152	2383	45769	0	0.2000228782511537	0.1463459661393269	0.1996581703424453	0.1660568863153457	-0.0293011013418436	0.4334732145071029	-0.0888193547725677	0.3944744169712066	0.0336012840270996	0.5370916771588669	0.0370916771588668	0.0741833543177337	0.0741833543177337	negligible	58579261.0	9.650039303639396e-10	0.057245608951966	6.811347322066944e-07	0.0	2.0818062317963644e-09	True	False	False	False	molformer	molformer_0405	0.5370916771588669	0.037091677158866854	positive	0.0741833543177337	False	False
TRAIN	molformer_0307	48152	2383	45769	0	-0.1639326022697979	-0.2101761373566399	-0.170214369893074	-0.2254745960235595	-0.4206366539001465	0.0749253146350383	-0.4399239122867584	0.0063089467585086	0.0552602261304855	0.5370357393360536	0.0370357393360536	0.0740714786721072	0.0740714786721072	negligible	58573160.0	1.0224136786479903e-09	0.077990335290173	1.9812617790974014e-12	0.0	2.1994781658309707e-09	True	False	False	False	molformer	molformer_0307	0.5370357393360536	0.03703573933605364	positive	0.0740714786721072	False	False
TRAIN	molformer_0257	48152	2383	45769	0	0.771668124005028	0.8181108417274936	0.8254396319389343	0.8677992820739746	0.553088366985321	1.0385705828666687	0.6071324348449707	1.078012228012085	-0.0423596501350402	0.4631699268289084	0.0368300731710915	-0.0736601463421831	0.0736601463421831	negligible	50516798.5	1.2635503285866032e-09	0.0615319443338987	6.743569021593487e-08	0.0	2.710633107135506e-09	True	False	False	False	molformer	molformer_0257	0.4631699268289084	0.036830073171091604	negative	-0.0736601463421831	False	False
TRAIN	molformer_0328	48152	2383	45769	0	-0.1003412497743557	-0.0565169807155534	-0.0980475768446922	-0.0538156852126121	-0.3260285258293152	0.1269518733024597	-0.2755643129348755	0.1669059693813324	-0.04423189163208	0.4631889425713301	0.0368110574286698	-0.0736221148573397	0.0736221148573397	negligible	50518872.5	1.288460229801119e-09	0.0577280898649146	5.294301294110102e-07	0.0	2.74925841803316e-09	True	False	False	False	molformer	molformer_0328	0.4631889425713301	0.03681105742866991	negative	-0.0736221148573397	False	False
TRAIN	molformer_0706	48152	2383	45769	0	0.0371998513567339	0.0827656209262511	0.0583020187914371	0.0857240781188011	-0.1576724499464035	0.2530205845832824	-0.0996781960129737	0.2742657363414764	-0.0274220593273639	0.4631891351125987	0.0368108648874013	-0.0736217297748026	0.0736217297748026	negligible	50518893.5	1.2887148834530438e-09	0.0651607146093997	8.352879899322462e-09	0.0	2.74925841803316e-09	True	False	False	False	molformer	molformer_0706	0.4631891351125987	0.03681086488740132	negative	-0.0736217297748026	False	False
TRAIN	molformer_0241	48152	2383	45769	0	0.0589988236568604	0.0217452572319186	0.0406181216239929	0.0127871921285986	-0.1281433701515197	0.2203310951590538	-0.1355084031820297	0.1675583869218826	0.0278309294953942	0.5366705343928813	0.0366705343928812	0.0733410687857625	0.0733410687857625	negligible	58533328.0	1.4879771426270182e-09	0.0733976484128039	4.672006283228678e-11	0.0	3.1655580208796407e-09	True	False	False	False	molformer	molformer_0241	0.5366705343928813	0.03667053439288126	positive	0.0733410687857625	False	False
TRAIN	molformer_0126	48152	2383	45769	0	-0.4097086472249778	-0.3638040305034122	-0.3866325616836548	-0.3571594059467315	-0.6083976924419403	-0.2028026208281517	-0.571152925491333	-0.1502624899148941	-0.0294731557369232	0.4635435531604196	0.0364564468395803	-0.0729128936791607	0.0729128936791607	negligible	50557549.0	1.8510422253760919e-09	0.0591373544208075	2.505682686187911e-07	0.0	3.9270730085327025e-09	True	False	False	False	molformer	molformer_0126	0.4635435531604196	0.03645644683958038	negative	-0.0729128936791607	False	False
TRAIN	molformer_0038	48152	2383	45769	0	-0.1287272833079268	-0.089679700088943	-0.1125910580158233	-0.0787497982382774	-0.3213079422712326	0.080851711332798	-0.2655103802680969	0.1007791459560394	-0.0338412597775459	0.4636248605875148	0.0363751394124852	-0.0727502788249704	0.0727502788249704	negligible	50566417.0	2.010431471107657e-09	0.0677181577611088	1.7835102341219466e-09	0.0	4.253474847963308e-09	True	False	False	False	molformer	molformer_0038	0.4636248605875148	0.03637513941248521	negative	-0.0727502788249704	False	False
TRAIN	molformer_0677	48152	2383	45769	0	-0.0844319094338727	-0.1181672640931769	-0.0764086246490478	-0.11880823969841	-0.2753295302391052	0.1135008186101913	-0.3153447806835174	0.0773307383060455	0.0423996150493621	0.5362714926139289	0.0362714926139289	0.0725429852278578	0.0725429852278578	negligible	58489805.5	2.233098901232062e-09	0.0638063884954501	1.8469630990414562e-08	0.0	4.711593286116e-09	True	False	False	False	molformer	molformer_0677	0.5362714926139289	0.036271492613928924	positive	0.0725429852278578	False	False
TRAIN	molformer_0189	48152	2383	45769	0	-0.5855949577540113	-0.6237696314864178	-0.5798019766807556	-0.6197047233581543	-0.7917214930057526	-0.3659675866365433	-0.8205183744430542	-0.4234659969806671	0.0399027466773986	0.5361505354384719	0.0361505354384719	0.0723010708769438	0.0723010708769438	negligible	58476613.0	2.523417354750145e-09	0.0659039239057837	5.365807815262807e-09	0.0	5.309546653282497e-09	True	False	False	False	molformer	molformer_0189	0.5361505354384719	0.03615053543847191	positive	0.0723010708769438	False	False
TRAIN	molformer_0327	48152	2383	45769	0	-0.0849913828600413	-0.1250947225902369	-0.0785400345921516	-0.1066685393452644	-0.272695854306221	0.1202543452382087	-0.3033881783485412	0.0702339857816696	0.0281285047531127	0.5361086072850996	0.0361086072850995	0.0722172145701991	0.0722172145701991	negligible	58472040.0	2.632386181865269e-09	0.0609409434945746	9.368838055770952e-08	0.0	5.520924491407709e-09	True	False	False	False	molformer	molformer_0327	0.5361086072850996	0.03610860728509957	positive	0.0722172145701991	False	False
TRAIN	molformer_0235	48152	2383	45769	0	0.0837272253343634	0.046863719182625	0.0870764330029487	0.0391607694327831	-0.1133871302008628	0.285166472196579	-0.1664203703403473	0.2599623799324035	0.0479156635701656	0.5361063976448279	0.0361063976448279	0.0722127952896558	0.0722127952896558	negligible	58471799.0	2.6382542817013402e-09	0.0654737592060742	6.936594354330792e-09	0.0	5.520924491407709e-09	True	False	False	False	molformer	molformer_0235	0.5361063976448279	0.036106397644827926	positive	0.0722127952896558	False	False
TRAIN	molformer_0323	48152	2383	45769	0	0.3330279352811268	0.3740303778773801	0.3076234459877014	0.3466003835201263	0.1087463982403278	0.5260800719261169	0.1460326910018921	0.5644544363021851	-0.0389769375324249	0.4640354594268925	0.0359645405731074	-0.0719290811462149	0.0719290811462149	negligible	50611200.0	3.0428653142813572e-09	0.0624372091979311	4.0502718284113854e-08	0.0	6.350327612413266e-09	True	False	False	False	molformer	molformer_0323	0.4640354594268925	0.035964540573107495	negative	-0.0719290811462149	False	False
TRAIN	molformer_0433	48152	2383	45769	0	-0.1385688719296336	-0.1854048429191694	-0.1497548669576645	-0.1825499534606933	-0.3728269934654236	0.0961034446954727	-0.4202570021152496	0.0458571314811706	0.0327950865030288	0.5358915353421372	0.0358915353421371	0.0717830706842743	0.0717830706842743	negligible	58448364.5	3.274029553015849e-09	0.0523133893005568	7.926505802807375e-06	0.0	6.814240370504531e-09	True	False	False	False	molformer	molformer_0433	0.5358915353421372	0.03589153534213718	positive	0.0717830706842743	False	False
TRAIN	molformer_0009	48152	2383	45769	0	0.001924469839566	0.0539498732307459	-0.0043537910096347	0.0518339499831199	-0.3005649447441101	0.2991961687803268	-0.2435664534568786	0.3600169420242309	-0.0561877409927547	0.464276351475357	0.0357236485246429	-0.0714472970492858	0.0714472970492858	negligible	50637473.5	3.872384570528496e-09	0.0569367544200392	7.994602156557866e-07	0.0	8.037814459907797e-09	True	False	False	False	molformer	molformer_0009	0.464276351475357	0.03572364852464299	negative	-0.0714472970492858	False	False
TRAIN	molformer_0725	48152	2383	45769	0	-0.258189803668539	-0.2183296760592529	-0.2174444049596786	-0.1795036047697067	-0.4560251832008362	-0.0295641208067536	-0.3804334104061126	-0.0156654044985771	-0.0379408001899719	0.464411203712357	0.0355887962876429	-0.0711775925752858	0.0711775925752858	negligible	50652181.5	4.428900018054232e-09	0.0749891211891143	1.5971538717302057e-11	0.0	9.16818116944919e-09	True	False	False	False	molformer	molformer_0725	0.464411203712357	0.035588796287643	negative	-0.0711775925752858	False	False
TRAIN	molformer_0524	48152	2383	45769	0	0.1330346333789483	0.0992409234963755	0.130650520324707	0.0967544317245483	-0.0505709387362003	0.3205337971448898	-0.0745918005704879	0.2744802832603454	0.0338960886001586	0.5355817410254475	0.0355817410254475	0.071163482050895	0.071163482050895	negligible	58414576.0	4.460065027979959e-09	0.0556361748258948	1.5545090348037577e-06	0.0	9.207876186797336e-09	True	False	False	False	molformer	molformer_0524	0.5355817410254475	0.03558174102544753	positive	0.071163482050895	False	False
TRAIN	molformer_0357	48152	2383	45769	0	-0.271487437098517	-0.3268289128595421	-0.2802731692790985	-0.3383725583553314	-0.5837431252002716	0.0289208246394991	-0.6331008672714233	-0.0400078073143959	0.0580993890762329	0.5354573731189486	0.0354573731189485	0.0709147462378971	0.0709147462378971	negligible	58401011.5	5.045787587823705e-09	0.0536600871128213	4.145699627234329e-06	0.0	1.0389181950264358e-08	True	False	False	False	molformer	molformer_0357	0.5354573731189486	0.03545737311894859	positive	0.0709147462378971	False	False
TRAIN	molformer_0049	48152	2383	45769	0	0.1463386921246554	0.1136254510901672	0.1435780823230743	0.1097155734896659	-0.0343833155930042	0.328134998679161	-0.0642832964658737	0.2866241633892059	0.0338625088334083	0.5351587645330952	0.0351587645330951	0.0703175290661903	0.0703175290661903	negligible	58368443.0	6.774340808966292e-09	0.0607663360699468	1.0318334147517309e-07	0.0	1.3910945832315811e-08	True	False	False	False	molformer	molformer_0049	0.5351587645330952	0.03515876453309519	positive	0.0703175290661903	False	False
TRAIN	molformer_0586	48152	2383	45769	0	-0.130408904333659	-0.1756625705900358	-0.1287621855735778	-0.1758639067411422	-0.370962843298912	0.1125268377363681	-0.3963091075420379	0.0443541966378688	0.0471017211675643	0.5351049034053921	0.035104903405392	0.0702098068107841	0.0702098068107841	negligible	58362568.5	7.142240936187193e-09	0.0684847562372987	1.109764184545091e-09	0.0	1.4627309437311371e-08	True	False	False	False	molformer	molformer_0586	0.5351049034053921	0.035104903405392074	positive	0.0702098068107841	False	False
TRAIN	molformer_0478	48152	2383	45769	0	-0.6116901802584377	-0.5782873581809004	-0.6011977791786194	-0.5599648952484131	-0.8031449317932129	-0.4072390645742416	-0.7725992202758789	-0.3620199561119079	-0.0412328839302063	0.46496953671646	0.0350304632835399	-0.0700609265670799	0.0700609265670799	negligible	50713077.5	7.682849281345204e-09	0.0616927713048817	6.163000393292644e-08	0.0	1.5692628319343396e-08	True	False	False	False	molformer	molformer_0478	0.46496953671646	0.03503046328353998	negative	-0.0700609265670799	False	False
TRAIN	molformer_0495	48152	2383	45769	0	0.1522570858695456	0.1044405681907108	0.1843720823526382	0.1282253861427307	-0.0833953209221363	0.4116135835647583	-0.1646166145801544	0.4017062783241272	0.0561466962099075	0.5350212121340204	0.0350212121340204	0.0700424242680408	0.0700424242680408	negligible	58353440.5	7.752752295811391e-09	0.0710090089417723	2.2403761654028155e-10	0.0	1.5793405207382353e-08	True	False	False	False	molformer	molformer_0495	0.5350212121340204	0.03502121213402043	positive	0.0700424242680408	False	False
TRAIN	molformer_0242	48152	2383	45769	0	-0.1903508608700212	-0.1527919028183265	-0.195869892835617	-0.1664050966501236	-0.3608196228742599	-0.0183564331382513	-0.3379998803138733	0.0216525178402662	-0.0294647961854934	0.4651285253767604	0.0348714746232395	-0.0697429492464791	0.0697429492464791	negligible	50730418.0	8.974029577435654e-09	0.0529567246903838	5.827827055178583e-06	0.0	1.8232948982726413e-08	True	False	False	False	molformer	molformer_0242	0.4651285253767604	0.034871474623239584	negative	-0.0697429492464791	False	False
TRAIN	molformer_0335	48152	2383	45769	0	-0.0210516643572853	-0.0528643409841499	-0.0191301126033067	-0.0624057725071907	-0.2250306606292724	0.1803010255098343	-0.2539344429969787	0.1385255753993988	0.0432756599038839	0.5343590627116721	0.0343590627116721	0.0687181254233442	0.0687181254233442	negligible	58281221.5	1.4738265781419616e-08	0.0662803695915833	4.280048171592138e-09	0.0	2.98654040108978e-08	True	False	False	False	molformer	molformer_0335	0.5343590627116721	0.034359062711672106	positive	0.0687181254233442	False	False
TRAIN	molformer_0226	48152	2383	45769	0	0.8953793115140387	0.9491923795869568	0.8939863443374634	0.9513891339302064	0.602047473192215	1.1842657327651978	0.6279357075691223	1.2670985460281372	-0.0574027895927429	0.4657620549148419	0.034237945085158	-0.0684758901703161	0.0684758901703161	negligible	50799515.5	1.65551434629649e-08	0.0644902859125062	1.2397684785730046e-08	0.0	3.3458816261992224e-08	True	False	False	False	molformer	molformer_0226	0.4657620549148419	0.034237945085158095	negative	-0.0684758901703161	False	False
TRAIN	molformer_0507	48152	2383	45769	0	-0.2494060092927062	-0.2140767098843057	-0.2653160393238067	-0.2206138968467712	-0.4741914123296737	-0.0408312510699033	-0.4286185503005981	-0.0131439073011279	-0.0447021424770355	0.4658802019046421	0.0341197980953579	-0.0682395961907158	0.0682395961907158	negligible	50812401.5	1.8536120289172323e-08	0.0606364624000322	1.1084459907819509e-07	0.0	3.7364147984473354e-08	True	False	False	False	molformer	molformer_0507	0.4658802019046421	0.03411979809535792	negative	-0.0682395961907158	False	False
TRAIN	molformer_0203	48152	2383	45769	0	-0.029922724252202	-0.0789273119624992	-0.0177814308553934	-0.0616810508072376	-0.2928306311368942	0.2297201454639434	-0.3418487012386322	0.1920477300882339	0.0438996199518442	0.5339142694598733	0.0339142694598733	0.0678285389197466	0.0678285389197466	negligible	58232709.0	2.2543773697696162e-08	0.0485131014293558	4.516431241274319e-05	0.0	4.532360785295982e-08	True	False	False	False	molformer	molformer_0203	0.5339142694598733	0.0339142694598733	positive	0.0678285389197466	False	False
TRAIN	molformer_0091	48152	2383	45769	0	0.0343861869176224	-0.0037344977611272	0.0623727813363075	0.0192493423819541	-0.1642219051718711	0.2621087729930877	-0.2220194935798645	0.2379811257123947	0.0431234389543533	0.5339020201677444	0.0339020201677443	0.0678040403354887	0.0678040403354887	negligible	58231373.0	2.280749936728716e-08	0.063102118378461	2.772037960762437e-08	0.0	4.5734097947980526e-08	True	False	False	False	molformer	molformer_0091	0.5339020201677444	0.03390202016774435	positive	0.0678040403354887	False	False
TRAIN	molformer_0758	48152	2383	45769	0	0.0439170342957746	-0.0071512769057308	0.0446278937160968	0.0063717919401824	-0.1985098794102668	0.2908626496791839	-0.2689824402332306	0.2681804299354553	0.0382561017759144	0.5338054057098041	0.033805405709804	0.0676108114196081	0.0676108114196081	negligible	58220835.5	2.4995206083858296e-08	0.0628878657897872	3.1336918809232036e-08	0.0	4.999041216771659e-08	True	False	False	False	molformer	molformer_0758	0.5338054057098041	0.03380540570980406	positive	0.0676108114196081	False	False
TRAIN	molformer_0287	48152	2383	45769	0	-0.3531444410222667	-0.3876362238630015	-0.3574012219905853	-0.3887277543544769	-0.5502246022224426	-0.1614800915122032	-0.577010989189148	-0.2084140181541443	0.0313265323638916	0.5337306905289968	0.0337306905289968	0.0674613810579936	0.0674613810579936	negligible	58212686.5	2.6825368229166764e-08	0.0559676392039217	1.3140911157030233e-06	0.0	5.3511383896104095e-08	True	False	False	False	molformer	molformer_0287	0.5337306905289968	0.0337306905289968	positive	0.0674613810579936	False	False
TRAIN	molformer_0458	48152	2383	45769	0	-0.239554546753679	-0.2742250398203535	-0.2657283544540405	-0.3041920661926269	-0.4581191390752792	-0.0602464582771062	-0.4868942499160766	-0.1053646132349968	0.0384637117385864	0.5335084520619964	0.0335084520619963	0.0670169041239927	0.0670169041239927	negligible	58188447.5	3.3071237729127845e-08	0.0584408684722447	3.634715419355031e-07	0.0	6.579976833152896e-08	True	False	False	False	molformer	molformer_0458	0.5335084520619964	0.033508452061996374	positive	0.0670169041239927	False	False
TRAIN	molformer_0362	48152	2383	45769	0	0.1939697225854182	0.2295853495712584	0.1943378895521164	0.2485730946063995	-0.0627714544534683	0.4604904651641845	0.0291115380823612	0.4622234106063843	-0.0542352050542831	0.4667293226516449	0.033270677348355	-0.06654135469671	0.06654135469671	negligible	50905013.0	4.1312593758453696e-08	0.0847587751760429	1.3231443568219776e-14	0.0	8.198468218731895e-08	True	False	False	False	molformer	molformer_0362	0.4667293226516449	0.03327067734835509	negative	-0.06654135469671	False	False
TRAIN	molformer_0617	48152	2383	45769	0	-0.2655584232656174	-0.2269283166937693	-0.2572416961193084	-0.2255159616470337	-0.4692449271678924	-0.0538549683988094	-0.4350681006908417	-0.0167707707732915	-0.0317257344722747	0.4667407238453293	0.0332592761546707	-0.0665185523093414	0.0665185523093414	negligible	50906256.5	4.175414792462892e-08	0.0499359722348889	2.390697501341328e-05	0.0	8.264738558277065e-08	True	False	False	False	molformer	molformer_0617	0.4667407238453293	0.033259276154670725	negative	-0.0665185523093414	False	False
TRAIN	molformer_0690	48152	2383	45769	0	0.2924991510324584	0.3441735712763547	0.2937123477458954	0.3403208255767822	0.0175009835511446	0.5683929622173309	0.0660211965441703	0.6111902594566345	-0.0466084778308868	0.4667658367279199	0.03323416327208	-0.0664683265441601	0.0664683265441601	negligible	50908995.5	4.274293858438047e-08	0.0493295039136625	3.142362647278207e-05	0.0	8.438708697378974e-08	True	False	False	False	molformer	molformer_0690	0.4667658367279199	0.03323416327208012	negative	-0.0664683265441601	False	False
TRAIN	molformer_0305	48152	2383	45769	0	0.1760669885771164	0.1235251683419156	0.1660597324371338	0.1123959422111511	-0.0986648947000503	0.4342164695262909	-0.1680472493171692	0.4171507358551025	0.0536637902259826	0.5331713764812877	0.0331713764812876	0.0663427529625753	0.0663427529625753	negligible	58151683.5	4.5315466046846774e-08	0.063833683512417	1.8179602111179245e-08	0.0	8.923661006148286e-08	True	False	False	False	molformer	molformer_0305	0.5331713764812877	0.03317137648128765	positive	0.0663427529625753	False	False
TRAIN	molformer_0238	48152	2383	45769	0	0.8103010278597491	0.7731434249749657	0.835375964641571	0.7870150208473206	0.5698495209217072	1.0787126421928406	0.5397390127182007	1.0193825960159302	0.0483609437942504	0.5330729878930875	0.0330729878930875	0.066145975786175	0.066145975786175	negligible	58140952.5	4.965121529936771e-08	0.0637517526183572	1.906376164793577e-08	0.0	9.752463772356625e-08	True	False	False	False	molformer	molformer_0238	0.5330729878930875	0.033072987893087546	positive	0.066145975786175	False	False
TRAIN	molformer_0664	48152	2383	45769	0	-0.413885633053626	-0.4498121647504515	-0.4079487323760986	-0.4509346187114715	-0.6409731209278107	-0.170294314622879	-0.6675170063972473	-0.2323454171419143	0.0429858863353729	0.5330466876726746	0.0330466876726746	0.0660933753453492	0.0660933753453492	negligible	58138084.0	5.087668892857895e-08	0.0656020742085772	6.4262846034812935e-09	0.0	9.967677830905265e-08	True	False	False	False	molformer	molformer_0664	0.5330466876726746	0.0330466876726746	positive	0.0660933753453492	False	False
TRAIN	molformer_0692	48152	2383	45769	0	0.6526504091441326	0.6934941544668817	0.6652987003326416	0.6892309784889221	0.4762956649065017	0.8569863140583038	0.509975016117096	0.8816221952438354	-0.0239322781562805	0.4670750442521723	0.0329249557478276	-0.0658499114956553	0.0658499114956553	negligible	50942720.0	5.694125417846704e-08	0.052502694042013	7.243464230976516e-06	0.0	1.1127451198234779e-07	True	False	False	False	molformer	molformer_0692	0.4670750442521723	0.03292495574782772	negative	-0.0658499114956553	False	False
TRAIN	molformer_0726	48152	2383	45769	0	0.1372615317897131	0.103856088262629	0.1260590106248855	0.0984605550765991	-0.0480144694447517	0.3156911432743072	-0.0771429613232612	0.2798663079738617	0.0275984555482864	0.5326108521741765	0.0326108521741764	0.0652217043483529	0.0652217043483529	negligible	58090548.5	7.60045188342703e-08	0.0533165109721429	4.898825145676265e-06	0.0	1.4815094026578577e-07	True	False	False	False	molformer	molformer_0726	0.5326108521741765	0.032610852174176475	positive	0.0652217043483529	False	False
TRAIN	molformer_0645	48152	2383	45769	0	0.0498340860599709	0.0110479370121336	0.0643772855401039	0.0177751090377569	-0.1821859031915664	0.2841761261224746	-0.2219025045633316	0.2467524409294128	0.0466021765023469	0.5325191704401623	0.0325191704401622	0.0650383408803245	0.0650383408803245	negligible	58080549.0	8.264793564065206e-08	0.0552919660496198	1.8488732381715277e-06	0.0	1.6069269511903997e-07	True	False	False	False	molformer	molformer_0645	0.5325191704401623	0.03251917044016228	positive	0.0650383408803245	False	False
TRAIN	molformer_0304	48152	2383	45769	0	0.1673250028646058	0.12251207906828	0.1897073239088058	0.1227974742650985	-0.1247786283493042	0.4604955613613128	-0.1868916600942611	0.4309446215629577	0.0669098496437072	0.5322665058684241	0.032266505868424	0.0645330117368481	0.0645330117368481	negligible	58052991.5	1.0399857698429497e-07	0.0627057859302154	3.476750059424099e-08	0.0	2.016942099089357e-07	True	False	False	False	molformer	molformer_0304	0.5322665058684241	0.032266505868424056	positive	0.0645330117368481	False	False
TRAIN	molformer_0035	48152	2383	45769	0	0.4915262324056669	0.5322564881506143	0.4895872175693512	0.5228646993637085	0.296825960278511	0.6944856643676758	0.3346580266952514	0.7178472876548767	-0.0332774817943573	0.4679087021015888	0.0320912978984111	-0.0641825957968222	0.0641825957968222	negligible	51033645.0	1.2184288480975774e-07	0.0503136831918816	2.013002679776468e-05	0.0	2.357061348460805e-07	True	False	False	False	molformer	molformer_0035	0.4679087021015888	0.0320912978984112	negative	-0.0641825957968222	False	False
TRAIN	molformer_0166	48152	2383	45769	0	-0.0658292813945401	-0.1023088029745515	-0.0596759878098964	-0.0988427028059959	-0.2941892743110657	0.1662422344088554	-0.3119148015975952	0.1097271218895912	0.0391667149960994	0.5320866310648081	0.0320866310648081	0.0641732621296162	0.0641732621296162	negligible	58033373.0	1.2235654206771154e-07	0.0584745723628628	3.570238359438532e-07	0.0	2.3610508620101122e-07	True	False	False	False	molformer	molformer_0166	0.5320866310648081	0.032086631064808135	positive	0.0641732621296162	False	False
TRAIN	molformer_0595	48152	2383	45769	0	-0.3468495478285039	-0.3867069535742721	-0.3717860281467438	-0.4105475544929504	-0.579601913690567	-0.1477151289582252	-0.6044143438339233	-0.1952009946107864	0.0387615263462066	0.5320432450989743	0.0320432450989742	0.0640864901979485	0.0640864901979485	negligible	58028641.0	1.2723320211426226e-07	0.054482971819834	2.7674177481432464e-06	0.0	2.448999980545199e-07	True	False	False	False	molformer	molformer_0595	0.5320432450989743	0.03204324509897427	positive	0.0640864901979485	False	False
TRAIN	molformer_0025	48152	2383	45769	0	-0.3702875960273338	-0.4159462220427258	-0.3869394659996032	-0.4254927933216095	-0.6584831476211548	-0.0730106309056282	-0.7229324579238892	-0.1200590133666992	0.0385533273220062	0.5320167798431883	0.0320167798431882	0.0640335596863765	0.0640335596863765	negligible	58025754.5	1.302997223324458e-07	0.0608878479476297	9.648213697327469e-08	0.0	2.501754668782959e-07	True	False	False	False	molformer	molformer_0025	0.5320167798431883	0.03201677984318829	positive	0.0640335596863765	False	False
TRAIN	molformer_0762	48152	2383	45769	0	0.4662634751888952	0.4232128017082908	0.443679541349411	0.4128932952880859	0.2286652103066444	0.6972574889659882	0.2147173732519149	0.6227269172668457	0.030786246061325	0.5319003382189091	0.0319003382189091	0.0638006764378182	0.0638006764378182	negligible	58013054.5	1.4466231482490625e-07	0.0689173414558119	8.47099427406711e-10	0.0	2.770589969713915e-07	True	False	False	False	molformer	molformer_0762	0.5319003382189091	0.03190033821890914	positive	0.0638006764378182	False	False
TRAIN	molformer_0584	48152	2383	45769	0	0.1696765231685516	0.1959343840517805	0.1776708513498306	0.2039999514818191	0.0047652453649789	0.3366047441959381	0.0320217832922935	0.3688366115093231	-0.0263291001319885	0.4681238715534459	0.031876128446554	-0.0637522568931081	0.0637522568931081	negligible	51057113.0	1.4783513483674426e-07	0.052437688442317	7.471383865644894e-06	0.0	2.824313023746756e-07	True	False	False	False	molformer	molformer_0584	0.4681238715534459	0.031876128446554075	negative	-0.0637522568931081	False	False
TRAIN	molformer_0143	48152	2383	45769	0	0.12827946341727	0.0992901374739996	0.1293825507164001	0.0982343554496765	-0.0588062349706888	0.3282260149717331	-0.0839635506272316	0.2797854840755462	0.0311481952667236	0.5318660429515376	0.0318660429515376	0.0637320859030752	0.0637320859030752	negligible	58009314.0	1.4917665903157185e-07	0.0550345750481716	2.103386979704386e-06	0.0	2.842870325961469e-07	True	False	False	False	molformer	molformer_0143	0.5318660429515376	0.03186604295153761	positive	0.0637320859030752	False	False
TRAIN	molformer_0042	48152	2383	45769	0	0.5681320823519901	0.536996793376003	0.5640842318534851	0.5368328094482422	0.3999486714601517	0.7439605891704559	0.3578093647956848	0.7212417125701904	0.0272514224052429	0.5318189436898115	0.0318189436898115	0.063637887379623	0.063637887379623	negligible	58004177.0	1.5559902503774053e-07	0.0545905565457627	2.623789355563447e-06	0.0	2.9579220601233845e-07	True	False	False	False	molformer	molformer_0042	0.5318189436898115	0.03181894368981153	positive	0.063637887379623	False	False
TRAIN	molformer_0032	48152	2383	45769	0	-0.0060140605871085	0.0314035345726537	-0.0028728067409247	0.0269608329981565	-0.1980307623744011	0.1906937360763549	-0.1543467342853546	0.2144157737493515	-0.0298336397390812	0.4682079891661979	0.031792010833802	-0.0635840216676041	0.0635840216676041	negligible	51066287.5	1.593908580299324e-07	0.058235885370354	4.051813289513276e-07	0.0	3.022522937456495e-07	True	False	False	False	molformer	molformer_0032	0.4682079891661979	0.03179201083380212	negative	-0.0635840216676041	False	False
TRAIN	molformer_0716	48152	2383	45769	0	0.6808734322259393	0.6447386685259212	0.684422492980957	0.6433652639389038	0.4459568113088608	0.9279698729515076	0.3998987376689911	0.8925037980079651	0.0410572290420532	0.5317799219927303	0.0317799219927302	0.0635598439854605	0.0635598439854605	negligible	57999921.0	1.611217373799379e-07	0.0507505409928291	1.6472794735081527e-05	0.0	3.047820056842175e-07	True	False	False	False	molformer	molformer_0716	0.5317799219927303	0.031779921992730276	positive	0.0635598439854605	False	False
TRAIN	molformer_0097	48152	2383	45769	0	0.0349850788597038	-0.0010792960444566	0.0175391286611557	-0.0126779275014996	-0.1767226159572601	0.2394080683588981	-0.2213585823774337	0.2035360187292099	0.0302170561626553	0.5316044435480782	0.0316044435480782	0.0632088870961564	0.0632088870961564	negligible	57980782.0	1.8838882572922954e-07	0.0490893591086923	3.4984005600788234e-05	0.0	3.554855483047869e-07	True	False	False	False	molformer	molformer_0097	0.5316044435480782	0.03160444354807823	positive	0.0632088870961564	False	False
TRAIN	molformer_0702	48152	2383	45769	0	-0.311932679906437	-0.3558046693337038	-0.3197158873081207	-0.3586274683475494	-0.5550070106983185	-0.0695960633456707	-0.6461255550384521	-0.0700613409280777	0.0389115810394287	0.5315675398049504	0.0315675398049504	0.0631350796099008	0.0631350796099008	negligible	57976757.0	1.9466600308027497e-07	0.078340687049776	1.5445529154362557e-12	0.0	3.664301234452235e-07	True	False	False	False	molformer	molformer_0702	0.5315675398049504	0.03156753980495042	positive	0.0631350796099008	False	False
TRAIN	molformer_0368	48152	2383	45769	0	0.3932253878312639	0.4433534635416364	0.3742755055427551	0.4121656417846679	0.1302765980362892	0.6292338073253632	0.1490318328142166	0.7230311036109924	-0.0378901362419128	0.4684879166646916	0.0315120833353084	-0.0630241666706168	0.0630241666706168	negligible	51096818.5	2.044806272937316e-07	0.0669430783004734	2.865727717613471e-09	0.0	3.8396362288896316e-07	True	False	False	False	molformer	molformer_0368	0.4684879166646916	0.031512083335308416	negative	-0.0630241666706168	False	False
TRAIN	molformer_0292	48152	2383	45769	0	-0.5217261709009254	-0.5560359340665425	-0.4976969957351684	-0.5419543385505676	-0.7426640093326569	-0.3021023720502853	-0.7518581748008728	-0.3485637307167053	0.0442573428153991	0.5314431535611879	0.0314431535611878	0.0628863071223757	0.0628863071223757	negligible	57963190.5	2.173477484366656e-07	0.0633322693747333	2.428778355871449e-08	0.0	4.071294409740468e-07	True	False	False	False	molformer	molformer_0292	0.5314431535611879	0.031443153561187875	positive	0.0628863071223757	False	False
TRAIN	molformer_0719	48152	2383	45769	0	0.0990038188794059	0.1356405025886682	0.0974082425236702	0.125018373131752	-0.0981791578233242	0.2903179079294204	-0.0618595704436302	0.3197620511054992	-0.0276101306080818	0.4685617654097905	0.0314382345902094	-0.0628764691804188	0.0628764691804188	negligible	51104873.0	2.1829529467842955e-07	0.0438489358982165	0.0003194419602868	0.0	4.079094557494742e-07	True	False	False	False	molformer	molformer_0719	0.4685617654097905	0.0314382345902095	negative	-0.0628764691804188	False	False
TRAIN	molformer_0736	48152	2383	45769	0	0.158147369547648	0.1981023455929635	0.1464952081441879	0.1852125376462936	-0.069464586675167	0.3751175105571747	-0.0251275114715099	0.4067642986774444	-0.0387173295021057	0.4686686258138043	0.0313313741861956	-0.0626627483723912	0.0626627483723912	negligible	51116528.0	2.398931920197968e-07	0.0503118402968832	2.014698642782519e-05	0.0	4.471795424058349e-07	True	False	False	False	molformer	molformer_0736	0.4686686258138043	0.03133137418619569	negative	-0.0626627483723912	False	False
TRAIN	molformer_0694	48152	2383	45769	0	-0.0885472761114554	-0.0473371914756136	-0.0622045956552028	-0.0305344723165035	-0.2896711081266403	0.1487822011113166	-0.2631599903106689	0.1856798827648162	-0.0316701233386993	0.468963979535357	0.0310360204646429	-0.0620720409292859	0.0620720409292859	negligible	51148741.5	3.108753037125916e-07	0.0500121910713168	2.3094052242712255e-05	0.0	5.780925744582816e-07	True	False	False	False	molformer	molformer_0694	0.468963979535357	0.031036020464642988	negative	-0.0620720409292859	False	False
TRAIN	molformer_0259	48152	2383	45769	0	-0.3611706638480032	-0.406675091762911	-0.3968425095081329	-0.4236217141151428	-0.5974654853343964	-0.1661762148141861	-0.653618335723877	-0.1758029162883758	0.0267792046070098	0.5308443135416465	0.0308443135416465	0.061688627083293	0.061688627083293	negligible	57897876.5	3.673819219644063e-07	0.0688638149831709	8.75968241708873e-10	0.0	6.815200871223769e-07	True	False	False	False	molformer	molformer_0259	0.5308443135416465	0.030844313541646518	positive	0.061688627083293	False	False
TRAIN	molformer_0647	48152	2383	45769	0	-0.2304517112087467	-0.2709577236294383	-0.2380780279636383	-0.2725574374198913	-0.4512998312711715	-0.0192676447331905	-0.4748938679695129	-0.0694114938378334	0.034479409456253	0.5308411824538756	0.0308411824538755	0.0616823649077511	0.0616823649077511	negligible	57897535.0	3.683824484117661e-07	0.0505094701560437	1.8403995086130134e-05	0.0	6.817294466993649e-07	True	False	False	False	molformer	molformer_0647	0.5308411824538756	0.03084118245387557	positive	0.0616823649077511	False	False
TRAIN	molformer_0290	48152	2383	45769	0	-0.075348332015697	-0.1139616260724949	-0.0882270857691764	-0.1260330080986023	-0.3180757462978363	0.1605564206838607	-0.360770970582962	0.1229765191674232	0.0378059223294258	0.5307099701637134	0.0307099701637133	0.0614199403274267	0.0614199403274267	negligible	57883224.0	4.127582402488757e-07	0.0542454125690408	3.111868510027983e-06	0.0	7.620152127671552e-07	True	False	False	False	molformer	molformer_0290	0.5307099701637134	0.03070997016371335	positive	0.0614199403274267	False	False
TRAIN	molformer_0711	48152	2383	45769	0	0.999410868527198	0.9613649407446808	1.0053423643112185	0.978589415550232	0.7727738916873932	1.2363388538360596	0.762004017829895	1.1792072057724	0.0267529487609863	0.5304915779377669	0.0304915779377669	0.0609831558755338	0.0609831558755338	negligible	57859404.5	4.982835877661659e-07	0.0707538184119641	2.640704268106545e-10	0.0	9.177021472527948e-07	True	False	False	False	molformer	molformer_0711	0.5304915779377669	0.03049157793776691	positive	0.0609831558755338	False	False
TRAIN	molformer_0381	48152	2383	45769	0	0.2577593736413922	0.2910683674689265	0.2424430847167968	0.271135926246643	0.070583775639534	0.4335722625255584	0.0905853137373924	0.4741383194923401	-0.0286928415298461	0.4696282010684995	0.0303717989315004	-0.0607435978630009	0.0607435978630009	negligible	51221186.5	5.522028112665953e-07	0.0558245718727995	1.4131010554915448e-06	0.0	1.0145735862505863e-06	True	False	False	False	molformer	molformer_0381	0.4696282010684995	0.030371798931500493	negative	-0.0607435978630009	False	False
TRAIN	molformer_0568	48152	2383	45769	0	-0.1937940119995378	-0.1466273803255317	-0.1711955666542053	-0.1481022387742996	-0.4696703553199768	0.0833077169954776	-0.4163981676101684	0.1189762204885482	-0.0230933278799057	0.4697278916024198	0.0302721083975802	-0.0605442167951604	0.0605442167951604	negligible	51232059.5	6.013288439450212e-07	0.0490951353467471	3.489402040915021e-05	0.0	1.1021970218371749e-06	True	False	False	False	molformer	molformer_0568	0.4697278916024198	0.03027210839758021	negative	-0.0605442167951604	False	False
TRAIN	molformer_0102	48152	2383	45769	0	0.0526199185570872	0.0835850621007415	0.0536419339478015	0.080972321331501	-0.1624274253845214	0.2562466859817505	-0.1178759112954139	0.2849053740501404	-0.0273303873836994	0.4697384492819755	0.0302615507180245	-0.060523101436049	0.060523101436049	negligible	51233211.0	6.067716490989677e-07	0.0505594300309018	1.798677705447775e-05	0.0	1.109525301209541e-06	True	False	False	False	molformer	molformer_0102	0.4697384492819755	0.0302615507180245	negative	-0.060523101436049	False	False
TRAIN	molformer_0757	48152	2383	45769	0	-0.1411363876328522	-0.1687159672498457	-0.1540773212909698	-0.1921136081218719	-0.3573654592037201	0.0684064403176307	-0.3926981985569	0.0272016115486621	0.0380362868309021	0.5302251741712269	0.0302251741712269	0.0604503483424538	0.0604503483424538	negligible	57830348.5	6.25890905564666e-07	0.0537054718403948	4.054962629153588e-06	0.0	1.1417677327165404e-06	True	False	False	False	molformer	molformer_0757	0.5302251741712269	0.030225174171226943	positive	0.0604503483424538	False	False
TRAIN	molformer_0231	48152	2383	45769	0	0.5059297114085606	0.4686469490394988	0.5135585069656372	0.4883313179016113	0.3097008913755417	0.7337611317634583	0.2834267318248749	0.6875661015510559	0.0252271890640258	0.530216165990451	0.0302161659904509	0.0604323319809019	0.0604323319809019	negligible	57829366.0	6.30714493139907e-07	0.0509850837637493	1.4781074382078463e-05	0.0	1.147840594150352e-06	True	False	False	False	molformer	molformer_0231	0.530216165990451	0.03021616599045096	positive	0.0604323319809019	False	False
TRAIN	molformer_0213	48152	2383	45769	0	-0.0582711936601287	-0.022490543816252	-0.0246315840631723	0.0020845041144639	-0.2641581296920776	0.1786030679941177	-0.2498397678136825	0.2342094182968139	-0.0267160881776362	0.4700273987141929	0.029972601285807	-0.059945202571614	0.059945202571614	negligible	51264726.0	7.755888531151688e-07	0.0631068585611187	2.7645143291428018e-08	0.0	1.408161321967966e-06	True	False	False	False	molformer	molformer_0213	0.4700273987141929	0.029972601285807088	negative	-0.059945202571614	False	False
TRAIN	molformer_0152	48152	2383	45769	0	0.3786623577578122	0.416725557974562	0.3826697468757629	0.4164654910564422	0.1508030444383621	0.6065866053104401	0.2062251418828964	0.6275864243507385	-0.0337957441806793	0.470078394644448	0.0299216053555519	-0.0598432107111038	0.0598432107111038	negligible	51270288.0	8.097431830632819e-07	0.0576476901323709	5.52213226708928e-07	0.0	1.4667046334731143e-06	True	False	False	False	molformer	molformer_0152	0.470078394644448	0.029921605355551995	negative	-0.0598432107111038	False	False
TRAIN	molformer_0306	48152	2383	45769	0	0.0874026408855326	0.1405714404547687	0.0768111869692802	0.1403289586305618	-0.1989624425768852	0.3931470960378647	-0.1947614401578903	0.4683823585510254	-0.0635177716612815	0.4701222298732417	0.0298777701267582	-0.0597555402535164	0.0597555402535164	negligible	51275069.0	8.40255409822188e-07	0.0629021046750238	3.108297230416199e-08	0.0	1.518390952337507e-06	True	False	False	False	molformer	molformer_0306	0.4701222298732417	0.029877770126758296	negative	-0.0597555402535164	False	False
TRAIN	molformer_0539	48152	2383	45769	0	-0.0036712598654873	-0.0459314869062109	-0.0256355740129947	-0.0513498038053512	-0.2389146909117698	0.2103879228234291	-0.2404949814081192	0.1440439224243164	0.0257142297923564	0.5298695183581086	0.0298695183581085	0.0597390367162171	0.0597390367162171	negligible	57791558.0	8.461217101019667e-07	0.068589333651986	1.0397818741429144e-09	0.0	1.525402519620447e-06	True	False	False	False	molformer	molformer_0539	0.5298695183581086	0.029869518358108582	positive	0.0597390367162171	False	False
TRAIN	molformer_0301	48152	2383	45769	0	0.054190628334322	0.0231072914697483	0.0607721135020256	0.0226507913321256	-0.1708920300006866	0.2849224805831909	-0.18496635556221	0.2312336266040802	0.0381213221698999	0.5297955825110071	0.0297955825110071	0.0595911650220142	0.0595911650220142	negligible	57783494.0	9.004736474466915e-07	0.0599878275410058	1.5814861152733366e-07	0.0	1.6195872628549392e-06	True	False	False	False	molformer	molformer_0301	0.5297955825110071	0.029795582511007113	positive	0.0595911650220142	False	False
TRAIN	molformer_0125	48152	2383	45769	0	-0.4207618093791551	-0.4468794540571491	-0.4243636727333069	-0.4521332681179046	-0.5967213809490204	-0.2478355169296264	-0.6242656111717224	-0.2763323783874511	0.0277695953845977	0.5297322501866206	0.0297322501866206	0.0594645003732412	0.0594645003732412	negligible	57776586.5	9.496900981304256e-07	0.0528041769939461	6.270870292123893e-06	0.0	1.7041168115985205e-06	True	False	False	False	molformer	molformer_0125	0.5297322501866206	0.029732250186620623	positive	0.0594645003732412	False	False
TRAIN	molformer_0041	48152	2383	45769	0	0.4769298451307246	0.5089927026113227	0.484821081161499	0.5138018727302551	0.271567165851593	0.6844806969165802	0.3233573734760284	0.7031078934669495	-0.0289807915687561	0.470351665716231	0.029648334283769	-0.059296668567538	0.059296668567538	negligible	51300093.0	1.0189047809307368e-06	0.0608537406372109	9.83192399082176e-08	0.0	1.8240533141137664e-06	True	False	False	False	molformer	molformer_0041	0.470351665716231	0.029648334283769007	negative	-0.059296668567538	False	False
TRAIN	molformer_0723	48152	2383	45769	0	-0.2477178919047042	-0.2146464246209669	-0.2553622722625732	-0.2051141262054443	-0.5249465703964233	0.0079307828564196	-0.5048443078994751	0.0838152915239334	-0.0502481460571289	0.470387574662805	0.0296124253371949	-0.0592248506743899	0.0592248506743899	negligible	51304009.5	1.049983849195649e-06	0.0649759024975417	9.317322278216814e-09	0.0	1.8753199911215315e-06	True	False	False	False	molformer	molformer_0723	0.470387574662805	0.029612425337194992	negative	-0.0592248506743899	False	False
TRAIN	molformer_0673	48152	2383	45769	0	0.9741081563881224	1.010864540091267	0.9956257343292236	1.029829502105713	0.7580201029777527	1.2198333740234375	0.7947040796279907	1.2569538354873655	-0.0342037677764892	0.4704083599511704	0.0295916400488295	-0.0591832800976591	0.0591832800976591	negligible	51306276.5	1.0683882540834228e-06	0.0478500259751924	6.036865239688803e-05	0.0	1.903763756696215e-06	True	False	False	False	molformer	molformer_0673	0.4704083599511704	0.02959164004882958	negative	-0.0591832800976591	False	False
TRAIN	molformer_0746	48152	2383	45769	0	-0.1968295674513276	-0.1540495431204138	-0.206367939710617	-0.1862900853157043	-0.393117606639862	-0.0086582559160888	-0.3901995122432709	0.0522598922252655	-0.0200778543949127	0.4705440602866149	0.0294559397133851	-0.0589118794267702	0.0589118794267702	negligible	51321077.0	1.1964004898773322e-06	0.070620350638371	2.8771300717108976e-10	0.0	2.1269342042263686e-06	True	False	False	False	molformer	molformer_0746	0.4705440602866149	0.029455939713385115	negative	-0.0589118794267702	False	False
TRAIN	molformer_0525	48152	2383	45769	0	-0.0727663140661175	-0.1113081719849848	-0.0838681235909462	-0.1240288764238357	-0.3189447671175003	0.1528894826769828	-0.3383328020572662	0.1028107479214668	0.0401607528328895	0.5294056085089378	0.0294056085089378	0.0588112170178756	0.0588112170178756	negligible	57740960.5	1.2475328599429374e-06	0.0515535481060279	1.1343363405876327e-05	0.0	2.2127141719080272e-06	True	False	False	False	molformer	molformer_0525	0.5294056085089378	0.02940560850893781	positive	0.0588112170178756	False	False
TRAIN	molformer_0006	48152	2383	45769	0	-0.236475866146638	-0.2066345361081435	-0.232374832034111	-0.2124491780996322	-0.4106723070144653	-0.0666224844753742	-0.3806848526000976	-0.0401630066335201	-0.0199256539344787	0.4706897911052847	0.0293102088947152	-0.0586204177894305	0.0586204177894305	negligible	51336971.5	1.3502777358370158e-06	0.0527096483997478	6.561455508351577e-06	0.0	2.389431569407438e-06	True	False	False	False	molformer	molformer_0006	0.4706897911052847	0.029310208894715306	negative	-0.0586204177894305	False	False
TRAIN	molformer_0557	48152	2383	45769	0	-0.0576150934377763	-0.0214380051821249	-0.0479312129318714	-0.0098931454122066	-0.2613591104745865	0.1639017760753631	-0.2428820431232452	0.2094940841197967	-0.0380380675196647	0.4706947421664745	0.0293052578335255	-0.058610515667051	0.058610515667051	negligible	51337511.5	1.3558263562235683e-06	0.0536388617301279	4.188802373216817e-06	0.0	2.3937348082291966e-06	True	False	False	False	molformer	molformer_0557	0.4706947421664745	0.0293052578335255	negative	-0.058610515667051	False	False
TRAIN	molformer_0446	48152	2383	45769	0	0.1482605216180819	0.1905202144554693	0.1756098270416259	0.1981007158756256	-0.0964851640164852	0.3994060158729553	-0.0293765049427747	0.4113935530185699	-0.0224908888339996	0.4708708074035639	0.029129192596436	-0.0582583851928721	0.0582583851928721	negligible	51356714.5	1.568034439487124e-06	0.0658460698389173	5.554886455290299e-09	0.0	2.762042315426861e-06	True	False	False	False	molformer	molformer_0446	0.4708708074035639	0.029129192596436093	negative	-0.0582583851928721	False	False
TRAIN	molformer_0075	48152	2383	45769	0	-0.3714332280728192	-0.4030575403405744	-0.376907616853714	-0.4013971388339996	-0.5654783844947815	-0.1743051409721374	-0.6019756197929382	-0.2012256532907486	0.0244895219802856	0.5290861046111368	0.0290861046111368	0.0581722092222736	0.0581722092222736	negligible	57706113.0	1.6246384009430929e-06	0.0479636528294989	5.7456627977811645e-05	0.0	2.8551997526871743e-06	True	False	False	False	molformer	molformer_0075	0.5290861046111368	0.02908610461113681	positive	0.0581722092222736	False	False
TRAIN	molformer_0251	48152	2383	45769	0	-0.1675727871204427	-0.2014356945143532	-0.1428717076778412	-0.1948271244764328	-0.4169159978628158	0.1007338874042034	-0.4539585411548614	0.0572774149477481	0.0519554167985916	0.529082423405456	0.0290824234054559	0.0581648468109119	0.0581648468109119	negligible	57705711.5	1.6295643772643415e-06	0.0572625984267525	6.751426130667376e-07	0.0	2.857318360134736e-06	True	False	False	False	molformer	molformer_0251	0.529082423405456	0.02908242340545597	positive	0.0581648468109119	False	False
TRAIN	molformer_0419	48152	2383	45769	0	-0.2844693735958911	-0.2489246175973946	-0.2623714804649353	-0.2357440292835235	-0.4742308259010315	-0.058125702664256	-0.4187529683113098	-0.0607899650931358	-0.0266274511814117	0.4709698836391514	0.0290301163608486	-0.0580602327216972	0.0580602327216972	negligible	51367520.5	1.7011289439805384e-06	0.0644409586732446	1.2761123263639316e-08	0.0	2.97600689971994e-06	True	False	False	False	molformer	molformer_0419	0.4709698836391514	0.029030116360848623	negative	-0.0580602327216972	False	False
TRAIN	molformer_0600	48152	2383	45769	0	0.2001105754779084	0.1587801482151189	0.1897178739309311	0.1528122127056121	-0.0799162350594997	0.4843533188104629	-0.0889327824115753	0.4015758633613586	0.0369056612253189	0.5289483275805822	0.0289483275805821	0.0578966551611643	0.0578966551611643	negligible	57691086.0	1.8191186012171025e-06	0.0702550265029846	3.6352154191459937e-10	0.0	3.1751888312153064e-06	True	False	False	False	molformer	molformer_0600	0.5289483275805822	0.02894832758058219	positive	0.0578966551611643	False	False
TRAIN	molformer_0222	48152	2383	45769	0	-0.2284418631137435	-0.203757237208777	-0.2484256625175476	-0.2197690159082412	-0.4100552350282669	-0.0632519572973251	-0.3867794871330261	-0.0383377261459827	-0.0286566466093063	0.4711915398980303	0.0288084601019696	-0.0576169202039393	0.0576169202039393	negligible	51391696.0	2.039338181342365e-06	0.052314480367745	7.922397485234385e-06	0.0	3.5515005062833026e-06	True	False	False	False	molformer	molformer_0222	0.4711915398980303	0.02880846010196969	negative	-0.0576169202039393	False	False
TRAIN	molformer_0202	48152	2383	45769	0	0.2225270782721368	0.2555595964421443	0.2395343482494354	0.2578523159027099	0.031498372554779	0.4135422259569168	0.09090156853199	0.4214490056037903	-0.0183179676532745	0.4716571917872494	0.0283428082127505	-0.0566856164255011	0.0566856164255011	negligible	51442483.5	2.972410449680744e-06	0.0671100849293117	2.5885573117222556e-09	0.0	5.164731279083283e-06	True	False	False	False	molformer	molformer_0202	0.4716571917872494	0.028342808212750592	negative	-0.0566856164255011	False	False
TRAIN	molformer_0190	48152	2383	45769	0	-0.0406573014759043	0.0043851778784734	-0.0533939898014068	-0.0037992051802575	-0.32095867395401	0.2270296141505241	-0.3337419033050537	0.3343311846256256	-0.0495947846211493	0.4717822152509243	0.0282177847490757	-0.0564355694981514	0.0564355694981514	negligible	51456119.5	3.2856337607378347e-06	0.075310445060334	1.2823601110219305e-11	0.0	5.696087422678684e-06	True	False	False	False	molformer	molformer_0190	0.4717822152509243	0.028217784749075714	negative	-0.0564355694981514	False	False
TRAIN	molformer_0024	48152	2383	45769	0	0.0144463047502388	-0.031880954570846	-0.0053828060626983	-0.0317132584750652	-0.2569961696863174	0.2588103413581848	-0.2511762678623199	0.1856552958488464	0.0263304524123668	0.5281899625357784	0.0281899625357784	0.0563799250715568	0.0563799250715568	negligible	57608373.0	3.3595228307186407e-06	0.0737611938336145	3.663551766169437e-11	0.0	5.811066517999811e-06	True	False	False	False	molformer	molformer_0024	0.5281899625357784	0.028189962535778434	positive	0.0563799250715568	False	False
TRAIN	molformer_0113	48152	2383	45769	0	0.1371514490602099	0.1639280707774162	0.136338010430336	0.1620080471038818	-0.0306268231943249	0.3028422594070434	-0.0093327481299638	0.3380160331726074	-0.0256700366735458	0.4718524240491856	0.0281475759508144	-0.0562951519016288	0.0562951519016288	negligible	51463777.0	3.47516257766776e-06	0.0506807126927888	1.701125926477078e-05	0.0	5.997583954267055e-06	True	False	False	False	molformer	molformer_0113	0.4718524240491856	0.028147575950814407	negative	-0.0562951519016288	False	False
TRAIN	molformer_0109	48152	2383	45769	0	0.3895694240695769	0.3576182166997962	0.3910494148731231	0.3562594950199127	0.1840720549225807	0.5979286134243011	0.1415767520666122	0.5739784836769104	0.0347899198532104	0.5279757695432116	0.0279757695432115	0.0559515390864231	0.0559515390864231	negligible	57585011.5	3.984187531130566e-06	0.0490540965506626	3.553816465970172e-05	0.0	6.860663730736043e-06	True	False	False	False	molformer	molformer_0109	0.5279757695432116	0.02797576954321157	positive	0.0559515390864231	False	False
TRAIN	molformer_0286	48152	2383	45769	0	0.381318010055007	0.3571132868809919	0.3955964148044586	0.3589943945407867	0.1850199773907661	0.5826565027236938	0.1735691428184509	0.5427713394165039	0.0366020202636718	0.5279593531079145	0.0279593531079145	0.055918706215829	0.055918706215829	negligible	57583221.0	4.0364039271993225e-06	0.0573019043514207	6.614741901089777e-07	0.0	6.9350295661948095e-06	True	False	False	False	molformer	molformer_0286	0.5279593531079145	0.02795935310791453	positive	0.055918706215829	False	False
TRAIN	molformer_0562	48152	2383	45769	0	-0.2652501810586433	-0.3146035662663944	-0.2852051556110382	-0.3109020888805389	-0.5393112897872925	0.0035935586784034	-0.5871169567108154	-0.0329984351992607	0.0256969332695007	0.5278946500730689	0.0278946500730689	0.0557893001461378	0.0557893001461378	negligible	57576164.0	4.2486658468525815e-06	0.0444000073459078	0.0002561434665443	0.0	7.283427166032997e-06	True	False	False	False	molformer	molformer_0562	0.5278946500730689	0.027894650073068905	positive	0.0557893001461378	False	False
TRAIN	molformer_0296	48152	2383	45769	0	-0.2096460867221078	-0.1775497362419451	-0.216195747256279	-0.1837758421897888	-0.4436303079128265	0.0051389788277447	-0.4012642502784729	0.0372487045824527	-0.0324199050664901	0.4721107181608692	0.0278892818391307	-0.0557785636782615	0.0557785636782615	negligible	51491948.5	4.266749245372695e-06	0.0518676654326268	9.787428477010074e-06	0.0	7.298136793866882e-06	True	False	False	False	molformer	molformer_0296	0.4721107181608692	0.02788928183913081	negative	-0.0557785636782615	False	False
TRAIN	molformer_0245	48152	2383	45769	0	-0.1981189693192977	-0.2304885642815234	-0.1923967003822326	-0.2222424298524856	-0.4070144444704056	0.0051723078358918	-0.4420022368431091	-0.0150237837806344	0.0298457294702529	0.5278403075921947	0.0278403075921946	0.0556806151843893	0.0556806151843893	negligible	57570237.0	4.4351644911618125e-06	0.0490717828414684	3.52591817799079e-05	0.0	7.569347398249493e-06	True	False	False	False	molformer	molformer_0245	0.5278403075921947	0.02784030759219469	positive	0.0556806151843893	False	False
TRAIN	molformer_0127	48152	2383	45769	0	-0.1266671555480016	-0.0924442171892145	-0.1329571604728698	-0.0998969078063964	-0.3343025594949722	0.0784355886280536	-0.3170401453971863	0.1257306188344955	-0.0330602526664733	0.4722531803622906	0.0277468196377094	-0.0554936392754188	0.0554936392754188	negligible	51507486.5	4.7745013927534e-06	0.0509922811397383	1.4731887914684147e-05	0.0	8.130414788546809e-06	True	False	False	False	molformer	molformer_0127	0.4722531803622906	0.02774681963770942	negative	-0.0554936392754188	False	False
TRAIN	molformer_0703	48152	2383	45769	0	-0.530743290210466	-0.583789617051385	-0.5381496548652649	-0.5749655365943909	-0.8448716104030609	-0.2323273047804832	-0.9090471863746644	-0.2622220516204834	0.0368158817291259	0.5277232929284259	0.0277232929284259	0.0554465858568518	0.0554465858568518	negligible	57557474.5	4.863735536019007e-06	0.0484261186191559	4.69272584839499e-05	0.0	8.264046220492471e-06	True	False	False	False	molformer	molformer_0703	0.5277232929284259	0.027723292928425902	positive	0.0554465858568518	False	False
TRAIN	molformer_0354	48152	2383	45769	0	0.1125131761795082	0.0832634879956873	0.1016017720103263	0.0814222544431686	-0.0855414122343063	0.3043716102838516	-0.0890195071697235	0.2537954747676849	0.0201795175671577	0.5276091113718935	0.0276091113718934	0.0552182227437869	0.0552182227437869	negligible	57545021.0	5.319984227802135e-06	0.0648614963095294	9.96781317345158e-09	0.0	9.019311008724148e-06	True	False	False	False	molformer	molformer_0354	0.5276091113718935	0.02760911137189348	positive	0.0552182227437869	False	False
TRAIN	molformer_0527	48152	2383	45769	0	0.3357817344295569	0.3742365235800888	0.3292753100395202	0.3585875928401947	0.1209367960691452	0.5572383999824524	0.1492272764444351	0.5840333104133606	-0.0293122828006744	0.4724404496674798	0.0275595503325201	-0.0551191006650403	0.0551191006650403	negligible	51527911.5	5.530527171232684e-06	0.0432509760673312	0.0004046746947846	0.0	9.355605435036789e-06	True	False	False	False	molformer	molformer_0527	0.4724404496674798	0.027559550332520222	negative	-0.0551191006650403	False	False
TRAIN	molformer_0744	48152	2383	45769	0	-0.8285044245021297	-0.7976597392312901	-0.8351699113845825	-0.7957262396812439	-1.0591307878494265	-0.6027396619319916	-1.0157787799835205	-0.579082190990448	-0.0394436717033386	0.472458062609231	0.0275419373907689	-0.0550838747815378	0.0550838747815378	negligible	51529832.5	5.60725290696017e-06	0.0528672938554846	6.083771649093846e-06	0.0	9.464549961638265e-06	True	False	False	False	molformer	molformer_0744	0.472458062609231	0.02754193739076899	negative	-0.0550838747815378	False	False
TRAIN	molformer_0734	48152	2383	45769	0	-0.301874292514743	-0.3289690427679408	-0.3177478313446045	-0.3420000672340393	-0.4977464079856872	-0.1211779527366161	-0.5134782791137695	-0.1570722460746765	0.0242522358894348	0.527470055317198	0.027470055317198	0.054940110634396	0.054940110634396	negligible	57529854.5	5.931083024589575e-06	0.0474127647544442	7.293947999448299e-05	0.0	9.989192462466652e-06	True	False	False	False	molformer	molformer_0734	0.527470055317198	0.02747005531719804	positive	0.054940110634396	False	False
TRAIN	molformer_0613	48152	2383	45769	0	0.5351234680019004	0.5620496551256187	0.5438158512115479	0.5725464820861816	0.3355024009943008	0.7395305633544922	0.3759090900421142	0.759449303150177	-0.0287306308746337	0.4726802368958086	0.0273197631041913	-0.0546395262083827	0.0546395262083827	negligible	51554064.5	6.666942023530965e-06	0.0486338339733328	4.282168006909871e-05	0.0	1.1203963838231469e-05	True	False	False	False	molformer	molformer_0613	0.4726802368958086	0.027319763104191375	negative	-0.0546395262083827	False	False
TRAIN	molformer_0544	48152	2383	45769	0	-0.4724527705375588	-0.5014568080182467	-0.4746755957603454	-0.4995260238647461	-0.6670548617839813	-0.279784083366394	-0.6784399747848511	-0.3243611752986908	0.0248504281044006	0.5272663787453438	0.0272663787453437	0.0545327574906875	0.0545327574906875	negligible	57507640.0	6.948750776556856e-06	0.0567402339653304	8.848369894981318e-07	0.0	1.1652053703920667e-05	True	False	False	False	molformer	molformer_0544	0.5272663787453438	0.027266378745343767	positive	0.0545327574906875	False	False
TRAIN	molformer_0193	48152	2383	45769	0	0.3248894762666857	0.3561500107204929	0.3488889634609222	0.3719397783279419	0.1111517362296581	0.546410083770752	0.1539305448532104	0.5678510069847107	-0.0230508148670196	0.472870238453284	0.0271297615467159	-0.0542595230934319	0.0542595230934319	negligible	51574787.5	7.722762783885366e-06	0.0485696627191336	4.40520100062787e-05	0.0	1.2921746880226496e-05	True	False	False	False	molformer	molformer_0193	0.472870238453284	0.02712976154671598	negative	-0.0542595230934319	False	False
TRAIN	molformer_0284	48152	2383	45769	0	-0.0964571788465244	-0.1239984664045121	-0.1168175637722015	-0.1464767307043075	-0.3123272657394409	0.1176227033138275	-0.3275587260723114	0.0543283186852932	0.029659166932106	0.5269633325416831	0.0269633325416831	0.0539266650833663	0.0539266650833663	negligible	57474587.5	8.777306270087576e-06	0.0615858558890768	6.543274072566232e-08	0.0	1.4654285250928823e-05	True	False	False	False	molformer	molformer_0284	0.5269633325416831	0.02696333254168315	positive	0.0539266650833663	False	False
TRAIN	molformer_0606	48152	2383	45769	0	-0.0298819435580589	-0.00614424721803	-0.0364900827407836	-0.0042709871195256	-0.2151309102773666	0.1551430076360702	-0.1947225630283355	0.1876729428768158	-0.032219095621258	0.4731117998118725	0.0268882001881274	-0.0537764003762549	0.0537764003762549	negligible	51601134.0	9.297220821242864e-06	0.048242232539113	5.08725015786259e-05	0.0	1.5488645533003298e-05	True	False	False	False	molformer	molformer_0606	0.4731117998118725	0.026888200188127487	negative	-0.0537764003762549	False	False
TRAIN	molformer_0514	48152	2383	45769	0	-0.4675033322521874	-0.4371083275456737	-0.4606955051422119	-0.43653404712677	-0.6615462601184845	-0.2708506733179092	-0.617888867855072	-0.255813866853714	-0.0241614580154418	0.4731902924689949	0.026809707531005	-0.05361941506201	0.05361941506201	negligible	51609695.0	9.871757183308806e-06	0.0562821141071622	1.1194287554649464e-06	0.0	1.6410193759266587e-05	True	False	False	False	molformer	molformer_0514	0.4731902924689949	0.02680970753100509	negative	-0.05361941506201	False	False
TRAIN	molformer_0657	48152	2383	45769	0	-0.1421991767820374	-0.1164026136293971	-0.1337478309869766	-0.1078506484627723	-0.3245594054460525	0.055746654048562	-0.2890390157699585	0.0645289346575737	-0.0258971825242042	0.4732280351419355	0.0267719648580644	-0.0535439297161288	0.0535439297161288	negligible	51613811.5	1.015994600707162e-05	0.05056787434082	1.791715829852285e-05	0.0	1.6852783009570204e-05	True	False	False	False	molformer	molformer_0657	0.4732280351419355	0.02677196485806449	negative	-0.0535439297161288	False	False
TRAIN	molformer_0214	48152	2383	45769	0	-0.2230771410621394	-0.2517674745165631	-0.2367630451917648	-0.2556769251823425	-0.4140732884407043	-0.0330610629171133	-0.4528582394123077	-0.0570186264812946	0.0189138799905776	0.5265812343943582	0.0265812343943582	0.0531624687887164	0.0531624687887164	negligible	57432913.0	1.174348747239799e-05	0.0496298866297756	2.745555153445253e-05	0.0	1.943749650603805e-05	True	False	False	False	molformer	molformer_0214	0.5265812343943582	0.026581234394358222	positive	0.0531624687887164	False	False
TRAIN	molformer_0036	48152	2383	45769	0	-0.191666834576358	-0.1677853839754731	-0.1908041387796402	-0.1665143966674804	-0.3956183493137359	1.5790768884471618e-05	-0.3616245985031128	0.0251520629972219	-0.0242897421121597	0.4734589838091773	0.0265410161908227	-0.0530820323816454	0.0530820323816454	negligible	51639000.5	1.210623307829034e-05	0.046915274791185	9.026343958257044e-05	0.0	1.99948107615634e-05	True	False	False	False	molformer	molformer_0036	0.4734589838091773	0.02654101619082272	negative	-0.0530820323816454	False	False
TRAIN	molformer_0171	48152	2383	45769	0	-0.2568304903873381	-0.3150336501833087	-0.2755544185638428	-0.2904124557971954	-0.5686923265457153	0.0604370255023241	-0.5885360836982727	-0.0101292207837104	0.0148580372333526	0.5264558762756215	0.0264558762756215	0.052911752551243	0.052911752551243	negligible	57419240.5	1.2909743520151327e-05	0.0557007128253672	1.5045964745287613e-06	0.0	2.1276143827202187e-05	True	False	False	False	molformer	molformer_0171	0.5264558762756215	0.026455876275621515	positive	0.052911752551243	False	False
TRAIN	molformer_0720	48152	2383	45769	0	-0.0421958367225591	-0.0873167671134531	-0.0247652232646942	-0.0539553090929985	-0.3144175410270691	0.2446331605315208	-0.361771821975708	0.2140747308731079	0.0291900858283042	0.5260494812539391	0.0260494812539391	0.0520989625078782	0.0520989625078782	negligible	57374916.0	1.749854636781021e-05	0.0441637867153621	0.000281670845302	0.0	2.877705269909688e-05	True	False	False	False	molformer	molformer_0720	0.5260494812539391	0.026049481253939133	positive	0.0520989625078782	False	False
TRAIN	molformer_0186	48152	2383	45769	0	0.1217800980827865	0.1516995198043357	0.1249126270413398	0.1567735075950622	-0.0994676053524017	0.347880557179451	-0.074851170182228	0.3842293918132782	-0.0318608805537223	0.4740010975035676	0.0259989024964323	-0.0519978049928646	0.0519978049928646	negligible	51698127.5	1.8168122844032184e-05	0.0455095584958115	0.0001628329720633	0.0	2.981435543636051e-05	True	False	False	False	molformer	molformer_0186	0.4740010975035676	0.025998902496432386	negative	-0.0519978049928646	False	False
TRAIN	molformer_0731	48152	2383	45769	0	-0.3240755814799754	-0.3587472266967655	-0.3265619575977325	-0.3587425649166107	-0.5634252429008484	-0.0834815390408039	-0.632061779499054	-0.0978287532925605	0.0321806073188781	0.5259021917678577	0.0259021917678576	0.0518043835357153	0.0518043835357153	negligible	57358851.5	1.951694814538972e-05	0.064603683551017	1.1599972541372152e-08	0.0	3.195952276259979e-05	True	False	False	False	molformer	molformer_0731	0.5259021917678577	0.025902191767857685	positive	0.0518043835357153	False	False
TRAIN	molformer_0271	48152	2383	45769	0	0.0884001643528711	0.0538050180438274	0.0703378468751907	0.0449733212590217	-0.1537219882011413	0.3109961897134781	-0.1575465053319931	0.251625508069992	0.0253645256161689	0.5257643918157235	0.0257643918157235	0.051528783631447	0.051528783631447	negligible	57343822.0	2.1604550629936773e-05	0.058399453762255	3.715487717915647e-07	0.0	3.5302755071896686e-05	True	False	False	False	molformer	molformer_0271	0.5257643918157235	0.025764391815723542	positive	0.051528783631447	False	False
TRAIN	molformer_0594	48152	2383	45769	0	0.0290351227525562	0.002337438094845	0.0261109434068202	-5.824235631735064e-05	-0.1732828170061111	0.2242116406559944	-0.1945199966430664	0.1906262785196304	0.0261691857631376	0.5257150370705664	0.0257150370705664	0.0514300741411328	0.0514300741411328	negligible	57338439.0	2.24026775549711e-05	0.0448289617862152	0.0002152775511424	0.0	3.652920671383823e-05	True	False	False	False	molformer	molformer_0594	0.5257150370705664	0.025715037070566438	positive	0.0514300741411328	False	False
TRAIN	molformer_0264	48152	2383	45769	0	0.5919894439750986	0.6174855811901789	0.5884095430374146	0.6179473996162415	0.4054772555828094	0.7757079303264618	0.43238165974617	0.8007768988609314	-0.0295378565788269	0.4743222104962553	0.0256777895037447	-0.0513555790074894	0.0513555790074894	negligible	51733150.5	2.3023514553732308e-05	0.0442641007162471	0.0002705501678255	0.0	3.740516758645628e-05	True	False	False	False	molformer	molformer_0264	0.4743222104962553	0.02567778950374472	negative	-0.0513555790074894	False	False
TRAIN	molformer_0621	48152	2383	45769	0	0.4810802410528417	0.513182574379522	0.4866001904010772	0.5176213383674622	0.2523360550403595	0.7089838087558746	0.2915526926517486	0.7342194318771362	-0.0310211479663848	0.4743230265044883	0.0256769734955116	-0.0513539469910233	0.0513539469910233	negligible	51733239.5	2.303729722447112e-05	0.0454579390985916	0.000166342415258	0.0	3.740516758645628e-05	True	False	False	False	molformer	molformer_0621	0.4743230265044883	0.02567697349551168	negative	-0.0513539469910233	False	False
TRAIN	molformer_0051	48152	2383	45769	0	0.403304566586192	0.3799929245240885	0.3971969485282898	0.3691969811916351	0.2120967209339141	0.5925998389720917	0.2058417499065399	0.545608639717102	0.0279999673366546	0.5256286639743835	0.0256286639743834	0.0512573279487669	0.0512573279487669	negligible	57329018.5	2.3867401007285422e-05	0.0563617070001045	1.0747601328404471e-06	0.0	3.867123201180424e-05	True	False	False	False	molformer	molformer_0051	0.5256286639743835	0.02562866397438346	positive	0.0512573279487669	False	False
TRAIN	molformer_0560	48152	2383	45769	0	-0.2527157369167301	-0.2758454840909668	-0.2657670080661773	-0.2987509667873382	-0.469131276011467	-0.050699146464467	-0.4908638596534729	-0.0830893218517303	0.0329839587211608	0.5256162863214089	0.0256162863214088	0.0512325726428177	0.0512325726428177	negligible	57327668.5	2.4084622507754893e-05	0.0498364650736052	2.5009514585139735e-05	0.0	3.894103175990686e-05	True	False	False	False	molformer	molformer_0560	0.5256162863214089	0.025616286321408888	positive	0.0512325726428177	False	False
TRAIN	molformer_0741	48152	2383	45769	0	0.2888894635574348	0.2736502035143343	0.2924193143844604	0.2658991515636444	0.1353785097599029	0.4397958815097809	0.1294569820165634	0.4088272154331207	0.026520162820816	0.5253425934925617	0.0253425934925617	0.0506851869851234	0.0506851869851234	negligible	57297817.5	2.9396896271280244e-05	0.0561909504008466	1.172793525265217e-06	0.0	4.7430286420889134e-05	True	False	False	False	molformer	molformer_0741	0.5253425934925617	0.025342593492561738	positive	0.0506851869851234	False	False
TRAIN	molformer_0509	48152	2383	45769	0	0.1950488191151782	0.1566774849390211	0.2191135734319687	0.1865893453359604	-0.0325199365615844	0.4436011463403702	-0.0681921988725662	0.4162576496601105	0.0325242280960083	0.5251702644729443	0.0251702644729443	0.0503405289458886	0.0503405289458886	negligible	57279022.0	3.329435381559636e-05	0.0407751154016722	0.0010408493041438	0.0	5.3606003627626846e-05	True	False	False	False	molformer	molformer_0509	0.5251702644729443	0.025170264472944348	positive	0.0503405289458886	False	False
TRAIN	molformer_0529	48152	2383	45769	0	-0.1003635769429751	-0.1272806250852545	-0.1325583606958389	-0.1496234685182571	-0.2916335761547088	0.0716254971921444	-0.3077847361564636	0.0289257764816284	0.0170651078224182	0.5249926222311798	0.0249926222311798	0.0499852444623596	0.0499852444623596	negligible	57259647.0	3.782300270454011e-05	0.0508200575593871	1.5952962749848338e-05	0.0	6.0770012713570725e-05	True	False	False	False	molformer	molformer_0529	0.5249926222311798	0.024992622231179817	positive	0.0499852444623596	False	False
TRAIN	molformer_0099	48152	2383	45769	0	-0.6186898374876335	-0.5966963289446428	-0.6436161994934082	-0.6023260354995728	-0.8550527095794678	-0.4014661461114883	-0.8280063271522522	-0.3747209906578064	-0.0412901639938354	0.4752365568901181	0.0247634431098818	-0.0495268862197637	0.0495268862197637	negligible	51832876.0	4.45331995998747e-05	0.0551679694727101	1.967538660937881e-06	0.0	7.140187326242959e-05	True	False	False	False	molformer	molformer_0099	0.4752365568901181	0.024763443109881877	negative	-0.0495268862197637	False	False
TRAIN	molformer_0593	48152	2383	45769	0	0.2232521311450133	0.249991004855402	0.2255029827356338	0.2529180347919464	0.0265156654641032	0.4302261918783188	0.0593185573816299	0.4422533214092254	-0.0274150520563125	0.4754745929097668	0.0245254070902332	-0.0490508141804664	0.0490508141804664	negligible	51858838.0	5.268975557969352e-05	0.044478784230617	0.0002481275931851	0.0	8.430360892750965e-05	True	False	False	False	molformer	molformer_0593	0.4754745929097668	0.02452540709023321	negative	-0.0490508141804664	False	False
TRAIN	molformer_0555	48152	2383	45769	0	-0.0859028012459312	-0.1079393201840221	-0.0963306874036789	-0.1169965416193008	-0.2741368860006332	0.1036212481558322	-0.2972058057785034	0.0719841197133064	0.0206658542156219	0.5245048647706114	0.0245048647706114	0.0490097295412228	0.0490097295412228	negligible	57206448.5	5.345640603478674e-05	0.0487783866228122	4.016913906947684e-05	0.0	8.53524320888071e-05	True	False	False	False	molformer	molformer_0555	0.5245048647706114	0.024504864770611423	positive	0.0490097295412228	False	False
TRAIN	molformer_0629	48152	2383	45769	0	0.4453347811956568	0.4125892752149335	0.4621588885784149	0.4357183277606964	0.2114230021834373	0.6870921552181244	0.1783986538648605	0.6606311798095703	0.0264405608177185	0.5244957557348853	0.0244957557348852	0.0489915114697705	0.0489915114697705	negligible	57205455.0	5.37997320819808e-05	0.0448515532950517	0.0002133060240719	0.0	8.57223946866416e-05	True	False	False	False	molformer	molformer_0629	0.5244957557348853	0.02449575573488527	positive	0.0489915114697705	False	False
TRAIN	molformer_0194	48152	2383	45769	0	-0.0256842902654697	-0.0454688609572851	-0.0107594048604369	-0.0438169129192829	-0.2321491613984108	0.1864511370658874	-0.2311928868293762	0.1400858461856842	0.033057508058846	0.5244265554861256	0.0244265554861256	0.0488531109722512	0.0488531109722512	negligible	57197907.5	5.647700155109313e-05	0.0636627893836815	2.0071183673711196e-08	0.0	8.980194035453318e-05	True	False	False	False	molformer	molformer_0194	0.5244265554861256	0.0244265554861256	positive	0.0488531109722512	False	False
TRAIN	molformer_0515	48152	2383	45769	0	-0.2552030166884179	-0.2248302082223613	-0.2500361502170563	-0.2184848636388778	-0.4733229577541351	-0.0056784774642437	-0.4356990158557892	0.0074582840315997	-0.0315512865781784	0.4756380833682971	0.0243619166317028	-0.0487238332634056	0.0487238332634056	negligible	51876669.5	5.9091386737692415e-05	0.0499703821101582	2.353664138070701e-05	0.0	9.376484507137967e-05	True	False	False	False	molformer	molformer_0515	0.4756380833682971	0.024361916631702896	negative	-0.0487238332634056	False	False
TRAIN	molformer_0067	48152	2383	45769	0	0.1182553994149202	0.0946899562301559	0.1237985491752624	0.0893976539373397	-0.1033241041004657	0.3350118696689605	-0.1170215606689453	0.3037400841712951	0.0344008952379226	0.524283831978697	0.0242838319786969	0.0485676639573939	0.0485676639573939	negligible	57182341.0	6.240250408560594e-05	0.0467003437237556	9.889945515898832e-05	0.0	9.88146868819492e-05	True	False	False	False	molformer	molformer_0067	0.524283831978697	0.02428383197869699	positive	0.0485676639573939	False	False
TRAIN	molformer_0406	48152	2383	45769	0	-0.2111787291098971	-0.2305678982003443	-0.218153640627861	-0.2443464994430542	-0.4021420478820801	-0.0288507668301463	-0.4250966012477875	-0.0506794042885303	0.0261928588151931	0.5242785462624453	0.0242785462624453	0.0485570925248906	0.0485570925248906	negligible	57181764.5	6.263287402660307e-05	0.0523077689292432	7.947701231691613e-06	0.0	9.897540586919992e-05	True	False	False	False	molformer	molformer_0406	0.5242785462624453	0.0242785462624453	positive	0.0485570925248906	False	False
TRAIN	molformer_0072	48152	2383	45769	0	-0.6475958073910123	-0.611223533586718	-0.6265215873718262	-0.5967607498168945	-0.9204641580581664	-0.3661520481109619	-0.8587194085121155	-0.3493157029151916	-0.0297608375549316	0.4757395205265816	0.0242604794734183	-0.0485209589468367	0.0485209589468367	negligible	51887733.0	6.342638144696959e-05	0.0471465535291728	8.177264278455199e-05	0.0	0.0001000235337808	True	False	False	False	molformer	molformer_0072	0.4757395205265816	0.024260479473418417	negative	-0.0485209589468367	False	False
TRAIN	molformer_0116	48152	2383	45769	0	0.2232468371681397	0.2542214693297893	0.2401253283023834	0.2796658277511596	-0.025669390335679	0.4860441982746124	-0.0274264123290777	0.5508241653442383	-0.0395404994487762	0.4757823334529259	0.024217666547074	-0.0484353330941481	0.0484353330941481	negligible	51892402.5	6.534492228357213e-05	0.0617424652894165	5.993640985441992e-08	0.0	0.000102837910479	True	False	False	False	molformer	molformer_0116	0.4757823334529259	0.02421766654707408	negative	-0.0484353330941481	False	False
TRAIN	molformer_0570	48152	2383	45769	0	-0.2525486137832222	-0.2814891168068347	-0.2645178437232971	-0.2781591713428497	-0.4474377334117889	-0.0487787183374166	-0.4607507288455963	-0.0933221727609634	0.0136413276195526	0.5241246782830237	0.0241246782830236	0.0482493565660473	0.0482493565660473	negligible	57164982.5	6.970279765837402e-05	0.0520001704998775	9.194403413502489e-06	0.0	0.0001094718785309	True	False	False	False	molformer	molformer_0570	0.5241246782830237	0.02412467828302367	positive	0.0482493565660473	False	False
TRAIN	molformer_0052	48152	2383	45769	0	0.3220652784453198	0.3569479702840192	0.3240865170955658	0.3529233634471893	0.0952909104526043	0.5694329738616943	0.0826992690563201	0.6376810073852539	-0.0288368463516235	0.4761539610226974	0.0238460389773025	-0.047692077954605	0.047692077954605	negligible	51932935.0	8.44665745413752e-05	0.0591016976116089	2.5541297262280264e-07	0.0	0.0001323884270362	True	False	False	False	molformer	molformer_0052	0.4761539610226974	0.023846038977302586	negative	-0.047692077954605	False	False
TRAIN	molformer_0269	48152	2383	45769	0	0.194947019248942	0.1736225024551677	0.1956375986337661	0.1718551367521286	0.015384561382234	0.3752626478672027	-0.0044041201472282	0.3513572514057159	0.0237824618816375	0.5237423371669553	0.0237423371669552	0.0474846743339105	0.0474846743339105	negligible	57123281.5	9.068054196403324e-05	0.0411532939588884	0.0009042385410926	0.0	0.0001418384037237	True	False	False	False	molformer	molformer_0269	0.5237423371669553	0.023742337166955285	positive	0.0474846743339105	False	False
TRAIN	molformer_0619	48152	2383	45769	0	0.2070039824398377	0.2466483038227558	0.2426856607198715	0.2709797620773315	-0.0761039294302463	0.528581976890564	-0.0013152913888916	0.5298925638198853	-0.02829410135746	0.4762652361229388	0.0237347638770611	-0.0474695277541223	0.0474695277541223	negligible	51945071.5	9.115086936251087e-05	0.0565996513334349	9.512462036227338e-07	0.0	0.0001422842838829	True	False	False	False	molformer	molformer_0619	0.4762652361229388	0.023734763877061194	negative	-0.0474695277541223	False	False
TRAIN	molformer_0696	48152	2383	45769	0	0.2278806581100728	0.2540409678407586	0.2222474068403244	0.2460194528102874	0.0101664694957435	0.4363265037536621	0.0373543426394462	0.4612698256969452	-0.023772045969963	0.476282463982153	0.0237175360178469	-0.0474350720356939	0.0474350720356939	negligible	51946950.5	9.222937549303352e-05	0.036991193538293	0.0039603654913047	0.0	0.0001436757817011	True	False	False	False	molformer	molformer_0696	0.476282463982153	0.023717536017846985	negative	-0.0474350720356939	False	False
TRAIN	molformer_0437	48152	2383	45769	0	0.385488180567809	0.4058746757897536	0.3858020603656769	0.4221500754356384	0.1985212713479995	0.5974198281764984	0.2029007524251938	0.6255950927734375	-0.0363480150699615	0.4762868695097487	0.0237131304902512	-0.0474262609805025	0.0474262609805025	negligible	51947431.0	9.250710115205644e-05	0.0597642687910214	1.785988166240955e-07	0.0	0.0001438167078639	True	False	False	False	molformer	molformer_0437	0.4762868695097487	0.02371313049025131	negative	-0.0474262609805025	False	False
TRAIN	molformer_0480	48152	2383	45769	0	-0.1987981292911946	-0.2278860463144341	-0.2116840928792953	-0.2450365424156189	-0.4517363607883453	0.0385385043919086	-0.4616546034812927	-0.0085000451654195	0.0333524495363235	0.5236627626112766	0.0236627626112766	0.0473255252225532	0.0473255252225532	negligible	57114602.5	9.573895438497374e-05	0.050939148918266	1.509871493069242e-05	0.0	0.0001485404383185	True	False	False	False	molformer	molformer_0480	0.5236627626112766	0.023662762611276644	positive	0.0473255252225532	False	False
TRAIN	molformer_0061	48152	2383	45769	0	0.1516285817363584	0.1266311806660082	0.1571505963802337	0.1305679678916931	-0.0649895966053009	0.3715168088674545	-0.0844963118433952	0.3420668840408325	0.0265826284885406	0.5235966613600765	0.0235966613600765	0.047193322720153	0.047193322720153	negligible	57107393.0	0.0001001423098207	0.042881195976874	0.000467647928346	0.0	0.0001550590603676	True	False	False	False	molformer	molformer_0061	0.5235966613600765	0.023596661360076543	positive	0.047193322720153	False	False
TRAIN	molformer_0650	48152	2383	45769	0	0.2251067422592045	0.2532641675714129	0.2491486817598343	0.2611826956272125	0.0714152604341507	0.4027149528264999	0.0977923870086669	0.4201826751232147	-0.0120340138673782	0.4765175018591922	0.0234824981408077	-0.0469649962816155	0.0469649962816155	negligible	51972585.5	0.0001082007802384	0.0368175396513757	0.0041977283318687	0.0	0.0001671995960224	True	False	False	False	molformer	molformer_0650	0.4765175018591922	0.023482498140807773	negative	-0.0469649962816155	False	False
TRAIN	molformer_0045	48152	2383	45769	0	-0.1438242144971637	-0.1758199764192356	-0.1255668997764587	-0.1515984535217285	-0.3296675980091095	0.0660803653299808	-0.3900472819805145	0.0662416368722915	0.0260315537452697	0.523397491170768	0.0233974911707679	0.0467949823415358	0.0467949823415358	negligible	57085670.0	0.0001145944937609	0.0599307344705817	1.6314424302333761e-07	0.0	0.000176724038571	True	False	False	False	molformer	molformer_0045	0.523397491170768	0.023397491170767948	positive	0.0467949823415358	False	False
TRAIN	molformer_0510	48152	2383	45769	0	-0.477747287828323	-0.5167370451054725	-0.5121346712112427	-0.5274403095245361	-0.7076902091503143	-0.2851981371641159	-0.7147507071495056	-0.3310656547546386	0.0153056383132934	0.5232114000347694	0.0232114000347694	0.0464228000695388	0.0464228000695388	negligible	57065373.5	0.000129856299612	0.0513541578695554	1.245119612780404e-05	0.0	0.0001998589941924	True	False	False	False	molformer	molformer_0510	0.5232114000347694	0.023211400034769403	positive	0.0464228000695388	False	False
TRAIN	molformer_0026	48152	2383	45769	0	-0.0589187730721448	-0.0384305654094273	-0.0623657554388046	-0.038676094263792	-0.2476000487804412	0.1249360926449298	-0.2061706930398941	0.1300641298294067	-0.0236896611750125	0.4768111089563808	0.0231888910436192	-0.0463777820872384	0.0463777820872384	negligible	52004608.5	0.0001318270567597	0.0547467716949335	2.4279485558887173e-06	0.0	0.0002024863591829	True	False	False	False	molformer	molformer_0026	0.4768111089563808	0.02318889104361921	negative	-0.0463777820872384	False	False
TRAIN	molformer_0157	48152	2383	45769	0	-0.107565579228626	-0.1398077424228276	-0.097164437174797	-0.1149361357092857	-0.2918364107608795	0.0917587913572788	-0.3042201697826385	0.0562302432954311	0.0177716985344886	0.5231856499322664	0.0231856499322663	0.0463712998645327	0.0463712998645327	negligible	57062565.0	0.0001321131401778	0.0488151069933033	3.952071020423193e-05	0.0	0.0002025207418294	True	False	False	False	molformer	molformer_0157	0.5231856499322664	0.02318564993226635	positive	0.0463712998645327	False	False
TRAIN	molformer_0610	48152	2383	45769	0	-0.0016914048138878	-0.0176307329641915	-0.0135591151192784	-0.0352991111576557	-0.1949347332119941	0.1902419403195381	-0.2280037254095077	0.1629239916801452	0.0217399960383772	0.5230843686407229	0.0230843686407229	0.0461687372814458	0.0461687372814458	negligible	57051518.5	0.0001413534051007	0.0447301789468463	0.000224102251576	0.0	0.0002162538149748	True	False	False	False	molformer	molformer_0610	0.5230843686407229	0.02308436864072294	positive	0.0461687372814458	False	False
TRAIN	molformer_0550	48152	2383	45769	0	0.1654360628981804	0.1854077754744647	0.1569938361644745	0.1825757920742035	-0.0495519209653139	0.3589423596858978	-0.0144544281065464	0.3822594583034515	-0.025581955909729	0.4771751403146786	0.0228248596853213	-0.0456497193706426	0.0456497193706426	negligible	52044312.5	0.0001678843378073	0.0444962871487862	0.0002463790529723	0.0	0.0002563323487794	True	False	False	False	molformer	molformer_0550	0.4771751403146786	0.022824859685321386	negative	-0.0456497193706426	False	False
TRAIN	molformer_0085	48152	2383	45769	0	0.3000738677254905	0.2717477434732483	0.2860954999923706	0.2723059058189392	0.0997354090213775	0.4978709518909454	0.0669230073690414	0.478401631116867	0.0137895941734313	0.522673338875649	0.022673338875649	0.045346677751298	0.045346677751298	negligible	57006688.5	0.0001854723271924	0.0440736865703391	0.0002920255974049	0.0	0.0002826244985789	True	False	False	False	molformer	molformer_0085	0.522673338875649	0.02267333887564904	positive	0.045346677751298	False	False
TRAIN	molformer_0332	48152	2383	45769	0	-0.3846341503356577	-0.4207879262327199	-0.4152141809463501	-0.4396569728851318	-0.6713443696498871	-0.1359500288963318	-0.6924684047698975	-0.1686510145664215	0.0244427919387817	0.5226602781596029	0.0226602781596029	0.0453205563192058	0.0453205563192058	negligible	57005264.0	0.0001870668197066	0.0370903064484078	0.0038304868109057	0.0	0.0002844897376924	True	False	False	False	molformer	molformer_0332	0.5226602781596029	0.02266027815960292	positive	0.0453205563192058	False	False
TRAIN	molformer_0436	48152	2383	45769	0	-0.3061959351613809	-0.2882929353676315	-0.3025822937488556	-0.2821161448955536	-0.4608460664749145	-0.1497743874788284	-0.4488389194011688	-0.1253760308027267	-0.020466148853302	0.4773434488892372	0.0226565511107627	-0.0453131022215255	0.0453131022215255	negligible	52062669.5	0.0001875241869619	0.0450577191504488	0.0001960860889815	0.0	0.0002846216908829	True	False	False	False	molformer	molformer_0436	0.4773434488892372	0.022656551110762813	negative	-0.0453131022215255	False	False
TRAIN	molformer_0426	48152	2383	45769	0	0.1508388178837373	0.1747602515870318	0.1325740665197372	0.1549076288938522	-0.0426128581166267	0.3246821761131286	-0.0233057774603366	0.3514032065868377	-0.0223335623741149	0.4773716011732805	0.0226283988267195	-0.045256797653439	0.045256797653439	negligible	52065740.0	0.0001910130215457	0.0428307043213695	0.0004769292627169	0.0	0.0002893451687319	True	False	False	False	molformer	molformer_0426	0.4773716011732805	0.02262839882671952	negative	-0.045256797653439	False	False
TRAIN	molformer_0753	48152	2383	45769	0	0.8739807485754043	0.896791552352814	0.9070772528648376	0.9312068819999696	0.6991279423236847	1.093634068965912	0.7459553480148315	1.0981078147888184	-0.0241296291351318	0.4775845059730748	0.0224154940269251	-0.0448309880538503	0.0448309880538503	negligible	52088961.0	0.000219441978904	0.0505712483973346	1.7889413192841888e-05	0.0	0.0003317548027525	True	False	False	False	molformer	molformer_0753	0.4775845059730748	0.02241549402692522	negative	-0.0448309880538503	False	False
TRAIN	molformer_0082	48152	2383	45769	0	0.4488631486336271	0.4178740614111692	0.4391606152057647	0.4170713126659393	0.1805581077933311	0.7341526746749878	0.15609872341156	0.6930986046791077	0.0220893025398254	0.521755920990122	0.021755920990122	0.043511841980244	0.043511841980244	negligible	56906628.0	0.0003347937203225	0.0422508433697227	0.000596693231496	0.0	0.0005051504463805	True	False	False	False	molformer	molformer_0082	0.521755920990122	0.021755920990122024	positive	0.043511841980244	False	False
TRAIN	molformer_0255	48152	2383	45769	0	-0.2248709228787952	-0.2048373336296651	-0.2196364849805832	-0.1936901360750198	-0.43089060485363	-0.0132422833703458	-0.3902202844619751	-0.0112168975174427	-0.0259463489055633	0.4782504878835292	0.0217495121164708	-0.0434990242329416	0.0434990242329416	negligible	52161598.0	0.0003361522934662	0.0570626305664746	7.490159489069029e-07	0.0	0.0005062058066314	True	False	False	False	molformer	molformer_0255	0.4782504878835292	0.021749512116470804	negative	-0.0434990242329416	False	False
TRAIN	molformer_0682	48152	2383	45769	0	-0.0708637082885906	-0.093810398910293	-0.0694189220666885	-0.0949131771922111	-0.2725608050823211	0.1210544556379318	-0.2850851714611053	0.0947849974036216	0.0254942551255226	0.5216054958319537	0.0216054958319537	0.0432109916639074	0.0432109916639074	negligible	56890221.5	0.0003680759042971	0.0405443867815945	0.0011334209520817	0.0	0.0005531943140904	True	False	False	False	molformer	molformer_0682	0.5216054958319537	0.021605495831953703	positive	0.0432109916639074	False	False
TRAIN	molformer_0387	48152	2383	45769	0	-0.2717823667691946	-0.291046224672443	-0.2856307625770569	-0.3100546598434448	-0.4850209951400757	-0.0728235766291618	-0.4789831638336181	-0.1260666251182556	0.0244238972663879	0.5214351472368123	0.0214351472368122	0.0428702944736245	0.0428702944736245	negligible	56871642.0	0.0004094910550086	0.057937803980831	4.741979351269429e-07	0.0	0.000614236582513	True	False	False	False	molformer	molformer_0387	0.5214351472368123	0.02143514723681228	positive	0.0428702944736245	False	False
TRAIN	molformer_0221	48152	2383	45769	0	0.1704012951647906	0.1974097101066337	0.1746202856302261	0.1982238590717315	-0.0542563330382108	0.3932806849479675	-0.0377813726663589	0.4387687146663666	-0.0236035734415054	0.4785967412647028	0.0214032587352971	-0.0428065174705942	0.0428065174705942	negligible	52199363.0	0.0004177120057017	0.0435224867618021	0.0003636154350285	0.0	0.0006253466284189	True	False	False	False	molformer	molformer_0221	0.4785967412647028	0.021403258735297193	negative	-0.0428065174705942	False	False
TRAIN	molformer_0300	48152	2383	45769	0	-0.3364988209689548	-0.3605168039061408	-0.3386389911174774	-0.3667828738689422	-0.5510930418968201	-0.1149550192058086	-0.5933924913406372	-0.136429414153099	0.0281438827514648	0.521302623832298	0.0213026238322979	0.0426052476645959	0.0426052476645959	negligible	56857188.0	0.0004446779156355	0.0431385044606356	0.0004229297065751	0.0	0.0006644214770585	True	False	False	False	molformer	molformer_0300	0.521302623832298	0.021302623832297973	positive	0.0426052476645959	False	False
TRAIN	molformer_0188	48152	2383	45769	0	-0.1546615796909337	-0.1344260229485002	-0.1684163510799408	-0.1368127018213272	-0.3342049270868301	0.023402290418744	-0.3287267088890075	0.0528497137129306	-0.0316036492586135	0.4787006677065301	0.0212993322934699	-0.0425986645869398	0.0425986645869398	negligible	52210698.0	0.0004455867618395	0.0502842243778022	2.0402770374409097e-05	0.0	0.0006644866661995	True	False	False	False	molformer	molformer_0188	0.4787006677065301	0.02129933229346992	negative	-0.0425986645869398	False	False
TRAIN	molformer_0014	48152	2383	45769	0	-0.1135828429713335	-0.0808404704119679	-0.124156929552555	-0.1111687496304512	-0.3349068313837051	0.0874613337218761	-0.335622102022171	0.1509050726890564	-0.0129881799221038	0.4787418898752512	0.0212581101247487	-0.0425162202494975	0.0425162202494975	negligible	52215194.0	0.0004571166478771	0.0574975904606327	5.973097206782764e-07	0.0	0.0006803596619567	True	False	False	False	molformer	molformer_0014	0.4787418898752512	0.02125811012474882	negative	-0.0425162202494975	False	False
TRAIN	molformer_0618	48152	2383	45769	0	0.015836786358935	-0.0130605897678194	-0.0107975276187062	-0.0266807675361633	-0.2450384274125099	0.2729754000902176	-0.2626148760318756	0.2281624972820282	0.0158832399174571	0.5212100985841551	0.0212100985841551	0.0424201971683102	0.0424201971683102	negligible	56847096.5	0.0004708962980708	0.0417242705062891	0.000729386950652	0.0	0.0006995132628982	True	False	False	False	molformer	molformer_0618	0.5212100985841551	0.021210098584155124	positive	0.0424201971683102	False	False
TRAIN	molformer_0750	48152	2383	45769	0	-0.0499001523646149	-0.0738309252269434	-0.0554869547486305	-0.0806890130043029	-0.2552187144756317	0.1431157737970352	-0.2624007761478424	0.104398138821125	0.0252020582556724	0.520844045542538	0.020844045542538	0.041688091085076	0.041688091085076	negligible	56807172.0	0.0005894157533445	0.0459827515847132	0.0001337705160369	0.0	0.0008738828157694	True	False	False	False	molformer	molformer_0750	0.520844045542538	0.020844045542538048	positive	0.041688091085076	False	False
TRAIN	molformer_0563	48152	2383	45769	0	-0.0718419765558438	-0.051760659518157	-0.0813037529587745	-0.0629199668765068	-0.2579246163368225	0.098565611988306	-0.2448926120996475	0.1297997683286667	-0.0183837860822677	0.4792950746925801	0.0207049253074198	-0.0414098506148397	0.0414098506148397	negligible	52275528.5	0.00064133518274	0.0431052773388728	0.0004284692445053	0.0	0.0009490277848638	True	False	False	False	molformer	molformer_0563	0.4792950746925801	0.020704925307419908	negative	-0.0414098506148397	False	False
TRAIN	molformer_0675	48152	2383	45769	0	0.0087751373454516	-0.0140501941276324	0.0405185408890247	0.0142358541488647	-0.1636141315102577	0.2176500782370567	-0.2014053463935852	0.2027890086174011	0.0262826867401599	0.5206969852722525	0.0206969852722525	0.041393970544505	0.041393970544505	negligible	56791132.5	0.0006444230588719	0.0415321693321239	0.0007843322331095	0.0	0.0009517632869493	True	False	False	False	molformer	molformer_0675	0.5206969852722525	0.0206969852722525	positive	0.041393970544505	False	False
TRAIN	molformer_0053	48152	2383	45769	0	-0.0578641714470801	-0.0738474535432827	-0.0491514019668102	-0.0822050496935844	-0.2538893520832062	0.1295361667871475	-0.2638972401618957	0.1073310226202011	0.0330536477267742	0.5204894853809237	0.0204894853809236	0.0409789707618473	0.0409789707618473	negligible	56768501.0	0.0007301923275404	0.050526367944512	1.8261854949048497e-05	0.0	0.0010763679607505	True	False	False	False	molformer	molformer_0053	0.5204894853809237	0.020489485380923655	positive	0.0409789707618473	False	False
TRAIN	molformer_0460	48152	2383	45769	0	0.5202353470466581	0.5417805831162119	0.5483421087265015	0.5576862692832947	0.3254033327102661	0.721183717250824	0.3584150373935699	0.7369888424873352	-0.0093441605567932	0.4796254021602598	0.0203745978397401	-0.0407491956794803	0.0407491956794803	negligible	52311556.5	0.0007821275300323	0.0369970339567706	0.0039526012442714	0.0	0.0011507163660246	True	False	False	False	molformer	molformer_0460	0.4796254021602598	0.020374597839740216	negative	-0.0407491956794803	False	False
TRAIN	molformer_0633	48152	2383	45769	0	0.1043220717447752	0.077330342139579	0.0924371853470802	0.0700906366109848	-0.1097976863384246	0.2947603911161423	-0.1523698568344116	0.3014993071556091	0.0223465487360954	0.5203568840430388	0.0203568840430388	0.0407137680860776	0.0407137680860776	negligible	56754038.5	0.0007904336790085	0.0529039958887121	5.977453093593793e-06	0.0	0.0011607133183146	True	False	False	False	molformer	molformer_0633	0.5203568840430388	0.020356884043038814	positive	0.0407137680860776	False	False
TRAIN	molformer_0046	48152	2383	45769	0	0.0003119462251082	0.0273295977221389	0.0162484180182218	0.0453655086457729	-0.2688366025686264	0.2784295231103897	-0.2843004167079925	0.3400126099586487	-0.029117090627551	0.4797603735894736	0.0202396264105263	-0.0404792528210526	0.0404792528210526	negligible	52326277.5	0.0008475149153956	0.0556277671905038	1.5611277459566436e-06	0.0	0.0012421592653127	True	False	False	False	molformer	molformer_0046	0.4797603735894736	0.0202396264105264	negative	-0.0404792528210526	False	False
TRAIN	molformer_0429	48152	2383	45769	0	0.1374895427331557	0.1554032822706994	0.1411424875259399	0.1625761985778808	-0.0509347338229417	0.3260772377252579	-0.0302987974137067	0.3482165336608886	-0.0214337110519409	0.4798614669240644	0.0201385330759356	-0.0402770661518712	0.0402770661518712	negligible	52337303.5	0.0008997719946565	0.040698969914299	0.0010705895177823	0.0	0.0013162378893262	True	False	False	False	molformer	molformer_0429	0.4798614669240644	0.020138533075935605	negative	-0.0402770661518712	False	False
TRAIN	molformer_0163	48152	2383	45769	0	-0.3508833881434123	-0.3301207709011877	-0.3513848185539245	-0.3230527639389038	-0.5891387462615967	-0.1127195619046688	-0.5334035158157349	-0.1220733001828193	-0.0283320546150207	0.4799730262518925	0.0200269737481074	-0.0400539474962149	0.0400539474962149	negligible	52349471.0	0.0009608959446775	0.0579265449009401	4.770160356579952e-07	0.0	0.0014029811511641	True	False	False	False	molformer	molformer_0163	0.4799730262518925	0.020026973748107524	negative	-0.0400539474962149	False	False
TRAIN	molformer_0364	48152	2383	45769	0	0.1351623029236559	0.1696922056949307	0.1398922353982925	0.1641720682382583	-0.1382647901773452	0.4133727997541427	-0.1211714893579483	0.4649030566215515	-0.0242798328399658	0.4801015979760868	0.0198984020239131	-0.0397968040478262	0.0397968040478262	negligible	52363494.0	0.00103610112569	0.0424884117891478	0.0005445640008539	0.0	0.0015099158719732	True	False	False	False	molformer	molformer_0364	0.4801015979760868	0.019898402023913186	negative	-0.0397968040478262	False	False
TRAIN	molformer_0447	48152	2383	45769	0	-0.526793757172696	-0.5562002749973334	-0.556138277053833	-0.5757598280906677	-0.7848745584487915	-0.2983084172010422	-0.8047215342521667	-0.3289041519165039	0.0196215510368347	0.5198401903804054	0.0198401903804054	0.0396803807608108	0.0396803807608108	negligible	56697684.0	0.0010719111126015	0.0338828898174248	0.0107706218518275	0.0	0.0015591434365114	True	False	False	False	molformer	molformer_0447	0.5198401903804054	0.01984019038040541	positive	0.0396803807608108	False	False
TRAIN	molformer_0718	48152	2383	45769	0	-0.2398241582036212	-0.2206843153837998	-0.2300523519515991	-0.2044061124324798	-0.4686844050884247	-0.0189944198355078	-0.4304920434951782	0.0028695557266473	-0.0256462395191192	0.480188067342904	0.0198119326570959	-0.0396238653141919	0.0396238653141919	negligible	52372925.0	0.0010897040790313	0.0403123653844283	0.0012342134437572	0.0	0.001582027850087	True	False	False	False	molformer	molformer_0718	0.480188067342904	0.01981193265709602	negative	-0.0396238653141919	False	False
TRAIN	molformer_0501	48152	2383	45769	0	0.2297410303230818	0.2542752976058935	0.246904507279396	0.265794575214386	-0.0015843565342947	0.4661246836185455	0.0378308780491352	0.4900063872337341	-0.0188900679349899	0.4801936143651629	0.019806385634837	-0.0396127712696741	0.0396127712696741	negligible	52373530.0	0.001093228773209	0.0399749138898143	0.001395798583084	0.0	0.0015841503732538	True	False	False	False	molformer	molformer_0501	0.4801936143651629	0.01980638563483711	negative	-0.0396127712696741	False	False
TRAIN	molformer_0172	48152	2383	45769	0	0.184147841313477	0.2103846308515212	0.204279825091362	0.2262351959943771	-0.0368675235658884	0.4229916334152221	-0.0013825222849845	0.4354159832000732	-0.0219553709030151	0.4802183329965848	0.0197816670034152	-0.0395633340068304	0.0395633340068304	negligible	52376226.0	0.0011090640585321	0.0361531255769647	0.0052316268957407	0.0	0.0016040700507584	True	False	False	False	molformer	molformer_0172	0.4802183329965848	0.019781667003415215	negative	-0.0395633340068304	False	False
TRAIN	molformer_0456	48152	2383	45769	0	0.4986807652656531	0.528654812125731	0.512610912322998	0.5311210751533508	0.2683628648519516	0.7482973039150238	0.3043055832386017	0.7554165720939636	-0.0185101628303527	0.4802913611491347	0.0197086388508652	-0.0394172777017305	0.0394172777017305	negligible	52384191.0	0.0011570948102695	0.0428885400509722	0.0004663121778662	0.0	0.0016703925080583	True	False	False	False	molformer	molformer_0456	0.4802913611491347	0.019708638850865323	negative	-0.0394172777017305	False	False
TRAIN	molformer_0708	48152	2383	45769	0	-0.2743785335377481	-0.2926150103978743	-0.2683033645153045	-0.2863481640815735	-0.4679287075996399	-0.0741297900676727	-0.50611412525177	-0.0847641304135322	0.0180447995662689	0.5196174201327587	0.0196174201327586	0.0392348402655173	0.0392348402655173	negligible	56673387.0	0.0012197891013341	0.0419175177594335	0.0006777677548892	0.0	0.0017575948026727	True	False	False	False	molformer	molformer_0708	0.5196174201327587	0.01961742013275869	positive	0.0392348402655173	False	False
TRAIN	molformer_0156	48152	2383	45769	0	0.3004211905991448	0.3179564785632301	0.27798992395401	0.3105606734752655	0.0940768122673034	0.5084553062915802	0.0978071838617324	0.5366710424423218	-0.0325707495212554	0.4804354966258655	0.0195645033741344	-0.0391290067482689	0.0391290067482689	negligible	52399911.5	0.0012575818173483	0.0528787821511712	6.05029853372708e-06	0.0	0.0018086569957368	True	False	False	False	molformer	molformer_0156	0.4804354966258655	0.019564503374134512	negative	-0.0391290067482689	False	False
TRAIN	molformer_0575	48152	2383	45769	0	0.0892952979986554	0.0685587347915824	0.0887999758124351	0.063465416431427	-0.1342964097857475	0.3083721399307251	-0.1661472767591476	0.2985255420207977	0.0253345593810081	0.5195567375429718	0.0195567375429718	0.0391134750859436	0.0391134750859436	negligible	56666768.5	0.0012632182105392	0.0426999229569035	0.0005017808724906	0.0	0.0018133674498955	True	False	False	False	molformer	molformer_0575	0.5195567375429718	0.019556737542971825	positive	0.0391134750859436	False	False
TRAIN	molformer_0464	48152	2383	45769	0	-0.1757883224442654	-0.196260229034088	-0.1742512583732605	-0.1967747062444687	-0.3976112753152847	0.0463509783148765	-0.3887440264225006	-0.0036947366315871	0.0225234478712081	0.5194741740133156	0.0194741740133156	0.0389483480266312	0.0389483480266312	negligible	56657763.5	0.001324601344543	0.0533603278636729	4.7959270622092e-06	0.0	0.0018979362548676	True	False	False	False	molformer	molformer_0464	0.5194741740133156	0.019474174013315637	positive	0.0389483480266312	False	False
TRAIN	molformer_0004	48152	2383	45769	0	0.5684134402374674	0.5978815370765563	0.5795605778694153	0.5953856706619263	0.3527203351259231	0.7918439209461212	0.3338682651519775	0.8658743500709534	-0.0158250927925109	0.4805696520468461	0.0194303479531538	-0.0388606959063076	0.0388606959063076	negligible	52414543.5	0.001358291649829	0.0659678842814507	5.164070876148882e-09	0.0	0.0019425847059007	True	False	False	False	molformer	molformer_0004	0.4805696520468461	0.019430347953153904	negative	-0.0388606959063076	False	False
TRAIN	molformer_0015	48152	2383	45769	0	-0.1657404359284189	-0.1432738310947329	-0.1804440021514892	-0.1589756160974502	-0.4080188870429992	0.0662873499095439	-0.3582572340965271	0.0587989576160907	-0.021468386054039	0.4807305569511996	0.0192694430488004	-0.0385388860976008	0.0385388860976008	negligible	52432093.0	0.001488876584837	0.0551652372204239	1.9702343602200176e-06	0.0	0.0021253851619978	True	False	False	False	molformer	molformer_0015	0.4807305569511996	0.019269443048800405	negative	-0.0385388860976008	False	False
TRAIN	molformer_0319	48152	2383	45769	0	-0.4323280934859739	-0.4491126608449726	-0.4306314289569855	-0.4558694660663605	-0.6025643646717072	-0.2641700357198715	-0.6381334662437439	-0.2652113735675812	0.025238037109375	0.5190605082665898	0.0190605082665897	0.0381210165331795	0.0381210165331795	negligible	56612646.0	0.0016757064767917	0.0470401148822233	8.558139747505179e-05	0.0	0.0023876485606235	True	False	False	False	molformer	molformer_0319	0.5190605082665898	0.019060508266589782	positive	0.0381210165331795	False	False
TRAIN	molformer_0641	48152	2383	45769	0	0.0344009603150401	0.0600318305840674	0.0475481860339641	0.0603820942342281	-0.1634347215294838	0.2425551116466522	-0.1221303641796112	0.2427627146244049	-0.0128339082002639	0.4809965435449912	0.0190034564550087	-0.0380069129100175	0.0380069129100175	negligible	52461103.5	0.0017303462326527	0.0523813747055986	7.674379420797852e-06	0.0	0.0024568814009371	True	False	False	False	molformer	molformer_0641	0.4809965435449912	0.019003456455008783	negative	-0.0380069129100175	False	False
TRAIN	molformer_0315	48152	2383	45769	0	-0.0617013112811999	-0.0836339985122879	-0.0687602832913398	-0.0910249575972557	-0.2914885282516479	0.1795522570610046	-0.3312046229839325	0.1616519838571548	0.0222646743059158	0.5190030988783674	0.0190030988783673	0.0380061977567347	0.0380061977567347	negligible	56606384.5	0.001730693799358	0.0377543904520728	0.0030565140843692	0.0	0.0024568814009371	True	False	False	False	molformer	molformer_0315	0.5190030988783674	0.019003098878367375	positive	0.0380061977567347	False	False
TRAIN	molformer_0408	48152	2383	45769	0	-0.3594762975653469	-0.3332383536620363	-0.3634793758392334	-0.3275513648986816	-0.649679958820343	-0.0688484460115432	-0.5885196328163147	-0.0757019445300102	-0.0359280109405517	0.4810243107464974	0.0189756892535025	-0.0379513785070051	0.0379513785070051	negligible	52464132.0	0.0017575279951486	0.0541957277531377	3.1889548142833817e-06	0.0	0.0024903717717236	True	False	False	False	molformer	molformer_0408	0.4810243107464974	0.018975689253502626	negative	-0.0379513785070051	False	False
TRAIN	molformer_0749	48152	2383	45769	0	-0.0681597800312401	-0.090063164666437	-0.0732172355055809	-0.1017383337020874	-0.2916578650474548	0.1359126567840576	-0.2776336669921875	0.0846822932362556	0.0285210981965065	0.5189105094498017	0.0189105094498016	0.0378210188996033	0.0378210188996033	negligible	56596286.0	0.0018228828910416	0.0554092603566596	1.7429919149813745e-06	0.0	0.0025782211055616	True	False	False	False	molformer	molformer_0749	0.5189105094498017	0.01891050944980166	positive	0.0378210188996033	False	False
TRAIN	molformer_0612	48152	2383	45769	0	-0.4947569862455058	-0.4715787916522879	-0.486797571182251	-0.473919928073883	-0.6819942593574524	-0.3005505204200744	-0.6736895442008972	-0.2757113575935364	-0.0128776431083679	0.4812337406348271	0.0187662593651729	-0.0375325187303458	0.0375325187303458	negligible	52486974.0	0.0019755346429582	0.033522030805741	0.0120286841526454	0.0	0.0027889900841763	True	False	False	False	molformer	molformer_0612	0.4812337406348271	0.0187662593651729	negative	-0.0375325187303458	False	False
TRAIN	molformer_0596	48152	2383	45769	0	-0.2711939537188478	-0.3060877289661669	-0.2834597527980804	-0.2879629731178283	-0.4909361898899078	-0.0492659993469715	-0.5274513959884644	-0.0633109286427497	0.0045032203197479	0.5186668759804189	0.0186668759804189	0.0373337519608378	0.0373337519608378	negligible	56569713.5	0.0020874406848717	0.0364772275436299	0.0047012071056147	0.0	0.0029415677907917	True	False	False	False	molformer	molformer_0596	0.5186668759804189	0.01866687598041894	positive	0.0373337519608378	False	False
TRAIN	molformer_0728	48152	2383	45769	0	0.0214400427444014	0.0442699779258101	0.0202974453568458	0.0398440472781658	-0.2104767709970474	0.2394023165106773	-0.2077305316925048	0.2919427752494812	-0.0195466019213199	0.4814355834803149	0.018564416519685	-0.03712883303937	0.03712883303937	negligible	52508988.5	0.0022088720320305	0.0493758238416829	3.07779154175152e-05	0.0	0.0031069848362627	True	False	False	False	molformer	molformer_0728	0.4814355834803149	0.0185644165196851	negative	-0.03712883303937	False	False
TRAIN	molformer_0740	48152	2383	45769	0	0.1574923467254805	0.1431873729566328	0.146913468837738	0.1207410544157028	-0.0796787478029728	0.3918488174676895	-0.1157630011439323	0.3796321153640747	0.0261724144220352	0.5184661562923307	0.0184661562923307	0.0369323125846614	0.0369323125846614	negligible	56547821.5	0.0023313749686937	0.047721234203834	6.383911240943962e-05	0.0	0.0032733016013835	True	False	False	False	molformer	molformer_0740	0.5184661562923307	0.018466156292330727	positive	0.0369323125846614	False	False
TRAIN	molformer_0554	48152	2383	45769	0	0.0252006909280397	0.0044189740703679	0.011668637394905	-0.0076224668882787	-0.1875068917870521	0.2242969572544098	-0.223539724946022	0.2259965687990188	0.0192911042831838	0.5184227336519696	0.0184227336519695	0.0368454673039391	0.0368454673039391	negligible	56543085.5	0.0023874676887945	0.0450001309739057	0.0002007589519124	0.0	0.0033459401186025	True	False	False	False	molformer	molformer_0554	0.5184227336519696	0.01842273365196956	positive	0.0368454673039391	False	False
TRAIN	molformer_0587	48152	2383	45769	0	0.1638555603874838	0.1480936125490331	0.1610457152128219	0.1365572065114975	-0.05786101706326	0.3972251713275909	-0.0849013328552246	0.3672468960285187	0.0244885087013244	0.5183630596116844	0.0183630596116843	0.0367261192233687	0.0367261192233687	negligible	56536577.0	0.0024665701447735	0.0372314758727407	0.0036522541073851	0.0	0.0034505024976066	True	False	False	False	molformer	molformer_0587	0.5183630596116844	0.018363059611684385	positive	0.0367261192233687	False	False
TRAIN	molformer_0626	48152	2383	45769	0	-0.1187479951438409	-0.095386584847483	-0.1153492107987403	-0.0989620089530944	-0.3394792377948761	0.1142171919345855	-0.322832703590393	0.1297281235456466	-0.0163872018456459	0.4818817199366773	0.0181182800633226	-0.0362365601266453	0.0362365601266453	negligible	52557647.5	0.0028167700963452	0.0308516484471129	0.0262607254755213	0.0	0.003933235334533	True	False	False	False	molformer	molformer_0626	0.4818817199366773	0.018118280063322723	negative	-0.0362365601266453	False	False
TRAIN	molformer_0628	48152	2383	45769	0	0.2412880364291239	0.2241293941757285	0.2462556809186935	0.227035790681839	0.0507221799343824	0.4457713067531585	0.0318542309105396	0.4198570549488067	0.0192198902368545	0.5179517043601805	0.0179517043601804	0.0359034087203609	0.0359034087203609	negligible	56491711.5	0.0030804389454336	0.0379215071044931	0.0028859181247615	0.0	0.0042936063704047	True	False	False	False	molformer	molformer_0628	0.5179517043601805	0.017951704360180454	positive	0.0359034087203609	False	False
TRAIN	molformer_0492	48152	2383	45769	0	0.7176648855228501	0.7401566051955253	0.7374967336654663	0.7564229965209961	0.5141014158725739	0.9446670114994048	0.5293945670127869	0.9727368354797364	-0.0189262628555297	0.4821386020790587	0.0178613979209412	-0.0357227958418825	0.0357227958418825	negligible	52585665.0	0.0032326114468072	0.0396557904902344	0.0015665349262258	0.0	0.0044975463607753	True	False	False	False	molformer	molformer_0492	0.4821386020790587	0.017861397920941324	negative	-0.0357227958418825	False	False
TRAIN	molformer_0165	48152	2383	45769	0	-0.7103558787925089	-0.6939359334506316	-0.7167176604270935	-0.6904527544975281	-0.9439470767974854	-0.4986737966537475	-0.9181520938873292	-0.473485380411148	-0.0262649059295654	0.4821430626184455	0.0178569373815544	-0.0357138747631089	0.0357138747631089	negligible	52586151.5	0.0032403023316594	0.04003181441897	0.0013672392723917	0.0	0.0045000943774221	True	False	False	False	molformer	molformer_0165	0.4821430626184455	0.017856937381554527	negative	-0.0357138747631089	False	False
TRAIN	molformer_0294	48152	2383	45769	0	0.1952116222462324	0.1702320289555283	0.2003900855779647	0.1845442801713943	-0.0234424313530325	0.4283245056867599	-0.0479543097317218	0.4047221839427948	0.0158458054065704	0.5177423157306941	0.017742315730694	0.0354846314613881	0.0354846314613881	negligible	56468874.0	0.0034437420982777	0.0296048245414054	0.0369835267911088	0.0	0.0047739962662045	True	False	False	False	molformer	molformer_0294	0.5177423157306941	0.01774231573069407	positive	0.0354846314613881	False	False
TRAIN	molformer_0370	48152	2383	45769	0	-0.2176598341105324	-0.235346117675489	-0.2215842604637146	-0.235722467303276	-0.3916420638561249	-0.0460564140230417	-0.4038887321949005	-0.0726643800735473	0.0141382068395614	0.5176806979404602	0.0176806979404602	0.0353613958809204	0.0353613958809204	negligible	56462153.5	0.0035578483026747	0.0368567630583573	0.0041429997663762	0.0	0.0049232927864039	True	False	False	False	molformer	molformer_0370	0.5176806979404602	0.017680697940460233	positive	0.0353613958809204	False	False
TRAIN	molformer_0729	48152	2383	45769	0	0.2647684386826	0.2445563156902958	0.293107122182846	0.2716850042343139	0.0516790263354778	0.5098069906234741	0.0017673395341262	0.5061631798744202	0.0214221179485321	0.5176434732952183	0.0176434732952183	0.0352869465904366	0.0352869465904366	negligible	56458093.5	0.0036284382504306	0.0502952359046336	2.0300409377975718e-05	0.0	0.0050119434826092	True	False	False	False	molformer	molformer_0729	0.5176434732952183	0.017643473295218315	positive	0.0352869465904366	False	False
TRAIN	molformer_0169	48152	2383	45769	0	0.087755501443955	0.0689791507088901	0.0694786459207534	0.0421062409877777	-0.1723200753331184	0.3492878675460815	-0.1749736070632934	0.2925659716129303	0.0273724049329757	0.5174435879526268	0.0174435879526267	0.0348871759052535	0.0348871759052535	negligible	56436292.5	0.0040297363628367	0.0495376043503764	2.862061359804436e-05	0.0	0.0055562612686869	True	False	False	False	molformer	molformer_0169	0.5174435879526268	0.017443587952626793	positive	0.0348871759052535	False	False
TRAIN	molformer_0717	48152	2383	45769	0	0.175040331382388	0.1529639793277199	0.1780199855566024	0.165644884109497	-0.0344813466072082	0.3970821499824524	-0.0721843168139457	0.3921953439712524	0.0123751014471054	0.5173092216531141	0.0173092216531141	0.0346184433062282	0.0346184433062282	negligible	56421637.5	0.0043217080004885	0.0420753649250706	0.0006381664389318	0.0	0.0059481572479843	True	False	False	False	molformer	molformer_0717	0.5173092216531141	0.017309221653114104	positive	0.0346184433062282	False	False
TRAIN	molformer_0420	48152	2383	45769	0	-0.0231583453990863	0.0056968830475031	-0.0251133423298597	-0.0068087792024016	-0.254749521613121	0.204651340842247	-0.2458962947130203	0.2475230991840362	-0.018304563127458	0.4828840576902417	0.0171159423097582	-0.0342318846195165	0.0342318846195165	negligible	52666970.0	0.0047753836315996	0.0372646938258718	0.003611439924329	0.0	0.0065608132899258	True	False	False	False	molformer	molformer_0420	0.4828840576902417	0.017115942309758325	negative	-0.0342318846195165	False	False
TRAIN	molformer_0444	48152	2383	45769	0	-0.3253555665107706	-0.3448689921582843	-0.3244952857494354	-0.3460122644901275	-0.5534073114395142	-0.1010848507285118	-0.5718546509742737	-0.1217552796006202	0.0215169787406921	0.5170487958345292	0.0170487958345292	0.0340975916690584	0.0340975916690584	negligible	56393233.5	0.0049428107397103	0.0362898940580178	0.0050014423229715	0.0	0.0067787118716028	True	False	False	False	molformer	molformer_0444	0.5170487958345292	0.01704879583452923	positive	0.0340975916690584	False	False
TRAIN	molformer_0411	48152	2383	45769	0	0.1728816360219496	0.1535414045138944	0.1720511019229889	0.156293973326683	-0.0324679780751466	0.3768692463636398	-0.0353996828198432	0.3463484048843384	0.0157571285963058	0.5169988542969348	0.0169988542969348	0.0339977085938696	0.0339977085938696	negligible	56387786.5	0.0050707613494054	0.0441903299045186	0.0002786870605183	0.0	0.0069417909382234	True	False	False	False	molformer	molformer_0411	0.5169988542969348	0.016998854296934818	positive	0.0339977085938696	False	False
TRAIN	molformer_0579	48152	2383	45769	0	-0.4112134296374248	-0.435235412466991	-0.4172567725181579	-0.432741105556488	-0.6630349159240723	-0.1596439927816391	-0.7170682549476624	-0.1565856635570526	0.01548433303833	0.5169064711625853	0.0169064711625852	0.0338129423251705	0.0338129423251705	negligible	56377710.5	0.005315365432019	0.0519855190262084	9.258240779873866e-06	0.0	0.0072637022273855	True	False	False	False	molformer	molformer_0579	0.5169064711625853	0.016906471162585257	positive	0.0338129423251705	False	False
TRAIN	molformer_0139	48152	2383	45769	0	0.0039381341392143	-0.0144535380992649	0.0186660438776016	-0.0032740528695285	-0.2313940301537513	0.2491215318441391	-0.2321742922067642	0.2124253213405609	0.0219400967471301	0.516897045809061	0.016897045809061	0.033794091618122	0.033794091618122	negligible	56376682.5	0.0053409107711698	0.0388321814613069	0.0021010191308739	0.0	0.007285647375237	True	False	False	False	molformer	molformer_0139	0.516897045809061	0.01689704580906104	positive	0.033794091618122	False	False
TRAIN	molformer_0548	48152	2383	45769	0	-0.8650383129932335	-0.8913156611690317	-0.858040452003479	-0.8705203533172607	-1.1119948029518127	-0.6249019503593445	-1.1285051107406616	-0.6449210047721863	0.0124799013137817	0.5168721988167936	0.0168721988167935	0.0337443976335871	0.0337443976335871	negligible	56373972.5	0.0054087852869807	0.02766299083686	0.0612912379047299	0.0	0.0073651544333355	True	False	False	False	molformer	molformer_0548	0.5168721988167936	0.016872198816793582	positive	0.0337443976335871	False	False
TRAIN	molformer_0173	48152	2383	45769	0	0.1781724011077413	0.1610299633578271	0.1739047914743423	0.1570292115211486	-0.0348503235727548	0.3962307870388031	-0.0324809029698371	0.3512553572654724	0.0168755799531936	0.5167879665961437	0.0167879665961436	0.0335759331922873	0.0335759331922873	negligible	56364785.5	0.0056447164048838	0.0499257858849224	2.4017668930900093e-05	0.0	0.0076728180512403	True	False	False	False	molformer	molformer_0173	0.5167879665961437	0.016787966596143677	positive	0.0335759331922873	False	False
TRAIN	molformer_0104	48152	2383	45769	0	-0.3439707676736924	-0.3277006828190378	-0.3540609776973724	-0.3288299441337585	-0.5486145913600922	-0.1462835967540741	-0.5627161264419556	-0.1007248982787132	-0.0252310335636138	0.4833792784171222	0.0166207215828777	-0.0332414431657555	0.0332414431657555	negligible	52720982.5	0.0061408675970779	0.0548331310381686	2.325807571910118e-06	0.0	0.0083324846546923	True	False	False	False	molformer	molformer_0104	0.4833792784171222	0.016620721582877807	negative	-0.0332414431657555	False	False
TRAIN	molformer_0001	48152	2383	45769	0	0.7269082897550071	0.7528281578741941	0.7533065676689148	0.7655495405197144	0.4772354811429977	0.9941419959068298	0.5130280256271362	1.0039093494415283	-0.0122429728507995	0.4834226827202197	0.0165773172797802	-0.0331546345595605	0.0331546345595605	negligible	52725716.5	0.0062758918327124	0.0344586798965378	0.0090079323993344	0.0	0.0085006788845206	True	False	False	False	molformer	molformer_0001	0.4834226827202197	0.01657731727978029	negative	-0.0331546345595605	False	False
TRAIN	molformer_0414	48152	2383	45769	0	0.1682822533499455	0.1905934148153934	0.1607857346534729	0.1770354360342025	-0.0820799358189106	0.3996789902448654	-0.0478175207972526	0.4116174280643463	-0.0162497013807296	0.4834443069383978	0.0165556930616021	-0.0331113861232043	0.0331113861232043	negligible	52728075.0	0.0063441538922038	0.0365158458209105	0.004641407915617	0.0	0.0085780108965009	True	False	False	False	molformer	molformer_0414	0.4834443069383978	0.016555693061602206	negative	-0.0331113861232043	False	False
TRAIN	molformer_0687	48152	2383	45769	0	-0.3744221034469595	-0.3610768020969034	-0.3604666292667389	-0.3422765433788299	-0.5839935839176178	-0.1589148119091987	-0.5442734360694885	-0.1534702628850937	-0.0181900858879089	0.4835249313024214	0.0164750686975785	-0.032950137395157	0.032950137395157	negligible	52736868.5	0.0066045931605346	0.0434015708451884	0.0003813911507676	0.0	0.0089144596613192	True	False	False	False	molformer	molformer_0687	0.4835249313024214	0.016475068697578588	negative	-0.032950137395157	False	False
TRAIN	molformer_0270	48152	2383	45769	0	0.2190764720914008	0.1984909884957838	0.2208884209394455	0.2153321504592895	0.0385705940425396	0.4079442769289017	0.0196041520684957	0.3934515714645386	0.0055562704801559	0.516361276807899	0.016361276807899	0.032722553615798	0.032722553615798	negligible	56318247.5	0.0069885357943523	0.0287149263043252	0.0468160705091035	0.0	0.0094161324387063	True	False	False	False	molformer	molformer_0270	0.516361276807899	0.016361276807899006	positive	0.032722553615798	False	False
TRAIN	molformer_0263	48152	2383	45769	0	-0.2252637976485892	-0.2055592922241591	-0.2302930951118469	-0.2172360867261886	-0.4658911675214767	-0.0106382369995117	-0.4230984151363373	-0.0059657678939402	-0.0130570083856582	0.4836912456995563	0.0163087543004436	-0.0326175086008873	0.0326175086008873	negligible	52755008.0	0.0071724198377982	0.0425242061278239	0.0005370908101952	0.0	0.0096469674876165	True	False	False	False	molformer	molformer_0263	0.4836912456995563	0.016308754300443706	negative	-0.0326175086008873	False	False
TRAIN	molformer_0588	48152	2383	45769	0	-0.0850576161527215	-0.0992758051177187	-0.0786757543683052	-0.0994048416614532	-0.2864082604646683	0.1264943331480026	-0.3029334843158722	0.106407456099987	0.020729087293148	0.5163039682746268	0.0163039682746267	0.0326079365492535	0.0326079365492535	negligible	56311997.0	0.007189389982705	0.0330254760429289	0.0139764817104355	0.0	0.009652887249506	True	False	False	False	molformer	molformer_0588	0.5163039682746268	0.016303968274626768	positive	0.0326079365492535	False	False
TRAIN	molformer_0329	48152	2383	45769	0	-0.0114408567681238	-0.0318306143384715	-0.0167921185493469	-0.0304062571376562	-0.2318919524550438	0.2118581533432006	-0.2341266721487045	0.1734045594930648	0.0136141385883092	0.5162930759400092	0.0162930759400091	0.0325861518800183	0.0325861518800183	negligible	56310809.0	0.0072281461065804	0.0428407989850178	0.0004750599329336	0.0	0.0096879864046313	True	False	False	False	molformer	molformer_0329	0.5162930759400092	0.016293075940009172	positive	0.0325861518800183	False	False
TRAIN	molformer_0196	48152	2383	45769	0	0.1948885157677435	0.1826033332205173	0.2005575597286224	0.1736911237239837	-0.0055923413019627	0.3949006497859955	-0.0053626471199095	0.3628567457199096	0.0268664360046386	0.5162295831645656	0.0162295831645655	0.0324591663291311	0.0324591663291311	negligible	56303884.0	0.0074578154044243	0.04711112593577	8.302211505276027e-05	0.0	0.0099784010986025	True	False	False	False	molformer	molformer_0196	0.5162295831645656	0.016229583164565575	positive	0.0324591663291311	False	False
TRAIN	molformer_0494	48152	2383	45769	0	0.4995863496487513	0.5093151807839359	0.507393479347229	0.5264632701873779	0.3106817454099655	0.6886261403560638	0.3191756010055542	0.7177317142486572	-0.0190697908401489	0.4838783637223203	0.0161216362776796	-0.0322432725553593	0.0322432725553593	negligible	52775416.5	0.0078633447369974	0.038516633828142	0.0023472881521251	0.0	0.0105026934921983	True	False	False	False	molformer	molformer_0494	0.4838783637223203	0.016121636277679707	negative	-0.0322432725553593	False	False
TRAIN	molformer_0601	48152	2383	45769	0	-0.1458541748677296	-0.1744735953267915	-0.127946138381958	-0.1437278389930725	-0.3464614301919937	0.0653439499437809	-0.4045999050140381	0.0814713984727859	0.0157817006111145	0.5160852459779344	0.0160852459779343	0.0321704919558687	0.0321704919558687	negligible	56288141.5	0.0080044411162257	0.0591922653568554	2.4328110346650374e-07	0.0	0.0106725881549676	True	False	False	False	molformer	molformer_0601	0.5160852459779344	0.01608524597793437	positive	0.0321704919558687	False	False
TRAIN	molformer_0651	48152	2383	45769	0	-0.4235333035115699	-0.4489593776245871	-0.4468880891799927	-0.4524032473564148	-0.6564814746379852	-0.2138898596167564	-0.6702741980552673	-0.2363304793834686	0.0055151581764221	0.5160787454179647	0.0160787454179647	0.0321574908359294	0.0321574908359294	negligible	56287432.5	0.0080298831022413	0.0266928945771366	0.0778806744001983	0.0	0.0106879553249937	True	False	False	False	molformer	molformer_0651	0.5160787454179647	0.016078745417964724	positive	0.0321574908359294	False	False
TRAIN	molformer_0625	48152	2383	45769	0	-0.2831721980844504	-0.3024126526463585	-0.3221471011638641	-0.3245775997638702	-0.4801077246665954	-0.1093408316373825	-0.4896565675735473	-0.1357756853103637	0.0024304986000061	0.5158104987564264	0.0158104987564263	0.0316209975128527	0.0316209975128527	negligible	56258175.5	0.0091449747752041	0.0355063336129368	0.0064573124225717	0.0	0.0121325851222899	True	False	False	False	molformer	molformer_0625	0.5158104987564264	0.015810498756426372	positive	0.0316209975128527	False	False
TRAIN	molformer_0476	48152	2383	45769	0	0.3729726900777699	0.3590844318878959	0.3811342716217041	0.3598889410495758	0.1832372322678566	0.5759190618991852	0.1615861803293228	0.5572707653045654	0.0212453305721282	0.5158100769993621	0.0158100769993621	0.0316201539987242	0.0316201539987242	negligible	56258129.5	0.0091468317523514	0.0335532224912369	0.0119149259407587	0.0	0.0121325851222899	True	False	False	False	molformer	molformer_0476	0.5158100769993621	0.0158100769993621	positive	0.0316201539987242	False	False
TRAIN	molformer_0267	48152	2383	45769	0	-0.4181287332491252	-0.4467317299041818	-0.445011556148529	-0.4505966305732727	-0.6584792137145996	-0.1979305371642112	-0.6850479245185852	-0.2171705216169357	0.0055850744247436	0.5157928399715159	0.0157928399715159	0.0315856799430318	0.0315856799430318	negligible	56256249.5	0.0092230141734816	0.0344919253555643	0.0089146395125049	0.0	0.0122125429055757	True	False	False	False	molformer	molformer_0267	0.5157928399715159	0.015792839971515926	positive	0.0315856799430318	False	False
TRAIN	molformer_0603	48152	2383	45769	0	0.2576983648055808	0.2427334728794928	0.260188490152359	0.2292413264513015	0.0221413075923919	0.4868805706501007	-0.0167249292135238	0.4733729958534241	0.0309471637010574	0.515754785565093	0.015754785565093	0.031509571130186	0.031509571130186	negligible	56252099.0	0.0093932114779741	0.0385184033740858	0.0023458355260316	0.0	0.0124164998538453	True	False	False	False	molformer	molformer_0603	0.515754785565093	0.01575478556509302	positive	0.031509571130186	False	False
TRAIN	molformer_0146	48152	2383	45769	0	-0.5860182255493765	-0.5679439079251265	-0.5996012687683105	-0.576142430305481	-0.8323637843132019	-0.3418508917093277	-0.8087021112442017	-0.334198534488678	-0.0234588384628295	0.4846130599440473	0.0153869400559526	-0.0307738801119052	0.0307738801119052	negligible	52855548.0	0.0111884686240554	0.0337273989901687	0.0112973526786375	0.0	0.0147641647822587	True	False	False	False	molformer	molformer_0146	0.4846130599440473	0.015386940055952703	negative	-0.0307738801119052	False	False
TRAIN	molformer_0385	48152	2383	45769	0	0.0304285223842263	0.0142074214343875	0.0059438603930175	-0.006151053123176	-0.2010671272873878	0.2537673115730285	-0.2216482907533645	0.2419865578413009	0.0120949135161936	0.5153713579661525	0.0153713579661525	0.030742715932305	0.030742715932305	negligible	56210279.5	0.0112708323778528	0.0333358250618445	0.0127284075143958	0.0	0.0148473400792298	True	False	False	False	molformer	molformer_0385	0.5153713579661525	0.015371357966152521	positive	0.030742715932305	False	False
TRAIN	molformer_0211	48152	2383	45769	0	-0.0456417335365968	-0.0653794629222901	-0.0707589760422706	-0.0813521370291709	-0.2624596953392029	0.1463615000247955	-0.2524883151054382	0.0971708446741104	0.0105931609869003	0.5152655061116403	0.0152655061116403	0.0305310122232806	0.0305310122232806	negligible	56198734.5	0.0118447355506265	0.0534378028026618	4.619051080390499e-06	0.0	0.0155766385323308	True	False	False	False	molformer	molformer_0211	0.5152655061116403	0.015265506111640348	positive	0.0305310122232806	False	False
TRAIN	molformer_0161	48152	2383	45769	0	-0.106145668232279	-0.0859342483714263	-0.1166241616010665	-0.0934572517871856	-0.3224562257528305	0.1092288605868816	-0.3470446169376373	0.1765801310539245	-0.0231669098138809	0.4847612846305756	0.0152387153694243	-0.0304774307388486	0.0304774307388486	negligible	52871714.5	0.0119940368364992	0.0581483891167716	4.243625344081099e-07	0.0	0.015746017590481	True	False	False	False	molformer	molformer_0161	0.4847612846305756	0.015238715369424394	negative	-0.0304774307388486	False	False
TRAIN	molformer_0580	48152	2383	45769	0	0.2312102198662298	0.209614782939123	0.2259526401758194	0.2108746469020843	0.0042453368660062	0.4743933081626892	-0.0134064825251698	0.4443212747573852	0.015077993273735	0.5152314446443808	0.0152314446443807	0.0304628892887615	0.0304628892887615	negligible	56195019.5	0.0120348423900374	0.0268447729634504	0.0750564254795747	0.0	0.0157726262040081	True	False	False	False	molformer	molformer_0580	0.5152314446443808	0.015231444644380754	positive	0.0304628892887615	False	False
TRAIN	molformer_0760	48152	2383	45769	0	0.0122719189650755	0.0016065811238278	0.0250702109187841	0.0034660147503018	-0.1594285815954208	0.1997551918029785	-0.1847648471593856	0.1965589672327041	0.0216041961684823	0.5151984696599933	0.0151984696599932	0.0303969393199865	0.0303969393199865	negligible	56191423.0	0.0122214568592712	0.043364804631538	0.0003869562944574	0.0	0.0159899128925388	True	False	False	False	molformer	molformer_0760	0.5151984696599933	0.015198469659993274	positive	0.0303969393199865	False	False
TRAIN	molformer_0326	48152	2383	45769	0	-0.2389441537708396	-0.2324779880974856	-0.2431549727916717	-0.2078520655632019	-0.4271606057882309	-0.0401950795203447	-0.430245041847229	-0.0139061957597732	-0.0353029072284698	0.4848123034824104	0.0151876965175895	-0.0303753930351791	0.0303753930351791	negligible	52877279.0	0.0122829782808034	0.0530001106562175	5.707417456898478e-06	0.0	0.0160430736728861	True	False	False	False	molformer	molformer_0326	0.4848123034824104	0.01518769651758961	negative	-0.0303753930351791	False	False
TRAIN	molformer_0530	48152	2383	45769	0	-0.1845797452219215	-0.1966708467662593	-0.1695801317691803	-0.1790347248315811	-0.3739415258169174	0.0338521506637334	-0.3849135637283325	0.0031010480597615	0.0094545930624008	0.515029977712798	0.015029977712798	0.030059955425596	0.030059955425596	negligible	56173046.0	0.0132155834378394	0.0444193256531799	0.0002541554251792	0.0	0.0172318643128364	True	False	False	False	molformer	molformer_0530	0.515029977712798	0.015029977712798015	positive	0.030059955425596	False	False
TRAIN	molformer_0094	48152	2383	45769	0	0.4101647361311147	0.4303069083477783	0.4077694416046142	0.4147427380084991	0.1700814366340637	0.626005619764328	0.1691210865974426	0.6794001460075378	-0.0069732964038848	0.4850041571035162	0.0149958428964837	-0.0299916857929675	0.0299916857929675	negligible	52898204.0	0.0134254799526662	0.050470696012022	1.8734166057885488e-05	0.0	0.0174758789892334	True	False	False	False	molformer	molformer_0094	0.4850041571035162	0.014995842896483813	negative	-0.0299916857929675	False	False
TRAIN	molformer_0268	48152	2383	45769	0	-0.1757111553805089	-0.1600106334309962	-0.1669754236936569	-0.1440639346837997	-0.3954483270645141	0.0593498889356851	-0.3823970258235931	0.0709616914391517	-0.0229114890098571	0.4850363710914616	0.0149636289085384	-0.0299272578170768	0.0299272578170768	negligible	52901717.5	0.0136262617542666	0.0356840583723879	0.0060967326806871	0.0	0.0177023265927575	True	False	False	False	molformer	molformer_0268	0.4850363710914616	0.014963628908538418	negative	-0.0299272578170768	False	False
TRAIN	molformer_0066	48152	2383	45769	0	-0.0411312163779599	-0.0213590805168897	-0.0159943308681249	-0.0036034900695085	-0.2117781564593315	0.1656741723418235	-0.1707685589790344	0.153669461607933	-0.0123908407986164	0.4850394425831255	0.0149605574168744	-0.0299211148337489	0.0299211148337489	negligible	52902052.5	0.0136455434152506	0.0561743643458607	1.1827629836948122e-06	0.0	0.0177023265927575	True	False	False	False	molformer	molformer_0066	0.4850394425831255	0.01496055741687452	negative	-0.0299211148337489	False	False
TRAIN	molformer_0384	48152	2383	45769	0	0.4425947595680763	0.425996522974372	0.454354465007782	0.440748780965805	0.206690065562725	0.6938895285129547	0.1892912089824676	0.6710295677185059	0.0136056840419769	0.514857960426663	0.0148579604266629	0.0297159208533259	0.0297159208533259	negligible	56154284.5	0.0143036112961756	0.0258310431848335	0.095660798821097	0.0	0.018524744478015	True	False	False	False	molformer	molformer_0384	0.514857960426663	0.014857960426662986	positive	0.0297159208533259	False	False
TRAIN	molformer_0325	48152	2383	45769	0	0.4388186002543171	0.4635242806347499	0.4593634605407715	0.4757614135742187	0.2163951471447944	0.6855582892894745	0.2397132664918899	0.6947640180587769	-0.0163979530334472	0.4854252861165542	0.0145747138834457	-0.0291494277668915	0.0291494277668915	negligible	52944135.5	0.0162678779261987	0.0238269269642466	0.1503156328948999	0.0	0.0210332159045802	True	False	False	False	molformer	molformer_0325	0.4854252861165542	0.014574713883445778	negative	-0.0291494277668915	False	False
TRAIN	molformer_0185	48152	2383	45769	0	0.122068925989621	0.1409210077479772	0.1220781952142715	0.1402481198310852	-0.1044575981795787	0.3627354353666305	-0.0845120623707771	0.3706985414028168	-0.0181699246168136	0.4854886459468361	0.0145113540531638	-0.0290227081063276	0.0290227081063276	negligible	52951046.0	0.0167384157277596	0.0315488678862224	0.0215518011709592	0.0	0.0216052155948224	True	False	False	False	molformer	molformer_0185	0.4854886459468361	0.014511354053163894	negative	-0.0290227081063276	False	False
TRAIN	molformer_0609	48152	2383	45769	0	-0.339044107923435	-0.3198240021967511	-0.3392197787761688	-0.3221476078033447	-0.5404002368450165	-0.1308602467179298	-0.5210621953010559	-0.1196915581822395	-0.017072170972824	0.4854986214182705	0.0145013785817294	-0.0290027571634589	0.0290027571634589	negligible	52952134.0	0.0168135765583852	0.0270002637907064	0.0722553667599161	0.0	0.0216658167732213	True	False	False	False	molformer	molformer_0609	0.4854986214182705	0.014501378581729507	negative	-0.0290027571634589	False	False
TRAIN	molformer_0707	48152	2383	45769	0	-0.2178466260523989	-0.2405680309347644	-0.238895907998085	-0.2473644763231277	-0.4832925200462341	0.0391495153307914	-0.5787210464477539	0.0924565494060516	0.0084685683250427	0.5144665286121322	0.0144665286121321	0.0289330572242643	0.0289330572242643	negligible	56111592.0	0.0170784863633945	0.0773231247830529	3.173479026969708e-12	0.0	0.0219703141157236	True	False	False	False	molformer	molformer_0707	0.5144665286121322	0.014466528612132157	positive	0.0289330572242643	False	False
TRAIN	molformer_0199	48152	2383	45769	0	-0.0995407155997158	-0.1131121711719333	-0.0837782993912696	-0.0977262780070304	-0.2620629370212555	0.0704183354973793	-0.2727498710155487	0.059537012130022	0.0139479786157608	0.5144268742794544	0.0144268742794544	0.0288537485589088	0.0288537485589088	negligible	56107267.0	0.0173843641645843	0.0256440214327037	0.0999366740308577	0.0	0.0223264074889645	True	False	False	False	molformer	molformer_0199	0.5144268742794544	0.014426874279454438	positive	0.0288537485589088	False	False
TRAIN	molformer_0592	48152	2383	45769	0	0.0558976309837071	0.0723833989581803	0.0631448477506637	0.0790213048458099	-0.1711012870073318	0.291667029261589	-0.1276118606328964	0.2822587788105011	-0.0158764570951461	0.4855909678780926	0.0144090321219073	-0.0288180642438147	0.0288180642438147	negligible	52962206.0	0.0175235514035519	0.0509216551687286	1.5221394777065742e-05	0.0	0.0224675917828512	True	False	False	False	molformer	molformer_0592	0.4855909678780926	0.014409032121907417	negative	-0.0288180642438147	False	False
TRAIN	molformer_0361	48152	2383	45769	0	0.3046446482158375	0.3147930856129467	0.3056109249591827	0.3268353641033172	0.0777696967124939	0.5263872146606445	0.1263664364814758	0.514955461025238	-0.0212244391441345	0.4857693986221948	0.0142306013778051	-0.0284612027556103	0.0284612027556103	negligible	52981667.0	0.018970116204955	0.0518419749262307	9.906575328518225e-06	0.0	0.0242817487423424	True	False	False	False	molformer	molformer_0361	0.4857693986221948	0.014230601377805185	negative	-0.0284612027556103	False	False
TRAIN	molformer_0031	48152	2383	45769	0	-0.3275385517889216	-0.3169790292271039	-0.3035338222980499	-0.2937591671943664	-0.5032566487789154	-0.1345129385590553	-0.5031434297561646	-0.1029267087578773	-0.0097746551036834	0.4858670307982687	0.0141329692017312	-0.0282659384034625	0.0282659384034625	negligible	52992315.5	0.0198050078472095	0.0403879790911551	0.0012004827723256	0.0	0.0253082296616588	True	False	False	False	molformer	molformer_0031	0.4858670307982687	0.014132969201731294	negative	-0.0282659384034625	False	False
TRAIN	molformer_0232	48152	2383	45769	0	0.2304051109206926	0.2187663944362875	0.2514122426509857	0.2218245565891266	-0.0014587828190997	0.4855748862028122	-0.0185010898858308	0.4621785581111908	0.0295876860618591	0.5140079319851086	0.0140079319851086	0.0280158639702172	0.0280158639702172	negligible	56061574.0	0.0209209816909473	0.0344531053683833	0.0090236619965715	0.0	0.0266898902635342	True	False	False	False	molformer	molformer_0232	0.5140079319851086	0.014007931985108635	positive	0.0280158639702172	False	False
TRAIN	molformer_0299	48152	2383	45769	0	-0.28369086882825	-0.2655975319480562	-0.2836522459983825	-0.2683352828025818	-0.4936790019273758	-0.0779374502599239	-0.5046418309211731	-0.0305812135338783	-0.0153169631958007	0.48600389096564	0.0139961090343599	-0.0279922180687199	0.0279922180687199	negligible	53007242.5	0.0210292858606244	0.0483657523471674	4.818909126965109e-05	0.0	0.0267835680612928	True	False	False	False	molformer	molformer_0299	0.48600389096564	0.013996109034359994	negative	-0.0279922180687199	False	False
TRAIN	molformer_0201	48152	2383	45769	0	0.2541491482774469	0.2705640447043136	0.2713345885276794	0.2813634872436523	0.0984243750572204	0.427165612578392	0.122271828353405	0.4323506355285644	-0.0100288987159729	0.4860841898432335	0.0139158101567664	-0.0278316203135329	0.0278316203135329	negligible	53016000.5	0.0217778735077523	0.033603402413259	0.0117339522203768	0.0	0.0276910709502546	True	False	False	False	molformer	molformer_0201	0.4860841898432335	0.013915810156766517	negative	-0.0278316203135329	False	False
TRAIN	molformer_0469	48152	2383	45769	0	0.3368717820882855	0.349727550692991	0.3307797312736511	0.3614762425422668	0.0838328711688518	0.5810121893882751	0.0999504476785659	0.6041019558906555	-0.0306965112686157	0.4860921573842964	0.0139078426157035	-0.027815685231407	0.027815685231407	negligible	53016869.5	0.0218534006384416	0.0367746579602927	0.004258320865202	0.0	0.0277411763476416	True	False	False	False	molformer	molformer_0469	0.4860921573842964	0.013907842615703603	negative	-0.027815685231407	False	False
TRAIN	molformer_0348	48152	2383	45769	0	-0.3127342961630367	-0.2958606729968277	-0.3189223408699035	-0.2989915311336517	-0.5566173195838928	-0.0805385373532772	-0.5491452813148499	-0.0541522018611431	-0.0199308097362518	0.4861921367301195	0.0138078632698804	-0.0276157265397609	0.0276157265397609	negligible	53027774.0	0.0228206886716488	0.0321768641549927	0.0179697149747774	0.0	0.0289212688115945	True	False	False	False	molformer	molformer_0348	0.4861921367301195	0.013807863269880483	negative	-0.0276157265397609	False	False
TRAIN	molformer_0693	48152	2383	45769	0	-0.0852638446773096	-0.1046351145965302	-0.1010685935616493	-0.1165923923254013	-0.325348362326622	0.1553325653076172	-0.3482266068458557	0.1297155767679214	0.0155237987637519	0.5137823790577006	0.0137823790577006	0.0275647581154012	0.0275647581154012	negligible	56036973.5	0.0230731156912119	0.026689465508831	0.0779454627215889	0.0	0.0291930030491775	True	False	False	False	molformer	molformer_0693	0.5137823790577006	0.013782379057700633	positive	0.0275647581154012	False	False
TRAIN	molformer_0142	48152	2383	45769	0	0.1551906676861835	0.1716325052175852	0.1595673561096191	0.165182426571846	-0.037969697266817	0.344717800617218	-0.0450463071465492	0.3907473683357239	-0.0056150704622268	0.4862366045945095	0.0137633954054904	-0.0275267908109808	0.0275267908109808	negligible	53032624.0	0.0232627257931235	0.0480320966661323	5.5767624659908783e-05	0.0	0.0293844957386823	True	False	False	False	molformer	molformer_0142	0.4862366045945095	0.013763395405490486	negative	-0.0275267908109808	False	False
TRAIN	molformer_0197	48152	2383	45769	0	-0.4871725014995579	-0.4755377976268364	-0.5063724517822266	-0.491409569978714	-0.7141347229480743	-0.288491815328598	-0.6800970435142517	-0.29342982172966	-0.0149628818035125	0.4864216459221634	0.0135783540778365	-0.0271567081556731	0.0271567081556731	negligible	53052806.0	0.0251829060407169	0.0406299851283875	0.0010982160604194	0.0	0.0317577534306578	True	False	False	False	molformer	molformer_0197	0.4864216459221634	0.013578354077836585	negative	-0.0271567081556731	False	False
TRAIN	molformer_0640	48152	2383	45769	0	0.0064480716811418	0.0231371215993256	-0.0025277687236666	0.0131523814052343	-0.2800655364990234	0.2661305963993072	-0.2548126876354217	0.285345196723938	-0.015680150128901	0.4866146502065642	0.0133853497934357	-0.0267706995868715	0.0267706995868715	negligible	53073856.5	0.0273304210147673	0.0309106852674857	0.0258293723770433	0.0	0.0344094480972808	True	False	False	False	molformer	molformer_0640	0.4866146502065642	0.013385349793435808	negative	-0.0267706995868715	False	False
TRAIN	molformer_0376	48152	2383	45769	0	0.0740101796040286	0.0570739232036366	0.0654820278286933	0.0571875609457492	-0.142809584736824	0.283352643251419	-0.1503977328538894	0.2608374059200287	0.0082944668829441	0.5131163742256666	0.0131163742256665	0.0262327484513331	0.0262327484513331	negligible	55964334.0	0.0305857103001724	0.0288467895673475	0.0452293662758201	0.0	0.0384448862692838	True	False	False	False	molformer	molformer_0376	0.5131163742256666	0.013116374225666583	positive	0.0262327484513331	False	False
TRAIN	molformer_0345	48152	2383	45769	0	0.278155940718462	0.2864651970994142	0.2864814102649688	0.3002029359340668	0.1264539211988449	0.4368821978569031	0.1397348344326019	0.4466918110847473	-0.0137215256690979	0.4869415211000429	0.013058478899957	-0.0261169577999141	0.0261169577999141	negligible	53109507.5	0.0313283845456126	0.0304333938001546	0.0295034170309846	0.0	0.0393140511944943	True	False	False	False	molformer	molformer_0345	0.4869415211000429	0.013058478899957093	negative	-0.0261169577999141	False	False
TRAIN	molformer_0635	48152	2383	45769	0	0.3065693045548175	0.2914266926784965	0.3260736167430877	0.3092672824859619	0.1207528449594974	0.5146498680114746	0.087567888200283	0.5144805908203125	0.0168063342571258	0.5130326737856631	0.013032673785663	0.0260653475713261	0.0260653475713261	negligible	55955205.0	0.0316643625032546	0.0365197975012305	0.0046353283879878	0.0	0.0396708489437187	True	False	False	False	molformer	molformer_0635	0.5130326737856631	0.013032673785663085	positive	0.0260653475713261	False	False
TRAIN	molformer_0450	48152	2383	45769	0	-0.2115807353439127	-0.2374048842604869	-0.2097312659025192	-0.2122555375099182	-0.4224159121513366	-0.0079328278079628	-0.4587426781654358	-0.0002862145483959	0.0025242716073989	0.5129882013369571	0.0129882013369571	0.0259764026739142	0.0259764026739142	negligible	55950354.5	0.032250638607549	0.0536749402963908	4.115791041762049e-06	0.0	0.0403395609944587	True	False	False	False	molformer	molformer_0450	0.5129882013369571	0.012988201336957106	positive	0.0259764026739142	False	False
TRAIN	molformer_0291	48152	2383	45769	0	-0.0443323859924299	-0.0331877822956253	-0.0564784482121467	-0.0273148398846387	-0.2863004505634308	0.2046246826648712	-0.2713173031806946	0.212702140212059	-0.0291636083275079	0.4870775927650766	0.0129224072349233	-0.0258448144698467	0.0258448144698467	negligible	53124348.5	0.0331350442835346	0.0328674363360232	0.0146534190902576	0.0	0.0413783967638286	True	False	False	False	molformer	molformer_0291	0.4870775927650766	0.012922407234923383	negative	-0.0258448144698467	False	False
TRAIN	molformer_0681	48152	2383	45769	0	0.143176418778101	0.1574516969206289	0.134058266878128	0.1469483375549316	-0.1335019022226333	0.3914194256067276	-0.1142065078020095	0.4153078496456146	-0.0128900706768035	0.4871529268285325	0.0128470731714674	-0.0256941463429349	0.0256941463429349	negligible	53132565.0	0.0341730983168125	0.0240304614223076	0.1438142228326515	0.0	0.042605421278104	True	False	False	False	molformer	molformer_0681	0.4871529268285325	0.012847073171467494	negative	-0.0256941463429349	False	False
TRAIN	molformer_0147	48152	2383	45769	0	-0.2225383394421	-0.2056877426940222	-0.2180486917495727	-0.1921784728765487	-0.4525558054447174	0.0304863508790731	-0.466895580291748	0.0605209916830062	-0.0258702188730239	0.4872907313649827	0.0127092686350173	-0.0254185372700346	0.0254185372700346	negligible	53147595.0	0.0361439591070202	0.0377175600579996	0.0030953416037906	0.0	0.0449895633617367	True	False	False	False	molformer	molformer_0147	0.4872907313649827	0.012709268635017312	negative	-0.0254185372700346	False	False
TRAIN	molformer_0150	48152	2383	45769	0	-0.0488900232790358	-0.0361579519190001	-0.033797550946474	-0.0161316599696874	-0.2705640792846679	0.1890066713094711	-0.2633199393749237	0.2174697071313858	-0.0176658909767866	0.4873733636593777	0.0126266363406222	-0.0252532726812445	0.0252532726812445	negligible	53156607.5	0.0373716094166609	0.0336501440983437	0.0115676143392478	0.0	0.0464423884012873	True	False	False	False	molformer	molformer_0150	0.4873733636593777	0.012626636340622277	negative	-0.0252532726812445	False	False
TRAIN	molformer_0590	48152	2383	45769	0	0.0590084986219713	0.0733358677148796	0.0574925430119037	0.0783754736185073	-0.1706044375896453	0.2922964990139007	-0.1363586336374282	0.2948450148105621	-0.0208829306066036	0.4873883543724247	0.0126116456275752	-0.0252232912551505	0.0252232912551505	negligible	53158242.5	0.0375980849125034	0.0385290023124847	0.0023371522303889	0.0	0.0466483509092126	True	False	False	False	molformer	molformer_0590	0.4873883543724247	0.012611645627575274	negative	-0.0252232912551505	False	False
TRAIN	molformer_0074	48152	2383	45769	0	-0.284106600648581	-0.3034846459483879	-0.2820567190647125	-0.2965884208679199	-0.5248264074325562	-0.0549704562872648	-0.575268566608429	-0.0296199917793273	0.0145317018032073	0.5126060986053164	0.0126060986053163	0.0252121972106327	0.0252121972106327	negligible	55908679.5	0.0376821832748609	0.0484090557953147	4.728069266558279e-05	0.0	0.04667728508886	True	False	False	False	molformer	molformer_0074	0.5126060986053164	0.012606098605316363	positive	0.0252121972106327	False	False
TRAIN	molformer_0219	48152	2383	45769	0	-0.7727834383800369	-0.7875433691748809	-0.7727771997451782	-0.7884348630905151	-0.98715278506279	-0.5682175755500793	-0.9852432012557985	-0.5889180302619934	0.0156576633453369	0.5123940189823869	0.0123940189823869	0.0247880379647738	0.0247880379647738	negligible	55885548.5	0.0410197043442606	0.0298720626534422	0.0344074194708095	0.0	0.0507296826672982	False	False	False	False	molformer	molformer_0219	0.5123940189823869	0.0123940189823869	positive	0.0247880379647738	False	False
TRAIN	molformer_0073	48152	2383	45769	0	-0.0132489017521706	-0.0210563601009122	-0.0125735141336917	-0.0344899930059909	-0.2201480343937873	0.1925421878695488	-0.2622111141681671	0.209978386759758	0.0219164788722991	0.5123703914181532	0.0123703914181532	0.0247407828363064	0.0247407828363064	negligible	55882971.5	0.0414065883800945	0.0481283948062744	5.3471134224617576e-05	0.0	0.0511258197361939	False	False	False	False	molformer	molformer_0073	0.5123703914181532	0.012370391418153215	positive	0.0247407828363064	False	False
TRAIN	molformer_0466	48152	2383	45769	0	-0.904553825778248	-0.9162027790332634	-0.8962544798851013	-0.9115933775901794	-1.1080240607261658	-0.6924044191837311	-1.143682599067688	-0.6914685368537903	0.0153388977050781	0.5123547864067735	0.0123547864067734	0.0247095728135469	0.0247095728135469	negligible	55881269.5	0.0416637998584498	0.0361925690311104	0.0051642664628849	0.0	0.0513608319282335	False	False	False	False	molformer	molformer_0466	0.5123547864067735	0.012354786406773455	positive	0.0247095728135469	False	False
TRAIN	molformer_0743	48152	2383	45769	0	-0.0048952029580596	-0.0197006940644906	-0.0037611196748912	-0.0224486365914344	-0.2207954227924347	0.2169733196496963	-0.2505027651786804	0.2177672684192657	0.0186875169165432	0.5121930930000824	0.0121930930000824	0.0243861860001648	0.0243861860001648	negligible	55863634.0	0.0444094692924453	0.0384667014591795	0.0023886227076804	0.0	0.0546578083599327	False	False	False	False	molformer	molformer_0743	0.5121930930000824	0.012193093000082422	positive	0.0243861860001648	False	False
TRAIN	molformer_0084	48152	2383	45769	0	0.8527913648168901	0.8622097390484138	0.8451318740844727	0.8641844987869263	0.6618615686893463	1.0410772562026978	0.6591028571128845	1.0695513486862185	-0.0190526247024536	0.4879388619492582	0.0120611380507417	-0.0241222761014835	0.0241222761014835	negligible	53218285.0	0.0467618780637678	0.0340036498672973	0.0103769748297533	0.0	0.0574609957647579	False	False	False	False	molformer	molformer_0084	0.4879388619492582	0.012061138050741826	negative	-0.0241222761014835	False	False
TRAIN	molformer_0423	48152	2383	45769	0	-0.1767967525192806	-0.1696411523138163	-0.1784286797046661	-0.1655803918838501	-0.3501855283975601	-0.0071988732088357	-0.3336942195892334	0.0003789789916481	-0.012848287820816	0.4879650567304052	0.0120349432695948	-0.0240698865391896	0.0240698865391896	negligible	53221142.0	0.0472411256831575	0.0301568495268073	0.0318366286356713	0.0	0.0579571637774201	False	False	False	False	molformer	molformer_0423	0.4879650567304052	0.012034943269594811	negative	-0.0240698865391896	False	False
TRAIN	molformer_0589	48152	2383	45769	0	-0.8394219086244015	-0.8270283828785053	-0.8612573742866516	-0.8478724956512451	-1.0300352573394775	-0.6725703477859497	-1.0269612073898315	-0.6497377753257751	-0.0133848786354064	0.4881030354708602	0.0118969645291397	-0.0237939290582795	0.0237939290582795	negligible	53236191.0	0.0498342173913806	0.0249162979554858	0.1181138081323193	0.0	0.0610409552736528	False	False	False	False	molformer	molformer_0589	0.4881030354708602	0.011896964529139797	negative	-0.0237939290582795	False	False
TRAIN	molformer_0457	48152	2383	45769	0	-0.0938330523135115	-0.0690222787849575	-0.1059539094567298	-0.0892586708068847	-0.3390540778636932	0.144579030573368	-0.3846432566642761	0.2219938188791275	-0.0166952386498451	0.4883399529174252	0.0116600470825747	-0.0233200941651495	0.0233200941651495	negligible	53262031.0	0.0545648758253361	0.0791165733500127	8.863099441909343e-13	0.0	0.0667290201176085	False	False	False	False	molformer	molformer_0457	0.4883399529174252	0.011660047082574787	negative	-0.0233200941651495	False	False
TRAIN	molformer_0699	48152	2383	45769	0	0.3448585641305653	0.3613546003702831	0.3645735681056976	0.3753914833068847	0.1564070805907249	0.5724745392799377	0.1483556479215622	0.596807062625885	-0.0108179152011871	0.488540370040663	0.011459629959337	-0.022919259918674	0.022919259918674	negligible	53283890.0	0.0588538687194669	0.0323145770051245	0.0172592632244368	0.0	0.0718597316002394	False	False	False	False	molformer	molformer_0699	0.488540370040663	0.011459629959337025	negative	-0.022919259918674	False	False
TRAIN	molformer_0344	48152	2383	45769	0	-0.3133717620504287	-0.3290530122722426	-0.3311481475830078	-0.3342196643352508	-0.5083372592926025	-0.1294323205947876	-0.5135164260864258	-0.1515690088272094	0.003071516752243	0.5113916491386112	0.0113916491386112	0.0227832982772224	0.0227832982772224	negligible	55776222.5	0.0603708021526253	0.0348746790600651	0.0079019837976268	0.0	0.0735948826241528	False	False	False	False	molformer	molformer_0344	0.5113916491386112	0.011391649138611237	positive	0.0227832982772224	False	False
TRAIN	molformer_0766	48152	2383	45769	0	0.0650874238020189	0.0614385937392921	0.0565142259001731	0.0388916581869125	-0.1371052712202072	0.2567659765481949	-0.1558257788419723	0.2520444393157959	0.0176225677132606	0.5113719595017497	0.0113719595017497	0.0227439190034994	0.0227439190034994	negligible	55774075.0	0.0608161642643063	0.0351519476553273	0.0072350273633309	0.0	0.074020307694116	False	False	False	False	molformer	molformer_0766	0.5113719595017497	0.01137195950174974	positive	0.0227439190034994	False	False
TRAIN	molformer_0497	48152	2383	45769	0	-0.1653800415742781	-0.1717507972542731	-0.1479855328798294	-0.1699918061494827	-0.3468518108129501	0.0380577091127634	-0.3979851007461548	0.059284534305334	0.0220062732696533	0.5113630063327648	0.0113630063327647	0.0227260126655295	0.0227260126655295	negligible	55773098.5	0.0610195754724395	0.0547036057762637	2.480609002167747e-06	0.0	0.0741503701943569	False	False	False	False	molformer	molformer_0497	0.5113630063327648	0.011363006332764769	positive	0.0227260126655295	False	False
TRAIN	molformer_0394	48152	2383	45769	0	0.0539069222609624	0.0660042476428831	0.0359905920922756	0.0510430708527565	-0.1524230614304542	0.2467243298888206	-0.1667970418930053	0.2851080298423767	-0.0150524787604808	0.488680155001589	0.0113198449984109	-0.0226396899968218	0.0226396899968218	negligible	53299136.0	0.0620081003783108	0.0371646732212054	0.0037356216618236	0.0	0.0752325767623108	False	False	False	False	molformer	molformer_0394	0.488680155001589	0.011319844998410988	negative	-0.0226396899968218	False	False
TRAIN	molformer_0295	48152	2383	45769	0	-0.161156461750473	-0.1714016745052555	-0.1583790928125381	-0.1744079738855362	-0.3603150695562362	0.021140874363482	-0.3651750981807709	0.015088316053152	0.016028881072998	0.5111343177332699	0.0111343177332698	0.0222686354665397	0.0222686354665397	negligible	55748156.0	0.0664092907201201	0.0287919428117224	0.0458835753797642	0.0	0.0804453237745303	False	False	False	False	molformer	molformer_0295	0.5111343177332699	0.011134317733269894	positive	0.0222686354665397	False	False
TRAIN	molformer_0107	48152	2383	45769	0	-0.3038133981937635	-0.293449838108953	-0.3154444694519043	-0.2997654676437378	-0.5260618329048157	-0.0874884240329265	-0.4902214705944061	-0.0992908105254173	-0.0156790018081665	0.4893774477897532	0.0106225522102468	-0.0212451044204936	0.0212451044204936	negligible	53375188.0	0.0798978435964307	0.0397598727988028	0.0015088233772975	0.0	0.0966323525701713	False	False	False	False	molformer	molformer_0107	0.4893774477897532	0.010622552210246827	negative	-0.0212451044204936	False	False
TRAIN	molformer_0168	48152	2383	45769	0	0.3281288812065407	0.341138405438151	0.3288575410842895	0.3381145000457763	0.1087335348129272	0.5402671992778778	0.1360356956720352	0.5460570454597473	-0.0092569589614868	0.4894991522087046	0.0105008477912953	-0.0210016955825907	0.0210016955825907	negligible	53388462.0	0.0834135324295393	0.0293080450976027	0.0400406342577179	0.0	0.100725775009255	False	False	False	False	molformer	molformer_0168	0.4894991522087046	0.010500847791295398	negative	-0.0210016955825907	False	False
TRAIN	molformer_0435	48152	2383	45769	0	0.0873991907725068	0.077841409053824	0.0850276052951812	0.068546250462532	-0.1104546412825584	0.2737680226564407	-0.1083179116249084	0.2576149106025696	0.0164813548326492	0.5103337632290865	0.0103337632290865	0.020667526458173	0.020667526458173	negligible	55660841.5	0.0884431083039108	0.0317023141085798	0.0206223439353973	0.0	0.106631565427635	False	False	False	False	molformer	molformer_0435	0.5103337632290865	0.010333763229086523	positive	0.020667526458173	False	False
TRAIN	molformer_0654	48152	2383	45769	0	0.0358342856546351	0.0566762119955152	0.0352674685418605	0.0425843931734561	-0.1558122485876083	0.2273250743746757	-0.1437989473342895	0.2341381162405014	-0.0073169246315956	0.4898149932380882	0.0101850067619118	-0.0203700135238236	0.0203700135238236	negligible	53422910.0	0.0931240840502935	0.0247168802131178	0.1235439034937075	0.0	0.1120992108943972	False	False	False	False	molformer	molformer_0654	0.4898149932380882	0.010185006761911808	negative	-0.0203700135238236	False	False
TRAIN	molformer_0754	48152	2383	45769	0	0.3444173292526948	0.3326199542995714	0.3276447057723999	0.3168352246284485	0.0917310304939746	0.601743072271347	0.0799582973122596	0.583389163017273	0.0108094811439514	0.5101546631748605	0.0101546631748604	0.0203093263497209	0.0203093263497209	negligible	55641307.5	0.0941029102082605	0.0217406506338041	0.2312986758481293	0.0	0.1131002113301159	False	False	False	False	molformer	molformer_0754	0.5101546631748605	0.010154663174860468	positive	0.0203093263497209	False	False
TRAIN	molformer_0660	48152	2383	45769	0	-0.0451384303997952	-0.0259359259117084	-0.0568804442882537	-0.0491193756461143	-0.2393840923905372	0.1502691656351089	-0.2366413176059723	0.1579268723726272	-0.0077610686421394	0.4898716874730275	0.0101283125269724	-0.0202566250539448	0.0202566250539448	negligible	53429093.5	0.0949596086609004	0.0215757619589191	0.2388938739261619	0.0	0.1139515303930805	False	False	False	False	molformer	molformer_0660	0.4898716874730275	0.010128312526972494	negative	-0.0202566250539448	False	False
TRAIN	molformer_0392	48152	2383	45769	0	-0.1970676211069337	-0.1865301948650495	-0.2191607803106308	-0.2062239348888397	-0.4329800456762314	0.0110373380593955	-0.4397097826004028	0.0481224544346332	-0.012936845421791	0.4900056549370556	0.0099943450629443	-0.0199886901258887	0.0199886901258887	negligible	53443705.0	0.0994121604268166	0.0373361999855373	0.0035250030753573	0.0	0.1191084855035806	False	False	False	False	molformer	molformer_0392	0.4900056549370556	0.009994345062944388	negative	-0.0199886901258887	False	False
TRAIN	molformer_0108	48152	2383	45769	0	-0.4288013859967655	-0.4515662486531528	-0.4740543365478515	-0.4714806377887726	-0.6721429228782654	-0.226137027144432	-0.6609525680541992	-0.2655725181102752	-0.0025736987590789	0.5099844887837238	0.0099844887837238	0.0199689775674476	0.0199689775674476	negligible	55622747.0	0.0997462150124581	0.0459309029716974	0.0001366969896999	0.0	0.1193225749681742	False	False	False	False	molformer	molformer_0108	0.5099844887837238	0.009984488783723822	positive	0.0199689775674476	False	False
TRAIN	molformer_0608	48152	2383	45769	0	0.3872299779293374	0.3797645042191747	0.3851356208324432	0.3717325329780578	0.1722669675946235	0.5928858816623688	0.1713611185550689	0.5767696499824524	0.0134030878543853	0.5098884977927481	0.0098884977927481	0.0197769955854962	0.0197769955854962	negligible	55612277.5	0.1030466147612074	0.0265004908381208	0.0815870201829926	0.0	0.1230790048780829	False	False	False	False	molformer	molformer_0608	0.5098884977927481	0.009888497792748141	positive	0.0197769955854962	False	False
TRAIN	molformer_0123	48152	2383	45769	0	0.0736255914014678	0.0791464686713257	0.0496662817895412	0.0710893124341964	-0.1483891606330871	0.2866568863391876	-0.13674296438694	0.2903090715408325	-0.0214230306446552	0.4901942399409129	0.009805760059087	-0.0196115201181741	0.0196115201181741	negligible	53464273.5	0.1059604984464222	0.0279739999972677	0.0566578631506095	0.0	0.1263628304454228	False	False	False	False	molformer	molformer_0123	0.4901942399409129	0.00980576005908712	negative	-0.0196115201181741	False	False
TRAIN	molformer_0443	48152	2383	45769	0	0.1221804726466556	0.1048503583285072	0.1275409311056137	0.1225983723998069	-0.1019146032631397	0.3424674868583679	-0.111954279243946	0.3361130058765411	0.0049425587058067	0.5097340888640485	0.0097340888640484	0.0194681777280969	0.0194681777280969	negligible	55595436.5	0.1085371200869225	0.0182720746936895	0.4309427872419359	0.0	0.1292348964755914	False	False	False	False	molformer	molformer_0443	0.5097340888640485	0.009734088864048474	positive	0.0194681777280969	False	False
TRAIN	molformer_0567	48152	2383	45769	0	-0.1147482765559458	-0.1273503556236626	-0.1400776803493499	-0.1452304422855377	-0.3177690654993057	0.059873504564166	-0.3204686343669891	0.0432809926569461	0.0051527619361877	0.5095738624384506	0.0095738624384505	0.0191477248769011	0.0191477248769011	negligible	55577961.0	0.1144765954702046	0.0252507054643312	0.1094488688024049	0.0	0.1360960144289739	False	False	False	False	molformer	molformer_0567	0.5095738624384506	0.009573862438450598	positive	0.0191477248769011	False	False
TRAIN	molformer_0215	48152	2383	45769	0	0.5100730620756956	0.5262302070863546	0.5282419919967651	0.5301023125648499	0.3157139420509338	0.719277411699295	0.3270924985408783	0.7286616563796997	-0.0018603205680847	0.4904533317235661	0.0095466682764339	-0.0190933365528678	0.0190933365528678	negligible	53492532.0	0.1155095899097988	0.0217381109227863	0.2314142676897717	0.0	0.1371118470644907	False	False	False	False	molformer	molformer_0215	0.4904533317235661	0.009546668276433912	negative	-0.0190933365528678	False	False
TRAIN	molformer_0632	48152	2383	45769	0	-0.0250876386253809	-0.0114036396543517	-0.0253423545509576	-0.0162934642285108	-0.2617341578006744	0.2095252871513366	-0.2627320289611816	0.2368387579917907	-0.0090488903224468	0.4905362161553365	0.0094637838446634	-0.0189275676893269	0.0189275676893269	negligible	53501572.0	0.1187032819466297	0.0299923551030912	0.0333001212162727	0.0	0.1406853711960055	False	False	False	False	molformer	molformer_0632	0.4905362161553365	0.00946378384466351	negative	-0.0189275676893269	False	False
TRAIN	molformer_0506	48152	2383	45769	0	-0.0693647833994752	-0.0572443565781546	-0.0504979714751243	-0.0442934706807136	-0.2308767586946487	0.1076012589037418	-0.2213583588600158	0.1217122673988342	-0.0062045007944107	0.4905477365412347	0.0094522634587653	-0.0189045269175306	0.0189045269175306	negligible	53502828.5	0.1191526118461442	0.0197020236829977	0.3384768938197053	0.0	0.1410003172539888	False	False	False	False	molformer	molformer_0506	0.4905477365412347	0.00945226345876532	negative	-0.0189045269175306	False	False
TRAIN	molformer_0365	48152	2383	45769	0	0.0142639324136341	0.0246230362228282	0.0371139049530029	0.0557654462754726	-0.1789970770478248	0.2463135495781898	-0.1692216843366623	0.2504887878894806	-0.0186515413224697	0.4905966695293274	0.0094033304706725	-0.018806660941345	0.018806660941345	negligible	53508165.5	0.1210760173636465	0.0304618624019961	0.0292720015464876	0.0	0.1430559712850469	False	False	False	False	molformer	molformer_0365	0.4905966695293274	0.0094033304706726	negative	-0.018806660941345	False	False
TRAIN	molformer_0678	48152	2383	45769	0	-0.5773317501097708	-0.6003060051008166	-0.617418646812439	-0.6269237399101257	-0.8432274758815765	-0.3810060620307922	-0.8335087299346924	-0.4022886157035827	0.0095050930976867	0.5093119696387725	0.0093119696387724	0.0186239392775449	0.0186239392775449	negligible	55549397.0	0.1247320546804227	0.0396722481843747	0.0015572748590194	0.0	0.1470157037969279	False	False	False	False	molformer	molformer_0678	0.5093119696387725	0.009311969638772455	positive	0.0186239392775449	False	False
TRAIN	molformer_0669	48152	2383	45769	0	-0.7178477873421203	-0.7116989289730296	-0.7294744849205017	-0.71832275390625	-0.915828824043274	-0.5299262404441833	-0.9027903079986572	-0.5220548510551453	-0.0111517310142517	0.4906899603582283	0.0093100396417716	-0.0186200792835433	0.0186200792835433	negligible	53518340.5	0.1248102068692669	0.0203074467801951	0.3035975313959573	0.0	0.1470157037969279	False	False	False	False	molformer	molformer_0669	0.4906899603582283	0.009310039641771684	negative	-0.0186200792835433	False	False
TRAIN	molformer_0683	48152	2383	45769	0	-0.4951747726984222	-0.4799983983308609	-0.4923183023929596	-0.4817941784858703	-0.762946605682373	-0.2133812308311462	-0.7808942198753357	-0.1737370193004608	-0.0105241239070892	0.4907488825707031	0.0092511174292968	-0.0185022348585937	0.0185022348585937	negligible	53524767.0	0.1272145945320593	0.0326405035295244	0.0156769766810412	0.0	0.1496183898937542	False	False	False	False	molformer	molformer_0683	0.4907488825707031	0.009251117429296907	negative	-0.0185022348585937	False	False
TRAIN	molformer_0003	48152	2383	45769	0	0.6267605823612421	0.6300008196348208	0.6688663959503174	0.6440667510032654	0.4228420853614807	0.8794761896133423	0.423729658126831	0.8568413853645325	0.024799644947052	0.508983989340842	0.0089839893408419	0.0179679786816839	0.0179679786816839	negligible	55513625.0	0.1385696551519694	0.0357363837542589	0.0059941324397733	0.0	0.1627239987105696	False	False	False	False	molformer	molformer_0003	0.508983989340842	0.008983989340841991	positive	0.0179679786816839	False	False
TRAIN	molformer_0158	48152	2383	45769	0	0.0439581381797335	0.0516322255377732	0.0550276786088943	0.0641767084598541	-0.1579117998480796	0.2571466416120529	-0.1456913948059082	0.2650385797023773	-0.0091490298509597	0.4912542758946024	0.0087457241053975	-0.017491448210795	0.017491448210795	negligible	53579889.0	0.1493426848587335	0.0227417643750187	0.1890468119674089	0.0	0.1751071480481028	False	False	False	False	molformer	molformer_0158	0.4912542758946024	0.00874572410539759	negative	-0.017491448210795	False	False
TRAIN	molformer_0184	48152	2383	45769	0	0.0236026572737398	0.0239291975424363	0.0317353680729866	0.0480086505413055	-0.1977523043751716	0.2424490377306938	-0.2209706008434295	0.2871335744857788	-0.0162732824683189	0.4915525819156053	0.0084474180843946	-0.0168948361687892	0.0168948361687892	negligible	53612424.5	0.16371745630671	0.047722994581146	6.379042213339861e-05	0.0	0.191669217139563	False	False	False	False	molformer	molformer_0184	0.4915525819156053	0.008447418084394698	negative	-0.0168948361687892	False	False
TRAIN	molformer_0372	48152	2383	45769	0	-0.2113221321167327	-0.2174462157225899	-0.2101949155330658	-0.21893210709095	-0.4182838350534439	-0.0023460802622139	-0.4230028092861175	-0.0156958624720573	0.0087371915578842	0.5083797260755716	0.0083797260755715	0.0167594521511431	0.0167594521511431	negligible	55447719.5	0.1671200226671121	0.0239338882232106	0.1468701903854898	0.0	0.1953549123414644	False	False	False	False	molformer	molformer_0372	0.5083797260755716	0.00837972607557158	positive	0.0167594521511431	False	False
TRAIN	molformer_0417	48152	2383	45769	0	-0.6284824804182149	-0.6402362816598394	-0.6251236796379089	-0.6395033597946167	-0.8859201967716217	-0.3645772635936737	-0.9343984723091124	-0.3436398506164551	0.0143796801567077	0.508242815480725	0.008242815480725	0.01648563096145	0.01648563096145	negligible	55432787.0	0.1741638811448561	0.0385956307600153	0.0022832441638256	0.0	0.2032794235854856	False	False	False	False	molformer	molformer_0417	0.508242815480725	0.00824281548072503	positive	0.01648563096145	False	False
TRAIN	molformer_0395	48152	2383	45769	0	0.36077210536415	0.380521772563906	0.3641089200973511	0.3684158027172088	0.093919787555933	0.6443882584571838	0.0771703720092773	0.6842459440231323	-0.0043068826198577	0.4917821277821766	0.0082178722178233	-0.0164357444356467	0.0164357444356467	negligible	53637460.5	0.1754707136536131	0.0412191339040812	0.0008822408744813	0.0	0.2044939424673366	False	False	False	False	molformer	molformer_0395	0.4917821277821766	0.008217872217823385	negative	-0.0164357444356467	False	False
TRAIN	molformer_0164	48152	2383	45769	0	-0.4220695952291345	-0.4327016780419748	-0.4271717965602875	-0.4341096580028534	-0.6658163964748383	-0.193331092596054	-0.643248975276947	-0.2271451503038406	0.0069378614425659	0.5080775875664625	0.0080775875664624	0.0161551751329249	0.0161551751329249	negligible	55414766.0	0.1829570657161424	0.0438689876960354	0.0003169006576782	0.0	0.2128954946515112	False	False	False	False	molformer	molformer_0164	0.5080775875664625	0.008077587566462485	positive	0.0161551751329249	False	False
TRAIN	molformer_0095	48152	2383	45769	0	0.2672496043777367	0.2612281880992249	0.2599434554576874	0.2488300949335098	0.0817300602793693	0.4383429586887359	0.0713665559887886	0.4372169971466064	0.0111133605241775	0.5079855940989658	0.0079855940989658	0.0159711881979316	0.0159711881979316	negligible	55404732.5	0.1879932637409633	0.0241194613315107	0.1410435033474879	0.0	0.2184248510636306	False	False	False	False	molformer	molformer_0095	0.5079855940989658	0.00798559409896582	positive	0.0159711881979316	False	False
TRAIN	molformer_0636	48152	2383	45769	0	0.4185132358095304	0.4309285531534285	0.4256652593612671	0.4270036816596985	0.2355782017111778	0.6077095866203308	0.2473005503416061	0.611163854598999	-0.0013384222984313	0.4920984455804155	0.0079015544195845	-0.015803108839169	0.015803108839169	negligible	53671960.5	0.1926827836274754	0.0227342919400748	0.1893382875206519	0.0	0.2235353139364066	False	False	False	False	molformer	molformer_0636	0.4920984455804155	0.007901554419584511	negative	-0.015803108839169	False	False
TRAIN	molformer_0499	48152	2383	45769	0	0.2763529640803044	0.2870299837135641	0.2827180624008178	0.2853942215442657	0.0429897140711545	0.5226000249385834	0.044811688363552	0.5448049306869507	-0.0026761591434478	0.4921098972015749	0.007890102798425	-0.0157802055968501	0.0157802055968501	negligible	53673209.5	0.193328396342011	0.0249372391105924	0.1175551342164554	0.0	0.2236145700247999	False	False	False	False	molformer	molformer_0499	0.4921098972015749	0.007890102798425114	negative	-0.0157802055968501	False	False
TRAIN	molformer_0759	48152	2383	45769	0	-0.2269583075811942	-0.2230722915733263	-0.2312456220388412	-0.2211486548185348	-0.4067744165658951	-0.0519056338816881	-0.4093349277973175	-0.0359831303358078	-0.0100969672203063	0.4921135371484126	0.0078864628515873	-0.0157729257031746	0.0157729257031746	negligible	53673606.5	0.1935339395187987	0.0264114267484949	0.0833524095017738	0.0	0.2236145700247999	False	False	False	False	molformer	molformer_0759	0.4921135371484126	0.007886462851587395	negative	-0.0157729257031746	False	False
TRAIN	molformer_0667	48152	2383	45769	0	0.4582541944546591	0.4500248815463573	0.4653849303722381	0.442107230424881	0.1771958395838737	0.7386605739593506	0.1562854498624801	0.7428591847419739	0.0232776999473571	0.5078848583410166	0.0078848583410165	0.0157697166820331	0.0157697166820331	negligible	55393745.5	0.1936245951386613	0.026068208184458	0.0904590861000537	0.0	0.2236145700247999	False	False	False	False	molformer	molformer_0667	0.5078848583410166	0.007884858341016598	positive	0.0157697166820331	False	False
TRAIN	molformer_0582	48152	2383	45769	0	0.2049556766095494	0.2154516792198892	0.1912758350372314	0.2038207203149795	-0.0145337828435003	0.4157667607069015	-0.00469062756747	0.4290497899055481	-0.0125448852777481	0.4921315397570167	0.0078684602429832	-0.0157369204859665	0.0157369204859665	negligible	53675570.0	0.1945528839525933	0.0221900877976265	0.2115212712185556	0.0	0.2243492715849724	False	False	False	False	molformer	molformer_0582	0.4921315397570167	0.007868460242983322	negative	-0.0157369204859665	False	False
TRAIN	molformer_0765	48152	2383	45769	0	-2.542259880113742	-2.5308295389150395	-2.533899545669556	-2.5288102626800537	-2.7707022428512573	-2.31957483291626	-2.742877960205078	-2.317102432250977	-0.0050892829895019	0.4922461568235612	0.0077538431764387	-0.0155076863528774	0.0155076863528774	negligible	53688071.0	0.2011326206898368	0.0332366021281476	0.0131160582400369	0.0	0.2315889845424208	False	False	False	False	molformer	molformer_0765	0.4922461568235612	0.0077538431764387905	negative	-0.0155076863528774	False	False
TRAIN	molformer_0034	48152	2383	45769	0	0.1359062214534949	0.1437710450599024	0.1471917629241943	0.1602496206760406	-0.1748799309134483	0.4374425709247589	-0.1799532175064087	0.4905310869216919	-0.0130578577518463	0.4923481486840716	0.0076518513159283	-0.0153037026318567	0.0153037026318567	negligible	53699195.0	0.2071228101699612	0.0415575022618784	0.0007768708928395	0.0	0.2381292188780392	False	False	False	False	molformer	molformer_0034	0.4923481486840716	0.007651851315928382	negative	-0.0153037026318567	False	False
TRAIN	molformer_0403	48152	2383	45769	0	-0.0253859567892932	-0.0303309218817457	-0.0199533887207508	-0.0314708538353443	-0.2237667664885521	0.175795741379261	-0.2211592346429824	0.1594006866216659	0.0115174651145935	0.5075925256836529	0.0075925256836528	0.0151850513673057	0.0151850513673057	negligible	55361861.5	0.210666134272264	0.0208909476786798	0.2724338425848064	0.0	0.2418409433798187	False	False	False	False	molformer	molformer_0403	0.5075925256836529	0.007592525683652873	positive	0.0151850513673057	False	False
TRAIN	molformer_0281	48152	2383	45769	0	-0.2861729119803337	-0.2989180024767298	-0.285112589597702	-0.2863551378250122	-0.4962998032569885	-0.0821271575987339	-0.5117756724357605	-0.0805703997611999	0.0012425482273101	0.5075823805925296	0.0075823805925295	0.0151647611850591	0.0151647611850591	negligible	55360755.0	0.2112764318411798	0.0254417155713083	0.1047397956542812	0.0	0.242179551722427	False	False	False	False	molformer	molformer_0281	0.5075823805925296	0.007582380592529581	positive	0.0151647611850591	False	False
TRAIN	molformer_0379	48152	2383	45769	0	-0.5978136027663277	-0.5898912288884199	-0.6026475429534912	-0.5952061414718628	-0.8177275359630585	-0.3881284147500992	-0.8301695585250854	-0.3552820980548858	-0.0074414014816284	0.4925510550908521	0.0074489449091478	-0.0148978898182957	0.0148978898182957	negligible	53721325.5	0.2194227570885828	0.0371580351317583	0.0037440007390613	0.0	0.2511425893353675	False	False	False	False	molformer	molformer_0379	0.4925510550908521	0.007448944909147881	negative	-0.0148978898182957	False	False
TRAIN	molformer_0553	48152	2383	45769	0	-0.2197803270778615	-0.2215437449775098	-0.2224964499473571	-0.2348026484251022	-0.415282666683197	-0.0192955834791064	-0.4343406856060028	-0.0211563557386398	0.012306198477745	0.5072842166853201	0.00728421668532	0.0145684333706401	0.0145684333706401	negligible	55328235.0	0.229787398695539	0.0308115998632663	0.0265569563428058	0.0	0.2626141699377588	False	False	False	False	molformer	molformer_0553	0.5072842166853201	0.0072842166853200885	positive	0.0145684333706401	False	False
TRAIN	molformer_0764	48152	2383	45769	0	-0.1328004855509481	-0.1413879290395133	-0.1344822347164154	-0.1365777552127838	-0.3075810819864273	0.0392904821783304	-0.3213213682174682	0.0415452606976032	0.0020955204963684	0.5071556862199691	0.007155686219969	0.0143113724399381	0.0143113724399381	negligible	55314216.5	0.2381129484082262	0.0243233900407405	0.1348573892279306	0.0	0.2717247316159253	False	False	False	False	molformer	molformer_0764	0.5071556862199691	0.007155686219969093	positive	0.0143113724399381	False	False
TRAIN	molformer_0674	48152	2383	45769	0	-0.1314483396825111	-0.1187182512470612	-0.1594642698764801	-0.1320286244153976	-0.4359855055809021	0.152408167719841	-0.4961774945259094	0.2368145734071731	-0.0274356454610824	0.4929293390873344	0.0070706609126656	-0.0141413218253312	0.0141413218253312	negligible	53762584.0	0.2437361796888892	0.058687431319498	3.187875637893724e-07	0.0	0.277729059348764	False	False	False	False	molformer	molformer_0674	0.4929293390873344	0.007070660912665616	negative	-0.0141413218253312	False	False
TRAIN	molformer_0528	48152	2383	45769	0	-0.4098451331128707	-0.4067503983127509	-0.414894551038742	-0.4005873203277588	-0.6350153088569641	-0.1859500333666801	-0.635674238204956	-0.1721920520067215	-0.0143072307109832	0.4930156480030944	0.0069843519969055	-0.0139687039938111	0.0139687039938111	negligible	53771997.5	0.2495390529127547	0.021951877573973	0.2218364473166463	0.0	0.2839199890918453	False	False	False	False	molformer	molformer_0528	0.4930156480030944	0.006984351996905613	negative	-0.0139687039938111	False	False
TRAIN	molformer_0233	48152	2383	45769	0	-0.2578008334348713	-0.2652756782706154	-0.260759025812149	-0.2661149501800537	-0.4475710839033127	-0.0708059482276439	-0.4471466839313507	-0.0850572064518928	0.0053559243679046	0.5069519867265351	0.006951986726535	0.0139039734530701	0.0139039734530701	negligible	55291999.5	0.2517397843886776	0.0234281923344609	0.1637346611914669	0.0	0.2860002284179059	False	False	False	False	molformer	molformer_0233	0.5069519867265351	0.0069519867265350754	positive	0.0139039734530701	False	False
TRAIN	molformer_0710	48152	2383	45769	0	-0.3639941580699754	-0.3853007396140567	-0.3609327375888824	-0.3593247830867767	-0.6150482296943665	-0.1087854243814945	-0.6052747964859009	-0.1235524117946624	-0.0016079545021057	0.5067994894575725	0.0067994894575724	0.0135989789151449	0.0135989789151449	negligible	55275367.0	0.2622910699342716	0.02408029293632	0.1422575230570396	0.0	0.2975473289653185	False	False	False	False	molformer	molformer_0710	0.5067994894575725	0.006799489457572472	positive	0.0135989789151449	False	False
TRAIN	molformer_0475	48152	2383	45769	0	-0.0268774445782834	-0.0164189179929987	-0.0325025096535682	-0.0254743844270706	-0.2192191332578659	0.1684246808290481	-0.1991929858922958	0.1573987603187561	-0.0070281252264976	0.4933637030204233	0.0066362969795766	-0.0132725939591533	0.0132725939591533	negligible	53809959.0	0.2739164518187728	0.0301169659783337	0.0321861777032115	0.0	0.3102770427681673	False	False	False	False	molformer	molformer_0475	0.4933637030204233	0.0066362969795766835	negative	-0.0132725939591533	False	False
TRAIN	molformer_0334	48152	2383	45769	0	0.1899027248424471	0.174686830675496	0.193705603480339	0.1918523460626602	-0.0155942207202315	0.4021106213331222	-0.0459380038082599	0.4157258868217468	0.0018532574176788	0.5065591291897541	0.006559129189754	0.0131182583795081	0.0131182583795081	negligible	55249151.5	0.279534503111386	0.0310645624155391	0.0247344005081314	0.0	0.3161745189831288	False	False	False	False	molformer	molformer_0334	0.5065591291897541	0.006559129189754098	positive	0.0131182583795081	False	False
TRAIN	molformer_0029	48152	2383	45769	0	-0.145452110219444	-0.1554220935887609	-0.1531674861907959	-0.1509891301393509	-0.375552088022232	0.0879150331020355	-0.3925710320472717	0.0832927748560905	-0.002178356051445	0.5063281530166169	0.0063281530166169	0.0126563060332338	0.0126563060332338	negligible	55223959.5	0.2968158986155157	0.0227732952998925	0.1878207438640564	0.0	0.3352273678481118	False	False	False	False	molformer	molformer_0029	0.5063281530166169	0.006328153016616933	positive	0.0126563060332338	False	False
TRAIN	molformer_0388	48152	2383	45769	0	-0.257714047367019	-0.2323870839724229	-0.2867996096611023	-0.2845314443111419	-0.5630651414394379	0.0138967530801892	-0.5530512928962708	0.0116351693868637	-0.0022681653499603	0.493681130223114	0.006318869776886	-0.012637739553772	0.012637739553772	negligible	53844580.0	0.2975250843282729	0.0189207095527159	0.3872877130783484	0.0	0.335534896863603	False	False	False	False	molformer	molformer_0388	0.493681130223114	0.006318869776886005	negative	-0.012637739553772	False	False
TRAIN	molformer_0646	48152	2383	45769	0	-0.5691311267412743	-0.5580331626587303	-0.5858226418495178	-0.5753158330917358	-0.840380072593689	-0.3200331777334213	-0.8557649254798889	-0.2833029627799988	-0.0105068087577819	0.4936968498423917	0.0063031501576082	-0.0126063003152165	0.0126063003152165	negligible	53846294.5	0.2987285526901827	0.0360754397594437	0.0053666552004746	0.0	0.3363981355807336	False	False	False	False	molformer	molformer_0646	0.4936968498423917	0.006303150157608295	negative	-0.0126063003152165	False	False
TRAIN	molformer_0473	48152	2383	45769	0	-0.7069633990357341	-0.7127466188985715	-0.7226501107215881	-0.7287516593933105	-0.9399228394031524	-0.4986836761236191	-0.944028913974762	-0.5068153738975525	0.0061015486717224	0.5061787455765822	0.0061787455765821	0.0123574911531643	0.0123574911531643	negligible	55207664.0	0.3083672840737127	0.0176399617092262	0.4760152259973629	0.0	0.346743886044819	False	False	False	False	molformer	molformer_0473	0.5061787455765822	0.006178745576582156	positive	0.0123574911531643	False	False
TRAIN	molformer_0054	48152	2383	45769	0	1.1542635493764464	1.1635125769416017	1.1981374025344849	1.2003554105758667	0.9113121628761292	1.4344733953475952	0.9056321382522584	1.4543299674987793	-0.0022180080413818	0.4941024701146841	0.0058975298853158	-0.0117950597706317	0.0117950597706317	negligible	53890534.5	0.3309055457354126	0.0229889231833412	0.1796018206007333	0.0	0.3715430688959019	False	False	False	False	molformer	molformer_0054	0.4941024701146841	0.005897529885315889	negative	-0.0117950597706317	False	False
TRAIN	molformer_0602	48152	2383	45769	0	0.3682065462968599	0.362172525170314	0.345865398645401	0.3449921905994415	0.1763687282800674	0.5380911827087402	0.1821568012237548	0.5188549757003784	0.0008732080459594	0.5057719150448877	0.0057719150448877	0.0115438300897754	0.0115438300897754	negligible	55163292.0	0.3413089602515288	0.0279439268848554	0.05709234157831	0.0	0.3826646444863856	False	False	False	False	molformer	molformer_0602	0.5057719150448877	0.005771915044887721	positive	0.0115438300897754	False	False
TRAIN	molformer_0068	48152	2383	45769	0	0.0248961663883466	0.0171646195837148	0.0233185477554798	0.0054286946542561	-0.2170567512512207	0.2444297969341278	-0.2116838991641998	0.2327573597431183	0.0178898531012237	0.5057621504519856	0.0057621504519855	0.0115243009039711	0.0115243009039711	negligible	55162227.0	0.3421263415775409	0.0246559179800601	0.125244082328424	0.0	0.3830219101043025	False	False	False	False	molformer	molformer_0068	0.5057621504519856	0.0057621504519855815	positive	0.0115243009039711	False	False
TRAIN	molformer_0078	48152	2383	45769	0	-0.4718184395981759	-0.4789876725015193	-0.488726943731308	-0.4974425733089447	-0.7027585804462433	-0.2636531442403793	-0.707621693611145	-0.2664817571640014	0.0087156295776367	0.5057504604463985	0.0057504604463984	0.0115009208927969	0.0115009208927969	negligible	55160952.0	0.3431065419682042	0.0183931098025171	0.4225897308963378	0.0	0.3835601517199139	False	False	False	False	molformer	molformer_0078	0.5057504604463985	0.0057504604463984865	positive	0.0115009208927969	False	False
TRAIN	molformer_0756	48152	2383	45769	0	0.1316708205002518	0.1133347086387436	0.151517316699028	0.1495918333530426	-0.0704825483262538	0.3475276827812195	-0.0970649942755699	0.3564084768295288	0.0019254833459854	0.505614265004835	0.0056142650048349	0.0112285300096699	0.0112285300096699	negligible	55146097.5	0.354658448252938	0.0333397400676371	0.0127133260294274	0.0	0.3958978027009541	False	False	False	False	molformer	molformer_0756	0.505614265004835	0.005614265004834973	positive	0.0112285300096699	False	False
TRAIN	molformer_0468	48152	2383	45769	0	0.263380744259255	0.2684586934671929	0.2735945582389831	0.2803002297878265	0.0304587539285421	0.5023777484893799	0.032007873058319	0.513257622718811	-0.0067056715488433	0.4945149943667467	0.0054850056332532	-0.0109700112665065	0.0109700112665065	negligible	53935527.5	0.3658464295963453	0.0160597755187021	0.5973206534153357	0.0	0.4077939882873631	False	False	False	False	molformer	molformer_0468	0.4945149943667467	0.005485005633253326	negative	-0.0109700112665065	False	False
TRAIN	molformer_0520	48152	2383	45769	0	0.685379781755846	0.6967898969206477	0.6919863224029541	0.6966037154197693	0.4457566887140274	0.9333425164222716	0.4437422454357147	0.946237862110138	-0.0046173930168151	0.4948673586410371	0.0051326413589628	-0.0102652827179257	0.0102652827179257	negligible	53973959.0	0.3974474943491251	0.0175762488866186	0.4806860173192935	0.0	0.4423763415364175	False	False	False	False	molformer	molformer_0520	0.4948673586410371	0.005132641358962908	negative	-0.0102652827179257	False	False
TRAIN	molformer_0087	48152	2383	45769	0	0.4944871398026018	0.4925362233909413	0.4870115220546722	0.5001423954963684	0.3257989138364792	0.666811466217041	0.3226021528244018	0.673559844493866	-0.0131308734416961	0.4949089613079794	0.0050910386920205	-0.010182077384041	0.010182077384041	negligible	53978496.5	0.4012842161881745	0.0253804966165593	0.106230423617472	0.0	0.4460004023625443	False	False	False	False	molformer	molformer_0087	0.4949089613079794	0.0050910386920206	negative	-0.010182077384041	False	False
TRAIN	molformer_0477	48152	2383	45769	0	0.3031165125262975	0.3018400279339904	0.3065123260021209	0.3015324771404266	0.1079672500491142	0.5164207816123962	0.1109877005219459	0.4951117932796478	0.0049798488616943	0.5050477169066097	0.0050477169066096	0.0100954338132193	0.0100954338132193	negligible	55084305.5	0.4053030221769942	0.0242134581450627	0.1381642185243866	0.0	0.4494445125742423	False	False	False	False	molformer	molformer_0477	0.5050477169066097	0.005047716906609656	positive	0.0100954338132193	False	False
TRAIN	molformer_0096	48152	2383	45769	0	-0.6618024329561565	-0.6568623506655275	-0.6748329997062683	-0.6579151749610901	-0.9659307599067688	-0.3712877184152603	-0.9415387511253356	-0.3751120865345001	-0.0169178247451782	0.4949549740868333	0.0050450259131666	-0.0100900518263332	0.0100900518263332	negligible	53983515.0	0.4055534468931639	0.0231684725005271	0.1729758962002546	0.0	0.4494445125742423	False	False	False	False	molformer	molformer_0096	0.4949549740868333	0.00504502591316669	negative	-0.0100900518263332	False	False
TRAIN	molformer_0452	48152	2383	45769	0	0.1106235163175431	0.1130393591515282	0.1154451891779899	0.1011701822280883	-0.0916599407792091	0.3184505105018616	-0.0953667908906936	0.3121586740016937	0.0142750069499015	0.5050358664499653	0.0050358664499653	0.0100717328999306	0.0100717328999306	negligible	55083013.0	0.4064065220818824	0.0283728904937947	0.0511584319826973	0.0	0.4497409350992589	False	False	False	False	molformer	molformer_0452	0.5050358664499653	0.005035866449965343	positive	0.0100717328999306	False	False
TRAIN	molformer_0448	48152	2383	45769	0	-0.2536679338533746	-0.24729370938753	-0.2484171539545059	-0.23684823513031	-0.491420716047287	-0.011190187651664	-0.4701162874698639	-0.0162050984799861	-0.0115689188241958	0.4949925012969259	0.005007498703074	-0.010014997406148	0.010014997406148	negligible	53987608.0	0.4090553658825275	0.0213349845183525	0.2503173198358763	0.0	0.4520208935219872	False	False	False	False	molformer	molformer_0448	0.4949925012969259	0.005007498703074098	negative	-0.010014997406148	False	False
TRAIN	molformer_0745	48152	2383	45769	0	-0.1155400233878312	-0.1122249936751813	-0.1468666940927505	-0.1357002854347229	-0.3610654026269912	0.1081162132322788	-0.3509397506713867	0.0967902243137359	-0.0111664086580276	0.4950096053796103	0.0049903946203896	-0.0099807892407792	0.0099807892407792	negligible	53989473.5	0.4106574157798438	0.0219033663429445	0.2239831846344151	0.0	0.4531392174122414	False	False	False	False	molformer	molformer_0745	0.4950096053796103	0.004990394620389693	negative	-0.0099807892407792	False	False
TRAIN	molformer_0261	48152	2383	45769	0	0.6210070024304087	0.6254187404817548	0.6185003519058228	0.6266963481903076	0.4016126692295074	0.8381521105766296	0.4234467446804046	0.8290968537330627	-0.0081959962844848	0.4951390022806696	0.0048609977193303	-0.0097219954386607	0.0097219954386607	negligible	54003586.5	0.4228976044850931	0.0277787814882793	0.0595296198541166	0.0	0.4659761266062432	False	False	False	False	molformer	molformer_0261	0.4951390022806696	0.004860997719330407	negative	-0.0097219954386607	False	False
TRAIN	molformer_0691	48152	2383	45769	0	0.4861780154602736	0.4945934118458444	0.4927352368831634	0.4959776699542999	0.2937039583921432	0.6932454705238342	0.2592074871063232	0.7297711372375488	-0.0032424330711364	0.4951510957060574	0.0048489042939425	-0.0096978085878851	0.0096978085878851	negligible	54004905.5	0.4240523870369309	0.0482668594842166	5.032638114103017e-05	0.0	0.466579130722583	False	False	False	False	molformer	molformer_0691	0.4951510957060574	0.00484890429394258	negative	-0.0096978085878851	False	False
TRAIN	molformer_0565	48152	2383	45769	0	-0.2866012516408403	-0.2855273076566384	-0.3219529092311859	-0.3232854604721069	-0.5802578628063202	-0.0410410147160291	-0.6337481141090393	0.0082400273531675	0.001332551240921	0.5048310483834477	0.0048310483834477	0.0096620967668954	0.0096620967668954	negligible	55060674.0	0.4257607876210624	0.0524440698100727	7.44870862330732e-06	0.0	0.4677886765278625	False	False	False	False	molformer	molformer_0565	0.5048310483834477	0.0048310483834477225	positive	0.0096620967668954	False	False
TRAIN	molformer_0228	48152	2383	45769	0	0.2769647345078921	0.2856109450265622	0.2793968319892883	0.2827328741550445	0.0736688636243343	0.4868537932634353	0.0704665184020996	0.4992377161979675	-0.0033360421657562	0.4952861496529577	0.0047138503470423	-0.0094277006940846	0.0094277006940846	negligible	54019635.5	0.4370732351377289	0.0182958856305598	0.429292205815899	0.0	0.4795317779796797	False	False	False	False	molformer	molformer_0228	0.4952861496529577	0.004713850347042303	negative	-0.0094277006940846	False	False
TRAIN	molformer_0208	48152	2383	45769	0	0.3207309881810456	0.3122982988791208	0.3244279623031616	0.3099096715450287	0.0816687531769275	0.5530323386192322	0.060661606490612	0.5720594525337219	0.0145182907581329	0.5045433229635802	0.0045433229635801	0.0090866459271603	0.0090866459271603	negligible	55029292.5	0.4538384578776673	0.0242270919005984	0.1377505725915377	0.0	0.4972153147646911	False	False	False	False	molformer	molformer_0208	0.5045433229635802	0.004543322963580176	positive	0.0090866459271603	False	False
TRAIN	molformer_0463	48152	2383	45769	0	0.0998683061544064	0.1069626467200953	0.1177280843257904	0.1200294718146324	-0.1195329986512661	0.34467713534832	-0.1039423495531082	0.3410248756408691	-0.002301387488842	0.4954776594503697	0.0045223405496302	-0.0090446810992605	0.0090446810992605	negligible	54040523.0	0.4559260909009982	0.0249977062375311	0.1159541499192596	0.0	0.4987909370540835	False	False	False	False	molformer	molformer_0463	0.4954776594503697	0.004522340549630299	negative	-0.0090446810992605	False	False
TRAIN	molformer_0182	48152	2383	45769	0	0.2838258290088136	0.2830979338319722	0.2787089049816131	0.2674221098423004	0.0782173126935958	0.4813366830348968	0.0770319178700447	0.4753307700157165	0.0112867951393127	0.5044645002357118	0.0044645002357117	0.0089290004714235	0.0089290004714235	negligible	55020695.5	0.461708759447998	0.0194560109536543	0.3533887102519933	0.0	0.5043987585434744	False	False	False	False	molformer	molformer_0182	0.5044645002357118	0.004464500235711766	positive	0.0089290004714235	False	False
TRAIN	molformer_0355	48152	2383	45769	0	-0.3200876162869555	-0.3296347391934932	-0.307898998260498	-0.308299720287323	-0.5243126153945923	-0.100789126008749	-0.5640538930892944	-0.07378451526165	0.0004007220268249	0.5043635352619666	0.0043635352619666	0.0087270705239332	0.0087270705239332	negligible	55009683.5	0.4719003317114094	0.0411277776564971	0.0009129008163352	0.0	0.5148003618669921	False	False	False	False	molformer	molformer_0355	0.5043635352619666	0.0043635352619666445	positive	0.0087270705239332	False	False
TRAIN	molformer_0250	48152	2383	45769	0	-0.2754849007052646	-0.2592970290038132	-0.307943195104599	-0.3034052550792694	-0.6056391000747681	0.031264005228877	-0.65387362241745	0.1145085468888282	-0.0045379400253295	0.4957046518529754	0.0042953481470245	-0.008590696294049	0.008590696294049	negligible	54065280.5	0.478852792337256	0.055143874308253	1.9914345395194838e-06	0.0	0.5216438929290959	False	False	False	False	molformer	molformer_0250	0.4957046518529754	0.004295348147024591	negative	-0.008590696294049	False	False
TRAIN	molformer_0704	48152	2383	45769	0	-0.0230822423782969	-0.0148610718440061	-0.0153771685436367	-0.0173691287636756	-0.2183135226368904	0.1753469854593277	-0.2063811421394348	0.1712152957916259	0.0019919602200388	0.4958075468237214	0.0041924531762785	-0.0083849063525571	0.0083849063525571	negligible	54076503.0	0.4894491663613024	0.0262931055546899	0.0857473656324614	0.0	0.5324319543420399	False	False	False	False	molformer	molformer_0704	0.4958075468237214	0.004192453176278588	negative	-0.0083849063525571	False	False
TRAIN	molformer_0069	48152	2383	45769	0	0.2373288042611879	0.2265115250416965	0.2409462183713913	0.2416940778493881	0.0551215950399637	0.4197968244552612	0.0628595948219299	0.4141146242618561	-0.0007478594779968	0.5039218226704636	0.0039218226704635	0.0078436453409271	0.0078436453409271	negligible	54961507.0	0.5179116515115716	0.0271178698312285	0.0701961712216624	0.0	0.5625970981059222	False	False	False	False	molformer	molformer_0069	0.5039218226704636	0.003921822670463593	positive	0.0078436453409271	False	False
TRAIN	molformer_0089	48152	2383	45769	0	-0.0851249844068551	-0.079259343531493	-0.0904977172613143	-0.092912845313549	-0.2668280005455017	0.0813045240938663	-0.2644859552383423	0.0894921943545341	0.0024151280522346	0.4961159475083725	0.0038840524916274	-0.0077681049832549	0.0077681049832549	negligible	54110139.5	0.521950979564515	0.0180908933600374	0.4436177341229411	0.0	0.5661841134259146	False	False	False	False	molformer	molformer_0089	0.4961159475083725	0.0038840524916274877	negative	-0.0077681049832549	False	False
TRAIN	molformer_0077	48152	2383	45769	0	0.3405341243940431	0.3398377190032888	0.3546465337276459	0.3504383265972137	0.185644544661045	0.518618255853653	0.1904731839895248	0.5054197907447815	0.0042082071304321	0.5038553179994628	0.0038553179994628	0.0077106359989256	0.0077106359989256	negligible	54954253.5	0.5250348010308737	0.025292560268649	0.1084023012119391	0.0	0.5687259903973357	False	False	False	False	molformer	molformer_0077	0.5038553179994628	0.003855317999462815	positive	0.0077106359989256	False	False
TRAIN	molformer_0037	48152	2383	45769	0	-0.1515015697003176	-0.1490563386945271	-0.1734101623296737	-0.1681777089834213	-0.3693176805973053	0.0518735740333795	-0.363550454378128	0.0475536957383155	-0.0052324533462524	0.4961525899454931	0.0038474100545068	-0.0076948201090136	0.0076948201090136	negligible	54114136.0	0.5258851250913206	0.0174375916674081	0.4909266038809713	0.0	0.5688447550283581	False	False	False	False	molformer	molformer_0037	0.4961525899454931	0.0038474100545068946	negative	-0.0076948201090136	False	False
TRAIN	molformer_0662	48152	2383	45769	0	-0.3163575094731671	-0.3269122297930493	-0.3284544944763183	-0.335041344165802	-0.5689688622951508	-0.0916454270482063	-0.5471784472465515	-0.1216004565358161	0.0065868496894836	0.5038089338910197	0.0038089338910196	0.0076178677820393	0.0076178677820393	negligible	54949194.5	0.5300324051365121	0.0321366688730367	0.01818195108593	0.0	0.5725244544934476	False	False	False	False	molformer	molformer_0662	0.5038089338910197	0.0038089338910196613	positive	0.0076178677820393	False	False
TRAIN	molformer_0576	48152	2383	45769	0	0.3453631614967105	0.3486746228522686	0.381278783082962	0.379065990447998	0.1680676341056823	0.5816363096237183	0.1565821766853332	0.5754691958427429	0.0022127926349639	0.5037960382103465	0.0037960382103464	0.0075920764206929	0.0075920764206929	negligible	54947788.0	0.5314261172528731	0.0209106785743844	0.2714219277877507	0.0	0.573223677036807	False	False	False	False	molformer	molformer_0576	0.5037960382103465	0.003796038210346464	positive	0.0075920764206929	False	False
TRAIN	molformer_0313	48152	2383	45769	0	0.1600656596833891	0.1525292884047586	0.1714235693216323	0.1688454151153564	-0.0547093246132135	0.3791812062263489	-0.0537841171026229	0.3716733455657959	0.0025781542062759	0.5037281078170958	0.0037281078170957	0.0074562156341915	0.0074562156341915	negligible	54940379.0	0.5387982967637847	0.017495619938279	0.4866284623714433	0.0	0.5803605777203179	False	False	False	False	molformer	molformer_0313	0.5037281078170958	0.0037281078170957604	positive	0.0074562156341915	False	False
TRAIN	molformer_0265	48152	2383	45769	0	-0.7050689405531466	-0.7022928867694274	-0.7096783518791199	-0.70168137550354	-0.9310235381126404	-0.4951759278774261	-0.8993381857872009	-0.513570249080658	-0.0079969763755798	0.496298096132683	0.003701903867317	-0.007403807734634	0.007403807734634	negligible	54130006.0	0.5416557347628248	0.0367416325484303	0.0043055328643122	0.0	0.5826212945348032	False	False	False	False	molformer	molformer_0265	0.496298096132683	0.0037019038673170024	negative	-0.007403807734634	False	False
TRAIN	molformer_0425	48152	2383	45769	0	-0.589697112455032	-0.5946925835527106	-0.6107622385025024	-0.6083352565765381	-0.8114957213401794	-0.3824840188026428	-0.8180323243141174	-0.3914736211299896	-0.0024269819259643	0.5036453150716436	0.0036453150716435	0.0072906301432871	0.0072906301432871	negligible	54931349.0	0.5478522133362607	0.0181025100165698	0.44279900877362	0.0	0.5884622375416059	False	False	False	False	molformer	molformer_0425	0.5036453150716436	0.0036453150716435623	positive	0.0072906301432871	False	False
TRAIN	molformer_0413	48152	2383	45769	0	-0.2050771316195158	-0.2131452777389799	-0.2137874960899353	-0.2126183211803436	-0.4046251028776169	-0.0152685916982591	-0.3973055183887481	-0.0308637488633394	-0.0011691749095916	0.5035430114776509	0.0035430114776509	0.0070860229553018	0.0070860229553018	negligible	54920191.0	0.5591426543899077	0.0230971680507617	0.1755837878951058	0.0	0.5997507801277223	False	False	False	False	molformer	molformer_0413	0.5035430114776509	0.0035430114776509036	positive	0.0070860229553018	False	False
TRAIN	molformer_0320	48152	2383	45769	0	-0.0206527066222892	-0.0321090553890289	-0.0239475630223751	-0.0197262596338987	-0.2427153512835502	0.2076630145311355	-0.2551750838756561	0.2142193913459777	-0.0042213033884763	0.5034962056121435	0.0034962056121434	0.0069924112242869	0.0069924112242869	negligible	54915086.0	0.5643456468409878	0.0200373297177628	0.318838988763703	0.0	0.6044873874112672	False	False	False	False	molformer	molformer_0320	0.5034962056121435	0.003496205612143477	positive	0.0069924112242869	False	False
TRAIN	molformer_0378	48152	2383	45769	0	1.7050939312425923	1.7125292425625132	1.726265549659729	1.7171566486358645	1.471136510372162	1.9702233672142029	1.5037329196929932	1.926798105239868	0.0091089010238647	0.5034884489496126	0.0034884489496126	0.0069768978992252	0.0069768978992252	negligible	54914240.0	0.5652101320106148	0.0483417305317649	4.8700156240958896e-05	0.0	0.6045701690587076	False	False	False	False	molformer	molformer_0378	0.5034884489496126	0.0034884489496126436	positive	0.0069768978992252	False	False
TRAIN	molformer_0656	48152	2383	45769	0	-0.3545020462245897	-0.345088384543674	-0.3633659780025482	-0.367321252822876	-0.5654573142528534	-0.1418917849659919	-0.5785621404647827	-0.1302300542593002	0.0039552748203277	0.4965705420276009	0.003429457972399	-0.0068589159447981	0.0068589159447981	negligible	54159721.0	0.5718054591293698	0.0264649623897679	0.0822874341770575	0.0	0.6107741204608567	False	False	False	False	molformer	molformer_0656	0.4965705420276009	0.003429457972399075	negative	-0.0068589159447981	False	False
TRAIN	molformer_0145	48152	2383	45769	0	-0.4253631545806973	-0.4181297996990051	-0.3986290991306305	-0.4109911918640136	-0.6238808631896973	-0.1926491558551788	-0.6339593529701233	-0.1912555992603302	0.0123620927333831	0.50334683026232	0.0033468302623199	0.0066936605246399	0.0066936605246399	negligible	54898794.0	0.5811044726831398	0.0237681927087243	0.1522350024859167	0.0	0.6198447708620158	False	False	False	False	molformer	molformer_0145	0.50334683026232	0.0033468302623199664	positive	0.0066936605246399	False	False
TRAIN	molformer_0434	48152	2383	45769	0	0.5731189556237777	0.5765495279183126	0.5919122695922852	0.5722561478614807	0.3221983462572098	0.8495135307312012	0.3114910721778869	0.8480134606361389	0.0196561217308044	0.5031598451847176	0.0031598451847175	0.0063196903694351	0.0063196903694351	negligible	54878400.0	0.6024051009805751	0.0204899208909357	0.293593720986	0.0	0.6416742268419996	False	False	False	False	molformer	molformer_0434	0.5031598451847176	0.003159845184717569	positive	0.0063196903694351	False	False
TRAIN	molformer_0128	48152	2383	45769	0	-0.2038645147732944	-0.2108461147730235	-0.2085428237915039	-0.2066470980644226	-0.451023131608963	0.0258942684158682	-0.4772529006004333	0.0494813658297061	-0.0018957257270812	0.5031265584668478	0.0031265584668478	0.0062531169336956	0.0062531169336956	negligible	54874769.5	0.6062335798790623	0.0308299096210368	0.0264211582769003	0.0	0.6448578799821605	False	False	False	False	molformer	molformer_0128	0.5031265584668478	0.0031265584668478397	positive	0.0062531169336956	False	False
TRAIN	molformer_0155	48152	2383	45769	0	-0.5487161655726872	-0.5445990848242065	-0.5493192076683044	-0.5575006604194641	-0.7345245182514191	-0.3588161170482635	-0.7352938652038574	-0.3713420331478119	0.0081814527511596	0.5031097752862774	0.0031097752862774	0.0062195505725548	0.0062195505725548	negligible	54872939.0	0.6081680187911239	0.0256551246458536	0.0996784552754136	0.0	0.6460208000436836	False	False	False	False	molformer	molformer_0155	0.5031097752862774	0.0031097752862774275	positive	0.0062195505725548	False	False
TRAIN	molformer_0538	48152	2383	45769	0	0.5948530564922493	0.6022547028422791	0.6039274334907532	0.5939308404922485	0.3034017831087112	0.8926992416381836	0.3311008512973785	0.8702521324157715	0.0099965929985046	0.497052495744219	0.0029475042557809	-0.0058950085115618	0.0058950085115618	negligible	54212286.5	0.6270114544820777	0.0336171370237449	0.011684852778907	0.0	0.6651171229865134	False	False	False	False	molformer	molformer_0538	0.497052495744219	0.002947504255780997	negative	-0.0058950085115618	False	False
TRAIN	molformer_0489	48152	2383	45769	0	0.4215814700375861	0.4202713229286483	0.3975115716457367	0.4147318601608276	0.1032495014369487	0.7263822257518768	0.1496312767267227	0.6839340925216675	-0.0172202885150909	0.4971358523605288	0.0028641476394711	-0.0057282952789423	0.0057282952789423	negligible	54221378.0	0.6367876059059687	0.0402479282399058	0.0012636535164482	0.0	0.6743297198249588	False	False	False	False	molformer	molformer_0489	0.4971358523605288	0.002864147639471182	negative	-0.0057282952789423	False	False
TRAIN	molformer_0399	48152	2383	45769	0	-0.9167490618124032	-0.9138212458049536	-0.9274623394012452	-0.9209492206573486	-1.1550776362419128	-0.682509571313858	-1.1641119718551636	-0.6695572733879089	-0.0065131187438964	0.497141500237738	0.0028584997622619	-0.0057169995245239	0.0057169995245239	negligible	54221994.0	0.6374523132720314	0.0177746947540123	0.4662121594689288	0.0	0.6743297198249588	False	False	False	False	molformer	molformer_0399	0.497141500237738	0.00285849976226199	negative	-0.0057169995245239	False	False
TRAIN	molformer_0106	48152	2383	45769	0	0.3112980188808605	0.3140397343553344	0.3069411218166351	0.2996726632118225	0.1380121707916259	0.4735633283853531	0.1224614456295967	0.4923339486122131	0.0072684586048126	0.5027276588016889	0.0027276588016889	0.0054553176033778	0.0054553176033778	negligible	54831262.5	0.652931917767112	0.0377295251225417	0.0030826781076192	0.0	0.6897547631982697	False	False	False	False	molformer	molformer_0106	0.5027276588016889	0.0027276588016889036	positive	0.0054553176033778	False	False
TRAIN	molformer_0634	48152	2383	45769	0	-0.304546456309201	-0.302724132730696	-0.3285106122493744	-0.3198037445545196	-0.5366077125072479	-0.0930927395820617	-0.5429402589797974	-0.0844481810927391	-0.0087068676948547	0.4972873456643056	0.0027126543356943	-0.0054253086713886	0.0054253086713886	negligible	54237901.0	0.6547168268897957	0.0171781560610612	0.5103531990833242	0.0	0.6906902789167075	False	False	False	False	molformer	molformer_0634	0.4972873456643056	0.0027126543356943977	negative	-0.0054253086713886	False	False
TRAIN	molformer_0642	48152	2383	45769	0	-0.6509378347688511	-0.6457090555548571	-0.6425883769989014	-0.64127516746521	-0.8717251121997833	-0.4316735714673996	-0.8478118181228638	-0.4422433078289032	-0.0013132095336914	0.4973648206032947	0.0026351793967053	-0.0052703587934106	0.0052703587934106	negligible	54246351.0	0.6639643755158184	0.0252056783133993	0.1105840675549578	0.0	0.6994851034240721	False	False	False	False	molformer	molformer_0642	0.4973648206032947	0.0026351793967053228	negative	-0.0052703587934106	False	False
TRAIN	molformer_0461	48152	2383	45769	0	-0.3867620393945326	-0.3927990181306132	-0.388089120388031	-0.3881961703300476	-0.5823533236980438	-0.1885382607579231	-0.5708572864532471	-0.2110217809677124	0.0001070499420166	0.5025666576267013	0.0025666576267012	0.0051333152534025	0.0051333152534025	negligible	54813702.5	0.6721861787365357	0.0318247428494459	0.0199065506275709	0.0	0.7071766921502184	False	False	False	False	molformer	molformer_0461	0.5025666576267013	0.002566657626701274	positive	0.0051333152534025	False	False
TRAIN	molformer_0738	48152	2383	45769	0	-0.0271028783627429	-0.020712609844016	-0.0362210758030414	-0.0365173444151878	-0.3113568127155304	0.2467076331377029	-0.2918798923492431	0.2331527918577194	0.0002962686121463	0.4975033998891347	0.0024966001108652	-0.0049932002217305	0.0049932002217305	negligible	54261465.5	0.6806329767627808	0.0240160391644343	0.1442673179270943	0.0	0.7150836199094605	False	False	False	False	molformer	molformer_0738	0.4975033998891347	0.002496600110865277	negative	-0.0049932002217305	False	False
TRAIN	molformer_0727	48152	2383	45769	0	0.055966018791978	0.0521728524774363	0.0310521814972162	0.0293621271848678	-0.1707817986607551	0.2682963758707046	-0.1711998283863067	0.2566642463207245	0.0016900543123483	0.502459004136034	0.0024590041360339	0.0049180082720678	0.0049180082720678	negligible	54801961.0	0.6851825597588279	0.0163750572615439	0.5723720746717215	0.0	0.7188800626977867	False	False	False	False	molformer	molformer_0727	0.502459004136034	0.0024590041360339487	positive	0.0049180082720678	False	False
TRAIN	molformer_0389	48152	2383	45769	0	-0.0707276535804679	-0.070135870463204	-0.0732827484607696	-0.074673481285572	-0.27182836830616	0.1298473700881004	-0.3022994697093963	0.1483962833881378	0.0013907328248023	0.5024344138654578	0.0024344138654578	0.0048688277309156	0.0048688277309156	negligible	54799279.0	0.6881644908309377	0.0337701248145105	0.0111503463800113	0.0	0.7210236411434654	False	False	False	False	molformer	molformer_0389	0.5024344138654578	0.0024344138654578407	positive	0.0048688277309156	False	False
TRAIN	molformer_0637	48152	2383	45769	0	-0.0316606277516124	-0.0383491995821126	-0.0320598259568214	-0.0321942679584026	-0.2484199479222297	0.1937806755304336	-0.2723856270313263	0.2066790908575058	0.0001344420015811	0.502410355375528	0.002410355375528	0.004820710751056	0.004820710751056	negligible	54796655.0	0.69108663540454	0.03735977253798	0.0034969287989896	0.0	0.7230988228755949	False	False	False	False	molformer	molformer_0637	0.502410355375528	0.0024103553755280283	positive	0.004820710751056	False	False
TRAIN	molformer_0103	48152	2383	45769	0	-0.2932015794816746	-0.297243475591725	-0.3018141388893127	-0.2815778255462646	-0.5083790719509125	-0.0639066696166992	-0.5412822961807251	-0.0423373579978942	-0.020236313343048	0.4977193028315385	0.0022806971684615	-0.004561394336923	0.004561394336923	negligible	54285013.5	0.7069133000973802	0.0379432184246737	0.002864411972942	0.0	0.7386522645915483	False	False	False	False	molformer	molformer_0103	0.4977193028315385	0.0022806971684615207	negative	-0.004561394336923	False	False
TRAIN	molformer_0352	48152	2383	45769	0	-0.2441441020733234	-0.2452565711819435	-0.2452832162380218	-0.2495386004447937	-0.4405034035444259	-0.0403400491923093	-0.4410792589187622	-0.0540972463786602	0.0042553842067718	0.5021462529355781	0.0021462529355781	0.0042925058711562	0.0042925058711562	negligible	54767850.0	0.7234589597683032	0.0183870401682436	0.423006405885228	0.0	0.7549136971495338	False	False	False	False	molformer	molformer_0352	0.5021462529355781	0.00214625293557813	positive	0.0042925058711562	False	False
TRAIN	molformer_0337	48152	2383	45769	0	-0.0653948629932224	-0.0588672744191191	-0.0830503553152084	-0.0783432722091674	-0.2820099890232086	0.1518035978078842	-0.3110787570476532	0.1739384233951568	-0.0047070831060409	0.4978760726829352	0.0021239273170647	-0.0042478546341295	0.0042478546341295	negligible	54302112.0	0.7262193132684267	0.0351052609820335	0.0073436114208965	0.0	0.7567658515470173	False	False	False	False	molformer	molformer_0337	0.4978760726829352	0.0021239273170647888	negative	-0.0042478546341295	False	False
TRAIN	molformer_0763	48152	2383	45769	0	0.3413192029308146	0.3472293034042316	0.3534685671329498	0.3518184125423431	0.1634149327874183	0.5427345335483551	0.1638826429843902	0.5428520441055298	0.0016501545906066	0.4979119312020341	0.0020880687979658	-0.0041761375959317	0.0041761375959317	negligible	54306023.0	0.7306603199356162	0.0176616730294068	0.4744286672632076	0.0	0.7603619589573892	False	False	False	False	molformer	molformer_0763	0.4979119312020341	0.002088068797965914	negative	-0.0041761375959317	False	False
TRAIN	molformer_0283	48152	2383	45769	0	0.2744729028251888	0.2646678211777257	0.295362114906311	0.2971783876419067	0.0328994281589984	0.5233151912689209	0.0465339310467243	0.517245888710022	-0.0018162727355957	0.5019373135690517	0.0019373135690516	0.0038746271381033	0.0038746271381033	negligible	54745061.5	0.7494284177560526	0.0203592770559472	0.3007320741770856	0.0	0.7788376520117027	False	False	False	False	molformer	molformer_0283	0.5019373135690517	0.0019373135690516907	positive	0.0038746271381033	False	False
TRAIN	molformer_0577	48152	2383	45769	0	-0.1690220429537154	-0.1675231679437371	-0.190489575266838	-0.1916218996047973	-0.3863407522439956	0.0368031095713377	-0.3884073197841644	0.0237874910235404	0.0011323243379592	0.5018676869789117	0.0018676869789117	0.0037353739578234	0.0037353739578234	negligible	54737467.5	0.7581476264754992	0.0169050775305467	0.5311477353548547	0.0	0.7868342934232208	False	False	False	False	molformer	molformer_0577	0.5018676869789117	0.001867686978911709	positive	0.0037353739578234	False	False
TRAIN	molformer_0685	48152	2383	45769	0	-0.1453267541335027	-0.1497699995518886	-0.1563478410243988	-0.1580991744995117	-0.3464822918176651	0.02800228074193	-0.3428805470466614	0.029680585488677	0.0017513334751129	0.5018103326024803	0.0018103326024803	0.0036206652049606	0.0036206652049606	negligible	54731212.0	0.7653532444948417	0.0169357190981327	0.5287978862776316	0.0	0.7923542327059044	False	False	False	False	molformer	molformer_0685	0.5018103326024803	0.0018103326024803135	positive	0.0036206652049606	False	False
TRAIN	molformer_0218	48152	2383	45769	0	0.2129835924157474	0.2101141340282781	0.2169673889875412	0.2251472473144531	-0.0049005553591996	0.4434006810188293	0.0087161045521497	0.4275664687156677	-0.0081798583269119	0.4981910701981901	0.0018089298018098	-0.0036178596036197	0.0036178596036197	negligible	54336468.0	0.76552974045284	0.0246428985228573	0.1256096490801508	0.0	0.7923542327059044	False	False	False	False	molformer	molformer_0218	0.4981910701981901	0.001808929801809911	negative	-0.0036178596036197	False	False
TRAIN	molformer_0409	48152	2383	45769	0	-0.5965267680328421	-0.6014610705609995	-0.6074174046516418	-0.5969602465629578	-0.8054521679878235	-0.3973117768764496	-0.7846606373786926	-0.4095451533794403	-0.010457158088684	0.4982756783327451	0.0017243216672548	-0.0034486433345097	0.0034486433345097	negligible	54345696.0	0.7761970631326315	0.0264101523086701	0.0833779024654868	0.0	0.8023140571815087	False	False	False	False	molformer	molformer_0409	0.4982756783327451	0.0017243216672548911	negative	-0.0034486433345097	False	False
TRAIN	molformer_0380	48152	2383	45769	0	0.3224778919684162	0.3222625042995307	0.3238126933574676	0.3107812404632568	0.073938176035881	0.5570100843906403	0.1005168557167053	0.543192446231842	0.0130314528942108	0.5016638499560002	0.0016638499560002	0.0033276999120004	0.0033276999120004	negligible	54715235.5	0.7838473689594962	0.0369160749376851	0.0040614862186489	0.0	0.8091327679581896	False	False	False	False	molformer	molformer_0380	0.5016638499560002	0.0016638499560002185	positive	0.0033276999120004	False	False
TRAIN	molformer_0490	48152	2383	45769	0	-0.3535000543515902	-0.3522951256788817	-0.3339501321315765	-0.3375866413116455	-0.5410856604576111	-0.1407021209597587	-0.5423610806465149	-0.146198570728302	0.0036365091800689	0.5016402361447143	0.0016402361447143	0.0032804722894286	0.0032804722894286	negligible	54712660.0	0.7868404904204465	0.0173349213281419	0.4985742025490051	0.0	0.8111322102589301	False	False	False	False	molformer	molformer_0490	0.5016402361447143	0.0016402361447143132	positive	0.0032804722894286	False	False
TRAIN	molformer_0092	48152	2383	45769	0	-0.1701910423360166	-0.1633377821653344	-0.1817280650138855	-0.1775124371051788	-0.4177692681550979	0.0716276578605175	-0.4351279437541961	0.090877965092659	-0.0042156279087066	0.4984047359944266	0.0015952640055734	-0.0031905280111468	0.0031905280111468	negligible	54359772.0	0.7925495284521544	0.0301602052460582	0.0318073710793597	0.0	0.8159223027496711	False	False	False	False	molformer	molformer_0092	0.4984047359944266	0.0015952640055734157	negative	-0.0031905280111468	False	False
TRAIN	molformer_0564	48152	2383	45769	0	0.3370827481581011	0.3430816784580378	0.3421234488487243	0.3329813182353973	0.1312988549470901	0.5475472509860992	0.1362986862659454	0.5410638451576233	0.009142130613327	0.5015712788646982	0.0015712788646982	0.0031425577293964	0.0031425577293964	negligible	54705139.0	0.7955989237090558	0.0237190213362039	0.1538569312363079	0.0	0.8179651585121216	False	False	False	False	molformer	molformer_0564	0.5015712788646982	0.0015712788646982112	positive	0.0031425577293964	False	False
TRAIN	molformer_0209	48152	2383	45769	0	-0.6266528907580744	-0.6303410423686447	-0.6337113380432129	-0.635338544845581	-0.8195969462394714	-0.4313199520111084	-0.8237018585205078	-0.4359639286994934	0.0016272068023681	0.5015522722909084	0.0015522722909083	0.0031045445818167	0.0031045445818167	negligible	54703066.0	0.7980175813288399	0.0087212301054556	0.9947745481641606	0.0	0.81900134042524	False	False	False	False	molformer	molformer_0209	0.5015522722909084	0.0015522722909083742	positive	0.0031045445818167	False	False
TRAIN	molformer_0479	48152	2383	45769	0	-0.0800218247484245	-0.0811082597206174	-0.071268506348133	-0.0712693780660629	-0.2971020340919494	0.1318870335817337	-0.2953928112983703	0.1390172690153122	8.717179298400879e-07	0.4984533985078803	0.0015466014921197	-0.0030932029842394	0.0030932029842394	negligible	54365079.5	0.7987395885136781	0.0150711677913077	0.6764989897957853	0.0	0.81900134042524	False	False	False	False	molformer	molformer_0479	0.4984533985078803	0.0015466014921197146	negative	-0.0030932029842394	False	False
TRAIN	molformer_0465	48152	2383	45769	0	-0.1361544393363517	-0.1327783150373255	-0.1299258321523666	-0.1409791857004165	-0.3805788457393646	0.1094865575432777	-0.4398729205131531	0.1631986945867538	0.0110533535480499	0.5015096289842531	0.0015096289842531	0.0030192579685062	0.0030192579685062	negligible	54698415.0	0.8034511283040513	0.0556032502689824	1.580583646787552e-06	0.0	0.8227339553833485	False	False	False	False	molformer	molformer_0465	0.5015096289842531	0.0015096289842531085	positive	0.0030192579685062	False	False
TRAIN	molformer_0114	48152	2383	45769	0	-0.2951781620808318	-0.2916288786629569	-0.3060426414012909	-0.3055566549301147	-0.5567081868648529	-0.0392437931150198	-0.6290539503097534	0.0348386541008949	-0.0004859864711761	0.4985237677571986	0.0014762322428013	-0.0029524644856027	0.0029524644856027	negligible	54372754.5	0.8077131486792908	0.0650357553261475	8.993676968295976e-09	0.0	0.8259969350009259	False	False	False	False	molformer	molformer_0114	0.4985237677571986	0.0014762322428014119	negative	-0.0029524644856027	False	False
TRAIN	molformer_0212	48152	2383	45769	0	-0.4332845155012179	-0.4270587135885184	-0.4314148128032684	-0.43407142162323	-0.6652736663818359	-0.1978596895933151	-0.6985687017440796	-0.1597114652395248	0.0026566088199615	0.4987266329051359	0.001273367094864	-0.002546734189728	0.002546734189728	negligible	54394880.5	0.8337207095007871	0.0399340951408938	0.0014166272912206	0.0	0.851459448000804	False	False	False	False	molformer	molformer_0212	0.4987266329051359	0.0012733670948640863	negative	-0.002546734189728	False	False
TRAIN	molformer_0374	48152	2383	45769	0	-0.4847601262444241	-0.487097014143623	-0.49268439412117	-0.4807057976722717	-0.8625847101211548	-0.0895963050425052	-0.8632935285568237	-0.0884214341640472	-0.0119785964488983	0.4988150643591652	0.0011849356408347	-0.0023698712816695	0.0023698712816695	negligible	54404525.5	0.8451167214025638	0.0131391811973512	0.8240427655229624	0.0	0.861951715852814	False	False	False	False	molformer	molformer_0374	0.4988150643591652	0.0011849356408348277	negative	-0.0023698712816695	False	False
TRAIN	molformer_0363	48152	2383	45769	0	-0.391577761903218	-0.3924192736889374	-0.3950318694114685	-0.3888106048107147	-0.6095499396324158	-0.1714404076337814	-0.6032058000564575	-0.1763142049312591	-0.0062212646007537	0.4989189999696243	0.0010810000303756	-0.0021620000607512	0.0021620000607512	negligible	54415861.5	0.8585521027346563	0.0206202896669693	0.2865906351841191	0.0	0.8733490053920986	False	False	False	False	molformer	molformer_0363	0.4989189999696243	0.0010810000303757006	negative	-0.0021620000607512	False	False
TRAIN	molformer_0044	48152	2383	45769	0	-0.1502591949364306	-0.1508787874972637	-0.1453156471252441	-0.1444566249847412	-0.3276031762361526	0.0312064792960882	-0.3154272437095642	0.0240083485841751	-0.0008590221405029	0.4989191054088904	0.0010808945911096	-0.0021617891822192	0.0021617891822192	negligible	54415873.0	0.8585657539987428	0.0205842386066019	0.2885152071408109	0.0	0.8733490053920986	False	False	False	False	molformer	molformer_0044	0.4989191054088904	0.0010808945911096046	negative	-0.0021617891822192	False	False
TRAIN	molformer_0246	48152	2383	45769	0	0.4627213599821409	0.4680102935966438	0.4659735560417175	0.4676099419593811	0.2190488427877426	0.7134628593921661	0.2148611098527908	0.7214745283126831	-0.0016363859176635	0.4992564789701337	0.0007435210298662	-0.0014870420597324	0.0014870420597324	negligible	54452669.5	0.9024402194506268	0.0110115084941826	0.94358564577252	0.0	0.9167646673784148	False	False	False	False	molformer	molformer_0246	0.4992564789701337	0.0007435210298663009	negative	-0.0014870420597324	False	False
TRAIN	molformer_0383	48152	2383	45769	0	-0.6928429452599715	-0.6958988838725971	-0.6886404156684875	-0.6875722408294678	-0.9379071593284608	-0.4502595216035843	-0.9180228114128112	-0.4680564999580383	-0.0010681748390197	0.5005107707264693	0.0005107707264693	0.0010215414529386	0.0010215414529386	negligible	54589472.0	0.932891762279962	0.0277622321078206	0.0597787093944913	0.0	0.9464476531453246	False	False	False	False	molformer	molformer_0383	0.5005107707264693	0.0005107707264693229	positive	0.0010215414529386	False	False
TRAIN	molformer_0258	48152	2383	45769	0	-0.0855592255459471	-0.0882047069730316	-0.0816816166043281	-0.0753649175167083	-0.3308251053094864	0.1525829508900642	-0.3616350889205932	0.1902652978897094	-0.0063166990876197	0.4995017811305101	0.0004982188694899	-0.0009964377389798	0.0009964377389798	negligible	54479424.0	0.9345371660892474	0.0321385301052988	0.0181720743065082	0.0	0.946866152449264	False	False	False	False	molformer	molformer_0258	0.4995017811305101	0.0004982188694899192	negative	-0.0009964377389798	False	False
TRAIN	molformer_0175	48152	2383	45769	0	0.460825344147186	0.4646745707536742	0.4645757377147674	0.4619418680667877	0.2837969660758972	0.6427893340587616	0.2945466637611389	0.6322128772735596	0.0026338696479797	0.500407784069405	0.000407784069405	0.00081556813881	0.00081556813881	negligible	54578239.5	0.9463999651770256	0.0177185827271943	0.4702824329359997	0.0	0.9571439905208742	False	False	False	False	molformer	molformer_0175	0.500407784069405	0.0004077840694050039	positive	0.00081556813881	False	False
TRAIN	molformer_0293	48152	2383	45769	0	0.3099494998712759	0.318886308892816	0.3123025894165039	0.3005903959274292	0.0834322422742843	0.5394435524940491	0.0918392241001129	0.5315494537353516	0.0117121934890747	0.5004018886391364	0.0004018886391363	0.0008037772782727	0.0008037772782727	negligible	54577596.5	0.9471737406196152	0.0225010144403475	0.1986149138868406	0.0	0.9571439905208742	False	False	False	False	molformer	molformer_0293	0.5004018886391364	0.00040188863913637185	positive	0.0008037772782727	False	False
TRAIN	molformer_0695	48152	2383	45769	0	0.0611860894438557	0.0558313719593066	0.0797663629055023	0.0834617763757705	-0.1501098796725273	0.2924976497888565	-0.1839834451675415	0.3250215351581573	-0.0036954134702682	0.4996701813913869	0.000329818608613	-0.000659637217226	0.000659637217226	negligible	54497791.0	0.9566367426167248	0.0397880571730575	0.0014935395783976	0.0	0.965436292154592	False	False	False	False	molformer	molformer_0695	0.4996701813913869	0.0003298186086130861	negative	-0.000659637217226	False	False
TRAIN	molformer_0472	48152	2383	45769	0	-0.2728792881433531	-0.2754451028084521	-0.2875575125217438	-0.2894727885723114	-0.4962917268276214	-0.0754037648439407	-0.4852233231067657	-0.080490343272686	0.0019152760505676	0.4997953240472758	0.0002046759527242	-0.0004093519054484	0.0004093519054484	negligible	54511440.0	0.9730820843218232	0.0168699708392581	0.5338449101894861	0.0	0.9807441479779004	False	False	False	False	molformer	molformer_0472	0.4997953240472758	0.00020467595272422034	negative	-0.0004093519054484	False	False
TRAIN	molformer_0120	48152	2383	45769	0	-0.4291915805789112	-0.4302468149319015	-0.4327913820743561	-0.4263561367988586	-0.6396249234676361	-0.2174261063337326	-0.6292632222175598	-0.2287178486585617	-0.0064352452754974	0.5000783872178564	7.838721785635716e-05	0.0001567744357127	0.0001567744357127	negligible	54542313.0	0.9896896239219908	0.0177144293369739	0.4705844203074196	0.0	0.9960204965083906	False	False	False	False	molformer	molformer_0120	0.5000783872178564	7.838721785635716e-05	positive	0.0001567744357127	False	False
TRAIN	molformer_0732	48152	2383	45769	0	-0.7020284926303456	-0.7045236427093581	-0.7135859727859497	-0.7066478729248047	-0.9219121932983398	-0.4942038804292679	-0.9373429417610168	-0.4770895838737488	-0.006938099861145	0.5000696953548787	6.969535487866274e-05	0.0001393907097573	0.0001393907097573	negligible	54541365.0	0.9908328897557428	0.0213773252601573	0.2482797142604083	0.0	0.9960204965083906	False	False	False	False	molformer	molformer_0732	0.5000696953548787	6.969535487866274e-05	positive	0.0001393907097573	False	False
TRAIN	molformer_0658	48152	2383	45769	0	-0.4729276830179048	-0.4742165503814092	-0.4704031348228454	-0.4737309217453003	-0.6914365291595459	-0.2493365705013275	-0.6844474673271179	-0.2630404233932495	0.0033277869224548	0.4999562427045769	4.375729542305251e-05	-8.751459084610502e-05	8.751459084610502e-05	negligible	54528991.0	0.9942447002770184	0.0153695334084177	0.6525619162938533	0.0	0.998143699101634	False	False	False	False	molformer	molformer_0658	0.4999562427045769	4.375729542310802e-05	negative	-8.751459084610502e-05	False	False
TRAIN	molformer_0631	48152	2383	45769	0	-0.3763479492422392	-0.3787320595300714	-0.3694956302642822	-0.377169132232666	-0.6405854523181915	-0.1349484100937843	-0.6106153726577759	-0.1514464020729065	0.0076735019683837	0.4999682261063827	3.177389361730398e-05	-6.354778723460797e-05	6.354778723460797e-05	negligible	54530298.0	0.9958209984708196	0.0389566089639127	0.0020106701789134	0.0	0.9984210532971142	False	False	False	False	molformer	molformer_0631	0.4999682261063827	3.177389361730398e-05	negative	-6.354778723460797e-05	False	False
TRAIN	molformer_0019	48152	2383	45769	0	-0.2327011917521478	-0.2397460884808569	-0.2432645857334137	-0.2282205671072006	-0.4373150318861007	-0.0270536951720714	-0.4412085711956024	-0.0270857475697994	-0.015044018626213	0.5000135970810083	1.3597081008343004e-05	2.7194162016686008e-05	2.7194162016686008e-05	negligible	54535246.5	0.9982120078188312	0.0202863039151882	0.3047718847609029	0.0	0.9991147473253784	False	False	False	False	molformer	molformer_0019	0.5000135970810083	1.3597081008343004e-05	positive	2.7194162016686008e-05	False	False
TRAIN	molformer_0022	48152	2383	45769	0	0.1262446870337908	0.1273890430200929	0.1161638051271438	0.1152298972010612	-0.0852347873151302	0.3270819932222366	-0.0820124298334121	0.3228426277637481	0.0009339079260826	0.5000067343600814	6.7343600813618565e-06	1.3468720162723711e-05	1.3468720162723711e-05	negligible	54534498.0	0.9991147473253784	0.0153723298411267	0.6523373984583071	0.0	0.9991147473253784	False	False	False	False	molformer	molformer_0022	0.5000067343600814	6.7343600813618565e-06	positive	1.3468720162723711e-05	False	False
