representation	feature	n_total	n_finite	n_nonfinite	n_active	n_inactive	active_mean	inactive_mean	active_median	inactive_median	active_q25	active_q75	inactive_q25	inactive_q75	median_difference	zero_fraction	variance	raw_auc	train_orientation	oriented_auc	average_precision	pr_baseline	ap_over_baseline	cliffs_delta	abs_cliffs_delta	effect_category	mannwhitney_u	mannwhitney_p	ks_statistic	ks_p	effect_direction	fdr_q	fdr_significant	practically_meaningful	statistically_and_practically_relevant
molecular	MaxAbsEStateIndex	48152	48152	0	2383	45769	11.590311354972904	11.701822090303184	12.153263613315698	12.17816263542454	10.50823537080504	13.00964253929764	10.871646510456037	13.04455546107332	-0.024899022108842317	0.00014537298554577173	5.510857732962436	0.48104766325177606	-1	0.5189523367482238	0.05318356255066287	0.049489117793653434	1.074651659227662	-0.03790467349644788	0.03790467349644788	negligible	52466679.0	0.0017806914397845792	0.05181502831727358	1.0033041858984429e-05	lower_in_active	0.002800541991661202	True	False	False
molecular	MinAbsEStateIndex	48152	48152	0	2383	45769	0.14717671418555497	0.1378405552170851	0.0721369782480891	0.0688370999995049	0.02692979969765725	0.1802742346938772	0.0267129629629627	0.1541376133786847	0.003299878248584201	0.005004984216647284	0.04303671974014378	0.5134742992751637	1	0.5134742992751637	0.052258887079091564	0.049489117793653434	1.0559672390400405	0.026948598550327496	0.026948598550327496	negligible	56003372.0	0.026321810222408742	0.043498969221150485	0.00036701040630524045	higher_in_active	0.03702173307704644	True	False	False
molecular	MinEStateIndex	48152	48152	0	2383	45769	-0.8232799406196217	-0.9631791854015674	-0.6815740740740746	-0.8771305744520033	-1.3105039421290958	-0.24445090452643656	-1.629198711892164	-0.3252532123960698	0.1955565003779287	0.0011837514537298554	0.8434697443449586	0.5521726370489723	1	0.5521726370489723	0.05671685105440098	0.049489117793653434	1.1460469206762551	0.1043452740979447	0.1043452740979447	negligible	60224104.0	7.874558638229686e-18	0.11031893113337024	1.8320270124081036e-24	higher_in_active	2.4326761507388137e-17	True	False	False
molecular	qed	48152	48152	0	2383	45769	0.46715461233569094	0.42485515245262573	0.4796643705283276	0.4275820938615113	0.27591722479213715	0.6506036256875798	0.2340852797608432	0.6052859274012139	0.05208227666681631	0.0	0.05248736109158737	0.5526344564500854	1	0.5526344564500854	0.05953075252141474	0.049489117793653434	1.2029059149858004	0.10526891290017071	0.10526891290017071	negligible	60274473.5	4.044093621447006e-18	0.08140024115518818	1.6739741296614835e-13	higher_in_active	1.3200532009628905e-17	True	False	False
molecular	SPS	48152	48152	0	2383	45769	26.27492957600576	32.586300761258904	21.02777777777778	32.07692307692308	12.19375	38.7811004784689	18.02173913043478	46.62857142857143	-11.049145299145302	0.00014537298554577173	251.67916216216304	0.38020947334764454	-1	0.6197905266523555	0.07977877153528201	0.049489117793653434	1.612046750720478	-0.2395810533047109	0.2395810533047109	small	41468507.0	8.152340047222122e-87	0.20108584656916262	9.29815902988515e-81	lower_in_active	7.051774140847135e-85	True	True	True
molecular	MolWt	48152	48152	0	2383	45769	413.6385291649183	448.2307482791341	360.1979999999999	396.4360000000001	272.29999999999995	487.61300000000034	291.391	536.5770000000003	-36.23800000000017	0.0	65858.0490168728	0.4515492452671087	-1	0.5484507547328913	0.05900459717260815	0.049489117793653434	1.192274176691325	-0.09690150946578258	0.09690150946578258	negligible	49249359.5	1.3736430097470246e-15	0.08586462219868618	5.60927511912374e-15	lower_in_active	3.895741650594021e-15	True	False	False
molecular	NumRadicalElectrons	48152	48152	0	2383	45769	0.0	0.0009176516856387511	0.0	0.0	0.0	0.0	0.0	0.0	0.0	0.9993562053497259	0.0015360393339350902	0.4996613428303	-1	0.5003386571696999	0.04952099914798113	0.049489117793653434	1.0006442093888321	-0.0006773143393999925	0.0006773143393999925	negligible	54496827.0	0.20379003285587294	0.0006773143393999925	1.0	lower_in_active	0.24483108113934737	False	False	False
molecular	MaxPartialCharge	48152	48152	0	2383	45769	0.2504736841299347	0.2409231102505587	0.2442986862459258	0.2386326975940433	0.1781056632391293	0.3317132561037063	0.1700180947241351	0.3307329806990215	0.005665988651882503	8.30702774547267e-05	0.013880713080143216	0.5240491470939833	1	0.5240491470939833	0.05313925571794834	0.049489117793653434	1.0737563748764787	0.04809829418796663	0.04809829418796663	negligible	57156744.5	7.344338896869389e-05	0.05652620142382064	9.87831498002183e-07	higher_in_active	0.00012579907219390142	True	False	False
molecular	MinPartialCharge	48152	48152	0	2383	45769	-0.46935242075087924	-0.45474071033051133	-0.4928404823821084	-0.4721892897006277	-0.5065752739370017	-0.457979662083263	-0.5042545866625303	-0.4255130186468013	-0.020651192681480746	6.230270809104503e-05	0.009233787093147521	0.44157109200798145	-1	0.5584289079920186	0.05615239395474085	0.049489117793653434	1.1346412394916834	-0.1168578159840371	0.1168578159840371	negligible	48161067.0	5.809716569862165e-22	0.12982293987467047	9.625775285339445e-34	lower_in_active	2.3373975967119873e-21	True	False	False
molecular	MaxAbsPartialCharge	48152	48152	0	2383	45769	0.4712216311601088	0.4564731459916026	0.4928407810022577	0.4721892897077177	0.457979662083263	0.5065894321790134	0.426522676418279	0.5042545866625946	0.020651491294540025	6.230270809104503e-05	0.011200659247938768	0.5599821429892695	1	0.5599821429892695	0.05635519962589718	0.049489117793653434	1.1387392246689891	0.11996428597853903	0.11996428597853903	negligible	61075867.5	4.650174937339932e-23	0.1312219722374378	1.8158603155730713e-34	higher_in_active	1.9621469857556298e-22	True	False	False
molecular	MinAbsPartialCharge	48152	48152	0	2383	45769	0.24896467093495958	0.24052662656760654	0.2441817378722093	0.2386326975940433	0.17796385901338668	0.33107817425338426	0.1700312760982711	0.3307329806954882	0.005549040278165995	8.30702774547267e-05	0.010544323337760123	0.5232942248704329	1	0.5232942248704329	0.05280021859914409	0.049489117793653434	1.066905634068815	0.046588449740865734	0.046588449740865734	negligible	57074407.0	0.00012284095412018855	0.05608471346379751	1.2380816873038375e-06	higher_in_active	0.00020632509769701572	True	False	False
molecular	FpDensityMorgan1	48152	48152	0	2383	45769	1.0383832171001788	1.040001158552042	1.0357142857142858	1.0434782608695652	0.8666666666666667	1.2	0.8461538461538461	1.2333333333333334	-0.007763975155279379	0.0	0.08064436130875724	0.49269825747493107	-1	0.507301742525069	0.048444724678107176	0.049489117793653434	0.9788965097357183	-0.014603485050137865	0.014603485050137865	negligible	53737380.5	0.22863148440850944	0.036516973562625954	0.004639672177242834	lower_in_active	0.26906970614062675	False	False	False
molecular	FpDensityMorgan3	48152	48152	0	2383	45769	2.3212772446968866	2.3085564801390204	2.3846153846153846	2.3714285714285714	2.121212121212121	2.598076923076923	2.09375	2.590909090909091	0.01318681318681314	0.0	0.1712969143962432	0.5093087881235264	1	0.5093087881235264	0.051778817171542695	0.049489117793653434	1.0462667244834762	0.018617576247052847	0.018617576247052847	negligible	55549050.0	0.12485328919868342	0.027100981211392094	0.07048877520032137	higher_in_active	0.15766145278373891	False	False	False
molecular	BCUT2D_MWHI	48152	48152	0	2383	45769	18.162231510378597	17.610638935483788	16.531338640696166	16.54775625478526	16.36800497226769	16.69183655330742	16.46621815411185	16.706230300172084	-0.016417614089093036	0.0	49.53984246629423	0.4627984826317736	-1	0.5372015173682264	0.05329903744392968	0.049489117793653434	1.0769849983214863	-0.07440303473645282	0.07440303473645282	negligible	50476286.0	8.61275391387174e-10	0.0899301219142889	2.1724230472820195e-16	lower_in_active	1.862508033874764e-09	True	False	False
molecular	BCUT2D_MWLOW	48152	48152	0	2383	45769	9.838603820381476	9.754432219223169	9.8728838888082	9.795986002711302	9.585996872947007	10.05400897765252	9.470411663505269	9.982395545916605	0.07689788609689785	0.0	0.09581252654086667	0.5855855336300052	1	0.5855855336300052	0.07139181012305384	0.049489117793653434	1.4425759299392733	0.1711710672600104	0.1711710672600104	small	63868366.0	3.295762478601037e-45	0.1315026057205826	1.2966855056662888e-34	higher_in_active	3.1675939377665525e-44	True	False	False
molecular	BCUT2D_CHGHI	48152	48152	0	2383	45769	2.392561531176344	2.471324538052329	2.372277668045939	2.494251175130056	2.1888960579731815	2.6276263313602826	2.3168367428214784	2.6768040224990224	-0.12197350708411703	0.0	0.0658444405253896	0.4120976264548476	-1	0.5879023735451525	0.0683592574952501	0.049489117793653434	1.38129876916126	-0.1758047470903048	0.1758047470903048	small	44946469.0	1.3619103875966268e-47	0.19923559832799737	2.8367612466859195e-79	lower_in_active	1.6829321218158317e-46	True	False	False
molecular	BCUT2D_CHGLO	48152	48152	0	2383	45769	-2.312554343995967	-2.3902016709808604	-2.3098862438708068	-2.4021017858359595	-2.524128040422813	-2.117901328880796	-2.5847950056387234	-2.2294182124237687	0.09221554196515269	0.0	0.05120188624639685	0.5954247133521235	1	0.5954247133521235	0.07158998263787211	0.049489117793653434	1.4465802954170448	0.1908494267042471	0.1908494267042471	small	64941501.0	9.109428525880825e-56	0.17714982205473495	1.196338647984249e-62	higher_in_active	1.9699139187217286e-54	True	False	False
molecular	BCUT2D_LOGPHI	48152	48152	0	2383	45769	2.4322786995888253	2.4856444701721716	2.426031345300772	2.4929147575889674	2.295894252881693	2.6163784229670215	2.353141784933482	2.673622791000068	-0.06688341228819539	0.0	0.04925885465690892	0.43001457711606494	-1	0.569985422883935	0.06315182260913087	0.049489117793653434	1.2760749317141709	-0.1399708457678701	0.1399708457678701	negligible	46900626.5	8.477844561590772e-31	0.12102656366271147	2.277522469659625e-29	lower_in_active	4.888890363850679e-30	True	False	False
molecular	BCUT2D_LOGPLOW	48152	48152	0	2383	45769	-2.348082142698486	-2.4324417858125935	-2.3524705287611365	-2.5125843550174007	-2.6071661973274414	-2.106024448145228	-2.6309862258634453	-2.253591680443401	0.16011382625626425	0.0	0.07239841607189965	0.5820203340633184	1	0.5820203340633184	0.06789910010795552	0.049489117793653434	1.3720006161973455	0.16404066812663687	0.16404066812663687	small	63479518.5	1.1562321871913545e-41	0.1676464343048687	4.109868093680975e-56	higher_in_active	1.0527798336005492e-40	True	False	False
molecular	BCUT2D_MRHI	48152	48152	0	2383	45769	5.956172043251129	5.8526943734921435	5.898170619590116	5.873955017487868	5.771982630401984	6.038027629436224	5.673559157516103	5.966976656747518	0.024215602102247935	2.0767569363681676e-05	0.34322595681625706	0.5707529244703604	1	0.5707529244703604	0.062200418253699846	0.049489117793653434	1.2568504153387137	0.14150584894072082	0.14150584894072082	negligible	62250610.0	1.9323612059902287e-31	0.1097167078886826	3.351148461017551e-24	higher_in_active	1.2381425505048503e-30	True	False	False
molecular	BCUT2D_MRLOW	48152	48152	0	2383	45769	-0.013520950359148338	-0.11693692618202789	-0.1309308670958257	-0.1537725165434211	-0.2024108589148073	0.1445840324596491	-0.2779815264713988	-0.01962856033298	0.022841649447595425	2.0767569363681676e-05	0.0780205467070385	0.6067799171791985	1	0.6067799171791985	0.07595085303156782	0.049489117793653434	1.5346980592429933	0.2135598343583971	0.2135598343583971	small	66179985.0	2.2872415086391292e-69	0.17229627843308482	2.898116513773914e-59	higher_in_active	7.913855619891387e-68	True	True	True
molecular	AvgIpc	48152	48152	0	2383	45769	2.7842864061493313	2.809823337880774	2.767064203063919	2.837930614173083	2.4736439354673365	3.1447876778915527	2.526541582675971	3.146721272067246	-0.07086641110916414	0.00014537298554577173	0.2724055792670885	0.4782019674838689	-1	0.5217980325161311	0.05361488616112711	0.049489117793653434	1.0833671835629848	-0.04359606503226221	0.04359606503226221	negligible	52156306.0	0.00032599370403840197	0.06084338008323964	9.888397354180831e-08	lower_in_active	0.0005221936185059587	True	False	False
molecular	BalabanJ	48152	48152	0	2383	45769	1.9784911157373977	1.943187929817519	1.91525625811691	1.8583665268997804	1.571516570281829	2.3384053841510033	1.5453925975236895	2.266167720676968	0.05688973121712948	0.0009760757600930387	0.4198248934241589	0.5253120894544533	1	0.5253120894544533	0.052506345238708896	0.049489117793653434	1.0609674930483888	0.05062417890890658	0.05062417890890658	negligible	57294490.5	3.005361216969761e-05	0.04831912985429665	4.918569849102379e-05	higher_in_active	5.472920953008091e-05	True	False	False
molecular	BertzCT	48152	48152	0	2383	45769	945.0724803920554	950.3005738469823	849.9653211686918	833.239566327906	573.8563755404297	1150.2257261875197	533.8277398722166	1212.908490458035	16.72575484078584	0.00012460541618209006	481318.00323002774	0.504039685432677	1	0.504039685432677	0.04872941313324304	0.049489117793653434	0.9846490563121774	0.00807937086535393	0.00807937086535393	negligible	54974362.0	0.505411581075775	0.0435963859343762	0.00035313891177990745	higher_in_active	0.5641045388781231	False	False	False
molecular	Chi2n	48152	48152	0	2383	45769	8.524363947034251	9.661560570238182	7.170935607603507	8.303167492423475	4.809877535414331	11.397989495454134	5.847928034417777	12.605515725652152	-1.1322318848199675	0.0003530486791825885	32.61426511717399	0.42742857826051195	-1	0.572571421739488	0.06700431947005091	0.049489117793653434	1.353920264843429	-0.1451428434789761	0.1451428434789761	negligible	46618578.0	5.4566100968189834e-33	0.11525321372694186	1.1467090232380752e-26	lower_in_active	3.6307444105757077e-32	True	False	False
molecular	Chi4v	48152	48152	0	2383	45769	5.040501632702146	5.776422786653606	3.829639887369759	4.641913342125022	2.246543080267454	7.145894329145855	2.898616752658035	7.963667493339451	-0.8122734547552635	0.0027620867253696627	15.844305464028496	0.43165027478802187	-1	0.568349725211978	0.06514778298236253	0.049489117793653434	1.3164062300321948	-0.13669945042395626	0.13669945042395626	negligible	47079028.0	1.8788922318104338e-29	0.11372418850204608	5.658260500245438e-26	lower_in_active	9.287095888663002e-29	True	False	False
molecular	HallKierAlpha	48152	48152	0	2383	45769	-2.3848798578676886	-2.130952445269341	-2.23	-1.84	-3.13	-1.3700000000000003	-2.93	-0.9700000000000002	-0.3899999999999999	0.003987373317826882	3.1831916881942344	0.42949476153429245	-1	0.5705052384657077	0.05652027784238517	0.049489117793653434	1.1420748714504954	-0.1410104769314151	0.1410104769314151	negligible	46843931.5	3.1171117747924284e-31	0.13067715379665656	3.4841806081369468e-34	lower_in_active	1.9259297751396075e-30	True	False	False
molecular	Kappa2	48152	48152	0	2383	45769	8.223222482759638	9.157130743221156	6.797425182082914	7.570436997609929	4.746545498803195	9.666900015653244	5.2668164236561	11.051381864565808	-0.7730118155270151	2.0767569363681676e-05	39.08682397311776	0.44086217339465306	-1	0.559137826605347	0.060738984019274626	0.049489117793653434	1.2273199993689097	-0.11827565321069389	0.11827565321069389	negligible	48083747.0	1.8498294255898982e-22	0.09071569945837316	1.1390272005891634e-16	lower_in_active	7.619535491120295e-22	True	False	False
molecular	Kappa3	48152	48152	0	2383	45769	8.22356641881107	4.8937661062378295	3.1515466702862027	3.547483856050708	2.104425441425588	4.7440751626254585	2.312662560421165	5.668360075802356	-0.3959371857645051	4.153513872736335e-05	1988.0106835534777	0.44383798121690243	-1	0.5561620187830976	0.058273049696035195	0.049489117793653434	1.1774921900811945	-0.11232403756619513	0.11232403756619513	negligible	48408311.0	2.0613846596657703e-20	0.08977038601049425	2.475491895098217e-16	lower_in_active	7.429573877545381e-20	True	False	False
molecular	PEOE_VSA1	48152	48152	0	2383	45769	24.540434344396928	29.235635900553486	19.68678069728151	20.056445138322168	10.213054789681411	29.428683986514855	10.213054789681411	37.94485605469435	-0.36966444104065843	0.05119205848147533	880.0304889692495	0.4734939850611998	-1	0.5265060149388003	0.04931349265842374	0.049489117793653434	0.9964512373010574	-0.05301202987760045	0.05301202987760045	negligible	51642818.0	1.2352657715798604e-05	0.10259902564766143	3.274026940436656e-21	lower_in_active	2.2978599836915682e-05	True	False	False
molecular	PEOE_VSA10	48152	48152	0	2383	45769	16.14390469440024	20.146972448878333	11.49902366656781	11.86313125940448	0.0	23.352501887600017	0.0	28.91595337929701	-0.36410759283666927	0.25074763249709253	612.466582752461	0.46268920629327187	-1	0.5373107937067281	0.05301459098998611	0.049489117793653434	1.07123734173303	-0.07462158741345626	0.07462158741345626	negligible	50464367.5	5.601263027718228e-10	0.0892354146803016	3.8271341709331793e-16	lower_in_active	1.22660570100665e-09	True	False	False
molecular	PEOE_VSA11	48152	48152	0	2383	45769	9.97433037484175	10.024370630099229	5.783244946364939	5.783244946364939	0.0	16.92781405846835	0.0	16.92781405846835	0.0	0.39647366672204687	205.7846036866024	0.5090669333687193	1	0.5090669333687193	0.04887203361694764	0.049489117793653434	0.987530911759657	0.018133866737438664	0.018133866737438664	negligible	55522671.5	0.12249479389513472	0.040173066360989385	0.0012986779456852365	higher_in_active	0.15582058341072286	False	False	False
molecular	PEOE_VSA12	48152	48152	0	2383	45769	3.5927453664755626	3.2774203649437452	0.0	0.0	0.0	5.783244946364939	0.0	5.783244946364939	0.0	0.6991609901977073	61.36602607017161	0.5096047653120438	1	0.5096047653120438	0.049930877269442675	0.049489117793653434	1.0089263962560653	0.01920953062408759	0.01920953062408759	negligible	55581331.5	0.050932151761874205	0.02634989606026361	0.08459073815424412	higher_in_active	0.06993065281590664	False	False	False
molecular	PEOE_VSA13	48152	48152	0	2383	45769	0.39399017966398003	0.22375628839848247	0.0	0.0	0.0	0.0	0.0	0.0	0.0	0.9672080079747466	1.8331784865229386	0.5118235100352097	1	0.5118235100352097	0.051758157640118506	0.049489117793653434	1.0458492684376777	0.0236470200704193	0.0236470200704193	negligible	55823324.5	2.64725563959823e-10	0.023777077112970613	0.15194341534739153	higher_in_active	5.871477251929407e-10	True	False	False
molecular	PEOE_VSA14	48152	48152	0	2383	45769	4.745283536383648	5.094402359194148	0.0	0.0	0.0	5.969305287951849	0.0	5.969305287951849	0.0	0.5299052998837016	66.09706817710679	0.4922755239513224	-1	0.5077244760486775	0.05009400201529416	0.049489117793653434	1.012222570306523	-0.015448952097355195	0.015448952097355195	negligible	53691274.0	0.16331582107221276	0.023452030777226684	0.1629064884731951	lower_in_active	0.2018116931820915	False	False	False
molecular	PEOE_VSA2	48152	48152	0	2383	45769	4.95934314719979	4.824279200564873	4.794537184071822	4.794537184071822	0.0	9.589074368143644	0.0	4.9839785209472085	0.0	0.3820194384449244	30.848822174049726	0.5223833579723505	1	0.5223833579723505	0.050889796839717415	0.049489117793653434	1.028302768538008	0.04476671594470094	0.04476671594470094	negligible	56975061.0	0.00010443923733898272	0.05512173206237636	2.0136400788599667e-06	higher_in_active	0.00017713713783964715	True	False	False
molecular	PEOE_VSA3	48152	48152	0	2383	45769	3.3126644546314226	2.400335371371346	0.0	0.0	0.0	4.794537184071822	0.0	4.794537184071822	0.0	0.6806155507559395	32.827276022024826	0.54666617681723	1	0.54666617681723	0.05707971131455242	0.049489117793653434	1.153379042894808	0.09333235363445991	0.09333235363445991	negligible	59623528.0	8.948740250189753e-21	0.08490626178770877	1.1808126635761227e-14	higher_in_active	3.293898006984739e-20	True	False	False
molecular	PEOE_VSA4	48152	48152	0	2383	45769	0.3639513504504127	0.17478962955132013	0.0	0.0	0.0	0.0	0.0	0.0	0.0	0.9784432630004984	2.2271616650448416	0.5109217384199057	1	0.5109217384199057	0.05173173327807131	0.049489117793653434	1.0453153255584093	0.02184347683981147	0.02184347683981147	negligible	55724970.5	8.213254349048267e-13	0.0222607596117953	0.20853268897675903	higher_in_active	2.0628635295590867e-12	True	False	False
molecular	PEOE_VSA5	48152	48152	0	2383	45769	0.4775355458748906	0.47632662225278216	0.0	0.0	0.0	0.0	0.0	0.0	0.0	0.9474788170792491	5.550516869806123	0.4983435628828369	-1	0.5016564371171631	0.049652846539508924	0.049489117793653434	1.0033083787538537	-0.0033128742343262463	0.0033128742343262463	negligible	54353100.0	0.47987372079448887	0.00726397693054881	0.9997113635350731	lower_in_active	0.5426023117480169	False	False	False
molecular	PEOE_VSA6	48152	48152	0	2383	45769	25.547973024374976	28.71732265420273	19.26246486877803	23.80116485057092	6.076020106833881	35.45028948747406	12.13273413692322	39.78689715815828	-4.538699981792892	0.14151021764412694	761.9654493423083	0.45498680831004823	-1	0.5450131916899519	0.05736772289322141	0.049489117793653434	1.1591987380421305	-0.09002638337990354	0.09002638337990354	negligible	49624286.0	1.0648192223030035e-13	0.08380604430501115	2.7466788226073837e-14	lower_in_active	2.8783394602878066e-13	True	False	False
molecular	PEOE_VSA7	48152	48152	0	2383	45769	47.21201205681516	49.847129745199446	38.47705026606436	42.79449779438202	24.26546827384644	64.36633028993259	25.180370914939424	67.40555085943423	-4.317447528317658	0.024464196710417014	1052.2040856377812	0.4722880578377833	-1	0.5277119421622166	0.05510827471671778	0.049489117793653434	1.1135432833232877	-0.05542388432443335	0.05542388432443335	negligible	51511290.5	4.905482106573024e-06	0.04729669904407019	7.667291660065638e-05	lower_in_active	9.643731868603785e-06	True	False	False
molecular	PEOE_VSA8	48152	48152	0	2383	45769	17.588760981423516	16.60065685679295	16.513127197858786	12.586597235060536	6.4208216229260096	24.092481012232575	6.06636706846161	23.762552697081823	3.9265299627982504	0.15274547266987873	212.9405512168884	0.5258965301377008	1	0.5258965301377008	0.05240128217484931	0.049489117793653434	1.058844540194437	0.05179306027540154	0.05179306027540154	negligible	57358234.0	1.8914651555280817e-05	0.05342907426515686	4.638660451990735e-06	higher_in_active	3.481100764961257e-05	True	False	False
molecular	PEOE_VSA9	48152	48152	0	2383	45769	15.032973379322138	16.729393850189155	12.207932775496603	12.71084835226122	5.601050810983688	21.65996187758712	6.103966387748303	24.41586555099321	-0.5029155767646163	0.15295314836351553	202.98622982134574	0.46132662841067257	-1	0.5386733715893275	0.055599519866713645	0.049489117793653434	1.1234696099966408	-0.07734674317865486	0.07734674317865486	negligible	50315754.5	1.6802796938705613e-10	0.06504004624584547	8.970899798965643e-09	lower_in_active	3.775173857657235e-10	True	False	False
molecular	SMR_VSA10	48152	48152	0	2383	45769	13.846003659730219	11.46894263013889	11.742799515108777	10.969244356107035	5.969305287951849	17.836355920261312	5.783244946364939	16.938549644058888	0.7735551590017415	0.21311679681010134	166.80588651222013	0.5575822352697152	1	0.5575822352697152	0.058408390321899345	0.049489117793653434	1.1802269453546357	0.11516447053943035	0.11516447053943035	negligible	60814115.5	1.1940891574897651e-21	0.1113818414531394	6.25902207734867e-25	higher_in_active	4.6949414601302126e-21	True	False	False
molecular	SMR_VSA2	48152	48152	0	2383	45769	0.1832471890720029	0.0800471239616512	0.0	0.0	0.0	0.0	0.0	0.0	0.0	0.9881832530320651	0.9737075619363443	0.5079268277532322	1	0.5079268277532322	0.05153950355116555	0.049489117793653434	1.0414310428013946	0.015853655506464337	0.015853655506464337	negligible	55398323.0	2.906869728651882e-12	0.016080203230426138	0.5956966823948309	higher_in_active	7.0829360993912054e-12	True	False	False
molecular	SMR_VSA3	48152	48152	0	2383	45769	2.065932599497999	1.0045319581071834	0.0	0.0	0.0	0.0	0.0	0.0	0.0	0.8577421498587805	9.944871321956413	0.552623935445057	1	0.552623935445057	0.06418326771952483	0.049489117793653434	1.2969167885986401	0.10524787089011389	0.10524787089011389	negligible	60273326.0	2.642049703683947e-46	0.09849531107457865	1.4028301551248934e-19	higher_in_active	2.856716242108268e-45	True	False	False
molecular	SMR_VSA4	48152	48152	0	2383	45769	11.406751797380178	15.371671472707531	0.0	5.917906046161393	0.0	17.75371813848418	0.0	28.080783500513128	-5.917906046161393	0.405466024256521	329.55086562165116	0.42900549124947157	-1	0.5709945087505285	0.05944820397140442	0.049489117793653434	1.2012379008103506	-0.14198901750105686	0.14198901750105686	negligible	46790568.0	8.353583350900484e-34	0.14639903772641694	7.829293638389611e-43	lower_in_active	6.283347476981668e-33	True	False	False
molecular	SMR_VSA5	48152	48152	0	2383	45769	54.37750890895573	71.03644897044109	37.76696814999996	57.8426600543302	12.84164324585202	78.21068819092808	31.78725287945234	94.83857906399382	-20.07569190433024	0.045937863432463866	3473.881784128089	0.38561453767994575	-1	0.6143854623200542	0.08847928784584841	0.049489117793653434	1.7878534067785532	-0.2287709246401085	0.2287709246401085	small	42058024.0	2.47326612287951e-79	0.2105708420435718	1.3641070126415257e-88	lower_in_active	1.069687598145388e-77	True	True	True
molecular	SMR_VSA6	48152	48152	0	2383	45769	10.706395458159774	10.167880848533217	6.606881964512918	6.606881964512918	0.0	14.219595082555069	0.0	13.902739847377362	0.0	0.36179182588469844	148.16412860699367	0.4994041856289636	-1	0.5005958143710364	0.050087373794964744	0.049489117793653434	1.0120886374213773	-0.0011916287420727922	0.0011916287420727922	negligible	54468779.5	0.9196343987173866	0.030439600963905522	0.029452823255822103	lower_in_active	0.9249811103378365	False	False	False
molecular	SMR_VSA7	48152	48152	0	2383	45769	41.03349322274558	34.08202079452357	40.55516291828041	29.82891976554344	23.2982492738063	55.53795240244072	11.835184978490055	47.52510539416365	10.72624315273697	0.11382704768233926	757.3090410779374	0.5914701632503321	1	0.5914701632503321	0.06268833047152249	0.049489117793653434	1.266709395243286	0.18294032650066416	0.18294032650066416	small	64510188.0	1.5706352878718077e-51	0.16441241030430626	5.672328803984824e-54	higher_in_active	2.2643325400151893e-50	True	False	False
molecular	SMR_VSA9	48152	48152	0	2383	45769	11.4576688631114	10.032405236697365	5.749511833283905	0.0	0.0	22.822722577139245	0.0	17.248535499851716	5.749511833283905	0.5893420834025586	344.76528632943524	0.5509280365364845	1	0.5509280365364845	0.05339860844280234	0.049489117793653434	1.0789969759705489	0.10185607307296896	0.10185607307296896	negligible	60088358.5	4.498892563608507e-21	0.11816408929854988	5.174089035961903e-28	higher_in_active	1.691974811965808e-20	True	False	False
molecular	SlogP_VSA1	48152	48152	0	2383	45769	5.729032328922344	4.338773855118427	4.736862953800049	0.0	0.0	9.473725907600098	0.0	5.733667477162185	4.736862953800049	0.6138270476823393	54.16409725399362	0.5636078326044744	1	0.5636078326044744	0.057550943126914555	0.049489117793653434	1.1629009708129205	0.1272156652089489	0.1272156652089489	negligible	61471312.5	5.322794660128566e-33	0.12489620306509747	2.961944971466417e-31	higher_in_active	3.6307444105757077e-32	True	False	False
molecular	SlogP_VSA10	48152	48152	0	2383	45769	0.552267726087664	0.18714379477002768	0.0	0.0	0.0	0.0	0.0	0.0	0.0	0.971423824555574	1.8290972067616873	0.5200008018885401	1	0.5200008018885401	0.05680967740908399	0.049489117793653434	1.1479226129258129	0.040001603777080286	0.040001603777080286	negligible	56715201.5	3.1295101795130903e-30	0.03969108055415982	0.001546741129313537	higher_in_active	1.6918914407992645e-29	True	False	False
molecular	SlogP_VSA12	48152	48152	0	2383	45769	1.3295777080470084	0.7703951030078233	0.0	0.0	0.0	0.0	0.0	0.0	0.0	0.9645289915268317	28.526746088421472	0.515083953448399	1	0.515083953448399	0.05190203399053856	0.049489117793653434	1.0487565005087758	0.030167906896797936	0.030167906896797936	negligible	56178933.0	8.455153993401184e-15	0.030295369216540524	0.030648397499420166	higher_in_active	2.3592607110619432e-14	True	False	False
molecular	SlogP_VSA2	48152	48152	0	2383	45769	48.299754909147595	57.9191409620246	33.90519119750377	39.14540409453905	20.920632995505805	58.143599804833805	22.286326465381563	74.39677938169662	-5.240212897035285	0.027953148363515534	3527.2876931102774	0.4505813219731295	-1	0.5494186780268704	0.05371889054823766	0.049489117793653434	1.0854687443049684	-0.098837356053741	0.098837356053741	negligible	49143790.5	3.7152215542982455e-16	0.09408640942230218	6.691058573750914e-18	lower_in_active	1.0893785235484686e-15	True	False	False
molecular	SlogP_VSA3	48152	48152	0	2383	45769	13.673097931815969	15.344498952022136	9.632125767808455	11.21535880699783	4.736862953800049	19.255666341445178	4.794537184071822	21.36721223019466	-1.5832330391893752	0.17442681508556238	225.32384821020716	0.46773882110667087	-1	0.5322611788933291	0.05572903967305767	0.049489117793653434	1.1260867470990654	-0.06452235778665827	0.06452235778665827	negligible	51015116.5	9.506763714346133e-08	0.06660822152866824	3.5113955904662822e-09	lower_in_active	1.981530268170941e-07	True	False	False
molecular	SlogP_VSA5	48152	48152	0	2383	45769	43.63101289353894	52.52854757985635	34.3374876250839	45.2426734050825	12.84164324585202	66.21987853631856	23.3348357588906	75.3351192126541	-10.905185779998597	0.05358032895829872	1518.6076472723294	0.42238624334078834	-1	0.5776137566592117	0.06774345607419907	0.049489117793653434	1.3688556008748776	-0.15522751331842333	0.15522751331842333	small	46068623.0	1.7052421714097262e-37	0.1302129276296876	6.057737479742087e-34	lower_in_active	1.475034478269413e-36	True	False	False
molecular	SlogP_VSA6	48152	48152	0	2383	45769	34.104595410888535	28.408170946953323	30.46231184545952	24.26546827384644	18.19910120538483	47.07045500926039	11.64912463690315	39.54352346343322	6.19684357161308	0.11204103671706263	504.43329173911496	0.5858512268275781	1	0.5858512268275781	0.06274430835520647	0.049489117793653434	1.2678405102475458	0.17170245365515613	0.17170245365515613	small	63897344.5	1.3235549391045226e-45	0.15569118936748244	2.0508594365627366e-48	higher_in_active	1.346911790971073e-44	True	False	False
molecular	SlogP_VSA7	48152	48152	0	2383	45769	0.1397320020966715	0.05282105593166246	0.0	0.0	0.0	0.0	0.0	0.0	0.0	0.99543113473999	2.1498503048466637	0.507963791092467	1	0.507963791092467	0.05219848650825921	0.049489117793653434	1.0547467571740232	0.015927582184934064	0.015927582184934064	negligible	55402354.5	2.587540418104483e-29	0.015986884895629827	0.603122585785043	higher_in_active	1.2434569231446545e-28	True	False	False
molecular	SlogP_VSA8	48152	48152	0	2383	45769	5.66389142359974	3.9385437377230508	0.0	0.0	0.0	10.902924932081056	0.0	0.0	0.0	0.7462410699451736	71.42811024807793	0.5476029359316087	1	0.5476029359316087	0.05635499466114454	0.049489117793653434	1.138735083056413	0.09520587186321738	0.09520587186321738	negligible	59725698.0	9.776596413470947e-25	0.09162637381518701	5.350547457858181e-17	higher_in_active	4.450924156659142e-24	True	False	False
molecular	TPSA	48152	48152	0	2383	45769	101.59169534200588	112.12638314142762	78.9	84.73	52.58	119.36	55.38	136.68	-5.829999999999998	0.024360358863598604	10430.474867788556	0.47109452660460527	-1	0.5289054733953947	0.05031054805338278	0.049489117793653434	1.0165981996921896	-0.057810946790789464	0.057810946790789464	negligible	51381115.0	1.8596984895230758e-06	0.09549514219754884	1.984272291980256e-18	lower_in_active	3.7850333963234368e-06	True	False	False
molecular	EState_VSA1	48152	48152	0	2383	45769	27.554180525531127	36.69691588935636	11.384295757348628	16.630892013867914	0.0	35.301111937782885	0.0	54.054527961722776	-5.246596256519286	0.2812967270310683	2814.888957815372	0.4432690263528208	-1	0.5567309736471792	0.05636940627967304	0.049489117793653434	1.1390262908849416	-0.11346194729435843	0.11346194729435843	negligible	48346256.5	3.1027322031638513e-21	0.10686920590030424	5.566928719735288e-23	lower_in_active	1.1928281581052139e-20	True	False	False
molecular	EState_VSA10	48152	48152	0	2383	45769	17.990778718491093	21.826739663568603	14.69560176298435	15.007591973753234	5.106527394840706	24.90865655266576	9.589074368143644	30.015183947506465	-0.3119902107688848	0.07787838511380628	460.61883231667053	0.44739111486409694	-1	0.552608885135903	0.056099787598880096	0.049489117793653434	1.1335782511377568	-0.10521777027180612	0.10521777027180612	negligible	48795842.5	3.802444869582584e-18	0.09379531453023593	8.582059820432977e-18	lower_in_active	1.2650441585342058e-17	True	False	False
molecular	EState_VSA11	48152	48152	0	2383	45769	0.12607610325259622	0.16596620906624507	0.0	0.0	0.0	0.0	0.0	0.0	0.0	0.9792739657750457	2.818154995616272	0.498377537248094	-1	0.5016224627519059	0.04964285106724457	0.049489117793653434	1.0031064056189511	-0.0032449255038119462	0.0032449255038119462	negligible	54356805.5	0.2783842833215606	0.004058238159191041	0.9999999999998308	lower_in_active	0.32106987343086657	False	False	False
molecular	EState_VSA2	48152	48152	0	2383	45769	22.330379974997722	23.36413220879002	18.40509473754901	22.645495299907047	10.82998093879356	33.78123134765575	11.332896515558172	34.501605123439134	-4.240400562358037	0.1053954145206845	292.1801101302148	0.47561475836891404	-1	0.524385241631086	0.05328497916043715	0.049489117793653434	1.0767009301440913	-0.048770483262171926	0.048770483262171926	negligible	51874125.5	5.754995150007757e-05	0.0549456026448642	2.1989735658065822e-06	lower_in_active	0.00010159328172972877	True	False	False
molecular	EState_VSA3	48152	48152	0	2383	45769	16.400954071431347	16.93375605594299	12.462662452073968	12.84164324585202	5.693927994848461	24.023012105073217	5.783244946364939	24.825916360475023	-0.3789807937780534	0.1590172786177106	193.21425638371352	0.48389476640466966	-1	0.5161052335953303	0.051758744390365596	0.049489117793653434	1.0458611245845086	-0.032210467190660674	0.032210467190660674	negligible	52777205.5	0.007794262825206854	0.03743412097351395	0.003409725546146899	lower_in_active	0.011828135690884084	True	False	False
molecular	EState_VSA4	48152	48152	0	2383	45769	19.85634314777728	19.077504812134507	16.355468570571833	13.847474399381248	5.573104530069267	30.15598617950791	5.573104530069267	29.96592762850305	2.5079941711905853	0.17619205848147532	299.5211480114373	0.5047324305794518	1	0.5047324305794518	0.05235474644180155	0.049489117793653434	1.0579042176523827	0.009464861158903659	0.009464861158903659	negligible	55049918.0	0.4339454959412239	0.02982289128092175	0.03486925925345119	higher_in_active	0.49389849209099823	False	False	False
molecular	EState_VSA5	48152	48152	0	2383	45769	16.93875255183921	18.67744884269082	12.329530064100666	12.84164324585202	5.563451491696996	24.49434274058663	5.573104530069267	25.68328649170404	-0.5121131817513547	0.22206761920584814	473.87184254544997	0.48532782356016935	-1	0.5146721764398307	0.05110204791914989	0.049489117793653434	1.0325916120028977	-0.029344352879661306	0.029344352879661306	negligible	52933505.5	0.014992014307979404	0.037484355907327016	0.0033519441930606494	lower_in_active	0.021979817587122346	True	False	False
molecular	EState_VSA6	48152	48152	0	2383	45769	13.334809780187893	11.075757952582425	7.109797541277533	6.076020106833881	0.0	20.28596215101668	0.0	18.19910120538483	1.0337774344436523	0.40382538627679015	214.70826051058032	0.5481745863734492	1	0.5481745863734492	0.05670330205252425	0.049489117793653434	1.1457731432787024	0.09634917274689836	0.09634917274689836	negligible	59788046.5	2.0476479872230938e-16	0.09293090508965152	1.788948231886746e-17	higher_in_active	6.107639686027504e-16	True	False	False
molecular	EState_VSA7	48152	48152	0	2383	45769	12.622454944803902	10.31674039085518	6.923737199690624	6.076020106833881	0.0	19.92349450621513	0.0	13.847474399381248	0.847717092856743	0.45676192058481474	207.68601300569338	0.5399806213631305	1	0.5399806213631305	0.05671007722621015	0.049489117793653434	1.1459100455713265	0.07996124272626104	0.07996124272626104	negligible	58894351.0	4.084888076773862e-12	0.08324437391892092	4.208432381802229e-14	higher_in_active	9.81507829558164e-12	True	False	False
molecular	EState_VSA8	48152	48152	0	2383	45769	14.610311001902613	16.434560467368073	6.923737199690624	6.923737199690624	0.0	20.771211599071872	0.0	26.847231705905752	0.0	0.35500083070277455	409.1412766385771	0.4725630801182465	-1	0.5274369198817536	0.05224059558485104	0.049489117793653434	1.055597632648656	-0.054873839763507015	0.054873839763507015	negligible	51541286.5	3.6782036741971653e-06	0.07255431765680365	8.174361566104797e-11	lower_in_active	7.3141291452426395e-06	True	False	False
molecular	EState_VSA9	48152	48152	0	2383	45769	12.120861616039631	13.203269429836793	9.473725907600098	9.473725907600098	4.736862953800049	18.627739798453494	4.736862953800049	18.9474518152002	0.0	0.19160159494932713	170.81449601141935	0.4862975164000923	-1	0.5137024835999078	0.04932100571908838	0.049489117793653434	0.9966030496792042	-0.027404967199815444	0.027404967199815444	negligible	53039267.5	0.022993768183033347	0.05344209372235964	4.609440422574548e-06	lower_in_active	0.032605917177580074	True	False	False
molecular	VSA_EState1	48152	48152	0	2383	45769	13.096317641800136	15.204960582757614	10.321498488284202	11.00896925128076	0.0	20.27979892527106	4.608796296296296	22.278061746046472	-0.6874707629965577	0.23465276624023923	283.73377671279525	0.46514677553842404	-1	0.534853224461576	0.05365959260474182	0.049489117793653434	1.084270542636814	-0.06970644892315192	0.06970644892315192	negligible	50732408.5	7.314615818039521e-09	0.060931674007791536	9.417039633690394e-08	lower_in_active	1.5622574524948606e-08	True	False	False
molecular	VSA_EState10	48152	48152	0	2383	45769	0.3242214717870173	0.1853673309758762	0.0	0.0	0.0	0.0	0.0	0.0	0.0	0.9702608406712079	2.443471712936432	0.5117651425249606	1	0.5117651425249606	0.051480134650202916	0.049489117793653434	1.0402314073338526	0.023530285049921273	0.023530285049921273	negligible	55816958.5	4.3521535007498027e-11	0.024649619129990863	0.12542083585639285	higher_in_active	1.0174629130131294e-10	True	False	False
molecular	VSA_EState2	48152	48152	0	2383	45769	17.978387638255885	17.419717257827795	12.704080162929367	12.700668422461575	6.468134867989493	24.98518279872479	3.557182478529486	24.74394487259017	0.0034117404677918017	0.2203023758099352	354.4208323699247	0.5138779437072961	1	0.5138779437072961	0.05046388908369933	0.049489117793653434	1.0196966794621443	0.02775588741459223	0.02775588741459223	negligible	56047396.5	0.021430806233591504	0.07031556697897809	3.497314521474578e-10	higher_in_active	0.030686070704213156	True	False	False
molecular	VSA_EState4	48152	48152	0	2383	45769	1.105581624654689	0.526488437499914	0.84338246409675	0.5541569206707464	-0.16266862414223715	2.4609739708174363	-0.588226770390283	2.006365740740741	0.2892255434260036	0.08448247217145705	10.343329290969654	0.546678691999682	1	0.546678691999682	0.06410083758980258	0.049489117793653434	1.2952511672782936	0.093357383999364	0.093357383999364	negligible	59624893.0	1.382433433301705e-14	0.0722886107062829	9.736795798706568e-11	higher_in_active	3.7962060946221425e-14	True	False	False
molecular	VSA_EState5	48152	48152	0	2383	45769	-0.6583576223460406	-0.7118133406553303	-0.0571310540080995	-0.0569952024019468	-1.381610107537372	0.811649896069539	-1.5158362266891756	0.8972661039724521	-0.00013585160615270375	0.047827712244558895	26.507443202589638	0.49779236307429986	-1	0.5022076369257001	0.04910335431421702	0.049489117793653434	0.9922050847411573	-0.004415273851400281	0.004415273851400281	negligible	54292982.0	0.7158731525050228	0.022449413380391414	0.20071366537549196	lower_in_active	0.7371789010914819	False	False	False
molecular	VSA_EState6	48152	48152	0	2383	45769	5.626287197402716	3.8641595401555495	5.088003847414749	0.5973899281934996	0.0	8.973128248206486	0.0	7.073204718818549	4.490613919221249	0.45850639641136404	29.887377220384774	0.5942220776675354	1	0.5942220776675354	0.06743189141279164	0.049489117793653434	1.3625599812458007	0.18844415533507086	0.18844415533507086	small	64810332.5	5.009603286841639e-60	0.17294217187119315	1.040689158003506e-59	higher_in_active	1.2380876694622908e-58	True	False	False
molecular	VSA_EState7	48152	48152	0	2383	45769	2.428801277095133	1.4214658247679546	1.897002787226	2.0415360465406254	0.0	5.473319633089868	-1.8590643290952555	6.536896284748466	-0.14453325931462535	0.048658415019106165	118.79866965087555	0.5161032806767499	1	0.5161032806767499	0.0482192972139088	0.049489117793653434	0.974341418146931	0.03220656135349986	0.03220656135349986	negligible	56290108.5	0.007930637711340074	0.12632966364039777	5.724085495424407e-32	higher_in_active	0.011930437600537677	True	False	False
molecular	VSA_EState8	48152	48152	0	2383	45769	4.852313017585266	6.390792747960275	3.61061292189976	5.562579358138521	0.10659627424237715	8.014404227124805	1.3391675597433037	10.15956821617536	-1.9519664362387612	0.09231184582156504	35.092476234530814	0.4242403240700598	-1	0.5757596759299402	0.05996310148447713	0.049489117793653434	1.2116421580698877	-0.1515193518598804	0.1515193518598804	small	46270843.0	7.951396000379633e-36	0.13138915307028098	1.4859251509275954e-34	lower_in_active	6.550435752693698e-35	True	False	False
molecular	VSA_EState9	48152	48152	0	2383	45769	1.0596459948022203	0.8444626791886524	0.0	0.0	0.0	1.524003250896063	0.0	1.4090455853165025	0.0	0.6800963615218475	3.76756704728944	0.5219822945100792	1	0.5219822945100792	0.054560646151389926	0.049489117793653434	1.10247764728566	0.04396458902015832	0.04396458902015832	negligible	56931318.0	1.2010088108269473e-05	0.05049621231441326	1.8516257320303374e-05	higher_in_active	2.2584187420984988e-05	True	False	False
molecular	FractionCSP3	48152	48152	0	2383	45769	0.4608274887390578	0.594345731972235	0.4347826086956521	0.6071428571428571	0.2240143369175627	0.7	0.3809523809523809	0.8333333333333334	-0.172360248447205	0.012855125436118957	0.07340963808118026	0.3670765222356238	-1	0.6329234777643762	0.09950248529188135	0.049489117793653434	2.010593231965871	-0.26584695552875237	0.26584695552875237	small	40036128.5	1.8057885680324588e-106	0.19686270139782297	2.1664495968420106e-77	lower_in_active	3.124014222696154e-104	True	True	True
molecular	NHOHCount	48152	48152	0	2383	45769	2.7843054972723458	3.2856518604295486	2.0	2.0	1.0	3.0	1.0	4.0	0.0	0.19234922744641966	16.228356894202307	0.4847692430030067	-1	0.5152307569969932	0.04987562115498622	0.049489117793653434	1.0078098656545935	-0.030461513993986555	0.030461513993986555	negligible	52872582.5	0.011020135597081386	0.08937541051975995	3.415615588225965e-16	lower_in_active	0.01629473041277846	True	False	False
molecular	NumAliphaticCarbocycles	48152	48152	0	2383	45769	1.1674360050356694	1.5245034848915204	0.0	1.0	0.0	2.0	0.0	3.0	-1.0	0.45480976906462867	3.076876393452495	0.43462548664920214	-1	0.5653745133507977	0.05861118291175359	0.049489117793653434	1.1843246662051021	-0.13074902670159572	0.13074902670159572	negligible	47403527.0	5.664449998848922e-30	0.12220623650887397	6.1505547615276845e-30	lower_in_active	2.9695449993965563e-29	True	False	False
molecular	NumAliphaticHeterocycles	48152	48152	0	2383	45769	1.1783466219051615	1.247503768926566	1.0	1.0	0.0	2.0	0.0	2.0	0.0	0.40426150523342747	2.239124297104553	0.4764541511975421	-1	0.523545848802458	0.052692317478734096	0.049489117793653434	1.0647253341317684	-0.04709169760491583	0.04709169760491583	negligible	51965676.0	4.7285209288827214e-05	0.0514972893811006	1.1645986741578433e-05	lower_in_active	8.433341450481554e-05	True	False	False
molecular	NumAliphaticRings	48152	48152	0	2383	45769	2.345782626940831	2.7720072538180864	2.0	2.0	0.0	4.0	1.0	4.0	0.0	0.18319072935703606	5.914156417054032	0.431296017191258	-1	0.5687039828087419	0.06343250157260635	0.049489117793653434	1.281746460647982	-0.13740796561748403	0.13740796561748403	negligible	47040390.0	2.1722634768845397e-30	0.1318881100146334	8.154887601777178e-35	lower_in_active	1.2122631661323399e-29	True	False	False
molecular	NumAmideBonds	48152	48152	0	2383	45769	0.06042803189257239	0.040966593108872816	0.0	0.0	0.0	0.0	0.0	0.0	0.0	0.9698247217145706	0.07825934312554189	0.5081590967034578	1	0.5081590967034578	0.050592032596682296	0.049489117793653434	1.022286006544459	0.01631819340691565	0.01631819340691565	negligible	55423656.0	5.642375335687287e-06	0.01637580908935432	0.5723129094294693	higher_in_active	1.0967763292965177e-05	True	False	False
molecular	NumAromaticCarbocycles	48152	48152	0	2383	45769	1.1611414183801931	0.8757674408442395	1.0	0.0	0.0	2.0	0.0	2.0	1.0	0.5232804452566872	1.508560363453925	0.5852042331536499	1	0.5852042331536499	0.06006156797953827	0.049489117793653434	1.2136318176041656	0.17040846630729978	0.17040846630729978	small	63826778.5	4.287184744730185e-53	0.16289903593394944	5.501562082586873e-53	higher_in_active	8.240921787092467e-52	True	False	False
molecular	NumAromaticHeterocycles	48152	48152	0	2383	45769	0.29752412924884597	0.20301951102274465	0.0	0.0	0.0	0.0	0.0	0.0	0.0	0.8200905466024256	0.23014262525911672	0.5355049170593187	1	0.5355049170593187	0.055551602615526496	0.049489117793653434	1.1225013718601895	0.07100983411863737	0.07100983411863737	negligible	58406197.0	1.6612880977880557e-18	0.0676694081456527	1.8378064031512458e-09	higher_in_active	5.635349821908503e-18	True	False	False
molecular	NumAromaticRings	48152	48152	0	2383	45769	1.458665547629039	1.0787869518669841	1.0	1.0	0.0	2.0	0.0	2.0	0.0	0.4824929390264163	1.9574771470996162	0.5933989729133584	1	0.5933989729133584	0.06163743998247282	0.049489117793653434	1.245474616045334	0.18679794582671683	0.18679794582671683	small	64720558.5	6.290752393127506e-61	0.1681100828480323	2.0115560153494634e-56	higher_in_active	1.8138336066850976e-59	True	False	False
molecular	NumAtomStereoCenters	48152	48152	0	2383	45769	4.425094418799832	6.323297428390395	2.0	5.0	0.0	7.0	1.0	9.0	-3.0	0.17648280445256687	48.10905010994011	0.38559270716755134	-1	0.6144072928324487	0.07517241536302834	0.049489117793653434	1.518968587729979	-0.22881458566489732	0.22881458566489732	small	42055643.0	4.611000775068861e-80	0.2010832610149857	9.34289031126399e-81	lower_in_active	2.659010446956376e-78	True	True	True
molecular	NumBridgeheadAtoms	48152	48152	0	2383	45769	0.4376835921107847	0.4662763005527759	0.0	0.0	0.0	0.0	0.0	0.0	0.0	0.8500166140554909	1.7364293336372572	0.49388837339275143	-1	0.5061116266072486	0.05011118201151471	0.049489117793653434	1.0125697172549124	-0.012223253214497132	0.012223253214497132	negligible	53867183.5	0.1043457724622909	0.013425829302978531	0.8036481819785668	lower_in_active	0.13572795966899492	False	False	False
molecular	NumRotatableBonds	48152	48152	0	2383	45769	4.681074276122534	5.3463698136293125	3.0	4.0	2.0	6.0	2.0	7.0	-1.0	0.09933128426648945	30.25494633153222	0.4552460101162833	-1	0.5447539898837167	0.05469761047803802	0.049489117793653434	1.1052452118080094	-0.08950797976743341	0.08950797976743341	negligible	49652556.5	1.2717712819692945e-13	0.09503411588308963	2.959588365367047e-18	lower_in_active	3.3335822997073933e-13	True	False	False
molecular	NumSaturatedCarbocycles	48152	48152	0	2383	45769	0.8170373478808225	1.123052721274225	0.0	0.0	0.0	1.0	0.0	2.0	0.0	0.5814919421830869	2.44291635909226	0.43881122838697906	-1	0.5611887716130209	0.057578524404522484	0.049489117793653434	1.1634582908630158	-0.12237754322604188	0.12237754322604188	negligible	47860055.5	1.589709100406239e-29	0.1294904944530374	1.4269272037698808e-33	lower_in_active	8.08881395206704e-29	True	False	False
molecular	NumSaturatedHeterocycles	48152	48152	0	2383	45769	0.663029794376836	0.8728833926893749	0.0	0.0	0.0	1.0	0.0	1.0	0.0	0.5573392590131251	1.7798346641840903	0.4447363237639009	-1	0.5552636762360991	0.05620421436644181	0.049489117793653434	1.1356883466944632	-0.11052735247219825	0.11052735247219825	negligible	48506291.0	5.519561000082392e-24	0.10501256712275142	3.341266905493275e-22	lower_in_active	2.4484206487544972e-23	True	False	False
molecular	NumSaturatedRings	48152	48152	0	2383	45769	1.4800671422576583	1.9959361139635998	0.0	1.0	0.0	2.0	0.0	3.0	-1.0	0.3664645289915268	5.378485397376243	0.41331759543791624	-1	0.5866824045620838	0.06404602169300738	0.049489117793653434	1.2941435319184604	-0.17336480912416752	0.17336480912416752	small	45079528.0	3.75854340161433e-49	0.17558639612320176	1.508495543876098e-61	lower_in_active	5.001753911379069e-48	True	False	False
molecular	NumSpiroAtoms	48152	48152	0	2383	45769	0.1716323961393202	0.18700430422338263	0.0	0.0	0.0	0.0	0.0	0.0	0.0	0.852487954809769	0.242394246043866	0.49333561491680283	-1	0.5066643850831972	0.05015031452492609	0.049489117793653434	1.0133604469174322	-0.013328770166394333	0.013328770166394333	negligible	53806895.5	0.07428866234864571	0.013916231913830845	0.7672063645402675	lower_in_active	0.09886106604858239	False	False	False
molecular	NumUnspecifiedAtomStereoCenters	48152	48152	0	2383	45769	0.4087284934955938	0.9259105508094999	0.0	0.0	0.0	0.0	0.0	0.0	0.0	0.7751910616381459	8.103993919294334	0.4487886344026119	-1	0.5512113655973881	0.05497322349381893	0.049489117793653434	1.1108143758599953	-0.10242273119477618	0.10242273119477618	negligible	48948266.5	6.587884608059901e-31	0.09435467442110435	5.315904673152614e-18	lower_in_active	3.930013921359872e-30	True	False	False
molecular	RingCount	48152	48152	0	2383	45769	3.80444817456987	3.850794205685071	3.0	4.0	2.0	5.0	2.0	5.0	-1.0	0.06307110815750125	5.957754854252859	0.4911510279315309	-1	0.5088489720684691	0.0501427987868488	0.049489117793653434	1.0132085804382471	-0.01769794413693815	0.01769794413693815	negligible	53568628.0	0.14062939330828894	0.0304516668833979	0.029354694283585503	lower_in_active	0.17502794994484883	False	False	False
molecular	MolLogP	48152	48152	0	2383	45769	2.992812668904744	2.736485172715159	2.8970000000000016	2.8178000000000005	1.6140499999999998	4.394600000000004	1.0452	4.458840000000004	0.07920000000000105	0.0	9.475788144865842	0.5251583452515615	1	0.5251583452515615	0.04965808124969247	0.049489117793653434	1.003414153728574	0.05031669050312293	0.05031669050312293	negligible	57277722.0	3.358132409507263e-05	0.08368114003355004	3.0208279933946107e-14	higher_in_active	6.051634446299546e-05	True	False	False
molecular	fr_Al_COO	48152	48152	0	2383	45769	0.10029374737725556	0.11660731062509559	0.0	0.0	0.0	0.0	0.0	0.0	0.0	0.9033892673201529	0.15007267372653152	0.49456738392904054	-1	0.5054326160709595	0.05001042079150839	0.049489117793653434	1.0105336894472143	-0.010865232141918924	0.010865232141918924	negligible	53941241.5	0.0802671355941728	0.01069432884455146	0.9554478361398357	lower_in_active	0.10519859437721132	False	False	False
molecular	fr_Al_OH	48152	48152	0	2383	45769	1.4406210658833403	2.2314230155782298	0.0	1.0	0.0	2.0	0.0	3.0	-1.0	0.3839715899651105	11.084744462615213	0.4104755029423194	-1	0.5895244970576805	0.06231923577697532	0.049489117793653434	1.2592512971602665	-0.17904899411536124	0.17904899411536124	small	44769548.0	8.220912971635577e-53	0.1505454964611052	2.794059255241434e-45	lower_in_active	1.4222179440929547e-51	True	False	False
molecular	fr_ArN	48152	48152	0	2383	45769	0.009651699538396978	0.0024689200113614017	0.0	0.0	0.0	0.0	0.0	0.0	0.0	0.9973002159827213	0.0030656230901530425	0.5029959421377547	1	0.5029959421377547	0.05080074274518996	0.049489117793653434	1.026503300321606	0.0059918842755093404	0.0059918842755093404	negligible	54860523.5	3.8921228488445203e-08	0.005989408744914604	0.9999968423367747	higher_in_active	8.211429912806122e-08	True	False	False
molecular	fr_Ar_COO	48152	48152	0	2383	45769	0.01888375996642887	0.010290808188948852	0.0	0.0	0.0	0.0	0.0	0.0	0.0	0.9899900315667054	0.012054961581066283	0.5040059356988996	1	0.5040059356988996	0.05015740338927093	0.049489117793653434	1.0135036877885748	0.008011871397799242	0.008011871397799242	negligible	54970681.0	0.00012797073047751713	0.0080113487857848	0.998438123830078	higher_in_active	0.00021287438819817754	True	False	False
molecular	fr_Ar_N	48152	48152	0	2383	45769	0.19051615610574907	0.07697349734536477	0.0	0.0	0.0	0.0	0.0	0.0	0.0	0.9447167303538794	0.16449013824762876	0.5294275398762823	1	0.5294275398762823	0.057380888928046304	0.049489117793653434	1.159464777030334	0.058855079752564654	0.058855079752564654	negligible	57743352.5	1.6356747468328978e-34	0.05794969569631847	4.712389744481927e-07	higher_in_active	1.2862351418276879e-33	True	False	False
molecular	fr_Ar_NH	48152	48152	0	2383	45769	0.06126731011330256	0.026830387380104438	0.0	0.0	0.0	0.0	0.0	0.0	0.0	0.9756604087057651	0.03789652359652703	0.5147945410002741	1	0.5147945410002741	0.05251846138100001	0.049489117793653434	1.0612123174225399	0.029589082000548217	0.029589082000548217	negligible	56147367.5	6.370136098013065e-20	0.02957914320364119	0.037239754234751454	higher_in_active	2.249048050931144e-19	True	False	False
molecular	fr_Ar_OH	48152	48152	0	2383	45769	0.8921527486361729	0.8011317704122878	0.0	0.0	0.0	1.0	0.0	1.0	0.0	0.7100016614055491	4.6337836497592315	0.5360023382578392	1	0.5360023382578392	0.05291575677060449	0.049489117793653434	1.0692402517910815	0.07200467651567832	0.07200467651567832	negligible	58460449.5	1.1957323626252944e-13	0.07546528491472992	1.1532484784544913e-11	higher_in_active	3.1824876728334756e-13	True	False	False
molecular	fr_C_O	48152	48152	0	2383	45769	1.1359630717582878	1.202451440931635	1.0	1.0	0.0	2.0	0.0	2.0	0.0	0.35585230104668547	1.9025179868749789	0.4850262718434975	-1	0.5149737281565026	0.05176346528919414	0.049489117793653434	1.0459565172493814	-0.029947456313004994	0.029947456313004994	negligible	52900616.0	0.00965430311738781	0.04370905925097207	0.00033771125280369907	lower_in_active	0.014398227925069751	True	False	False
molecular	fr_C_S	48152	48152	0	2383	45769	0.004616030214015947	0.0006336166400838996	0.0	0.0	0.0	0.0	0.0	0.0	0.0	0.9991692972254528	0.0008300127074476268	0.501991206786966	1	0.501991206786966	0.05053008283950732	0.049489117793653434	1.0210342211027932	0.00398241357393192	0.00398241357393192	negligible	54750939.5	4.746292449557547e-11	0.003982413573932031	0.9999999999999485	higher_in_active	1.0804060444387574e-10	True	False	False
molecular	fr_HOCCN	48152	48152	0	2383	45769	0.003357112882920688	0.001267233280167799	0.0	0.0	0.0	0.0	0.0	0.0	0.0	0.9986916431300881	0.001493386286506309	0.5010776030522816	1	0.5010776030522816	0.04974927728736883	0.049489117793653434	1.005256903038768	0.002155206104563101	0.002155206104563101	negligible	54651295.0	0.0045460609984624995	0.0021554261517271467	1.0	higher_in_active	0.007022040649410825	True	False	False
molecular	fr_Imine	48152	48152	0	2383	45769	0.16953420058749474	0.07094321483973869	0.0	0.0	0.0	0.0	0.0	0.0	0.0	0.9625145372985546	0.565255283957643	0.5199610329479645	1	0.5199610329479645	0.05350096386281075	0.049489117793653434	1.0810652169207147	0.03992206589592895	0.03992206589592895	negligible	56710864.0	1.505798907708848e-23	0.04003065917135906	0.0013678136575702995	higher_in_active	6.512580275840768e-23	True	False	False
molecular	fr_NH0	48152	48152	0	2383	45769	0.5086026017624843	0.24590880290152722	0.0	0.0	0.0	1.0	0.0	0.0	0.0	0.846423824555574	1.0328372220420072	0.557469241051005	1	0.557469241051005	0.06129522763238029	0.049489117793653434	1.2385597150458982	0.11493848210201008	0.11493848210201008	negligible	60801791.5	1.1350313188038885e-51	0.11126731607291329	7.030393669362129e-25	higher_in_active	1.7850947104824792e-50	True	False	False
molecular	fr_NH1	48152	48152	0	2383	45769	0.18715904322282836	0.07974830125193909	0.0	0.0	0.0	0.0	0.0	0.0	0.0	0.9393171623193222	0.18984835527061245	0.5362769433655536	1	0.5362769433655536	0.05747413662100556	0.049489117793653434	1.161348983035946	0.0725538867311073	0.0725538867311073	negligible	58490400.0	2.237740626819382e-47	0.07213595298626319	1.0762977494455548e-10	higher_in_active	2.580860856265021e-46	True	False	False
molecular	fr_NH2	48152	48152	0	2383	45769	0.06756189676877886	0.01977320894054928	0.0	0.0	0.0	0.0	0.0	0.0	0.0	0.9826590795813258	0.040463545604505824	0.5164867311972702	1	0.5164867311972702	0.054635265932725954	0.049489117793653434	1.103985449094679	0.032973462394540354	0.032973462394540354	negligible	56331930.5	2.7439350815786277e-33	0.032968813898200944	0.014215881773876478	higher_in_active	1.9779198713045942e-32	True	False	False
molecular	fr_N_O	48152	48152	0	2383	45769	0.005455308434746118	0.011536192619458586	0.0	0.0	0.0	0.0	0.0	0.0	0.0	0.995368832031899	0.03154431232412085	0.4988874782133825	-1	0.5011125217866176	0.04959404353538254	0.049489117793653434	1.0021201780594797	-0.0022250435732350526	0.0022250435732350526	negligible	54412423.5	0.11883654545560612	0.002223365713609704	1.0	lower_in_active	0.15228683232459156	False	False	False
molecular	fr_Ndealkylation1	48152	48152	0	2383	45769	0.07637431808644565	0.03985230177631148	0.0	0.0	0.0	0.0	0.0	0.0	0.0	0.9651935537464695	0.05616444910383885	0.5126787416753292	1	0.5126787416753292	0.05217955470779977	0.049489117793653434	1.0543642124590744	0.02535748335065846	0.02535748335065846	negligible	55916602.5	4.590329369932809e-11	0.025189642376323484	0.11099069668199968	higher_in_active	1.0588359746645014e-10	True	False	False
molecular	fr_Ndealkylation2	48152	48152	0	2383	45769	0.027276542173730593	0.023006838689942976	0.0	0.0	0.0	0.0	0.0	0.0	0.0	0.9780694467519522	0.027081785110289698	0.5019301712048537	1	0.5019301712048537	0.049784540194852664	0.049489117793653434	1.0059694416544462	0.0038603424097074512	0.0038603424097074512	negligible	54744282.5	0.20968569393940284	0.0038583803224950808	0.9999999999999937	higher_in_active	0.25017672449321854	False	False	False
molecular	fr_SH	48152	48152	0	2383	45769	0.00419639110365086	0.0014420240774323232	0.0	0.0	0.0	0.0	0.0	0.0	0.0	0.998629340421997	0.0025311523201394636	0.5014862443887629	1	0.5014862443887629	0.04991725893390311	0.049489117793653434	1.0086512178704583	0.0029724887775257613	0.0029724887775257613	negligible	54695864.5	0.00013144439546022697	0.002972855522799245	1.0	higher_in_active	0.00021657028966304065	True	False	False
molecular	fr_aldehyde	48152	48152	0	2383	45769	0.031053294167016365	0.03465227555769189	0.0	0.0	0.0	0.0	0.0	0.0	0.0	0.9678725701943844	0.038228378589911925	0.4989716691751891	-1	0.501028330824811	0.049586075255902015	0.049489117793653434	1.0019591673194266	-0.002056661649621816	0.002056661649621816	negligible	54421606.0	0.5788581755479647	0.0020130372993604206	1.0	lower_in_active	0.6298268199358358	False	False	False
molecular	fr_alkyl_carbamate	48152	48152	0	2383	45769	0.0	2.18488496580655e-05	0.0	0.0	0.0	0.0	0.0	0.0	0.0	0.9999792324306364	2.076713807174439e-05	0.49998907557517097	-1	0.500010924424829	0.049490145583684655	0.049489117793653434	1.0000207680006645	-2.1848849658057112e-05	2.1848849658057112e-05	negligible	54532572.0	0.8195812636913231	2.1848849658057112e-05	1.0	lower_in_active	0.8291670094654906	False	False	False
molecular	fr_alkyl_halide	48152	48152	0	2383	45769	0.02643726395300042	0.024623653564639823	0.0	0.0	0.0	0.0	0.0	0.0	0.0	0.9876017610898821	0.07319718900614906	0.4987988817239801	-1	0.50120111827602	0.049604083740497934	0.049489117793653434	1.0023230550870568	-0.0024022365520397493	0.0024022365520397493	negligible	54402760.5	0.3015265133943743	0.002777627845178987	1.0	lower_in_active	0.34545752859090567	False	False	False
molecular	fr_allylic_oxid	48152	48152	0	2383	45769	0.8170373478808225	1.0168673119360265	0.0	0.0	0.0	1.0	0.0	2.0	0.0	0.5764869579664396	3.5852644838114536	0.4530666079923128	-1	0.5469333920076871	0.05565340256574622	0.049489117793653434	1.1245583887309323	-0.0938667840153744	0.0938667840153744	negligible	49414854.5	5.379743806352777e-18	0.10473488593905689	4.3564281516309645e-22	lower_in_active	1.6921739609073283e-17	True	False	False
molecular	fr_amidine	48152	48152	0	2383	45769	0.00839278220730172	0.001966396469225895	0.0	0.0	0.0	0.0	0.0	0.0	0.0	0.9980478484798139	0.0029853113559291304	0.5031663594976349	1	0.5031663594976349	0.05064928199882661	0.049489117793653434	1.0234428144387322	0.0063327189952697704	0.0063327189952697704	negligible	54879110.5	8.611055043714167e-12	0.006334479372581692	0.9999858546476392	higher_in_active	2.0407020857021243e-11	True	False	False
molecular	fr_aniline	48152	48152	0	2383	45769	0.05916911456147713	0.01870261530730407	0.0	0.0	0.0	0.0	0.0	0.0	0.0	0.981994517361688	0.02717139161705383	0.5146558058476929	1	0.5146558058476929	0.05486318202096133	0.049489117793653434	1.108590826971603	0.029311611695385764	0.029311611695385764	negligible	56132236.0	9.516955697362635e-26	0.029179234988980784	0.041434646381378726	higher_in_active	4.449819826064151e-25	True	False	False
molecular	fr_aryl_methyl	48152	48152	0	2383	45769	0.12337389844733529	0.10487447835871441	0.0	0.0	0.0	0.0	0.0	0.0	0.0	0.9176150523342748	0.15291380936333276	0.5050882835181547	1	0.5050882835181547	0.05046647745116216	0.049489117793653434	1.0197489812120688	0.010176567036309425	0.010176567036309425	negligible	55088730.0	0.07835348849337695	0.010099541360280462	0.9732146419715104	higher_in_active	0.10347445426987949	False	False	False
molecular	fr_azide	48152	48152	0	2383	45769	0.0	0.00021848849658065504	0.0	0.0	0.0	0.0	0.0	0.0	0.0	0.9999169297225453	0.0007060542291714497	0.4999563023006839	-1	0.5000436976993161	0.049493229209936034	0.049489117793653434	1.000083077178699	-8.739539863222845e-05	8.739539863222845e-05	negligible	54528997.5	0.648156283362977	8.739539863222845e-05	1.0	lower_in_active	0.6795820425563335	False	False	False
molecular	fr_azo	48152	48152	0	2383	45769	0.000839278220730172	0.00032773274487098256	0.0	0.0	0.0	0.0	0.0	0.0	0.0	0.9996677188901811	0.00039445917454007917	0.5000460219474857	1	0.5000460219474857	0.04988798933465483	0.049489117793653434	1.0080597828125468	9.20438949714164e-05	9.20438949714164e-05	negligible	54538783.0	0.8100748106627075	0.00041963911036513313	1.0	higher_in_active	0.8243702484979317	False	False	False
molecular	fr_benzodiazepine	48152	48152	0	2383	45769	0.000419639110365086	0.0	0.0	0.0	0.0	0.0	0.0	0.0	0.0	0.9999792324306364	2.0767138071744392e-05	0.5002098195551825	1	0.5002098195551825	0.04988798933465483	0.049489117793653434	1.0080597828125468	0.0004196391103650221	0.0004196391103650221	negligible	54556648.0	1.1736715537289377e-05	0.00041963911036513313	1.0	higher_in_active	2.231265701045123e-05	True	False	False
molecular	fr_bicyclic	48152	48152	0	2383	45769	2.2354175409148134	2.252572702047237	1.0	1.0	0.0	4.0	0.0	4.0	0.0	0.28283352716398075	5.744431320240377	0.4962366708837178	-1	0.5037633291162822	0.05033722934030175	0.049489117793653434	1.0171373341142298	-0.007526658232564376	0.007526658232564376	negligible	54123306.5	0.5265487026872027	0.02119482364352132	0.257150604700668	lower_in_active	0.5802097169737965	False	False	False
molecular	fr_dihydropyridine	48152	48152	0	2383	45769	0.001258917331095258	0.0004369769931613101	0.0	0.0	0.0	0.0	0.0	0.0	0.0	0.9995223459046353	0.0004774259419298597	0.500410970168967	1	0.500410970168967	0.04959102169396612	0.049489117793653434	1.0020591173343922	0.0008219403379339241	0.0008219403379339241	negligible	54578587.0	0.07341053826100664	0.0008219403379339241	1.0	higher_in_active	0.09844979162135	False	False	False
molecular	fr_epoxide	48152	48152	0	2383	45769	0.053294167016365926	0.04546745613843431	0.0	0.0	0.0	0.0	0.0	0.0	0.0	0.9572395746801794	0.05043928843482595	0.5029146026204482	1	0.5029146026204482	0.049972944452259305	0.049489117793653434	1.0097764252057029	0.005829205240896362	0.005829205240896362	negligible	54851652.0	0.17032576103246033	0.005784333956705523	0.9999988644784616	higher_in_active	0.20898125289798325	False	False	False
molecular	fr_ester	48152	48152	0	2383	45769	0.5623164078892152	0.6612772837510105	0.0	0.0	0.0	1.0	0.0	1.0	0.0	0.6279697624190065	1.4351732041507483	0.4754624307196403	-1	0.5245375692803597	0.05222174539495679	0.049489117793653434	1.0552167369945276	-0.049075138560719433	0.049075138560719433	negligible	51857511.5	2.577399662594284e-06	0.049247123756642974	3.260410831181282e-05	lower_in_active	5.184769088707107e-06	True	False	False
molecular	fr_ether	48152	48152	0	2383	45769	1.9911875786823332	2.4221853219428	1.0	2.0	0.0	3.0	0.0	4.0	-1.0	0.2702276125602259	7.322368432220824	0.44844106073845424	-1	0.5515589392615458	0.05693216472024289	0.049489117793653434	1.1503976481784035	-0.10311787852309151	0.10311787852309151	negligible	48910357.5	5.07682108842365e-18	0.07772289546823591	2.3942074138631943e-12	lower_in_active	1.6264630524023915e-17	True	False	False
molecular	fr_furan	48152	48152	0	2383	45769	0.03524968527066723	0.03786405645742752	0.0	0.0	0.0	0.0	0.0	0.0	0.0	0.9635736833361024	0.03905208710311241	0.4993579482186297	-1	0.5006420517813702	0.04954959577247904	0.049489117793653434	1.001222046007726	-0.0012841035627405573	0.0012841035627405573	negligible	54463736.5	0.7442792477559682	0.0013109309794839819	1.0	lower_in_active	0.761895324625932	False	False	False
molecular	fr_guanido	48152	48152	0	2383	45769	0.010071338648762064	0.0051781773689615245	0.0	0.0	0.0	0.0	0.0	0.0	0.0	0.9961579996677189	0.010873593877873747	0.5021720030380811	1	0.5021720030380811	0.04987980874339341	0.049489117793653434	1.0078944820024671	0.0043440060761621435	0.0043440060761621435	negligible	54770658.5	0.0008323323595832694	0.004346234053697717	0.999999999991069	higher_in_active	0.0013210412679624368	True	False	False
molecular	fr_halogen	48152	48152	0	2383	45769	0.08644565673520772	0.04114138390613734	0.0	0.0	0.0	0.0	0.0	0.0	0.0	0.9779240737664063	0.12656529257216467	0.5139698546571061	1	0.5139698546571061	0.05212560612343813	0.049489117793653434	1.0532741024153558	0.02793970931421219	0.02793970931421219	negligible	56057421.0	1.4386260954367467e-19	0.027987276176161924	0.05646696278425356	higher_in_active	4.977646290211144e-19	True	False	False
molecular	fr_hdrzine	48152	48152	0	2383	45769	0.001678556441460344	0.000174790797264524	0.0	0.0	0.0	0.0	0.0	0.0	0.0	0.9997715567369995	0.0002906838650525758	0.5007627889096633	1	0.5007627889096633	0.05001643167672974	0.049489117793653434	1.0106551481736845	0.0015255778193266067	0.0015255778193266067	negligible	54616959.0	1.5530990935113186e-06	0.0015256144938537997	1.0	higher_in_active	3.1986445616364063e-06	True	False	False
molecular	fr_hdrzone	48152	48152	0	2383	45769	0.000839278220730172	0.000262186195896786	0.0	0.0	0.0	0.0	0.0	0.0	0.0	0.9997092540289084	0.0002906614378718376	0.5002885460124168	1	0.5002885460124168	0.04956747954360181	0.049489117793653434	1.0015834137572446	0.0005770920248335809	0.0005770920248335809	negligible	54565234.5	0.10719186530177632	0.0005770920248333589	1.0	higher_in_active	0.13838949774035303	False	False	False
molecular	fr_imidazole	48152	48152	0	2383	45769	0.01258917331095258	0.003605060193580808	0.0	0.0	0.0	0.0	0.0	0.0	0.0	0.9961372320983553	0.004407092398549302	0.5045891386168497	1	0.5045891386168497	0.05089660253709018	0.049489117793653434	1.0284402876063643	0.009178277233699461	0.009178277233699461	negligible	55034289.5	1.89682287811433e-12	0.009180752764294309	0.9901742927564774	higher_in_active	4.68786225591113e-12	True	False	False
molecular	fr_imide	48152	48152	0	2383	45769	0.001678556441460344	0.0013764775284581267	0.0	0.0	0.0	0.0	0.0	0.0	0.0	0.9987331782688155	0.0016387019102244232	0.5002164759818933	1	0.5002164759818933	0.049516116791048566	0.049489117793653434	1.0005455542268444	0.00043295196378667633	0.00043295196378667633	negligible	54557374.0	0.5624042911198261	0.000433172010950611	1.0	higher_in_active	0.6157971035679108	False	False	False
molecular	fr_isothiocyan	48152	48152	0	2383	45769	0.004616030214015947	0.00041512814350324457	0.0	0.0	0.0	0.0	0.0	0.0	0.0	0.9993769729190896	0.0006226389181669022	0.5021004510352564	1	0.5021004510352564	0.050953218942458786	0.049489117793653434	1.029584304875063	0.004200902070512713	0.004200902070512713	negligible	54762854.5	1.1254339761105999e-15	0.004200902070512713	0.9999999999986644	higher_in_active	3.245001297785563e-15	True	False	False
molecular	fr_ketone	48152	48152	0	2383	45769	0.3600503566932438	0.3366252266818152	0.0	0.0	0.0	1.0	0.0	1.0	0.0	0.7365841501910616	0.40984662842945063	0.5051815743470557	1	0.5051815743470557	0.050682609842695056	0.049489117793653434	1.0241162522641427	0.010363148694111368	0.010363148694111368	negligible	55098905.0	0.2667926259634199	0.014221950773670722	0.7437063239759878	higher_in_active	0.30976593484343384	False	False	False
molecular	fr_ketone_Topliss	48152	48152	0	2383	45769	0.24674779689467058	0.2556096921497083	0.0	0.0	0.0	0.0	0.0	0.0	0.0	0.7948371822561887	0.31591029219828637	0.49782073082119116	-1	0.502179269178809	0.04969531834969806	0.049489117793653434	1.004166583791297	-0.004358538357617681	0.004358538357617681	negligible	54296076.0	0.608966207876267	0.004646314204960422	0.9999999997388439	lower_in_active	0.651322936450858	False	False	False
molecular	fr_lactam	48152	48152	0	2383	45769	0.0029374737725556023	0.0005462212414516376	0.0	0.0	0.0	0.0	0.0	0.0	0.0	0.9993354377803622	0.0006641205766940437	0.501195626265552	1	0.501195626265552	0.049986317195854196	0.049489117793653434	1.0100466410469036	0.00239125253110406	0.00239125253110406	negligible	54664167.5	1.0050956877362026e-05	0.002391252531103949	1.0	higher_in_active	1.932017266426256e-05	True	False	False
molecular	fr_lactone	48152	48152	0	2383	45769	0.10994544691565254	0.08623740960038453	0.0	0.0	0.0	0.0	0.0	0.0	0.0	0.92170626349892	0.10232364940205271	0.5112893868034616	1	0.5112893868034616	0.05083822847099868	0.049489117793653434	1.027260754232282	0.022578773606923175	0.022578773606923175	negligible	55765069.0	6.361101115444534e-05	0.022703971274603107	0.19052459447954428	higher_in_active	0.00011115863565372772	True	False	False
molecular	fr_methoxy	48152	48152	0	2383	45769	0.5535039865715484	0.49994537787585486	0.0	0.0	0.0	1.0	0.0	1.0	0.0	0.7204892839342083	1.030147771779546	0.5089857818083654	1	0.5089857818083654	0.0512957153559217	0.049489117793653434	1.0365049457903237	0.0179715636167308	0.0179715636167308	negligible	55513820.5	0.06031478492976853	0.025018849102538154	0.11539860051562811	higher_in_active	0.08151920150664028	False	False	False
molecular	fr_morpholine	48152	48152	0	2383	45769	0.000839278220730172	0.0006336166400838996	0.0	0.0	0.0	0.0	0.0	0.0	0.0	0.9993562053497259	0.0006433801787224105	0.5001028307903232	1	0.5001028307903232	0.04950172963690866	0.049489117793653434	1.0002548407370648	0.00020566158064649898	0.00020566158064649898	negligible	54544979.0	0.6995962319916773	0.00020566158064627693	1.0	higher_in_active	0.7247314259554501	False	False	False
molecular	fr_nitrile	48152	48152	0	2383	45769	0.00419639110365086	0.0028840481548646464	0.0	0.0	0.0	0.0	0.0	0.0	0.0	0.997134075427812	0.0031064388339290304	0.5002594997867696	1	0.5002594997867696	0.04988857777880127	0.049489117793653434	1.0080716731870913	0.0005189995735392916	0.0005189995735392916	negligible	54562066.5	0.6440475972890971	0.000795580521414041	1.0	higher_in_active	0.6793916727500842	False	False	False
molecular	fr_nitro	48152	48152	0	2383	45769	0.00419639110365086	0.0014857217767484541	0.0	0.0	0.0	0.0	0.0	0.0	0.0	0.9985878052832696	0.0021987383724038747	0.5014642580096274	1	0.5014642580096274	0.0498985584387888	0.049489117793653434	1.0082733470182788	0.002928516019254701	0.002928516019254701	negligible	54693466.5	0.0002060877093772993	0.0029291578234831306	1.0	higher_in_active	0.00033635069549313944	True	False	False
molecular	fr_nitro_arom	48152	48152	0	2383	45769	0.002517834662190516	0.0010268959339290787	0.0	0.0	0.0	0.0	0.0	0.0	0.0	0.9989616215318159	0.0012240750934054128	0.5007781601209313	1	0.5007781601209313	0.049666652536934204	0.049489117793653434	1.0035873491223062	0.0015563202418626965	0.0015563202418626965	negligible	54618635.5	0.021462511879825386	0.0015564852772356197	1.0	higher_in_active	0.030686070704213156	True	False	False
molecular	fr_nitro_arom_nonortho	48152	48152	0	2383	45769	0.00209819555182543	0.0005899189407677686	0.0	0.0	0.0	0.0	0.0	0.0	0.0	0.9993354377803622	0.0006641205766940436	0.5007541383055287	1	0.5007541383055287	0.049713123001807746	0.049489117793653434	1.0045263528254496	0.0015082766110574575	0.0015082766110574575	negligible	54616015.5	0.0053458157942653265	0.0015082766110576795	1.0	higher_in_active	0.008184302056707093	True	False	False
molecular	fr_nitroso	48152	48152	0	2383	45769	0.0	6.55465489741965e-05	0.0	0.0	0.0	0.0	0.0	0.0	0.0	0.999937697291909	6.229882646360956e-05	0.4999672267255129	-1	0.5000327732744871	0.0494922012918233	0.049489117793653434	1.0000623065899603	-6.554654897417134e-05	6.554654897417134e-05	negligible	54530189.0	0.6927166012184267	6.554654897417134e-05	1.0	lower_in_active	0.7219275422336615	False	False	False
molecular	fr_oxazole	48152	48152	0	2383	45769	0.000419639110365086	0.00045882584281937554	0.0	0.0	0.0	0.0	0.0	0.0	0.0	0.999543113473999	0.0004566777807033555	0.4999804066337728	-1	0.5000195933662271	0.049490961204084444	0.049489117793653434	1.00003724880364	-3.91867324543993e-05	3.91867324543993e-05	negligible	54531626.5	0.9304723002311777	3.9186732454288276e-05	1.0	lower_in_active	0.9304723002311777	False	False	False
molecular	fr_oxime	48152	48152	0	2383	45769	0.001678556441460344	0.003080687801787236	0.0	0.0	0.0	0.0	0.0	0.0	0.0	0.9974040538295398	0.0038329324192998954	0.49929697681694024	-1	0.5007030231830598	0.04955537469250095	0.049489117793653434	1.0013388175381057	-0.0014060463661195177	0.0014060463661195177	negligible	54457086.5	0.18848597602405304	0.0014066423271886785	1.0	lower_in_active	0.2296343229025435	False	False	False
molecular	fr_para_hydroxylation	48152	48152	0	2383	45769	0.09441879983214435	0.04594813083091175	0.0	0.0	0.0	0.0	0.0	0.0	0.0	0.9586725369662734	0.06175129617373528	0.5175000483874544	1	0.5175000483874544	0.053588153436942246	0.049489117793653434	1.0828270097757628	0.035000096774908895	0.035000096774908895	negligible	56442450.5	5.881006019150985e-17	0.03466415810454748	0.008445214067975524	higher_in_active	1.784936914584422e-16	True	False	False
molecular	fr_phos_acid	48152	48152	0	2383	45769	0.005455308434746118	0.002905897004522712	0.0	0.0	0.0	0.0	0.0	0.0	0.0	0.9979647782023592	0.006387217945078992	0.5011364565000177	1	0.5011364565000177	0.049686258792825636	0.049489117793653434	1.0039835221956106	0.0022729130000354036	0.0022729130000354036	negligible	54657714.0	0.01638462718790296	0.002273692333741084	1.0	higher_in_active	0.023819668096699262	True	False	False
molecular	fr_phos_ester	48152	48152	0	2383	45769	0.003357112882920688	0.002643710808625926	0.0	0.0	0.0	0.0	0.0	0.0	0.0	0.9980063133410866	0.005122412503701175	0.5007164735659587	1	0.5007164735659587	0.04960273664565404	0.049489117793653434	1.0022958350656874	0.0014329471319174392	0.0014329471319174392	negligible	54611907.5	0.12629872769419145	0.001434414113010929	1.0	higher_in_active	0.15833101370358785	False	False	False
molecular	fr_piperdine	48152	48152	0	2383	45769	0.07847251363827108	0.06478183923616422	0.0	0.0	0.0	0.0	0.0	0.0	0.0	0.9548513042033561	0.12169114550890119	0.5047619948327975	1	0.5047619948327975	0.05016766989893902	0.049489117793653434	1.0137111376305965	0.009523989665594979	0.009523989665594979	negligible	55053142.5	0.029068748487213927	0.009452547686352064	0.9863464399307776	higher_in_active	0.04055559264748394	True	False	False
molecular	fr_piperzine	48152	48152	0	2383	45769	0.005035669324381032	0.0014420240774323232	0.0	0.0	0.0	0.0	0.0	0.0	0.0	0.9984839674364513	0.0018249221238576046	0.5016307832852944	1	0.5016307832852944	0.04997693525875554	0.049489117793653434	1.0098570652872836	0.0032615665705888475	0.0032615665705888475	negligible	54711629.0	6.616716811966349e-05	0.0032614015352158132	1.0	higher_in_active	0.00011446920084701783	True	False	False
molecular	fr_priamide	48152	48152	0	2383	45769	0.000839278220730172	0.00048067469247744106	0.0	0.0	0.0	0.0	0.0	0.0	0.0	0.9996261837514537	0.0011627354602103037	0.5002448299758369	1	0.5002448299758369	0.04954083579056275	0.049489117793653434	1.0010450377621392	0.0004896599516737155	0.0004896599516737155	negligible	54560466.5	0.22800241881779526	0.0004896966262011304	1.0	higher_in_active	0.26906970614062675	False	False	False
molecular	fr_prisulfonamd	48152	48152	0	2383	45769	0.000839278220730172	6.55465489741965e-05	0.0	0.0	0.0	0.0	0.0	0.0	0.0	0.9998961621531816	0.00010382706451997643	0.500386865835878	1	0.500386865835878	0.049783293943218135	0.049489117793653434	1.0059442593175993	0.0007737316717559839	0.0007737316717559839	negligible	54575958.0	0.0003017235882564048	0.0007737316717559839	1.0	higher_in_active	0.0004878334651248414	True	False	False
molecular	fr_pyridine	48152	48152	0	2383	45769	0.054133445237096095	0.026109375341388276	0.0	0.0	0.0	0.0	0.0	0.0	0.0	0.9757434789832198	0.03371812072867442	0.5117639368498746	1	0.5117639368498746	0.05181768451168297	0.049489117793653434	1.0470520959322527	0.02352787369974929	0.02352787369974929	negligible	55816827.0	3.3838409209435005e-13	0.02348570716194931	0.161742216643185	higher_in_active	8.737380288406353e-13	True	False	False
molecular	fr_quatN	48152	48152	0	2383	45769	0.01174989509022241	0.01369922873560707	0.0	0.0	0.0	0.0	0.0	0.0	0.0	0.9871656421332448	0.015245269013825932	0.49920753222909325	-1	0.5007924677709068	0.04956381230756798	0.049489117793653434	1.00150931189006	-0.0015849355418134925	0.0015849355418134925	negligible	54447331.0	0.5027727880619028	0.0015824141680593762	1.0	lower_in_active	0.5641045388781231	False	False	False
molecular	fr_sulfide	48152	48152	0	2383	45769	0.011330255979857323	0.00782188817758745	0.0	0.0	0.0	0.0	0.0	0.0	0.0	0.9927313507227115	0.009385315813072528	0.5016942485548425	1	0.5016942485548425	0.04970729442491719	0.049489117793653434	1.0044085779054186	0.003388497109684918	0.003388497109684918	negligible	54718551.0	0.057637361516247654	0.00339010162025577	1.0	higher_in_active	0.07851388615992791	False	False	False
molecular	fr_sulfonamd	48152	48152	0	2383	45769	0.003357112882920688	0.00019663964692258953	0.0	0.0	0.0	0.0	0.0	0.0	0.0	0.9996677188901811	0.0003944591745400793	0.5013704583216597	1	0.5013704583216597	0.05086493658318109	0.049489117793653434	1.0278004306980009	0.0027409166433194354	0.0027409166433194354	negligible	54683236.0	8.227605984946645e-13	0.002740834125632974	1.0	higher_in_active	2.0628635295590867e-12	True	False	False
molecular	fr_sulfone	48152	48152	0	2383	45769	0.000839278220730172	0.0005462212414516376	0.0	0.0	0.0	0.0	0.0	0.0	0.0	0.9994600431965442	0.0006019450997244947	0.5001574437458365	1	0.5001574437458365	0.04951214251805916	0.049489117793653434	1.0004652482289487	0.00031488749167296604	0.00031488749167296604	negligible	54550935.5	0.5188724415541748	0.0003149058289365625	1.0	higher_in_active	0.5754162332620015	False	False	False
molecular	fr_term_acetylene	48152	48152	0	2383	45769	0.001258917331095258	0.002687408507942057	0.0	0.0	0.0	0.0	0.0	0.0	0.0	0.9974455889682672	0.002734471965209797	0.49931848642722043	-1	0.5006815135727796	0.04955331778636237	0.049489117793653434	1.0012972547414691	-0.001363027145559137	0.001363027145559137	negligible	54459432.5	0.19874629239235875	0.0013629446278725643	1.0	lower_in_active	0.24044131876837807	False	False	False
molecular	fr_tetrazole	48152	48152	0	2383	45769	0.000419639110365086	2.18488496580655e-05	0.0	0.0	0.0	0.0	0.0	0.0	0.0	0.9999584648612726	4.153341355961426e-05	0.5001988951303535	1	0.5001988951303535	0.04967816977947229	0.049489117793653434	1.003820071851091	0.000397790260707076	0.000397790260707076	negligible	54555456.5	0.003308448721379679	0.000397790260707076	1.0	higher_in_active	0.0051564110702584185	True	False	False
molecular	fr_thiazole	48152	48152	0	2383	45769	0.000839278220730172	0.0015075706264065197	0.0	0.0	0.0	0.0	0.0	0.0	0.0	0.9988370161156338	0.002469166611622314	0.49982962848327905	-1	0.500170371516721	0.049505151520774886	0.049489117793653434	1.0003239849048897	-0.0003407430334418926	0.0003407430334418926	negligible	54515181.5	0.6342225573686724	0.0003405596608053729	1.0	lower_in_active	0.6731319167164437	False	False	False
molecular	fr_thiocyan	48152	48152	0	2383	45769	0.0	0.00010924424829032752	0.0	0.0	0.0	0.0	0.0	0.0	0.0	0.9998961621531816	0.00010382706451997645	0.49994537787585486	-1	0.5000546221241451	0.049494257170747916	0.049489117793653434	1.0001038486302365	-0.00010924424829028556	0.00010924424829028556	negligible	54527806.0	0.6099093393354856	0.00010924424829028556	1.0	lower_in_active	0.651322936450858	False	False	False
molecular	fr_thiophene	48152	48152	0	2383	45769	0.001678556441460344	0.0017042102733291092	0.0	0.0	0.0	0.0	0.0	0.0	0.0	0.9986916431300881	0.0025722785941102878	0.5001944254223349	1	0.5001944254223349	0.04951262252835492	0.049489117793653434	1.0004749475389618	0.00038885084466988573	0.00038885084466988573	negligible	54554969.0	0.6086840021206843	0.00038947431163449675	1.0	higher_in_active	0.651322936450858	False	False	False
molecular	fr_unbrch_alkane	48152	48152	0	2383	45769	0.5245488879563576	0.5922349188315236	0.0	0.0	0.0	0.0	0.0	0.0	0.0	0.9257144043861106	8.060964681786183	0.505992562754265	1	0.505992562754265	0.04937322564772458	0.049489117793653434	0.9976582297059311	0.011985125508529926	0.011985125508529926	negligible	55187357.5	0.029780356059079888	0.012793184537868929	0.8475748839176973	higher_in_active	0.041216012785766566	True	False	False
molecular	fr_urea	48152	48152	0	2383	45769	0.0	0.0006336166400838996	0.0	0.0	0.0	0.0	0.0	0.0	0.0	0.9994392756271806	0.0006849670724822469	0.4997050405296161	-1	0.5002949594703838	0.04951688311688312	0.049489117793653434	1.0005610389610389	-0.0005899189407677641	0.0005899189407677641	negligible	54501593.0	0.2356395204376962	0.0005899189407677641	1.0	lower_in_active	0.27544349348460434	False	False	False
3d	PMI1	48152	48152	0	2383	45769	2819.6466875370024	2927.317142695941	1399.791936820519	1581.8833603197618	711.2024823437997	2689.4459425159657	858.1526519267703	3260.7937196756648	-182.09142349924286	6.230270809104503e-05	35952707.61475198	0.45203647094703087	-1	0.5479635290529692	0.06049635169213922	0.049489117793653434	1.2224172583633601	-0.09592705810593827	0.09592705810593827	negligible	49302500.0	2.6264412603274174e-15	0.07257629486730727	8.056720820085471e-11	lower_in_active	7.879323780982252e-15	True	False	False
3d	PMI2	48152	48152	0	2383	45769	9079.805990634073	11378.880980610485	4912.173891323319	5547.473753324249	2552.3209805877405	9275.488631766853	2790.010084848757	10624.611182414856	-635.2998620009294	4.153513872736335e-05	390591305.5452363	0.4619609464510917	-1	0.5380390535489084	0.057447305570163705	0.049489117793653434	1.1608068224148227	-0.0760781070978166	0.0760781070978166	negligible	50384938.0	3.5807008811575745e-10	0.06282479477140801	3.248623403075202e-08	lower_in_active	6.445261586083634e-10	True	False	False
3d	NPR1	48152	48152	0	2383	45769	0.28222240125274006	0.2914008281017427	0.2585228713194248	0.2685136207590701	0.1666562203568721	0.3835229949565857	0.1715948701371855	0.3964049406861706	-0.009990749439645286	6.230270809104503e-05	0.022325853681232154	0.4828184377922129	-1	0.5171815622077871	0.050899866512315164	0.049489117793653434	1.0285062409991605	-0.03436312441557421	0.03436312441557421	negligible	52659813.0	0.004616689932880878	0.03599448990899001	0.005510744852934789	lower_in_active	0.004616689932880878	True	False	False
3d	NPR2	48152	48152	0	2383	45769	0.8459518254811622	0.8592176208859691	0.8687739778573227	0.8792444567504332	0.7826139834927648	0.9287339376600163	0.798163674477491	0.9383183380758616	-0.01047047889311048	4.153513872736335e-05	0.009503758629598767	0.46608403434323764	-1	0.5339159656567624	0.060337707385762336	0.049489117793653434	1.2192116181448711	-0.06783193131352472	0.06783193131352472	negligible	50834633.0	2.2506621790638535e-08	0.050433361343197924	1.9057429756730823e-05	lower_in_active	3.3759932685957804e-08	True	False	False
3d	RadiusOfGyration	48152	48152	0	2383	45769	4.241587804401449	4.4583385440768115	4.113215468006689	4.195592078438311	3.395283631514015	4.868412413077739	3.439551198547273	5.0479379406874605	-0.08237661043162259	4.153513872736335e-05	2.436023090751264	0.4700192844750207	-1	0.5299807155249793	0.0558866153198926	0.049489117793653434	1.1292707934886563	-0.05996143104995855	0.05996143104995855	negligible	51263841.0	7.702606006189521e-07	0.053856955975539744	3.765725503811884e-06	lower_in_active	9.903350579386528e-07	True	False	False
3d	InertialShapeFactor	48152	48152	0	2383	45769	0.00126066372512439	0.0010393444759104632	0.0006150513996466	0.0005480491861681	0.0003068059782067	0.0012089265981416	0.0002562240967997	0.0009952907544145	6.70022134785e-05	0.00014537298554577173	2.1878145668028857e-05	0.5440909465197648	1	0.5440909465197648	0.05917060340908646	0.049489117793653434	1.1956285754739115	0.0881818930395295	0.0881818930395295	negligible	59342654.0	3.62072766062422e-13	0.07290500865578442	6.482873220292108e-11	higher_in_active	8.146637236404495e-13	True	False	False
3d	Eccentricity	48152	48152	0	2383	45769	0.9466012451015416	0.9429940406317624	0.9660051371523654	0.9632743195643524	0.923531322740748	0.9860150628162851	0.9180698687013504	0.9851661480817396	0.002730817588012968	6.230270809104503e-05	0.0034081749750185875	0.5172246639460342	1	0.5172246639460342	0.050925641054038774	0.049489117793653434	1.0290270533084662	0.03444932789206834	0.03444932789206834	negligible	56412415.0	0.004515099835552561	0.03603818760830613	0.005432529650483811	higher_in_active	0.004616689932880878	True	False	False
3d	SpherocityIndex	48152	48152	0	2383	45769	0.22717881011203214	0.2625505619862934	0.2061701141740438	0.237286601937208	0.12025539405042325	0.31014334407696265	0.1526033669471402	0.3471148584776761	-0.031116487763164197	0.00012460541618209006	0.0216400038776204	0.42778683338075507	-1	0.5722131666192449	0.08096970466664544	0.049489117793653434	1.6361112963106634	-0.14442633323848986	0.14442633323848986	negligible	46657652.0	1.109457208395065e-32	0.1007716714801831	1.778527164871586e-20	lower_in_active	4.992557437777792e-32	True	False	False
3d	PBF	48152	48152	0	2383	45769	0.9395488453152889	1.054307383905849	0.9650132887900692	1.0520646482015734	0.6605893612006573	1.194252363140916	0.8473917408354718	1.2508445245226865	-0.08705135941150421	0.00012460541618209006	0.13609543413146422	0.4195858772886635	-1	0.5804141227113364	0.08703289681635107	0.049489117793653434	1.758626960764136	-0.16082824542267304	0.16082824542267304	small	45763194.0	4.086351325517248e-40	0.14287926414614682	8.253817000132882e-41	lower_in_active	3.677716192965523e-39	True	False	False
molformer	molformer_0001	48152	48152	0	2383	45769	0.7269082897550071	0.7528281578741941	0.7533065676689148	0.7655495405197144	0.47723548114299774	0.9941419959068298	0.5130280256271362	1.0039093494415283	-0.01224297285079956	0.0	0.1324169576344279	0.4834226827202197	-1	0.5165773172797803	0.055035798922994976	0.049489117793653434	1.112078803919452	-0.03315463455956058	0.03315463455956058	negligible	52725716.5	0.006275891832712485	0.034458679896537836	0.009007932399334454	lower_in_active	0.008500678884520616	True	False	False
molformer	molformer_0002	48152	48152	0	2383	45769	0.17757723069229292	0.10451513811652884	0.16956856846809387	0.1017884761095047	-0.011605000589042902	0.3531874269247055	-0.07126079499721527	0.274916410446167	0.06778009235858917	0.0	0.072957180544471	0.5726752748322606	1	0.5726752748322606	0.06860001323816456	0.049489117793653434	1.386163591038229	0.1453505496645211	0.1453505496645211	negligible	62460276.0	4.438957029781238e-33	0.11431371319164507	3.06558273185305e-26	higher_in_active	3.8739988623545355e-32	True	False	False
molformer	molformer_0003	48152	48152	0	2383	45769	0.6267605823612421	0.6300008196348208	0.6688663959503174	0.6440667510032654	0.4228420853614807	0.8794761896133423	0.42372965812683105	0.8568413853645325	0.024799644947052002	0.0	0.11563980161621228	0.508983989340842	1	0.508983989340842	0.05103719399175978	0.049489117793653434	1.031281143554854	0.017967978681683983	0.017967978681683983	negligible	55513625.0	0.13856965515196948	0.035736383754258916	0.005994132439773316	higher_in_active	0.16272399871056964	False	False	False
molformer	molformer_0004	48152	48152	0	2383	45769	0.5684134402374674	0.5978815370765563	0.5795605778694153	0.5953856706619263	0.35272033512592316	0.7918439209461212	0.33386826515197754	0.8658743500709534	-0.015825092792510986	0.0	0.13971796895095953	0.48056965204684615	-1	0.5194303479531538	0.05063029638174552	0.049489117793653434	1.0230591822802393	-0.038860695906307696	0.038860695906307696	negligible	52414543.5	0.0013582916498290118	0.06596788428145073	5.164070876148882e-09	lower_in_active	0.0019425847059007094	True	False	False
molformer	molformer_0005	48152	48152	0	2383	45769	-0.7483811183698534	-0.8055144336709468	-0.7656359672546387	-0.8104425668716431	-0.9827306270599365	-0.5341766476631165	-1.0088889598846436	-0.6108759641647339	0.044806599617004395	0.0	0.09628351303833219	0.543617207897269	1	0.543617207897269	0.06405639664317093	0.049489117793653434	1.294353172959281	0.08723441579453795	0.08723441579453795	negligible	59290984.5	6.435587403618328e-13	0.07830971541144416	1.578999788008324e-12	higher_in_active	1.6365997105890318e-12	True	False	False
molformer	molformer_0006	48152	48152	0	2383	45769	-0.23647586614663801	-0.2066345361081435	-0.23237483203411102	-0.21244917809963226	-0.41067230701446533	-0.06662248447537422	-0.38068485260009766	-0.040163006633520126	-0.01992565393447876	0.0	0.07041121566892222	0.47068979110528475	-1	0.5293102088947153	0.05484854097696201	0.049489117793653434	1.1082949832659146	-0.0586204177894305	0.0586204177894305	negligible	51336971.5	1.3502777358370158e-06	0.052709648399747844	6.561455508351577e-06	lower_in_active	2.389431569407438e-06	True	False	False
molformer	molformer_0007	48152	48152	0	2383	45769	-0.44292302466272016	-0.5158197225411012	-0.45364323258399963	-0.5461595058441162	-0.6751715242862701	-0.23115768283605576	-0.7225262522697449	-0.33677148818969727	0.09251627326011658	0.0	0.09140475468394062	0.5687637347823976	1	0.5687637347823976	0.06400003385575354	0.049489117793653434	1.293214280412188	0.13752746956479522	0.13752746956479522	negligible	62033654.0	8.63531615223329e-30	0.12966090264428565	1.1663311459776084e-33	higher_in_active	5.480927937946418e-29	True	False	False
molformer	molformer_0008	48152	48152	0	2383	45769	0.1096935653906297	0.1767067931937024	0.11942312121391296	0.18787604570388794	-0.14031433314085007	0.3712223619222641	-0.137555792927742	0.49249041080474854	-0.06845292448997498	0.0	0.19020705698468132	0.4555245898258975	-1	0.5444754101741025	0.05336116038272892	0.049489117793653434	1.0782402831511384	-0.088950820348205	0.088950820348205	negligible	49682940.5	2.260543331741952e-13	0.0948644595196515	3.426996113765467e-18	lower_in_active	5.965970030164327e-13	True	False	False
molformer	molformer_0009	48152	48152	0	2383	45769	0.0019244698395660179	0.05394987323074599	-0.004353791009634733	0.051833949983119965	-0.3005649447441101	0.29919616878032684	-0.24356645345687866	0.36001694202423096	-0.0561877409927547	0.0	0.1803498017259924	0.46427635147535706	-1	0.5357236485246429	0.05502671270541626	0.049489117793653434	1.111895203605205	-0.07144729704928587	0.07144729704928587	negligible	50637473.5	3.872384570528496e-09	0.05693675442003926	7.994602156557866e-07	lower_in_active	8.037814459907797e-09	True	False	False
molformer	molformer_0010	48152	48152	0	2383	45769	-0.3318633082844716	-0.2621106191193463	-0.3281879127025604	-0.2768237590789795	-0.5658703744411469	-0.10074181482195854	-0.5411988496780396	0.0008099204278551042	-0.05136415362358093	0.0	0.15724436022651053	0.45303391265119636	-1	0.5469660873488037	0.05434986555112661	0.049489117793653434	1.0982185170028738	-0.09393217469760728	0.09393217469760728	negligible	49411288.5	9.707405578029432e-15	0.0897253863654578	2.568154349185893e-16	lower_in_active	2.7011911173647117e-14	True	False	False
molformer	molformer_0011	48152	48152	0	2383	45769	-0.06377954429846915	-0.10814085011968001	-0.05159001797437668	-0.11357835680246353	-0.2613866925239563	0.143589049577713	-0.30306071043014526	0.0818854421377182	0.06198833882808685	0.0	0.08727478327643391	0.5485424914786965	1	0.5485424914786965	0.059164778603726084	0.049489117793653434	1.1955108767631633	0.09708498295739298	0.09708498295739298	negligible	59828173.0	1.2149874118051837e-15	0.09002697017234096	2.006814674908503e-16	higher_in_active	3.575135372668126e-15	True	False	False
molformer	molformer_0012	48152	48152	0	2383	45769	0.38136985975172955	0.289031096363331	0.3549175262451172	0.2604897916316986	0.1089472733438015	0.6121057868003845	0.033299222588539124	0.5056974291801453	0.09442773461341858	0.0	0.1426832884596708	0.5700063044429347	1	0.5700063044429347	0.06319969538779661	0.049489117793653434	1.277042271218289	0.1400126088858693	0.1400126088858693	negligible	62169178.0	8.145260609906432e-31	0.10639819494577885	8.797615867047422e-23	higher_in_active	5.79218532260013e-30	True	False	False
molformer	molformer_0013	48152	48152	0	2383	45769	-0.1606598691801084	-0.27696040824132273	-0.1732197403907776	-0.30734187364578247	-0.44852830469608307	0.11533939093351364	-0.5117339491844177	-0.05994581803679466	0.13412213325500488	0.0	0.1122585639774499	0.5892951529010096	1	0.5892951529010096	0.0768589786086676	0.049489117793653434	1.5530480646095517	0.1785903058020193	0.1785903058020193	small	64272965.0	4.685544820384597e-49	0.14834001874820174	5.711049712494109e-44	higher_in_active	9.725671410960462e-48	True	False	False
molformer	molformer_0014	48152	48152	0	2383	45769	-0.11358284297133356	-0.08084047041196792	-0.12415692955255508	-0.1111687496304512	-0.33490683138370514	0.08746133372187614	-0.335622102022171	0.1509050726890564	-0.012988179922103882	0.0	0.12260047221406942	0.47874188987525124	-1	0.5212581101247488	0.05166443508261601	0.049489117793653434	1.0439554670995075	-0.04251622024949753	0.04251622024949753	negligible	52215194.0	0.00045711664787719523	0.05749759046063274	5.973097206782764e-07	lower_in_active	0.0006803596619567556	True	False	False
molformer	molformer_0015	48152	48152	0	2383	45769	-0.16574043592841892	-0.14327383109473293	-0.18044400215148926	-0.15897561609745026	-0.40801888704299927	0.06628734990954399	-0.3582572340965271	0.058798957616090775	-0.021468386054039	0.0	0.10664142662516872	0.4807305569511996	-1	0.5192694430488004	0.05740934230449535	0.049489117793653434	1.160039719112908	-0.03853888609760081	0.03853888609760081	negligible	52432093.0	0.0014888765848370305	0.05516523722042399	1.9702343602200176e-06	lower_in_active	0.0021253851619978427	True	False	False
molformer	molformer_0016	48152	48152	0	2383	45769	0.25126063007633676	0.13691492329485083	0.2467086762189865	0.13489490747451782	-0.021704863756895065	0.5304550230503082	-0.1430366337299347	0.41040506958961487	0.11181376874446869	0.0	0.15752992654240558	0.5797794058354326	1	0.5797794058354326	0.06698891555857917	0.049489117793653434	1.3536090062848107	0.15955881167086527	0.15955881167086527	small	63235106.0	1.640375049202282e-39	0.11815977087295654	5.198228210704091e-28	higher_in_active	1.9088000572535644e-38	True	False	False
molformer	molformer_0017	48152	48152	0	2383	45769	-0.039779624588287016	0.05343541383652145	-0.052640561014413834	0.04910712689161301	-0.2637631893157959	0.1732683852314949	-0.17881135642528534	0.2717725932598114	-0.10174768790602684	0.0	0.11257289600706889	0.41815836715542287	-1	0.5818416328445771	0.06313951781484115	0.049489117793653434	1.2758262953504955	-0.16368326568915426	0.16368326568915426	small	45607499.0	1.7250855591528353e-41	0.1285547255508966	4.2978394641651704e-33	lower_in_active	2.2455351007277584e-40	True	False	False
molformer	molformer_0018	48152	48152	0	2383	45769	0.29105703472680267	0.35875728901076614	0.312183678150177	0.379219651222229	0.10450149700045586	0.5055177211761475	0.16545069217681885	0.5717417597770691	-0.067035973072052	0.0	0.10348431617289226	0.43842306518969665	-1	0.5615769348103035	0.059530334860833346	0.049489117793653434	1.202897475542949	-0.1231538696206067	0.1231538696206067	negligible	47817719.5	3.2517769657235357e-24	0.09684784546366398	6.071066226182816e-19	lower_in_active	1.4690380645151031e-23	True	False	False
molformer	molformer_0019	48152	48152	0	2383	45769	-0.2327011917521478	-0.2397460884808569	-0.2432645857334137	-0.22822056710720062	-0.43731503188610077	-0.027053695172071457	-0.4412085711956024	-0.027085747569799423	-0.015044018626213074	0.0	0.10277641666055808	0.5000135970810083	1	0.5000135970810083	0.05039273489520524	0.049489117793653434	1.0182589050247262	2.7194162016686008e-05	2.7194162016686008e-05	negligible	54535246.5	0.9982120078188313	0.020286303915188264	0.3047718847609029	higher_in_active	0.9991147473253785	False	False	False
molformer	molformer_0020	48152	48152	0	2383	45769	-0.03941333439400361	0.03240747643774008	-0.038936130702495575	0.035702258348464966	-0.23599281907081604	0.161639004945755	-0.16536661982536316	0.23108331859111786	-0.07463838905096054	0.0	0.08613621011372774	0.4316941329383951	-1	0.5683058670616049	0.06441374996642697	0.049489117793653434	1.301574019464285	-0.13661173412320982	0.13661173412320982	negligible	47083811.5	2.0396288402694925e-29	0.1098080182931076	3.0585968542402613e-24	lower_in_active	1.2237773041616955e-28	True	False	False
molformer	molformer_0021	48152	48152	0	2383	45769	-0.22936053344125892	-0.2696720842157884	-0.232042133808136	-0.2848135828971863	-0.45242103934288025	-0.02065174002200365	-0.47463420033454895	-0.08723220974206924	0.05277144908905029	0.0	0.08957544378346576	0.5399631688724362	1	0.5399631688724362	0.057653234465405226	0.049489117793653434	1.1649679169023048	0.07992633774487246	0.07992633774487246	negligible	58892447.5	4.4429227854202963e-11	0.0779803689873706	1.9953125037412512e-12	higher_in_active	1.0563977396912655e-10	True	False	False
molformer	molformer_0022	48152	48152	0	2383	45769	0.12624468703379085	0.12738904302009293	0.11616380512714386	0.11522989720106125	-0.08523478731513023	0.32708199322223663	-0.08201242983341217	0.32284262776374817	0.0009339079260826111	0.0	0.0982769246182887	0.5000067343600814	1	0.5000067343600814	0.050340280331656564	0.049489117793653434	1.0171989838564526	1.3468720162723713e-05	1.3468720162723713e-05	negligible	54534498.0	0.9991147473253785	0.01537232984112677	0.6523373984583071	higher_in_active	0.9991147473253785	False	False	False
molformer	molformer_0023	48152	48152	0	2383	45769	0.18597618298093796	0.11250838378070309	0.1982509046792984	0.12039542943239212	-0.022608750499784946	0.42505282163619995	-0.08604113757610321	0.32532328367233276	0.07785547524690628	0.0	0.10329954992675397	0.5685235487185842	1	0.5685235487185842	0.06644033075979854	0.049489117793653434	1.3425240481518335	0.13704709743716847	0.13704709743716847	negligible	62007457.5	1.3564201601178362e-29	0.10807246963617317	1.713396522904335e-23	higher_in_active	8.469355146101611e-29	True	False	False
molformer	molformer_0024	48152	48152	0	2383	45769	0.01444630475023883	-0.03188095457084609	-0.005382806062698364	-0.03171325847506523	-0.25699616968631744	0.2588103413581848	-0.25117626786231995	0.18565529584884644	0.026330452412366867	0.0	0.12052485819574794	0.5281899625357784	1	0.5281899625357784	0.0644524512806211	0.049489117793653434	1.3023560361160165	0.05637992507155687	0.05637992507155687	negligible	57608373.0	3.3595228307186407e-06	0.07376119383361457	3.6635517661694374e-11	higher_in_active	5.811066517999811e-06	True	False	False
molformer	molformer_0025	48152	48152	0	2383	45769	-0.3702875960273338	-0.4159462220427258	-0.38693946599960327	-0.4254927933216095	-0.6584831476211548	-0.0730106309056282	-0.7229324579238892	-0.12005901336669922	0.038553327322006226	0.0	0.18954147080582082	0.5320167798431883	1	0.5320167798431883	0.05314020021079124	0.049489117793653434	1.0737754597356355	0.06403355968637658	0.06403355968637658	negligible	58025754.5	1.302997223324458e-07	0.06088784794762975	9.648213697327467e-08	higher_in_active	2.5017546687829587e-07	True	False	False
molformer	molformer_0026	48152	48152	0	2383	45769	-0.05891877307214487	-0.03843056540942736	-0.062365755438804626	-0.03867609426379204	-0.24760004878044128	0.12493609264492989	-0.2061706930398941	0.13006412982940674	-0.02368966117501259	0.0	0.07003503387053776	0.4768111089563808	-1	0.5231888910436192	0.056067824370672585	0.049489117793653434	1.132932387367447	-0.04637778208723842	0.04637778208723842	negligible	52004608.5	0.00013182705675975412	0.05474677169493353	2.4279485558887173e-06	lower_in_active	0.00020248635918298233	True	False	False
molformer	molformer_0027	48152	48152	0	2383	45769	-0.7290504891115158	-0.6662283312273348	-0.7341402769088745	-0.6617639064788818	-1.0052862167358398	-0.4544280469417572	-0.938491940498352	-0.3982188403606415	-0.07237637042999268	0.0	0.1354691174926566	0.4532170469034289	-1	0.5467829530965711	0.0592657109087164	0.049489117793653434	1.1975503615931649	-0.0935659061931422	0.0935659061931422	negligible	49431262.5	1.2304918717045597e-14	0.07766189656065092	2.4996265879950134e-12	lower_in_active	3.399344451327705e-14	True	False	False
molformer	molformer_0028	48152	48152	0	2383	45769	-0.12911178098721518	-0.06714624326480037	-0.1280806064605713	-0.08048320561647415	-0.3894418329000473	0.12240929529070854	-0.3050272762775421	0.14673255383968353	-0.04759740084409714	0.0	0.12308620365855007	0.45543155571868793	-1	0.544568444281312	0.06618792646189517	0.049489117793653434	1.3374238501859739	-0.08913688856262414	0.08913688856262414	negligible	49672793.5	2.0157768512691734e-13	0.08268647184051398	6.411348188496873e-14	lower_in_active	5.338333178533535e-13	True	False	False
molformer	molformer_0029	48152	48152	0	2383	45769	-0.14545211021944404	-0.15542209358876097	-0.1531674861907959	-0.1509891301393509	-0.37555208802223206	0.08791503310203552	-0.39257103204727173	0.08329277485609055	-0.0021783560514450073	0.0	0.12340452429439816	0.5063281530166169	1	0.5063281530166169	0.05160830193612252	0.049489117793653434	1.0428212147831186	0.012656306033233866	0.012656306033233866	negligible	55223959.5	0.2968158986155157	0.0227732952998925	0.18782074386405645	higher_in_active	0.33522736784811186	False	False	False
molformer	molformer_0030	48152	48152	0	2383	45769	0.36655310409061154	0.42634379814149886	0.3747949004173279	0.43790027499198914	0.1608632132411003	0.5779339671134949	0.23202991485595703	0.6326876282691956	-0.06310537457466125	0.0	0.08827345552141246	0.4434635572144218	-1	0.5565364427855781	0.060360857704832856	0.049489117793653434	1.2196794041976968	-0.11307288557115636	0.11307288557115636	negligible	48367473.5	1.1542113726265357e-20	0.08644885658771745	3.5484792817983257e-15	lower_in_active	4.345266344005782e-20	True	False	False
molformer	molformer_0031	48152	48152	0	2383	45769	-0.3275385517889216	-0.3169790292271039	-0.3035338222980499	-0.29375916719436646	-0.5032566487789154	-0.13451293855905533	-0.5031434297561646	-0.10292670875787735	-0.009774655103683472	0.0	0.09808980027110262	0.4858670307982687	-1	0.5141329692017313	0.0503876125030603	0.049489117793653434	1.0181553996002348	-0.028265938403462587	0.028265938403462587	negligible	52992315.5	0.019805007847209573	0.0403879790911551	0.0012004827723256918	lower_in_active	0.025308229661658823	True	False	False
molformer	molformer_0032	48152	48152	0	2383	45769	-0.006014060587108542	0.03140353457265376	-0.002872806740924716	0.026960832998156548	-0.1980307623744011	0.19069373607635498	-0.15434673428535461	0.2144157737493515	-0.029833639739081264	0.0	0.0811013259173659	0.46820798916619794	-1	0.5317920108338021	0.062311957250608695	0.049489117793653434	1.259104223890604	-0.06358402166760413	0.06358402166760413	negligible	51066287.5	1.5939085802993239e-07	0.05823588537035408	4.051813289513276e-07	lower_in_active	3.022522937456495e-07	True	False	False
molformer	molformer_0033	48152	48152	0	2383	45769	0.28224339011032984	0.3798433685418634	0.31283923983573914	0.38764438033103943	0.0195988854393363	0.5448886454105377	0.15018075704574585	0.6227886080741882	-0.07480514049530029	0.0	0.13554930838962367	0.42959398905230517	-1	0.5704060109476948	0.06617463107204882	0.049489117793653434	1.3371551973903881	-0.14081202189538966	0.14081202189538966	negligible	46854754.0	3.777629773329379e-31	0.10278976069568352	2.7390441162242274e-21	lower_in_active	2.789634294150926e-30	True	False	False
molformer	molformer_0034	48152	48152	0	2383	45769	0.13590622145349499	0.14377104505990243	0.14719176292419434	0.16024962067604065	-0.17487993091344833	0.4374425709247589	-0.1799532175064087	0.4905310869216919	-0.013057857751846313	0.0	0.252647046619368	0.4923481486840716	-1	0.5076518513159284	0.04920786860005345	0.049489117793653434	0.9943169487325949	-0.015303702631856764	0.015303702631856764	negligible	53699195.0	0.20712281016996126	0.04155750226187849	0.0007768708928395703	lower_in_active	0.23812921887803928	False	False	False
molformer	molformer_0035	48152	48152	0	2383	45769	0.4915262324056669	0.5322564881506143	0.4895872175693512	0.5228646993637085	0.29682596027851105	0.6944856643676758	0.33465802669525146	0.7178472876548767	-0.0332774817943573	0.0	0.09430253164626345	0.46790870210158886	-1	0.5320912978984111	0.05819631440942781	0.049489117793653434	1.1759416413943633	-0.06418259579682228	0.06418259579682228	negligible	51033645.0	1.2184288480975774e-07	0.05031368319188162	2.0130026797764676e-05	lower_in_active	2.3570613484608047e-07	True	False	False
molformer	molformer_0036	48152	48152	0	2383	45769	-0.19166683457635803	-0.16778538397547318	-0.1908041387796402	-0.16651439666748047	-0.39561834931373596	1.5790768884471618e-05	-0.3616245985031128	0.025152062997221947	-0.02428974211215973	0.0	0.07623743267179295	0.4734589838091773	-1	0.5265410161908228	0.05541226137996294	0.049489117793653434	1.119685778417111	-0.05308203238164544	0.05308203238164544	negligible	51639000.5	1.210623307829034e-05	0.046915274791185096	9.026343958257044e-05	lower_in_active	1.99948107615634e-05	True	False	False
molformer	molformer_0037	48152	48152	0	2383	45769	-0.15150156970031764	-0.14905633869452714	-0.17341016232967377	-0.16817770898342133	-0.3693176805973053	0.051873574033379555	-0.36355045437812805	0.04755369573831558	-0.005232453346252441	0.0	0.1036187081927738	0.49615258994549316	-1	0.5038474100545068	0.05091659653293649	0.049489117793653434	1.0288442955325043	-0.007694820109013678	0.007694820109013678	negligible	54114136.0	0.5258851250913206	0.017437591667408103	0.4909266038809713	lower_in_active	0.5688447550283581	False	False	False
molformer	molformer_0038	48152	48152	0	2383	45769	-0.12872728330792688	-0.08967970008894302	-0.11259105801582336	-0.07874979823827744	-0.3213079422712326	0.080851711332798	-0.2655103802680969	0.10077914595603943	-0.03384125977754593	0.0	0.0830158131426016	0.4636248605875148	-1	0.5363751394124853	0.05925057774524317	0.049489117793653434	1.19724457389381	-0.07275027882497043	0.07275027882497043	negligible	50566417.0	2.0104314711076575e-09	0.06771815776110884	1.7835102341219468e-09	lower_in_active	4.253474847963308e-09	True	False	False
molformer	molformer_0039	48152	48152	0	2383	45769	-0.5792178946248331	-0.5241285482079807	-0.5970937013626099	-0.5415891408920288	-0.841139554977417	-0.3336358070373535	-0.7882447838783264	-0.28082698583602905	-0.055504560470581055	0.0	0.14076024920825683	0.4577145863039509	-1	0.5422854136960491	0.05699276515248895	0.049489117793653434	1.1516221685365706	-0.0845708273920982	0.0845708273920982	negligible	49921798.0	3.139020562135076e-12	0.07001165433960932	4.245230625955115e-10	lower_in_active	7.776670295870125e-12	True	False	False
molformer	molformer_0040	48152	48152	0	2383	45769	-0.4362978896311502	-0.5115388194719891	-0.44484153389930725	-0.5147979855537415	-0.687608927488327	-0.17331169545650482	-0.744866669178009	-0.2769336402416229	0.0699564516544342	0.0	0.12948975924583506	0.5574759524895068	1	0.5574759524895068	0.06269133484493744	0.049489117793653434	1.2667701030018579	0.11495190497901353	0.11495190497901353	negligible	60802523.5	2.6489380925191385e-21	0.09095525747090605	9.344066332733045e-17	higher_in_active	1.0379512525789278e-20	True	False	False
molformer	molformer_0041	48152	48152	0	2383	45769	0.47692984513072467	0.5089927026113227	0.484821081161499	0.5138018727302551	0.271567165851593	0.6844806969165802	0.32335737347602844	0.7031078934669495	-0.028980791568756104	0.0	0.08465773980024556	0.470351665716231	-1	0.529648334283769	0.057336507567617226	0.049489117793653434	1.1585679867376855	-0.05929666856753801	0.05929666856753801	negligible	51300093.0	1.0189047809307368e-06	0.06085374063721094	9.83192399082176e-08	lower_in_active	1.8240533141137666e-06	True	False	False
molformer	molformer_0042	48152	48152	0	2383	45769	0.5681320823519901	0.536996793376003	0.5640842318534851	0.5368328094482422	0.3999486714601517	0.7439605891704559	0.3578093647956848	0.7212417125701904	0.02725142240524292	0.0	0.07856234673044989	0.5318189436898115	1	0.5318189436898115	0.0537904803322726	0.049489117793653434	1.0869153205873228	0.06363788737962306	0.06363788737962306	negligible	58004177.0	1.5559902503774053e-07	0.0545905565457627	2.623789355563447e-06	higher_in_active	2.9579220601233845e-07	True	False	False
molformer	molformer_0043	48152	48152	0	2383	45769	-0.13929796519355991	-0.09087168590653327	-0.12098908424377441	-0.07809440046548843	-0.34441110491752625	0.08101054280996323	-0.2719784677028656	0.10394294559955597	-0.04289468377828598	0.0	0.0861357834938764	0.4553201614262328	-1	0.5446798385737672	0.06109035062486835	0.049489117793653434	1.2344198754883176	-0.08935967714753446	0.08935967714753446	negligible	49660644.0	1.7567816292370273e-13	0.0871490833380682	2.041308493452099e-15	lower_in_active	4.684751011298739e-13	True	False	False
molformer	molformer_0044	48152	48152	0	2383	45769	-0.15025919493643064	-0.15087878749726377	-0.14531564712524414	-0.1444566249847412	-0.32760317623615265	0.03120647929608822	-0.3154272437095642	0.02400834858417511	-0.0008590221405029297	0.0	0.0683836979803256	0.4989191054088904	-1	0.5010808945911096	0.05051692492803006	0.049489117793653434	1.020768346258709	-0.0021617891822192092	0.0021617891822192092	negligible	54415873.0	0.8585657539987428	0.020584238606601968	0.2885152071408109	lower_in_active	0.8733490053920986	False	False	False
molformer	molformer_0045	48152	48152	0	2383	45769	-0.14382421449716376	-0.17581997641923564	-0.12556689977645874	-0.15159845352172852	-0.3296675980091095	0.06608036532998085	-0.3900472819805145	0.06624163687229156	0.026031553745269775	0.0	0.11240567256231586	0.523397491170768	1	0.523397491170768	0.05172187421926952	0.049489117793653434	1.0451161088570147	0.046794982341535896	0.046794982341535896	negligible	57085670.0	0.00011459449376092599	0.0599307344705817	1.6314424302333761e-07	higher_in_active	0.00017672403857106657	True	False	False
molformer	molformer_0046	48152	48152	0	2383	45769	0.00031194622510827437	0.027329597722138964	0.016248418018221855	0.045365508645772934	-0.2688366025686264	0.2784295231103897	-0.28430041670799255	0.3400126099586487	-0.02911709062755108	0.0	0.1725575283596701	0.47976037358947365	-1	0.5202396264105263	0.0506494422487379	0.049489117793653434	1.0234460525225462	-0.04047925282105269	0.04047925282105269	negligible	52326277.5	0.000847514915395696	0.055627767190503885	1.5611277459566436e-06	lower_in_active	0.001242159265312776	True	False	False
molformer	molformer_0047	48152	48152	0	2383	45769	-0.17415393731503878	-0.3204670239802697	-0.16344504058361053	-0.32217082381248474	-0.4019290953874588	0.06694119051098824	-0.5544947385787964	-0.08790725469589233	0.1587257832288742	0.0	0.12512230129693183	0.6207845347038996	1	0.6207845347038996	0.075007488832562	0.049489117793653434	1.5156360059863723	0.2415690694077992	0.2415690694077992	small	67707434.0	3.1356668572740265e-88	0.18485516775309296	3.208653545240971e-68	higher_in_active	6.020480365966131e-86	True	True	True
molformer	molformer_0048	48152	48152	0	2383	45769	-0.20334505671783537	-0.29090089074594094	-0.2246999740600586	-0.31681427359580994	-0.4783111959695816	0.058092109858989716	-0.5678045153617859	-0.053010933101177216	0.09211429953575134	0.0	0.15328367717849878	0.5664769313051353	1	0.5664769313051353	0.060241617193672894	0.049489117793653434	1.2172699752873424	0.13295386261027065	0.13295386261027065	negligible	61784238.0	5.971443685680712e-28	0.0977787549909333	2.661165867261168e-19	higher_in_active	3.372109375443225e-27	True	False	False
molformer	molformer_0049	48152	48152	0	2383	45769	0.14633869212465547	0.11362545109016725	0.14357808232307434	0.10971557348966599	-0.03438331559300423	0.32813499867916107	-0.06428329646587372	0.28662416338920593	0.033862508833408356	0.0	0.07622271695350567	0.5351587645330952	1	0.5351587645330952	0.05669060135695103	0.049489117793653434	1.145516507150611	0.07031752906619038	0.07031752906619038	negligible	58368443.0	6.774340808966292e-09	0.0607663360699468	1.0318334147517308e-07	higher_in_active	1.391094583231581e-08	True	False	False
molformer	molformer_0050	48152	48152	0	2383	45769	-0.19873630660778294	-0.335597616853372	-0.20056210458278656	-0.32430267333984375	-0.5768722891807556	0.1883002668619156	-0.7030662298202515	0.041837770491838455	0.12374056875705719	0.0	0.28546704101279863	0.5693257719137613	1	0.5693257719137613	0.06561212423435012	0.049489117793653434	1.3257889241008924	0.13865154382752265	0.13865154382752265	negligible	62094954.0	2.9834859212410856e-30	0.09781159703015907	2.5844730257992647e-19	higher_in_active	2.0099273574676788e-29	True	False	False
molformer	molformer_0051	48152	48152	0	2383	45769	0.403304566586192	0.3799929245240885	0.3971969485282898	0.36919698119163513	0.21209672093391418	0.5925998389720917	0.20584174990653992	0.545608639717102	0.027999967336654663	0.0	0.06743578422591816	0.5256286639743835	1	0.5256286639743835	0.058451033548809525	0.049489117793653434	1.181088614117615	0.05125732794876692	0.05125732794876692	negligible	57329018.5	2.3867401007285426e-05	0.056361707000104566	1.0747601328404473e-06	higher_in_active	3.8671232011804235e-05	True	False	False
molformer	molformer_0052	48152	48152	0	2383	45769	0.3220652784453198	0.35694797028401926	0.3240865170955658	0.35292336344718933	0.0952909104526043	0.5694329738616943	0.08269926905632019	0.6376810073852539	-0.028836846351623535	0.0	0.16108030754008695	0.47615396102269747	-1	0.5238460389773025	0.05121817032812313	0.049489117793653434	1.0349380350985249	-0.04769207795460506	0.04769207795460506	negligible	51932935.0	8.44665745413752e-05	0.059101697611608994	2.5541297262280264e-07	lower_in_active	0.00013238842703627786	True	False	False
molformer	molformer_0053	48152	48152	0	2383	45769	-0.05786417144708014	-0.07384745354328272	-0.049151401966810226	-0.08220504969358444	-0.2538893520832062	0.12953616678714752	-0.26389724016189575	0.10733102262020111	0.033053647726774216	0.0	0.08747174189555795	0.5204894853809237	1	0.5204894853809237	0.05215902973522985	0.049489117793653434	1.0539494753717111	0.04097897076184731	0.04097897076184731	negligible	56768501.0	0.0007301923275404266	0.05052636794451204	1.8261854949048497e-05	higher_in_active	0.0010763679607505713	True	False	False
molformer	molformer_0054	48152	48152	0	2383	45769	1.1542635493764464	1.1635125769416017	1.1981374025344849	1.2003554105758667	0.9113121628761292	1.4344733953475952	0.9056321382522583	1.4543299674987793	-0.002218008041381836	0.0	0.17523149753526085	0.4941024701146841	-1	0.5058975298853159	0.050200962956296405	0.049489117793653434	1.0143838725436778	-0.011795059770631777	0.011795059770631777	negligible	53890534.5	0.33090554573541264	0.022988923183341226	0.17960182060073338	lower_in_active	0.37154306889590194	False	False	False
molformer	molformer_0055	48152	48152	0	2383	45769	-0.21403374619948998	-0.2798932205897803	-0.23335273563861847	-0.2836216390132904	-0.42208753526210785	-0.01106465794146061	-0.47244301438331604	-0.08667274564504623	0.050268903374671936	0.0	0.0934655119058773	0.5561932425588048	1	0.5561932425588048	0.062442168195529724	0.049489117793653434	1.2617353264587272	0.11238648511760951	0.11238648511760951	negligible	60662621.5	1.964345201703139e-20	0.07951928716601409	6.628929747193458e-13	higher_in_active	7.323384052951508e-20	True	False	False
molformer	molformer_0056	48152	48152	0	2383	45769	0.05237829788477874	-0.019272315824979458	0.053820736706256866	-0.009146803990006447	-0.1660737320780754	0.273164838552475	-0.22632497549057007	0.1990794688463211	0.06296754069626331	0.0	0.09898027776121941	0.5603410399137407	1	0.5603410399137407	0.06382948910576183	0.049489117793653434	1.2897681743267493	0.12068207982748147	0.12068207982748147	negligible	61115011.5	2.5708537441305166e-23	0.08517318816626324	9.605234799500193e-15	higher_in_active	1.0908373897747166e-22	True	False	False
molformer	molformer_0057	48152	48152	0	2383	45769	-0.09617278814054424	-0.008293428669885756	-0.06741149723529816	0.021470777690410614	-0.33768752217292786	0.1887095794081688	-0.25147342681884766	0.280893474817276	-0.08888227492570877	0.0	0.18427810000545958	0.43851480193550185	-1	0.5614851980644981	0.05938443690021431	0.049489117793653434	1.1999493938812922	-0.1229703961289963	0.1229703961289963	negligible	47827725.0	3.79653219503708e-24	0.09137080737147357	6.619382008728772e-17	lower_in_active	1.6951957708072543e-23	True	False	False
molformer	molformer_0058	48152	48152	0	2383	45769	0.26124946848536534	0.3241091192545886	0.2685333490371704	0.32359403371810913	-0.004081101389601827	0.5462481081485748	0.05135497823357582	0.6043680906295776	-0.05506068468093872	0.0	0.15972530453648257	0.4605614464881009	-1	0.5394385535118991	0.059817736382379555	0.049489117793653434	1.208704843593932	-0.07887710702379824	0.07887710702379824	negligible	50232298.0	7.925402257567895e-11	0.053467096581368334	4.553821093847298e-06	lower_in_active	1.8444572526703466e-10	True	False	False
molformer	molformer_0059	48152	48152	0	2383	45769	-0.03690253925101394	0.0009188748510036565	-0.016273103654384613	0.02098478563129902	-0.20181911438703537	0.14251627773046494	-0.16985777020454407	0.19219151139259338	-0.03725788928568363	0.0	0.07500969224114123	0.4574590657033968	-1	0.5425409342966032	0.0554690684407375	0.049489117793653434	1.1208336481571095	-0.08508186859320643	0.08508186859320643	negligible	49893929.0	2.3245964782211467e-12	0.07131492951151264	1.8381823191172507e-10	lower_in_active	5.777637848782656e-12	True	False	False
molformer	molformer_0060	48152	48152	0	2383	45769	-0.13289551586390724	-0.19080229595541476	-0.15982277691364288	-0.21079948544502258	-0.3469626158475876	0.054828815162181854	-0.3819456398487091	-0.022483840584754944	0.0509767085313797	0.0	0.08252013144338254	0.5511835938115659	1	0.5511835938115659	0.06259745452553216	0.049489117793653434	1.264873113853724	0.1023671876231318	0.1023671876231318	negligible	60116231.5	3.2185486372876806e-17	0.08294998748802662	5.2571113883588716e-14	higher_in_active	1.02142369976733e-16	True	False	False
molformer	molformer_0061	48152	48152	0	2383	45769	0.1516285817363584	0.12663118066600826	0.15715059638023376	0.13056796789169312	-0.0649895966053009	0.37151680886745453	-0.08449631184339523	0.3420668840408325	0.02658262848854065	0.0	0.09883914613272073	0.5235966613600765	1	0.5235966613600765	0.05349832093013229	0.049489117793653434	1.08101181260081	0.047193322720153086	0.047193322720153086	negligible	57107393.0	0.00010014230982074384	0.04288119597687401	0.000467647928346097	higher_in_active	0.00015505906036760337	True	False	False
molformer	molformer_0062	48152	48152	0	2383	45769	-0.20648414109045501	-0.2787765264337594	-0.21305100619792938	-0.2832357883453369	-0.40370236337184906	-0.02678643725812435	-0.4578801989555359	-0.10800237208604813	0.07018478214740753	0.0	0.07239248841472254	0.5705384289129432	1	0.5705384289129432	0.0684516823852186	0.049489117793653434	1.3831663492291424	0.1410768578258863	0.1410768578258863	negligible	62227215.5	2.9259065266113778e-31	0.11593123405099304	5.6111995220873695e-27	higher_in_active	2.1816468081917847e-30	True	False	False
molformer	molformer_0063	48152	48152	0	2383	45769	-0.38431577740043027	-0.44566948641004983	-0.4150652289390564	-0.46646803617477417	-0.6223104894161224	-0.1874164119362831	-0.6780173778533936	-0.2421814501285553	0.05140280723571777	0.0	0.12280782975543926	0.5487448431832511	1	0.5487448431832511	0.056920171962832576	0.049489117793653434	1.1501553169762124	0.09748968636650224	0.09748968636650224	negligible	59850243.0	9.260338579155018e-16	0.0731360398407126	5.561222612564097e-11	higher_in_active	2.756565902632191e-15	True	False	False
molformer	molformer_0064	48152	48152	0	2383	45769	-0.18473414193132465	-0.2945577208704329	-0.17164890468120575	-0.27386733889579773	-0.41494250297546387	0.058024611324071884	-0.5423943996429443	-0.036029648035764694	0.10221843421459198	0.0	0.13008210428144426	0.5854230517209764	1	0.5854230517209764	0.06550149763263807	0.049489117793653434	1.3235535518282788	0.17084610344195283	0.17084610344195283	small	63850644.5	4.8169144537524783e-45	0.1260267320446351	8.114389534389919e-32	higher_in_active	8.042152827134571e-44	True	False	False
molformer	molformer_0065	48152	48152	0	2383	45769	0.01666423252105676	-0.06598919202945783	0.027780845761299133	-0.06033957377076149	-0.18208429217338562	0.21319934725761414	-0.27284303307533264	0.13805851340293884	0.08812041953206062	0.0	0.089812176805184	0.5777760001838127	1	0.5777760001838127	0.06550537730495555	0.049489117793653434	1.3236319462812502	0.1555520003676254	0.1555520003676254	small	63016599.5	1.2270103158964817e-37	0.11872851027419007	2.8118126204169873e-28	higher_in_active	1.3272449614204196e-36	True	False	False
molformer	molformer_0066	48152	48152	0	2383	45769	-0.041131216377959974	-0.021359080516889752	-0.015994330868124962	-0.0036034900695085526	-0.2117781564593315	0.16567417234182358	-0.17076855897903442	0.15366946160793304	-0.01239084079861641	0.0	0.0719925782035172	0.48503944258312554	-1	0.5149605574168745	0.056166852362794666	0.049489117793653434	1.1349333927709981	-0.02992111483374893	0.02992111483374893	negligible	52902052.5	0.013645543415250637	0.056174364345860706	1.1827629836948122e-06	lower_in_active	0.017702326592757583	True	False	False
molformer	molformer_0067	48152	48152	0	2383	45769	0.11825539941492025	0.09468995623015596	0.12379854917526245	0.08939765393733978	-0.10332410410046577	0.33501186966896057	-0.11702156066894531	0.30374008417129517	0.03440089523792267	0.0	0.10052262653236092	0.524283831978697	1	0.524283831978697	0.05357913979587446	0.049489117793653434	1.0826448759760583	0.04856766395739398	0.04856766395739398	negligible	57182341.0	6.240250408560594e-05	0.046700343723755644	9.889945515898832e-05	higher_in_active	9.88146868819492e-05	True	False	False
molformer	molformer_0068	48152	48152	0	2383	45769	0.024896166388346637	0.017164619583714843	0.023318547755479813	0.005428694654256105	-0.2170567512512207	0.2444297969341278	-0.21168389916419983	0.2327573597431183	0.017889853101223707	0.0	0.11758892068396705	0.5057621504519856	1	0.5057621504519856	0.051965909664057355	0.049489117793653434	1.05004720190671	0.011524300903971163	0.011524300903971163	negligible	55162227.0	0.34212634157754096	0.02465591798006017	0.125244082328424	higher_in_active	0.3830219101043025	False	False	False
molformer	molformer_0069	48152	48152	0	2383	45769	0.2373288042611879	0.22651152504169658	0.2409462183713913	0.24169407784938812	0.05512159503996372	0.41979682445526123	0.06285959482192993	0.4141146242618561	-0.0007478594779968262	0.0	0.0860127541023941	0.5039218226704636	1	0.5039218226704636	0.05352010983789696	0.049489117793653434	1.0814520893472155	0.007843645340927186	0.007843645340927186	negligible	54961507.0	0.5179116515115716	0.027117869831228547	0.07019617122166244	higher_in_active	0.5625970981059222	False	False	False
molformer	molformer_0070	48152	48152	0	2383	45769	-0.2445034517618035	-0.31115314624360124	-0.23726466298103333	-0.3193027675151825	-0.44584783911705017	-0.04431544803082943	-0.5156078338623047	-0.10973373800516129	0.08203810453414917	0.0	0.08946173269891794	0.5666201178284715	1	0.5666201178284715	0.060360556919287725	0.049489117793653434	1.2196733263858759	0.1332402356569431	0.1332402356569431	negligible	61799855.0	4.599165853163091e-28	0.11087885031078043	1.0418180547330518e-24	higher_in_active	2.6164143520216694e-27	True	False	False
molformer	molformer_0071	48152	48152	0	2383	45769	-0.15242531691387978	-0.08607546712919958	-0.17202551662921906	-0.10995030403137207	-0.3711881935596466	0.032786525785923004	-0.30285608768463135	0.1083751693367958	-0.062075212597846985	0.0	0.10177776491783216	0.43900075317559917	-1	0.5609992468244008	0.06371312329150769	0.049489117793653434	1.2874168328714553	-0.12199849364880166	0.12199849364880166	negligible	47880726.5	8.59154377684466e-24	0.09032528077765983	1.57108643399233e-16	lower_in_active	3.770460354638114e-23	True	False	False
molformer	molformer_0072	48152	48152	0	2383	45769	-0.6475958073910123	-0.611223533586718	-0.6265215873718262	-0.5967607498168945	-0.9204641580581665	-0.3661520481109619	-0.8587194085121155	-0.34931570291519165	-0.02976083755493164	0.0	0.16068651682764057	0.47573952052658164	-1	0.5242604794734184	0.056106812044253135	0.049489117793653434	1.133720190329365	-0.04852095894683672	0.04852095894683672	negligible	51887733.0	6.342638144696959e-05	0.0471465535291728	8.177264278455199e-05	lower_in_active	0.00010002353378084731	True	False	False
molformer	molformer_0073	48152	48152	0	2383	45769	-0.0132489017521706	-0.021056360100912247	-0.012573514133691788	-0.03448999300599098	-0.22014803439378738	0.1925421878695488	-0.2622111141681671	0.209978386759758	0.021916478872299194	0.0	0.11631489151807915	0.5123703914181532	1	0.5123703914181532	0.048669721278671925	0.049489117793653434	0.983442895094675	0.02474078283630643	0.02474078283630643	negligible	55882971.5	0.04140658838009456	0.04812839480627448	5.3471134224617576e-05	higher_in_active	0.05112581973619393	False	False	False
molformer	molformer_0074	48152	48152	0	2383	45769	-0.284106600648581	-0.3034846459483879	-0.2820567190647125	-0.2965884208679199	-0.5248264074325562	-0.054970456287264824	-0.575268566608429	-0.029619991779327393	0.014531701803207397	0.0	0.14942832244245755	0.5126060986053164	1	0.5126060986053164	0.05014516773869552	0.049489117793653434	1.0132564485747657	0.025212197210632725	0.025212197210632725	negligible	55908679.5	0.03768218327486099	0.048409055795314765	4.728069266558279e-05	higher_in_active	0.046677285088860064	True	False	False
molformer	molformer_0075	48152	48152	0	2383	45769	-0.37143322807281925	-0.40305754034057445	-0.376907616853714	-0.40139713883399963	-0.5654783844947815	-0.17430514097213745	-0.6019756197929382	-0.2012256532907486	0.024489521980285645	0.0	0.09214539765027879	0.5290861046111368	1	0.5290861046111368	0.05445447399548026	0.049489117793653434	1.1003322836048532	0.05817220922227362	0.05817220922227362	negligible	57706113.0	1.6246384009430929e-06	0.04796365282949894	5.7456627977811645e-05	higher_in_active	2.8551997526871743e-06	True	False	False
molformer	molformer_0076	48152	48152	0	2383	45769	-0.3287047525285426	-0.2713402821497502	-0.3321979343891144	-0.27159544825553894	-0.5402097404003143	-0.12592977285385132	-0.4977552592754364	-0.04610307887196541	-0.06060248613357544	0.0	0.11545669671353616	0.4465312209746903	-1	0.5534687790253098	0.05537474637654102	0.049489117793653434	1.1189277329094431	-0.10693755805061944	0.10693755805061944	negligible	48702056.0	1.1958548123670085e-18	0.09577983738459561	1.5486655401798479e-18	lower_in_active	4.045887647127147e-18	True	False	False
molformer	molformer_0077	48152	48152	0	2383	45769	0.3405341243940431	0.3398377190032888	0.3546465337276459	0.35043832659721375	0.18564454466104507	0.518618255853653	0.19047318398952484	0.5054197907447815	0.004208207130432129	0.0	0.060780772140580856	0.5038553179994628	1	0.5038553179994628	0.05184770823962774	0.049489117793653434	1.0476587692633466	0.00771063599892563	0.00771063599892563	negligible	54954253.5	0.5250348010308737	0.02529256026864901	0.10840230121193917	higher_in_active	0.5687259903973357	False	False	False
molformer	molformer_0078	48152	48152	0	2383	45769	-0.4718184395981759	-0.4789876725015193	-0.488726943731308	-0.4974425733089447	-0.7027585804462433	-0.26365314424037933	-0.707621693611145	-0.26648175716400146	0.008715629577636719	0.0	0.10546554760639787	0.5057504604463985	1	0.5057504604463985	0.0509965227889041	0.049489117793653434	1.0304593224218674	0.011500920892796973	0.011500920892796973	negligible	55160952.0	0.3431065419682042	0.018393109802517182	0.4225897308963378	higher_in_active	0.3835601517199139	False	False	False
molformer	molformer_0079	48152	48152	0	2383	45769	-0.17230840952711984	-0.23440873002556273	-0.1617496758699417	-0.23282046616077423	-0.4259508401155472	0.07785901799798012	-0.4841730296611786	0.014504248276352882	0.07107079029083252	0.0	0.13646853741849765	0.5483059178558253	1	0.5483059178558253	0.05780401912964942	0.049489117793653434	1.16801474155723	0.09661183571165055	0.09661183571165055	negligible	59802370.5	1.666708162629057e-15	0.07747667186036045	2.848447952741311e-12	higher_in_active	4.867041326612607e-15	True	False	False
molformer	molformer_0080	48152	48152	0	2383	45769	-0.6814499265638204	-0.781966351839332	-0.6963257789611816	-0.7728737592697144	-1.0264814496040344	-0.3514936566352844	-1.1340433359146118	-0.44138097763061523	0.07654798030853271	0.0	0.23931884294707656	0.5528019948595699	1	0.5528019948595699	0.06209698974725073	0.049489117793653434	1.2547604911076866	0.10560398971913987	0.10560398971913987	negligible	60292746.5	3.1711493645907862e-18	0.0727521675631281	7.173141403526411e-11	higher_in_active	1.0543042043314822e-17	True	False	False
molformer	molformer_0081	48152	48152	0	2383	45769	-0.20974979845798308	-0.324512227580654	-0.23850509524345398	-0.34063032269477844	-0.5268049240112305	0.11543968319892883	-0.5903704762458801	-0.020367184653878212	0.10212522745132446	0.0	0.1956628061164506	0.5677422391726183	1	0.5677422391726183	0.06846914740941282	0.049489117793653434	1.3835192555845766	0.1354844783452367	0.1354844783452367	negligible	61922242.0	5.830041985728074e-29	0.10480440250561474	4.076755385421839e-22	higher_in_active	3.4442094192608923e-28	True	False	False
molformer	molformer_0082	48152	48152	0	2383	45769	0.4488631486336271	0.41787406141116923	0.43916061520576477	0.41707131266593933	0.18055810779333115	0.7341526746749878	0.15609872341156006	0.6930986046791077	0.02208930253982544	0.0	0.14250776224579753	0.521755920990122	1	0.521755920990122	0.05571480573664937	0.049489117793653434	1.125799129597625	0.04351184198024405	0.04351184198024405	negligible	56906628.0	0.00033479372032254554	0.042250843369722735	0.0005966932314960586	higher_in_active	0.0005051504463805795	True	False	False
molformer	molformer_0083	48152	48152	0	2383	45769	-0.6335275930780847	-0.6960194370163243	-0.6413315534591675	-0.7130395770072937	-0.9089840948581696	-0.3630227744579315	-0.9305084943771362	-0.48087531328201294	0.07170802354812622	0.0	0.12038129498415089	0.5497975809060015	1	0.5497975809060015	0.06302951049845877	0.049489117793653434	1.2736034366436368	0.09959516181200301	0.09959516181200301	negligible	59965062.5	2.2147667347515732e-16	0.09844395756768198	1.4689310727896278e-19	higher_in_active	6.723086372684618e-16	True	False	False
molformer	molformer_0084	48152	48152	0	2383	45769	0.8527913648168901	0.8622097390484138	0.8451318740844727	0.8641844987869263	0.6618615686893463	1.0410772562026978	0.6591028571128845	1.0695513486862183	-0.019052624702453613	0.0	0.0902577799425472	0.48793886194925823	-1	0.5120611380507417	0.04924892837547086	0.049489117793653434	0.995146621542456	-0.024122276101483542	0.024122276101483542	negligible	53218285.0	0.04676187806376783	0.034003649867297314	0.010376974829753369	lower_in_active	0.05746099576475791	False	False	False
molformer	molformer_0085	48152	48152	0	2383	45769	0.30007386772549055	0.27174774347324837	0.2860954999923706	0.2723059058189392	0.09973540902137756	0.49787095189094543	0.06692300736904144	0.47840163111686707	0.013789594173431396	0.0	0.09842211449374948	0.522673338875649	1	0.522673338875649	0.05305434658933322	0.049489117793653434	1.0720406617581089	0.04534667775129808	0.04534667775129808	negligible	57006688.5	0.00018547232719243515	0.04407368657033914	0.0002920255974049705	higher_in_active	0.0002826244985789488	True	False	False
molformer	molformer_0086	48152	48152	0	2383	45769	0.01062312853825838	0.05668380638433331	0.00946815311908722	0.06628847122192383	-0.1756109520792961	0.2011680081486702	-0.10875359922647476	0.23334521055221558	-0.05682031810283661	0.0	0.07091152821321406	0.4480543691065811	-1	0.551945630893419	0.0590284653083894	0.049489117793653434	1.1927564672805566	-0.10389126178683783	0.10389126178683783	negligible	48868182.0	1.0903631595502743e-17	0.0904984670643536	1.3624491588435195e-16	lower_in_active	3.5184828005655913e-17	True	False	False
molformer	molformer_0087	48152	48152	0	2383	45769	0.4944871398026018	0.49253622339094133	0.48701152205467224	0.5001423954963684	0.3257989138364792	0.666811466217041	0.32260215282440186	0.673559844493866	-0.013130873441696167	0.0	0.07391778580709221	0.49490896130797946	-1	0.5050910386920205	0.04868323979349686	0.049489117793653434	0.9837160564567607	-0.010182077384041088	0.010182077384041088	negligible	53978496.5	0.40128421618817456	0.02538049661655939	0.10623042361747204	lower_in_active	0.4460004023625443	False	False	False
molformer	molformer_0088	48152	48152	0	2383	45769	0.20386847056542023	0.30170531421782026	0.21387694776058197	0.3211979269981384	-0.02282856870442629	0.4323997348546982	0.08612190186977386	0.5338894724845886	-0.10732097923755646	0.0	0.10877458853534237	0.4140934634008892	-1	0.5859065365991107	0.06722890507804781	0.049489117793653434	1.3584583454964994	-0.1718130731982216	0.1718130731982216	small	45164150.0	1.5539553711530192e-45	0.13331004561971954	1.4565134701632858e-35	lower_in_active	2.652083833434486e-44	True	False	False
molformer	molformer_0089	48152	48152	0	2383	45769	-0.08512498440685515	-0.07925934353149307	-0.09049771726131439	-0.09291284531354904	-0.2668280005455017	0.08130452409386635	-0.2644859552383423	0.08949219435453415	0.0024151280522346497	0.0	0.07583335489011332	0.4961159475083725	-1	0.5038840524916275	0.05076138969972764	0.049489117793653434	1.0257081144864815	-0.007768104983254975	0.007768104983254975	negligible	54110139.5	0.521950979564515	0.01809089336003744	0.44361773412294114	lower_in_active	0.5661841134259146	False	False	False
molformer	molformer_0090	48152	48152	0	2383	45769	-0.5129727143076106	-0.4286854365747641	-0.5213398337364197	-0.42876288294792175	-0.7233798801898956	-0.3057052344083786	-0.6503055095672607	-0.20775996148586273	-0.09257695078849792	0.0	0.10792725643659357	0.4257197699183186	-1	0.5742802300816815	0.06374749666658054	0.049489117793653434	1.28811139718388	-0.14856046016336277	0.14856046016336277	small	46432202.5	1.761425839541495e-34	0.1195104387028047	1.202168970949885e-28	lower_in_active	1.629849451527552e-33	True	False	False
molformer	molformer_0091	48152	48152	0	2383	45769	0.03438618691762246	-0.003734497761127242	0.062372781336307526	0.019249342381954193	-0.16422190517187119	0.26210877299308777	-0.2220194935798645	0.23798112571239471	0.04312343895435333	0.0	0.1210331469881462	0.5339020201677444	1	0.5339020201677444	0.05424337668378454	0.049489117793653434	1.0960667537044033	0.0678040403354887	0.0678040403354887	negligible	58231373.0	2.280749936728716e-08	0.06310211837846108	2.7720379607624367e-08	higher_in_active	4.5734097947980526e-08	True	False	False
molformer	molformer_0092	48152	48152	0	2383	45769	-0.1701910423360166	-0.16333778216533446	-0.1817280650138855	-0.17751243710517883	-0.41776926815509796	0.0716276578605175	-0.43512794375419617	0.090877965092659	-0.004215627908706665	0.0	0.14256628465163387	0.4984047359944266	-1	0.5015952640055734	0.04904650474762681	0.049489117793653434	0.9910563561089912	-0.0031905280111468315	0.0031905280111468315	negligible	54359772.0	0.7925495284521544	0.030160205246058225	0.031807371079359714	lower_in_active	0.8159223027496711	False	False	False
molformer	molformer_0093	48152	48152	0	2383	45769	0.18794454434815544	0.10039151005740668	0.18718697130680084	0.10143429785966873	-0.08957931399345398	0.4655001014471054	-0.14009150862693787	0.34437766671180725	0.08575267344713211	0.0	0.14831084318915136	0.5626497426681363	1	0.5626497426681363	0.06580175708822877	0.049489117793653434	1.3296207332406176	0.12529948533627255	0.12529948533627255	negligible	61366816.0	5.226048047419585e-25	0.11490865654265725	1.646212068893342e-26	higher_in_active	2.4473200612306353e-24	True	False	False
molformer	molformer_0094	48152	48152	0	2383	45769	0.41016473613111476	0.43030690834777835	0.40776944160461426	0.41474273800849915	0.17008143663406372	0.626005619764328	0.16912108659744263	0.6794001460075378	-0.006973296403884888	0.0	0.13360699685098024	0.48500415710351624	-1	0.5149958428964838	0.04976995669860016	0.049489117793653434	1.0056747607851426	-0.029991685792967515	0.029991685792967515	negligible	52898204.0	0.013425479952666297	0.05047069601202203	1.8734166057885488e-05	lower_in_active	0.017475878989233418	True	False	False
molformer	molformer_0095	48152	48152	0	2383	45769	0.2672496043777367	0.26122818809922493	0.2599434554576874	0.24883009493350983	0.08173006027936935	0.43834295868873596	0.0713665559887886	0.43721699714660645	0.011113360524177551	0.0	0.08086865597569541	0.5079855940989658	1	0.5079855940989658	0.051014111491521456	0.049489117793653434	1.0308147278807138	0.01597118819793164	0.01597118819793164	negligible	55404732.5	0.18799326374096337	0.024119461331510716	0.14104350334748794	higher_in_active	0.21842485106363066	False	False	False
molformer	molformer_0096	48152	48152	0	2383	45769	-0.6618024329561565	-0.6568623506655275	-0.6748329997062683	-0.6579151749610901	-0.9659307599067688	-0.3712877184152603	-0.9415387511253357	-0.3751120865345001	-0.016917824745178223	0.0	0.1675078315003509	0.49495497408683337	-1	0.5050450259131667	0.05229888539515651	0.049489117793653434	1.0567754635113622	-0.010090051826333268	0.010090051826333268	negligible	53983515.0	0.40555344689316397	0.023168472500527115	0.17297589620025466	lower_in_active	0.4494445125742423	False	False	False
molformer	molformer_0097	48152	48152	0	2383	45769	0.03498507885970388	-0.0010792960444566606	0.0175391286611557	-0.012677927501499653	-0.17672261595726013	0.23940806835889816	-0.22135858237743378	0.2035360187292099	0.030217056162655354	0.0	0.10500865692941827	0.5316044435480782	1	0.5316044435480782	0.05385251401821363	0.049489117793653434	1.0881688019324476	0.06320888709615646	0.06320888709615646	negligible	57980782.0	1.8838882572922952e-07	0.04908935910869233	3.4984005600788234e-05	higher_in_active	3.554855483047869e-07	True	False	False
molformer	molformer_0098	48152	48152	0	2383	45769	0.09952459082129442	0.15666313013923086	0.11739178001880646	0.18076063692569733	-0.09084263816475868	0.3214273005723953	-0.03609922155737877	0.38385912775993347	-0.06336885690689087	0.0	0.11911881687640488	0.4467050857401397	-1	0.5532949142598603	0.056048411418231255	0.049489117793653434	1.1325401202730472	-0.10658982851972065	0.10658982851972065	negligible	48721019.0	1.5438896711917383e-18	0.08281155031597992	5.835359550457548e-14	lower_in_active	5.200470471382697e-18	True	False	False
molformer	molformer_0099	48152	48152	0	2383	45769	-0.6186898374876335	-0.5966963289446428	-0.6436161994934082	-0.6023260354995728	-0.8550527095794678	-0.40146614611148834	-0.8280063271522522	-0.3747209906578064	-0.04129016399383545	0.0	0.11795706346995294	0.4752365568901181	-1	0.5247634431098818	0.05271165666804474	0.049489117793653434	1.0651161107342384	-0.049526886219763755	0.049526886219763755	negligible	51832876.0	4.45331995998747e-05	0.05516796947271019	1.967538660937881e-06	lower_in_active	7.140187326242959e-05	True	False	False
molformer	molformer_0100	48152	48152	0	2383	45769	-0.31047516228068894	-0.37483049848770417	-0.320787638425827	-0.3668674826622009	-0.5337390005588531	-0.09858651459217072	-0.6232870817184448	-0.11943285912275314	0.0460798442363739	0.0	0.14033723797149036	0.5446178907127875	1	0.5446178907127875	0.055547912808372235	0.049489117793653434	1.1224268139105076	0.08923578142557509	0.08923578142557509	negligible	59400126.5	1.8964842924645613e-13	0.08279545936711302	5.906502725707957e-14	higher_in_active	5.039792168210323e-13	True	False	False
molformer	molformer_0101	48152	48152	0	2383	45769	-0.062470206571476644	-0.1293415593918242	-0.07602792233228683	-0.15852203965187073	-0.2855910509824753	0.15071866661310196	-0.3529776632785797	0.06584986299276352	0.08249411731958389	0.0	0.10568868042326363	0.5646123295708355	1	0.5646123295708355	0.05885193767623817	0.049489117793653434	1.1891894683114645	0.12922465914167103	0.12922465914167103	negligible	61580870.5	1.7016933599412594e-26	0.10330671566432414	1.6860246549748237e-21	higher_in_active	8.712670002899248e-26	True	False	False
molformer	molformer_0102	48152	48152	0	2383	45769	0.05261991855708722	0.08358506210074158	0.05364193394780159	0.08097232133150101	-0.16242742538452148	0.2562466859817505	-0.11787591129541397	0.2849053740501404	-0.027330387383699417	0.0	0.09285936706333174	0.4697384492819755	-1	0.5302615507180244	0.055754886298762185	0.049489117793653434	1.126609015970624	-0.060523101436049	0.060523101436049	negligible	51233211.0	6.067716490989677e-07	0.0505594300309018	1.798677705447775e-05	lower_in_active	1.109525301209541e-06	True	False	False
molformer	molformer_0103	48152	48152	0	2383	45769	-0.2932015794816746	-0.297243475591725	-0.30181413888931274	-0.28157782554626465	-0.5083790719509125	-0.06390666961669922	-0.5412822961807251	-0.04233735799789429	-0.020236313343048096	0.0	0.12276340304383382	0.4977193028315385	-1	0.5022806971684616	0.04734166491217317	0.049489117793653434	0.956607574003761	-0.004561394336923041	0.004561394336923041	negligible	54285013.5	0.7069133000973802	0.03794321842467374	0.0028644119729420176	lower_in_active	0.7386522645915483	False	False	False
molformer	molformer_0104	48152	48152	0	2383	45769	-0.3439707676736924	-0.32770068281903786	-0.35406097769737244	-0.32882994413375854	-0.5486145913600922	-0.1462835967540741	-0.5627161264419556	-0.10072489827871323	-0.02523103356361389	0.0	0.10416456247661297	0.48337927841712225	-1	0.5166207215828778	0.05101328724230816	0.049489117793653434	1.0307980727199422	-0.0332414431657555	0.0332414431657555	negligible	52720982.5	0.006140867597077975	0.05483313103816867	2.325807571910118e-06	lower_in_active	0.008332484654692376	True	False	False
molformer	molformer_0105	48152	48152	0	2383	45769	0.21760782514708524	0.26035972414169783	0.25987833738327026	0.3159962594509125	0.02998320385813713	0.45011769235134125	0.07928195595741272	0.5095042586326599	-0.05611792206764221	0.0	0.132538037135684	0.4541861621195463	-1	0.5458138378804536	0.05429207632850598	0.049489117793653434	1.0970508012464204	-0.09162767576090736	0.09162767576090736	negligible	49536961.5	4.2512755055979983e-14	0.08347513004489415	3.53295721426768e-14	lower_in_active	1.161914444234613e-13	True	False	False
molformer	molformer_0106	48152	48152	0	2383	45769	0.3112980188808605	0.31403973435533444	0.30694112181663513	0.2996726632118225	0.13801217079162598	0.4735633283853531	0.12246144562959671	0.49233394861221313	0.007268458604812622	0.0	0.07817683521550807	0.5027276588016889	1	0.5027276588016889	0.04773775091256157	0.049489117793653434	0.9646110708945298	0.005455317603377807	0.005455317603377807	negligible	54831262.5	0.652931917767112	0.03772952512254174	0.003082678107619229	higher_in_active	0.6897547631982697	False	False	False
molformer	molformer_0107	48152	48152	0	2383	45769	-0.3038133981937635	-0.293449838108953	-0.3154444694519043	-0.2997654676437378	-0.5260618329048157	-0.08748842403292656	-0.49022147059440613	-0.09929081052541733	-0.015679001808166504	0.0	0.08661123024084753	0.4893774477897532	-1	0.5106225522102468	0.05398595354259164	0.049489117793653434	1.0908651426701101	-0.021245104420493655	0.021245104420493655	negligible	53375188.0	0.07989784359643075	0.03975987279880289	0.0015088233772975702	lower_in_active	0.09663235257017136	False	False	False
molformer	molformer_0108	48152	48152	0	2383	45769	-0.4288013859967655	-0.45156624865315287	-0.47405433654785156	-0.4714806377887726	-0.6721429228782654	-0.22613702714443207	-0.6609525680541992	-0.26557251811027527	-0.0025736987590789795	0.0	0.09733861888905233	0.5099844887837238	1	0.5099844887837238	0.05610444443384709	0.049489117793653434	1.1336723492986172	0.019968977567447643	0.019968977567447643	negligible	55622747.0	0.09974621501245814	0.04593090297169744	0.00013669698969990003	higher_in_active	0.11932257496817422	False	False	False
molformer	molformer_0109	48152	48152	0	2383	45769	0.38956942406957695	0.35761821669979627	0.39104941487312317	0.3562594950199127	0.18407205492258072	0.5979286134243011	0.14157675206661224	0.5739784836769104	0.03478991985321045	0.0	0.10253883458773805	0.5279757695432116	1	0.5279757695432116	0.05474662199352735	0.049489117793653434	1.1062355611549848	0.05595153908642314	0.05595153908642314	negligible	57585011.5	3.984187531130566e-06	0.04905409655066262	3.553816465970172e-05	higher_in_active	6.860663730736043e-06	True	False	False
molformer	molformer_0110	48152	48152	0	2383	45769	0.47453204587473974	0.5633551891125287	0.514752209186554	0.6290789842605591	0.2252364605665207	0.7526056468486786	0.3078661561012268	0.8585417866706848	-0.11432677507400513	0.0	0.16169116939833528	0.4287390691456679	-1	0.5712609308543322	0.0587018040970823	0.049489117793653434	1.1861557997829235	-0.1425218617086642	0.1425218617086642	negligible	46761510.0	7.19819771672918e-32	0.1269717612649272	2.724329805515167e-32	lower_in_active	5.6991915942763e-31	True	False	False
molformer	molformer_0111	48152	48152	0	2383	45769	-0.29696024248873537	-0.24537503752157475	-0.2847507894039154	-0.23827242851257324	-0.49500511586666107	-0.09092354774475098	-0.43289533257484436	-0.054825130850076675	-0.04647836089134216	0.0	0.07659643488777966	0.45140763574844783	-1	0.5485923642515522	0.06277027204055174	0.049489117793653434	1.2683651444803388	-0.09718472850310433	0.09718472850310433	negligible	49233914.5	1.1364403223346109e-15	0.07897914472746775	9.783295817498494e-13	lower_in_active	3.356869875203774e-15	True	False	False
molformer	molformer_0112	48152	48152	0	2383	45769	-0.3242892104424421	-0.2254637089638511	-0.31375548243522644	-0.22424408793449402	-0.5349191427230835	-0.10190637409687042	-0.43185901641845703	-0.01404409110546112	-0.08951139450073242	0.0	0.10015677825717505	0.4160831619479187	-1	0.5839168380520813	0.0700594611119564	0.049489117793653434	1.415653869686498	-0.16783367610416255	0.16783367610416255	small	45381161.5	1.5697232967068572e-43	0.11809046518493077	5.601275444216669e-28	lower_in_active	2.3183605612901277e-42	True	False	False
molformer	molformer_0113	48152	48152	0	2383	45769	0.1371514490602099	0.1639280707774162	0.136338010430336	0.16200804710388184	-0.03062682319432497	0.30284225940704346	-0.009332748129963875	0.3380160331726074	-0.025670036673545837	0.0	0.06844355672875806	0.4718524240491856	-1	0.5281475759508144	0.054875097761604416	0.049489117793653434	1.1088316019373796	-0.056295151901628815	0.056295151901628815	negligible	51463777.0	3.47516257766776e-06	0.05068071269278884	1.701125926477078e-05	lower_in_active	5.997583954267055e-06	True	False	False
molformer	molformer_0114	48152	48152	0	2383	45769	-0.29517816208083186	-0.29162887866295695	-0.3060426414012909	-0.30555665493011475	-0.5567081868648529	-0.0392437931150198	-0.6290539503097534	0.03483865410089493	-0.00048598647117614746	0.0	0.19664952851385603	0.49852376775719864	-1	0.5014762322428012	0.04623540621898621	0.049489117793653434	0.9342539992684112	-0.0029524644856027127	0.0029524644856027127	negligible	54372754.5	0.8077131486792908	0.06503575532614758	8.993676968295976e-09	lower_in_active	0.8259969350009259	False	False	False
molformer	molformer_0115	48152	48152	0	2383	45769	-0.10896722785434206	-0.2039291576289786	-0.11063461005687714	-0.19658584892749786	-0.3360644280910492	0.12200721353292465	-0.45912644267082214	0.05839509889483452	0.08595123887062073	0.0	0.13917624521028008	0.5701336613234111	1	0.5701336613234111	0.06196430228575692	0.049489117793653434	1.2520793469004476	0.1402673226468223	0.1402673226468223	negligible	62183068.5	6.379510202974501e-31	0.11460566076647177	2.260391964826725e-26	higher_in_active	4.622135694230582e-30	True	False	False
molformer	molformer_0116	48152	48152	0	2383	45769	0.22324683716813978	0.2542214693297893	0.24012532830238342	0.27966582775115967	-0.025669390335679054	0.4860441982746124	-0.02742641232907772	0.5508241653442383	-0.039540499448776245	0.0	0.17302932181400288	0.4757823334529259	-1	0.5242176665470741	0.050845704561596046	0.049489117793653434	1.027411819576153	-0.04843533309414816	0.04843533309414816	negligible	51892402.5	6.534492228357213e-05	0.061742465289416515	5.993640985441992e-08	lower_in_active	0.00010283791047906434	True	False	False
molformer	molformer_0117	48152	48152	0	2383	45769	0.5769398796901285	0.6854081429648259	0.5764567852020264	0.6936802268028259	0.3128102719783783	0.8408555388450623	0.43885576725006104	0.9522125720977783	-0.11722344160079956	0.0	0.13691513401867578	0.4175895727423984	-1	0.5824104272576016	0.06720718803108869	0.049489117793653434	1.3580195208027621	-0.16482085451520323	0.16482085451520323	small	45545462.0	4.813109882492986e-42	0.11962501909482187	1.060925332841402e-28	lower_in_active	6.485032262727392e-41	True	False	False
molformer	molformer_0118	48152	48152	0	2383	45769	-0.34653611582206	-0.30958299296042224	-0.3440745174884796	-0.3104175627231598	-0.5254184901714325	-0.17120906710624695	-0.4764105975627899	-0.14406530559062958	-0.033656954765319824	0.0	0.06469895147798999	0.4602441613992036	-1	0.5397558386007963	0.05954980095518651	0.049489117793653434	1.2032908164473943	-0.0795116772015928	0.0795116772015928	negligible	50197692.5	5.589650528305915e-11	0.06410890750278034	1.5492040083977146e-08	lower_in_active	1.316825645932191e-10	True	False	False
molformer	molformer_0119	48152	48152	0	2383	45769	-0.44522647024779605	-0.5909628082179129	-0.43190866708755493	-0.5915762186050415	-0.7265273332595825	-0.18040712177753448	-0.861146092414856	-0.3241773843765259	0.15966755151748657	0.0	0.14643906773929183	0.6065744114652935	1	0.6065744114652935	0.07345226090148624	0.049489117793653434	1.4842103512078746	0.2131488229305869	0.2131488229305869	small	66157571.0	4.158397632600697e-69	0.16706620660794846	1.0020885696226323e-55	higher_in_active	2.281178129883811e-67	True	True	True
molformer	molformer_0120	48152	48152	0	2383	45769	-0.42919158057891127	-0.43024681493190153	-0.4327913820743561	-0.42635613679885864	-0.6396249234676361	-0.2174261063337326	-0.6292632222175598	-0.2287178486585617	-0.0064352452754974365	0.0	0.09171933974041974	0.5000783872178564	1	0.5000783872178564	0.05086535067376453	0.049489117793653434	1.0278087980038226	0.00015677443571271432	0.00015677443571271432	negligible	54542313.0	0.9896896239219908	0.01771442933697398	0.47058442030741965	higher_in_active	0.9960204965083906	False	False	False
molformer	molformer_0121	48152	48152	0	2383	45769	-0.1481448133504563	-0.1007298646787923	-0.13643357157707214	-0.0868152305483818	-0.3328900635242462	0.0570059958845377	-0.2887212932109833	0.1026669442653656	-0.04961834102869034	0.0	0.08976435641670405	0.4546775228524252	-1	0.5453224771475748	0.05739456789057789	0.049489117793653434	1.159741180472978	-0.09064495429514963	0.09064495429514963	negligible	49590553.0	7.894976200439129e-14	0.07559523193369921	1.0548036393735394e-11	lower_in_active	2.127488323486755e-13	True	False	False
molformer	molformer_0122	48152	48152	0	2383	45769	-0.8535197437590397	-0.9678240929997434	-0.9070580005645752	-1.0050350427627563	-1.109037697315216	-0.6382842361927032	-1.172222375869751	-0.8072810173034668	0.09797704219818115	0.0	0.0925767553711527	0.5922535907502514	1	0.5922535907502514	0.07779488422033248	0.049489117793653434	1.5719594062011957	0.18450718150050283	0.18450718150050283	small	64595634.5	3.066892549133144e-52	0.14581214443415413	1.7159858460496504e-42	higher_in_active	7.360542117919546e-51	True	False	False
molformer	molformer_0123	48152	48152	0	2383	45769	0.07362559140146784	0.07914646867132576	0.049666281789541245	0.07108931243419647	-0.14838916063308716	0.2866568863391876	-0.13674296438694	0.2903090715408325	-0.021423030644655228	0.0	0.1051096121560193	0.49019423994091293	-1	0.5098057600590871	0.050377760803119745	0.049489117793653434	1.0179563315953932	-0.01961152011817413	0.01961152011817413	negligible	53464273.5	0.10596049844642229	0.027973999997267796	0.0566578631506095	lower_in_active	0.12636283044542285	False	False	False
molformer	molformer_0124	48152	48152	0	2383	45769	-0.1719355155788153	-0.24127762572802827	-0.1781942993402481	-0.25720643997192383	-0.3960575610399246	0.061996689066290855	-0.48567256331443787	-0.008898341096937656	0.07901214063167572	0.0	0.12931650684097093	0.5611120485018424	1	0.5611120485018424	0.0575674896650909	0.049489117793653434	1.163235317815131	0.12222409700368475	0.12222409700368475	negligible	61199103.5	7.111907516033081e-24	0.1053569684402948	2.402036328300001e-22	higher_in_active	3.139048834662877e-23	True	False	False
molformer	molformer_0125	48152	48152	0	2383	45769	-0.4207618093791551	-0.4468794540571491	-0.4243636727333069	-0.45213326811790466	-0.5967213809490204	-0.24783551692962646	-0.6242656111717224	-0.27633237838745117	0.02776959538459778	0.0	0.06832327449268528	0.5297322501866206	1	0.5297322501866206	0.05476782728412883	0.049489117793653434	1.1066640450631016	0.05946450037324125	0.05946450037324125	negligible	57776586.5	9.496900981304255e-07	0.05280417699394613	6.270870292123893e-06	higher_in_active	1.7041168115985205e-06	True	False	False
molformer	molformer_0126	48152	48152	0	2383	45769	-0.40970864722497785	-0.3638040305034122	-0.3866325616836548	-0.35715940594673157	-0.6083976924419403	-0.2028026208281517	-0.571152925491333	-0.1502624899148941	-0.029473155736923218	0.0	0.102316725046566	0.4635435531604196	-1	0.5364564468395805	0.05920166741011025	0.049489117793653434	1.1962562690439063	-0.07291289367916076	0.07291289367916076	negligible	50557549.0	1.8510422253760917e-09	0.059137354420807586	2.505682686187911e-07	lower_in_active	3.9270730085327025e-09	True	False	False
molformer	molformer_0127	48152	48152	0	2383	45769	-0.12666715554800165	-0.09244421718921456	-0.13295716047286987	-0.09989690780639648	-0.33430255949497223	0.07843558862805367	-0.3170401453971863	0.12573061883449554	-0.03306025266647339	0.0	0.10439132462845845	0.4722531803622906	-1	0.5277468196377094	0.057724855827466365	0.049489117793653434	1.1664151312648596	-0.05549363927541884	0.05549363927541884	negligible	51507486.5	4.7745013927534e-06	0.050992281139738305	1.4731887914684147e-05	lower_in_active	8.130414788546809e-06	True	False	False
molformer	molformer_0128	48152	48152	0	2383	45769	-0.20386451477329445	-0.21084611477302356	-0.2085428237915039	-0.2066470980644226	-0.451023131608963	0.025894268415868282	-0.47725290060043335	0.04948136582970619	-0.0018957257270812988	0.0	0.16061702836434463	0.5031265584668478	1	0.5031265584668478	0.04876271802234236	0.049489117793653434	0.9853220303029078	0.006253116933695679	0.006253116933695679	negligible	54874769.5	0.6062335798790623	0.030829909621036877	0.02642115827690039	higher_in_active	0.6448578799821605	False	False	False
molformer	molformer_0129	48152	48152	0	2383	45769	-0.1468986754813335	-0.34258765530625174	-0.13505229353904724	-0.3234301209449768	-0.4712323695421219	0.1966092884540558	-0.6648085713386536	0.0015608196845278144	0.18837782740592957	0.0	0.23323096784335925	0.6111950901756487	1	0.6111950901756487	0.0786993689839317	0.049489117793653434	1.5902358436064956	0.22239018035129732	0.22239018035129732	small	66661537.0	4.58822682897049e-75	0.15578651563265022	1.7900149957323682e-48	higher_in_active	4.404697755811671e-73	True	True	True
molformer	molformer_0130	48152	48152	0	2383	45769	0.2365153699337056	0.14927942059478952	0.24871355295181274	0.1645084023475647	-0.06589263305068016	0.54696124792099	-0.22284872829914093	0.5391197800636292	0.08420515060424805	0.0	0.27683775416912293	0.5455802578158759	1	0.5455802578158759	0.05412339386769166	0.049489117793653434	1.093642325437301	0.09116051563175187	0.09116051563175187	negligible	59505089.5	5.710372420331691e-14	0.09754849397107901	3.2658229394471753e-19	higher_in_active	1.5551652548988435e-13	True	False	False
molformer	molformer_0131	48152	48152	0	2383	45769	0.569977246773322	0.4960453219660803	0.5685579776763916	0.499830424785614	0.3457838445901871	0.7984651327133179	0.26359519362449646	0.7358619570732117	0.06872755289077759	0.0	0.11975604369137087	0.5599371204226534	1	0.5599371204226534	0.060412134673834834	0.049489117793653434	1.2207155303459902	0.11987424084530685	0.11987424084530685	negligible	61070957.0	5.0081621291726244e-23	0.08842717227832625	7.354948741428266e-16	higher_in_active	2.1133343490135032e-22	True	False	False
molformer	molformer_0132	48152	48152	0	2383	45769	0.017759572000821084	0.11157243445758454	-0.008771121501922607	0.09857429563999176	-0.23149529844522476	0.25171560049057007	-0.14080548286437988	0.3516937792301178	-0.10734541714191437	0.0	0.13036265304641104	0.4222049657365019	-1	0.5777950342634981	0.06442966320586974	0.049489117793653434	1.3018955697394206	-0.1555900685269962	0.1555900685269962	small	46048851.5	1.1783278467071752e-37	0.12340275213171376	1.608947276617931e-30	lower_in_active	1.2927939803873007e-36	True	False	False
molformer	molformer_0133	48152	48152	0	2383	45769	0.23255121973354673	0.283554065832395	0.23765265941619873	0.2872839868068695	0.04249700717628002	0.435321107506752	0.09502001851797104	0.4751819670200348	-0.049631327390670776	0.0	0.08261144745864639	0.45201994448815186	-1	0.5479800555118481	0.05958909071348849	0.049489117793653434	1.2040847234728902	-0.09596011102369628	0.09596011102369628	negligible	49300697.5	2.5697866296734764e-15	0.07943180924969534	7.061530917289028e-13	lower_in_active	7.391745811195618e-15	True	False	False
molformer	molformer_0134	48152	48152	0	2383	45769	-0.34378727390616143	-0.24489954008982087	-0.3542799949645996	-0.2628486752510071	-0.5771980285644531	-0.12870586663484573	-0.48784139752388	-0.02231919951736927	-0.09143131971359253	0.0	0.11792127068870573	0.42114649761885586	-1	0.5788535023811441	0.06880317769015021	0.049489117793653434	1.3902688259068874	-0.15770700476228827	0.15770700476228827	small	45933407.0	1.22137947353733e-38	0.1099626105944439	2.6198767210454163e-24	lower_in_active	1.400029008472641e-37	True	False	False
molformer	molformer_0135	48152	48152	0	2383	45769	-0.02989273289473506	-0.12469822056029728	-0.025521045550704002	-0.12319999933242798	-0.25610463321208954	0.19295652210712433	-0.3509257733821869	0.09796319901943207	0.09767895378172398	0.0	0.10323597059619587	0.5843080177292367	1	0.5843080177292367	0.06631910317694545	0.049489117793653434	1.3400744675519416	0.16861603545847337	0.16861603545847337	small	63729030.5	6.388933898829032e-44	0.1265552211521217	4.411895929467744e-32	higher_in_active	9.813402468601393e-43	True	False	False
molformer	molformer_0136	48152	48152	0	2383	45769	0.1426122986303131	0.0491498769223097	0.15725745260715485	0.05808837711811066	-0.1553669199347496	0.4495837390422821	-0.30257028341293335	0.4090869724750519	0.09916907548904419	0.0	0.23061238825279684	0.5555467623282593	1	0.5555467623282593	0.05523431963450625	0.049489117793653434	1.1160902052206232	0.11109352465651856	0.11109352465651856	negligible	60592111.5	5.3025690216975454e-20	0.10028352435276178	2.780630916803955e-20	higher_in_active	1.9392252422208166e-19	True	False	False
molformer	molformer_0137	48152	48152	0	2383	45769	0.12927682216028866	0.1673954270945682	0.13556775450706482	0.16889363527297974	-0.04516431502997875	0.30790019035339355	-0.00811005849391222	0.3487055003643036	-0.03332588076591492	0.0	0.09008484708845922	0.46189864101347056	-1	0.5381013589865296	0.05530366513932	0.049489117793653434	1.1174914325591845	-0.07620271797305889	0.07620271797305889	negligible	50378142.5	3.352053985481965e-10	0.057318297865138146	6.558528085681387e-07	lower_in_active	7.440397285694071e-10	True	False	False
molformer	molformer_0138	48152	48152	0	2383	45769	0.3170642895052029	0.40420682192077584	0.3459796607494354	0.43475425243377686	0.11013151332736015	0.5595859289169312	0.19752314686775208	0.6517752408981323	-0.08877459168434143	0.0	0.13301527295873294	0.42551924735581476	-1	0.5744807526441853	0.0610188523660395	0.049489117793653434	1.2329751486066025	-0.1489615052883705	0.1489615052883705	small	46410332.0	1.1712481923981825e-34	0.12126277512462535	1.7541500772177748e-29	lower_in_active	1.096973916782688e-33	True	False	False
molformer	molformer_0139	48152	48152	0	2383	45769	0.003938134139214349	-0.014453538099264912	0.018666043877601624	-0.003274052869528532	-0.23139403015375137	0.2491215318441391	-0.23217429220676422	0.2124253213405609	0.021940096747130156	0.0	0.10976214183156632	0.516897045809061	1	0.516897045809061	0.05529896393619734	0.049489117793653434	1.1173964378748529	0.03379409161812208	0.03379409161812208	negligible	56376682.5	0.005340910771169845	0.03883218146130696	0.0021010191308739614	higher_in_active	0.007285647375237018	True	False	False
molformer	molformer_0140	48152	48152	0	2383	45769	0.39045049212995603	0.31773117239134274	0.36779922246932983	0.3016550540924072	0.15987937152385712	0.6013899445533752	0.08547401428222656	0.528148889541626	0.06614416837692261	0.0	0.12364061837855087	0.5615200342811477	1	0.5615200342811477	0.059240818822378374	0.049489117793653434	1.1970473805854651	0.12304006856229543	0.12304006856229543	negligible	61243601.5	3.579768013516871e-24	0.08511791965357385	1.0025325736425498e-14	higher_in_active	1.6077554587023142e-23	True	False	False
molformer	molformer_0141	48152	48152	0	2383	45769	0.2635731656994466	0.18335223658750685	0.29096776247024536	0.20545203983783722	0.03473621420562267	0.5259632766246796	-0.02714461460709572	0.4197111129760742	0.08551572263240814	0.0	0.12864921613797195	0.5683710697868853	1	0.5683710697868853	0.06449731890796173	0.049489117793653434	1.30326265214275	0.13674213957377068	0.13674213957377068	negligible	61990827.0	1.805282346468218e-29	0.11490418225032284	1.6539478839271374e-26	higher_in_active	1.1003625730853903e-28	True	False	False
molformer	molformer_0142	48152	48152	0	2383	45769	0.1551906676861835	0.17163250521758525	0.15956735610961914	0.165182426571846	-0.03796969726681709	0.344717800617218	-0.045046307146549225	0.3907473683357239	-0.005615070462226868	0.0	0.09674321193267382	0.48623660459450957	-1	0.5137633954054903	0.05050868048447152	0.049489117793653434	1.0206017552195856	-0.02752679081098086	0.02752679081098086	negligible	53032624.0	0.023262725793123534	0.048032096666132396	5.5767624659908783e-05	lower_in_active	0.02938449573868236	True	False	False
molformer	molformer_0143	48152	48152	0	2383	45769	0.12827946341727003	0.09929013747399966	0.12938255071640015	0.09823435544967651	-0.05880623497068882	0.3282260149717331	-0.0839635506272316	0.27978548407554626	0.031148195266723633	0.0	0.07755495337512217	0.5318660429515376	1	0.5318660429515376	0.056533994167125845	0.049489117793653434	1.1423520298512142	0.06373208590307522	0.06373208590307522	negligible	58009314.0	1.4917665903157185e-07	0.05503457504817166	2.103386979704386e-06	higher_in_active	2.8428703259614686e-07	True	False	False
molformer	molformer_0144	48152	48152	0	2383	45769	0.08139928429788174	0.01764211594863714	0.06430158019065857	0.007905013859272003	-0.1259874776005745	0.2660090923309326	-0.17203561961650848	0.1961868554353714	0.056396566331386566	0.0	0.08434543797141794	0.5595628018594389	1	0.5595628018594389	0.06384215561985501	0.049489117793653434	1.290024119768048	0.1191256037188777	0.1191256037188777	negligible	61030131.0	9.254510856371813e-23	0.09598350937213418	1.2964354308206053e-18	higher_in_active	3.8418726149694875e-22	True	False	False
molformer	molformer_0145	48152	48152	0	2383	45769	-0.4253631545806973	-0.41812979969900516	-0.3986290991306305	-0.41099119186401367	-0.6238808631896973	-0.19264915585517883	-0.6339593529701233	-0.1912555992603302	0.012362092733383179	0.0	0.11810256045374629	0.50334683026232	1	0.50334683026232	0.04904151622303711	0.049489117793653434	0.9909555556742269	0.006693660524639933	0.006693660524639933	negligible	54898794.0	0.5811044726831398	0.02376819270872438	0.1522350024859167	higher_in_active	0.6198447708620158	False	False	False
molformer	molformer_0146	48152	48152	0	2383	45769	-0.5860182255493765	-0.5679439079251265	-0.5996012687683105	-0.576142430305481	-0.8323637843132019	-0.3418508917093277	-0.8087021112442017	-0.334198534488678	-0.02345883846282959	0.0	0.1154057003636005	0.48461305994404735	-1	0.5153869400559526	0.05339321971662036	0.049489117793653434	1.078888088877341	-0.030773880111905294	0.030773880111905294	negligible	52855548.0	0.01118846862405547	0.033727398990168744	0.011297352678637504	lower_in_active	0.014764164782258766	True	False	False
molformer	molformer_0147	48152	48152	0	2383	45769	-0.2225383394421	-0.2056877426940222	-0.21804869174957275	-0.19217847287654877	-0.4525558054447174	0.030486350879073143	-0.46689558029174805	0.06052099168300629	-0.025870218873023987	0.0	0.14262855926716908	0.4872907313649827	-1	0.5127092686350172	0.04999250253151888	0.049489117793653434	1.010171624799705	-0.025418537270034625	0.025418537270034625	negligible	53147595.0	0.03614395910702025	0.037717560057999644	0.003095341603790634	lower_in_active	0.04498956336173671	True	False	False
molformer	molformer_0148	48152	48152	0	2383	45769	0.0736553159395849	0.1343847999471223	0.07792769372463226	0.14299935102462769	-0.12775146961212158	0.2822383791208267	-0.07194501161575317	0.3484175205230713	-0.06507165729999542	0.0	0.09904166757905607	0.4423541986057867	-1	0.5576458013942134	0.05854478460338172	0.049489117793653434	1.182982991280754	-0.11529160278842665	0.11529160278842665	negligible	48246478.5	2.0249367444554815e-21	0.09273308268922242	2.1143894829161954e-17	lower_in_active	7.975135485855434e-21	True	False	False
molformer	molformer_0149	48152	48152	0	2383	45769	-0.3150163479098291	-0.4106354438322938	-0.3533255457878113	-0.4253848195075989	-0.5340593159198761	-0.12204113230109215	-0.585483729839325	-0.2468501627445221	0.0720592737197876	0.0	0.0809756375433042	0.5827289959549555	1	0.5827289959549555	0.07531037143147369	0.049489117793653434	1.5217561918457074	0.16545799190991106	0.16545799190991106	small	63556810.5	2.345675146267227e-42	0.128723914314111	3.523176745597522e-33	higher_in_active	3.3360713191356117e-41	True	False	False
molformer	molformer_0150	48152	48152	0	2383	45769	-0.04889002327903585	-0.0361579519190001	-0.033797550946474075	-0.016131659969687462	-0.27056407928466797	0.18900667130947113	-0.2633199393749237	0.2174697071313858	-0.017665890976786613	0.0	0.12953428916711748	0.4873733636593777	-1	0.5126266363406222	0.050264446394827134	0.049489117793653434	1.0156666482600571	-0.025253272681244554	0.025253272681244554	negligible	53156607.5	0.03737160941666092	0.03365014409834377	0.011567614339247868	lower_in_active	0.04644238840128736	True	False	False
molformer	molformer_0151	48152	48152	0	2383	45769	-0.3246159026204102	-0.27452334622515057	-0.3308938145637512	-0.24861446022987366	-0.6367081105709076	-0.028668944723904133	-0.5984287261962891	0.03761683776974678	-0.08227935433387756	0.0	0.19801686965645873	0.46280172832744254	-1	0.5371982716725575	0.05301791305620651	0.049489117793653434	1.0713044689393436	-0.07439654334511492	0.07439654334511492	negligible	50476640.0	8.641786669404318e-10	0.07343329605337073	4.5621736117570186e-11	lower_in_active	1.874828294379242e-09	True	False	False
molformer	molformer_0152	48152	48152	0	2383	45769	0.3786623577578122	0.416725557974562	0.38266974687576294	0.41646549105644226	0.15080304443836212	0.6065866053104401	0.20622514188289642	0.6275864243507385	-0.03379574418067932	0.0	0.09830388362746015	0.47007839464444806	-1	0.5299216053555519	0.05950789691884612	0.049489117793653434	1.2024440841109014	-0.05984321071110388	0.05984321071110388	negligible	51270288.0	8.097431830632819e-07	0.05764769013237092	5.52213226708928e-07	lower_in_active	1.4667046334731145e-06	True	False	False
molformer	molformer_0153	48152	48152	0	2383	45769	-0.3082217946617332	-0.3560771113532685	-0.30632126331329346	-0.36541181802749634	-0.4980001300573349	-0.13766596466302872	-0.5312677025794983	-0.19340310990810394	0.05909055471420288	0.0	0.06984583241924404	0.5529978964316299	1	0.5529978964316299	0.06085395866377633	0.049489117793653434	1.2296432302048501	0.10599579286325977	0.10599579286325977	negligible	60314113.0	2.3840686937539364e-18	0.10110335590537411	1.3111233133942964e-20	higher_in_active	7.995479287349447e-18	True	False	False
molformer	molformer_0154	48152	48152	0	2383	45769	-0.09912441292767717	-0.146394093644388	-0.09507740288972855	-0.1614772081375122	-0.28348903357982635	0.08415140956640244	-0.32790204882621765	0.015675274655222893	0.06639980524778366	0.0	0.08130371596079602	0.5593244357690442	1	0.5593244357690442	0.059325990533420234	0.049489117793653434	1.1987683995657787	0.11864887153808845	0.11864887153808845	negligible	61004133.0	1.3655846838863035e-22	0.10415289786482462	7.579114114412189e-22	higher_in_active	5.608390573394017e-22	True	False	False
molformer	molformer_0155	48152	48152	0	2383	45769	-0.5487161655726872	-0.5445990848242065	-0.5493192076683044	-0.5575006604194641	-0.7345245182514191	-0.35881611704826355	-0.7352938652038574	-0.3713420331478119	0.008181452751159668	0.0	0.08475636937737324	0.5031097752862774	1	0.5031097752862774	0.04956630094888403	0.049489117793653434	1.001559598527345	0.006219550572554855	0.006219550572554855	negligible	54872939.0	0.6081680187911239	0.025655124645853622	0.09967845527541364	higher_in_active	0.6460208000436836	False	False	False
molformer	molformer_0156	48152	48152	0	2383	45769	0.3004211905991448	0.3179564785632301	0.27798992395401	0.3105606734752655	0.09407681226730347	0.5084553062915802	0.09780718386173248	0.5366710424423218	-0.03257074952125549	0.0	0.1124535859363388	0.48043549662586554	-1	0.5195645033741345	0.051898426901566846	0.049489117793653434	1.0486836140009428	-0.03912900674826891	0.03912900674826891	negligible	52399911.5	0.0012575818173483093	0.052878782151171255	6.05029853372708e-06	lower_in_active	0.001808656995736894	True	False	False
molformer	molformer_0157	48152	48152	0	2383	45769	-0.107565579228626	-0.1398077424228276	-0.09716443717479706	-0.11493613570928574	-0.2918364107608795	0.09175879135727882	-0.30422016978263855	0.05623024329543114	0.017771698534488678	0.0	0.09292137904311282	0.5231856499322664	1	0.5231856499322664	0.060938078100182806	0.049489117793653434	1.231342986437265	0.0463712998645327	0.0463712998645327	negligible	57062565.0	0.00013211314017781177	0.04881510699330338	3.952071020423193e-05	higher_in_active	0.00020252074182945998	True	False	False
molformer	molformer_0158	48152	48152	0	2383	45769	0.04395813817973358	0.05163222553777329	0.05502767860889435	0.06417670845985413	-0.15791179984807968	0.2571466416120529	-0.1456913948059082	0.2650385797023773	-0.009149029850959778	0.0	0.09716120896480765	0.49125427589460247	-1	0.5087457241053975	0.050904676308550674	0.049489117793653434	1.0286034299661486	-0.01749144821079507	0.01749144821079507	negligible	53579889.0	0.14934268485873356	0.022741764375018736	0.1890468119674089	lower_in_active	0.17510714804810285	False	False	False
molformer	molformer_0159	48152	48152	0	2383	45769	-0.04810574571669951	-0.12727093300574716	-0.07094258069992065	-0.13553796708583832	-0.29136136174201965	0.17052965611219406	-0.3303966224193573	0.06470168381929398	0.06459538638591766	0.0	0.08881446452434391	0.5617814548962864	1	0.5617814548962864	0.07429128440589604	0.049489117793653434	1.5011640481379378	0.12356290979257278	0.12356290979257278	negligible	61272114.0	2.3003887992782944e-24	0.11211690900445559	2.9600648847722157e-25	higher_in_active	1.0453837857075327e-23	True	False	False
molformer	molformer_0160	48152	48152	0	2383	45769	-0.17312785320425578	-0.11115715582299442	-0.16154180467128754	-0.09261148422956467	-0.38724929094314575	0.05329124629497528	-0.29687178134918213	0.09776896983385086	-0.06893032044172287	0.0	0.1016747412899186	0.4421005529904424	-1	0.5578994470095577	0.0610478215879513	0.049489117793653434	1.2335605141011459	-0.11579889401911525	0.11579889401911525	negligible	48218814.0	1.3538424328141179e-21	0.09858760252260967	1.2913432450115418e-19	lower_in_active	5.387310820731827e-21	True	False	False
molformer	molformer_0161	48152	48152	0	2383	45769	-0.10614566823227906	-0.08593424837142638	-0.11662416160106659	-0.09345725178718567	-0.3224562257528305	0.10922886058688164	-0.34704461693763733	0.17658013105392456	-0.02316690981388092	0.0	0.1387575741713153	0.48476128463057566	-1	0.5152387153694243	0.04884145326217308	0.049489117793653434	0.9869129909694326	-0.030477430738848676	0.030477430738848676	negligible	52871714.5	0.011994036836499244	0.05814838911677167	4.2436253440810985e-07	lower_in_active	0.01574601759048106	True	False	False
molformer	molformer_0162	48152	48152	0	2383	45769	0.21664701311606407	0.1808677073429399	0.2297225445508957	0.18138688802719116	0.014104901347309351	0.4186229407787323	-0.003612437518313527	0.3633517920970917	0.04833565652370453	0.0	0.08700014275884353	0.53868926541261	1	0.53868926541261	0.05649151118149068	0.049489117793653434	1.1414935989975405	0.07737853082521995	0.07737853082521995	negligible	58753506.0	1.7885564227214495e-10	0.08138667158007529	1.690872709905556e-13	higher_in_active	4.075998019733155e-10	True	False	False
molformer	molformer_0163	48152	48152	0	2383	45769	-0.3508833881434123	-0.33012077090118774	-0.35138481855392456	-0.3230527639389038	-0.5891387462615967	-0.11271956190466881	-0.5334035158157349	-0.12207330018281937	-0.028332054615020752	0.0	0.100416559647884	0.47997302625189253	-1	0.5200269737481075	0.056916563826559616	0.049489117793653434	1.1500824093061262	-0.04005394749621494	0.04005394749621494	negligible	52349471.0	0.0009608959446775473	0.05792654490094015	4.770160356579952e-07	lower_in_active	0.0014029811511641753	True	False	False
molformer	molformer_0164	48152	48152	0	2383	45769	-0.4220695952291345	-0.4327016780419748	-0.4271717965602875	-0.4341096580028534	-0.6658163964748383	-0.19333109259605408	-0.643248975276947	-0.22714515030384064	0.006937861442565918	0.0	0.11044996008675599	0.5080775875664625	1	0.5080775875664625	0.05563881233548844	0.049489117793653434	1.124263571791204	0.01615517513292497	0.01615517513292497	negligible	55414766.0	0.18295706571614245	0.04386898769603542	0.0003169006576782223	higher_in_active	0.21289549465151122	False	False	False
molformer	molformer_0165	48152	48152	0	2383	45769	-0.7103558787925089	-0.6939359334506316	-0.7167176604270935	-0.6904527544975281	-0.9439470767974854	-0.49867379665374756	-0.9181520938873291	-0.47348538041114807	-0.02626490592956543	0.0	0.10604165088960714	0.48214306261844553	-1	0.5178569373815545	0.052234910084756184	0.049489117793653434	1.0554827488045235	-0.035713874763108944	0.035713874763108944	negligible	52586151.5	0.003240302331659471	0.04003181441897008	0.0013672392723917818	lower_in_active	0.004500094377422195	True	False	False
molformer	molformer_0166	48152	48152	0	2383	45769	-0.06582928139454013	-0.10230880297455153	-0.05967598780989647	-0.09884270280599594	-0.2941892743110657	0.16624223440885544	-0.3119148015975952	0.10972712188959122	0.03916671499609947	0.0	0.10421184819366905	0.5320866310648081	1	0.5320866310648081	0.059342917272538195	0.049489117793653434	1.1991104290840364	0.06417326212961627	0.06417326212961627	negligible	58033373.0	1.2235654206771154e-07	0.0584745723628628	3.570238359438532e-07	higher_in_active	2.3610508620101122e-07	True	False	False
molformer	molformer_0167	48152	48152	0	2383	45769	0.01614845520433252	0.10539110693745563	0.018283739686012268	0.12214828282594681	-0.2780771255493164	0.3082105815410614	-0.2028815895318985	0.42018458247184753	-0.10386454313993454	0.0	0.19626477091150527	0.440545864765046	-1	0.559454135234954	0.05862162100444494	0.049489117793653434	1.1845355831330393	-0.11890827046990804	0.11890827046990804	negligible	48049248.0	1.1052585537815641e-22	0.09816222384871709	1.8902424053072188e-19	lower_in_active	4.563648222065813e-22	True	False	False
molformer	molformer_0168	48152	48152	0	2383	45769	0.32812888120654077	0.341138405438151	0.32885754108428955	0.33811450004577637	0.10873353481292725	0.5402671992778778	0.13603569567203522	0.5460570454597473	-0.009256958961486816	0.0	0.0986375194787468	0.4894991522087046	-1	0.5105008477912953	0.05302584604807717	0.049489117793653434	1.071464766641633	-0.021001695582590796	0.021001695582590796	negligible	53388462.0	0.0834135324295393	0.02930804509760271	0.04004063425771798	lower_in_active	0.10072577500925502	False	False	False
molformer	molformer_0169	48152	48152	0	2383	45769	0.08775550144395501	0.06897915070889017	0.06947864592075348	0.04210624098777771	-0.17232007533311844	0.34928786754608154	-0.17497360706329346	0.2925659716129303	0.02737240493297577	0.0	0.12221050654165226	0.5174435879526268	1	0.5174435879526268	0.053653391234712106	0.049489117793653434	1.084145234886218	0.03488717590525359	0.03488717590525359	negligible	56436292.5	0.0040297363628367805	0.04953760435037646	2.862061359804436e-05	higher_in_active	0.00555626126868698	True	False	False
molformer	molformer_0170	48152	48152	0	2383	45769	-0.3089857948794973	-0.248351926360334	-0.3197735548019409	-0.24006301164627075	-0.6110406219959259	-0.00756398681551218	-0.5232475399971008	0.03161042928695679	-0.07971054315567017	0.0	0.17118394077538798	0.45586651561284597	-1	0.544133484387154	0.05991036183681918	0.049489117793653434	1.2105764763602673	-0.08826696877430806	0.08826696877430806	negligible	49720233.5	3.437712953152102e-13	0.08624005933498424	4.1808965499358455e-15	lower_in_active	8.949706942443438e-13	True	False	False
molformer	molformer_0171	48152	48152	0	2383	45769	-0.2568304903873381	-0.31503365018330876	-0.2755544185638428	-0.29041245579719543	-0.5686923265457153	0.060437025502324104	-0.5885360836982727	-0.01012922078371048	0.014858037233352661	0.0	0.21832704425263558	0.5264558762756215	1	0.5264558762756215	0.0588966788695912	0.049489117793653434	1.1900935295545763	0.05291175255124303	0.05291175255124303	negligible	57419240.5	1.2909743520151327e-05	0.05570071282536726	1.5045964745287613e-06	higher_in_active	2.1276143827202187e-05	True	False	False
molformer	molformer_0172	48152	48152	0	2383	45769	0.184147841313477	0.21038463085152126	0.204279825091362	0.22623519599437714	-0.036867523565888405	0.42299163341522217	-0.0013825222849845886	0.43541598320007324	-0.021955370903015137	0.0	0.11006891967755222	0.4802183329965848	-1	0.5197816670034152	0.055604793828485065	0.049489117793653434	1.1235761781070972	-0.03956333400683043	0.03956333400683043	negligible	52376226.0	0.0011090640585321966	0.03615312557696476	0.005231626895740796	lower_in_active	0.0016040700507584313	True	False	False
molformer	molformer_0173	48152	48152	0	2383	45769	0.1781724011077413	0.16102996335782715	0.17390479147434235	0.15702921152114868	-0.03485032357275486	0.3962307870388031	-0.03248090296983719	0.3512553572654724	0.016875579953193665	0.0	0.0819999219815658	0.5167879665961437	1	0.5167879665961437	0.05648642170104437	0.049489117793653434	1.1413907586020513	0.033575933192287355	0.033575933192287355	negligible	56364785.5	0.005644716404883858	0.04992578588492247	2.4017668930900093e-05	higher_in_active	0.0076728180512403606	True	False	False
molformer	molformer_0174	48152	48152	0	2383	45769	-0.8805091504793466	-0.9659036956427068	-0.9129024744033813	-1.011023998260498	-1.1480714678764343	-0.6323645710945129	-1.2393953800201416	-0.7393457889556885	0.0981215238571167	0.0	0.15083425394375313	0.5713582925557668	1	0.5713582925557668	0.059777444079221455	0.049489117793653434	1.2078906786834542	0.1427165851115335	0.1427165851115335	negligible	62316636.0	5.952294310969464e-32	0.11318203813312833	9.913687886857949e-26	higher_in_active	4.761835448775571e-31	True	False	False
molformer	molformer_0175	48152	48152	0	2383	45769	0.46082534414718607	0.4646745707536742	0.46457573771476746	0.4619418680667877	0.2837969660758972	0.6427893340587616	0.2945466637611389	0.6322128772735596	0.0026338696479797363	0.0	0.0693733561023055	0.500407784069405	1	0.500407784069405	0.05012083275317596	0.049489117793653434	1.0127647246038307	0.0008155681388100078	0.0008155681388100078	negligible	54578239.5	0.9463999651770255	0.017718582727194343	0.4702824329359997	higher_in_active	0.9571439905208742	False	False	False
molformer	molformer_0176	48152	48152	0	2383	45769	0.49907167135037095	0.42015318664347645	0.47258082032203674	0.39830127358436584	0.23260504007339478	0.7360698878765106	0.1642974615097046	0.6550865173339844	0.0742795467376709	0.0	0.13533160502728725	0.5596459430129007	1	0.5596459430129007	0.06226834563269925	0.049489117793653434	1.2582229873712691	0.11929188602580143	0.11929188602580143	negligible	61039199.0	8.077237679162784e-23	0.08854018483429998	6.715318925336297e-16	higher_in_active	3.3713687704331625e-22	True	False	False
molformer	molformer_0177	48152	48152	0	2383	45769	0.2677039835601697	0.4074425764377585	0.29282134771347046	0.44525909423828125	0.03663470596075058	0.5218218863010406	0.15636000037193298	0.6945374608039856	-0.1524377465248108	0.0	0.16958988541447573	0.3922329374901844	-1	0.6077670625098157	0.06441908882764784	0.049489117793653434	1.3016818989630292	-0.2155341250196312	0.2155341250196312	small	42779876.5	1.2744966955723464e-70	0.17943441589172549	2.8274386975971827e-64	lower_in_active	7.529334324612015e-69	True	True	True
molformer	molformer_0178	48152	48152	0	2383	45769	0.1491155194055471	0.09838566173239395	0.14609192311763763	0.09409882128238678	-0.05945506505668163	0.3528512120246887	-0.10200174897909164	0.2952563166618347	0.051993101835250854	0.0	0.08739544578123462	0.5482737084521958	1	0.5482737084521958	0.059253552052034066	0.049489117793653434	1.197304674112272	0.09654741690439161	0.09654741690439161	negligible	59798857.5	1.7398062173091987e-15	0.07512617389775411	1.4545655326512118e-11	higher_in_active	5.061254450354033e-15	True	False	False
molformer	molformer_0179	48152	48152	0	2383	45769	0.3414710181272533	0.3080273575546529	0.33707231283187866	0.29757964611053467	0.14584393054246902	0.5436908602714539	0.1225232258439064	0.4872339963912964	0.039492666721343994	0.0	0.08524041348836331	0.5371722052522562	1	0.5371722052522562	0.058048736907952224	0.049489117793653434	1.1729596221534684	0.07434441050451235	0.07434441050451235	negligible	58588044.0	8.878411386198732e-10	0.06513316287074156	8.490228316758693e-09	higher_in_active	1.9207380125635565e-09	True	False	False
molformer	molformer_0180	48152	48152	0	2383	45769	0.3962073263274908	0.3455001695816924	0.38492652773857117	0.3290529251098633	0.13711987435817719	0.6421967446804047	0.0829063132405281	0.5925195217132568	0.055873602628707886	0.0	0.14400319218880628	0.5400463742063208	1	0.5400463742063208	0.055999855563567943	0.049489117793653434	1.131558978219439	0.08009274841264169	0.08009274841264169	negligible	58901522.5	4.0505242036030835e-11	0.06669741397913975	3.326735143929177e-09	higher_in_active	9.69097379553635e-11	True	False	False
molformer	molformer_0181	48152	48152	0	2383	45769	0.20186133679091056	0.25967479238609575	0.19812941551208496	0.2613860070705414	0.01783857401460409	0.37816382944583893	0.08384222537279129	0.4414014220237732	-0.06325659155845642	0.0	0.0770550775146989	0.4368775868549766	-1	0.5631224131450234	0.060705914811386444	0.049489117793653434	1.2266517876617204	-0.12624482629004685	0.12624482629004685	negligible	47649158.0	2.3125633594805807e-25	0.09753285228517189	3.3115046949673834e-19	lower_in_active	1.1100304125506787e-24	True	False	False
molformer	molformer_0182	48152	48152	0	2383	45769	0.28382582900881365	0.28309793383197224	0.27870890498161316	0.2674221098423004	0.07821731269359589	0.48133668303489685	0.07703191787004471	0.47533077001571655	0.011286795139312744	0.0	0.08481127078144345	0.5044645002357118	1	0.5044645002357118	0.0501332298017858	0.049489117793653434	1.0130152251009608	0.008929000471423532	0.008929000471423532	negligible	55020695.5	0.46170875944799805	0.019456010953654346	0.35338871025199337	higher_in_active	0.5043987585434744	False	False	False
molformer	molformer_0183	48152	48152	0	2383	45769	-0.000941490174903048	0.1012737662354801	-0.03942146524786949	0.1057562530040741	-0.3210500478744507	0.33654162287712097	-0.20072343945503235	0.4009719789028168	-0.1451777182519436	0.0	0.17129494461389036	0.42945649624933735	-1	0.5705435037506627	0.06691846906938276	0.049489117793653434	1.3521855319466716	-0.1410870075013253	0.1410870075013253	negligible	46839758.0	2.8973697719624523e-31	0.12312432828884073	2.2007488053741783e-30	lower_in_active	2.1815490047717288e-30	True	False	False
molformer	molformer_0184	48152	48152	0	2383	45769	0.02360265727373989	0.023929197542436362	0.0317353680729866	0.04800865054130554	-0.19775230437517166	0.24244903773069382	-0.22097060084342957	0.2871335744857788	-0.01627328246831894	0.0	0.14273735672726476	0.49155258191560536	-1	0.5084474180843946	0.047780096565169905	0.049489117793653434	0.9654667267335548	-0.016894836168789285	0.016894836168789285	negligible	53612424.5	0.16371745630671009	0.04772299458114604	6.379042213339861e-05	lower_in_active	0.19166921713956303	False	False	False
molformer	molformer_0185	48152	48152	0	2383	45769	0.12206892598962106	0.14092100774797725	0.12207819521427155	0.1402481198310852	-0.10445759817957878	0.36273543536663055	-0.08451206237077713	0.3706985414028168	-0.01816992461681366	0.0	0.11515631739859135	0.48548864594683616	-1	0.5145113540531638	0.05320302451520518	0.049489117793653434	1.0750449166832394	-0.029022708106327677	0.029022708106327677	negligible	52951046.0	0.01673841572775962	0.03154886788622244	0.021551801170959256	lower_in_active	0.021605215594822497	True	False	False
molformer	molformer_0186	48152	48152	0	2383	45769	0.12178009808278653	0.15169951980433574	0.12491262704133987	0.15677350759506226	-0.09946760535240173	0.347880557179451	-0.07485117018222809	0.3842293918132782	-0.03186088055372238	0.0	0.11555973169867038	0.47400109750356767	-1	0.5259989024964323	0.051797258601750024	0.049489117793653434	1.0466393605503428	-0.05199780499286466	0.05199780499286466	negligible	51698127.5	1.8168122844032184e-05	0.04550955849581151	0.00016283297206335203	lower_in_active	2.981435543636051e-05	True	False	False
molformer	molformer_0187	48152	48152	0	2383	45769	0.20062219989186084	0.14659032857595952	0.21237732470035553	0.1663096696138382	-0.014211644418537617	0.42354077100753784	-0.06303973495960236	0.37308669090270996	0.046067655086517334	0.0	0.11164022224862398	0.5429490851112816	1	0.5429490851112816	0.06189398968012438	0.049489117793653434	1.2506585778755135	0.08589817022256319	0.08589817022256319	negligible	59218114.0	1.4335457724311856e-12	0.06650159950908213	3.745283694281647e-09	higher_in_active	3.5979188013959168e-12	True	False	False
molformer	molformer_0188	48152	48152	0	2383	45769	-0.15466157969093372	-0.13442602294850028	-0.1684163510799408	-0.1368127018213272	-0.33420492708683014	0.023402290418744087	-0.32872670888900757	0.05284971371293068	-0.031603649258613586	0.0	0.08208003082864523	0.4787006677065301	-1	0.5212993322934699	0.05150544613179028	0.049489117793653434	1.0407428628359066	-0.04259866458693984	0.04259866458693984	negligible	52210698.0	0.00044558676183955985	0.05028422437780222	2.0402770374409097e-05	lower_in_active	0.0006644866661995767	True	False	False
molformer	molformer_0189	48152	48152	0	2383	45769	-0.5855949577540113	-0.6237696314864178	-0.5798019766807556	-0.6197047233581543	-0.7917214930057526	-0.3659675866365433	-0.8205183744430542	-0.4234659969806671	0.03990274667739868	0.0	0.09424025571680471	0.5361505354384719	1	0.5361505354384719	0.057631136617061485	0.049489117793653434	1.1645213975596913	0.07230107087694382	0.07230107087694382	negligible	58476613.0	2.523417354750145e-09	0.0659039239057837	5.365807815262807e-09	higher_in_active	5.309546653282497e-09	True	False	False
molformer	molformer_0190	48152	48152	0	2383	45769	-0.040657301475904344	0.004385177878473466	-0.05339398980140686	-0.003799205180257559	-0.32095867395401	0.22702961415052414	-0.3337419033050537	0.3343311846256256	-0.0495947846211493	0.0	0.21152744216378444	0.4717822152509243	-1	0.5282177847490758	0.050726873939708886	0.049489117793653434	1.025010673077995	-0.05643556949815143	0.05643556949815143	negligible	51456119.5	3.2856337607378347e-06	0.07531044506033402	1.2823601110219305e-11	lower_in_active	5.696087422678684e-06	True	False	False
molformer	molformer_0191	48152	48152	0	2383	45769	-0.34622693198129467	-0.29493158760733523	-0.3393736183643341	-0.2810779809951782	-0.5301705598831177	-0.14686748385429382	-0.4760066270828247	-0.10409902036190033	-0.058295637369155884	0.0	0.07918442892783586	0.44787740992788805	-1	0.552122590072112	0.05784769877772742	0.049489117793653434	1.1688973527256108	-0.1042451801442239	0.1042451801442239	negligible	48848881.5	8.461347672541736e-18	0.08445849331488003	1.6671384806161073e-14	lower_in_active	2.753523310386463e-17	True	False	False
molformer	molformer_0192	48152	48152	0	2383	45769	-0.6533170783154798	-0.6032587785793181	-0.6734095811843872	-0.6159486770629883	-0.8592827916145325	-0.46128126978874207	-0.807529628276825	-0.4136611819267273	-0.057460904121398926	0.0	0.08755850620379081	0.4518153831433255	-1	0.5481846168566744	0.0613004083759449	0.049489117793653434	1.2386643995461597	-0.09636923371334905	0.09636923371334905	negligible	49278386.5	1.9588452204266214e-15	0.08079577159570145	2.614309431707419e-13	lower_in_active	5.676955204859038e-15	True	False	False
molformer	molformer_0193	48152	48152	0	2383	45769	0.3248894762666857	0.35615001072049296	0.34888896346092224	0.3719397783279419	0.11115173622965813	0.546410083770752	0.15393054485321045	0.5678510069847107	-0.023050814867019653	0.0	0.09551940805756705	0.472870238453284	-1	0.5271297615467159	0.05488752492743904	0.049489117793653434	1.1090827109970813	-0.05425952309343196	0.05425952309343196	negligible	51574787.5	7.722762783885366e-06	0.048569662719133655	4.40520100062787e-05	lower_in_active	1.2921746880226496e-05	True	False	False
molformer	molformer_0194	48152	48152	0	2383	45769	-0.025684290265469745	-0.045468860957285105	-0.010759404860436916	-0.04381691291928291	-0.2321491613984108	0.18645113706588745	-0.23119288682937622	0.1400858461856842	0.033057508058846	0.0	0.08121007115656954	0.5244265554861256	1	0.5244265554861256	0.05706390249423802	0.049489117793653434	1.1530596025608681	0.0488531109722512	0.0488531109722512	negligible	57197907.5	5.6477001551093125e-05	0.06366278938368153	2.0071183673711193e-08	higher_in_active	8.980194035453318e-05	True	False	False
molformer	molformer_0195	48152	48152	0	2383	45769	0.6195667303296547	0.572017480780978	0.6096780896186829	0.5653740763664246	0.40211571753025055	0.8357622921466827	0.3761643171310425	0.7552613019943237	0.0443040132522583	0.0	0.08876021883933714	0.5428012317543425	1	0.5428012317543425	0.06163709048627701	0.049489117793653434	1.2454675539635798	0.08560246350868495	0.08560246350868495	negligible	59201988.0	1.7087727498833568e-12	0.08553207592210277	7.269335499745864e-15	higher_in_active	4.274714892216346e-12	True	False	False
molformer	molformer_0196	48152	48152	0	2383	45769	0.19488851576774358	0.18260333322051733	0.20055755972862244	0.17369112372398376	-0.005592341301962733	0.3949006497859955	-0.005362647119909525	0.36285674571990967	0.026866436004638672	0.0	0.08060387000954551	0.5162295831645656	1	0.5162295831645656	0.05403868265188475	0.049489117793653434	1.0919306114366574	0.03245916632913115	0.03245916632913115	negligible	56303884.0	0.007457815404424327	0.04711112593577005	8.302211505276027e-05	higher_in_active	0.009978401098602584	True	False	False
molformer	molformer_0197	48152	48152	0	2383	45769	-0.4871725014995579	-0.4755377976268364	-0.5063724517822266	-0.491409569978714	-0.7141347229480743	-0.288491815328598	-0.6800970435142517	-0.29342982172966003	-0.014962881803512573	0.0	0.09068567136368055	0.4864216459221634	-1	0.5135783540778365	0.05506253194483204	0.049489117793653434	1.1126189837211717	-0.02715670815567317	0.02715670815567317	negligible	53052806.0	0.025182906040716938	0.0406299851283875	0.0010982160604194908	lower_in_active	0.031757753430657815	True	False	False
molformer	molformer_0198	48152	48152	0	2383	45769	-0.004735777916528298	-0.0793369747164066	-0.0036496028769761324	-0.07864458113908768	-0.1989162266254425	0.19085361808538437	-0.28624728322029114	0.13007645308971405	0.07499497826211154	0.0	0.09316495627803544	0.5703288706637678	1	0.5703288706637678	0.062085973559645416	0.049489117793653434	1.2545378929265825	0.1406577413275356	0.1406577413275356	negligible	62204359.5	4.382924204618843e-31	0.11082448032401065	1.100653820122936e-24	higher_in_active	3.205795989664068e-30	True	False	False
molformer	molformer_0199	48152	48152	0	2383	45769	-0.09954071559971588	-0.11311217117193335	-0.08377829939126968	-0.09772627800703049	-0.2620629370212555	0.0704183354973793	-0.2727498710155487	0.05953701213002205	0.013947978615760803	0.0	0.06243828747197802	0.5144268742794544	1	0.5144268742794544	0.052752736693709584	0.049489117793653434	1.0659461927299638	0.028853748558908876	0.028853748558908876	negligible	56107267.0	0.017384364164584394	0.025644021432703723	0.09993667403085771	higher_in_active	0.022326407488964573	True	False	False
molformer	molformer_0200	48152	48152	0	2383	45769	0.12128801620802442	0.23970863717575686	0.13527724146842957	0.24633193016052246	-0.14609355479478836	0.39396391808986664	-0.051988016813993454	0.5304690599441528	-0.1110546886920929	0.0	0.16446891613637601	0.41901005970365496	-1	0.580989940296345	0.06512985381893935	0.049489117793653434	1.3160439450648624	-0.16197988059269008	0.16197988059269008	small	45700391.0	1.1476895430584921e-40	0.12818517467623514	6.628039405224911e-33	lower_in_active	1.4216541436595515e-39	True	False	False
molformer	molformer_0201	48152	48152	0	2383	45769	0.2541491482774469	0.27056404470431367	0.27133458852767944	0.28136348724365234	0.09842437505722046	0.42716561257839203	0.122271828353405	0.43235063552856445	-0.0100288987159729	0.0	0.058626385495734595	0.48608418984323354	-1	0.5139158101567665	0.05528239275929876	0.049489117793653434	1.1170615930112269	-0.027831620313532923	0.027831620313532923	negligible	53016000.5	0.02177787350775235	0.03360340241325907	0.011733952220376846	lower_in_active	0.027691070950254647	True	False	False
molformer	molformer_0202	48152	48152	0	2383	45769	0.22252707827213689	0.2555595964421443	0.23953434824943542	0.25785231590270996	0.03149837255477905	0.4135422259569168	0.09090156853199005	0.4214490056037903	-0.018317967653274536	0.0	0.06793798964274758	0.4716571917872494	-1	0.5283428082127506	0.059958433918899934	0.049489117793653434	1.211547843081355	-0.056685616425501184	0.056685616425501184	negligible	51442483.5	2.972410449680744e-06	0.06711008492931173	2.5885573117222556e-09	lower_in_active	5.164731279083283e-06	True	False	False
molformer	molformer_0203	48152	48152	0	2383	45769	-0.029922724252202035	-0.07892731196249925	-0.01778143085539341	-0.061681050807237625	-0.2928306311368942	0.22972014546394348	-0.3418487012386322	0.19204773008823395	0.043899619951844215	0.0	0.14363543394392647	0.5339142694598733	1	0.5339142694598733	0.056078816398864105	0.049489117793653434	1.1331544973722636	0.0678285389197466	0.0678285389197466	negligible	58232709.0	2.2543773697696162e-08	0.04851310142935583	4.516431241274319e-05	higher_in_active	4.532360785295982e-08	True	False	False
molformer	molformer_0204	48152	48152	0	2383	45769	-0.1324630761552294	-0.05462910175110659	-0.14393135905265808	-0.07239052653312683	-0.3901064842939377	0.11056409776210785	-0.3718303143978119	0.23759156465530396	-0.07154083251953125	0.0	0.1883515552870533	0.4504901949413413	-1	0.5495098050586588	0.05540662291437935	0.049489117793653434	1.119571844974064	-0.09901961011731741	0.09901961011731741	negligible	49133851.5	3.2843328871661407e-16	0.10095703370995102	1.500075845030916e-20	lower_in_active	9.930581328124394e-16	True	False	False
molformer	molformer_0205	48152	48152	0	2383	45769	-0.19081122824314528	-0.23762847945220217	-0.20049312710762024	-0.24511054158210754	-0.41204531490802765	0.015274736564606428	-0.44063082337379456	-0.04004291445016861	0.044617414474487305	0.0	0.09092548835819896	0.5405907800586696	1	0.5405907800586696	0.05999261779092349	0.049489117793653434	1.2122385782075316	0.08118156011733912	0.08118156011733912	negligible	58960899.5	2.2018498393320233e-11	0.06506173922876235	8.856605784513804e-09	higher_in_active	5.2844396143968556e-11	True	False	False
molformer	molformer_0206	48152	48152	0	2383	45769	0.3028396834911774	0.3986954664961534	0.3228091895580292	0.3907221555709839	0.08152345195412636	0.5243236720561981	0.15891610085964203	0.6574791669845581	-0.06791296601295471	0.0	0.13579064284520384	0.42734300741961445	-1	0.5726569925803855	0.060453636734823187	0.049489117793653434	1.2215541401826293	-0.1453139851607711	0.1453139851607711	negligible	46609245.0	4.6033146327609066e-33	0.12163357293321597	1.1630798417792727e-29	lower_in_active	3.9722984696184003e-32	True	False	False
molformer	molformer_0207	48152	48152	0	2383	45769	0.6197843888309048	0.5779951730669903	0.6388766765594482	0.5908348560333252	0.42296819388866425	0.8511392772197723	0.3677753508090973	0.8053514957427979	0.04804182052612305	0.0	0.11640281659947943	0.5396509907114699	1	0.5396509907114699	0.05513163043066509	0.049489117793653434	1.114015219679977	0.07930198142293987	0.07930198142293987	negligible	58858399.0	6.275122771651369e-11	0.07273530644918724	7.253561522603089e-11	higher_in_active	1.46929703921593e-10	True	False	False
molformer	molformer_0208	48152	48152	0	2383	45769	0.3207309881810456	0.3122982988791208	0.3244279623031616	0.3099096715450287	0.08166875317692757	0.5530323386192322	0.06066160649061203	0.5720594525337219	0.014518290758132935	0.0	0.1260134419146987	0.5045433229635802	1	0.5045433229635802	0.050534498488565366	0.049489117793653434	1.021123445749643	0.009086645927160353	0.009086645927160353	negligible	55029292.5	0.4538384578776673	0.024227091900598408	0.13775057259153778	higher_in_active	0.49721531476469116	False	False	False
molformer	molformer_0209	48152	48152	0	2383	45769	-0.6266528907580744	-0.6303410423686447	-0.6337113380432129	-0.635338544845581	-0.8195969462394714	-0.4313199520111084	-0.8237018585205078	-0.4359639286994934	0.001627206802368164	0.0	0.08490403378770511	0.5015522722909084	1	0.5015522722909084	0.0501346854781987	0.049489117793653434	1.0130446391717263	0.0031045445818167483	0.0031045445818167483	negligible	54703066.0	0.7980175813288399	0.008721230105455696	0.9947745481641606	higher_in_active	0.81900134042524	False	False	False
molformer	molformer_0210	48152	48152	0	2383	45769	0.3608642454361248	0.24549712315572042	0.3756795823574066	0.2623075842857361	0.10833261534571648	0.6293688118457794	-0.008215995505452156	0.5043317675590515	0.11337199807167053	0.0	0.14420683283224517	0.5860275946295179	1	0.5860275946295179	0.0685265806331748	0.049489117793653434	1.384679777863463	0.17205518925903585	0.17205518925903585	small	63916580.5	1.1694623755173557e-45	0.1265216456223492	4.5863896611118187e-32	higher_in_active	2.0887141962728588e-44	True	False	False
molformer	molformer_0211	48152	48152	0	2383	45769	-0.045641733536596805	-0.06537946292229013	-0.07075897604227066	-0.08135213702917099	-0.2624596953392029	0.14636150002479553	-0.25248831510543823	0.09717084467411041	0.01059316098690033	0.0	0.08051262753819641	0.5152655061116403	1	0.5152655061116403	0.055866869671344625	0.049489117793653434	1.1288718037828729	0.030531012223280696	0.030531012223280696	negligible	56198734.5	0.011844735550626564	0.05343780280266186	4.619051080390499e-06	higher_in_active	0.015576638532330822	True	False	False
molformer	molformer_0212	48152	48152	0	2383	45769	-0.4332845155012179	-0.4270587135885184	-0.43141481280326843	-0.43407142162323	-0.6652736663818359	-0.19785968959331512	-0.6985687017440796	-0.15971146523952484	0.002656608819961548	0.0	0.13724745880191597	0.49872663290513597	-1	0.501273367094864	0.04801376809156446	0.049489117793653434	0.9701884016554813	-0.0025467341897280615	0.0025467341897280615	negligible	54394880.5	0.8337207095007871	0.039934095140893855	0.0014166272912206168	lower_in_active	0.851459448000804	False	False	False
molformer	molformer_0213	48152	48152	0	2383	45769	-0.058271193660128756	-0.02249054381625206	-0.02463158406317234	0.0020845041144639254	-0.26415812969207764	0.17860306799411774	-0.24983976781368256	0.23420941829681396	-0.026716088177636266	0.0	0.13308932887073577	0.47002739871419297	-1	0.5299726012858071	0.05269367953802901	0.049489117793653434	1.0647528565317552	-0.059945202571614065	0.059945202571614065	negligible	51264726.0	7.755888531151688e-07	0.06310685856111875	2.7645143291428018e-08	lower_in_active	1.4081613219679659e-06	True	False	False
molformer	molformer_0214	48152	48152	0	2383	45769	-0.22307714106213947	-0.2517674745165631	-0.23676304519176483	-0.25567692518234253	-0.41407328844070435	-0.033061062917113304	-0.45285823941230774	-0.05701862648129463	0.018913879990577698	0.0	0.08967784019683443	0.5265812343943582	1	0.5265812343943582	0.05442315291095369	0.049489117793653434	1.0996993952867151	0.053162468788716444	0.053162468788716444	negligible	57432913.0	1.174348747239799e-05	0.04962988662977569	2.745555153445253e-05	higher_in_active	1.943749650603805e-05	True	False	False
molformer	molformer_0215	48152	48152	0	2383	45769	0.5100730620756956	0.5262302070863546	0.5282419919967651	0.5301023125648499	0.31571394205093384	0.719277411699295	0.3270924985408783	0.7286616563796997	-0.0018603205680847168	0.0	0.0952141849555431	0.4904533317235661	-1	0.5095466682764339	0.05309554239269302	0.049489117793653434	1.0728730832114788	-0.019093336552867823	0.019093336552867823	negligible	53492532.0	0.11550958990979887	0.021738110922786394	0.2314142676897717	lower_in_active	0.13711184706449078	False	False	False
molformer	molformer_0216	48152	48152	0	2383	45769	-0.2663166653666194	-0.16693993600330415	-0.2626422941684723	-0.15848177671432495	-0.5985372960567474	0.058861417695879936	-0.5283511877059937	0.19823898375034332	-0.10416051745414734	0.0	0.263758386438235	0.4421820437901742	-1	0.5578179562098259	0.056226536852145126	0.049489117793653434	1.1361394051634461	-0.11563591241965165	0.11563591241965165	negligible	48227702.0	1.5410737198031693e-21	0.09669874517279564	6.923323045201155e-19	lower_in_active	6.100745447468216e-21	True	False	False
molformer	molformer_0217	48152	48152	0	2383	45769	-0.3688894510489001	-0.48334904283036245	-0.3582620620727539	-0.48210540413856506	-0.672089010477066	-0.09249125048518181	-0.7969788312911987	-0.17921839654445648	0.12384334206581116	0.0	0.1834805499006035	0.5738826140249792	1	0.5738826140249792	0.06451675523523032	0.049489117793653434	1.3036553915597189	0.1477652280499584	0.1477652280499584	small	62591957.5	3.943392844232821e-34	0.1197551678236915	9.203753726335129e-29	higher_in_active	3.605387743298579e-33	True	False	False
molformer	molformer_0218	48152	48152	0	2383	45769	0.2129835924157474	0.21011413402827814	0.2169673889875412	0.22514724731445312	-0.004900555359199643	0.44340068101882935	0.008716104552149773	0.4275664687156677	-0.008179858326911926	0.0	0.1110878645484048	0.49819107019819014	-1	0.5018089298018098	0.0494632231969003	0.049489117793653434	0.9994767618032494	-0.003617859603619711	0.003617859603619711	negligible	54336468.0	0.76552974045284	0.024642898522857337	0.12560964908015082	lower_in_active	0.7923542327059044	False	False	False
molformer	molformer_0219	48152	48152	0	2383	45769	-0.7727834383800369	-0.7875433691748809	-0.7727771997451782	-0.7884348630905151	-0.9871527850627899	-0.5682175755500793	-0.9852432012557983	-0.5889180302619934	0.015657663345336914	0.0	0.09865875010571928	0.5123940189823869	1	0.5123940189823869	0.05281587065480923	0.049489117793653434	1.0672219067437574	0.0247880379647738	0.0247880379647738	negligible	55885548.5	0.04101970434426069	0.029872062653442222	0.0344074194708095	higher_in_active	0.05072968266729825	False	False	False
molformer	molformer_0220	48152	48152	0	2383	45769	-0.08068378468766776	-0.13730219615810874	-0.07979357242584229	-0.13016276061534882	-0.30390122532844543	0.14004845172166824	-0.348800927400589	0.08209553360939026	0.05036918818950653	0.0	0.10510530231135749	0.5453247142937421	1	0.5453247142937421	0.061208025766320916	0.049489117793653434	1.236797673814471	0.09064942858748415	0.09064942858748415	negligible	59477218.0	7.87287216579996e-14	0.06596463858578183	5.174127615240502e-09	higher_in_active	2.127488323486755e-13	True	False	False
molformer	molformer_0221	48152	48152	0	2383	45769	0.17040129516479063	0.19740971010663377	0.17462028563022614	0.19822385907173157	-0.05425633303821087	0.39328068494796753	-0.03778137266635895	0.4387687146663666	-0.023603573441505432	0.0	0.11925845272652016	0.47859674126470286	-1	0.521403258735297	0.052213461277682796	0.049489117793653434	1.055049344289963	-0.042806517470594274	0.042806517470594274	negligible	52199363.0	0.0004177120057017224	0.04352248676180215	0.0003636154350285448	lower_in_active	0.0006253466284189529	True	False	False
molformer	molformer_0222	48152	48152	0	2383	45769	-0.22844186311374354	-0.203757237208777	-0.2484256625175476	-0.21976901590824127	-0.4100552350282669	-0.06325195729732513	-0.3867794871330261	-0.03833772614598274	-0.028656646609306335	0.0	0.07335923198515558	0.4711915398980303	-1	0.5288084601019697	0.054518569455964075	0.049489117793653434	1.1016274261198413	-0.05761692020393938	0.05761692020393938	negligible	51391696.0	2.0393381813423652e-06	0.05231448036774505	7.922397485234385e-06	lower_in_active	3.5515005062833026e-06	True	False	False
molformer	molformer_0223	48152	48152	0	2383	45769	0.314466291419331	0.2533622985391845	0.3165111839771271	0.2627434730529785	0.10277163609862328	0.5300144255161285	0.03870919346809387	0.48082032799720764	0.05376771092414856	0.0	0.11707803943007539	0.5511864681776455	1	0.5511864681776455	0.05753709636443094	0.049489117793653434	1.162621176726848	0.10237293635529099	0.10237293635529099	negligible	60116545.0	3.2055284648931643e-17	0.07592339560426631	8.414193603785381e-12	higher_in_active	1.02142369976733e-16	True	False	False
molformer	molformer_0224	48152	48152	0	2383	45769	0.12472144193650098	0.19755608826889481	0.12678159773349762	0.2040259838104248	-0.08076111599802971	0.32536810636520386	0.002272634766995907	0.3976040780544281	-0.07724438607692719	0.0	0.09747256778694911	0.430595093624888	-1	0.569404906375112	0.0618536915318536	0.049489117793653434	1.2498442948559858	-0.13880981275022397	0.13880981275022397	negligible	46963942.0	2.5670846675427444e-30	0.10972623409715704	3.319375582374812e-24	lower_in_active	1.7602866291721674e-29	True	False	False
molformer	molformer_0225	48152	48152	0	2383	45769	-0.05416671752000905	0.05292902496384986	-0.02991446852684021	0.08823364228010178	-0.27768099308013916	0.19665762782096863	-0.1370205283164978	0.286428302526474	-0.11814811080694199	0.0	0.12705986883119555	0.40781742030329526	-1	0.5921825796967048	0.06613313670206886	0.049489117793653434	1.336316742961821	-0.18436515939340947	0.18436515939340947	small	44479637.5	3.6671627755832125e-52	0.14737176538347657	2.117467766676974e-43	lower_in_active	8.283473563670315e-51	True	False	False
molformer	molformer_0226	48152	48152	0	2383	45769	0.8953793115140387	0.9491923795869567	0.8939863443374634	0.9513891339302063	0.602047473192215	1.1842657327651978	0.6279357075691223	1.2670985460281372	-0.05740278959274292	0.0	0.19123646501234498	0.4657620549148419	-1	0.5342379450851581	0.05526496235648991	0.049489117793653434	1.1167093862315156	-0.06847589017031619	0.06847589017031619	negligible	50799515.5	1.65551434629649e-08	0.06449028591250627	1.2397684785730046e-08	lower_in_active	3.3458816261992224e-08	True	False	False
molformer	molformer_0227	48152	48152	0	2383	45769	-0.7136965628634815	-0.7753587646173314	-0.7572420835494995	-0.8128708600997925	-0.999640703201294	-0.4687771201133728	-1.042054295539856	-0.5463718175888062	0.05562877655029297	0.0	0.1524157283295324	0.5438899930315647	1	0.5438899930315647	0.05723531006980523	0.049489117793653434	1.1565231432988927	0.08777998606312942	0.08777998606312942	negligible	59320736.5	4.624751842631511e-13	0.0648139477848434	1.025098781199587e-08	higher_in_active	1.1918823540741613e-12	True	False	False
molformer	molformer_0228	48152	48152	0	2383	45769	0.27696473450789216	0.28561094502656226	0.27939683198928833	0.28273287415504456	0.07366886362433434	0.48685379326343536	0.07046651840209961	0.49923771619796753	-0.0033360421657562256	0.0	0.09570756397101163	0.4952861496529577	-1	0.5047138503470423	0.05025646945951889	0.049489117793653434	1.0155054626163464	-0.009427700694084606	0.009427700694084606	negligible	54019635.5	0.4370732351377289	0.01829588563055984	0.429292205815899	lower_in_active	0.4795317779796797	False	False	False
molformer	molformer_0229	48152	48152	0	2383	45769	-0.229333825796348	-0.18120456585652936	-0.23970431089401245	-0.1981094777584076	-0.4597163796424866	-0.027354956604540348	-0.39981743693351746	0.019824523478746414	-0.04159483313560486	0.0	0.11217385655445394	0.45885594802199925	-1	0.5411440519780008	0.05730908254421427	0.049489117793653434	1.1580138240323143	-0.0822881039560015	0.0822881039560015	negligible	50046283.5	1.1755454990775332e-11	0.06015693378653392	1.4420646008529292e-07	lower_in_active	2.8480092848313736e-11	True	False	False
molformer	molformer_0230	48152	48152	0	2383	45769	0.5995017845601592	0.7494737360139863	0.5979922413825989	0.7777819633483887	0.34213076531887054	0.8852664530277252	0.5195111632347107	1.0013372898101807	-0.1797897219657898	0.0	0.1281875095460501	0.38286478247553923	-1	0.6171352175244609	0.07616065608895037	0.049489117793653434	1.5389374368422735	-0.23427043504892153	0.23427043504892153	small	41758115.0	4.305910282390589e-83	0.1869794939056425	8.458258842492254e-70	lower_in_active	6.613878193751945e-81	True	True	True
molformer	molformer_0231	48152	48152	0	2383	45769	0.5059297114085606	0.4686469490394988	0.5135585069656372	0.48833131790161133	0.3097008913755417	0.7337611317634583	0.2834267318248749	0.6875661015510559	0.02522718906402588	0.0	0.11288951259566923	0.530216165990451	1	0.530216165990451	0.05569081335130917	0.049489117793653434	1.125314328364347	0.06043233198090192	0.06043233198090192	negligible	57829366.0	6.30714493139907e-07	0.05098508376374933	1.4781074382078463e-05	higher_in_active	1.147840594150352e-06	True	False	False
molformer	molformer_0232	48152	48152	0	2383	45769	0.23040511092069266	0.2187663944362875	0.2514122426509857	0.2218245565891266	-0.0014587828190997243	0.4855748862028122	-0.01850108988583088	0.4621785581111908	0.02958768606185913	0.0	0.1344626199216341	0.5140079319851086	1	0.5140079319851086	0.051904465368663714	0.049489117793653434	1.0488056300595447	0.02801586397021727	0.02801586397021727	negligible	56061574.0	0.020920981690947388	0.03445310536838336	0.009023661996571512	higher_in_active	0.02668989026353421	True	False	False
molformer	molformer_0233	48152	48152	0	2383	45769	-0.25780083343487137	-0.2652756782706154	-0.26075902581214905	-0.2661149501800537	-0.4475710839033127	-0.07080594822764397	-0.4471466839313507	-0.08505720645189285	0.005355924367904663	0.0	0.07390611913767818	0.5069519867265351	1	0.5069519867265351	0.051777808666672316	0.049489117793653434	1.04624634616769	0.013903973453070151	0.013903973453070151	negligible	55291999.5	0.2517397843886776	0.023428192334460918	0.16373466119146696	higher_in_active	0.2860002284179059	False	False	False
molformer	molformer_0234	48152	48152	0	2383	45769	-0.797392088482258	-0.8790715513588713	-0.8018331527709961	-0.8795989155769348	-1.0169312357902527	-0.5853222012519836	-1.0906469821929932	-0.6672987937927246	0.07776576280593872	0.0	0.10770918608998671	0.5691410744098011	1	0.5691410744098011	0.06383432419855589	0.049489117793653434	1.2898658744476974	0.1382821488196022	0.1382821488196022	negligible	62074809.5	4.23456656871515e-30	0.10541212692940216	2.27813743886441e-22	higher_in_active	2.8035751075631335e-29	True	False	False
molformer	molformer_0235	48152	48152	0	2383	45769	0.08372722533436347	0.04686371918262508	0.08707643300294876	0.03916076943278313	-0.11338713020086288	0.285166472196579	-0.1664203703403473	0.25996237993240356	0.047915663570165634	0.0	0.10213702091168265	0.5361063976448279	1	0.5361063976448279	0.053816705548234714	0.049489117793653434	1.0874452394287024	0.07221279528965585	0.07221279528965585	negligible	58471799.0	2.63825428170134e-09	0.06547375920607423	6.936594354330792e-09	higher_in_active	5.520924491407709e-09	True	False	False
molformer	molformer_0236	48152	48152	0	2383	45769	-0.7859608984278359	-0.7062661368634429	-0.7995971441268921	-0.7198912501335144	-1.0361883044242859	-0.5554986596107483	-0.948526918888092	-0.47877854108810425	-0.07970589399337769	0.0	0.13125673859146517	0.43639342349808663	-1	0.5636065765019134	0.06138973896382819	0.049489117793653434	1.240469454715172	-0.12721315300382674	0.12721315300382674	negligible	47596351.5	9.969978414390063e-26	0.0959165050106986	1.3745759362306932e-18	lower_in_active	4.939963498226818e-25	True	False	False
molformer	molformer_0237	48152	48152	0	2383	45769	0.13028744760321573	0.06187630966802487	0.11951188743114471	0.049871087074279785	-0.08155632019042969	0.347696915268898	-0.1525426059961319	0.2636233866214752	0.06964080035686493	0.0	0.09453886720870949	0.5656153824776828	1	0.5656153824776828	0.06095572320411162	0.049489117793653434	1.2316995315670929	0.13123076495536568	0.13123076495536568	negligible	61690271.0	2.8401220347200617e-27	0.10413351537712962	7.7197701463528045e-22	higher_in_active	1.5692185055143936e-26	True	False	False
molformer	molformer_0238	48152	48152	0	2383	45769	0.8103010278597491	0.7731434249749657	0.835375964641571	0.7870150208473206	0.5698495209217072	1.0787126421928406	0.5397390127182007	1.0193825960159302	0.04836094379425049	0.0	0.13515941784640711	0.5330729878930875	1	0.5330729878930875	0.05746466414575281	0.049489117793653434	1.1611575778205159	0.06614597578617509	0.06614597578617509	negligible	58140952.5	4.965121529936771e-08	0.0637517526183572	1.9063761647935766e-08	higher_in_active	9.752463772356625e-08	True	False	False
molformer	molformer_0239	48152	48152	0	2383	45769	0.2121078060450196	0.1301566150331751	0.20527632534503937	0.12162557989358902	-0.007350964704528451	0.4226687103509903	-0.10638005286455154	0.36205628514289856	0.08365074545145035	0.0	0.12008614960961823	0.5684780539674289	1	0.5684780539674289	0.05953918956311735	0.049489117793653434	1.2030763977520884	0.1369561079348578	0.1369561079348578	negligible	62002495.5	1.4772885626322568e-29	0.11231726194727054	2.4114987866170717e-25	higher_in_active	9.149658194367526e-29	True	False	False
molformer	molformer_0240	48152	48152	0	2383	45769	-0.17665937157721323	-0.12651553568653504	-0.1488603800535202	-0.08321838080883026	-0.38220255076885223	0.06880661472678185	-0.3101719319820404	0.1118418499827385	-0.06564199924468994	0.0	0.12911352268426077	0.4518559955980298	-1	0.5481440044019702	0.0567066354368163	0.049489117793653434	1.1458404991832052	-0.0962880088039404	0.0962880088039404	negligible	49282816.0	2.0674996344578244e-15	0.0842113711810849	2.015114182579938e-14	lower_in_active	5.969322252870711e-15	True	False	False
molformer	molformer_0241	48152	48152	0	2383	45769	0.0589988236568604	0.02174525723191861	0.04061812162399292	0.01278719212859869	-0.12814337015151978	0.2203310951590538	-0.13550840318202972	0.16755838692188263	0.02783092949539423	0.0	0.05788821367597391	0.5366705343928813	1	0.5366705343928813	0.06105106879001564	0.049489117793653434	1.2336261285677017	0.07334106878576252	0.07334106878576252	negligible	58533328.0	1.4879771426270184e-09	0.07339764841280394	4.672006283228678e-11	higher_in_active	3.1655580208796407e-09	True	False	False
molformer	molformer_0242	48152	48152	0	2383	45769	-0.19035086087002126	-0.15279190281832658	-0.19586989283561707	-0.1664050966501236	-0.36081962287425995	-0.018356433138251305	-0.3379998803138733	0.021652517840266228	-0.02946479618549347	0.0	0.07256277625909484	0.4651285253767604	-1	0.5348714746232395	0.05743060289720898	0.049489117793653434	1.160469320481077	-0.06974294924647917	0.06974294924647917	negligible	50730418.0	8.974029577435654e-09	0.052956724690383816	5.827827055178583e-06	lower_in_active	1.823294898272641e-08	True	False	False
molformer	molformer_0243	48152	48152	0	2383	45769	-0.3560480216603756	-0.4502695033175381	-0.35155346989631653	-0.44824206829071045	-0.6036720871925354	-0.1156868226826191	-0.6834609508514404	-0.22484003007411957	0.09668859839439392	0.0	0.11676845899488565	0.576276786765322	1	0.576276786765322	0.06626414039320457	0.049489117793653434	1.3389638641265573	0.15255357353064403	0.15255357353064403	small	62853084.0	2.886292539859428e-36	0.12036949366239869	4.6958996242736513e-29	higher_in_active	2.9555635608160544e-35	True	False	False
molformer	molformer_0244	48152	48152	0	2383	45769	0.18540990233325672	0.10713484832017023	0.20241610705852509	0.0997905284166336	-0.12085073068737984	0.49474944174289703	-0.19954122602939606	0.42050790786743164	0.10262557864189148	0.0	0.17565652651490118	0.5541862336348747	1	0.5541862336348747	0.058149774526822504	0.049489117793653434	1.17500123500443	0.10837246726974947	0.10837246726974947	negligible	60443722.0	4.13202694651803e-19	0.09390425621367582	7.819447394384297e-18	higher_in_active	1.4359261063012883e-18	True	False	False
molformer	molformer_0245	48152	48152	0	2383	45769	-0.1981189693192977	-0.23048856428152342	-0.19239670038223267	-0.22224242985248566	-0.4070144444704056	0.005172307835891843	-0.44200223684310913	-0.015023783780634403	0.02984572947025299	0.0	0.09926396350253897	0.5278403075921947	1	0.5278403075921947	0.05450739802777891	0.049489117793653434	1.101401691075791	0.05568061518438938	0.05568061518438938	negligible	57570237.0	4.4351644911618125e-06	0.04907178284146846	3.52591817799079e-05	higher_in_active	7.5693473982494934e-06	True	False	False
molformer	molformer_0246	48152	48152	0	2383	45769	0.4627213599821409	0.4680102935966438	0.46597355604171753	0.4676099419593811	0.21904884278774261	0.7134628593921661	0.21486110985279083	0.7214745283126831	-0.0016363859176635742	0.0	0.1452261274151359	0.49925647897013375	-1	0.5007435210298662	0.05062998371207328	0.049489117793653434	1.0230528643322503	-0.0014870420597324907	0.0014870420597324907	negligible	54452669.5	0.9024402194506269	0.011011508494182642	0.94358564577252	lower_in_active	0.9167646673784147	False	False	False
molformer	molformer_0247	48152	48152	0	2383	45769	0.21204747903883817	0.1339469288646958	0.21222400665283203	0.12766170501708984	-0.03346065804362297	0.46489378809928894	-0.11150090396404266	0.3819067180156708	0.08456230163574219	0.0	0.1312220181394305	0.5608877975201547	1	0.5608877975201547	0.06095446200010648	0.049489117793653434	1.231674047095731	0.12177559504030944	0.12177559504030944	negligible	61174645.0	1.0352043053226847e-23	0.09785717429900109	2.481648438626765e-19	higher_in_active	4.4917339349594456e-23	True	False	False
molformer	molformer_0248	48152	48152	0	2383	45769	-0.06309495377457525	-0.11747985433779674	-0.06522901356220245	-0.11333031952381134	-0.2530328929424286	0.12047683447599411	-0.30535829067230225	0.07185162603855133	0.04810130596160889	0.0	0.08063786249826403	0.5519940962812881	1	0.5519940962812881	0.05931400373995537	0.049489117793653434	1.1985261888738274	0.1039881925625763	0.1039881925625763	negligible	60204631.0	1.0172898954860234e-17	0.07719231591269138	3.478883804752634e-12	higher_in_active	3.296534344866101e-17	True	False	False
molformer	molformer_0249	48152	48152	0	2383	45769	-0.052327616863628634	-0.0012521861308319188	-0.06313252449035645	-0.008013532496988773	-0.24025170505046844	0.12424473091959953	-0.19035232067108154	0.18104875087738037	-0.05511899199336767	0.0	0.07861835014745895	0.44705270066314057	-1	0.5529472993368594	0.06027304097562277	0.049489117793653434	1.2179049387571077	-0.10589459867371886	0.10589459867371886	negligible	48758932.5	2.566621075428614e-18	0.08282445974960084	5.778892981610498e-14	lower_in_active	8.570282547518155e-18	True	False	False
molformer	molformer_0250	48152	48152	0	2383	45769	-0.27548490070526466	-0.25929702900381324	-0.307943195104599	-0.3034052550792694	-0.6056391000747681	0.03126400522887707	-0.65387362241745	0.11450854688882828	-0.00453794002532959	0.0	0.2818697306632308	0.49570465185297546	-1	0.5042953481470245	0.047510023020408285	0.049489117793653434	0.9600094957946704	-0.008590696294049072	0.008590696294049072	negligible	54065280.5	0.478852792337256	0.05514387430825307	1.9914345395194833e-06	lower_in_active	0.5216438929290959	False	False	False
molformer	molformer_0251	48152	48152	0	2383	45769	-0.16757278712044274	-0.20143569451435325	-0.1428717076778412	-0.1948271244764328	-0.41691599786281586	0.10073388740420341	-0.45395854115486145	0.057277414947748184	0.051955416798591614	0.0	0.13517146952144843	0.529082423405456	1	0.529082423405456	0.055947536150047154	0.049489117793653434	1.1305017879551282	0.05816484681091194	0.05816484681091194	negligible	57705711.5	1.6295643772643417e-06	0.057262598426752576	6.751426130667376e-07	higher_in_active	2.857318360134736e-06	True	False	False
molformer	molformer_0252	48152	48152	0	2383	45769	-0.32642346877149714	-0.44536807791835725	-0.33465737104415894	-0.445476233959198	-0.5883562862873077	-0.07492201402783394	-0.7143198251724243	-0.18613971769809723	0.11081886291503906	0.0	0.15047019098864994	0.5846043662473432	1	0.5846043662473432	0.06748948517260894	0.049489117793653434	1.3637237473904598	0.1692087324946865	0.1692087324946865	small	63761352.5	3.2246163364652233e-44	0.11920792886410642	1.6711747549658161e-28	higher_in_active	5.1593861383443564e-43	True	False	False
molformer	molformer_0253	48152	48152	0	2383	45769	0.04236155826760181	0.14505173294387827	0.025912826880812645	0.132347971200943	-0.19727542996406555	0.26800599694252014	-0.08123095333576202	0.36376580595970154	-0.10643514432013035	0.0	0.1132446856072637	0.4116712667373489	-1	0.5883287332626511	0.06958019031695056	0.049489117793653434	1.4059695023675214	-0.17665746652530223	0.17665746652530223	small	44899967.0	4.8819718039612024e-48	0.136552037161345	2.6740932914592327e-37	lower_in_active	9.86672196169001e-47	True	False	False
molformer	molformer_0254	48152	48152	0	2383	45769	-0.2651453746341156	-0.2077090838261296	-0.26027432084083557	-0.20838239789009094	-0.46125680208206177	-0.07208188250660896	-0.38749754428863525	-0.03300248831510544	-0.05189192295074463	0.0	0.07584633379517264	0.4435544962892576	-1	0.5564455037107425	0.06258744285421985	0.049489117793653434	1.2646708133933673	-0.11289100742148483	0.11289100742148483	negligible	48377392.0	1.3292612210267803e-20	0.08560616763594542	6.8619574224983135e-15	lower_in_active	4.979866428041792e-20	True	False	False
molformer	molformer_0255	48152	48152	0	2383	45769	-0.22487092287879523	-0.20483733362966516	-0.2196364849805832	-0.19369013607501984	-0.43089060485363007	-0.013242283370345831	-0.3902202844619751	-0.011216897517442703	-0.025946348905563354	0.0	0.08092072701190511	0.4782504878835292	-1	0.5217495121164707	0.055854148253364114	0.049489117793653434	1.128614748928237	-0.04349902423294161	0.04349902423294161	negligible	52161598.0	0.0003361522934662064	0.05706263056647465	7.490159489069029e-07	lower_in_active	0.0005062058066314638	True	False	False
molformer	molformer_0256	48152	48152	0	2383	45769	0.14104991988312818	0.20745100927399507	0.1342622935771942	0.20577868819236755	-0.11455167457461357	0.4057522118091583	-0.052762165665626526	0.46518608927726746	-0.07151639461517334	0.0	0.14503534623027572	0.4529014855173163	-1	0.5470985144826839	0.05996671554011742	0.049489117793653434	1.2117151853494477	-0.09419702896536741	0.09419702896536741	negligible	49396845.0	8.173293568614934e-15	0.08046140993001516	3.3406288457024117e-13	lower_in_active	2.282577985707734e-14	True	False	False
molformer	molformer_0257	48152	48152	0	2383	45769	0.771668124005028	0.8181108417274936	0.8254396319389343	0.8677992820739746	0.553088366985321	1.0385705828666687	0.6071324348449707	1.078012228012085	-0.04235965013504028	0.0	0.1410352484736057	0.46316992682890845	-1	0.5368300731710915	0.055384285284502566	0.049489117793653434	1.1191204804949086	-0.0736601463421831	0.0736601463421831	negligible	50516798.5	1.2635503285866032e-09	0.06153194433389875	6.743569021593487e-08	lower_in_active	2.7106331071355064e-09	True	False	False
molformer	molformer_0258	48152	48152	0	2383	45769	-0.0855592255459471	-0.08820470697303162	-0.08168161660432816	-0.07536491751670837	-0.3308251053094864	0.15258295089006424	-0.36163508892059326	0.19026529788970947	-0.0063166990876197815	0.0	0.1607713389245193	0.4995017811305101	-1	0.50049821886949	0.0480234046893682	0.049489117793653434	0.970383123207074	-0.0009964377389798384	0.0009964377389798384	negligible	54479424.0	0.9345371660892474	0.03213853010529888	0.018172074306508242	lower_in_active	0.9468661524492639	False	False	False
molformer	molformer_0259	48152	48152	0	2383	45769	-0.3611706638480032	-0.406675091762911	-0.39684250950813293	-0.4236217141151428	-0.5974654853343964	-0.1661762148141861	-0.653618335723877	-0.17580291628837585	0.026779204607009888	0.0	0.12698099988319755	0.5308443135416465	1	0.5308443135416465	0.05569640059057493	0.049489117793653434	1.1254272267047267	0.061688627083293035	0.061688627083293035	negligible	57897876.5	3.673819219644063e-07	0.06886381498317093	8.75968241708873e-10	higher_in_active	6.815200871223769e-07	True	False	False
molformer	molformer_0260	48152	48152	0	2383	45769	0.10677479650221251	0.14511895810102943	0.10678704082965851	0.15030311048030853	-0.08710435032844543	0.3072143942117691	-0.039700619876384735	0.33327728509902954	-0.043516069650650024	0.0	0.08251287420290279	0.46128054686707987	-1	0.5387194531329201	0.05599126786533246	0.049489117793653434	1.131385451217578	-0.07743890626584027	0.07743890626584027	negligible	50310728.5	1.73135766628254e-10	0.07515339556566636	1.4277682017023522e-11	lower_in_active	3.9573889515029485e-10	True	False	False
molformer	molformer_0261	48152	48152	0	2383	45769	0.6210070024304087	0.6254187404817548	0.6185003519058228	0.6266963481903076	0.40161266922950745	0.8381521105766296	0.42344674468040466	0.8290968537330627	-0.008195996284484863	0.0	0.10241178439615373	0.49513900228066965	-1	0.5048609977193304	0.05219729863665609	0.049489117793653434	1.0547227544910884	-0.009721995438660702	0.009721995438660702	negligible	54003586.5	0.42289760448509317	0.027778781488279308	0.059529619854116644	lower_in_active	0.46597612660624327	False	False	False
molformer	molformer_0262	48152	48152	0	2383	45769	-0.21779975313147115	-0.16842052836750424	-0.20655949413776398	-0.1638118028640747	-0.4006250351667404	-0.02602391317486763	-0.331136554479599	0.00028413874679245055	-0.04274769127368927	0.0	0.06683317017820015	0.4513337503288215	-1	0.5486662496711785	0.06439429905227931	0.049489117793653434	1.301180985298092	-0.09733249934235699	0.09733249934235699	negligible	49225856.0	1.0291847039578103e-15	0.08698484563604342	2.324913238139867e-15	lower_in_active	3.0517909368324257e-15	True	False	False
molformer	molformer_0263	48152	48152	0	2383	45769	-0.22526379764858925	-0.2055592922241591	-0.23029309511184692	-0.21723608672618866	-0.46589116752147675	-0.010638236999511719	-0.4230984151363373	-0.00596576789394021	-0.013057008385658264	0.0	0.0999194198360132	0.48369124569955635	-1	0.5163087543004437	0.05582200046410613	0.049489117793653434	1.1279651558319925	-0.0326175086008873	0.0326175086008873	negligible	52755008.0	0.007172419837798259	0.0425242061278239	0.0005370908101952487	lower_in_active	0.009646967487616571	True	False	False
molformer	molformer_0264	48152	48152	0	2383	45769	0.5919894439750986	0.6174855811901789	0.5884095430374146	0.6179473996162415	0.40547725558280945	0.7757079303264618	0.43238165974617004	0.8007768988609314	-0.029537856578826904	0.0	0.07941183146110813	0.4743222104962553	-1	0.5256777895037448	0.055020823347641884	0.049489117793653434	1.1117762005185279	-0.05135557900748944	0.05135557900748944	negligible	51733150.5	2.3023514553732308e-05	0.044264100716247146	0.00027055016782559597	lower_in_active	3.740516758645628e-05	True	False	False
molformer	molformer_0265	48152	48152	0	2383	45769	-0.7050689405531466	-0.7022928867694274	-0.7096783518791199	-0.70168137550354	-0.9310235381126404	-0.49517592787742615	-0.8993381857872009	-0.513570249080658	-0.007996976375579834	0.0	0.08743986841741785	0.496298096132683	-1	0.503701903867317	0.0550303938781363	0.049489117793653434	1.111969587083516	-0.007403807734634005	0.007403807734634005	negligible	54130006.0	0.5416557347628248	0.036741632548430325	0.004305532864312233	lower_in_active	0.5826212945348032	False	False	False
molformer	molformer_0266	48152	48152	0	2383	45769	-0.20695797352957024	-0.12399294680865043	-0.21470649540424347	-0.12828712165355682	-0.4121364504098892	-0.013851139228790998	-0.31086108088493347	0.0536540262401104	-0.08641937375068665	0.0	0.08469193347346188	0.4184944112650505	-1	0.5815055887349495	0.07176000399558287	0.049489117793653434	1.450015825596016	-0.16301117746989902	0.16301117746989902	small	45644150.5	3.652216184205969e-41	0.12934901329522208	1.6866545848219913e-33	lower_in_active	4.5982000483117775e-40	True	False	False
molformer	molformer_0267	48152	48152	0	2383	45769	-0.41812873324912525	-0.4467317299041818	-0.44501155614852905	-0.4505966305732727	-0.6584792137145996	-0.19793053716421127	-0.6850479245185852	-0.21717052161693573	0.005585074424743652	0.0	0.13013398510817586	0.5157928399715159	1	0.5157928399715159	0.05342161464708695	0.049489117793653434	1.079461849973366	0.03158567994303185	0.03158567994303185	negligible	56256249.5	0.009223014173481684	0.03449192535556436	0.008914639512504922	higher_in_active	0.012212542905575748	True	False	False
molformer	molformer_0268	48152	48152	0	2383	45769	-0.1757111553805089	-0.1600106334309962	-0.16697542369365692	-0.14406393468379974	-0.39544832706451416	0.05934988893568516	-0.38239702582359314	0.07096169143915176	-0.022911489009857178	0.0	0.12131543525656163	0.4850363710914616	-1	0.5149636289085384	0.051445021524312615	0.049489117793653434	1.0395218952743184	-0.029927257817076836	0.029927257817076836	negligible	52901717.5	0.013626261754266674	0.03568405837238797	0.00609673268068713	lower_in_active	0.017702326592757583	True	False	False
molformer	molformer_0269	48152	48152	0	2383	45769	0.194947019248942	0.17362250245516775	0.19563759863376617	0.1718551367521286	0.015384561382234097	0.37526264786720276	-0.004404120147228241	0.35135725140571594	0.023782461881637573	0.0	0.07615309761286788	0.5237423371669553	1	0.5237423371669553	0.05422963995565161	0.049489117793653434	1.095789183023305	0.04748467433391057	0.04748467433391057	negligible	57123281.5	9.068054196403325e-05	0.04115329395888845	0.0009042385410926015	higher_in_active	0.00014183840372378317	True	False	False
molformer	molformer_0270	48152	48152	0	2383	45769	0.2190764720914008	0.19849098849578384	0.2208884209394455	0.21533215045928955	0.0385705940425396	0.4079442769289017	0.01960415206849575	0.3934515714645386	0.005556270480155945	0.0	0.08391880169171355	0.516361276807899	1	0.516361276807899	0.05293021786739699	0.049489117793653434	1.0695324594002935	0.03272255361579801	0.03272255361579801	negligible	56318247.5	0.006988535794352395	0.028714926304325206	0.046816070509103525	higher_in_active	0.009416132438706386	True	False	False
molformer	molformer_0271	48152	48152	0	2383	45769	0.0884001643528711	0.05380501804382741	0.07033784687519073	0.04497332125902176	-0.15372198820114136	0.3109961897134781	-0.1575465053319931	0.25162550806999207	0.025364525616168976	0.0	0.0985915366082152	0.5257643918157235	1	0.5257643918157235	0.05872966685775879	0.049489117793653434	1.1867188076100716	0.051528783631447084	0.051528783631447084	negligible	57343822.0	2.1604550629936773e-05	0.05839945376225508	3.715487717915647e-07	higher_in_active	3.5302755071896686e-05	True	False	False
molformer	molformer_0272	48152	48152	0	2383	45769	0.047267004283394046	-0.0037482384007111306	0.04620812088251114	-0.026035593822598457	-0.18102605640888214	0.2662603110074997	-0.2560259699821472	0.23190875351428986	0.0722437147051096	0.0	0.1386292501716586	0.5472173491198713	1	0.5472173491198713	0.054257737382002735	0.049489117793653434	1.0963569326135945	0.0944346982397426	0.0944346982397426	negligible	59683643.0	7.0014080618596014e-15	0.08775703697765147	1.2584569162725436e-15	higher_in_active	1.9696268833363276e-14	True	False	False
molformer	molformer_0273	48152	48152	0	2383	45769	0.3837228305892052	0.4852629519401571	0.4034312665462494	0.510339617729187	0.11538301408290863	0.6504054665565491	0.23105062544345856	0.7606181502342224	-0.10690835118293762	0.0	0.16870758597775623	0.42401686617502565	-1	0.5759831338249743	0.06222744989781917	0.049489117793653434	1.2573966292403644	-0.1519662676499487	0.1519662676499487	small	46246471.0	5.319707464556174e-36	0.12470473452652875	3.683869147596616e-31	lower_in_active	5.305890042570314e-35	True	False	False
molformer	molformer_0274	48152	48152	0	2383	45769	0.5689871661786555	0.6502840208427789	0.586175799369812	0.6695929169654846	0.3389460891485214	0.8268240690231323	0.4257570505142212	0.8971994519233704	-0.08341711759567261	0.0	0.13242632921503839	0.43724203997033867	-1	0.5627579600296613	0.06330783380667761	0.049489117793653434	1.2792273661179774	-0.12551592005932266	0.12551592005932266	negligible	47688908.0	4.338483694995243e-25	0.0985555856602488	1.3289897076658985e-19	lower_in_active	2.044144464881194e-24	True	False	False
molformer	molformer_0275	48152	48152	0	2383	45769	-0.5127341702807592	-0.6263609785612647	-0.5293864011764526	-0.6270067691802979	-0.8091907203197479	-0.24167490750551224	-0.9314167499542236	-0.34076547622680664	0.09762036800384521	0.0	0.172854638929546	0.5722305320079367	1	0.5722305320079367	0.06763330610431573	0.049489117793653434	1.3666298596454094	0.14446106401587344	0.14446106401587344	negligible	62411769.0	1.0722036976498522e-32	0.09853969642128224	1.3480735931426242e-19	higher_in_active	9.048927909836116e-32	True	False	False
molformer	molformer_0276	48152	48152	0	2383	45769	-0.29376212346467234	-0.4076049808177654	-0.30904531478881836	-0.42774468660354614	-0.5540379881858826	-0.061263399198651314	-0.6234408020973206	-0.21300765872001648	0.11869937181472778	0.0	0.10411007740743247	0.592191244053787	1	0.592191244053787	0.07577502156297233	0.049489117793653434	1.5311451272766443	0.18438248810757396	0.18438248810757396	small	64588834.5	3.588072430067312e-52	0.15207499845485628	3.3560514528532783e-46	higher_in_active	8.283473563670315e-51	True	False	False
molformer	molformer_0277	48152	48152	0	2383	45769	0.11546600332087187	0.15668817700781004	0.11103563010692596	0.14920511841773987	-0.07757052034139633	0.3056660443544388	-0.019900860264897346	0.32220911979675293	-0.038169488310813904	0.0	0.07880087870031965	0.462652467585517	-1	0.537347532414483	0.06194653684492699	0.049489117793653434	1.251720370187547	-0.07469506482896604	0.07469506482896604	negligible	50460360.5	7.400734237841973e-10	0.0680480176285651	1.4551295094374384e-09	lower_in_active	1.6193059528953377e-09	True	False	False
molformer	molformer_0278	48152	48152	0	2383	45769	-0.48242754287650697	-0.5263116932650393	-0.4818078875541687	-0.5298213362693787	-0.6577433943748474	-0.31313902139663696	-0.7023836970329285	-0.35688769817352295	0.04801344871520996	0.0	0.06510966505336382	0.5472025738696725	1	0.5472025738696725	0.05958127119613413	0.049489117793653434	1.2039267186891525	0.09440514773934505	0.09440514773934505	negligible	59682031.5	7.137581246298352e-15	0.08049047449292585	3.270323888071084e-13	higher_in_active	2.000606714290925e-14	True	False	False
molformer	molformer_0279	48152	48152	0	2383	45769	-0.26492019311524967	-0.05004289288673378	-0.26560986042022705	-0.02160796895623207	-0.63949254155159	0.08166559040546417	-0.3538355827331543	0.2732268273830414	-0.24400189146399498	0.0	0.21754947389235985	0.370924134000031	-1	0.629075865999969	0.08095167848285852	0.049489117793653434	1.635747050904995	-0.258151731999938	0.258151731999938	small	40455778.0	1.7392608654453567e-100	0.1966309183850845	3.299276410955642e-77	lower_in_active	1.335752344662034e-97	True	True	True
molformer	molformer_0280	48152	48152	0	2383	45769	5.057485758532909	5.138786761880366	5.056916236877441	5.168604373931885	4.650152683258057	5.473199367523193	4.741860866546631	5.556527137756348	-0.11168813705444336	0.0	0.35791465378987164	0.4574527210101683	-1	0.5425472789898317	0.055968468487879536	0.049489117793653434	1.1309247564533678	-0.08509455797966337	0.08509455797966337	negligible	49893237.0	2.3072725544298704e-12	0.07553066642833117	1.1026405318506645e-11	lower_in_active	5.753199096760196e-12	True	False	False
molformer	molformer_0281	48152	48152	0	2383	45769	-0.2861729119803337	-0.2989180024767298	-0.285112589597702	-0.2863551378250122	-0.4962998032569885	-0.0821271575987339	-0.5117756724357605	-0.08057039976119995	0.0012425482273101807	0.0	0.10075029617425035	0.5075823805925296	1	0.5075823805925296	0.051033367795570314	0.049489117793653434	1.0312038296652546	0.015164761185059161	0.015164761185059161	negligible	55360755.0	0.21127643184117983	0.025441715571308393	0.10473979565428126	higher_in_active	0.24217955172242703	False	False	False
molformer	molformer_0282	48152	48152	0	2383	45769	0.22431207941069772	0.28403334931037044	0.23866719007492065	0.2909458577632904	0.0411622729152441	0.4120577424764633	0.1038510724902153	0.46606093645095825	-0.05227866768836975	0.0	0.08612407354077871	0.44435478490311786	-1	0.5556452150968821	0.06157752830989751	0.049489117793653434	1.2442640130835858	-0.11129043019376428	0.11129043019376428	negligible	48464677.5	4.5616627951550455e-20	0.08325613727356268	4.1711144129968074e-14	lower_in_active	1.6762473811861602e-19	True	False	False
molformer	molformer_0283	48152	48152	0	2383	45769	0.2744729028251888	0.2646678211777257	0.29536211490631104	0.29717838764190674	0.03289942815899849	0.5233151912689209	0.04653393104672432	0.517245888710022	-0.0018162727355957031	0.0	0.1337021952850939	0.5019373135690517	1	0.5019373135690517	0.05145725738013851	0.049489117793653434	1.039769138635514	0.0038746271381033814	0.0038746271381033814	negligible	54745061.5	0.7494284177560526	0.0203592770559472	0.3007320741770856	higher_in_active	0.7788376520117027	False	False	False
molformer	molformer_0284	48152	48152	0	2383	45769	-0.09645717884652442	-0.12399846640451216	-0.11681756377220154	-0.14647673070430756	-0.3123272657394409	0.11762270331382751	-0.3275587260723114	0.0543283186852932	0.029659166932106018	0.0	0.09114399096235198	0.5269633325416831	1	0.5269633325416831	0.0557894401974615	0.049489117793653434	1.1273072280269265	0.0539266650833663	0.0539266650833663	negligible	57474587.5	8.777306270087576e-06	0.061585855889076835	6.543274072566231e-08	higher_in_active	1.4654285250928823e-05	True	False	False
molformer	molformer_0285	48152	48152	0	2383	45769	-0.08642860291432365	-0.004737060249054054	-0.07554891705513	-0.004526885226368904	-0.36372312903404236	0.2013479843735695	-0.29459431767463684	0.28563475608825684	-0.0710220318287611	0.0	0.16140853012247364	0.44607151494321495	-1	0.553928485056785	0.06001023052492629	0.049489117793653434	1.2125944692556654	-0.1078569701135701	0.1078569701135701	negligible	48651917.0	6.062552772097609e-19	0.07050021405546308	3.1075581609932344e-10	lower_in_active	2.0973155535905243e-18	True	False	False
molformer	molformer_0286	48152	48152	0	2383	45769	0.381318010055007	0.3571132868809919	0.3955964148044586	0.35899439454078674	0.18501997739076614	0.5826565027236938	0.17356914281845093	0.5427713394165039	0.036602020263671875	0.0	0.07550127112802142	0.5279593531079145	1	0.5279593531079145	0.05452331891358385	0.049489117793653434	1.1017233958568566	0.05591870621582906	0.05591870621582906	negligible	57583221.0	4.0364039271993225e-06	0.057301904351420796	6.614741901089777e-07	higher_in_active	6.9350295661948095e-06	True	False	False
molformer	molformer_0287	48152	48152	0	2383	45769	-0.3531444410222667	-0.38763622386300156	-0.3574012219905853	-0.38872775435447693	-0.5502246022224426	-0.16148009151220322	-0.577010989189148	-0.2084140181541443	0.0313265323638916	0.0	0.08056941473384199	0.5337306905289968	1	0.5337306905289968	0.05687756182394288	0.049489117793653434	1.1492943168050764	0.0674613810579936	0.0674613810579936	negligible	58212686.5	2.6825368229166764e-08	0.05596763920392178	1.3140911157030233e-06	higher_in_active	5.351138389610409e-08	True	False	False
molformer	molformer_0288	48152	48152	0	2383	45769	0.03341101372221338	0.11203533429896881	0.06277524679899216	0.14094600081443787	-0.2611510455608368	0.33105799555778503	-0.1288021057844162	0.3730546534061432	-0.07817075401544571	0.0	0.12883270767210064	0.44345364133909443	-1	0.5565463586609056	0.06562179911733845	0.049489117793653434	1.3259844192606298	-0.11309271732181114	0.11309271732181114	negligible	48366392.0	1.1365609116126096e-20	0.10073169624539116	1.844973009709486e-20	lower_in_active	4.299895468563962e-20	True	False	False
molformer	molformer_0289	48152	48152	0	2383	45769	-0.5470420150822856	-0.6096624911542511	-0.5548263788223267	-0.6147392988204956	-0.7434073984622955	-0.349284827709198	-0.8269691467285156	-0.3941657841205597	0.059912919998168945	0.0	0.1055298517917466	0.5565879338219524	1	0.5565879338219524	0.057032713955634265	0.049489117793653434	1.1524293925269413	0.11317586764390475	0.11317586764390475	negligible	60705669.5	1.0654165171142122e-20	0.09862693595317329	1.2465343146353074e-19	higher_in_active	4.05069250071146e-20	True	False	False
molformer	molformer_0290	48152	48152	0	2383	45769	-0.07534833201569706	-0.11396162607249491	-0.08822708576917648	-0.1260330080986023	-0.3180757462978363	0.16055642068386078	-0.36077097058296204	0.12297651916742325	0.03780592232942581	0.0	0.13087837732114424	0.5307099701637134	1	0.5307099701637134	0.05431855889174199	0.049489117793653434	1.0975859201658247	0.0614199403274267	0.0614199403274267	negligible	57883224.0	4.127582402488757e-07	0.05424541256904086	3.111868510027983e-06	higher_in_active	7.620152127671552e-07	True	False	False
molformer	molformer_0291	48152	48152	0	2383	45769	-0.044332385992429946	-0.03318778229562533	-0.05647844821214676	-0.027314839884638786	-0.2863004505634308	0.20462468266487122	-0.2713173031806946	0.21270214021205902	-0.029163608327507973	0.0	0.1248998710521643	0.4870775927650766	-1	0.5129224072349233	0.05156605554936504	0.049489117793653434	1.0419675647557807	-0.025844814469846766	0.025844814469846766	negligible	53124348.5	0.03313504428353466	0.03286743633602329	0.01465341909025763	lower_in_active	0.04137839676382865	True	False	False
molformer	molformer_0292	48152	48152	0	2383	45769	-0.5217261709009254	-0.5560359340665425	-0.49769699573516846	-0.5419543385505676	-0.7426640093326569	-0.30210237205028534	-0.7518581748008728	-0.3485637307167053	0.04425734281539917	0.0	0.09508301806405521	0.5314431535611879	1	0.5314431535611879	0.057513182600520164	0.049489117793653434	1.1621379641545309	0.06288630712237575	0.06288630712237575	negligible	57963190.5	2.1734774843666558e-07	0.06333226937473335	2.4287783558714492e-08	higher_in_active	4.0712944097404676e-07	True	False	False
molformer	molformer_0293	48152	48152	0	2383	45769	0.30994949987127596	0.318886308892816	0.3123025894165039	0.3005903959274292	0.08343224227428436	0.5394435524940491	0.09183922410011292	0.5315494537353516	0.011712193489074707	0.0	0.10961132477916069	0.5004018886391364	1	0.5004018886391364	0.048816138543073054	0.049489117793653434	0.9864014700487006	0.0008037772782727437	0.0008037772782727437	negligible	54577596.5	0.9471737406196151	0.022501014440347578	0.1986149138868406	higher_in_active	0.9571439905208742	False	False	False
molformer	molformer_0294	48152	48152	0	2383	45769	0.19521162224623242	0.1702320289555283	0.20039008557796478	0.18454428017139435	-0.02344243135303259	0.42832450568675995	-0.04795430973172188	0.4047221839427948	0.015845805406570435	0.0	0.11329051389361687	0.5177423157306941	1	0.5177423157306941	0.05470467600373752	0.049489117793653434	1.1053879810876914	0.03548463146138814	0.03548463146138814	negligible	56468874.0	0.0034437420982777454	0.02960482454140545	0.036983526791108834	higher_in_active	0.004773996266204528	True	False	False
molformer	molformer_0295	48152	48152	0	2383	45769	-0.16115646175047307	-0.17140167450525554	-0.15837909281253815	-0.1744079738855362	-0.36031506955623627	0.021140874363482	-0.3651750981807709	0.015088316053152084	0.016028881072998047	0.0	0.0843421753541222	0.5111343177332699	1	0.5111343177332699	0.05195274223284567	0.049489117793653434	1.0497811347024695	0.022268635466539788	0.022268635466539788	negligible	55748156.0	0.06640929072012014	0.028791942811722482	0.045883575379764285	higher_in_active	0.08044532377453038	False	False	False
molformer	molformer_0296	48152	48152	0	2383	45769	-0.20964608672210783	-0.17754973624194517	-0.216195747256279	-0.18377584218978882	-0.44363030791282654	0.005138978827744722	-0.4012642502784729	0.037248704582452774	-0.03241990506649017	0.0	0.11273265850883604	0.47211071816086925	-1	0.5278892818391308	0.056536588652717865	0.049489117793653434	1.1424044552268864	-0.055778563678261506	0.055778563678261506	negligible	51491948.5	4.266749245372695e-06	0.051867665432626886	9.787428477010074e-06	lower_in_active	7.298136793866882e-06	True	False	False
molformer	molformer_0297	48152	48152	0	2383	45769	-0.4841394995749935	-0.545187614974604	-0.4961887001991272	-0.5598578453063965	-0.6953458786010742	-0.29490065574645996	-0.738261342048645	-0.37221193313598633	0.06366914510726929	0.0	0.08466861949219671	0.5584827324451943	1	0.5584827324451943	0.06226010986868108	0.049489117793653434	1.2580565717149523	0.11696546489038862	0.11696546489038862	negligible	60912330.5	5.328995901347597e-22	0.10135001043894576	1.044451324310486e-20	higher_in_active	2.1654332551507694e-21	True	False	False
molformer	molformer_0298	48152	48152	0	2383	45769	-0.1773466666194439	-0.07090413804654985	-0.18386250734329224	-0.07888409495353699	-0.35827408730983734	-0.0006594072619918734	-0.24182480573654175	0.0884479358792305	-0.10497841238975525	0.0	0.07740124034322686	0.39060945702014493	-1	0.609390542979855	0.07787250467910234	0.049489117793653434	1.573527841086083	-0.21878108595971013	0.21878108595971013	small	42602807.5	1.042527718044131e-72	0.17037495495795008	5.9584761846886564e-58	lower_in_active	7.278738976889933e-71	True	True	True
molformer	molformer_0299	48152	48152	0	2383	45769	-0.28369086882825006	-0.2655975319480562	-0.28365224599838257	-0.2683352828025818	-0.4936790019273758	-0.07793745025992393	-0.5046418309211731	-0.030581213533878326	-0.015316963195800781	0.0	0.12130375989957116	0.48600389096564	-1	0.5139961090343599	0.0498593144771631	0.049489117793653434	1.007480365381602	-0.027992218068719987	0.027992218068719987	negligible	53007242.5	0.02102928586062443	0.048365752347167446	4.818909126965109e-05	lower_in_active	0.02678356806129281	True	False	False
molformer	molformer_0300	48152	48152	0	2383	45769	-0.33649882096895484	-0.3605168039061408	-0.3386389911174774	-0.36678287386894226	-0.5510930418968201	-0.11495501920580864	-0.5933924913406372	-0.13642941415309906	0.028143882751464844	0.0	0.1181883691587446	0.521302623832298	1	0.521302623832298	0.051691400178015115	0.049489117793653434	1.0445003362869423	0.04260524766459595	0.04260524766459595	negligible	56857188.0	0.00044467791563552854	0.04313850446063566	0.00042292970657519587	higher_in_active	0.000664421477058533	True	False	False
molformer	molformer_0301	48152	48152	0	2383	45769	0.05419062833432208	0.023107291469748378	0.060772113502025604	0.022650791332125664	-0.17089203000068665	0.2849224805831909	-0.18496635556221008	0.2312336266040802	0.03812132216989994	0.0	0.09958172535958434	0.5297955825110071	1	0.5297955825110071	0.056546270757187114	0.049489117793653434	1.1426000963072067	0.059591165022014225	0.059591165022014225	negligible	57783494.0	9.004736474466915e-07	0.059987827541005845	1.5814861152733364e-07	higher_in_active	1.6195872628549392e-06	True	False	False
molformer	molformer_0302	48152	48152	0	2383	45769	0.24441579503207167	0.19913099677977256	0.2503047585487366	0.20132435858249664	0.031333799473941326	0.4577895849943161	-0.0028961540665477514	0.40098118782043457	0.04898039996623993	0.0	0.09498519348767945	0.5414131788281952	1	0.5414131788281952	0.05867217244656391	0.049489117793653434	1.1855570489496203	0.08282635765639035	0.08282635765639035	negligible	59050596.5	8.637407767059338e-12	0.07293426575996353	6.358366341738664e-11	higher_in_active	2.1058822746354195e-11	True	False	False
molformer	molformer_0303	48152	48152	0	2383	45769	-0.08132016852407091	-0.03481711667443741	-0.08154505491256714	-0.027101561427116394	-0.3033485561609268	0.1367272436618805	-0.2868800461292267	0.2170744091272354	-0.054443493485450745	0.0	0.14115767025038944	0.46077235252615567	-1	0.5392276474738443	0.05356884691314916	0.049489117793653434	1.0824368932278465	-0.07845529494768866	0.07845529494768866	negligible	50255301.0	9.980988642885225e-11	0.08146601691995825	1.5943865965345604e-13	lower_in_active	2.3088552041373053e-10	True	False	False
molformer	molformer_0304	48152	48152	0	2383	45769	0.16732500286460583	0.12251207906828003	0.18970732390880585	0.12279747426509857	-0.1247786283493042	0.46049556136131287	-0.18689166009426117	0.43094462156295776	0.06690984964370728	0.0	0.2136180856320288	0.5322665058684241	1	0.5322665058684241	0.0524282354660721	0.049489117793653434	1.0593891708612269	0.06453301173684811	0.06453301173684811	negligible	58052991.5	1.0399857698429497e-07	0.06270578593021547	3.476750059424099e-08	higher_in_active	2.016942099089357e-07	True	False	False
molformer	molformer_0305	48152	48152	0	2383	45769	0.1760669885771164	0.12352516834191567	0.1660597324371338	0.11239594221115112	-0.09866489470005035	0.4342164695262909	-0.1680472493171692	0.41715073585510254	0.053663790225982666	0.0	0.1896725171701166	0.5331713764812877	1	0.5331713764812877	0.0537986189715111	0.049489117793653434	1.087079773695427	0.0663427529625753	0.0663427529625753	negligible	58151683.5	4.531546604684677e-08	0.06383368351241708	1.8179602111179245e-08	higher_in_active	8.923661006148286e-08	True	False	False
molformer	molformer_0306	48152	48152	0	2383	45769	0.08740264088553262	0.14057144045476877	0.07681118696928024	0.14032895863056183	-0.19896244257688522	0.3931470960378647	-0.19476144015789032	0.4683823585510254	-0.06351777166128159	0.0	0.20803191214685512	0.47012222987324176	-1	0.5298777701267583	0.05492571169717206	0.049489117793653434	1.1098543305254842	-0.05975554025351648	0.05975554025351648	negligible	51275069.0	8.40255409822188e-07	0.06290210467502388	3.108297230416199e-08	lower_in_active	1.518390952337507e-06	True	False	False
molformer	molformer_0307	48152	48152	0	2383	45769	-0.16393260226979797	-0.21017613735663995	-0.17021436989307404	-0.22547459602355957	-0.4206366539001465	0.07492531463503838	-0.4399239122867584	0.006308946758508682	0.055260226130485535	0.0	0.12731083476013552	0.5370357393360536	1	0.5370357393360536	0.05938166355472879	0.049489117793653434	1.1998933543798995	0.07407147867210728	0.07407147867210728	negligible	58573160.0	1.0224136786479903e-09	0.07799033529017307	1.9812617790974014e-12	higher_in_active	2.1994781658309707e-09	True	False	False
molformer	molformer_0308	48152	48152	0	2383	45769	0.5278873786094657	0.4707972993527231	0.5218253135681152	0.4758824408054352	0.26242296397686005	0.7823845744132996	0.1981564313173294	0.7491604089736938	0.045942872762680054	0.0	0.14810088483588035	0.5381464228119888	1	0.5381464228119888	0.05900104340514104	0.049489117793653434	1.1922023676224722	0.07629284562397753	0.07629284562397753	negligible	58694299.5	3.195516678457054e-10	0.061810285659085334	5.769781452644375e-08	higher_in_active	7.134176770508772e-10	True	False	False
molformer	molformer_0309	48152	48152	0	2383	45769	-0.09716830230199054	-0.02867062352714341	-0.11153821647167206	-0.04244406893849373	-0.30212579667568207	0.09272180870175362	-0.24379058182239532	0.16158317029476166	-0.06909414753317833	0.0	0.10228012392801743	0.4370958965632365	-1	0.5629041034367636	0.06144957275800128	0.049489117793653434	1.2416784840299109	-0.125808206873527	0.125808206873527	negligible	47672968.5	3.3725263955741803e-25	0.10285384943219628	2.5794752446942027e-21	lower_in_active	1.598827328272204e-24	True	False	False
molformer	molformer_0310	48152	48152	0	2383	45769	-0.29895099272188386	-0.3570928603468809	-0.3080828785896301	-0.3698197901248932	-0.49572785198688507	-0.12116904184222221	-0.5463553667068481	-0.18428920209407806	0.06173691153526306	0.0	0.08185336776738705	0.5579698025059283	1	0.5579698025059283	0.060695203959744155	0.049489117793653434	1.2264353592402855	0.11593960501185663	0.11593960501185663	negligible	60856386.5	1.2104237195961237e-21	0.09321027330160325	1.4119637470181344e-17	higher_in_active	4.86704406622944e-21	True	False	False
molformer	molformer_0311	48152	48152	0	2383	45769	0.2707583864007649	0.3472027351364206	0.27592387795448303	0.35217779874801636	0.0714164450764656	0.48792991042137146	0.14837773144245148	0.5554115176200867	-0.07625392079353333	0.0	0.0946525128793252	0.4305778978558852	-1	0.5694221021441148	0.06388852270642861	0.049489117793653434	1.2909610345614564	-0.13884420428822963	0.13884420428822963	negligible	46962066.5	2.4845311214226954e-30	0.10585910689989325	1.4816743368852269e-22	lower_in_active	1.7190269380654325e-29	True	False	False
molformer	molformer_0312	48152	48152	0	2383	45769	-0.043310850190545994	-0.14316949647887053	-0.05015205219388008	-0.15693411231040955	-0.2417423129081726	0.14408858865499496	-0.32737451791763306	0.02929461933672428	0.10678206011652946	0.0	0.07244663525777924	0.6013885920416991	1	0.6013885920416991	0.07607810539227004	0.049489117793653434	1.537269379290217	0.2027771840833983	0.2027771840833983	small	65591966.5	1.0130507284499456e-62	0.15804388780172857	6.966772604811346e-50	higher_in_active	3.704871235474086e-61	True	True	True
molformer	molformer_0313	48152	48152	0	2383	45769	0.16006565968338915	0.15252928840475868	0.17142356932163239	0.16884541511535645	-0.05470932461321354	0.3791812062263489	-0.053784117102622986	0.3716733455657959	0.00257815420627594	0.0	0.10238894672259309	0.5037281078170958	1	0.5037281078170958	0.05114906409840674	0.049489117793653434	1.0335416426632318	0.007456215634191521	0.007456215634191521	negligible	54940379.0	0.5387982967637847	0.017495619938279083	0.4866284623714433	higher_in_active	0.5803605777203179	False	False	False
molformer	molformer_0314	48152	48152	0	2383	45769	0.5038270519993007	0.5755672990644266	0.5280807018280029	0.5991446375846863	0.30569809675216675	0.7204827666282654	0.39357560873031616	0.7834206223487854	-0.07106393575668335	0.0	0.09360226317049819	0.4319685409205253	-1	0.5680314590794747	0.061706186210961494	0.049489117793653434	1.2468637341293403	-0.13606291815894944	0.13606291815894944	negligible	47113740.5	3.404732030424282e-29	0.10152977980329558	8.846253990263397e-21	lower_in_active	2.0270032553223635e-28	True	False	False
molformer	molformer_0315	48152	48152	0	2383	45769	-0.061701311281199954	-0.08363399851228798	-0.06876028329133987	-0.0910249575972557	-0.29148852825164795	0.17955225706100464	-0.3312046229839325	0.16165198385715485	0.022264674305915833	0.0	0.12971642382107904	0.5190030988783674	1	0.5190030988783674	0.051944061978424404	0.049489117793653434	1.0496057374675165	0.03800619775673475	0.03800619775673475	negligible	56606384.5	0.0017306937993580968	0.03775439045207288	0.0030565140843692466	higher_in_active	0.0024568814009371873	True	False	False
molformer	molformer_0316	48152	48152	0	2383	45769	0.20882161397687352	0.2735828664503749	0.20787033438682556	0.2785363495349884	-0.006219212198629975	0.43074052035808563	0.05299123376607895	0.49453669786453247	-0.07066601514816284	0.0	0.10845692386438836	0.44385113361926687	-1	0.5561488663807331	0.058414143094158405	0.049489117793653434	1.1803431885312277	-0.11229773276146626	0.11229773276146626	negligible	48409745.5	2.1036681482706562e-20	0.08436517498008367	1.7909724231709052e-14	lower_in_active	7.804913709525913e-20	True	False	False
molformer	molformer_0317	48152	48152	0	2383	45769	0.22577148776146347	0.34661292300607877	0.19692617654800415	0.3221561312675476	-0.08202147483825684	0.5179528594017029	-0.01917555183172226	0.6980867981910706	-0.12522995471954346	0.0	0.2241726294292786	0.42907117532792327	-1	0.5709288246720767	0.06185173716513518	0.049489117793653434	1.2498048040182916	-0.14185764934415346	0.14185764934415346	negligible	46797732.0	1.3738338758478725e-31	0.11564652052668256	7.57917206813053e-27	lower_in_active	1.0657620370213799e-30	True	False	False
molformer	molformer_0318	48152	48152	0	2383	45769	-0.011077101928505301	0.08258928652192145	-0.00014349764387588948	0.09586790949106216	-0.23333251476287842	0.2232753336429596	-0.1162940114736557	0.2956668436527252	-0.09601140713493805	0.0	0.09139332184603818	0.4176147177152004	-1	0.5823852822847996	0.07217161404681563	0.049489117793653434	1.4583330086371238	-0.16477056456959915	0.16477056456959915	small	45548204.5	5.0934728581390736e-42	0.12854265046277247	4.359193890035467e-33	lower_in_active	6.744460612156567e-41	True	False	False
molformer	molformer_0319	48152	48152	0	2383	45769	-0.43232809348597395	-0.4491126608449726	-0.4306314289569855	-0.4558694660663605	-0.6025643646717072	-0.2641700357198715	-0.6381334662437439	-0.2652113735675812	0.025238037109375	0.0	0.07859310008586552	0.5190605082665898	1	0.5190605082665898	0.05119313380977795	0.049489117793653434	1.034432135630897	0.038121016533179564	0.038121016533179564	negligible	56612646.0	0.001675706476791764	0.04704011488222337	8.558139747505179e-05	higher_in_active	0.002387648560623515	True	False	False
molformer	molformer_0320	48152	48152	0	2383	45769	-0.020652706622289282	-0.032109055389028966	-0.023947563022375107	-0.019726259633898735	-0.24271535128355026	0.20766301453113556	-0.25517508387565613	0.21421939134597778	-0.004221303388476372	0.0	0.13602623535502745	0.5034962056121435	1	0.5034962056121435	0.05021856269473861	0.049489117793653434	1.0147395009975044	0.006992411224286954	0.006992411224286954	negligible	54915086.0	0.5643456468409878	0.020037329717762842	0.318838988763703	higher_in_active	0.6044873874112672	False	False	False
molformer	molformer_0321	48152	48152	0	2383	45769	0.2505463724527023	0.19538676685692236	0.2507129907608032	0.19191138446331024	0.04788814298808575	0.45580556988716125	-0.018101384863257408	0.40808144211769104	0.05880160629749298	0.0	0.10016841428209364	0.5508243255575054	1	0.5508243255575054	0.05849802048617128	0.049489117793653434	1.1820380539026938	0.10164865111501076	0.10164865111501076	negligible	60077047.0	5.3326142445258e-17	0.08246239964714702	7.586330540825542e-14	higher_in_active	1.6784621884409076e-16	True	False	False
molformer	molformer_0322	48152	48152	0	2383	45769	0.01797729572864051	-0.053023553553582896	0.009905384853482246	-0.04334328696131706	-0.2796926349401474	0.31750398874282837	-0.38991647958755493	0.28598639369010925	0.05324867181479931	0.0	0.24053455137149385	0.5384733257956789	1	0.5384733257956789	0.05428449726699721	0.049489117793653434	1.0968976552246956	0.07694665159135772	0.07694665159135772	negligible	58729954.0	2.255119815684846e-10	0.07678521949067388	4.625873223856645e-12	higher_in_active	5.108944007215227e-10	True	False	False
molformer	molformer_0323	48152	48152	0	2383	45769	0.33302793528112684	0.37403037787738014	0.3076234459877014	0.34660038352012634	0.10874639824032784	0.5260800719261169	0.1460326910018921	0.5644544363021851	-0.03897693753242493	0.0	0.1165939596132503	0.4640354594268925	-1	0.5359645405731075	0.058461945606848094	0.049489117793653434	1.1813091082085394	-0.07192908114621499	0.07192908114621499	negligible	50611200.0	3.042865314281357e-09	0.06243720919793111	4.0502718284113854e-08	lower_in_active	6.350327612413266e-09	True	False	False
molformer	molformer_0324	48152	48152	0	2383	45769	-0.6104330113970473	-0.47585583601960896	-0.593951940536499	-0.4955260753631592	-0.8926220238208771	-0.3056826591491699	-0.8149689435958862	-0.1262774020433426	-0.09842586517333984	0.0	0.24291307592023173	0.42804214310277705	-1	0.571957856897223	0.061967122654760606	0.049489117793653434	1.2521363365807943	-0.1439157137944459	0.1439157137944459	negligible	46685498.0	1.8363202300237234e-32	0.11678638317342616	2.2643440294059766e-27	lower_in_active	1.516445093180881e-31	True	False	False
molformer	molformer_0325	48152	48152	0	2383	45769	0.4388186002543171	0.46352428063474993	0.4593634605407715	0.47576141357421875	0.21639514714479446	0.6855582892894745	0.23971326649188995	0.6947640180587769	-0.016397953033447266	0.0	0.10997067374745266	0.4854252861165542	-1	0.5145747138834458	0.0562135489152516	0.049489117793653434	1.135876964904404	-0.029149427766891556	0.029149427766891556	negligible	52944135.5	0.016267877926198784	0.023826926964246653	0.1503156328948999	lower_in_active	0.021033215904580245	True	False	False
molformer	molformer_0326	48152	48152	0	2383	45769	-0.2389441537708396	-0.23247798809748568	-0.24315497279167175	-0.2078520655632019	-0.4271606057882309	-0.040195079520344734	-0.430245041847229	-0.013906195759773254	-0.03530290722846985	0.0	0.09445411477740678	0.48481230348241044	-1	0.5151876965175894	0.04960109039411106	0.049489117793653434	1.0022625701457135	-0.03037539303517911	0.03037539303517911	negligible	52877279.0	0.012282978280803457	0.05300011065621757	5.707417456898478e-06	lower_in_active	0.016043073672886148	True	False	False
molformer	molformer_0327	48152	48152	0	2383	45769	-0.08499138286004132	-0.1250947225902369	-0.07854003459215164	-0.10666853934526443	-0.272695854306221	0.12025434523820877	-0.30338817834854126	0.07023398578166962	0.028128504753112793	0.0	0.08464240482603691	0.5361086072850996	1	0.5361086072850996	0.061506754006919545	0.049489117793653434	1.2428339147885816	0.07221721457019914	0.07221721457019914	negligible	58472040.0	2.6323861818652693e-09	0.060940943494574684	9.368838055770951e-08	higher_in_active	5.520924491407709e-09	True	False	False
molformer	molformer_0328	48152	48152	0	2383	45769	-0.10034124977435574	-0.0565169807155534	-0.09804757684469223	-0.05381568521261215	-0.3260285258293152	0.12695187330245972	-0.2755643129348755	0.1669059693813324	-0.04423189163208008	0.0	0.1119712827622595	0.46318894257133014	-1	0.5368110574286697	0.057275845488590896	0.049489117793653434	1.157342220716168	-0.07362211485733972	0.07362211485733972	negligible	50518872.5	1.288460229801119e-09	0.05772808986491462	5.294301294110102e-07	lower_in_active	2.74925841803316e-09	True	False	False
molformer	molformer_0329	48152	48152	0	2383	45769	-0.011440856768123855	-0.03183061433847151	-0.016792118549346924	-0.030406257137656212	-0.2318919524550438	0.21185815334320068	-0.23412667214870453	0.17340455949306488	0.013614138588309288	0.0	0.10188391374687553	0.5162930759400092	1	0.5162930759400092	0.05609616347985089	0.049489117793653434	1.1335050205127066	0.032586151880018344	0.032586151880018344	negligible	56310809.0	0.0072281461065804515	0.0428407989850178	0.0004750599329336819	higher_in_active	0.00968798640463139	True	False	False
molformer	molformer_0330	48152	48152	0	2383	45769	-0.5210569864219079	-0.5694314983933392	-0.5162363052368164	-0.5649142265319824	-0.6895949840545654	-0.3544786423444748	-0.7347912788391113	-0.39836442470550537	0.048677921295166016	0.0	0.06921856220502715	0.5523533278608215	1	0.5523533278608215	0.05964710885387963	0.049489117793653434	1.205257064847676	0.10470665572164295	0.10470665572164295	negligible	60243811.5	6.071419059743892e-18	0.0881521224919678	9.173481040433777e-16	higher_in_active	2.0012231063876863e-17	True	False	False
molformer	molformer_0331	48152	48152	0	2383	45769	0.02961202512036349	0.07840049712495288	0.03028859756886959	0.086859792470932	-0.1733531951904297	0.23573796451091766	-0.1354420930147171	0.2994602620601654	-0.056571194902062416	0.0	0.09971938418916278	0.45244942612478967	-1	0.5475505738752103	0.05600725488350061	0.049489117793653434	1.1317084922997571	-0.09510114775042067	0.09510114775042067	negligible	49347540.0	4.527318034542178e-15	0.08377587950628052	2.8105545404001368e-14	lower_in_active	1.2830185426304032e-14	True	False	False
molformer	molformer_0332	48152	48152	0	2383	45769	-0.38463415033565773	-0.4207879262327199	-0.4152141809463501	-0.43965697288513184	-0.6713443696498871	-0.1359500288963318	-0.6924684047698975	-0.1686510145664215	0.02444279193878174	0.0	0.14615469828942249	0.5226602781596029	1	0.5226602781596029	0.054994967522720845	0.049489117793653434	1.1112537457633462	0.04532055631920584	0.04532055631920584	negligible	57005264.0	0.00018706681970664604	0.03709030644840783	0.0038304868109057455	higher_in_active	0.0002844897376924835	True	False	False
molformer	molformer_0333	48152	48152	0	2383	45769	0.17171067599983592	0.22070555896328864	0.18597888946533203	0.23320311307907104	-0.028377927839756012	0.3844335079193115	0.015148499049246311	0.43866097927093506	-0.047224223613739014	0.0	0.10597641036891522	0.456323769035306	-1	0.543676230964694	0.05723286210515094	0.049489117793653434	1.1564736785930456	-0.08735246192938795	0.08735246192938795	negligible	49770105.0	5.992555137365869e-13	0.06976935490615821	4.951564632612006e-10	lower_in_active	1.5289974569757433e-12	True	False	False
molformer	molformer_0334	48152	48152	0	2383	45769	0.18990272484244713	0.17468683067549606	0.19370560348033905	0.19185234606266022	-0.015594220720231533	0.40211062133312225	-0.045938003808259964	0.4157258868217468	0.001853257417678833	0.0	0.12853012552591978	0.5065591291897541	1	0.5065591291897541	0.049895274518473275	0.049489117793653434	1.0082069906057596	0.013118258379508196	0.013118258379508196	negligible	55249151.5	0.27953450311138606	0.03106456241553915	0.02473440050813147	higher_in_active	0.31617451898312887	False	False	False
molformer	molformer_0335	48152	48152	0	2383	45769	-0.02105166435728538	-0.05286434098414991	-0.01913011260330677	-0.062405772507190704	-0.22503066062927246	0.1803010255098343	-0.25393444299697876	0.1385255753993988	0.043275659903883934	0.0	0.08581873816292872	0.5343590627116721	1	0.5343590627116721	0.056353326724345856	0.049489117793653434	1.1387013799541341	0.06871812542334421	0.06871812542334421	negligible	58281221.5	1.4738265781419616e-08	0.06628036959158334	4.2800481715921385e-09	higher_in_active	2.98654040108978e-08	True	False	False
molformer	molformer_0336	48152	48152	0	2383	45769	0.19261618214457876	0.24437665227551808	0.20830364525318146	0.2546425759792328	-0.03707308880984783	0.43328244984149933	0.009012275375425816	0.496878057718277	-0.04633893072605133	0.0	0.12091522189675773	0.45895133388327397	-1	0.541048666116726	0.05751393038633158	0.049489117793653434	1.162153074260444	-0.08209733223345206	0.08209733223345206	negligible	50056687.0	1.3106308682738333e-11	0.06285241069048897	3.197804550140246e-08	lower_in_active	3.1652971913028426e-11	True	False	False
molformer	molformer_0337	48152	48152	0	2383	45769	-0.06539486299322249	-0.05886727441911913	-0.08305035531520844	-0.07834327220916748	-0.2820099890232086	0.15180359780788422	-0.3110787570476532	0.17393842339515686	-0.004707083106040955	0.0	0.13465632841489608	0.4978760726829352	-1	0.5021239273170648	0.0480838753544781	0.049489117793653434	0.9716050214304781	-0.0042478546341295775	0.0042478546341295775	negligible	54302112.0	0.7262193132684267	0.03510526098203359	0.007343611420896588	lower_in_active	0.7567658515470173	False	False	False
molformer	molformer_0338	48152	48152	0	2383	45769	0.2950989554092795	0.35679606444313683	0.3079509139060974	0.364907830953598	0.11369100213050842	0.4911748319864273	0.19261062145233154	0.5275517702102661	-0.05695691704750061	0.0	0.06766630338206191	0.43961190666769223	-1	0.5603880933323078	0.06673669840457991	0.049489117793653434	1.348512589835221	-0.12077618666461554	0.12077618666461554	negligible	47947383.5	2.3780287774117194e-23	0.0962504449193205	1.0263899366797345e-18	lower_in_active	1.0146256116956669e-22	True	False	False
molformer	molformer_0339	48152	48152	0	2383	45769	-0.09067470883668644	-0.1708224690041363	-0.10088080167770386	-0.17967280745506287	-0.29230691492557526	0.12289298325777054	-0.35242557525634766	0.0052886782214045525	0.07879200577735901	0.0	0.07812653256001946	0.5800354903068445	1	0.5800354903068445	0.07075190720496968	0.049489117793653434	1.4296457556582878	0.16007098061368907	0.16007098061368907	small	63263036.5	9.375972382739701e-40	0.12888559396785443	2.91301026706718e-33	higher_in_active	1.107807198452937e-38	True	False	False
molformer	molformer_0340	48152	48152	0	2383	45769	6.967133945344227	6.7056954289288	7.079780101776123	6.793262958526611	6.100321292877197	7.9366631507873535	5.736915588378906	7.727251052856445	0.2865171432495117	0.0	1.890486674694268	0.5553570083238433	1	0.5553570083238433	0.05711226460005242	0.049489117793653434	1.1540368296356374	0.11071401664768654	0.11071401664768654	negligible	60571415.5	7.081830526871649e-20	0.08542552725157143	7.897238283799803e-15	higher_in_active	2.5654933229421825e-19	True	False	False
molformer	molformer_0341	48152	48152	0	2383	45769	-0.2066134493000013	-0.29172903940668843	-0.19753432273864746	-0.3043358325958252	-0.4503871500492096	0.03226782754063606	-0.5383139252662659	-0.05530041828751564	0.10680150985717773	0.0	0.11795408295701183	0.5732806108274555	1	0.5732806108274555	0.06226628334931969	0.049489117793653434	1.2581813159196145	0.14656122165491103	0.14656122165491103	negligible	62526298.5	1.3251375515554237e-33	0.11720501373428965	1.4485697817093306e-27	higher_in_active	1.1973007524641945e-32	True	False	False
molformer	molformer_0342	48152	48152	0	2383	45769	-0.20501490845990422	-0.15325419020900127	-0.19968853890895844	-0.15707291662693024	-0.393140971660614	-0.013114867266267538	-0.34395745396614075	0.03730100020766258	-0.0426156222820282	0.0	0.08216945760110357	0.45205311659812364	-1	0.5479468834018764	0.060748974283588386	0.049489117793653434	1.2275218672695543	-0.09589376680375272	0.09589376680375272	negligible	49304315.5	2.685156624093322e-15	0.06832972384163438	1.2220464045646416e-09	lower_in_active	7.69477719143161e-15	True	False	False
molformer	molformer_0343	48152	48152	0	2383	45769	0.5763848873248024	0.49598726365352364	0.5551474690437317	0.48229867219924927	0.30435267090797424	0.8264769017696381	0.22167819738388062	0.7617374062538147	0.07284879684448242	0.0	0.1488354058662031	0.5569043845653529	1	0.5569043845653529	0.06009745348069611	0.049489117793653434	1.2143569366355347	0.1138087691307057	0.1138087691307057	negligible	60740184.0	6.503948718420794e-21	0.08655974202110589	3.2519616612037885e-15	higher_in_active	2.4975163078735848e-20	True	False	False
molformer	molformer_0344	48152	48152	0	2383	45769	-0.31337176205042877	-0.3290530122722426	-0.3311481475830078	-0.33421966433525085	-0.5083372592926025	-0.1294323205947876	-0.5135164260864258	-0.15156900882720947	0.003071516752243042	0.0	0.07246998953786399	0.5113916491386112	1	0.5113916491386112	0.055473306724779	0.049489117793653434	1.120919288884414	0.022783298277222475	0.022783298277222475	negligible	55776222.5	0.06037080215262539	0.03487467906006514	0.007901983797626874	higher_in_active	0.07359488262415287	False	False	False
molformer	molformer_0345	48152	48152	0	2383	45769	0.278155940718462	0.28646519709941426	0.28648141026496887	0.3002029359340668	0.1264539211988449	0.4368821978569031	0.13973483443260193	0.4466918110847473	-0.0137215256690979	0.0	0.059572352302170326	0.4869415211000429	-1	0.513058478899957	0.05177768337270115	0.049489117793653434	1.0462438144197674	-0.026116957799914187	0.026116957799914187	negligible	53109507.5	0.03132838454561268	0.03043339380015464	0.02950341703098469	lower_in_active	0.03931405119449435	True	False	False
molformer	molformer_0346	48152	48152	0	2383	45769	-1.441288328552724	-1.145943049515886	-1.436763882637024	-1.06284499168396	-2.1791988611221313	-0.7387634515762329	-1.7334645986557007	-0.5135164260864258	-0.37391889095306396	0.0	0.696114549816713	0.404111028390696	-1	0.595888971609304	0.07557117315738596	0.049489117793653434	1.5270260721252407	-0.19177794321860797	0.19177794321860797	small	44075390.5	2.7113231401358725e-56	0.15528497313412087	3.658285103696647e-48	lower_in_active	8.008831429324424e-55	True	False	False
molformer	molformer_0347	48152	48152	0	2383	45769	-0.20288096521128707	-0.31248723927224403	-0.20911508798599243	-0.3121298551559448	-0.4342038929462433	0.037227654829621315	-0.5367686152458191	-0.09301275759935379	0.10301476716995239	0.0	0.11965617840152062	0.5901926015064044	1	0.5901926015064044	0.07020153086678729	0.049489117793653434	1.418524596851675	0.1803852030128088	0.1803852030128088	small	64370847.5	5.196813167294383e-50	0.13737256552997668	9.572997729671005e-38	higher_in_active	1.1086534756894683e-48	True	False	False
molformer	molformer_0348	48152	48152	0	2383	45769	-0.3127342961630367	-0.2958606729968277	-0.31892234086990356	-0.29899153113365173	-0.5566173195838928	-0.0805385373532772	-0.5491452813148499	-0.05415220186114311	-0.01993080973625183	0.0	0.12705071453406108	0.4861921367301195	-1	0.5138078632698805	0.051136289787178525	0.049489117793653434	1.0332835190231726	-0.027615726539760965	0.027615726539760965	negligible	53027774.0	0.02282068867164886	0.03217686415499271	0.017969714974777416	lower_in_active	0.028921268811594597	True	False	False
molformer	molformer_0349	48152	48152	0	2383	45769	0.2560313209226693	0.18670663073760013	0.25503039360046387	0.21775691211223602	0.018308774568140507	0.5096914172172546	-0.06892826408147812	0.4734060764312744	0.037273481488227844	0.0	0.16754012832131165	0.5416075079798958	1	0.5416075079798958	0.05677424761205627	0.049489117793653434	1.1472067020628338	0.08321501595979153	0.08321501595979153	negligible	59071791.5	6.905708543940117e-12	0.07413358698414424	2.852253587684744e-11	higher_in_active	1.6944358344236453e-11	True	False	False
molformer	molformer_0350	48152	48152	0	2383	45769	-0.08939738386339875	-0.019434414268211186	-0.08659232407808304	-0.007576161064207554	-0.29831908643245697	0.12873007357120514	-0.21429450809955597	0.18455417454242706	-0.07901616301387548	0.0	0.09625064570048592	0.43463021307891214	-1	0.565369786921088	0.06269795612829268	0.049489117793653434	1.2669038957152954	-0.13073957384217572	0.13073957384217572	negligible	47404042.5	4.413733748120338e-27	0.10786708311448195	2.0971037852258103e-23	lower_in_active	2.4212482275402996e-26	True	False	False
molformer	molformer_0351	48152	48152	0	2383	45769	0.17261487637180248	0.25001813074980384	0.1677313596010208	0.2520630955696106	-0.042225057259202003	0.38896098732948303	0.044480934739112854	0.45716601610183716	-0.08433173596858978	0.0	0.09888194127658652	0.43023176825124126	-1	0.5697682317487587	0.06477907120824358	0.049489117793653434	1.3089558694164267	-0.13953646349751747	0.13953646349751747	negligible	46924315.0	1.2845903412316967e-30	0.11147736025957566	5.680279306248764e-25	lower_in_active	9.051058551063697e-30	True	False	False
molformer	molformer_0352	48152	48152	0	2383	45769	-0.2441441020733234	-0.24525657118194355	-0.24528321623802185	-0.2495386004447937	-0.44050340354442596	-0.04034004919230938	-0.4410792589187622	-0.0540972463786602	0.004255384206771851	0.0	0.09126505665306155	0.5021462529355781	1	0.5021462529355781	0.05117426406558954	0.049489117793653434	1.034050844853658	0.00429250587115626	0.00429250587115626	negligible	54767850.0	0.7234589597683032	0.018387040168243655	0.423006405885228	higher_in_active	0.7549136971495338	False	False	False
molformer	molformer_0353	48152	48152	0	2383	45769	-0.9876062481340132	-1.077660700249327	-1.00424325466156	-1.0951007604599	-1.254122793674469	-0.7623089253902435	-1.3627679347991943	-0.8116323947906494	0.09085750579833984	0.0	0.16933105915927454	0.5633519819331743	1	0.5633519819331743	0.05898683710255395	0.049489117793653434	1.1919153085028023	0.12670396386634852	0.12670396386634852	negligible	61443407.5	1.5530284190736714e-25	0.10955657773371902	3.932643401415346e-24	higher_in_active	7.59697978247503e-25	True	False	False
molformer	molformer_0354	48152	48152	0	2383	45769	0.1125131761795082	0.08326348799568735	0.10160177201032639	0.08142225444316864	-0.08554141223430634	0.3043716102838516	-0.08901950716972351	0.25379547476768494	0.020179517567157745	0.0	0.06969153899968461	0.5276091113718935	1	0.5276091113718935	0.05836024528174047	0.049489117793653434	1.1792541044088825	0.05521822274378696	0.05521822274378696	negligible	57545021.0	5.319984227802135e-06	0.06486149630952942	9.967813173451579e-09	higher_in_active	9.019311008724148e-06	True	False	False
molformer	molformer_0355	48152	48152	0	2383	45769	-0.32008761628695553	-0.32963473919349323	-0.30789899826049805	-0.308299720287323	-0.5243126153945923	-0.10078912600874901	-0.5640538930892944	-0.07378451526165009	0.00040072202682495117	0.0	0.14045161344815338	0.5043635352619666	1	0.5043635352619666	0.04779989837207237	0.049489117793653434	0.9658668512010192	0.008727070523933289	0.008727070523933289	negligible	55009683.5	0.47190033171140944	0.04112777765649714	0.0009129008163352886	higher_in_active	0.5148003618669921	False	False	False
molformer	molformer_0356	48152	48152	0	2383	45769	0.38203547852733977	0.4396171981026587	0.3967398405075073	0.44271034002304077	0.15457569062709808	0.6295746266841888	0.1933312714099884	0.6959301233291626	-0.04597049951553345	0.0	0.15872451730106646	0.4603753966109454	-1	0.5396246033890545	0.055072680995842	0.049489117793653434	1.1128240601392294	-0.0792492067781092	0.0792492067781092	negligible	50212006.0	6.460194905371243e-11	0.06442666477621706	1.2868363400980161e-08	lower_in_active	1.5080333396124967e-10	True	False	False
molformer	molformer_0357	48152	48152	0	2383	45769	-0.271487437098517	-0.32682891285954213	-0.2802731692790985	-0.3383725583553314	-0.5837431252002716	0.028920824639499187	-0.6331008672714233	-0.040007807314395905	0.05809938907623291	0.0	0.1786314763372942	0.5354573731189486	1	0.5354573731189486	0.057391319447058206	0.049489117793653434	1.1596755409210016	0.07091474623789717	0.07091474623789717	negligible	58401011.5	5.045787587823705e-09	0.053660087112821386	4.145699627234329e-06	higher_in_active	1.0389181950264358e-08	True	False	False
molformer	molformer_0358	48152	48152	0	2383	45769	0.4658519683220215	0.5501252775227691	0.46872952580451965	0.5554376840591431	0.2635364532470703	0.6842612326145172	0.3152114152908325	0.7923530340194702	-0.08670815825462341	0.0	0.11941414955665342	0.42905452050819853	-1	0.5709454794918014	0.060541079252941006	0.049489117793653434	1.2233210441408373	-0.14189095898360293	0.14189095898360293	negligible	46795915.5	1.3301102545534055e-31	0.11470780849372342	2.0314366347721016e-26	lower_in_active	1.0423721178540975e-30	True	False	False
molformer	molformer_0359	48152	48152	0	2383	45769	-0.14336832708936464	-0.1811764126063626	-0.15947802364826202	-0.19169403612613678	-0.33796465396881104	0.03845517337322235	-0.3706015646457672	-0.0033127658534795046	0.032216012477874756	0.0	0.07477254507047087	0.5377256422069605	1	0.5377256422069605	0.05711417985994303	0.049489117793653434	1.1540755302626842	0.07545128441392102	0.07545128441392102	negligible	58648406.0	4.983867978485417e-10	0.05573545277138264	1.4783728440464202e-06	higher_in_active	1.1030578119529683e-09	True	False	False
molformer	molformer_0360	48152	48152	0	2383	45769	-0.09455814113620453	-0.20360529497278732	-0.10794901102781296	-0.22513218224048615	-0.4629098176956177	0.28856149315834045	-0.6303632855415344	0.23269157111644745	0.11718317121267319	0.0	0.32561987039696316	0.555505045053419	1	0.555505045053419	0.055991289451001014	0.049489117793653434	1.131385887387579	0.11101009010683804	0.11101009010683804	negligible	60587561.5	5.651301175535994e-20	0.1066183154588258	7.105465423521891e-23	higher_in_active	2.0569664942235274e-19	True	False	False
molformer	molformer_0361	48152	48152	0	2383	45769	0.3046446482158375	0.3147930856129467	0.30561092495918274	0.32683536410331726	0.0777696967124939	0.5263872146606445	0.12636643648147583	0.514955461025238	-0.02122443914413452	0.0	0.08528597434411536	0.4857693986221948	-1	0.5142306013778051	0.05341309657907956	0.049489117793653434	1.0792897299520936	-0.02846120275561037	0.02846120275561037	negligible	52981667.0	0.01897011620495503	0.05184197492623077	9.906575328518225e-06	lower_in_active	0.024281748742342436	True	False	False
molformer	molformer_0362	48152	48152	0	2383	45769	0.19396972258541822	0.22958534957125848	0.1943378895521164	0.24857309460639954	-0.06277145445346832	0.46049046516418457	0.02911153808236122	0.4622234106063843	-0.05423520505428314	0.0	0.13695054147707975	0.46672932265164496	-1	0.5332706773483551	0.057601039556739037	0.049489117793653434	1.1639132424406622	-0.06654135469671008	0.06654135469671008	negligible	50905013.0	4.1312593758453696e-08	0.08475877517604297	1.3231443568219776e-14	lower_in_active	8.198468218731895e-08	True	False	False
molformer	molformer_0363	48152	48152	0	2383	45769	-0.391577761903218	-0.3924192736889374	-0.3950318694114685	-0.3888106048107147	-0.6095499396324158	-0.17144040763378143	-0.6032058000564575	-0.17631420493125916	-0.006221264600753784	0.0	0.10819906304504477	0.49891899996962435	-1	0.5010810000303757	0.050752249192458014	0.049489117793653434	1.0255234171696341	-0.00216200006075129	0.00216200006075129	negligible	54415861.5	0.8585521027346563	0.020620289666969382	0.2865906351841191	lower_in_active	0.8733490053920986	False	False	False
molformer	molformer_0364	48152	48152	0	2383	45769	0.13516230292365594	0.1696922056949307	0.13989223539829254	0.16417206823825836	-0.13826479017734528	0.41337279975414276	-0.1211714893579483	0.4649030566215515	-0.02427983283996582	0.0	0.19270658577199568	0.48010159797608687	-1	0.5198984020239131	0.05235230348089708	0.049489117793653434	1.0578548540546187	-0.03979680404782626	0.03979680404782626	negligible	52363494.0	0.0010361011256900035	0.04248841178914786	0.0005445640008539943	lower_in_active	0.0015099158719732878	True	False	False
molformer	molformer_0365	48152	48152	0	2383	45769	0.014263932413634177	0.02462303622282822	0.03711390495300293	0.05576544627547264	-0.17899707704782486	0.24631354957818985	-0.1692216843366623	0.2504887878894806	-0.01865154132246971	0.0	0.10887160788908729	0.49059666952932746	-1	0.5094033304706725	0.05111681771458233	0.049489117793653434	1.0328900573195838	-0.018806660941345088	0.018806660941345088	negligible	53508165.5	0.12107601736364651	0.03046186240199611	0.02927200154648768	lower_in_active	0.14305597128504696	False	False	False
molformer	molformer_0366	48152	48152	0	2383	45769	0.5985949500859119	0.6677480530084969	0.6121959090232849	0.6677563786506653	0.3228112608194351	0.8895754218101501	0.40075793862342834	0.9383060932159424	-0.05556046962738037	0.0	0.16436094977282056	0.4560735524882672	-1	0.5439264475117328	0.06009401247799331	0.049489117793653434	1.2142874061436566	-0.0878528950234656	0.0878528950234656	negligible	49742814.5	4.4243147487412366e-13	0.0640622299981185	1.591888627162374e-08	lower_in_active	1.1440652279573297e-12	True	False	False
molformer	molformer_0367	48152	48152	0	2383	45769	0.01935469332728477	-0.10140070317386772	0.006669203285127878	-0.12488269060850143	-0.21882103383541107	0.24796926975250244	-0.32494494318962097	0.10299304127693176	0.1315518938936293	0.0	0.1076719117149114	0.6053503853626387	1	0.6053503853626387	0.07180133477584708	0.049489117793653434	1.4508509744551357	0.2107007707252775	0.2107007707252775	small	66024069.5	1.4286565389584611e-67	0.1610626781700112	8.418849267152439e-52	higher_in_active	6.857551387000613e-66	True	True	True
molformer	molformer_0368	48152	48152	0	2383	45769	0.3932253878312639	0.4433534635416364	0.3742755055427551	0.41216564178466797	0.13027659803628922	0.6292338073253632	0.1490318328142166	0.7230311036109924	-0.03789013624191284	0.0	0.1801605114297157	0.4684879166646916	-1	0.5315120833353084	0.052233706424446566	0.049489117793653434	1.055458427087684	-0.06302416667061683	0.06302416667061683	negligible	51096818.5	2.044806272937316e-07	0.06694307830047341	2.865727717613471e-09	lower_in_active	3.8396362288896305e-07	True	False	False
molformer	molformer_0369	48152	48152	0	2383	45769	0.006191261201870068	0.05021166550384696	0.013646552339196205	0.05497158691287041	-0.1861976534128189	0.20339129120111465	-0.1530214101076126	0.26158010959625244	-0.0413250345736742	0.0	0.10077256512479815	0.46027903887469646	-1	0.5397209611253035	0.055764281926053164	0.049489117793653434	1.1267988683606007	-0.07944192225060709	0.07944192225060709	negligible	50201496.5	5.809118120647894e-11	0.06582522037012906	5.624605743046694e-09	lower_in_active	1.3643433384273952e-10	True	False	False
molformer	molformer_0370	48152	48152	0	2383	45769	-0.21765983411053244	-0.23534611767548907	-0.2215842604637146	-0.23572246730327606	-0.3916420638561249	-0.046056414023041725	-0.4038887321949005	-0.07266438007354736	0.014138206839561462	0.0	0.06922139024137938	0.5176806979404602	1	0.5176806979404602	0.053757800938264065	0.049489117793653434	1.0862549856396522	0.035361395880920465	0.035361395880920465	negligible	56462153.5	0.0035578483026747153	0.03685676305835739	0.00414299976637623	higher_in_active	0.00492329278640393	True	False	False
molformer	molformer_0371	48152	48152	0	2383	45769	-0.2958197200756721	-0.3759649424991103	-0.3488976061344147	-0.41379237174987793	-0.6142507791519165	-0.013550697360187769	-0.6385499238967896	-0.1481122523546219	0.06489476561546326	0.0	0.14581841759474207	0.5506956621469926	1	0.5506956621469926	0.06414925075234981	0.049489117793653434	1.2962294260290173	0.10139132429398523	0.10139132429398523	negligible	60063014.0	6.384170359643388e-17	0.10539636605128122	2.312879654977583e-22	higher_in_active	1.9850375855085516e-16	True	False	False
molformer	molformer_0372	48152	48152	0	2383	45769	-0.21132213211673273	-0.21744621572258993	-0.2101949155330658	-0.21893210709095	-0.4182838350534439	-0.0023460802622139454	-0.42300280928611755	-0.015695862472057343	0.008737191557884216	0.0	0.09492959155410083	0.5083797260755716	1	0.5083797260755716	0.051404355878826115	0.049489117793653434	1.0387001864361036	0.01675945215114316	0.01675945215114316	negligible	55447719.5	0.16712002266711212	0.02393388822321063	0.14687019038548987	higher_in_active	0.1953549123414644	False	False	False
molformer	molformer_0373	48152	48152	0	2383	45769	-0.5439696279619495	-0.6118428946872713	-0.5826802253723145	-0.6372818350791931	-0.7803921699523926	-0.34487298130989075	-0.8283500671386719	-0.4225609600543976	0.05460160970687866	0.0	0.10777270278923058	0.5538531784992246	1	0.5538531784992246	0.06244036726525212	0.049489117793653434	1.2616989360287116	0.1077063569984491	0.1077063569984491	negligible	60407396.5	6.77880936734859e-19	0.07755010343271107	2.7047862013271605e-12	higher_in_active	2.3345854682169136e-18	True	False	False
molformer	molformer_0374	48152	48152	0	2383	45769	-0.4847601262444241	-0.487097014143623	-0.49268439412117004	-0.48070579767227173	-0.8625847101211548	-0.08959630504250526	-0.8632935285568237	-0.08842143416404724	-0.011978596448898315	0.0	0.30456346977994386	0.49881506435916523	-1	0.5011849356408347	0.04901496240235658	0.049489117793653434	0.9904189968939463	-0.0023698712816695444	0.0023698712816695444	negligible	54404525.5	0.8451167214025638	0.013139181197351246	0.8240427655229624	lower_in_active	0.861951715852814	False	False	False
molformer	molformer_0375	48152	48152	0	2383	45769	-0.01798503832691551	-0.05212940811378992	-0.02317982167005539	-0.05796973779797554	-0.2014034166932106	0.1727837547659874	-0.23527096211910248	0.12269312143325806	0.03478991612792015	0.0	0.07510040410690438	0.538340609849896	1	0.538340609849896	0.058481538730653704	0.049489117793653434	1.1817050159288447	0.07668121969979191	0.07668121969979191	negligible	58715479.0	2.598795608679889e-10	0.065436268670509	7.093004656412579e-09	higher_in_active	5.870220669018102e-10	True	False	False
molformer	molformer_0376	48152	48152	0	2383	45769	0.07401017960402863	0.05707392320363669	0.06548202782869339	0.05718756094574928	-0.14280958473682404	0.28335264325141907	-0.15039773285388947	0.2608374059200287	0.008294466882944107	0.0	0.09920266661770229	0.5131163742256666	1	0.5131163742256666	0.05326678675046953	0.049489117793653434	1.0763333258953456	0.026232748451333165	0.026232748451333165	negligible	55964334.0	0.030585710300172445	0.02884678956734754	0.04522936627582019	higher_in_active	0.03844488626928386	True	False	False
molformer	molformer_0377	48152	48152	0	2383	45769	-0.07539717978554995	-0.033818861486737864	-0.07150496542453766	-0.037293218076229095	-0.2877529710531235	0.14429838210344315	-0.22016695141792297	0.15026871860027313	-0.03421174734830856	0.0	0.081504413290926	0.4628004034601426	-1	0.5371995965398573	0.06158354535785732	0.049489117793653434	1.244385596337199	-0.07439919307971476	0.07439919307971476	negligible	50476495.5	8.629925536151299e-10	0.07529567439445106	1.2953926556857068e-11	lower_in_active	1.874828294379242e-09	True	False	False
molformer	molformer_0378	48152	48152	0	2383	45769	1.7050939312425923	1.7125292425625132	1.726265549659729	1.7171566486358643	1.4711365103721619	1.9702233672142029	1.5037329196929932	1.9267981052398682	0.009108901023864746	0.0	0.11453731319436798	0.5034884489496126	1	0.5034884489496126	0.05315144267074175	0.049489117793653434	1.0740026300803847	0.006976897899225287	0.006976897899225287	negligible	54914240.0	0.5652101320106148	0.04834173053176498	4.8700156240958896e-05	higher_in_active	0.6045701690587076	False	False	False
molformer	molformer_0379	48152	48152	0	2383	45769	-0.5978136027663277	-0.5898912288884199	-0.6026475429534912	-0.5952061414718628	-0.8177275359630585	-0.3881284147500992	-0.8301695585250854	-0.35528209805488586	-0.007441401481628418	0.0	0.1152695263349612	0.4925510550908521	-1	0.5074489449091479	0.04904830085337725	0.049489117793653434	0.9910926490523798	-0.014897889818295762	0.014897889818295762	negligible	53721325.5	0.21942275708858283	0.037158035131758305	0.003744000739061337	lower_in_active	0.25114258933536754	False	False	False
molformer	molformer_0380	48152	48152	0	2383	45769	0.32247789196841625	0.32226250429953074	0.32381269335746765	0.31078124046325684	0.07393817603588104	0.5570100843906403	0.10051685571670532	0.543192446231842	0.013031452894210815	0.0	0.1019401967514487	0.5016638499560002	1	0.5016638499560002	0.0523759868061346	0.049489117793653434	1.0583334102765394	0.003327699912000437	0.003327699912000437	negligible	54715235.5	0.7838473689594962	0.03691607493768517	0.0040614862186489865	higher_in_active	0.8091327679581896	False	False	False
molformer	molformer_0381	48152	48152	0	2383	45769	0.25775937364139223	0.2910683674689265	0.24244308471679688	0.27113592624664307	0.070583775639534	0.43357226252555847	0.09058531373739243	0.4741383194923401	-0.02869284152984619	0.0	0.0843754489309174	0.4696282010684995	-1	0.5303717989315004	0.053553348878787335	0.049489117793653434	1.0821237327785849	-0.060743597863000987	0.060743597863000987	negligible	51221186.5	5.522028112665953e-07	0.055824571872799544	1.4131010554915448e-06	lower_in_active	1.0145735862505865e-06	True	False	False
molformer	molformer_0382	48152	48152	0	2383	45769	0.09356033241786788	0.16167835144821077	0.081852026283741	0.1277746856212616	-0.17243914306163788	0.3513663709163666	-0.16671650111675262	0.4768155515193939	-0.0459226593375206	0.0	0.19821701213850526	0.4611657189220032	-1	0.5388342810779967	0.053668624388686484	0.049489117793653434	1.0844530430398789	-0.0776685621559936	0.0776685621559936	negligible	50298204.5	1.52966666062841e-10	0.08585641627319562	5.64534196540338e-15	lower_in_active	3.5068178966048324e-10	True	False	False
molformer	molformer_0383	48152	48152	0	2383	45769	-0.6928429452599715	-0.6958988838725971	-0.6886404156684875	-0.6875722408294678	-0.9379071593284607	-0.4502595216035843	-0.9180228114128113	-0.46805649995803833	-0.0010681748390197754	0.0	0.11297979957885894	0.5005107707264693	1	0.5005107707264693	0.05371508427913172	0.049489117793653434	1.085391833071234	0.0010215414529386457	0.0010215414529386457	negligible	54589472.0	0.932891762279962	0.027762232107820695	0.05977870939449137	higher_in_active	0.9464476531453246	False	False	False
molformer	molformer_0384	48152	48152	0	2383	45769	0.4425947595680763	0.425996522974372	0.454354465007782	0.44074878096580505	0.20669006556272507	0.6938895285129547	0.18929120898246765	0.6710295677185059	0.013605684041976929	0.0	0.12071132304697271	0.514857960426663	1	0.514857960426663	0.052432433620492616	0.049489117793653434	1.059474000710852	0.029715920853325972	0.029715920853325972	negligible	56154284.5	0.014303611296175679	0.02583104318483359	0.09566079882109702	higher_in_active	0.018524744478015047	True	False	False
molformer	molformer_0385	48152	48152	0	2383	45769	0.030428522384226345	0.014207421434387572	0.0059438603930175304	-0.006151053123176098	-0.20106712728738785	0.25376731157302856	-0.22164829075336456	0.24198655784130096	0.012094913516193628	0.0	0.11685345958218411	0.5153713579661525	1	0.5153713579661525	0.05100420696585438	0.049489117793653434	1.0306145924548131	0.030742715932305043	0.030742715932305043	negligible	56210279.5	0.011270832377852836	0.033335825061844515	0.0127284075143958	higher_in_active	0.014847340079229807	True	False	False
molformer	molformer_0386	48152	48152	0	2383	45769	0.39847904786973076	0.2917503986324576	0.4302719235420227	0.30157551169395447	0.10500480607151985	0.7129645645618439	-0.02351166307926178	0.6199204921722412	0.12869641184806824	0.0	0.20613612292059233	0.5692039941457552	1	0.5692039941457552	0.05941015015109464	0.049489117793653434	1.2004689677194749	0.13840798829151035	0.13840798829151035	negligible	62081672.0	3.75875506060733e-30	0.10631173474759353	9.566470847295549e-23	higher_in_active	2.510194683953417e-29	True	False	False
molformer	molformer_0387	48152	48152	0	2383	45769	-0.27178236676919465	-0.291046224672443	-0.2856307625770569	-0.3100546598434448	-0.4850209951400757	-0.07282357662916183	-0.47898316383361816	-0.12606662511825562	0.02442389726638794	0.0	0.08617653787964868	0.5214351472368123	1	0.5214351472368123	0.05522393574510161	0.049489117793653434	1.1158803835493631	0.04287029447362456	0.04287029447362456	negligible	56871642.0	0.00040949105500867383	0.05793780398083104	4.7419793512694284e-07	higher_in_active	0.0006142365825130107	True	False	False
molformer	molformer_0388	48152	48152	0	2383	45769	-0.257714047367019	-0.23238708397242294	-0.2867996096611023	-0.28453144431114197	-0.5630651414394379	0.013896753080189228	-0.5530512928962708	0.011635169386863708	-0.002268165349960327	0.0	0.238375008005093	0.493681130223114	-1	0.506318869776886	0.05261385796092135	0.049489117793653434	1.0631399448318442	-0.01263773955377201	0.01263773955377201	negligible	53844580.0	0.29752508432827296	0.01892070955271591	0.3872877130783484	lower_in_active	0.335534896863603	False	False	False
molformer	molformer_0389	48152	48152	0	2383	45769	-0.07072765358046795	-0.070135870463204	-0.07328274846076965	-0.07467348128557205	-0.27182836830616	0.12984737008810043	-0.30229946970939636	0.14839628338813782	0.0013907328248023987	0.0	0.12927520510983784	0.5024344138654578	1	0.5024344138654578	0.04714733672279506	0.049489117793653434	0.952680888743612	0.004868827730915681	0.004868827730915681	negligible	54799279.0	0.6881644908309377	0.03377012481451058	0.01115034638001136	higher_in_active	0.7210236411434654	False	False	False
molformer	molformer_0390	48152	48152	0	2383	45769	0.2758376702858798	0.4035077478800932	0.2825538218021393	0.4343204200267792	0.00996430404484272	0.5606364607810974	0.17148904502391815	0.6692197918891907	-0.1517665982246399	0.0	0.13075444082241627	0.40153988730302825	-1	0.5984601126969716	0.07238488819307336	0.049489117793653434	1.462642524663394	-0.1969202253939435	0.1969202253939435	small	43794962.5	2.968226826552319e-59	0.15633426803561795	8.178365510382099e-49	lower_in_active	1.036181001269173e-57	True	False	False
molformer	molformer_0391	48152	48152	0	2383	45769	0.2911231143732752	0.22999642390169983	0.28769364953041077	0.19622118771076202	0.02310795523226261	0.5368781983852386	-0.03556787222623825	0.46424686908721924	0.09147246181964874	0.0	0.14587605814543822	0.5522908665564592	1	0.5522908665564592	0.05711041095705215	0.049489117793653434	1.153999374067971	0.1045817331129184	0.1045817331129184	negligible	60236999.0	6.6431347189467825e-18	0.09593463139583247	1.3529891915944535e-18	higher_in_active	2.1710329634685656e-17	True	False	False
molformer	molformer_0392	48152	48152	0	2383	45769	-0.1970676211069337	-0.18653019486504951	-0.2191607803106308	-0.20622393488883972	-0.4329800456762314	0.011037338059395552	-0.43970978260040283	0.048122454434633255	-0.012936845421791077	0.0	0.12804412896121703	0.4900056549370556	-1	0.5099943450629444	0.04953488328801736	0.049489117793653434	1.000924758743018	-0.019988690125888775	0.019988690125888775	negligible	53443705.0	0.09941216042681662	0.03733619998553739	0.0035250030753573277	lower_in_active	0.11910848550358061	False	False	False
molformer	molformer_0393	48152	48152	0	2383	45769	-0.12660149354695005	0.004365407543495171	-0.13836324214935303	-0.0043137697502970695	-0.3568289279937744	0.09146707504987717	-0.22006282210350037	0.22810691595077515	-0.13404947239905596	0.0	0.10226485554016054	0.3871566878013105	-1	0.6128433121986895	0.08511023763359413	0.049489117793653434	1.7197768201984156	-0.22568662439737897	0.22568662439737897	small	42226222.5	2.9912104691384858e-77	0.17058175344894355	4.310586303709651e-58	lower_in_active	3.281785200426225e-75	True	True	True
molformer	molformer_0394	48152	48152	0	2383	45769	0.05390692226096245	0.06600424764288318	0.03599059209227562	0.0510430708527565	-0.15242306143045425	0.24672432988882065	-0.16679704189300537	0.2851080298423767	-0.01505247876048088	0.0	0.10595315944096458	0.48868015500158907	-1	0.5113198449984109	0.049175228915671276	0.049489117793653434	0.993657416175998	-0.022639689996821866	0.022639689996821866	negligible	53299136.0	0.06200810037831086	0.037164673221205424	0.0037356216618236677	lower_in_active	0.07523257676231081	False	False	False
molformer	molformer_0395	48152	48152	0	2383	45769	0.36077210536415005	0.38052177256390607	0.3641089200973511	0.36841580271720886	0.093919787555933	0.6443882584571838	0.07717037200927734	0.6842459440231323	-0.004306882619857788	0.0	0.20000908053342933	0.4917821277821766	-1	0.5082178722178233	0.04949767885006074	0.049489117793653434	1.0001729886647606	-0.01643574443564677	0.01643574443564677	negligible	53637460.5	0.1754707136536131	0.04121913390408127	0.0008822408744813112	lower_in_active	0.20449394246733668	False	False	False
molformer	molformer_0396	48152	48152	0	2383	45769	0.6315251279583626	0.5946096039721568	0.6201493740081787	0.5878174304962158	0.45445454120635986	0.7962780296802521	0.42543673515319824	0.7542353272438049	0.03233194351196289	0.0	0.06507595623149147	0.5382258690068218	1	0.5382258690068218	0.0578964826006519	0.049489117793653434	1.1698831012113262	0.07645173801364358	0.07645173801364358	negligible	58702964.5	2.9367518172867947e-10	0.06103590301446915	8.888633750841089e-08	higher_in_active	6.575584243954106e-10	True	False	False
molformer	molformer_0397	48152	48152	0	2383	45769	-0.06870997184650594	-0.13871425795367215	-0.07222460955381393	-0.15442201495170593	-0.31919892132282257	0.15713462978601456	-0.40446141362190247	0.10245650261640549	0.082197405397892	0.0	0.14160999644137662	0.5570845344279236	1	0.5570845344279236	0.05701367698882674	0.049489117793653434	1.1520447227721298	0.11416906885584721	0.11416906885584721	negligible	60759832.5	4.904936608296146e-21	0.08914532370391048	4.1174249079124993e-16	higher_in_active	1.902520866248202e-20	True	False	False
molformer	molformer_0398	48152	48152	0	2383	45769	-0.3972842280801907	-0.5280500025347081	-0.41056686639785767	-0.5578242540359497	-0.6749985218048096	-0.13255008310079575	-0.7935959100723267	-0.28482887148857117	0.14725738763809204	0.0	0.15499700984346254	0.5954824482267761	1	0.5954824482267761	0.06990876462815612	0.049489117793653434	1.412608826846401	0.1909648964535522	0.1909648964535522	small	64947798.0	7.837515848495619e-56	0.1614059425772072	5.0679559063090384e-52	higher_in_active	2.229337841349865e-54	True	False	False
molformer	molformer_0399	48152	48152	0	2383	45769	-0.9167490618124032	-0.9138212458049537	-0.9274623394012451	-0.9209492206573486	-1.1550776362419128	-0.682509571313858	-1.1641119718551636	-0.6695572733879089	-0.006513118743896484	0.0	0.13666819064405095	0.497141500237738	-1	0.502858499762262	0.04935052419260715	0.049489117793653434	0.9971995136057152	-0.00571699952452398	0.00571699952452398	negligible	54221994.0	0.6374523132720314	0.017774694754012388	0.4662121594689288	lower_in_active	0.6743297198249588	False	False	False
molformer	molformer_0400	48152	48152	0	2383	45769	-0.16797822178862262	-0.27525029006008384	-0.1654963493347168	-0.2680000960826874	-0.3433719277381897	0.016207383014261723	-0.46122708916664124	-0.08276186138391495	0.10250374674797058	0.0	0.08190107559730546	0.606419599116793	1	0.606419599116793	0.07472210946036208	0.049489117793653434	1.5098694984202075	0.212839198233586	0.212839198233586	small	66140686.0	6.518838965433963e-69	0.15849667151616997	3.612039133592043e-50	higher_in_active	3.337645550302189e-67	True	True	True
molformer	molformer_0401	48152	48152	0	2383	45769	0.3918956403338104	0.49180531904019403	0.41071635484695435	0.5058605074882507	0.14269725233316422	0.6636409163475037	0.2559051811695099	0.7491740584373474	-0.09514415264129639	0.0	0.1408249144104968	0.4277765003326792	-1	0.5722234996673208	0.06515628069101764	0.049489117793653434	1.31657793866298	-0.14444699933464156	0.14444699933464156	negligible	46656525.0	1.0872130884879046e-32	0.10402674665943423	8.542167081704514e-22	lower_in_active	9.075865782159899e-32	True	False	False
molformer	molformer_0402	48152	48152	0	2383	45769	-0.16101525597030236	-0.2662881153763284	-0.1606181561946869	-0.2737559378147125	-0.4263051748275757	0.10586682334542274	-0.5666619539260864	0.015843410044908524	0.11313778162002563	0.0	0.1675643169810113	0.576830677567302	1	0.576830677567302	0.06018547450524818	0.049489117793653434	1.2161355301622787	0.153661355134604	0.153661355134604	small	62913495.5	9.05125046998369e-37	0.12472093549897761	3.6165512607317418e-31	higher_in_active	9.393730217496586e-36	True	False	False
molformer	molformer_0403	48152	48152	0	2383	45769	-0.025385956789293233	-0.03033092188174571	-0.01995338872075081	-0.031470853835344315	-0.2237667664885521	0.17579574137926102	-0.22115923464298248	0.15940068662166595	0.011517465114593506	0.0	0.08316950996436613	0.5075925256836529	1	0.5075925256836529	0.052353016144703515	0.049489117793653434	1.0578692544690573	0.015185051367305746	0.015185051367305746	negligible	55361861.5	0.210666134272264	0.020890947678679828	0.2724338425848064	higher_in_active	0.24184094337981876	False	False	False
molformer	molformer_0404	48152	48152	0	2383	45769	-0.009310931938520136	0.06818861291645643	-0.014040324836969376	0.06143634393811226	-0.2106092870235443	0.1802930161356926	-0.13453853130340576	0.2567070722579956	-0.07547666877508163	0.0	0.09660357398744011	0.42729407901583755	-1	0.5727059209841624	0.067205128972981	0.049489117793653434	1.3579779145224429	-0.1454118419683249	0.1454118419683249	negligible	46603908.5	4.176420116475311e-33	0.11502934324347525	1.4505633722898623e-26	lower_in_active	3.686770861440274e-32	True	False	False
molformer	molformer_0405	48152	48152	0	2383	45769	0.20002287825115378	0.14634596613932693	0.19965817034244537	0.16605688631534576	-0.029301101341843605	0.43347321450710297	-0.08881935477256775	0.39447441697120667	0.03360128402709961	0.0	0.1257026140100305	0.5370916771588669	1	0.5370916771588669	0.05757951481611352	0.049489117793653434	1.1634783035776324	0.07418335431773371	0.07418335431773371	negligible	58579261.0	9.650039303639398e-10	0.057245608951966065	6.811347322066944e-07	higher_in_active	2.0818062317963644e-09	True	False	False
molformer	molformer_0406	48152	48152	0	2383	45769	-0.21117872910989716	-0.2305678982003443	-0.21815364062786102	-0.2443464994430542	-0.4021420478820801	-0.028850766830146313	-0.4250966012477875	-0.05067940428853035	0.026192858815193176	0.0	0.08215289032814344	0.5242785462624453	1	0.5242785462624453	0.05206687945625074	0.049489117793653434	1.0520874442204724	0.0485570925248906	0.0485570925248906	negligible	57181764.5	6.263287402660307e-05	0.05230776892924327	7.947701231691613e-06	higher_in_active	9.897540586919991e-05	True	False	False
molformer	molformer_0407	48152	48152	0	2383	45769	-0.13173213033322648	0.02197787906145588	-0.132671520113945	0.04024410992860794	-0.3916948139667511	0.12293019518256187	-0.20683111250400543	0.26766762137413025	-0.17291563004255295	0.0	0.12571612807842372	0.3783515188714236	-1	0.6216484811285765	0.07905241495871784	0.049489117793653434	1.5973696538364168	-0.2432969622571528	0.2432969622571528	small	41265864.5	1.8074112747445865e-89	0.1906867751755295	1.3396293493884323e-72	lower_in_active	4.626972863346141e-87	True	True	True
molformer	molformer_0408	48152	48152	0	2383	45769	-0.35947629756534694	-0.33323835366203636	-0.3634793758392334	-0.32755136489868164	-0.649679958820343	-0.06884844601154327	-0.5885196328163147	-0.07570194453001022	-0.03592801094055176	0.0	0.14397119611338435	0.48102431074649743	-1	0.5189756892535026	0.0556582881482189	0.049489117793653434	1.1246571090696753	-0.03795137850700514	0.03795137850700514	negligible	52464132.0	0.001757527995148691	0.054195727753137746	3.1889548142833817e-06	lower_in_active	0.0024903717717236064	True	False	False
molformer	molformer_0409	48152	48152	0	2383	45769	-0.5965267680328421	-0.6014610705609995	-0.6074174046516418	-0.5969602465629578	-0.8054521679878235	-0.3973117768764496	-0.7846606373786926	-0.4095451533794403	-0.010457158088684082	0.0	0.09875156333113819	0.4982756783327451	-1	0.5017243216672548	0.04995017149566769	0.049489117793653434	1.0093162643136342	-0.0034486433345097822	0.0034486433345097822	negligible	54345696.0	0.7761970631326315	0.026410152308670165	0.08337790246548682	lower_in_active	0.8023140571815087	False	False	False
molformer	molformer_0410	48152	48152	0	2383	45769	0.5500274895329191	0.6462627396004227	0.5621985197067261	0.6771697998046875	0.32384105026721954	0.7852343022823334	0.4347330629825592	0.8949350714683533	-0.11497128009796143	0.0	0.12902370795102183	0.4162094506827866	-1	0.5837905493172134	0.06267796902420161	0.049489117793653434	1.266500027047149	-0.16758109863442683	0.16758109863442683	small	45394935.5	2.09640247468197e-43	0.13011427315116442	6.811559882291538e-34	lower_in_active	3.037805850105194e-42	True	False	False
molformer	molformer_0411	48152	48152	0	2383	45769	0.1728816360219496	0.15354140451389447	0.1720511019229889	0.15629397332668304	-0.032467978075146675	0.37686924636363983	-0.03539968281984329	0.3463484048843384	0.015757128596305847	0.0	0.08762887682385183	0.5169988542969348	1	0.5169988542969348	0.05520849090787361	0.049489117793653434	1.1155682980259882	0.033997708593869636	0.033997708593869636	negligible	56387786.5	0.005070761349405426	0.044190329904518655	0.00027868706051835683	higher_in_active	0.006941790938223471	True	False	False
molformer	molformer_0412	48152	48152	0	2383	45769	-0.5402882281321805	-0.4628853824026873	-0.5377779006958008	-0.47363123297691345	-0.7588468194007874	-0.3310353606939316	-0.6958397626876831	-0.24550120532512665	-0.06414666771888733	0.0	0.11362559665270705	0.43735985688939294	-1	0.5626401431106072	0.06147096178959813	0.049489117793653434	1.2421106806935496	-0.12528028622121412	0.12528028622121412	negligible	47701758.0	5.312970332762688e-25	0.09192424432617785	4.172081834825405e-17	lower_in_active	2.472946191249542e-24	True	False	False
molformer	molformer_0413	48152	48152	0	2383	45769	-0.2050771316195158	-0.21314527773897995	-0.2137874960899353	-0.21261832118034363	-0.4046251028776169	-0.015268591698259115	-0.39730551838874817	-0.030863748863339424	-0.0011691749095916748	0.0	0.08170284345460964	0.5035430114776509	1	0.5035430114776509	0.05235687699772329	0.049489117793653434	1.0579472686505966	0.007086022955301807	0.007086022955301807	negligible	54920191.0	0.5591426543899077	0.023097168050761785	0.17558378789510587	higher_in_active	0.5997507801277223	False	False	False
molformer	molformer_0414	48152	48152	0	2383	45769	0.16828225334994554	0.19059341481539344	0.1607857346534729	0.17703543603420258	-0.0820799358189106	0.3996789902448654	-0.047817520797252655	0.4116174280643463	-0.016249701380729675	0.0	0.12657284644886904	0.48344430693839785	-1	0.5165556930616021	0.05516667601861097	0.049489117793653434	1.1147233670365737	-0.0331113861232043	0.0331113861232043	negligible	52728075.0	0.006344153892203825	0.03651584582091055	0.004641407915617065	lower_in_active	0.008578010896500947	True	False	False
molformer	molformer_0415	48152	48152	0	2383	45769	0.022464147892810548	0.09348571651416775	0.05795086920261383	0.11954710632562637	-0.18836414068937302	0.2655169665813446	-0.09814924001693726	0.310265451669693	-0.06159623712301254	0.0	0.10567039422067366	0.443112206073949	-1	0.556887793926051	0.0630790501536635	0.049489117793653434	1.2746044578259357	-0.11377558785210196	0.11377558785210196	negligible	48329152.5	6.674881083033706e-21	0.08205715528875979	1.0273021703457842e-13	lower_in_active	2.550402324263625e-20	True	False	False
molformer	molformer_0416	48152	48152	0	2383	45769	0.5806806501372105	0.6503930971609642	0.5892152190208435	0.6571769118309021	0.3704424351453781	0.8034277856349945	0.4466966688632965	0.8643734455108643	-0.0679616928100586	0.0	0.09662130199677893	0.43676644011558086	-1	0.5632335598844191	0.06216556376800154	0.049489117793653434	1.2561461294825051	-0.1264671197688383	0.1264671197688383	negligible	47637035.5	1.9074512974684104e-25	0.09228124334385979	3.0931061110713755e-17	lower_in_active	9.213349663243643e-25	True	False	False
molformer	molformer_0417	48152	48152	0	2383	45769	-0.6284824804182149	-0.6402362816598394	-0.6251236796379089	-0.6395033597946167	-0.8859201967716217	-0.3645772635936737	-0.9343984723091125	-0.3436398506164551	0.014379680156707764	0.0	0.1953790575624045	0.508242815480725	1	0.508242815480725	0.04834106712052748	0.049489117793653434	0.9768019571916235	0.01648563096145006	0.01648563096145006	negligible	55432787.0	0.17416388114485615	0.03859563076001532	0.002283244163825627	higher_in_active	0.2032794235854856	False	False	False
molformer	molformer_0418	48152	48152	0	2383	45769	-0.04597066759665171	0.06363581055551726	-0.028158625587821007	0.09302648156881332	-0.24089525640010834	0.18405846506357193	-0.1251823902130127	0.28094956278800964	-0.12118510715663433	0.0	0.0949967903415059	0.3976653289296639	-1	0.6023346710703361	0.06876148900813683	0.049489117793653434	1.389426445119515	-0.20466934214067223	0.20466934214067223	small	43372374.0	7.312434185770888e-64	0.15493915067864333	5.980295320906341e-48	lower_in_active	2.955762870880022e-62	True	True	True
molformer	molformer_0419	48152	48152	0	2383	45769	-0.2844693735958911	-0.24892461759739465	-0.2623714804649353	-0.23574402928352356	-0.4742308259010315	-0.058125702664256096	-0.4187529683113098	-0.060789965093135834	-0.026627451181411743	0.0	0.07548957782423768	0.4709698836391514	-1	0.5290301163608486	0.0619495844492561	0.049489117793653434	1.251781951489962	-0.05806023272169725	0.05806023272169725	negligible	51367520.5	1.7011289439805384e-06	0.06444095867324469	1.2761123263639316e-08	lower_in_active	2.97600689971994e-06	True	False	False
molformer	molformer_0420	48152	48152	0	2383	45769	-0.023158345399086375	0.005696883047503133	-0.025113342329859734	-0.006808779202401638	-0.25474952161312103	0.204651340842247	-0.24589629471302032	0.24752309918403625	-0.018304563127458096	0.0	0.14718874562007545	0.48288405769024173	-1	0.5171159423097582	0.052902714679493396	0.049489117793653434	1.068976717266876	-0.03423188461951654	0.03423188461951654	negligible	52666970.0	0.0047753836315996764	0.03726469382587183	0.0036114399243290215	lower_in_active	0.006560813289925853	True	False	False
molformer	molformer_0421	48152	48152	0	2383	45769	-0.4833260306289308	-0.3993320201995774	-0.4661031663417816	-0.3805503845214844	-0.692814975976944	-0.25231941044330597	-0.5961849093437195	-0.1833205223083496	-0.08555278182029724	0.0	0.09805720172437128	0.4247267474946966	-1	0.5752732525053035	0.06417755320769597	0.049489117793653434	1.2968013185299943	-0.15054650501060685	0.15054650501060685	small	46323896.0	2.3101894686297725e-35	0.1118891143465644	3.7351863945052513e-25	lower_in_active	2.245855078364133e-34	True	False	False
molformer	molformer_0422	48152	48152	0	2383	45769	0.37595426198532617	0.4385592397695095	0.3890385627746582	0.44986772537231445	0.2075011283159256	0.5671923160552979	0.2511228919029236	0.6416094899177551	-0.06082916259765625	0.0	0.08429732618612457	0.4369576886069857	-1	0.5630423113930143	0.05869103020795256	0.049489117793653434	1.185938097596866	-0.1260846227860286	0.1260846227860286	negligible	47657894.5	2.6563311383718515e-25	0.09702647791766661	5.185599242126133e-19	lower_in_active	1.2671194498568832e-24	True	False	False
molformer	molformer_0423	48152	48152	0	2383	45769	-0.17679675251928065	-0.1696411523138163	-0.17842867970466614	-0.1655803918838501	-0.3501855283975601	-0.007198873208835721	-0.3336942195892334	0.0003789789916481823	-0.01284828782081604	0.0	0.07205031465764578	0.4879650567304052	-1	0.5120349432695948	0.05164011294991394	0.049489117793653434	1.0434640028385465	-0.024069886539189622	0.024069886539189622	negligible	53221142.0	0.04724112568315755	0.03015684952680736	0.03183662863567138	lower_in_active	0.05795716377742013	False	False	False
molformer	molformer_0424	48152	48152	0	2383	45769	-0.1948814457501405	-0.1312134292642416	-0.19351156055927277	-0.1309545785188675	-0.389712318778038	0.00404717109631747	-0.3410029709339142	0.07530011236667633	-0.06255698204040527	0.0	0.09495627569557852	0.44207305167925925	-1	0.5579269483207409	0.059905449717391715	0.049489117793653434	1.210477219803544	-0.11585389664148149	0.11585389664148149	negligible	48215814.5	1.2958827769467563e-21	0.08790472529921761	1.118368204418015e-15	lower_in_active	5.183531107787025e-21	True	False	False
molformer	molformer_0425	48152	48152	0	2383	45769	-0.589697112455032	-0.5946925835527106	-0.6107622385025024	-0.6083352565765381	-0.8114957213401794	-0.3824840188026428	-0.8180323243141174	-0.3914736211299896	-0.0024269819259643555	0.0	0.11094983647955779	0.5036453150716436	1	0.5036453150716436	0.05050531626304668	0.049489117793653434	1.020533776205717	0.0072906301432871246	0.0072906301432871246	negligible	54931349.0	0.5478522133362607	0.018102510016569817	0.44279900877362	higher_in_active	0.5884622375416059	False	False	False
molformer	molformer_0426	48152	48152	0	2383	45769	0.15083881788373737	0.17476025158703182	0.13257406651973724	0.15490762889385223	-0.04261285811662674	0.32468217611312866	-0.023305777460336685	0.35140320658683777	-0.02233356237411499	0.0	0.08881327711478514	0.4773716011732805	-1	0.5226283988267195	0.05423578729184539	0.049489117793653434	1.0959133989412249	-0.04525679765343904	0.04525679765343904	negligible	52065740.0	0.0001910130215457124	0.042830704321369595	0.00047692926271698165	lower_in_active	0.00028934516873196676	True	False	False
molformer	molformer_0427	48152	48152	0	2383	45769	0.33726062129886103	0.2833543856223136	0.3410167694091797	0.3016960024833679	0.12197820469737053	0.5683252811431885	0.02104012295603752	0.553394079208374	0.03932076692581177	0.0	0.136455858273917	0.5400320665563454	1	0.5400320665563454	0.0530847156157335	0.049489117793653434	1.0726543123494752	0.08006413311269078	0.08006413311269078	negligible	58899962.0	4.115496696245955e-11	0.08510241549714428	1.0146386465843072e-14	higher_in_active	9.815843051915818e-11	True	False	False
molformer	molformer_0428	48152	48152	0	2383	45769	-0.25139047065033465	-0.19527796753715534	-0.24119165539741516	-0.17403611540794373	-0.4869179129600525	-0.018416069447994232	-0.4458562731742859	0.06498682498931885	-0.06715553998947144	0.0	0.14181017839628077	0.452693238382493	-1	0.5473067616175069	0.05337893521277967	0.049489117793653434	1.078599449586977	-0.09461352323501404	0.09461352323501404	negligible	49374132.0	6.230262075512529e-15	0.08409944969229932	2.1953620657060608e-14	lower_in_active	1.7591328213211847e-14	True	False	False
molformer	molformer_0429	48152	48152	0	2383	45769	0.13748954273315578	0.15540328227069944	0.14114248752593994	0.16257619857788086	-0.05093473382294178	0.3260772377252579	-0.03029879741370678	0.34821653366088867	-0.021433711051940918	0.0	0.08492895372934216	0.4798614669240644	-1	0.5201385330759356	0.05297096447358475	0.049489117793653434	1.0703558041678778	-0.04027706615187121	0.04027706615187121	negligible	52337303.5	0.0008997719946565988	0.040698969914299	0.0010705895177823132	lower_in_active	0.0013162378893262245	True	False	False
molformer	molformer_0430	48152	48152	0	2383	45769	0.14660088346781192	0.26723733078132156	0.14694878458976746	0.2753092050552368	-0.14612160623073578	0.4090130776166916	-0.005940157920122147	0.5371652841567993	-0.12836042046546936	0.0	0.1610554746341388	0.4130979012662495	-1	0.5869020987337505	0.06735527257045329	0.049489117793653434	1.3610117854857182	-0.17380419746750098	0.17380419746750098	small	45055566.5	1.482765823091155e-46	0.1282945381167393	5.831313775190949e-33	lower_in_active	2.8469103803350174e-45	True	False	False
molformer	molformer_0431	48152	48152	0	2383	45769	-0.08952144179552178	-0.05403785319579344	-0.09767599403858185	-0.05058722570538521	-0.3122808635234833	0.11776261031627655	-0.2574721872806549	0.14954516291618347	-0.04708876833319664	0.0	0.0874373150270271	0.4623613360189234	-1	0.5376386639810766	0.05809168269783213	0.049489117793653434	1.1738274046437316	-0.07527732796215325	0.07527732796215325	negligible	50428607.5	5.460235673342944e-10	0.06646798730478226	3.82211591838688e-09	lower_in_active	1.2015647556238914e-09	True	False	False
molformer	molformer_0432	48152	48152	0	2383	45769	0.20051396217866604	0.3316779470065179	0.2152620553970337	0.3458543121814728	-0.038790035992860794	0.46228545904159546	0.09639876335859299	0.5845580697059631	-0.1305922567844391	0.0	0.1375401975359574	0.40282808007556636	-1	0.5971719199244336	0.07236563114541006	0.049489117793653434	1.462253407853036	-0.19434383984886727	0.19434383984886727	small	43935462.5	9.237955863019722e-58	0.15211229644915297	3.186142812477652e-46	lower_in_active	2.837900041119659e-56	True	False	False
molformer	molformer_0433	48152	48152	0	2383	45769	-0.13856887192963366	-0.18540484291916942	-0.1497548669576645	-0.18254995346069336	-0.3728269934654236	0.09610344469547272	-0.42025700211524963	0.045857131481170654	0.03279508650302887	0.0	0.11719827724692163	0.5358915353421372	1	0.5358915353421372	0.057300358497274245	0.049489117793653434	1.157837541905476	0.07178307068427436	0.07178307068427436	negligible	58448364.5	3.274029553015849e-09	0.052313389300556845	7.926505802807375e-06	higher_in_active	6.814240370504531e-09	True	False	False
molformer	molformer_0434	48152	48152	0	2383	45769	0.5731189556237777	0.5765495279183126	0.5919122695922852	0.5722561478614807	0.3221983462572098	0.8495135307312012	0.31149107217788696	0.8480134606361389	0.019656121730804443	0.0	0.1608994762784042	0.5031598451847176	1	0.5031598451847176	0.049694838349831856	0.049489117793653434	1.0041568846920284	0.006319690369435138	0.006319690369435138	negligible	54878400.0	0.6024051009805751	0.020489920890935764	0.293593720986	higher_in_active	0.6416742268419996	False	False	False
molformer	molformer_0435	48152	48152	0	2383	45769	0.08739919077250682	0.07784140905382401	0.08502760529518127	0.06854625046253204	-0.11045464128255844	0.27376802265644073	-0.10831791162490845	0.2576149106025696	0.01648135483264923	0.0	0.08944843368684752	0.5103337632290865	1	0.5103337632290865	0.05303546910662788	0.049489117793653434	1.071659214612818	0.020667526458173047	0.020667526458173047	negligible	55660841.5	0.08844310830391088	0.03170231410857982	0.020622343935397323	higher_in_active	0.10663156542763508	False	False	False
molformer	molformer_0436	48152	48152	0	2383	45769	-0.3061959351613809	-0.28829293536763156	-0.3025822937488556	-0.2821161448955536	-0.46084606647491455	-0.14977438747882843	-0.4488389194011688	-0.12537603080272675	-0.020466148853302002	0.0	0.05847663961391085	0.47734344888923724	-1	0.5226565511107628	0.05360427767291497	0.049489117793653434	1.0831528235443566	-0.045313102221525514	0.045313102221525514	negligible	52062669.5	0.0001875241869619603	0.04505771915044887	0.00019608608898152673	lower_in_active	0.00028462169088297527	True	False	False
molformer	molformer_0437	48152	48152	0	2383	45769	0.38548818056780904	0.4058746757897536	0.3858020603656769	0.4221500754356384	0.19852127134799957	0.5974198281764984	0.2029007524251938	0.6255950927734375	-0.03634801506996155	0.0	0.0999587739691755	0.47628686950974874	-1	0.5237131304902513	0.05139488587693667	0.049489117793653434	1.0385088311985962	-0.04742626098050251	0.04742626098050251	negligible	51947431.0	9.250710115205644e-05	0.05976426879102148	1.7859881662409548e-07	lower_in_active	0.00014381670786392582	True	False	False
molformer	molformer_0438	48152	48152	0	2383	45769	0.28841792279341466	0.39693920576692115	0.2920849323272705	0.4338131844997406	0.05265273153781891	0.5493199825286865	0.18516023457050323	0.6442126035690308	-0.1417282521724701	0.0	0.11603053979740834	0.40542528299921937	-1	0.5945747170007807	0.06624961369632502	0.049489117793653434	1.3386703309716501	-0.18914943400156126	0.18914943400156126	small	44218733.0	8.251473503332638e-55	0.15953584424812345	7.940709679984737e-51	lower_in_active	2.263261303771238e-53	True	False	False
molformer	molformer_0439	48152	48152	0	2383	45769	0.058418677441890214	0.10782380433303783	0.07128966599702835	0.12213490903377533	-0.12098591402173042	0.25383901596069336	-0.06645011901855469	0.3021310269832611	-0.05084524303674698	0.0	0.0855124301269582	0.44995331653572745	-1	0.5500466834642725	0.05773718946245458	0.049489117793653434	1.166664350397026	-0.10009336692854509	0.10009336692854509	negligible	49075295.5	1.57190549309269e-16	0.0758562445447214	8.813191881750131e-12	lower_in_active	4.790569121806293e-16	True	False	False
molformer	molformer_0440	48152	48152	0	2383	45769	0.05978735444693648	0.1673725767731287	0.07094424217939377	0.17257224023342133	-0.14238328486680984	0.2795252799987793	-0.013398111797869205	0.3580472469329834	-0.10162799805402756	0.0	0.07869721440135528	0.4016744415594937	-1	0.5983255584405063	0.08033163273669244	0.049489117793653434	1.6232181198225826	-0.19665111688101256	0.19665111688101256	small	43809638.0	4.2595608190312094e-59	0.14969829654247135	8.953018712573922e-45	lower_in_active	1.4223229169634648e-57	True	False	False
molformer	molformer_0441	48152	48152	0	2383	45769	0.03181467120284033	-0.010554263378532892	0.021439386531710625	-0.021621860563755035	-0.18511661142110825	0.22934163361787796	-0.21065753698349	0.17609316110610962	0.04306124709546566	0.0	0.08590423874679333	0.5398759751837043	1	0.5398759751837043	0.05807565917463214	0.049489117793653434	1.1735036259239977	0.07975195036740867	0.07975195036740867	negligible	58882937.5	4.8940150305222263e-11	0.0711740809892939	2.0137179761252874e-10	higher_in_active	1.1600628220497129e-10	True	False	False
molformer	molformer_0442	48152	48152	0	2383	45769	-0.3481825999715572	-0.2611390721134684	-0.33769840002059937	-0.26238080859184265	-0.5586361587047577	-0.14834298938512802	-0.472892165184021	-0.054881513118743896	-0.07531759142875671	0.0	0.09032165516297382	0.42149501106777637	-1	0.5785049889322236	0.06882099614517478	0.049489117793653434	1.3906288738491213	-0.15700997786444726	0.15700997786444726	small	45971418.5	2.584837585614167e-38	0.11440517946281115	2.7867075831583416e-26	lower_in_active	2.8770366170314204e-37	True	False	False
molformer	molformer_0443	48152	48152	0	2383	45769	0.1221804726466556	0.10485035832850727	0.1275409311056137	0.12259837239980698	-0.10191460326313972	0.3424674868583679	-0.11195427924394608	0.33611300587654114	0.004942558705806732	0.0	0.11849464468411815	0.5097340888640485	1	0.5097340888640485	0.051722777092361776	0.049489117793653434	1.0451343527282435	0.019468177728096947	0.019468177728096947	negligible	55595436.5	0.10853712008692251	0.018272074693689536	0.4309427872419359	higher_in_active	0.12923489647559144	False	False	False
molformer	molformer_0444	48152	48152	0	2383	45769	-0.32535556651077063	-0.34486899215828437	-0.3244952857494354	-0.34601226449012756	-0.5534073114395142	-0.10108485072851181	-0.5718546509742737	-0.12175527960062027	0.02151697874069214	0.0	0.10707659946052775	0.5170487958345292	1	0.5170487958345292	0.05296185250326016	0.049489117793653434	1.0701716834817385	0.03409759166905846	0.03409759166905846	negligible	56393233.5	0.004942810739710384	0.0362898940580178	0.00500144232297158	higher_in_active	0.006778711871602812	True	False	False
molformer	molformer_0445	48152	48152	0	2383	45769	0.17764072221101063	0.0865782074194603	0.1804600954055786	0.07804479449987411	-0.12031587958335876	0.46858610212802887	-0.18367379903793335	0.3542662262916565	0.1024153009057045	0.0	0.14831292832613768	0.5656716182810306	1	0.5656716182810306	0.06592673199739862	0.049489117793653434	1.332146034048988	0.13134323656206126	0.13134323656206126	negligible	61696404.5	2.5668208339797572e-27	0.10626906393504265	9.970082452940793e-23	higher_in_active	1.4284915945626474e-26	True	False	False
molformer	molformer_0446	48152	48152	0	2383	45769	0.14826052161808195	0.19052021445546935	0.17560982704162598	0.1981007158756256	-0.09648516401648521	0.3994060158729553	-0.029376504942774773	0.41139355301856995	-0.022490888833999634	0.0	0.10917872728709159	0.4708708074035639	-1	0.5291291925964361	0.06437193499419269	0.049489117793653434	1.3007290867983072	-0.058258385192872186	0.058258385192872186	negligible	51356714.5	1.5680344394871241e-06	0.0658460698389173	5.554886455290299e-09	lower_in_active	2.762042315426861e-06	True	False	False
molformer	molformer_0447	48152	48152	0	2383	45769	-0.526793757172696	-0.5562002749973334	-0.556138277053833	-0.5757598280906677	-0.7848745584487915	-0.2983084172010422	-0.8047215342521667	-0.3289041519165039	0.019621551036834717	0.0	0.13673203055436436	0.5198401903804054	1	0.5198401903804054	0.055103979490468566	0.049489117793653434	1.1134564919954018	0.03968038076081082	0.03968038076081082	negligible	56697684.0	0.0010719111126015932	0.03388288981742482	0.010770621851827535	higher_in_active	0.0015591434365114084	True	False	False
molformer	molformer_0448	48152	48152	0	2383	45769	-0.25366793385337466	-0.24729370938753006	-0.24841715395450592	-0.23684823513031006	-0.491420716047287	-0.011190187651664019	-0.4701162874698639	-0.01620509847998619	-0.011568918824195862	0.0	0.12418255910250148	0.49499250129692596	-1	0.5050074987030742	0.05198201630164263	0.049489117793653434	1.0503726600741485	-0.010014997406148085	0.010014997406148085	negligible	53987608.0	0.40905536588252756	0.02133498451835257	0.25031731983587635	lower_in_active	0.45202089352198727	False	False	False
molformer	molformer_0449	48152	48152	0	2383	45769	-0.39615538477850454	-0.2725436847392664	-0.41578012704849243	-0.2594958245754242	-0.7131744921207428	-0.0704319067299366	-0.5561015009880066	0.028659071773290634	-0.15628430247306824	0.0	0.15893400425804127	0.41570432783352645	-1	0.5842956721664735	0.07484172061175037	0.049489117793653434	1.5122864166584153	-0.1685913443329471	0.1685913443329471	small	45339843.0	6.573197006601533e-44	0.14056194746214423	1.6639366874342018e-39	lower_in_active	9.898461374647014e-43	True	False	False
molformer	molformer_0450	48152	48152	0	2383	45769	-0.21158073534391272	-0.2374048842604869	-0.20973126590251923	-0.2122555375099182	-0.42241591215133667	-0.007932827807962894	-0.4587426781654358	-0.0002862145483959466	0.002524271607398987	0.0	0.11243519926906408	0.5129882013369571	1	0.5129882013369571	0.0514718080315707	0.049489117793653434	1.0400631558271893	0.025976402673914212	0.025976402673914212	negligible	55950354.5	0.03225063860754907	0.05367494029639089	4.115791041762049e-06	higher_in_active	0.040339560994458776	True	False	False
molformer	molformer_0451	48152	48152	0	2383	45769	-0.6194152259783138	-0.7097435395765022	-0.6051732301712036	-0.6894088983535767	-0.9050235450267792	-0.32690367102622986	-1.0260088443756104	-0.3743831515312195	0.08423566818237305	0.0	0.20914377231089443	0.5537991935949919	1	0.5537991935949919	0.056309798374501466	0.049489117793653434	1.137821825987828	0.10759838718998371	0.10759838718998371	negligible	60401508.5	7.343097997926811e-19	0.086844363859098	2.5980511819360633e-15	higher_in_active	2.5176335992891926e-18	True	False	False
molformer	molformer_0452	48152	48152	0	2383	45769	0.11062351631754318	0.11303935915152821	0.11544518917798996	0.10117018222808838	-0.09165994077920914	0.3184505105018616	-0.09536679089069366	0.3121586740016937	0.01427500694990158	0.0	0.10528789894627671	0.5050358664499653	1	0.5050358664499653	0.04935606785838714	0.049489117793653434	0.9973115314800913	0.010071732899930685	0.010071732899930685	negligible	55083013.0	0.40640652208188244	0.028372890493794767	0.05115843198269732	higher_in_active	0.44974093509925894	False	False	False
molformer	molformer_0453	48152	48152	0	2383	45769	-0.37412238310076934	-0.3169517908385586	-0.3753838837146759	-0.31755709648132324	-0.6061659455299377	-0.12747249752283096	-0.5461872816085815	-0.08791367709636688	-0.05782678723335266	0.0	0.1270778998852833	0.45606790002674213	-1	0.5439320999732579	0.058648634802910125	0.049489117793653434	1.1850814364371498	-0.08786419994651573	0.08786419994651573	negligible	49742198.0	4.3940095367008877e-13	0.06830246549919483	1.2429031983528445e-09	lower_in_active	1.1400673392521223e-12	True	False	False
molformer	molformer_0454	48152	48152	0	2383	45769	-0.035239525705464216	-0.09806990928467288	-0.025327812880277634	-0.09064970910549164	-0.24044569581747055	0.1841512694954872	-0.3057743012905121	0.11976506561040878	0.065321896225214	0.0	0.1099397501739527	0.5549711006099918	1	0.5549711006099918	0.058578316813562056	0.049489117793653434	1.1836605586263702	0.10994220121998355	0.10994220121998355	negligible	60529325.5	1.2717610646478323e-19	0.08844361163520287	7.258302296381839e-16	higher_in_active	4.521817118747849e-19	True	False	False
molformer	molformer_0455	48152	48152	0	2383	45769	0.43645316218985686	0.27619234040969776	0.4217967689037323	0.23221437633037567	0.10147881880402565	0.7526337206363678	-0.056655481457710266	0.5821347832679749	0.18958239257335663	0.0	0.19234925869037256	0.602032087882583	1	0.602032087882583	0.0730042741541835	0.049489117793653434	1.4751581238238538	0.204064175765166	0.204064175765166	small	65662151.0	1.6994709498613488e-63	0.1490361929632823	2.214033211938593e-44	higher_in_active	6.5259684474675796e-62	True	True	True
molformer	molformer_0456	48152	48152	0	2383	45769	0.4986807652656531	0.528654812125731	0.512610912322998	0.5311210751533508	0.2683628648519516	0.7482973039150238	0.3043055832386017	0.7554165720939636	-0.018510162830352783	0.0	0.10923388470241815	0.48029136114913473	-1	0.5197086388508653	0.05971939806551063	0.049489117793653434	1.2067177740874813	-0.039417277701730535	0.039417277701730535	negligible	52384191.0	0.0011570948102695654	0.04288854005097227	0.00046631217786625886	lower_in_active	0.00167039250805832	True	False	False
molformer	molformer_0457	48152	48152	0	2383	45769	-0.09383305231351154	-0.06902227878495755	-0.10595390945672989	-0.08925867080688477	-0.33905407786369324	0.14457903057336807	-0.3846432566642761	0.2219938188791275	-0.016695238649845123	0.0	0.1808495632347334	0.4883399529174252	-1	0.5116600470825747	0.047307724925194486	0.049489117793653434	0.955921766931584	-0.023320094165149574	0.023320094165149574	negligible	53262031.0	0.05456487582533619	0.07911657335001276	8.863099441909342e-13	lower_in_active	0.06672902011760858	False	False	False
molformer	molformer_0458	48152	48152	0	2383	45769	-0.239554546753679	-0.27422503982035357	-0.2657283544540405	-0.30419206619262695	-0.45811913907527924	-0.060246458277106285	-0.48689424991607666	-0.1053646132349968	0.038463711738586426	0.0	0.10050672651924898	0.5335084520619964	1	0.5335084520619964	0.055399331419217636	0.049489117793653434	1.1194245096509305	0.06701690412399275	0.06701690412399275	negligible	58188447.5	3.307123772912784e-08	0.05844086847224472	3.6347154193550304e-07	higher_in_active	6.579976833152896e-08	True	False	False
molformer	molformer_0459	48152	48152	0	2383	45769	0.22235307797728363	0.2740049829918817	0.20466677844524384	0.27880167961120605	-0.05615806020796299	0.48977111279964447	-0.01514407154172659	0.5692828893661499	-0.07413490116596222	0.0	0.17679435671501312	0.45686797317775435	-1	0.5431320268222456	0.053240242125964274	0.049489117793653434	1.0757969529372353	-0.0862640536444913	0.0862640536444913	negligible	49829460.0	1.1526224899499733e-12	0.08264542387579754	6.612296219445439e-14	lower_in_active	2.9023412205953422e-12	True	False	False
molformer	molformer_0460	48152	48152	0	2383	45769	0.5202353470466581	0.5417805831162119	0.5483421087265015	0.5576862692832947	0.3254033327102661	0.721183717250824	0.35841503739356995	0.7369888424873352	-0.009344160556793213	0.0	0.08320813710455056	0.47962540216025984	-1	0.5203745978397402	0.055806096982113584	0.049489117793653434	1.1276438027204083	-0.04074919567948032	0.04074919567948032	negligible	52311556.5	0.0007821275300323574	0.036997033956770675	0.003952601244271414	lower_in_active	0.0011507163660246177	True	False	False
molformer	molformer_0461	48152	48152	0	2383	45769	-0.3867620393945326	-0.3927990181306132	-0.388089120388031	-0.3881961703300476	-0.5823533236980438	-0.18853826075792313	-0.5708572864532471	-0.2110217809677124	0.00010704994201660156	0.0	0.08120182823853539	0.5025666576267013	1	0.5025666576267013	0.053018042504169506	0.049489117793653434	1.071307084624746	0.005133315253402548	0.005133315253402548	negligible	54813702.5	0.6721861787365357	0.03182474284944592	0.01990655062757094	higher_in_active	0.7071766921502184	False	False	False
molformer	molformer_0462	48152	48152	0	2383	45769	-0.26181419024955266	-0.30839300616077747	-0.27031856775283813	-0.3213184177875519	-0.4826510399580002	-0.049513038247823715	-0.5138564705848694	-0.11815639585256577	0.050999850034713745	0.0	0.09478463634598923	0.5443162518941131	1	0.5443162518941131	0.0583439743114044	0.049489117793653434	1.1789253256578869	0.08863250378822629	0.08863250378822629	negligible	59367227.5	2.748683249015235e-13	0.08158425559607674	1.460568663770472e-13	higher_in_active	7.204739710729353e-13	True	False	False
molformer	molformer_0463	48152	48152	0	2383	45769	0.09986830615440646	0.10696264672009538	0.1177280843257904	0.12002947181463242	-0.1195329986512661	0.34467713534832	-0.10394234955310822	0.34102487564086914	-0.0023013874888420105	0.0	0.11421724376297446	0.4954776594503697	-1	0.5045223405496303	0.05161501894828599	0.049489117793653434	1.042956941837124	-0.009044681099260599	0.009044681099260599	negligible	54040523.0	0.4559260909009982	0.02499770623753117	0.11595414991925967	lower_in_active	0.49879093705408356	False	False	False
molformer	molformer_0464	48152	48152	0	2383	45769	-0.17578832244426545	-0.19626022903408805	-0.1742512583732605	-0.1967747062444687	-0.39761127531528473	0.046350978314876556	-0.3887440264225006	-0.0036947366315871477	0.02252344787120819	0.0	0.0894591249441583	0.5194741740133156	1	0.5194741740133156	0.056935363210026506	0.049489117793653434	1.1504622783420881	0.038948348026631274	0.038948348026631274	negligible	56657763.5	0.0013246013445430747	0.05336032786367295	4.7959270622092e-06	higher_in_active	0.0018979362548676893	True	False	False
molformer	molformer_0465	48152	48152	0	2383	45769	-0.13615443933635177	-0.1327783150373255	-0.12992583215236664	-0.14097918570041656	-0.3805788457393646	0.10948655754327774	-0.4398729205131531	0.16319869458675385	0.011053353548049927	0.0	0.18115129896500906	0.5015096289842531	1	0.5015096289842531	0.046397630030036	0.049489117793653434	0.9375319686136354	0.003019257968506217	0.003019257968506217	negligible	54698415.0	0.8034511283040513	0.055603250268982496	1.580583646787552e-06	higher_in_active	0.8227339553833485	False	False	False
molformer	molformer_0466	48152	48152	0	2383	45769	-0.904553825778248	-0.9162027790332634	-0.8962544798851013	-0.9115933775901794	-1.1080240607261658	-0.6924044191837311	-1.143682599067688	-0.6914685368537903	0.015338897705078125	0.0	0.1203141507317157	0.5123547864067735	1	0.5123547864067735	0.04940542952393584	0.049489117793653434	0.9983089561210904	0.02470957281354691	0.02470957281354691	negligible	55881269.5	0.04166379985844985	0.03619256903111043	0.00516426646288494	higher_in_active	0.05136083192823352	False	False	False
molformer	molformer_0467	48152	48152	0	2383	45769	-0.016286437442077074	0.030188392721638445	-0.021405396983027458	0.028867652639746666	-0.23192447423934937	0.20741897076368332	-0.18784816563129425	0.24590912461280823	-0.050273049622774124	0.0	0.10220949087510815	0.4583343491413352	-1	0.5416656508586648	0.05770938472152771	0.049489117793653434	1.1661025149437692	-0.08333130171732961	0.08333130171732961	negligible	49989394.0	6.45726541400126e-12	0.07465820692899733	2.0003278934414046e-11	lower_in_active	1.5894807172926177e-11	True	False	False
molformer	molformer_0468	48152	48152	0	2383	45769	0.26338074425925506	0.2684586934671929	0.27359455823898315	0.28030022978782654	0.030458753928542137	0.5023777484893799	0.03200787305831909	0.513257622718811	-0.006705671548843384	0.0	0.13170985167517088	0.49451499436674673	-1	0.5054850056332532	0.04961523243669406	0.049489117793653434	1.0025483307980243	-0.01097001126650654	0.01097001126650654	negligible	53935527.5	0.3658464295963453	0.01605977551870219	0.5973206534153357	lower_in_active	0.4077939882873631	False	False	False
molformer	molformer_0469	48152	48152	0	2383	45769	0.33687178208828555	0.34972755069299105	0.3307797312736511	0.36147624254226685	0.08383287116885185	0.5810121893882751	0.09995044767856598	0.6041019558906555	-0.030696511268615723	0.0	0.12648102087138063	0.48609215738429645	-1	0.5139078426157037	0.051263705955209335	0.049489117793653434	1.0358581490370289	-0.027815685231407095	0.027815685231407095	negligible	53016869.5	0.021853400638441642	0.03677465796029278	0.004258320865202023	lower_in_active	0.02774117634764162	True	False	False
molformer	molformer_0470	48152	48152	0	2383	45769	-0.1731654980139453	-0.21992074371169099	-0.17064130306243896	-0.21760880947113037	-0.3452233523130417	0.002035224693827331	-0.3929359018802643	-0.04406546801328659	0.046967506408691406	0.0	0.0701529131352726	0.5500618942244835	1	0.5500618942244835	0.05869061260843704	0.049489117793653434	1.1859296593879396	0.10012378844896697	0.10012378844896697	negligible	59993890.5	1.539255669625495e-16	0.07519740499846478	1.3854652658315097e-11	higher_in_active	4.709754399491555e-16	True	False	False
molformer	molformer_0471	48152	48152	0	2383	45769	0.507284550247285	0.4042822124022718	0.4953263998031616	0.3953002393245697	0.23338989168405533	0.771002322435379	0.17009399831295013	0.6301126480102539	0.10002616047859192	0.0	0.10939419702087323	0.57872733283849	1	0.57872733283849	0.07894506782534554	0.049489117793653434	1.5952005480176408	0.15745466567697997	0.15745466567697997	small	63120359.0	1.6028147300236902e-38	0.1312240993600231	1.81123629960697e-34	higher_in_active	1.8102378127326383e-37	True	False	False
molformer	molformer_0472	48152	48152	0	2383	45769	-0.27287928814335316	-0.27544510280845214	-0.2875575125217438	-0.2894727885723114	-0.49629172682762146	-0.07540376484394073	-0.48522332310676575	-0.080490343272686	0.001915276050567627	0.0	0.0951887748803233	0.4997953240472758	-1	0.5002046759527242	0.049485658558367486	0.049489117793653434	0.9999301010921154	-0.0004093519054484407	0.0004093519054484407	negligible	54511440.0	0.9730820843218231	0.016869970839258147	0.5338449101894861	lower_in_active	0.9807441479779004	False	False	False
molformer	molformer_0473	48152	48152	0	2383	45769	-0.7069633990357341	-0.7127466188985715	-0.7226501107215881	-0.7287516593933105	-0.9399228394031525	-0.4986836761236191	-0.944028913974762	-0.5068153738975525	0.006101548671722412	0.0	0.11692092858917304	0.5061787455765822	1	0.5061787455765822	0.050045569013697694	0.049489117793653434	1.011243910678796	0.012357491153164313	0.012357491153164313	negligible	55207664.0	0.3083672840737127	0.017639961709226215	0.4760152259973629	higher_in_active	0.346743886044819	False	False	False
molformer	molformer_0474	48152	48152	0	2383	45769	0.3088722697952717	0.40257156412430045	0.33414387702941895	0.4265490770339966	0.06591368094086647	0.5882420241832733	0.16860002279281616	0.6633553504943848	-0.09240520000457764	0.0	0.1364079770575205	0.42942827978487125	-1	0.5705717202151288	0.06371978845850665	0.049489117793653434	1.2875515123180914	-0.1411434404302575	0.1411434404302575	negligible	46836680.5	2.743669813570031e-31	0.10733596260965916	3.5301006749792374e-23	lower_in_active	2.0862756602195883e-30	True	False	False
molformer	molformer_0475	48152	48152	0	2383	45769	-0.026877444578283442	-0.016418917992998744	-0.03250250965356827	-0.025474384427070618	-0.2192191332578659	0.16842468082904816	-0.19919298589229584	0.1573987603187561	-0.00702812522649765	0.0	0.08020244356943541	0.4933637030204233	-1	0.5066362969795767	0.05435711419249622	0.049489117793653434	1.0983649864024665	-0.013272593959153367	0.013272593959153367	negligible	53809959.0	0.2739164518187728	0.03011696597833377	0.03218617770321153	lower_in_active	0.31027704276816737	False	False	False
molformer	molformer_0476	48152	48152	0	2383	45769	0.37297269007776995	0.35908443188789596	0.3811342716217041	0.3598889410495758	0.1832372322678566	0.5759190618991852	0.16158618032932281	0.5572707653045654	0.021245330572128296	0.0	0.09348336008565467	0.5158100769993621	1	0.5158100769993621	0.05213228776145386	0.049489117793653434	1.0534091146829736	0.0316201539987242	0.0316201539987242	negligible	56258129.5	0.00914683175235142	0.03355322249123699	0.011914925940758764	higher_in_active	0.012132585122289968	True	False	False
molformer	molformer_0477	48152	48152	0	2383	45769	0.3031165125262975	0.30184002793399045	0.30651232600212097	0.30153247714042664	0.10796725004911423	0.5164207816123962	0.11098770052194595	0.4951117932796478	0.004979848861694336	0.0	0.08336980768648587	0.5050477169066097	1	0.5050477169066097	0.0516040356908173	0.049489117793653434	1.0427350090575889	0.010095433813219312	0.010095433813219312	negligible	55084305.5	0.4053030221769942	0.024213458145062705	0.13816421852438665	higher_in_active	0.4494445125742423	False	False	False
molformer	molformer_0478	48152	48152	0	2383	45769	-0.6116901802584377	-0.5782873581809004	-0.6011977791786194	-0.5599648952484131	-0.8031449317932129	-0.40723906457424164	-0.7725992202758789	-0.36201995611190796	-0.0412328839302063	0.0	0.10506789067117614	0.46496953671646	-1	0.53503046328354	0.05339268102932341	0.049489117793653434	1.078877203912707	-0.07006092656707996	0.07006092656707996	negligible	50713077.5	7.682849281345204e-09	0.06169277130488171	6.163000393292644e-08	lower_in_active	1.5692628319343396e-08	True	False	False
molformer	molformer_0479	48152	48152	0	2383	45769	-0.08002182474842459	-0.08110825972061746	-0.07126850634813309	-0.07126937806606293	-0.29710203409194946	0.1318870335817337	-0.29539281129837036	0.1390172690153122	8.717179298400879e-07	0.0	0.10376784360924657	0.4984533985078803	-1	0.5015466014921196	0.04899459734068795	0.049489117793653434	0.990007491040204	-0.0030932029842394293	0.0030932029842394293	negligible	54365079.5	0.7987395885136781	0.015071167791307793	0.6764989897957853	lower_in_active	0.81900134042524	False	False	False
molformer	molformer_0480	48152	48152	0	2383	45769	-0.19879812929119467	-0.2278860463144341	-0.21168409287929535	-0.2450365424156189	-0.45173636078834534	0.038538504391908646	-0.4616546034812927	-0.008500045165419579	0.03335244953632355	0.0	0.1092151045955186	0.5236627626112766	1	0.5236627626112766	0.056901223007673474	0.049489117793653434	1.149772425625469	0.04732552522255329	0.04732552522255329	negligible	57114602.5	9.573895438497374e-05	0.05093914891826601	1.509871493069242e-05	higher_in_active	0.0001485404383185047	True	False	False
molformer	molformer_0481	48152	48152	0	2383	45769	0.24822220922421617	0.17177293047472467	0.22657138109207153	0.15650580823421478	0.027530276216566563	0.45014406740665436	-0.020164161920547485	0.350392609834671	0.07006557285785675	0.0	0.0808506220407167	0.5691024102893614	1	0.5691024102893614	0.07082752428050475	0.049489117793653434	1.4311737092550836	0.13820482057872274	0.13820482057872274	negligible	62070592.5	4.556123224893439e-30	0.11652550809188145	2.988702719701173e-27	higher_in_active	2.990686014289026e-29	True	False	False
molformer	molformer_0482	48152	48152	0	2383	45769	-0.2248157154236043	-0.2910924144315417	-0.2368067502975464	-0.30797722935676575	-0.4264010339975357	-0.05051400326192379	-0.5005176663398743	-0.0984131470322609	0.07117047905921936	0.0	0.08954561837759538	0.5650842023767533	1	0.5650842023767533	0.05924319758621494	0.049489117793653434	1.1970954469875879	0.13016840475350655	0.13016840475350655	negligible	61632336.5	7.354669228498509e-27	0.10297015352699795	2.31304239108367e-21	higher_in_active	3.949920256983815e-26	True	False	False
molformer	molformer_0483	48152	48152	0	2383	45769	-0.24806704562161985	-0.20117010402717095	-0.24633188545703888	-0.20275741815567017	-0.42430688440799713	-0.06645021215081215	-0.380778431892395	-0.022294126451015472	-0.04357446730136871	0.0	0.0751479095654158	0.4523449449807365	-1	0.5476550550192635	0.06004876922336594	0.049489117793653434	1.2133732000182613	-0.09531011003852696	0.09531011003852696	negligible	49336144.5	3.946453778776317e-15	0.07216425655273184	1.056504215339048e-10	lower_in_active	1.1267198892565841e-14	True	False	False
molformer	molformer_0484	48152	48152	0	2383	45769	-0.13494584395938225	-0.18713598063858	-0.13127180933952332	-0.18251748383045197	-0.3269890546798706	0.06788218766450882	-0.38147687911987305	0.011268071830272675	0.05124567449092865	0.0	0.08900902951593326	0.5509455440389696	1	0.5509455440389696	0.060779007464842466	0.049489117793653434	1.2281287316185876	0.10189108807793912	0.10189108807793912	negligible	60090268.0	4.49906546251703e-17	0.07545108270402057	1.1645390290105336e-11	higher_in_active	1.4219268622276044e-16	True	False	False
molformer	molformer_0485	48152	48152	0	2383	45769	-0.23333885361539725	-0.360231810570784	-0.22943155467510223	-0.3710794746875763	-0.48079614341259	0.016591528430581093	-0.6220041513442993	-0.11932150274515152	0.14164792001247406	0.0	0.1312783220912121	0.6033427071285847	1	0.6033427071285847	0.06758146327628954	0.049489117793653434	1.3655822994879958	0.20668541425716946	0.20668541425716946	small	65805097.0	4.326605638311381e-65	0.15482931963791569	6.988914741390753e-48	higher_in_active	1.9546077236606709e-63	True	True	True
molformer	molformer_0486	48152	48152	0	2383	45769	0.5111713642974068	0.6440977962409744	0.5173507928848267	0.6486176252365112	0.18607181310653687	0.850566178560257	0.365431547164917	0.9340047836303711	-0.13126683235168457	0.0	0.17730105965538467	0.41733934702672776	-1	0.5826606529732723	0.07525275427941626	0.049489117793653434	1.5205919530266268	-0.16532130594654448	0.16532130594654448	small	45518170.5	2.7373853499584384e-42	0.1348470842288374	2.2155895136124175e-36	lower_in_active	3.754128479943001e-41	True	False	False
molformer	molformer_0487	48152	48152	0	2383	45769	0.010616001206755566	-0.07650641421758492	0.007053116336464882	-0.06779500842094421	-0.2183164656162262	0.23235619068145752	-0.2929163873195648	0.14222301542758942	0.0748481247574091	0.0	0.11175517205558001	0.5687641840453576	1	0.5687641840453576	0.06773634428998934	0.049489117793653434	1.3687118968743461	0.13752836809071511	0.13752836809071511	negligible	62033703.0	8.6280127519431e-30	0.09739607463548705	3.7388386012829894e-19	higher_in_active	5.480927937946418e-29	True	False	False
molformer	molformer_0488	48152	48152	0	2383	45769	-0.9907504190451792	-0.8991312667319366	-0.9701182246208191	-0.8954575061798096	-1.2437146306037903	-0.7274936735630035	-1.1170859336853027	-0.6709255576133728	-0.07466071844100952	0.0	0.1104441586750406	0.4306514211145541	-1	0.5693485788854459	0.07266789549933969	0.049489117793653434	1.468361101168361	-0.13869715777089175	0.13869715777089175	negligible	46970085.5	2.857040401858965e-30	0.11435027769539505	2.950926337957624e-26	lower_in_active	1.9417761315289248e-29	True	False	False
molformer	molformer_0489	48152	48152	0	2383	45769	0.42158147003758617	0.4202713229286483	0.3975115716457367	0.41473186016082764	0.10324950143694878	0.7263822257518768	0.14963127672672272	0.6839340925216675	-0.017220288515090942	0.0	0.1659446273689038	0.4971358523605288	-1	0.5028641476394711	0.053117639639356076	0.049489117793653434	1.0733195903962542	-0.005728295278942364	0.005728295278942364	negligible	54221378.0	0.6367876059059687	0.04024792823990586	0.0012636535164482886	lower_in_active	0.6743297198249588	False	False	False
molformer	molformer_0490	48152	48152	0	2383	45769	-0.3535000543515902	-0.35229512567888177	-0.33395013213157654	-0.3375866413116455	-0.5410856604576111	-0.14070212095975876	-0.5423610806465149	-0.146198570728302	0.0036365091800689697	0.0	0.09229174283205455	0.5016402361447143	1	0.5016402361447143	0.051380938211935026	0.049489117793653434	1.0382269982295826	0.0032804722894286265	0.0032804722894286265	negligible	54712660.0	0.7868404904204465	0.017334921328141975	0.4985742025490051	higher_in_active	0.8111322102589301	False	False	False
molformer	molformer_0491	48152	48152	0	2383	45769	0.13817278506253144	-9.955898493289964e-05	0.1170194074511528	-0.015622149221599102	-0.08720425888895988	0.3550281673669815	-0.2108527272939682	0.19263049960136414	0.1326415566727519	0.0	0.09650263157044107	0.622148529140117	1	0.622148529140117	0.0791232844286505	0.049489117793653434	1.598801675118917	0.24429705828023396	0.24429705828023396	small	67856201.5	3.433650436936752e-90	0.17681475440439753	2.0634534208074434e-62	higher_in_active	1.3185217677837128e-87	True	True	True
molformer	molformer_0492	48152	48152	0	2383	45769	0.7176648855228501	0.7401566051955253	0.7374967336654663	0.7564229965209961	0.5141014158725739	0.9446670114994049	0.5293945670127869	0.9727368354797363	-0.018926262855529785	0.0	0.12294276358747144	0.48213860207905873	-1	0.5178613979209412	0.052011810134151654	0.049489117793653434	1.0509746880317543	-0.03572279584188254	0.03572279584188254	negligible	52585665.0	0.0032326114468072854	0.03965579049023449	0.001566534926225883	lower_in_active	0.004497546360775354	True	False	False
molformer	molformer_0493	48152	48152	0	2383	45769	0.058408972309275824	-0.0048881370621693876	0.05307402089238167	0.0048516192473471165	-0.155479334294796	0.27276261150836945	-0.22006940841674805	0.21960987150669098	0.04822240164503455	0.0	0.11294470610456113	0.5502025822956452	1	0.5502025822956452	0.059759461589746855	0.049489117793653434	1.2075273161852667	0.10040516459129045	0.10040516459129045	negligible	60009235.0	1.2672724165591385e-16	0.08346689661350803	3.555110222289631e-14	higher_in_active	3.8930608636696734e-16	True	False	False
molformer	molformer_0494	48152	48152	0	2383	45769	0.49958634964875137	0.5093151807839359	0.507393479347229	0.5264632701873779	0.3106817454099655	0.6886261403560638	0.3191756010055542	0.7177317142486572	-0.019069790840148926	0.0	0.0965240213586278	0.48387836372232035	-1	0.5161216362776797	0.05077073481341411	0.049489117793653434	1.025896946175206	-0.032243272555359304	0.032243272555359304	negligible	52775416.5	0.00786334473699747	0.03851663382814208	0.002347288152125105	lower_in_active	0.010502693492198359	True	False	False
molformer	molformer_0495	48152	48152	0	2383	45769	0.15225708586954567	0.1044405681907108	0.18437208235263824	0.1282253861427307	-0.0833953209221363	0.4116135835647583	-0.16461661458015442	0.4017062783241272	0.05614669620990753	0.0	0.16691101308759532	0.5350212121340204	1	0.5350212121340204	0.0532577452520812	0.049489117793653434	1.0761506291977396	0.07004242426804086	0.07004242426804086	negligible	58353440.5	7.75275229581139e-09	0.07100900894177237	2.2403761654028155e-10	higher_in_active	1.5793405207382353e-08	True	False	False
molformer	molformer_0496	48152	48152	0	2383	45769	0.06269673323806882	0.011775787741169321	0.03616541996598244	-0.01821882650256157	-0.1929320991039276	0.3092350512742996	-0.2546044588088989	0.24208766222000122	0.054384246468544006	0.0	0.13999044947285794	0.5437083761879006	1	0.5437083761879006	0.05520456194821	0.049489117793653434	1.1154889076501082	0.08741675237580115	0.08741675237580115	negligible	59300928.0	5.764010546777592e-13	0.06784963594159427	1.6447596177464862e-09	higher_in_active	1.4755866999750635e-12	True	False	False
molformer	molformer_0497	48152	48152	0	2383	45769	-0.1653800415742781	-0.1717507972542731	-0.1479855328798294	-0.16999180614948273	-0.34685181081295013	0.038057709112763405	-0.3979851007461548	0.05928453430533409	0.02200627326965332	0.0	0.10739063531518604	0.5113630063327648	1	0.5113630063327648	0.04833838550406738	0.049489117793653434	0.976747771209338	0.022726012665529538	0.022726012665529538	negligible	55773098.5	0.06101957547243953	0.05470360577626371	2.480609002167747e-06	higher_in_active	0.0741503701943569	False	False	False
molformer	molformer_0498	48152	48152	0	2383	45769	0.19666202189506313	0.14926058681823587	0.20914553105831146	0.15796156227588654	0.0038105075946077704	0.40823352336883545	-0.04709327965974808	0.36141517758369446	0.05118396878242493	0.0	0.10166654508066146	0.5450479087143876	1	0.5450479087143876	0.05661533572468532	0.049489117793653434	1.143995654979038	0.09009581742877515	0.09009581742877515	negligible	59447027.5	1.1126296345325052e-13	0.07700650441996365	3.962840063591473e-12	higher_in_active	2.987760696926448e-13	True	False	False
molformer	molformer_0499	48152	48152	0	2383	45769	0.27635296408030446	0.28702998371356414	0.28271806240081787	0.28539422154426575	0.042989714071154594	0.5226000249385834	0.044811688363552094	0.5448049306869507	-0.002676159143447876	0.0	0.1250290404268591	0.49210989720157494	-1	0.5078901027984251	0.05110891449962757	0.049489117793653434	1.0327303613034269	-0.015780205596850116	0.015780205596850116	negligible	53673209.5	0.19332839634201104	0.024937239110592424	0.11755513421645547	lower_in_active	0.2236145700247999	False	False	False
molformer	molformer_0500	48152	48152	0	2383	45769	0.16904192646618177	0.07167420624218174	0.1859768033027649	0.10619740188121796	-0.08115503191947937	0.4521954208612442	-0.2320820838212967	0.3921336233615875	0.07977940142154694	0.0	0.1955550753447682	0.5605662811076665	1	0.5605662811076665	0.057930371954996125	0.049489117793653434	1.1705678851770764	0.12113256221533297	0.12113256221533297	negligible	61139578.0	1.769115504042931e-23	0.1033550710286115	1.6110071090093534e-21	higher_in_active	7.590395011759614e-23	True	False	False
molformer	molformer_0501	48152	48152	0	2383	45769	0.22974103032308182	0.25427529760589357	0.24690450727939606	0.265794575214386	-0.001584356534294784	0.46612468361854553	0.03783087804913521	0.49000638723373413	-0.01889006793498993	0.0	0.11254258243511789	0.48019361436516295	-1	0.519806385634837	0.05485631534922743	0.049489117793653434	1.1084520758271081	-0.03961277126967411	0.03961277126967411	negligible	52373530.0	0.0010932287732090366	0.039974913889814334	0.0013957985830840298	lower_in_active	0.0015841503732538494	True	False	False
molformer	molformer_0502	48152	48152	0	2383	45769	-0.1384259507623649	-0.267278287410235	-0.1159687414765358	-0.24725614488124847	-0.424862340092659	0.1694343164563179	-0.5683676600456238	0.054545603692531586	0.13128740340471268	0.0	0.20457245086672257	0.5807578684717037	1	0.5807578684717037	0.06681430797129943	0.049489117793653434	1.3500808046303021	0.16151573694340748	0.16151573694340748	small	63341824.5	1.916925974154643e-40	0.12082615570810551	2.841156535347901e-29	higher_in_active	2.3368240446837556e-39	True	False	False
molformer	molformer_0503	48152	48152	0	2383	45769	-0.3768284324734852	-0.3232860239876601	-0.37222379446029663	-0.3261346220970154	-0.5628285706043243	-0.18368752300739288	-0.5028870105743408	-0.1439027041196823	-0.04608917236328125	0.0	0.07568407010157732	0.4476898976539552	-1	0.5523101023460447	0.0660069435655648	0.049489117793653434	1.3337668260885758	-0.10462020469208955	0.10462020469208955	negligible	48828430.0	6.461626075808008e-18	0.08639241449015345	3.709483903810506e-15	lower_in_active	2.1207388146241666e-17	True	False	False
molformer	molformer_0504	48152	48152	0	2383	45769	0.025837427175249957	-0.03393327069726807	0.018672868609428406	-0.039235226809978485	-0.1711428537964821	0.21322092413902283	-0.2418520599603653	0.1700240820646286	0.05790809541940689	0.0	0.10071813511336436	0.5537104504074801	1	0.5537104504074801	0.056980914298378246	0.049489117793653434	1.1513827046980736	0.10742090081496025	0.10742090081496025	negligible	60391829.5	8.373165863006601e-19	0.08304462610580693	4.8946468201912326e-14	higher_in_active	2.845394417163305e-18	True	False	False
molformer	molformer_0505	48152	48152	0	2383	45769	-0.03827793113694679	0.04357035951101296	-0.030244413763284683	0.04858268052339554	-0.2468312680721283	0.17026382684707642	-0.13916245102882385	0.22893987596035004	-0.07882709428668022	0.0	0.08742373405406278	0.4243708991403096	-1	0.5756291008596903	0.0677930681771945	0.049489117793653434	1.369858085970738	-0.15125820171938076	0.15125820171938076	small	46285084.5	1.1083863079064754e-35	0.12019666495234649	5.676618021580984e-29	lower_in_active	1.0913342108617605e-34	True	False	False
molformer	molformer_0506	48152	48152	0	2383	45769	-0.06936478339947526	-0.0572443565781546	-0.05049797147512436	-0.044293470680713654	-0.23087675869464874	0.10760125890374184	-0.22135835886001587	0.12171226739883423	-0.006204500794410706	0.0	0.07447415056679356	0.4905477365412347	-1	0.5094522634587653	0.051670846434525616	0.049489117793653434	1.0440850178410732	-0.01890452691753064	0.01890452691753064	negligible	53502828.5	0.11915261184614422	0.019702023682997782	0.33847689381970536	lower_in_active	0.14100031725398884	False	False	False
molformer	molformer_0507	48152	48152	0	2383	45769	-0.24940600929270626	-0.21407670988430574	-0.26531603932380676	-0.22061389684677124	-0.47419141232967377	-0.040831251069903374	-0.42861855030059814	-0.01314390730112791	-0.04470214247703552	0.0	0.10183255418112663	0.4658802019046421	-1	0.5341197980953579	0.058437747153919806	0.049489117793653434	1.180820143078282	-0.06823959619071585	0.06823959619071585	negligible	50812401.5	1.8536120289172323e-08	0.06063646240003223	1.1084459907819508e-07	lower_in_active	3.736414798447335e-08	True	False	False
molformer	molformer_0508	48152	48152	0	2383	45769	0.02655728841433375	-0.06161725181754488	0.024898696690797806	-0.06046520546078682	-0.21889551728963852	0.26830655336380005	-0.28913185000419617	0.16245102882385254	0.08536390215158463	0.0	0.1204581260712882	0.570007221306118	1	0.570007221306118	0.06619620847873099	0.049489117793653434	1.3375912004481134	0.14001444261223606	0.14001444261223606	negligible	62169278.0	8.130957763883077e-31	0.11061027357849595	1.3662645244960916e-24	higher_in_active	5.79218532260013e-30	True	False	False
molformer	molformer_0509	48152	48152	0	2383	45769	0.19504881911517827	0.15667748493902114	0.2191135734319687	0.1865893453359604	-0.03251993656158447	0.4436011463403702	-0.06819219887256622	0.4162576496601105	0.0325242280960083	0.0	0.14234086295293688	0.5251702644729443	1	0.5251702644729443	0.05322158848305127	0.049489117793653434	1.0754200288023017	0.050340528945888696	0.050340528945888696	negligible	57279022.0	3.329435381559636e-05	0.040775115401672224	0.0010408493041438724	higher_in_active	5.3606003627626846e-05	True	False	False
molformer	molformer_0510	48152	48152	0	2383	45769	-0.477747287828323	-0.5167370451054725	-0.5121346712112427	-0.5274403095245361	-0.7076902091503143	-0.2851981371641159	-0.7147507071495056	-0.33106565475463867	0.015305638313293457	0.0	0.09516446466414577	0.5232114000347694	1	0.5232114000347694	0.06009753803817614	0.049489117793653434	1.214358645243079	0.046422800069538805	0.046422800069538805	negligible	57065373.5	0.00012985629961202993	0.05135415786955544	1.2451196127804039e-05	higher_in_active	0.0001998589941924629	True	False	False
molformer	molformer_0511	48152	48152	0	2383	45769	-0.0923804260580014	0.007215673558690721	-0.12097842246294022	-0.018503911793231964	-0.3486298471689224	0.13409829139709473	-0.24351675808429718	0.2294382005929947	-0.10247451066970825	0.0	0.13841193513091435	0.4195892880197054	-1	0.5804107119802946	0.0671135869351553	0.049489117793653434	1.3561281737732263	-0.16082142396058918	0.16082142396058918	small	45763566.0	4.117970449237894e-40	0.12988347118203203	8.958979144846358e-34	lower_in_active	4.9415645390854725e-39	True	False	False
molformer	molformer_0512	48152	48152	0	2383	45769	-0.09799985717722037	-0.14023757472222848	-0.11038696020841599	-0.14654140174388885	-0.2904582768678665	0.08542945981025696	-0.326459676027298	0.0391303114593029	0.03615444153547287	0.0	0.08388311819838408	0.5398138668716674	1	0.5398138668716674	0.05758222118878542	0.049489117793653434	1.163532989795382	0.07962773374333487	0.07962773374333487	negligible	58876163.5	5.2423490803150644e-11	0.05753474175682011	5.858272128225524e-07	higher_in_active	1.238807413440606e-10	True	False	False
molformer	molformer_0513	48152	48152	0	2383	45769	0.4920890629014541	0.6010588715499134	0.4741036593914032	0.5680456757545471	0.24239818006753922	0.7296189963817596	0.34140250086784363	0.8277307748794556	-0.09394201636314392	0.0	0.1628846156868777	0.4255060491102911	-1	0.5744939508897089	0.06705159819187356	0.049489117793653434	1.3548756005602582	-0.1489879017794178	0.1489879017794178	small	46408892.5	1.1401663103112594e-34	0.11292742522712557	1.2888725033200915e-25	lower_in_active	1.0810465757025274e-33	True	False	False
molformer	molformer_0514	48152	48152	0	2383	45769	-0.46750333225218743	-0.4371083275456737	-0.4606955051422119	-0.43653404712677	-0.6615462601184845	-0.27085067331790924	-0.617888867855072	-0.255813866853714	-0.024161458015441895	0.0	0.08368910794382664	0.47319029246899497	-1	0.5268097075310051	0.05696267469770058	0.049489117793653434	1.1510141468920176	-0.05361941506201007	0.05361941506201007	negligible	51609695.0	9.871757183308806e-06	0.05628211410716227	1.1194287554649464e-06	lower_in_active	1.6410193759266587e-05	True	False	False
molformer	molformer_0515	48152	48152	0	2383	45769	-0.2552030166884179	-0.22483020822236133	-0.2500361502170563	-0.21848486363887787	-0.47332295775413513	-0.00567847746424377	-0.4356990158557892	0.00745828403159976	-0.031551286578178406	0.0	0.1259038747730046	0.47563808336829716	-1	0.5243619166317028	0.05435810074996496	0.049489117793653434	1.0983849212389059	-0.04872383326340568	0.04872383326340568	negligible	51876669.5	5.9091386737692415e-05	0.04997038211015825	2.3536641380707015e-05	lower_in_active	9.376484507137969e-05	True	False	False
molformer	molformer_0516	48152	48152	0	2383	45769	-0.2848097861395315	-0.34310507767695564	-0.2911941409111023	-0.34448251128196716	-0.5177765488624573	-0.05966290272772312	-0.5760214328765869	-0.10647151619195938	0.05328837037086487	0.0	0.12016465125979993	0.5458496505563933	1	0.5458496505563933	0.05894934399401548	0.049489117793653434	1.1911577054132745	0.09169930111278668	0.09169930111278668	negligible	59534471.5	4.062710710173503e-14	0.07457131580511589	2.1217660551298558e-11	higher_in_active	1.1143435090761609e-13	True	False	False
molformer	molformer_0517	48152	48152	0	2383	45769	0.43004939769106293	0.5174710127202696	0.4564949572086334	0.5290617942810059	0.1780334636569023	0.6849870681762695	0.2965543866157532	0.7515690326690674	-0.07256683707237244	0.0	0.11723626773632137	0.43285341474736105	-1	0.567146585252639	0.0671205415655722	0.049489117793653434	1.3562687022515454	-0.1342931705052779	0.1342931705052779	negligible	47210251.5	1.752528826737668e-28	0.10017523364218206	3.069516389804708e-20	lower_in_active	1.0119865706274654e-27	True	False	False
molformer	molformer_0518	48152	48152	0	2383	45769	-0.31790525229391575	-0.3697341359416773	-0.3157283663749695	-0.36169326305389404	-0.5178911685943604	-0.12443383783102036	-0.5883496999740601	-0.15086568892002106	0.04596489667892456	0.0	0.09983632483734743	0.5438839463188708	1	0.5438839463188708	0.05639927341375367	0.049489117793653434	1.1396298000080012	0.08776789263774165	0.08776789263774165	negligible	59320077.0	4.658849569529624e-13	0.07205076722790277	1.138086352226551e-10	higher_in_active	1.1966543375915556e-12	True	False	False
molformer	molformer_0519	48152	48152	0	2383	45769	0.23742588192393355	0.310515233787182	0.23918229341506958	0.31418126821517944	0.0199903454631567	0.44294601678848267	0.10692871361970901	0.5132655501365662	-0.07499897480010986	0.0	0.0952795837049867	0.43236391983106026	-1	0.5676360801689397	0.061947708520105234	0.049489117793653434	1.2517440455980307	-0.13527216033787948	0.13527216033787948	negligible	47156863.5	7.098478495813924e-29	0.10027015648754928	2.81478300552489e-20	lower_in_active	4.1615507517443465e-28	True	False	False
molformer	molformer_0520	48152	48152	0	2383	45769	0.685379781755846	0.6967898969206477	0.6919863224029541	0.6966037154197693	0.4457566887140274	0.9333425164222717	0.4437422454357147	0.9462378621101379	-0.0046173930168151855	0.0	0.1371551764395789	0.49486735864103715	-1	0.5051326413589629	0.0509959127507198	0.049489117793653434	1.030446995708208	-0.010265282717925706	0.010265282717925706	negligible	53973959.0	0.3974474943491251	0.017576248886618684	0.4806860173192935	lower_in_active	0.4423763415364175	False	False	False
molformer	molformer_0521	48152	48152	0	2383	45769	0.0848451825045462	0.009822304901705372	0.08548783510923386	0.009749767370522022	-0.1352810561656952	0.29939164221286774	-0.20713508129119873	0.22559700906276703	0.07573806773871183	0.0	0.11123425911266878	0.5652050403599964	1	0.5652050403599964	0.06048678531560749	0.049489117793653434	1.222223955735263	0.13041008071999283	0.13041008071999283	negligible	61645516.0	5.927188255488853e-27	0.09677599089598876	6.467991530030379e-19	higher_in_active	3.205690549447492e-26	True	False	False
molformer	molformer_0522	48152	48152	0	2383	45769	0.040823584929055017	-0.02483862440967823	0.06339478492736816	-0.016991501674056053	-0.1663511022925377	0.26542165875434875	-0.22701135277748108	0.18608364462852478	0.08038628660142422	0.0	0.10458622707385658	0.5639628741192602	1	0.5639628741192602	0.06083247477571464	0.049489117793653434	1.229209116827617	0.12792574823852032	0.12792574823852032	negligible	61510036.0	5.346176408202972e-26	0.10930232240435778	5.067711440594206e-24	higher_in_active	2.6835709029410995e-25	True	False	False
molformer	molformer_0523	48152	48152	0	2383	45769	0.46384266577854616	0.5068897792045118	0.4821355938911438	0.5271312594413757	0.270979106426239	0.6694849133491516	0.3131595849990845	0.7240390777587891	-0.044995665550231934	0.0	0.09485550882322825	0.4566441943806061	-1	0.5433558056193939	0.05552015139832123	0.049489117793653434	1.1218658540209667	-0.08671161123878779	0.08671161123878779	negligible	49805053.0	8.816376548731156e-13	0.06884444166410786	8.866520363010642e-10	lower_in_active	2.2272951281005028e-12	True	False	False
molformer	molformer_0524	48152	48152	0	2383	45769	0.13303463337894839	0.09924092349637555	0.13065052032470703	0.09675443172454834	-0.05057093873620033	0.32053379714488983	-0.07459180057048798	0.27448028326034546	0.03389608860015869	0.0	0.07009392488809169	0.5355817410254475	1	0.5355817410254475	0.057418964122928094	0.049489117793653434	1.1602341420256959	0.07116348205089507	0.07116348205089507	negligible	58414576.0	4.460065027979959e-09	0.05563617482589489	1.5545090348037575e-06	higher_in_active	9.207876186797335e-09	True	False	False
molformer	molformer_0525	48152	48152	0	2383	45769	-0.07276631406611751	-0.11130817198498488	-0.0838681235909462	-0.12402887642383575	-0.3189447671175003	0.15288948267698288	-0.33833280205726624	0.10281074792146683	0.04016075283288956	0.0	0.11357846037406143	0.5294056085089378	1	0.5294056085089378	0.05650647032855945	0.049489117793653434	1.1417958704409543	0.05881121701787562	0.05881121701787562	negligible	57740960.5	1.2475328599429374e-06	0.05155354810602797	1.1343363405876327e-05	higher_in_active	2.2127141719080272e-06	True	False	False
molformer	molformer_0526	48152	48152	0	2383	45769	-0.11718701035128189	-0.20507823846271583	-0.1468816101551056	-0.2294042855501175	-0.3588871657848358	0.0923188328742981	-0.41694262623786926	-0.019504651427268982	0.0825226753950119	0.0	0.09630267101473956	0.5727178677114408	1	0.5727178677114408	0.06899750875957418	0.049489117793653434	1.3941955693625747	0.14543573542288168	0.14543573542288168	negligible	62464921.5	4.078306046968398e-33	0.11561562223740529	7.830181026763778e-27	higher_in_active	3.6420221442694534e-32	True	False	False
molformer	molformer_0527	48152	48152	0	2383	45769	0.3357817344295569	0.37423652358008885	0.32927531003952026	0.3585875928401947	0.1209367960691452	0.5572383999824524	0.14922727644443512	0.5840333104133606	-0.02931228280067444	0.0	0.1122470653520894	0.47244044966747983	-1	0.5275595503325201	0.057655888890528945	0.049489117793653434	1.165021553443873	-0.05511910066504033	0.05511910066504033	negligible	51527911.5	5.530527171232684e-06	0.04325097606733125	0.0004046746947846709	lower_in_active	9.355605435036787e-06	True	False	False
molformer	molformer_0528	48152	48152	0	2383	45769	-0.40984513311287074	-0.4067503983127509	-0.41489455103874207	-0.4005873203277588	-0.6350153088569641	-0.18595003336668015	-0.635674238204956	-0.1721920520067215	-0.014307230710983276	0.0	0.11295267534516859	0.49301564800309444	-1	0.5069843519969055	0.04920653487274635	0.049489117793653434	0.9942899988218556	-0.013968703993811116	0.013968703993811116	negligible	53771997.5	0.2495390529127547	0.021951877573973044	0.2218364473166463	lower_in_active	0.28391998909184535	False	False	False
molformer	molformer_0529	48152	48152	0	2383	45769	-0.10036357694297517	-0.12728062508525456	-0.13255836069583893	-0.14962346851825714	-0.29163357615470886	0.0716254971921444	-0.3077847361564636	0.028925776481628418	0.017065107822418213	0.0	0.07244610395532829	0.5249926222311798	1	0.5249926222311798	0.05625574607907518	0.049489117793653434	1.1367296203103767	0.049985244462359635	0.049985244462359635	negligible	57259647.0	3.782300270454011e-05	0.05082005755938712	1.5952962749848338e-05	higher_in_active	6.0770012713570725e-05	True	False	False
molformer	molformer_0530	48152	48152	0	2383	45769	-0.18457974522192155	-0.19667084676625932	-0.1695801317691803	-0.17903472483158112	-0.3739415258169174	0.03385215066373348	-0.3849135637283325	0.003101048059761524	0.009454593062400818	0.0	0.08840989192311728	0.515029977712798	1	0.515029977712798	0.05282378629769982	0.049489117793653434	1.0673818538845328	0.03005995542559603	0.03005995542559603	negligible	56173046.0	0.013215583437839424	0.044419325653179964	0.0002541554251792665	higher_in_active	0.017231864312836465	True	False	False
molformer	molformer_0531	48152	48152	0	2383	45769	-0.3814285058382898	-0.2772774715947175	-0.36766523122787476	-0.2708248794078827	-0.6633758842945099	-0.08487663045525551	-0.5335218906402588	-0.009482027031481266	-0.09684035181999207	0.0	0.13922093620678136	0.42849057630141374	-1	0.5715094236985864	0.07038432088128449	0.049489117793653434	1.42221813641444	-0.14301884739717252	0.14301884739717252	negligible	46734407.5	4.4293633872149853e-32	0.11052931455941051	1.4824166846721403e-24	lower_in_active	3.610927310903038e-31	True	False	False
molformer	molformer_0532	48152	48152	0	2383	45769	0.1336202999480919	0.19296091804777166	0.14413711428642273	0.20516133308410645	-0.04405743628740311	0.3230290412902832	0.0020103526767343283	0.393074631690979	-0.061024218797683716	0.0	0.0879527020630228	0.44009238881890117	-1	0.5599076111810989	0.0578469472046457	0.049489117793653434	1.1688821660923623	-0.11981522236219766	0.11981522236219766	negligible	47999788.5	5.2572794996553765e-23	0.09151440648324216	5.873816803412299e-17	lower_in_active	2.20633369165865e-22	True	False	False
molformer	molformer_0533	48152	48152	0	2383	45769	-0.011256843401059318	-0.048999980097540786	-0.00883021205663681	-0.047496598213911057	-0.18649979680776596	0.1659850850701332	-0.24171969294548035	0.14025510847568512	0.038666386157274246	0.0	0.08328997000221322	0.540592127847549	1	0.540592127847549	0.05590277537219068	0.049489117793653434	1.1295973309784832	0.0811842556950979	0.0811842556950979	negligible	58961046.5	2.1985080767441296e-11	0.0739783345413158	3.166492002495016e-11	higher_in_active	5.2844396143968556e-11	True	False	False
molformer	molformer_0534	48152	48152	0	2383	45769	-0.12512787587762284	-0.20595515051972615	-0.11814669519662857	-0.20592322945594788	-0.3796728700399399	0.13925160467624664	-0.46918219327926636	0.05110211297869682	0.0877765342593193	0.0	0.15812614006582135	0.56142360778016	1	0.56142360778016	0.058918457815113484	0.049489117793653434	1.1905336049993052	0.12284721556031997	0.12284721556031997	negligible	61233084.5	4.212046786912743e-24	0.09184340449930617	4.4638586870189444e-17	higher_in_active	1.869856608294212e-23	True	False	False
molformer	molformer_0535	48152	48152	0	2383	45769	-0.25475130575307525	-0.31697176318483017	-0.28986188769340515	-0.3438901901245117	-0.48324501514434814	-0.06917665526270866	-0.5299990773200989	-0.13549810647964478	0.05402830243110657	0.0	0.10067484181822199	0.5517838870592527	1	0.5517838870592527	0.061234311732885516	0.049489117793653434	1.2373288202106183	0.10356777411850548	0.10356777411850548	negligible	60181704.0	1.3737704883015414e-17	0.07901358210863252	9.544260561326918e-13	higher_in_active	4.414459142324619e-17	True	False	False
molformer	molformer_0536	48152	48152	0	2383	45769	0.4419821415028091	0.32295177515950313	0.4443696141242981	0.31805506348609924	0.20119048655033112	0.6759802997112274	0.10378438234329224	0.5397393703460693	0.12631455063819885	0.0	0.10398485443876222	0.6028200492709439	1	0.6028200492709439	0.07390908337117158	0.049489117793653434	1.49344111728437	0.2056400985418878	0.2056400985418878	small	65748092.0	1.880626191748754e-64	0.15445714653455012	1.1841576781579435e-47	higher_in_active	8.024005084794684e-63	True	True	True
molformer	molformer_0537	48152	48152	0	2383	45769	0.012413543013081407	0.0654647377777872	0.029540598392486572	0.09797118604183197	-0.15427932143211365	0.20828524231910706	-0.08369331061840057	0.261005699634552	-0.0684305876493454	0.0	0.0908514014229106	0.4363125745025831	-1	0.5636874254974169	0.05899320863547761	0.049489117793653434	1.192044054643524	-0.1273748509948338	0.1273748509948338	negligible	47587533.5	8.657848499991785e-26	0.10444877878270764	5.721687595590636e-22	lower_in_active	4.317680290904994e-25	True	False	False
molformer	molformer_0538	48152	48152	0	2383	45769	0.5948530564922493	0.6022547028422791	0.6039274334907532	0.5939308404922485	0.30340178310871124	0.8926992416381836	0.33110085129737854	0.8702521324157715	0.009996592998504639	0.0	0.1522569887243408	0.49705249574421906	-1	0.5029475042557808	0.05364013490989056	0.049489117793653434	1.0838773714565884	-0.005895008511561883	0.005895008511561883	negligible	54212286.5	0.6270114544820777	0.03361713702374494	0.011684852778907033	lower_in_active	0.6651171229865134	False	False	False
molformer	molformer_0539	48152	48152	0	2383	45769	-0.003671259865487378	-0.04593148690621094	-0.025635574012994766	-0.05134980380535126	-0.23891469091176987	0.2103879228234291	-0.2404949814081192	0.1440439224243164	0.02571422979235649	0.0	0.08906769497228442	0.5298695183581086	1	0.5298695183581086	0.0637945714595535	0.049489117793653434	1.2890626122200672	0.059739036716217164	0.059739036716217164	negligible	57791558.0	8.461217101019667e-07	0.06858933365198605	1.0397818741429146e-09	higher_in_active	1.525402519620447e-06	True	False	False
molformer	molformer_0540	48152	48152	0	2383	45769	0.1286042043811102	0.0864984880169488	0.1491551697254181	0.10794829577207565	-0.059777986258268356	0.34453000128269196	-0.10551487654447556	0.3070606589317322	0.04120687395334244	0.0	0.104109044272808	0.5374592888678956	1	0.5374592888678956	0.0569019749874891	0.049489117793653434	1.149787620477371	0.07491857773579125	0.07491857773579125	negligible	58619355.5	6.587116487529287e-10	0.06254852555701568	3.802201688761502e-08	higher_in_active	1.4454015606921406e-09	True	False	False
molformer	molformer_0541	48152	48152	0	2383	45769	2.383057906967324	2.250669970617935	2.3369553089141846	2.186664342880249	1.834578275680542	2.8568482398986816	1.7159816026687622	2.6690683364868164	0.15029096603393555	0.0	0.633348825765664	0.5544995441218723	1	0.5544995441218723	0.05736409900798174	0.049489117793653434	1.1591255121411401	0.1089990882437446	0.1089990882437446	negligible	60477894.0	2.586645613176913e-19	0.08638119208478978	3.742343830289213e-15	higher_in_active	9.112586380366372e-19	True	False	False
molformer	molformer_0542	48152	48152	0	2383	45769	-0.6057034278136748	-0.5389079647418434	-0.6155105233192444	-0.5489410758018494	-0.8064326643943787	-0.4148559868335724	-0.7365677356719971	-0.35095158219337463	-0.06656944751739502	0.0	0.08847801258928394	0.43504822475712684	-1	0.5649517752428732	0.06180782919780106	0.049489117793653434	1.248917579325437	-0.1299035504857463	0.1299035504857463	negligible	47449634.0	9.312559868975532e-27	0.10289852817511852	2.47371059597157e-21	lower_in_active	4.9324455030160064e-26	True	False	False
molformer	molformer_0543	48152	48152	0	2383	45769	0.32664891773179056	0.2755048512100911	0.341336190700531	0.2882366478443146	0.0707663856446743	0.6150317788124084	0.013280853629112244	0.5480621457099915	0.05309954285621643	0.0	0.16336324031106864	0.5388720650097806	1	0.5388720650097806	0.05795892764397571	0.049489117793653434	1.1711448946339564	0.07774413001956115	0.07774413001956115	negligible	58773443.5	1.4684663382780105e-10	0.06276023843467182	3.370501654784248e-08	higher_in_active	3.3765932568787786e-10	True	False	False
molformer	molformer_0544	48152	48152	0	2383	45769	-0.4724527705375588	-0.5014568080182467	-0.47467559576034546	-0.4995260238647461	-0.6670548617839813	-0.27978408336639404	-0.6784399747848511	-0.3243611752986908	0.024850428104400635	0.0	0.0706969505294367	0.5272663787453438	1	0.5272663787453438	0.058656568703588166	0.049489117793653434	1.1852417525032217	0.05453275749068753	0.05453275749068753	negligible	57507640.0	6.948750776556856e-06	0.056740233965330455	8.848369894981318e-07	higher_in_active	1.1652053703920667e-05	True	False	False
molformer	molformer_0545	48152	48152	0	2383	45769	0.07602614460659456	0.14457020083993619	0.0878116637468338	0.15084022283554077	-0.11430240049958229	0.2833027243614197	-0.036011382937431335	0.3354521095752716	-0.06302855908870697	0.0	0.07777874158377726	0.43646244495852554	-1	0.5635375550414745	0.06738795761903299	0.049489117793653434	1.3616722346922687	-0.12707511008294892	0.12707511008294892	negligible	47603879.5	1.1244821203111033e-25	0.09532243267971047	2.3053966135146444e-18	lower_in_active	5.535911976916201e-25	True	False	False
molformer	molformer_0546	48152	48152	0	2383	45769	-0.12295140498132627	-0.016380773253835763	-0.12171436846256256	-0.007538385223597288	-0.35594066977500916	0.10956161469221115	-0.22852225601673126	0.19794344902038574	-0.11417598323896527	0.0	0.09896573410843702	0.4073660806483675	-1	0.5926339193516325	0.0741115722252482	0.049489117793653434	1.4975327007092534	-0.18526783870326502	0.18526783870326502	small	44430411.0	1.1746322041218272e-52	0.14297775358929699	7.256569798472689e-41	lower_in_active	2.910056557308269e-51	True	False	False
molformer	molformer_0547	48152	48152	0	2383	45769	-0.10497047882245113	-0.16531862099631145	-0.11104753613471985	-0.1707761287689209	-0.3080645352602005	0.09517770260572433	-0.36533474922180176	0.028019007295370102	0.05972859263420105	0.0	0.09463030557607313	0.5550947671161555	1	0.5550947671161555	0.0613931830591425	0.049489117793653434	1.2405390476977882	0.11018953423231093	0.11018953423231093	negligible	60542813.5	1.0546675575766467e-19	0.08421309488386952	2.0124553493388387e-14	higher_in_active	3.7849751599012366e-19	True	False	False
molformer	molformer_0548	48152	48152	0	2383	45769	-0.8650383129932335	-0.8913156611690317	-0.858040452003479	-0.8705203533172607	-1.1119948029518127	-0.6249019503593445	-1.1285051107406616	-0.6449210047721863	0.012479901313781738	0.0	0.13520631171932923	0.5168721988167936	1	0.5168721988167936	0.05389408856131944	0.049489117793653434	1.0890088763762709	0.033744397633587164	0.033744397633587164	negligible	56373972.5	0.005408785286980785	0.02766299083686008	0.0612912379047299	higher_in_active	0.007365154433335536	True	False	False
molformer	molformer_0549	48152	48152	0	2383	45769	0.03273212585099789	-0.008602125795389777	0.03896867856383324	-0.010338740423321724	-0.13157808780670166	0.20500874519348145	-0.1603906899690628	0.14594915509223938	0.04930741898715496	0.0	0.06114028916837289	0.5507550794655866	1	0.5507550794655866	0.06209793591805452	0.049489117793653434	1.2547796098724973	0.1015101589311731	0.1015101589311731	negligible	60069494.5	5.875323988026865e-17	0.08885278016801457	5.218050357984513e-16	higher_in_active	1.841734213389646e-16	True	False	False
molformer	molformer_0550	48152	48152	0	2383	45769	0.1654360628981804	0.18540777547446474	0.1569938361644745	0.1825757920742035	-0.04955192096531391	0.3589423596858978	-0.014454428106546402	0.38225945830345154	-0.025581955909729004	0.0	0.09502567910378557	0.47717514031467867	-1	0.5228248596853213	0.053758074733508555	0.049489117793653434	1.0862605180729767	-0.04564971937064266	0.04564971937064266	negligible	52044312.5	0.00016788433780735276	0.044496287148786284	0.0002463790529723857	lower_in_active	0.00025633234877941736	True	False	False
molformer	molformer_0551	48152	48152	0	2383	45769	0.03599586829087345	0.07416134262357905	0.041293915361166	0.07950998842716217	-0.156451016664505	0.23369663953781128	-0.10798799991607666	0.2569393515586853	-0.03821607306599617	0.0	0.08519551494775929	0.4622863182732657	-1	0.5377136817267343	0.056970037558334116	0.049489117793653434	1.1511629242588772	-0.07542736345346857	0.07542736345346857	negligible	50420425.5	5.046883940582947e-10	0.06909800934608151	7.563566015065655e-10	lower_in_active	1.1137950765424434e-09	True	False	False
molformer	molformer_0552	48152	48152	0	2383	45769	1.0370930827682368	0.9572600275578292	1.0403434038162231	0.9647853374481201	0.7613760530948639	1.3087924718856812	0.6567215323448181	1.2613160610198975	0.07555806636810303	0.0	0.1964932510065969	0.5507123536412446	1	0.5507123536412446	0.0581524657931298	0.049489117793653434	1.1750556159759906	0.1014247072824892	0.1014247072824892	negligible	60064834.5	6.236990814622204e-17	0.08402892457623984	2.316997373461709e-14	higher_in_active	1.947158107979615e-16	True	False	False
molformer	molformer_0553	48152	48152	0	2383	45769	-0.2197803270778615	-0.22154374497750987	-0.22249644994735718	-0.23480264842510223	-0.415282666683197	-0.019295583479106426	-0.4343406856060028	-0.02115635573863983	0.012306198477745056	0.0	0.09375860223200874	0.5072842166853201	1	0.5072842166853201	0.0488757757356045	0.049489117793653434	0.9876065267397514	0.014568433370640177	0.014568433370640177	negligible	55328235.0	0.229787398695539	0.030811599863266315	0.02655695634280586	higher_in_active	0.2626141699377588	False	False	False
molformer	molformer_0554	48152	48152	0	2383	45769	0.02520069092803975	0.004418974070367996	0.01166863739490509	-0.007622466888278723	-0.18750689178705215	0.2242969572544098	-0.22353972494602203	0.22599656879901886	0.019291104283183813	0.0	0.10676213524266545	0.5184227336519696	1	0.5184227336519696	0.05155800744377356	0.049489117793653434	1.0418049410124148	0.03684546730393912	0.03684546730393912	negligible	56543085.5	0.002387467688794527	0.045000130973905705	0.00020075895191249535	higher_in_active	0.0033459401186025483	True	False	False
molformer	molformer_0555	48152	48152	0	2383	45769	-0.0859028012459312	-0.10793932018402218	-0.0963306874036789	-0.11699654161930084	-0.27413688600063324	0.10362124815583229	-0.2972058057785034	0.07198411971330643	0.020665854215621948	0.0	0.07857241989231133	0.5245048647706114	1	0.5245048647706114	0.05344647244303006	0.049489117793653434	1.0799641380934886	0.049009729541222846	0.049009729541222846	negligible	57206448.5	5.345640603478674e-05	0.0487783866228122	4.0169139069476835e-05	higher_in_active	8.53524320888071e-05	True	False	False
molformer	molformer_0556	48152	48152	0	2383	45769	0.9065416818941923	0.9543765621841593	0.9162411689758301	0.9675219655036926	0.7163626253604889	1.119791328907013	0.7747020721435547	1.1474559307098389	-0.05128079652786255	0.0	0.08352252930663852	0.4549725556718637	-1	0.5450274443281363	0.06050810374066973	0.049489117793653434	1.222654725690612	-0.09005488865627265	0.09005488865627265	negligible	49622731.5	1.1413555641374502e-13	0.0777972622410335	2.271576794142659e-12	lower_in_active	3.0542197674479503e-13	True	False	False
molformer	molformer_0557	48152	48152	0	2383	45769	-0.05761509343777638	-0.0214380051821249	-0.047931212931871414	-0.00989314541220665	-0.2613591104745865	0.16390177607536316	-0.24288204312324524	0.20949408411979675	-0.038038067519664764	0.0	0.10780666461629716	0.4706947421664745	-1	0.5293052578335256	0.05502102419524443	0.049489117793653434	1.1117802589380654	-0.058610515667051	0.058610515667051	negligible	51337511.5	1.3558263562235685e-06	0.053638861730127996	4.188802373216817e-06	lower_in_active	2.3937348082291966e-06	True	False	False
molformer	molformer_0558	48152	48152	0	2383	45769	-0.22448698550920723	-0.1337532378129664	-0.23088760673999786	-0.1392335742712021	-0.49913832545280457	0.048092348501086235	-0.38754624128341675	0.10991055518388748	-0.09165403246879578	0.0	0.1456415668384558	0.43516990625449864	-1	0.5648300937455013	0.06595300093614606	0.049489117793653434	1.3326768363731871	-0.12966018749100272	0.12966018749100272	negligible	47462905.5	1.1563154037594669e-26	0.09926467847758202	7.017232490830191e-20	lower_in_active	6.041158027804561e-26	True	False	False
molformer	molformer_0559	48152	48152	0	2383	45769	-0.1638184311394523	-0.23415465577191916	-0.16037704050540924	-0.2298249751329422	-0.3702462315559387	0.04916815832257271	-0.41989830136299133	-0.04380667954683304	0.06944793462753296	0.0	0.08405222303313367	0.5670124435846061	1	0.5670124435846061	0.0672511462857382	0.049489117793653434	1.3589077616243666	0.13402488716921224	0.13402488716921224	negligible	61842645.0	2.2425199456630726e-28	0.11056516390987758	1.4298233424205965e-24	higher_in_active	1.2852651628874923e-27	True	False	False
molformer	molformer_0560	48152	48152	0	2383	45769	-0.2527157369167301	-0.2758454840909668	-0.26576700806617737	-0.29875096678733826	-0.469131276011467	-0.05069914646446705	-0.4908638596534729	-0.08308932185173035	0.03298395872116089	0.0	0.10005807319134226	0.5256162863214089	1	0.5256162863214089	0.05285760262785573	0.049489117793653434	1.0680651622897646	0.051232572642817775	0.051232572642817775	negligible	57327668.5	2.4084622507754893e-05	0.049836465073605285	2.5009514585139738e-05	higher_in_active	3.894103175990686e-05	True	False	False
molformer	molformer_0561	48152	48152	0	2383	45769	0.23342338246867747	0.3222083097275393	0.2464531511068344	0.330150842666626	0.022029814310371876	0.44826747477054596	0.1387033462524414	0.5144794583320618	-0.08369769155979156	0.0	0.08911667000063281	0.41845574714461065	-1	0.5815442528553894	0.06970527522797315	0.049489117793653434	1.4084970259241976	-0.1630885057107787	0.1630885057107787	small	45639933.5	3.350770942144816e-41	0.13292822711566565	2.3173704516784657e-35	lower_in_active	4.288986805945364e-40	True	False	False
molformer	molformer_0562	48152	48152	0	2383	45769	-0.26525018105864334	-0.3146035662663944	-0.2852051556110382	-0.31090208888053894	-0.5393112897872925	0.0035935586784034967	-0.5871169567108154	-0.03299843519926071	0.025696933269500732	0.0	0.16902600958382352	0.5278946500730689	1	0.5278946500730689	0.055193245247913074	0.049489117793653434	1.1152602371705875	0.05578930014613781	0.05578930014613781	negligible	57576164.0	4.2486658468525815e-06	0.04440000734590782	0.00025614346654434235	higher_in_active	7.283427166032997e-06	True	False	False
molformer	molformer_0563	48152	48152	0	2383	45769	-0.0718419765558438	-0.05176065951815706	-0.08130375295877457	-0.0629199668765068	-0.2579246163368225	0.09856561198830605	-0.24489261209964752	0.1297997683286667	-0.01838378608226776	0.0	0.08440835102148729	0.47929507469258015	-1	0.5207049253074199	0.05185743255778674	0.049489117793653434	1.0478552633330034	-0.041409850614839705	0.041409850614839705	negligible	52275528.5	0.0006413351827400133	0.043105277338872816	0.0004284692445053584	lower_in_active	0.0009490277848638347	True	False	False
molformer	molformer_0564	48152	48152	0	2383	45769	0.3370827481581011	0.3430816784580378	0.34212344884872437	0.33298131823539734	0.13129885494709015	0.5475472509860992	0.13629868626594543	0.5410638451576233	0.009142130613327026	0.0	0.09199034719912746	0.5015712788646982	1	0.5015712788646982	0.04987640721341726	0.049489117793653434	1.0078257491147578	0.0031425577293964224	0.0031425577293964224	negligible	54705139.0	0.7955989237090558	0.023719021336203946	0.15385693123630795	higher_in_active	0.8179651585121216	False	False	False
molformer	molformer_0565	48152	48152	0	2383	45769	-0.2866012516408403	-0.2855273076566384	-0.3219529092311859	-0.32328546047210693	-0.5802578628063202	-0.04104101471602917	-0.6337481141090393	0.008240027353167534	0.0013325512409210205	0.0	0.227472638556762	0.5048310483834477	1	0.5048310483834477	0.04792213844520233	0.049489117793653434	0.9683368906476636	0.009662096766895445	0.009662096766895445	negligible	55060674.0	0.4257607876210624	0.052444069810072796	7.4487086233073205e-06	higher_in_active	0.4677886765278625	False	False	False
molformer	molformer_0566	48152	48152	0	2383	45769	-0.3837112118538893	-0.3435862989896822	-0.3927863836288452	-0.3523198068141937	-0.5835053026676178	-0.1921357735991478	-0.5288758873939514	-0.1680220514535904	-0.04046657681465149	0.0	0.07334702201362299	0.45845887749889114	-1	0.5415411225011089	0.06116437311829415	0.049489117793653434	1.2359156082216114	-0.08308224500221773	0.08308224500221773	negligible	50002976.0	7.455105324150035e-12	0.07477624389521548	1.8462139622335493e-11	lower_in_active	1.8234142958430657e-11	True	False	False
molformer	molformer_0567	48152	48152	0	2383	45769	-0.11474827655594588	-0.12735035562366262	-0.14007768034934998	-0.14523044228553772	-0.3177690654993057	0.05987350456416607	-0.32046863436698914	0.04328099265694618	0.005152761936187744	0.0	0.08075378914560637	0.5095738624384506	1	0.5095738624384506	0.05275955154378507	0.049489117793653434	1.066083896742064	0.019147724876901195	0.019147724876901195	negligible	55577961.0	0.11447659547020463	0.02525070546433128	0.1094488688024049	higher_in_active	0.13609601442897393	False	False	False
molformer	molformer_0568	48152	48152	0	2383	45769	-0.19379401199953786	-0.14662738032553171	-0.17119556665420532	-0.14810223877429962	-0.4696703553199768	0.08330771699547768	-0.41639816761016846	0.11897622048854828	-0.0230933278799057	0.0	0.14976299762987177	0.4697278916024198	-1	0.5302721083975802	0.05806591913618932	0.049489117793653434	1.1733068142030163	-0.06054421679516042	0.06054421679516042	negligible	51232059.5	6.013288439450212e-07	0.04909513534674714	3.489402040915021e-05	lower_in_active	1.1021970218371749e-06	True	False	False
molformer	molformer_0569	48152	48152	0	2383	45769	0.424799614997188	0.4964560734160431	0.44525477290153503	0.5164180397987366	0.22433383017778397	0.650283008813858	0.3022426664829254	0.7162173986434937	-0.07116326689720154	0.0	0.10155564257332708	0.4353281614242523	-1	0.5646718385757477	0.0605823519231565	0.049489117793653434	1.22415501880144	-0.12934367715149542	0.12934367715149542	negligible	47480166.0	1.5313691693388477e-26	0.09772494429070533	2.7917153002353893e-19	lower_in_active	7.946564338190777e-26	True	False	False
molformer	molformer_0570	48152	48152	0	2383	45769	-0.2525486137832222	-0.2814891168068347	-0.2645178437232971	-0.27815917134284973	-0.44743773341178894	-0.04877871833741665	-0.4607507288455963	-0.09332217276096344	0.013641327619552612	0.0	0.08756540348162052	0.5241246782830237	1	0.5241246782830237	0.056977077766149506	0.049489117793653434	1.1513051819536848	0.04824935656604734	0.04824935656604734	negligible	57164982.5	6.970279765837402e-05	0.052000170499877596	9.194403413502489e-06	higher_in_active	0.00010947187853094325	True	False	False
molformer	molformer_0571	48152	48152	0	2383	45769	-0.014819814463852218	-0.08875253637330838	-0.029708873480558395	-0.09918218106031418	-0.2439853847026825	0.20667380839586258	-0.30886542797088623	0.1265721470117569	0.06947330757975578	0.0	0.10728155609848554	0.5623900778459936	1	0.5623900778459936	0.0639454807681821	0.049489117793653434	1.2921119554970644	0.1247801556919872	0.1247801556919872	negligible	61338495.0	8.15787742268041e-25	0.10177960668348157	7.019519422470668e-21	higher_in_active	3.774246903987081e-24	True	False	False
molformer	molformer_0572	48152	48152	0	2383	45769	0.21805354095078466	0.13449433145624534	0.2333182841539383	0.14139124751091003	0.048256250098347664	0.41215598583221436	-0.049647007137537	0.33399179577827454	0.09192703664302826	0.0	0.09012951776517746	0.5871480335297233	1	0.5871480335297233	0.0648384604851884	0.049489117793653434	1.3101559166104875	0.17429606705944667	0.17429606705944667	small	64038784.0	8.264507070483135e-47	0.13953151243632766	6.226248480712722e-39	higher_in_active	1.6274721615720637e-45	True	False	False
molformer	molformer_0573	48152	48152	0	2383	45769	0.05207188041998388	-0.03299155025078747	0.047619108110666275	-0.031206481158733368	-0.17822401225566864	0.28802455961704254	-0.26948368549346924	0.20918211340904236	0.07882558926939964	0.0	0.1157411174240271	0.5696539264156966	1	0.5696539264156966	0.06439042743593212	0.049489117793653434	1.3011027536277815	0.13930785283139313	0.13930785283139313	negligible	62130745.0	1.5978153162824743e-30	0.10476195174022784	4.245350722519458e-22	higher_in_active	1.1155656026408547e-29	True	False	False
molformer	molformer_0574	48152	48152	0	2383	45769	0.24776201358773028	0.20042875385973835	0.24143360555171967	0.19507825374603271	0.01591105479747057	0.47509269416332245	-0.04315854609012604	0.4328789710998535	0.04635535180568695	0.0	0.11608643538634543	0.5392178462064149	1	0.5392178462064149	0.055200526789586424	0.049489117793653434	1.115407371368932	0.07843569241282977	0.07843569241282977	negligible	58811157.0	1.0088238866211909e-10	0.060759468764703894	1.0357524953327122e-07	higher_in_active	2.3266568916668906e-10	True	False	False
molformer	molformer_0575	48152	48152	0	2383	45769	0.08929529799865545	0.06855873479158249	0.08879997581243515	0.063465416431427	-0.13429640978574753	0.3083721399307251	-0.16614727675914764	0.29852554202079773	0.025334559381008148	0.0	0.11921025540577578	0.5195567375429718	1	0.5195567375429718	0.05213354113846792	0.049489117793653434	1.0534344409985343	0.03911347508594365	0.03911347508594365	negligible	56666768.5	0.0012632182105392178	0.04269992295690356	0.0005017808724906415	higher_in_active	0.0018133674498955498	True	False	False
molformer	molformer_0576	48152	48152	0	2383	45769	0.3453631614967105	0.34867462285226863	0.38127878308296204	0.37906599044799805	0.16806763410568237	0.5816363096237183	0.15658217668533325	0.5754691958427429	0.0022127926349639893	0.0	0.11200854474670618	0.5037960382103465	1	0.5037960382103465	0.05149810867273655	0.049489117793653434	1.0405945987451155	0.007592076420692928	0.007592076420692928	negligible	54947788.0	0.5314261172528731	0.020910678574384473	0.27142192778775076	higher_in_active	0.573223677036807	False	False	False
molformer	molformer_0577	48152	48152	0	2383	45769	-0.16902204295371542	-0.1675231679437371	-0.19048957526683807	-0.19162189960479736	-0.38634075224399567	0.0368031095713377	-0.38840731978416443	0.023787491023540497	0.0011323243379592896	0.0	0.1109458098609398	0.5018676869789117	1	0.5018676869789117	0.049453691866222935	0.049489117793653434	0.9992841673278919	0.003735373957823418	0.003735373957823418	negligible	54737467.5	0.7581476264754992	0.016905077530546708	0.5311477353548547	higher_in_active	0.7868342934232208	False	False	False
molformer	molformer_0578	48152	48152	0	2383	45769	-0.24810416830954815	-0.3154011543214573	-0.2453576624393463	-0.30595654249191284	-0.46390746533870697	-0.03700249083340168	-0.523668110370636	-0.10065431892871857	0.06059888005256653	0.0	0.10045884569677435	0.5552328604645084	1	0.5552328604645084	0.06316052756360477	0.049489117793653434	1.2762508280498097	0.11046572092901674	0.11046572092901674	negligible	60557875.0	8.553256470311317e-20	0.08329481973126618	4.050679885925634e-14	higher_in_active	3.083991065351686e-19	True	False	False
molformer	molformer_0579	48152	48152	0	2383	45769	-0.41121342963742485	-0.43523541246699105	-0.41725677251815796	-0.43274110555648804	-0.6630349159240723	-0.1596439927816391	-0.7170682549476624	-0.1565856635570526	0.015484333038330078	0.0	0.15145044567768778	0.5169064711625853	1	0.5169064711625853	0.050783930650732084	0.049489117793653434	1.0261635873663664	0.033812942325170514	0.033812942325170514	negligible	56377710.5	0.005315365432019079	0.051985519026208404	9.258240779873866e-06	higher_in_active	0.007263702227385503	True	False	False
molformer	molformer_0580	48152	48152	0	2383	45769	0.23121021986622986	0.20961478293912308	0.2259526401758194	0.21087464690208435	0.004245336866006255	0.4743933081626892	-0.01340648252516985	0.44432127475738525	0.015077993273735046	0.0	0.11971736599956158	0.5152314446443808	1	0.5152314446443808	0.0522270648854392	0.049489117793653434	1.0553242250791726	0.030462889288761508	0.030462889288761508	negligible	56195019.5	0.012034842390037439	0.026844772963450447	0.0750564254795747	higher_in_active	0.01577262620400811	True	False	False
molformer	molformer_0581	48152	48152	0	2383	45769	-0.08549789353482165	0.0001074561592446574	-0.07826924324035645	-0.008265364915132523	-0.31359434127807617	0.16188013553619385	-0.23521104454994202	0.22328343987464905	-0.07000387832522392	0.0	0.1150892604189053	0.4376380377635224	-1	0.5623619622364775	0.06763241725503273	0.049489117793653434	1.3666118991457556	-0.12472392447295522	0.12472392447295522	negligible	47732098.5	8.559944324084714e-25	0.08263601685953692	6.659213326379691e-14	lower_in_active	3.9365492460461436e-24	True	False	False
molformer	molformer_0582	48152	48152	0	2383	45769	0.20495567660954947	0.21545167921988925	0.19127583503723145	0.20382072031497955	-0.014533782843500376	0.41576676070690155	-0.004690627567470074	0.4290497899055481	-0.012544885277748108	0.0	0.10996064558569271	0.49213153975701673	-1	0.5078684602429833	0.051532275589617586	0.049489117793653434	1.0412849912678412	-0.015736920485966532	0.015736920485966532	negligible	53675570.0	0.1945528839525933	0.022190087797626545	0.21152127121855568	lower_in_active	0.22434927158497245	False	False	False
molformer	molformer_0583	48152	48152	0	2383	45769	0.47900412167677286	0.5711134978130341	0.49624767899513245	0.5754031538963318	0.21901935338974	0.7635290026664734	0.33995717763900757	0.8117429614067078	-0.07915547490119934	0.0	0.14258169876575175	0.4390926136979342	-1	0.5609073863020659	0.06978475575828579	0.049489117793653434	1.4101030462748538	-0.12181477260413165	0.12181477260413165	negligible	47890745.5	1.0018613795920723e-23	0.10403514512619322	8.474449783604755e-22	lower_in_active	4.3717587473108607e-23	True	False	False
molformer	molformer_0584	48152	48152	0	2383	45769	0.1696765231685516	0.1959343840517805	0.17767085134983063	0.20399995148181915	0.0047652453649789095	0.3366047441959381	0.03202178329229355	0.3688366115093231	-0.026329100131988525	0.0	0.06498906927032785	0.4681238715534459	-1	0.5318761284465541	0.0536604003340036	0.049489117793653434	1.0842868639878058	-0.06375225689310815	0.06375225689310815	negligible	51057113.0	1.4783513483674423e-07	0.052437688442317	7.471383865644894e-06	lower_in_active	2.824313023746756e-07	True	False	False
molformer	molformer_0585	48152	48152	0	2383	45769	0.10026639197851481	0.16440613453946665	0.10514228045940399	0.18194787204265594	-0.1318676695227623	0.36370018124580383	-0.050852011889219284	0.40050843358039856	-0.07680559158325195	0.0	0.10834899358319887	0.4475432178818907	-1	0.5524567821181092	0.06439392191528268	0.049489117793653434	1.301173364693534	-0.10491356423621856	0.10491356423621856	negligible	48812432.0	5.229467746438562e-18	0.09545490107243376	2.0548988632258936e-18	lower_in_active	1.7311341505451792e-17	True	False	False
molformer	molformer_0586	48152	48152	0	2383	45769	-0.130408904333659	-0.17566257059003587	-0.12876218557357788	-0.17586390674114227	-0.37096284329891205	0.11252683773636818	-0.39630910754203796	0.04435419663786888	0.04710172116756439	0.0	0.11463019996582528	0.5351049034053921	1	0.5351049034053921	0.06137134927414136	0.049489117793653434	1.2400978641411895	0.07020980681078415	0.07020980681078415	negligible	58362568.5	7.142240936187193e-09	0.06848475623729877	1.1097641845450912e-09	higher_in_active	1.4627309437311371e-08	True	False	False
molformer	molformer_0587	48152	48152	0	2383	45769	0.16385556038748383	0.1480936125490331	0.16104571521282196	0.1365572065114975	-0.05786101706326008	0.39722517132759094	-0.08490133285522461	0.3672468960285187	0.024488508701324463	0.0	0.10662071851593627	0.5183630596116844	1	0.5183630596116844	0.05130821849784686	0.049489117793653434	1.0367575900580452	0.03672611922336877	0.03672611922336877	negligible	56536577.0	0.0024665701447735347	0.03723147587274073	0.003652254107385181	higher_in_active	0.0034505024976066935	True	False	False
molformer	molformer_0588	48152	48152	0	2383	45769	-0.0850576161527215	-0.09927580511771872	-0.0786757543683052	-0.09940484166145325	-0.2864082604646683	0.12649433314800262	-0.3029334843158722	0.10640745609998703	0.02072908729314804	0.0	0.09442716168740391	0.5163039682746268	1	0.5163039682746268	0.05220836136043174	0.049489117793653434	1.0549462930035707	0.032607936549253536	0.032607936549253536	negligible	56311997.0	0.0071893899827050285	0.033025476042928936	0.013976481710435536	higher_in_active	0.009652887249506052	True	False	False
molformer	molformer_0589	48152	48152	0	2383	45769	-0.8394219086244015	-0.8270283828785053	-0.8612573742866516	-0.8478724956512451	-1.0300352573394775	-0.6725703477859497	-1.0269612073898315	-0.6497377753257751	-0.013384878635406494	0.0	0.08536739454832384	0.4881030354708602	-1	0.5118969645291398	0.05173827486420799	0.049489117793653434	1.0454475078729932	-0.023793929058279595	0.023793929058279595	negligible	53236191.0	0.04983421739138068	0.024916297955485833	0.11811380813231931	lower_in_active	0.06104095527365289	False	False	False
molformer	molformer_0590	48152	48152	0	2383	45769	0.05900849862197138	0.07333586771487965	0.05749254301190376	0.07837547361850739	-0.17060443758964539	0.29229649901390076	-0.13635863363742828	0.29484501481056213	-0.020882930606603622	0.0	0.12296889524419538	0.4873883543724247	-1	0.5126116456275753	0.052806897690892335	0.049489117793653434	1.0670405948853745	-0.02522329125515055	0.02522329125515055	negligible	53158242.5	0.03759808491250346	0.038529002312484795	0.002337152230388973	lower_in_active	0.04664835090921269	True	False	False
molformer	molformer_0591	48152	48152	0	2383	45769	0.0003008750145000367	-0.0933375703548251	-0.0013881952036172152	-0.0947142168879509	-0.21368462592363358	0.20919151604175568	-0.30104151368141174	0.10950852185487747	0.09332602168433368	0.0	0.09273131064361662	0.5827030991543432	1	0.5827030991543432	0.07149162483329224	0.049489117793653434	1.4445928321328947	0.1654061983086863	0.1654061983086863	small	63553986.0	2.487070103734583e-42	0.12812587196553937	7.104350579241211e-33	higher_in_active	3.4728542539421087e-41	True	False	False
molformer	molformer_0592	48152	48152	0	2383	45769	0.05589763098370713	0.0723833989581803	0.06314484775066376	0.07902130484580994	-0.17110128700733185	0.29166702926158905	-0.12761186063289642	0.2822587788105011	-0.01587645709514618	0.0	0.10043488310769515	0.48559096787809264	-1	0.5144090321219074	0.054710783907789586	0.049489117793653434	1.1055114002215207	-0.028818064243814723	0.028818064243814723	negligible	52962206.0	0.017523551403551975	0.05092165516872865	1.5221394777065742e-05	lower_in_active	0.02246759178285128	True	False	False
molformer	molformer_0593	48152	48152	0	2383	45769	0.22325213114501335	0.24999100485540202	0.22550298273563385	0.2529180347919464	0.026515665464103222	0.4302261918783188	0.059318557381629944	0.44225332140922546	-0.02741505205631256	0.0	0.08674892519576675	0.4754745929097668	-1	0.5245254070902332	0.05669311148409777	0.049489117793653434	1.145567227940527	-0.04905081418046642	0.04905081418046642	negligible	51858838.0	5.268975557969352e-05	0.044478784230617074	0.0002481275931851267	lower_in_active	8.430360892750965e-05	True	False	False
molformer	molformer_0594	48152	48152	0	2383	45769	0.029035122752556226	0.0023374380948450817	0.026110943406820297	-5.824235631735064e-05	-0.17328281700611115	0.22421164065599442	-0.1945199966430664	0.19062627851963043	0.026169185763137648	0.0	0.09490896236087347	0.5257150370705664	1	0.5257150370705664	0.05405285223147507	0.049489117793653434	1.0922169285144723	0.051430074141132875	0.051430074141132875	negligible	57338439.0	2.24026775549711e-05	0.044828961786215205	0.00021527755114249595	higher_in_active	3.652920671383823e-05	True	False	False
molformer	molformer_0595	48152	48152	0	2383	45769	-0.3468495478285039	-0.38670695357427215	-0.3717860281467438	-0.41054755449295044	-0.579601913690567	-0.14771512895822525	-0.6044143438339233	-0.19520099461078644	0.038761526346206665	0.0	0.10768860717217378	0.5320432450989743	1	0.5320432450989743	0.05673301224810226	0.049489117793653434	1.1463734812298028	0.06408649019794854	0.06408649019794854	negligible	58028641.0	1.2723320211426226e-07	0.05448297181983408	2.7674177481432464e-06	higher_in_active	2.4489999805451983e-07	True	False	False
molformer	molformer_0596	48152	48152	0	2383	45769	-0.27119395371884786	-0.3060877289661669	-0.28345975279808044	-0.28796297311782837	-0.49093618988990784	-0.04926599934697151	-0.5274513959884644	-0.06331092864274979	0.004503220319747925	0.0	0.13278453559121497	0.5186668759804189	1	0.5186668759804189	0.053971033716928345	0.049489117793653434	1.0905636657731992	0.03733375196083788	0.03733375196083788	negligible	56569713.5	0.0020874406848717685	0.036477227543629906	0.004701207105614786	higher_in_active	0.0029415677907917766	True	False	False
molformer	molformer_0597	48152	48152	0	2383	45769	0.48555919392724156	0.3903334267975995	0.48313984274864197	0.3903261721134186	0.21858173608779907	0.7547754943370819	0.11221253871917725	0.6696919798851013	0.09281367063522339	0.0	0.16062695756279072	0.5649331354143566	1	0.5649331354143566	0.06342679678810259	0.049489117793653434	1.2816311871341652	0.12986627082871327	0.12986627082871327	negligible	61615860.0	9.626775745334234e-27	0.09980771820378764	4.289483569854409e-20	higher_in_active	5.0639477893265015e-26	True	False	False
molformer	molformer_0598	48152	48152	0	2383	45769	0.5833125337818129	0.725903157690293	0.6087413430213928	0.7308754324913025	0.23497626930475235	0.9446893632411957	0.37272825837135315	1.0758332014083862	-0.12213408946990967	0.0	0.2795190187882393	0.4284948580524798	-1	0.5715051419475202	0.06652168876062375	0.049489117793653434	1.3441680055398888	-0.14301028389504045	0.14301028389504045	negligible	46734874.5	4.466641855934748e-32	0.10151068154318749	9.003851285593426e-21	lower_in_active	3.610927310903038e-31	True	False	False
molformer	molformer_0599	48152	48152	0	2383	45769	-0.14124778769601098	-0.08220636894900463	-0.1461166888475418	-0.0903320163488388	-0.35850968956947327	0.0607600174844265	-0.30507588386535645	0.11958469450473785	-0.055784672498703	0.0	0.11801206549604795	0.4515718917877362	-1	0.5484281082122637	0.05768806387049209	0.049489117793653434	1.1656716959680802	-0.09685621642452757	0.09685621642452757	negligible	49251829.5	1.4158970611233286e-15	0.07365249053460254	3.9403326162673134e-11	lower_in_active	4.150415812758459e-15	True	False	False
molformer	molformer_0600	48152	48152	0	2383	45769	0.20011057547790848	0.15878014821511896	0.1897178739309311	0.15281221270561218	-0.07991623505949974	0.48435331881046295	-0.08893278241157532	0.40157586336135864	0.03690566122531891	0.0	0.14135267085657582	0.5289483275805822	1	0.5289483275805822	0.05817433863429861	0.049489117793653434	1.1754975887195747	0.05789665516116438	0.05789665516116438	negligible	57691086.0	1.8191186012171025e-06	0.07025502650298465	3.6352154191459937e-10	higher_in_active	3.1751888312153064e-06	True	False	False
molformer	molformer_0601	48152	48152	0	2383	45769	-0.14585417486772964	-0.17447359532679152	-0.127946138381958	-0.1437278389930725	-0.3464614301919937	0.0653439499437809	-0.4045999050140381	0.08147139847278595	0.015781700611114502	0.0	0.12092667190006595	0.5160852459779344	1	0.5160852459779344	0.04997765452632378	0.049489117793653434	1.009871599140387	0.03217049195586874	0.03217049195586874	negligible	56288141.5	0.008004441116225744	0.059192265356855484	2.4328110346650374e-07	higher_in_active	0.010672588154967657	True	False	False
molformer	molformer_0602	48152	48152	0	2383	45769	0.3682065462968599	0.362172525170314	0.345865398645401	0.34499219059944153	0.17636872828006744	0.5380911827087402	0.18215680122375488	0.5188549757003784	0.0008732080459594727	0.0	0.073193252124773	0.5057719150448877	1	0.5057719150448877	0.05194386799898018	0.049489117793653434	1.0496018178291622	0.011543830089775442	0.011543830089775442	negligible	55163292.0	0.3413089602515288	0.027943926884855474	0.05709234157831	higher_in_active	0.3826646444863856	False	False	False
molformer	molformer_0603	48152	48152	0	2383	45769	0.2576983648055808	0.24273347287949287	0.260188490152359	0.22924132645130157	0.022141307592391968	0.4868805706501007	-0.016724929213523865	0.4733729958534241	0.030947163701057434	0.0	0.16557067977412204	0.515754785565093	1	0.515754785565093	0.050313905246392975	0.049489117793653434	1.0166660366866616	0.03150957113018604	0.03150957113018604	negligible	56252099.0	0.009393211477974122	0.03851840337408585	0.0023458355260316736	higher_in_active	0.012416499853845311	True	False	False
molformer	molformer_0604	48152	48152	0	2383	45769	0.3125000867522777	0.37871964472545827	0.32092511653900146	0.39711692929267883	0.06259647570550442	0.5570383071899414	0.13048133254051208	0.650886058807373	-0.07619181275367737	0.0	0.14799182314536838	0.44624001605904207	-1	0.5537599839409579	0.05622227198230659	0.049489117793653434	1.1360532272312323	-0.10751996788191587	0.10751996788191587	negligible	48670295.0	7.7817935476343e-19	0.09134322812691997	6.772909237275201e-17	lower_in_active	2.656185530925841e-18	True	False	False
molformer	molformer_0605	48152	48152	0	2383	45769	-0.2676561133712247	-0.21346269091245812	-0.24850043654441833	-0.18875417113304138	-0.4894220232963562	-0.02668353170156479	-0.4058113098144531	0.005915914662182331	-0.05974626541137695	0.0	0.1072063709722665	0.4533363995683152	-1	0.5466636004316848	0.06012543074115104	0.049489117793653434	1.2149222580981556	-0.09332720086336965	0.09332720086336965	negligible	49444280.0	1.4354246517886164e-14	0.08385920403237895	2.6375696434342916e-14	lower_in_active	3.951276460837482e-14	True	False	False
molformer	molformer_0606	48152	48152	0	2383	45769	-0.02988194355805897	-0.006144247218030014	-0.03649008274078369	-0.004270987119525671	-0.21513091027736664	0.15514300763607025	-0.19472256302833557	0.1876729428768158	-0.03221909562125802	0.0	0.08758698957583583	0.4731117998118725	-1	0.5268882001881274	0.051875167154238386	0.049489117793653434	1.0482136167901328	-0.053776400376254974	0.053776400376254974	negligible	51601134.0	9.297220821242865e-06	0.048242232539113084	5.08725015786259e-05	lower_in_active	1.5488645533003298e-05	True	False	False
molformer	molformer_0607	48152	48152	0	2383	45769	-0.2650609305913025	-0.17569154236214404	-0.29222962260246277	-0.18010514974594116	-0.4959811568260193	-0.0638519637286663	-0.39106816053390503	0.030029604211449623	-0.1121244728565216	0.0	0.10616103389759993	0.41400002128956315	-1	0.5859999787104369	0.06801743380291271	0.049489117793653434	1.3743917215601564	-0.1719999574208737	0.1719999574208737	small	45153958.5	1.2478532401943265e-45	0.14700457084719631	3.472527338602668e-43	lower_in_active	2.1780711101573698e-44	True	False	False
molformer	molformer_0608	48152	48152	0	2383	45769	0.3872299779293374	0.37976450421917474	0.38513562083244324	0.37173253297805786	0.17226696759462357	0.5928858816623688	0.17136111855506897	0.5767696499824524	0.013403087854385376	0.0	0.09843262090255268	0.5098884977927481	1	0.5098884977927481	0.05195711331130071	0.049489117793653434	1.0498694587351034	0.019776995585496282	0.019776995585496282	negligible	55612277.5	0.10304661476120747	0.026500490838120894	0.08158702018299269	higher_in_active	0.12307900487808295	False	False	False
molformer	molformer_0609	48152	48152	0	2383	45769	-0.33904410792343503	-0.3198240021967511	-0.3392197787761688	-0.3221476078033447	-0.5404002368450165	-0.13086024671792984	-0.5210621953010559	-0.11969155818223953	-0.017072170972824097	0.0	0.11369117351335387	0.48549862141827055	-1	0.5145013785817295	0.05251581085680897	0.049489117793653434	1.0611587597050212	-0.029002757163458903	0.029002757163458903	negligible	52952134.0	0.016813576558385297	0.02700026379070647	0.07225536675991617	lower_in_active	0.021665816773221325	True	False	False
molformer	molformer_0610	48152	48152	0	2383	45769	-0.0016914048138878884	-0.0176307329641915	-0.013559115119278431	-0.035299111157655716	-0.19493473321199417	0.19024194031953812	-0.22800372540950775	0.16292399168014526	0.021739996038377285	0.0	0.08988041965398734	0.5230843686407229	1	0.5230843686407229	0.05160669228317917	0.049489117793653434	1.0427886893913736	0.04616873728144588	0.04616873728144588	negligible	57051518.5	0.00014135340510076726	0.04473017894684639	0.00022410225157601496	higher_in_active	0.000216253814974879	True	False	False
molformer	molformer_0611	48152	48152	0	2383	45769	0.23260274740428719	0.19525737058963788	0.21629193425178528	0.1596517115831375	-0.019763657823204994	0.45753099024295807	-0.07443009316921234	0.4117976129055023	0.056640222668647766	0.0	0.1719969040731347	0.5413359147677383	1	0.5413359147677383	0.05396227942639998	0.049489117793653434	1.0903867725304288	0.08267182953547669	0.08267182953547669	negligible	59042169.5	9.438395621702644e-12	0.07251431491611615	8.392821793120099e-11	higher_in_active	2.2938885561606425e-11	True	False	False
molformer	molformer_0612	48152	48152	0	2383	45769	-0.4947569862455058	-0.4715787916522879	-0.486797571182251	-0.47391992807388306	-0.6819942593574524	-0.30055052042007446	-0.6736895442008972	-0.2757113575935364	-0.01287764310836792	0.0	0.09013351769615774	0.4812337406348271	-1	0.518766259365173	0.05285109804300983	0.049489117793653434	1.067933727640373	-0.0375325187303458	0.0375325187303458	negligible	52486974.0	0.0019755346429582363	0.03352203080574101	0.012028684152645469	lower_in_active	0.0027889900841763337	True	False	False
molformer	molformer_0613	48152	48152	0	2383	45769	0.5351234680019004	0.5620496551256187	0.5438158512115479	0.5725464820861816	0.33550240099430084	0.7395305633544922	0.37590909004211426	0.759449303150177	-0.02873063087463379	0.0	0.08584337175273715	0.4726802368958086	-1	0.5273197631041915	0.0556078762928944	0.049489117793653434	1.123638463808414	-0.05463952620838275	0.05463952620838275	negligible	51554064.5	6.666942023530965e-06	0.048633833973332874	4.282168006909871e-05	lower_in_active	1.1203963838231469e-05	True	False	False
molformer	molformer_0614	48152	48152	0	2383	45769	-0.6364467643788606	-0.730550190568499	-0.6688635945320129	-0.7492529153823853	-0.8928130567073822	-0.38834241032600403	-0.9398660659790039	-0.5411478281021118	0.08038932085037231	0.0	0.09191029960536425	0.5769468991444172	1	0.5769468991444172	0.07391375396855734	0.049489117793653434	1.4935354935350285	0.15389379828883443	0.15389379828883443	small	62926171.5	7.0888509778426736e-37	0.13035861718951414	5.093520572574394e-34	higher_in_active	7.45785965888106e-36	True	False	False
molformer	molformer_0615	48152	48152	0	2383	45769	-0.4932185338401289	-0.40434627095434705	-0.5026490092277527	-0.4191816449165344	-0.773717850446701	-0.22373780608177185	-0.7086195945739746	-0.11494714021682739	-0.08346736431121826	0.0	0.18142588268111084	0.4429765424130319	-1	0.5570234575869681	0.060411648660507244	0.049489117793653434	1.22070570973594	-0.11404691517393617	0.11404691517393617	negligible	48314356.0	5.3978683882118744e-21	0.08843791791483446	7.291632926912011e-16	lower_in_active	2.0831974483149345e-20	True	False	False
molformer	molformer_0616	48152	48152	0	2383	45769	1.069298425492953	0.9794637792601354	1.0924758911132812	0.9877912998199463	0.7904826998710632	1.3744683265686035	0.7197902202606201	1.2575833797454834	0.10468459129333496	0.0	0.1780644648798532	0.5650177252116481	1	0.5650177252116481	0.06504303843977081	0.049489117793653434	1.3142897133662794	0.13003545042329612	0.13003545042329612	negligible	61625086.0	8.28029506087342e-27	0.1080550950788497	1.7429646918624237e-23	higher_in_active	4.4161573657991576e-26	True	False	False
molformer	molformer_0617	48152	48152	0	2383	45769	-0.26555842326561746	-0.22692831669376934	-0.25724169611930847	-0.2255159616470337	-0.46924492716789246	-0.05385496839880943	-0.4350681006908417	-0.016770770773291588	-0.03172573447227478	0.0	0.0896771697135988	0.4667407238453293	-1	0.5332592761546707	0.058099454640695894	0.049489117793653434	1.173984448115312	-0.06651855230934145	0.06651855230934145	negligible	50906256.5	4.1754147924628916e-08	0.04993597223488899	2.390697501341328e-05	lower_in_active	8.264738558277064e-08	True	False	False
molformer	molformer_0618	48152	48152	0	2383	45769	0.01583678635893508	-0.01306058976781944	-0.010797527618706226	-0.02668076753616333	-0.24503842741250992	0.2729754000902176	-0.2626148760318756	0.2281624972820282	0.015883239917457104	0.0	0.12939934250309587	0.5212100985841551	1	0.5212100985841551	0.054171113532439426	0.049489117793653434	1.094606571050786	0.04242019716831025	0.04242019716831025	negligible	56847096.5	0.0004708962980708517	0.04172427050628913	0.0007293869506520363	higher_in_active	0.0006995132628982865	True	False	False
molformer	molformer_0619	48152	48152	0	2383	45769	0.20700398243983772	0.24664830382275588	0.24268566071987152	0.27097976207733154	-0.07610392943024635	0.528581976890564	-0.0013152913888916373	0.5298925638198853	-0.028294101357460022	0.0	0.16136377343460576	0.4762652361229388	-1	0.5237347638770613	0.05649044096239676	0.049489117793653434	1.1414719736556143	-0.04746952775412239	0.04746952775412239	negligible	51945071.5	9.115086936251089e-05	0.05659965133343492	9.512462036227338e-07	lower_in_active	0.00014228428388294383	True	False	False
molformer	molformer_0620	48152	48152	0	2383	45769	0.7528012529808611	0.8849074675625774	0.7579810619354248	0.896198570728302	0.49571043252944946	1.0166410207748413	0.6370406150817871	1.1510534286499023	-0.1382175087928772	0.0	0.1480350908769419	0.40191635132609177	-1	0.5980836486739083	0.07063040328413214	0.049489117793653434	1.427190591245292	-0.19616729734781646	0.19616729734781646	small	43836022.5	8.144334602819159e-59	0.15207310971669874	3.3648913827793823e-46	lower_in_active	2.606187072902131e-57	True	False	False
molformer	molformer_0621	48152	48152	0	2383	45769	0.4810802410528417	0.513182574379522	0.48660019040107727	0.5176213383674622	0.2523360550403595	0.7089838087558746	0.29155269265174866	0.7342194318771362	-0.031021147966384888	0.0	0.11315697460031013	0.4743230265044883	-1	0.5256769734955117	0.05725850343390512	0.049489117793653434	1.1569917991394878	-0.05135394699102336	0.05135394699102336	negligible	51733239.5	2.303729722447112e-05	0.04545793909859164	0.0001663424152580607	lower_in_active	3.740516758645628e-05	True	False	False
molformer	molformer_0622	48152	48152	0	2383	45769	0.1528212888827706	0.08057093577456471	0.15193818509578705	0.08043485879898071	-0.09428256377577782	0.3965657949447632	-0.15219776332378387	0.3092755079269409	0.07150332629680634	0.0	0.11411991390550232	0.5573437729086862	1	0.5573437729086862	0.06412567461326729	0.049489117793653434	1.295753035660112	0.1146875458173724	0.1146875458173724	negligible	60788107.0	3.263066329761358e-21	0.0893593104022612	3.460626300441206e-16	higher_in_active	1.2720989549526512e-20	True	False	False
molformer	molformer_0623	48152	48152	0	2383	45769	0.05647712774709455	0.10526992619580561	0.04472563415765762	0.09427349269390106	-0.1528400033712387	0.2608819156885147	-0.08542000502347946	0.28672662377357483	-0.04954785853624344	0.0	0.0818737353227496	0.4511194931558318	-1	0.5488805068441681	0.06161980582434824	0.049489117793653434	1.2451182920914883	-0.09776101368833645	0.09776101368833645	negligible	49202487.5	7.71410718807649e-16	0.08689889888124075	2.4884555085154074e-15	lower_in_active	2.3052273620399784e-15	True	False	False
molformer	molformer_0624	48152	48152	0	2383	45769	-0.25130975731163935	-0.3099949376630169	-0.2460446059703827	-0.2950858175754547	-0.4350329488515854	-0.05437523312866688	-0.502258837223053	-0.1000286340713501	0.04904121160507202	0.0	0.09435206325273317	0.551736219342353	1	0.551736219342353	0.060651229832920414	0.049489117793653434	1.2255467976981886	0.1034724386847059	0.1034724386847059	negligible	60176505.0	1.4703753799802754e-17	0.07377036246544766	3.6410974041552914e-11	higher_in_active	4.7052012159368816e-17	True	False	False
molformer	molformer_0625	48152	48152	0	2383	45769	-0.2831721980844504	-0.3024126526463585	-0.32214710116386414	-0.32457759976387024	-0.48010772466659546	-0.10934083163738251	-0.48965656757354736	-0.13577568531036377	0.0024304986000061035	0.0	0.07663997898337184	0.5158104987564264	1	0.5158104987564264	0.05458523982994154	0.049489117793653434	1.1029745985276311	0.031620997512852744	0.031620997512852744	negligible	56258175.5	0.009144974775204122	0.03550633361293687	0.006457312422571715	higher_in_active	0.012132585122289968	True	False	False
molformer	molformer_0626	48152	48152	0	2383	45769	-0.11874799514384093	-0.09538658484748305	-0.11534921079874039	-0.09896200895309448	-0.3394792377948761	0.11421719193458557	-0.32283270359039307	0.12972812354564667	-0.016387201845645905	0.0	0.10971103126225946	0.48188171993667733	-1	0.5181182800633226	0.05310242184465623	0.049489117793653434	1.073012092599197	-0.036236560126645334	0.036236560126645334	negligible	52557647.5	0.002816770096345296	0.030851648447112967	0.026260725475521385	lower_in_active	0.003933235334533068	True	False	False
molformer	molformer_0627	48152	48152	0	2383	45769	0.30660703371411724	0.3690156840471435	0.309021919965744	0.37932610511779785	0.14304370433092117	0.48598402738571167	0.20614571869373322	0.5401461124420166	-0.07030418515205383	0.0	0.06382117532699648	0.43112746564795584	-1	0.5688725343520442	0.06444195399849428	0.049489117793653434	1.3021439231789746	-0.1377450687040883	0.1377450687040883	negligible	47022006.5	7.034271359622706e-30	0.11356300395442182	6.686754862011158e-26	lower_in_active	4.5397650455380153e-29	True	False	False
molformer	molformer_0628	48152	48152	0	2383	45769	0.24128803642912394	0.22412939417572852	0.24625568091869354	0.227035790681839	0.05072217993438244	0.44577130675315857	0.03185423091053963	0.41985705494880676	0.019219890236854553	0.0	0.09562052923916001	0.5179517043601805	1	0.5179517043601805	0.05381680710754497	0.049489117793653434	1.0874472915830906	0.03590340872036091	0.03590340872036091	negligible	56491711.5	0.003080438945433624	0.03792150710449316	0.0028859181247615287	higher_in_active	0.004293606370404761	True	False	False
molformer	molformer_0629	48152	48152	0	2383	45769	0.4453347811956568	0.41258927521493355	0.4621588885784149	0.4357183277606964	0.21142300218343735	0.6870921552181244	0.17839865386486053	0.6606311798095703	0.026440560817718506	0.0	0.11955194388615371	0.5244957557348853	1	0.5244957557348853	0.0552261501143199	0.049489117793653434	1.115925128117806	0.04899151146977054	0.04899151146977054	negligible	57205455.0	5.3799732081980795e-05	0.04485155329505175	0.00021330602407192687	higher_in_active	8.57223946866416e-05	True	False	False
molformer	molformer_0630	48152	48152	0	2383	45769	0.2228522294919112	0.2932072081095313	0.2117414027452469	0.28173527121543884	-0.02854894008487463	0.472304105758667	0.03602902591228485	0.5369364023208618	-0.06999386847019196	0.0	0.1308246546270444	0.44571592331051935	-1	0.5542840766894807	0.059660946380371775	0.049489117793653434	1.2055366723070338	-0.10856815337896131	0.10856815337896131	negligible	48613133.5	3.570743013286148e-19	0.08524132943804624	9.111099777159133e-15	lower_in_active	1.2522057690428134e-18	True	False	False
molformer	molformer_0631	48152	48152	0	2383	45769	-0.37634794924223924	-0.3787320595300714	-0.3694956302642822	-0.377169132232666	-0.6405854523181915	-0.13494841009378433	-0.6106153726577759	-0.1514464020729065	0.007673501968383789	0.0	0.10862363928089937	0.4999682261063827	-1	0.5000317738936173	0.052680484515462235	0.049489117793653434	1.0644862318038344	-6.354778723460797e-05	6.354778723460797e-05	negligible	54530298.0	0.9958209984708196	0.03895660896391279	0.0020106701789134426	lower_in_active	0.9984210532971142	False	False	False
molformer	molformer_0632	48152	48152	0	2383	45769	-0.025087638625380968	-0.011403639654351776	-0.02534235455095768	-0.016293464228510857	-0.26173415780067444	0.20952528715133667	-0.26273202896118164	0.23683875799179077	-0.009048890322446823	0.0	0.13078549845682733	0.49053621615533655	-1	0.5094637838446635	0.04993084779826138	0.049489117793653434	1.0089258007477473	-0.018927567689326907	0.018927567689326907	negligible	53501572.0	0.1187032819466297	0.029992355103091284	0.03330012121627279	lower_in_active	0.14068537119600558	False	False	False
molformer	molformer_0633	48152	48152	0	2383	45769	0.10432207174477529	0.07733034213957901	0.09243718534708023	0.0700906366109848	-0.10979768633842468	0.2947603911161423	-0.15236985683441162	0.30149930715560913	0.02234654873609543	0.0	0.10950978088238174	0.5203568840430388	1	0.5203568840430388	0.05223633555353813	0.049489117793653434	1.0555115524859287	0.04071376808607763	0.04071376808607763	negligible	56754038.5	0.0007904336790085667	0.05290399588871214	5.977453093593793e-06	higher_in_active	0.001160713318314683	True	False	False
molformer	molformer_0634	48152	48152	0	2383	45769	-0.304546456309201	-0.302724132730696	-0.3285106122493744	-0.31980374455451965	-0.5366077125072479	-0.09309273958206177	-0.5429402589797974	-0.0844481810927391	-0.008706867694854736	0.0	0.11508294133738535	0.49728734566430566	-1	0.5027126543356942	0.05005508079457185	0.049489117793653434	1.011436110121789	-0.0054253086713886844	0.0054253086713886844	negligible	54237901.0	0.6547168268897957	0.01717815606106121	0.5103531990833242	lower_in_active	0.6906902789167075	False	False	False
molformer	molformer_0635	48152	48152	0	2383	45769	0.3065693045548175	0.2914266926784965	0.32607361674308777	0.3092672824859619	0.12075284495949745	0.5146498680114746	0.08756788820028305	0.5144805908203125	0.016806334257125854	0.0	0.10353693337696157	0.5130326737856631	1	0.5130326737856631	0.04936742772311588	0.049489117793653434	0.9975410741600821	0.02606534757132617	0.02606534757132617	negligible	55955205.0	0.03166436250325468	0.03651979750123058	0.004635328387987844	higher_in_active	0.03967084894371875	True	False	False
molformer	molformer_0636	48152	48152	0	2383	45769	0.4185132358095304	0.43092855315342854	0.4256652593612671	0.4270036816596985	0.23557820171117783	0.6077095866203308	0.24730055034160614	0.611163854598999	-0.0013384222984313965	0.0	0.08438573459995073	0.4920984455804155	-1	0.5079015544195845	0.053920644853100747	0.049489117793653434	1.0895454850887567	-0.015803108839169022	0.015803108839169022	negligible	53671960.5	0.19268278362747548	0.022734291940074883	0.18933828752065196	lower_in_active	0.2235353139364066	False	False	False
molformer	molformer_0637	48152	48152	0	2383	45769	-0.03166062775161244	-0.038349199582112616	-0.03205982595682144	-0.032194267958402634	-0.24841994792222977	0.19378067553043365	-0.2723856270313263	0.2066790908575058	0.00013444200158119202	0.0	0.12101168284671415	0.502410355375528	1	0.502410355375528	0.04820506027557785	0.049489117793653434	0.9740537399872533	0.0048207107510560565	0.0048207107510560565	negligible	54796655.0	0.69108663540454	0.03735977253798006	0.0034969287989896443	higher_in_active	0.7230988228755949	False	False	False
molformer	molformer_0638	48152	48152	0	2383	45769	0.198985197699995	-0.041672655049580364	0.17803485691547394	-0.1009092852473259	-0.2728400379419327	0.6652155816555023	-0.42338529229164124	0.3173127770423889	0.27894414216279984	0.0	0.298427534817379	0.6167900185359478	1	0.6167900185359478	0.08396139851780758	0.049489117793653434	1.69656284575303	0.23358003707189567	0.23358003707189567	small	67271762.0	1.2940175591665079e-82	0.19063288195761507	1.4726505576817342e-72	higher_in_active	1.65634247573313e-80	True	True	True
molformer	molformer_0639	48152	48152	0	2383	45769	-0.21997630800434545	-0.26655889129740923	-0.22144034504890442	-0.26223024725914	-0.41819342970848083	-0.02812681719660759	-0.45741117000579834	-0.07177633792161942	0.040789902210235596	0.0	0.0868197142493339	0.5417467978347029	1	0.5417467978347029	0.05717514549289244	0.049489117793653434	1.1553074300351476	0.08349359566940584	0.08349359566940584	negligible	59086983.5	5.8787724022095115e-12	0.061420114531431536	7.178203159030681e-08	higher_in_active	1.4517354356581687e-11	True	False	False
molformer	molformer_0640	48152	48152	0	2383	45769	0.006448071681141802	0.023137121599325672	-0.002527768723666668	0.013152381405234337	-0.28006553649902344	0.26613059639930725	-0.25481268763542175	0.285345196723938	-0.015680150128901005	0.0	0.1582728196699206	0.48661465020656425	-1	0.5133853497934358	0.05180676019324538	0.049489117793653434	1.0468313541020358	-0.026770699586871505	0.026770699586871505	negligible	53073856.5	0.027330421014767375	0.03091068526748575	0.025829372377043303	lower_in_active	0.034409448097280894	True	False	False
molformer	molformer_0641	48152	48152	0	2383	45769	0.03440096031504019	0.06003183058406749	0.04754818603396416	0.060382094234228134	-0.1634347215294838	0.24255511164665222	-0.1221303641796112	0.2427627146244049	-0.012833908200263977	0.0	0.0774862292461821	0.4809965435449912	-1	0.5190034564550088	0.05886165951116606	0.049489117793653434	1.1893859122038053	-0.038006912910017565	0.038006912910017565	negligible	52461103.5	0.0017303462326527538	0.05238137470559867	7.674379420797852e-06	lower_in_active	0.0024568814009371873	True	False	False
molformer	molformer_0642	48152	48152	0	2383	45769	-0.6509378347688511	-0.6457090555548571	-0.6425883769989014	-0.64127516746521	-0.8717251121997833	-0.4316735714673996	-0.8478118181228638	-0.4422433078289032	-0.0013132095336914062	0.0	0.09920422189899118	0.4973648206032947	-1	0.5026351793967053	0.05267322076427686	0.049489117793653434	1.064339457088317	-0.0052703587934106455	0.0052703587934106455	negligible	54246351.0	0.6639643755158184	0.02520567831339937	0.11058406755495787	lower_in_active	0.6994851034240721	False	False	False
molformer	molformer_0643	48152	48152	0	2383	45769	0.24346561224142527	0.2962422223783453	0.23255349695682526	0.288830429315567	0.017202426679432392	0.4571325480937958	0.08502673357725143	0.49933579564094543	-0.05627693235874176	0.0	0.10013405084027213	0.45244301725113834	-1	0.5475569827488616	0.06075594253070573	0.049489117793653434	1.2276626708932195	-0.09511396549772333	0.09511396549772333	negligible	49346841.0	4.489383538056971e-15	0.07886561872811149	1.0613700251910472e-12	lower_in_active	1.2769802063806493e-14	True	False	False
molformer	molformer_0644	48152	48152	0	2383	45769	-0.5984982366394848	-0.5377402455491156	-0.6009000539779663	-0.5368775129318237	-0.8473188877105713	-0.36643727123737335	-0.776567816734314	-0.30487000942230225	-0.06402254104614258	0.0	0.12399021557288938	0.4495990268487521	-1	0.5504009731512478	0.057980302373756475	0.049489117793653434	1.1715768023084858	-0.10080194630249584	0.10080194630249584	negligible	49036654.0	9.625080610285567e-17	0.07917186019996586	8.517383569304024e-13	lower_in_active	2.9686995617266327e-16	True	False	False
molformer	molformer_0645	48152	48152	0	2383	45769	0.04983408605997093	0.011047937012133678	0.06437728554010391	0.01777510903775692	-0.18218590319156647	0.28417612612247467	-0.2219025045633316	0.24675244092941284	0.04660217650234699	0.0	0.11942863950651356	0.5325191704401623	1	0.5325191704401623	0.055463527727537605	0.049489117793653434	1.1207216899439323	0.06503834088032456	0.06503834088032456	negligible	58080549.0	8.264793564065205e-08	0.055291966049619834	1.8488732381715275e-06	higher_in_active	1.6069269511903995e-07	True	False	False
molformer	molformer_0646	48152	48152	0	2383	45769	-0.5691311267412743	-0.5580331626587303	-0.5858226418495178	-0.5753158330917358	-0.840380072593689	-0.3200331777334213	-0.8557649254798889	-0.2833029627799988	-0.010506808757781982	0.0	0.17597336753880408	0.4936968498423917	-1	0.5063031501576084	0.04893678993983916	0.049489117793653434	0.988839407966066	-0.01260630031521659	0.01260630031521659	negligible	53846294.5	0.2987285526901827	0.03607543975944372	0.005366655200474617	lower_in_active	0.3363981355807336	False	False	False
molformer	molformer_0647	48152	48152	0	2383	45769	-0.23045171120874677	-0.2709577236294383	-0.2380780279636383	-0.27255743741989136	-0.45129983127117157	-0.019267644733190536	-0.47489386796951294	-0.0694114938378334	0.03447940945625305	0.0	0.09794656469345016	0.5308411824538756	1	0.5308411824538756	0.05976230076170219	0.049489117793653434	1.2075846858067494	0.06168236490775114	0.06168236490775114	negligible	57897535.0	3.683824484117661e-07	0.05050947015604379	1.8403995086130134e-05	higher_in_active	6.817294466993649e-07	True	False	False
molformer	molformer_0648	48152	48152	0	2383	45769	0.15348833545417523	0.09222323679797384	0.15801045298576355	0.08166156709194183	-0.04395552538335323	0.36038675904273987	-0.10187897831201553	0.27935904264450073	0.07634888589382172	0.0	0.09014869586183218	0.5653453066740937	1	0.5653453066740937	0.060877586886684376	0.049489117793653434	1.2301206730036198	0.13069061334818732	0.13069061334818732	negligible	61660814.5	4.611609356309402e-27	0.11002274765063658	2.4665950563354817e-24	higher_in_active	2.5118553089685253e-26	True	False	False
molformer	molformer_0649	48152	48152	0	2383	45769	0.4883696099926834	0.5333443075063782	0.504107654094696	0.5424599647521973	0.2681290954351425	0.7075800597667694	0.28905367851257324	0.7872627377510071	-0.03835231065750122	0.0	0.13310086424816628	0.4627292457084866	-1	0.5372707542915134	0.05281079931635264	0.049489117793653434	1.0671194329337022	-0.07454150858302677	0.07454150858302677	negligible	50468734.5	8.015674549438464e-10	0.0803768293013557	3.5537840732366563e-13	lower_in_active	1.7488744471502103e-09	True	False	False
molformer	molformer_0650	48152	48152	0	2383	45769	0.22510674225920452	0.25326416757141296	0.2491486817598343	0.2611826956272125	0.0714152604341507	0.40271495282649994	0.09779238700866699	0.4201826751232147	-0.012034013867378235	0.0	0.06472326983046342	0.4765175018591922	-1	0.5234824981408077	0.05752303785146695	0.049489117793653434	1.1623371039126464	-0.046964996281615545	0.046964996281615545	negligible	51972585.5	0.00010820078023846616	0.03681753965137577	0.004197728331868773	lower_in_active	0.00016719959602241855	True	False	False
molformer	molformer_0651	48152	48152	0	2383	45769	-0.4235333035115699	-0.4489593776245871	-0.4468880891799927	-0.4524032473564148	-0.6564814746379852	-0.21388985961675644	-0.6702741980552673	-0.23633047938346863	0.005515158176422119	0.0	0.10615664304074558	0.5160787454179647	1	0.5160787454179647	0.05385296007697116	0.049489117793653434	1.0881778152019785	0.03215749083592945	0.03215749083592945	negligible	56287432.5	0.008029883102241394	0.02669289457713664	0.0778806744001983	higher_in_active	0.010687955324993744	True	False	False
molformer	molformer_0652	48152	48152	0	2383	45769	-0.14261302381700586	-0.08359848132773312	-0.12562154233455658	-0.06706898659467697	-0.3312022387981415	0.04600835405290127	-0.24630552530288696	0.09563831984996796	-0.05855255573987961	0.0	0.0680773346416385	0.43537588415294315	-1	0.5646241158470569	0.0631769001188455	0.049489117793653434	1.276581659472366	-0.1292482316941137	0.1292482316941137	negligible	47485371.0	1.666530358606156e-26	0.09840273539896069	1.524211163873017e-19	lower_in_active	8.589901445701529e-26	True	False	False
molformer	molformer_0653	48152	48152	0	2383	45769	-0.48247911889732614	-0.536720851843945	-0.4732533097267151	-0.5275895595550537	-0.7422066032886505	-0.21791724860668182	-0.8182824850082397	-0.25490859150886536	0.05433624982833862	0.0	0.15939001556220656	0.5382652666178083	1	0.5382652666178083	0.05532494870631982	0.049489117793653434	1.1179214981564045	0.07653053323561654	0.07653053323561654	negligible	58707261.5	2.816135514842281e-10	0.06275104229694325	3.388221063172848e-08	higher_in_active	6.3424987548354e-10	True	False	False
molformer	molformer_0654	48152	48152	0	2383	45769	0.03583428565463517	0.05667621199551527	0.03526746854186058	0.04258439317345619	-0.15581224858760834	0.22732507437467575	-0.14379894733428955	0.2341381162405014	-0.007316924631595612	0.0	0.09737283844149734	0.4898149932380882	-1	0.5101850067619118	0.05384747064566915	0.049489117793653434	1.088066893214545	-0.020370013523823616	0.020370013523823616	negligible	53422910.0	0.09312408405029358	0.024716880213117853	0.12354390349370759	lower_in_active	0.11209921089439728	False	False	False
molformer	molformer_0655	48152	48152	0	2383	45769	0.3944692824847896	0.3270963669852398	0.40883204340934753	0.32209187746047974	0.1262742057442665	0.6559574902057648	0.07232370972633362	0.5753309726715088	0.0867401659488678	0.0	0.1292634561417475	0.5561046231478229	1	0.5561046231478229	0.059915711666126206	0.049489117793653434	1.2106845774852324	0.11220924629564588	0.11220924629564588	negligible	60652956.0	2.2522915564527548e-20	0.09413302274654117	6.429154450221443e-18	higher_in_active	8.316153439210171e-20	True	False	False
molformer	molformer_0656	48152	48152	0	2383	45769	-0.35450204622458975	-0.345088384543674	-0.3633659780025482	-0.367321252822876	-0.5654573142528534	-0.14189178496599197	-0.5785621404647827	-0.13023005425930023	0.003955274820327759	0.0	0.10449863644608913	0.4965705420276009	-1	0.503429457972399	0.05050422299138718	0.049489117793653434	1.02051168505299	-0.00685891594479815	0.00685891594479815	negligible	54159721.0	0.5718054591293698	0.02646496238976792	0.08228743417705753	lower_in_active	0.6107741204608567	False	False	False
molformer	molformer_0657	48152	48152	0	2383	45769	-0.14219917678203745	-0.1164026136293971	-0.13374783098697662	-0.10785064846277237	-0.32455940544605255	0.05574665404856205	-0.2890390157699585	0.0645289346575737	-0.025897182524204254	0.0	0.07329262847399903	0.47322803514193557	-1	0.5267719648580644	0.05671779259741195	0.049489117793653434	1.146065945929744	-0.05354392971612887	0.05354392971612887	negligible	51613811.5	1.015994600707162e-05	0.05056787434082005	1.791715829852285e-05	lower_in_active	1.6852783009570204e-05	True	False	False
molformer	molformer_0658	48152	48152	0	2383	45769	-0.47292768301790483	-0.4742165503814092	-0.47040313482284546	-0.4737309217453003	-0.6914365291595459	-0.24933657050132751	-0.6844474673271179	-0.2630404233932495	0.003327786922454834	0.0	0.10187670747401659	0.49995624270457695	-1	0.500043757295423	0.0506307705993686	0.049489117793653434	1.0230687645408296	-8.751459084610502e-05	8.751459084610502e-05	negligible	54528991.0	0.9942447002770185	0.015369533408417735	0.6525619162938533	lower_in_active	0.9981436991016341	False	False	False
molformer	molformer_0659	48152	48152	0	2383	45769	-0.1290698876410054	-0.2792704049353791	-0.15499833226203918	-0.29554328322410583	-0.40430811047554016	0.14946132898330688	-0.534288227558136	-0.03846217319369316	0.14054495096206665	0.0	0.13490359992541665	0.6105871319517495	1	0.6105871319517495	0.0778621770245978	0.049489117793653434	1.57331915572322	0.22117426390349904	0.22117426390349904	small	66595228.5	2.882833377447687e-74	0.15437022790477317	1.339090351339852e-47	higher_in_active	2.460017815422026e-72	True	True	True
molformer	molformer_0660	48152	48152	0	2383	45769	-0.045138430399795294	-0.025935925911708436	-0.056880444288253784	-0.04911937564611435	-0.23938409239053726	0.15026916563510895	-0.2366413176059723	0.15792687237262726	-0.007761068642139435	0.0	0.0938946909324627	0.48987168747302756	-1	0.5101283125269724	0.054045895774694416	0.049489117793653434	1.0920763631318025	-0.020256625053944877	0.020256625053944877	negligible	53429093.5	0.09495960866090043	0.021575761958919193	0.2388938739261619	lower_in_active	0.11395153039308052	False	False	False
molformer	molformer_0661	48152	48152	0	2383	45769	0.05026651671496411	0.1290649758652983	0.043779656291007996	0.10943026840686798	-0.17374390363693237	0.24415161460638046	-0.08868815749883652	0.3183295726776123	-0.06565061211585999	0.0	0.10530316951753009	0.4310898788417565	-1	0.5689101211582436	0.06443053341518107	0.049489117793653434	1.301913153591187	-0.13782024231648704	0.13782024231648704	negligible	47017907.0	6.552692331490178e-30	0.10424797657693297	6.925045527079083e-22	lower_in_active	4.2648031445631e-29	True	False	False
molformer	molformer_0662	48152	48152	0	2383	45769	-0.31635750947316715	-0.3269122297930493	-0.32845449447631836	-0.335041344165802	-0.5689688622951508	-0.09164542704820633	-0.5471784472465515	-0.12160045653581619	0.006586849689483643	0.0	0.11319920885192064	0.5038089338910197	1	0.5038089338910197	0.054420533072224685	0.049489117793653434	1.0996464576138325	0.007617867782039323	0.007617867782039323	negligible	54949194.5	0.5300324051365121	0.03213666887303679	0.018181951085930056	higher_in_active	0.5725244544934476	False	False	False
molformer	molformer_0663	48152	48152	0	2383	45769	0.09183192827286912	0.18482407721004884	0.08602257072925568	0.21667695045471191	-0.1855674460530281	0.37574732303619385	-0.046835482120513916	0.43354669213294983	-0.13065437972545624	0.0	0.1228072639861851	0.4252893164067065	-1	0.5747106835932936	0.06688625454756741	0.049489117793653434	1.3515345904215132	-0.14942136718658705	0.14942136718658705	small	46385254.0	7.325931950480037e-35	0.13906453567980875	1.1285718879736045e-38	lower_in_active	7.032894672460836e-34	True	False	False
molformer	molformer_0664	48152	48152	0	2383	45769	-0.413885633053626	-0.44981216475045155	-0.40794873237609863	-0.45093461871147156	-0.6409731209278107	-0.17029431462287903	-0.6675170063972473	-0.23234541714191437	0.042985886335372925	0.0	0.11493389876373233	0.5330466876726746	1	0.5330466876726746	0.05830284778556734	0.049489117793653434	1.178094304058178	0.0660933753453492	0.0660933753453492	negligible	58138084.0	5.0876688928578946e-08	0.06560207420857722	6.426284603481293e-09	higher_in_active	9.967677830905263e-08	True	False	False
molformer	molformer_0665	48152	48152	0	2383	45769	-0.5591268982531904	-0.4395007058977699	-0.5508812665939331	-0.43822014331817627	-0.8404513001441956	-0.26981090009212494	-0.7206345796585083	-0.16402505338191986	-0.11266112327575684	0.0	0.17694824420620964	0.42297907332216306	-1	0.5770209266778369	0.07136516336955606	0.049489117793653434	1.4420374933155113	-0.15404185335567389	0.15404185335567389	small	46133281.5	6.065851762443778e-37	0.11768302035490363	8.680831681761155e-28	lower_in_active	6.47024187994003e-36	True	False	False
molformer	molformer_0666	48152	48152	0	2383	45769	-0.6437792146361135	-0.7627338866056013	-0.653261125087738	-0.7821494936943054	-0.9784029126167297	-0.3372303396463394	-1.1110306978225708	-0.41659247875213623	0.12888836860656738	0.0	0.23355827025977116	0.5685424131785806	1	0.5685424131785806	0.06266455663063837	0.049489117793653434	1.266229010020352	0.13708482635716113	0.13708482635716113	negligible	62009515.0	1.309228776330644e-29	0.11335317981492327	8.307678658057926e-26	higher_in_active	8.241702460835529e-29	True	False	False
molformer	molformer_0667	48152	48152	0	2383	45769	0.4582541944546591	0.45002488154635734	0.46538493037223816	0.442107230424881	0.17719583958387375	0.7386605739593506	0.15628544986248016	0.7428591847419739	0.023277699947357178	0.0	0.16712748921256082	0.5078848583410166	1	0.5078848583410166	0.04981000069310311	0.049489117793653434	1.0064839082561061	0.015769716682033197	0.015769716682033197	negligible	55393745.5	0.19362459513866137	0.026068208184458097	0.09045908610005371	higher_in_active	0.2236145700247999	False	False	False
molformer	molformer_0668	48152	48152	0	2383	45769	0.4434702005740032	0.5544333117233643	0.4563485085964203	0.5601666569709778	0.2113572582602501	0.6769179701805115	0.3260740637779236	0.787466287612915	-0.1038181483745575	0.0	0.10779803050385586	0.40723089834062154	-1	0.5927691016593785	0.0714950504065158	0.049489117793653434	1.4446620508495798	-0.18553820331875692	0.18553820331875692	small	44415667.0	8.343494197210234e-53	0.13037539578576857	4.992768126076025e-34	lower_in_active	2.1359345144858196e-51	True	False	False
molformer	molformer_0669	48152	48152	0	2383	45769	-0.7178477873421203	-0.7116989289730296	-0.7294744849205017	-0.71832275390625	-0.9158288240432739	-0.5299262404441833	-0.9027903079986572	-0.5220548510551453	-0.011151731014251709	0.0	0.08250174212532509	0.4906899603582283	-1	0.5093100396417717	0.05149691782063029	0.049489117793653434	1.040570535836756	-0.018620079283543367	0.018620079283543367	negligible	53518340.5	0.12481020686926696	0.020307446780195137	0.30359753139595735	lower_in_active	0.14701570379692794	False	False	False
molformer	molformer_0670	48152	48152	0	2383	45769	0.06743018408363834	-0.024451826859241164	0.09047319740056992	0.0020753394346684217	-0.16851292550563812	0.30618704855442047	-0.2598676085472107	0.23309412598609924	0.0883978579659015	0.0	0.13825041867799523	0.5683267990480796	1	0.5683267990480796	0.06336572238280408	0.049489117793653434	1.2803970894573151	0.13665359809615918	0.13665359809615918	negligible	61985998.5	1.9612822119240207e-29	0.10319519759533924	1.8724668666862678e-21	higher_in_active	1.1860352273682266e-28	True	False	False
molformer	molformer_0671	48152	48152	0	2383	45769	0.05781449720597412	0.1778464756100166	0.09445298463106155	0.2016642838716507	-0.18905502557754517	0.3457084149122238	-0.03795512393116951	0.418147474527359	-0.10721129924058914	0.0	0.1271807405855451	0.41551272176548026	-1	0.5844872782345198	0.07798562036763332	0.049489117793653434	1.575813508998019	-0.16897455646903947	0.16897455646903947	small	45318945.0	4.225976786230803e-44	0.12710266182160707	2.34056694404825e-32	lower_in_active	6.623571779235218e-43	True	False	False
molformer	molformer_0672	48152	48152	0	2383	45769	-0.16647152740443735	-0.065253119997763	-0.16018816828727722	-0.057219114154577255	-0.38994160294532776	0.05991712957620621	-0.27452588081359863	0.1560089886188507	-0.10296905413269997	0.0	0.10814109066454425	0.4135166876938541	-1	0.5864833123061459	0.06930997556970707	0.049489117793653434	1.40050941822599	-0.17296662461229184	0.17296662461229184	small	45101242.5	3.9967926643118604e-46	0.12958366608972438	1.2780018168558895e-33	lower_in_active	7.308420871884544e-45	True	False	False
molformer	molformer_0673	48152	48152	0	2383	45769	0.9741081563881225	1.010864540091267	0.9956257343292236	1.029829502105713	0.7580201029777527	1.2198333740234375	0.7947040796279907	1.2569538354873657	-0.03420376777648926	0.0	0.13132625823593796	0.4704083599511704	-1	0.5295916400488296	0.05404383292962878	0.049489117793653434	1.0920346803304595	-0.05918328009765916	0.05918328009765916	negligible	51306276.5	1.0683882540834228e-06	0.047850025975192445	6.036865239688803e-05	lower_in_active	1.903763756696215e-06	True	False	False
molformer	molformer_0674	48152	48152	0	2383	45769	-0.13144833968251118	-0.11871825124706123	-0.1594642698764801	-0.13202862441539764	-0.4359855055809021	0.152408167719841	-0.4961774945259094	0.23681457340717316	-0.02743564546108246	0.0	0.24770182856934791	0.4929293390873344	-1	0.5070706609126656	0.04665881165030244	0.049489117793653434	0.9428095252141683	-0.014141321825331232	0.014141321825331232	negligible	53762584.0	0.24373617968888928	0.05868743131949805	3.1878756378937236e-07	lower_in_active	0.277729059348764	False	False	False
molformer	molformer_0675	48152	48152	0	2383	45769	0.008775137345451618	-0.014050194127632485	0.040518540889024734	0.014235854148864746	-0.16361413151025772	0.21765007823705673	-0.2014053463935852	0.20278900861740112	0.02628268674015999	0.0	0.1118032785650395	0.5206969852722525	1	0.5206969852722525	0.05220662016387484	0.049489117793653434	1.054911109580739	0.041393970544505	0.041393970544505	negligible	56791132.5	0.0006444230588719627	0.04153216933212395	0.0007843322331095306	higher_in_active	0.0009517632869493603	True	False	False
molformer	molformer_0676	48152	48152	0	2383	45769	0.24214893607700191	0.31373290856476077	0.24931618571281433	0.3286457061767578	0.039540212601423264	0.46202345192432404	0.11345832794904709	0.5330032110214233	-0.07932952046394348	0.0	0.10911022106981202	0.43263415608570643	-1	0.5673658439142936	0.05990499857400792	0.049489117793653434	1.2104681037917033	-0.13473168782858713	0.13473168782858713	negligible	47186337.5	1.170038989995525e-28	0.10472296671767384	4.406252245767327e-22	lower_in_active	6.807499578155782e-28	True	False	False
molformer	molformer_0677	48152	48152	0	2383	45769	-0.08443190943387278	-0.11816726409317697	-0.07640862464904785	-0.11880823969841003	-0.2753295302391052	0.11350081861019135	-0.31534478068351746	0.07733073830604553	0.04239961504936218	0.0	0.08448550671102198	0.5362714926139289	1	0.5362714926139289	0.05414615822354482	0.049489117793653434	1.0941023125388711	0.07254298522785785	0.07254298522785785	negligible	58489805.5	2.2330989012320625e-09	0.06380638849545017	1.846963099041456e-08	higher_in_active	4.711593286116e-09	True	False	False
molformer	molformer_0678	48152	48152	0	2383	45769	-0.5773317501097708	-0.6003060051008166	-0.617418646812439	-0.6269237399101257	-0.8432274758815765	-0.38100606203079224	-0.8335087299346924	-0.40228861570358276	0.009505093097686768	0.0	0.11793163409319735	0.5093119696387725	1	0.5093119696387725	0.055561900090455606	0.049489117793653434	1.1227094474005952	0.01862393927754491	0.01862393927754491	negligible	55549397.0	0.12473205468042273	0.03967224818437476	0.0015572748590194647	higher_in_active	0.14701570379692794	False	False	False
molformer	molformer_0679	48152	48152	0	2383	45769	0.4442307320444675	0.4984644407852962	0.4597175717353821	0.506232738494873	0.29161183536052704	0.6113260686397552	0.33328381180763245	0.673318088054657	-0.04651516675949097	0.0	0.06603580533205795	0.441941509318351	-1	0.558058490681649	0.05991769098923599	0.049489117793653434	1.2107245726033113	-0.11611698136329796	0.11611698136329796	negligible	48201467.5	1.0508785608003911e-21	0.08897174316604795	4.739276652085271e-16	lower_in_active	4.2477617615510546e-21	True	False	False
molformer	molformer_0680	48152	48152	0	2383	45769	-0.25131419016293016	-0.1965112003397641	-0.2503551244735718	-0.18686267733573914	-0.5006749033927917	-0.009478212799876928	-0.4474964737892151	0.05573996156454086	-0.06349244713783264	0.0	0.13315149635459386	0.4556245875089842	-1	0.5443754124910158	0.05573939874512479	0.049489117793653434	1.1262960672997266	-0.08875082498203157	0.08875082498203157	negligible	49693847.0	2.5562098523725055e-13	0.0710347452913277	2.2034639313517287e-10	lower_in_active	6.723182077472892e-13	True	False	False
molformer	molformer_0681	48152	48152	0	2383	45769	0.143176418778101	0.15745169692062896	0.13405826687812805	0.14694833755493164	-0.13350190222263336	0.3914194256067276	-0.11420650780200958	0.4153078496456146	-0.012890070676803589	0.0	0.16243900503871556	0.4871529268285325	-1	0.5128470731714674	0.05215308925910486	0.049489117793653434	1.0538294393640022	-0.025694146342934987	0.025694146342934987	negligible	53132565.0	0.034173098316812596	0.024030461422307692	0.14381422283265155	lower_in_active	0.042605421278104016	True	False	False
molformer	molformer_0682	48152	48152	0	2383	45769	-0.07086370828859069	-0.09381039891029305	-0.06941892206668854	-0.09491317719221115	-0.27256080508232117	0.12105445563793182	-0.28508517146110535	0.09478499740362167	0.025494255125522614	0.0	0.08130621844328113	0.5216054958319537	1	0.5216054958319537	0.05586346781156263	0.049489117793653434	1.1288030642309541	0.043210991663907405	0.043210991663907405	negligible	56890221.5	0.0003680759042971491	0.040544386781594555	0.0011334209520817964	higher_in_active	0.0005531943140904315	True	False	False
molformer	molformer_0683	48152	48152	0	2383	45769	-0.49517477269842225	-0.47999839833086094	-0.4923183023929596	-0.48179417848587036	-0.762946605682373	-0.21338123083114624	-0.7808942198753357	-0.17373701930046082	-0.010524123907089233	0.0	0.17117589550368575	0.49074888257070315	-1	0.5092511174292967	0.050171994185268604	0.049489117793653434	1.013798516159905	-0.018502234858593702	0.018502234858593702	negligible	53524767.0	0.1272145945320593	0.03264050352952441	0.015676976681041205	lower_in_active	0.14961838989375428	False	False	False
molformer	molformer_0684	48152	48152	0	2383	45769	-0.11659764279160562	-0.07342511415759276	-0.12615211308002472	-0.0787249505519867	-0.3198675513267517	0.08919628709554672	-0.28908035159111023	0.14074325561523438	-0.047427162528038025	0.0	0.10104355481810143	0.4606768383040352	-1	0.5393231616959647	0.054956949679269035	0.049489117793653434	1.1104855396375	-0.07864632339192956	0.07864632339192956	negligible	50244883.5	8.992505868908559e-11	0.06796723281348438	1.5296244940194973e-09	lower_in_active	2.0864787031183602e-10	True	False	False
molformer	molformer_0685	48152	48152	0	2383	45769	-0.14532675413350277	-0.14976999955188866	-0.1563478410243988	-0.15809917449951172	-0.3464822918176651	0.028002280741930008	-0.3428805470466614	0.029680585488677025	0.001751333475112915	0.0	0.08531767639848722	0.5018103326024803	1	0.5018103326024803	0.05079621851897605	0.049489117793653434	1.026411881714534	0.003620665204960627	0.003620665204960627	negligible	54731212.0	0.7653532444948417	0.01693571909813274	0.5287978862776316	higher_in_active	0.7923542327059044	False	False	False
molformer	molformer_0686	48152	48152	0	2383	45769	0.5962800105432896	0.507614258036427	0.6039093136787415	0.5191554427146912	0.37911611795425415	0.8104713261127472	0.24229881167411804	0.7770354151725769	0.08475387096405029	0.0	0.13657881810548186	0.5663491480832786	1	0.5663491480832786	0.061056041739894415	0.049489117793653434	1.2337266142926544	0.13269829616655726	0.13269829616655726	negligible	61770301.0	7.534905786065559e-28	0.12032982099245726	4.9049835765664075e-29	higher_in_active	4.223947185181277e-27	True	False	False
molformer	molformer_0687	48152	48152	0	2383	45769	-0.37442210344695953	-0.3610768020969034	-0.3604666292667389	-0.34227654337882996	-0.5839935839176178	-0.15891481190919876	-0.5442734360694885	-0.1534702628850937	-0.018190085887908936	0.0	0.09060753195619775	0.48352493130242147	-1	0.5164750686975785	0.05285563198838911	0.049489117793653434	1.068025342637395	-0.032950137395157064	0.032950137395157064	negligible	52736868.5	0.006604593160534699	0.04340157084518842	0.00038139115076768146	lower_in_active	0.008914459661319242	True	False	False
molformer	molformer_0688	48152	48152	0	2383	45769	-0.45245884566078237	-0.5240157578482403	-0.45770537853240967	-0.5362952947616577	-0.6373717188835144	-0.27605000138282776	-0.7350093722343445	-0.32720786333084106	0.07858991622924805	0.0	0.09233569605503744	0.5723671537908803	1	0.5723671537908803	0.05874459310333657	0.049489117793653434	1.187020414230744	0.14473430758176065	0.14473430758176065	negligible	62426670.0	8.18220521874297e-33	0.12166927558557372	1.1178858693156763e-29	higher_in_active	6.982148453327335e-32	True	False	False
molformer	molformer_0689	48152	48152	0	2383	45769	0.3317430176235607	0.4073574718547306	0.3545283079147339	0.42901259660720825	0.11869903281331062	0.5600510239601135	0.22478806972503662	0.6101788878440857	-0.07448428869247437	0.0	0.08783214432676317	0.4315654603592506	-1	0.5684345396407493	0.06593753077224945	0.049489117793653434	1.3323642390874342	-0.13686907928149883	0.13686907928149883	negligible	47069777.5	1.6028763113084823e-29	0.11298218946506416	1.2181962049368358e-25	lower_in_active	9.848072056679315e-29	True	False	False
molformer	molformer_0690	48152	48152	0	2383	45769	0.29249915103245844	0.3441735712763547	0.2937123477458954	0.3403208255767822	0.0175009835511446	0.5683929622173309	0.06602119654417038	0.6111902594566345	-0.04660847783088684	0.0	0.16296398421537764	0.46676583672791994	-1	0.5332341632720801	0.05726271469788833	0.049489117793653434	1.157076893886999	-0.06646832654416013	0.06646832654416013	negligible	50908995.5	4.274293858438047e-08	0.04932950391366259	3.142362647278207e-05	lower_in_active	8.438708697378973e-08	True	False	False
molformer	molformer_0691	48152	48152	0	2383	45769	0.4861780154602736	0.4945934118458444	0.49273523688316345	0.4959776699542999	0.29370395839214325	0.6932454705238342	0.25920748710632324	0.7297711372375488	-0.0032424330711364746	0.0	0.1173776495537108	0.4951510957060574	-1	0.5048489042939426	0.04765594631981124	0.049489117793653434	0.9629580894635126	-0.00969780858788516	0.00969780858788516	negligible	54004905.5	0.42405238703693093	0.04826685948421661	5.032638114103017e-05	lower_in_active	0.466579130722583	False	False	False
molformer	molformer_0692	48152	48152	0	2383	45769	0.6526504091441326	0.6934941544668817	0.6652987003326416	0.6892309784889221	0.47629566490650177	0.8569863140583038	0.509975016117096	0.8816221952438354	-0.023932278156280518	0.0	0.08409972528218355	0.46707504425217233	-1	0.5329249557478276	0.0596328255400261	0.049489117793653434	1.204968449602743	-0.06584991149565533	0.06584991149565533	negligible	50942720.0	5.694125417846703e-08	0.052502694042013076	7.243464230976516e-06	lower_in_active	1.1127451198234778e-07	True	False	False
molformer	molformer_0693	48152	48152	0	2383	45769	-0.08526384467730964	-0.10463511459653026	-0.10106859356164932	-0.1165923923254013	-0.325348362326622	0.1553325653076172	-0.3482266068458557	0.12971557676792145	0.015523798763751984	0.0	0.12594012837361207	0.5137823790577006	1	0.5137823790577006	0.05243740555297316	0.049489117793653434	1.0595744658777857	0.027564758115401267	0.027564758115401267	negligible	56036973.5	0.023073115691211957	0.026689465508831056	0.07794546272158898	higher_in_active	0.02919300304917757	True	False	False
molformer	molformer_0694	48152	48152	0	2383	45769	-0.08854727611145542	-0.047337191475613605	-0.062204595655202866	-0.030534472316503525	-0.2896711081266403	0.14878220111131668	-0.26315999031066895	0.18567988276481628	-0.03167012333869934	0.0	0.1159882384527837	0.468963979535357	-1	0.531036020464643	0.05567697768039558	0.049489117793653434	1.1250347583996676	-0.062072040929285976	0.062072040929285976	negligible	51148741.5	3.1087530371259156e-07	0.050012191071316825	2.3094052242712258e-05	lower_in_active	5.780925744582816e-07	True	False	False
molformer	molformer_0695	48152	48152	0	2383	45769	0.06118608944385576	0.055831371959306625	0.07976636290550232	0.08346177637577057	-0.1501098796725273	0.2924976497888565	-0.1839834451675415	0.32502153515815735	-0.0036954134702682495	0.0	0.13957882416885536	0.49967018139138697	-1	0.500329818608613	0.04721527091779365	0.049489117793653434	0.954053598503399	-0.0006596372172260612	0.0006596372172260612	negligible	54497791.0	0.9566367426167248	0.039788057173057556	0.0014935395783976864	lower_in_active	0.9654362921545921	False	False	False
molformer	molformer_0696	48152	48152	0	2383	45769	0.22788065811007285	0.25404096784075864	0.2222474068403244	0.24601945281028748	0.010166469495743513	0.4363265037536621	0.03735434263944626	0.4612698256969452	-0.023772045969963074	0.0	0.09607290194796528	0.476282463982153	-1	0.523717536017847	0.05547186387502918	0.049489117793653434	1.1208901339951343	-0.04743507203569397	0.04743507203569397	negligible	51946950.5	9.222937549303352e-05	0.03699119353829303	0.003960365491304743	lower_in_active	0.0001436757817011151	True	False	False
molformer	molformer_0697	48152	48152	0	2383	45769	-0.03986289579911467	0.05803063945193244	-0.043974619358778	0.07421740889549255	-0.2883920967578888	0.23303186148405075	-0.2135455310344696	0.3493916690349579	-0.11819202825427055	0.0	0.1436055583412638	0.4239224063455661	-1	0.5760775936544339	0.061029716953598004	0.049489117793653434	1.2331946834870544	-0.1521551873088678	0.1521551873088678	small	46236168.5	4.370982310601999e-36	0.1199702455892303	7.274794685038334e-29	lower_in_active	4.416992650713599e-35	True	False	False
molformer	molformer_0698	48152	48152	0	2383	45769	-0.18977986576724656	-0.13782181368917465	-0.18316403031349182	-0.12382159382104874	-0.43741844594478607	0.07595402747392654	-0.3372715413570404	0.07231201231479645	-0.059342436492443085	0.0	0.08935307097751828	0.4566262972112681	-1	0.543373702788732	0.06541852280754815	0.049489117793653434	1.3218769241414428	-0.08674740557746385	0.08674740557746385	negligible	49803101.0	8.628910538816887e-13	0.09791699962171141	2.35279468374838e-19	lower_in_active	2.1871297999377454e-12	True	False	False
molformer	molformer_0699	48152	48152	0	2383	45769	0.3448585641305653	0.36135460037028316	0.36457356810569763	0.37539148330688477	0.15640708059072495	0.5724745392799377	0.1483556479215622	0.596807062625885	-0.010817915201187134	0.0	0.11463255379960888	0.488540370040663	-1	0.511459629959337	0.051248869877204103	0.049489117793653434	1.0355583643840252	-0.02291925991867405	0.02291925991867405	negligible	53283890.0	0.058853868719466934	0.03231457700512452	0.017259263224436862	lower_in_active	0.07185973160023944	False	False	False
molformer	molformer_0700	48152	48152	0	2383	45769	0.11128420598686276	0.06334735215526516	0.12145078927278519	0.07651322335004807	-0.07475617155432701	0.2985304147005081	-0.10616728663444519	0.24623900651931763	0.04493756592273712	0.0	0.07742477097393272	0.5453732942895093	1	0.5453732942895093	0.06281323656491089	0.049489117793653434	1.2692333055281533	0.09074658857901863	0.09074658857901863	negligible	59482516.5	7.40760694005067e-14	0.07268376956965383	7.504881818477123e-11	higher_in_active	2.0102622367345985e-13	True	False	False
molformer	molformer_0701	48152	48152	0	2383	45769	0.782020004934573	0.8555939629777294	0.8101398944854736	0.878692626953125	0.6041060090065002	0.9899042844772339	0.7049580812454224	1.0303303003311157	-0.06855273246765137	0.0	0.06869759347742693	0.4293272643836511	-1	0.5706727356163489	0.06921464511565095	0.049489117793653434	1.398583126986498	-0.1413454712326978	0.1413454712326978	negligible	46825663.0	2.2568823042137137e-31	0.12132590115479563	1.635778454851161e-29	lower_in_active	1.7332856096361324e-30	True	False	False
molformer	molformer_0702	48152	48152	0	2383	45769	-0.311932679906437	-0.35580466933370386	-0.3197158873081207	-0.35862746834754944	-0.5550070106983185	-0.0695960633456707	-0.6461255550384521	-0.0700613409280777	0.03891158103942871	0.0	0.15720822279761	0.5315675398049504	1	0.5315675398049504	0.05298085620361555	0.049489117793653434	1.0705556810392345	0.06313507960990083	0.06313507960990083	negligible	57976757.0	1.9466600308027497e-07	0.07834068704977606	1.5445529154362557e-12	higher_in_active	3.664301234452235e-07	True	False	False
molformer	molformer_0703	48152	48152	0	2383	45769	-0.530743290210466	-0.583789617051385	-0.5381496548652649	-0.5749655365943909	-0.8448716104030609	-0.23232730478048325	-0.9090471863746643	-0.2622220516204834	0.03681588172912598	0.0	0.23706764776491912	0.5277232929284259	1	0.5277232929284259	0.05412895607119074	0.049489117793653434	1.0937547178934017	0.055446585856851804	0.055446585856851804	negligible	57557474.5	4.863735536019007e-06	0.048426118619155994	4.69272584839499e-05	higher_in_active	8.264046220492471e-06	True	False	False
molformer	molformer_0704	48152	48152	0	2383	45769	-0.023082242378296914	-0.01486107184400612	-0.015377168543636799	-0.01736912876367569	-0.2183135226368904	0.1753469854593277	-0.20638114213943481	0.17121529579162598	0.001991960220038891	0.0	0.08239882494338557	0.4958075468237214	-1	0.5041924531762785	0.05351154643249326	0.049489117793653434	1.0812790532175474	-0.008384906352557175	0.008384906352557175	negligible	54076503.0	0.4894491663613024	0.026293105554689986	0.08574736563246144	lower_in_active	0.5324319543420399	False	False	False
molformer	molformer_0705	48152	48152	0	2383	45769	-0.31637325172722036	-0.25160224408253845	-0.3041379749774933	-0.23862512409687042	-0.6304619312286377	0.0123409703373909	-0.5662899017333984	0.06864313781261444	-0.06551285088062286	0.0	0.19741899391472642	0.4613826212452768	-1	0.5386173787547233	0.05873092669714285	0.049489117793653434	1.1867442645072692	-0.07723475750944642	0.07723475750944642	negligible	50321861.5	1.932300407081435e-10	0.059660048952975664	1.8898694168267006e-07	lower_in_active	4.3905524042560415e-10	True	False	False
molformer	molformer_0706	48152	48152	0	2383	45769	0.0371998513567339	0.0827656209262511	0.05830201879143715	0.08572407811880112	-0.1576724499464035	0.25302058458328247	-0.09967819601297379	0.27426573634147644	-0.027422059327363968	0.0	0.08119078212870783	0.4631891351125987	-1	0.5368108648874014	0.06043604322154297	0.049489117793653434	1.2211986375173047	-0.07362172977480264	0.07362172977480264	negligible	50518893.5	1.2887148834530438e-09	0.06516071460939973	8.35287989932246e-09	lower_in_active	2.74925841803316e-09	True	False	False
molformer	molformer_0707	48152	48152	0	2383	45769	-0.21784662605239893	-0.2405680309347644	-0.23889590799808502	-0.24736447632312775	-0.48329252004623413	0.03914951533079147	-0.5787210464477539	0.09245654940605164	0.008468568325042725	0.0	0.21330140259623634	0.5144665286121322	1	0.5144665286121322	0.04789002950358607	0.049489117793653434	0.9676880825248326	0.028933057224264314	0.028933057224264314	negligible	56111592.0	0.01707848636339457	0.07732312478305298	3.173479026969708e-12	higher_in_active	0.021970314115723664	True	False	False
molformer	molformer_0708	48152	48152	0	2383	45769	-0.2743785335377481	-0.2926150103978743	-0.26830336451530457	-0.2863481640815735	-0.4679287075996399	-0.07412979006767273	-0.50611412525177	-0.08476413041353226	0.01804479956626892	0.0	0.1104138496238286	0.5196174201327587	1	0.5196174201327587	0.05065062914812973	0.049489117793653434	1.02347003556053	0.03923484026551738	0.03923484026551738	negligible	56673387.0	0.0012197891013341069	0.04191751775943359	0.000677767754889212	higher_in_active	0.0017575948026727845	True	False	False
molformer	molformer_0709	48152	48152	0	2383	45769	-0.020715896052414293	-0.074180877593828	-0.03519858419895172	-0.08570760488510132	-0.20962455123662949	0.15503405034542084	-0.2594832181930542	0.10095987468957901	0.0505090206861496	0.0	0.07597630206436189	0.5542695123178139	1	0.5542695123178139	0.059217408933255083	0.049489117793653434	1.1965743495401169	0.1085390246356277	0.1085390246356277	negligible	60452805.0	3.6492508532018774e-19	0.08246918443470347	7.547824466191228e-14	higher_in_active	1.273920297845019e-18	True	False	False
molformer	molformer_0710	48152	48152	0	2383	45769	-0.3639941580699754	-0.38530073961405675	-0.36093273758888245	-0.35932478308677673	-0.6150482296943665	-0.10878542438149452	-0.6052747964859009	-0.12355241179466248	-0.0016079545021057129	0.0	0.1626860474040584	0.5067994894575725	1	0.5067994894575725	0.05403810023288402	0.049489117793653434	1.0919188428089934	0.013598978915144944	0.013598978915144944	negligible	55275367.0	0.26229106993427165	0.02408029293632008	0.14225752305703965	higher_in_active	0.2975473289653185	False	False	False
molformer	molformer_0711	48152	48152	0	2383	45769	0.9994108685271981	0.9613649407446809	1.0053423643112183	0.9785894155502319	0.7727738916873932	1.2363388538360596	0.762004017829895	1.1792072057724	0.026752948760986328	0.0	0.10821116167139204	0.5304915779377669	1	0.5304915779377669	0.061919547361430266	0.049489117793653434	1.2511750082029334	0.06098315587553382	0.06098315587553382	negligible	57859404.5	4.982835877661659e-07	0.07075381841196415	2.6407042681065455e-10	higher_in_active	9.177021472527947e-07	True	False	False
molformer	molformer_0712	48152	48152	0	2383	45769	-0.5133391175525724	-0.4636838564542585	-0.5197023153305054	-0.4806068241596222	-0.7206336557865143	-0.3125181049108505	-0.6900960803031921	-0.25805848836898804	-0.03909549117088318	0.0	0.11717165593661896	0.4618653680485485	-1	0.5381346319514515	0.055856932844446774	0.049489117793653434	1.128671015663366	-0.076269263902903	0.076269263902903	negligible	50374513.5	3.2357708642049423e-10	0.06204097760463567	5.067474104242023e-08	lower_in_active	7.203107315099697e-10	True	False	False
molformer	molformer_0713	48152	48152	0	2383	45769	0.11242764919067186	0.2401341741723163	0.11768827587366104	0.2354346066713333	-0.1650136560201645	0.37871262431144714	-0.045825254172086716	0.5192984938621521	-0.11774633079767227	0.0	0.17410536139247998	0.41328817788268	-1	0.58671182211732	0.06537546540933281	0.049489117793653434	1.3210068864415414	-0.17342364423463996	0.17342364423463996	small	45076319.5	2.3280368794088024e-46	0.12079657770181224	2.935315934749072e-29	lower_in_active	4.360810544843806e-45	True	False	False
molformer	molformer_0714	48152	48152	0	2383	45769	-0.4629424437451409	-0.5514878666501177	-0.48002690076828003	-0.5609220266342163	-0.7285116314888	-0.21990948915481567	-0.8215339183807373	-0.30195751786231995	0.08089512586593628	0.0	0.14632151205558194	0.5640322944151837	1	0.5640322944151837	0.06073481197610085	0.049489117793653434	1.2272356971352112	0.1280645888303673	0.1280645888303673	negligible	61517607.5	4.7330084437795925e-26	0.08799007609295112	1.0445404469793979e-15	higher_in_active	2.391414792646531e-25	True	False	False
molformer	molformer_0715	48152	48152	0	2383	45769	-0.3126149021416242	-0.2461397043083125	-0.29525619745254517	-0.22624292969703674	-0.5080814063549042	-0.1015402115881443	-0.4205736815929413	-0.049228277057409286	-0.06901326775550842	0.0	0.08453922846554902	0.4357979712880077	-1	0.5642020287119923	0.0628160995200912	0.049489117793653434	1.2692911557244781	-0.12840405742398464	0.12840405742398464	negligible	47531407.0	3.5119091848362465e-26	0.10308509149565664	2.0765334904351765e-21	lower_in_active	1.786189572155124e-25	True	False	False
molformer	molformer_0716	48152	48152	0	2383	45769	0.6808734322259393	0.6447386685259212	0.684422492980957	0.6433652639389038	0.4459568113088608	0.9279698729515076	0.3998987376689911	0.8925037980079651	0.04105722904205322	0.0	0.1169411288057201	0.5317799219927303	1	0.5317799219927303	0.054325140019093096	0.049489117793653434	1.0977189014684727	0.06355984398546055	0.06355984398546055	negligible	57999921.0	1.611217373799379e-07	0.05075054099282916	1.6472794735081527e-05	higher_in_active	3.047820056842175e-07	True	False	False
molformer	molformer_0717	48152	48152	0	2383	45769	0.17504033138238806	0.15296397932771993	0.17801998555660248	0.16564488410949707	-0.03448134660720825	0.3970821499824524	-0.07218431681394577	0.39219534397125244	0.012375101447105408	0.0	0.12292933938690077	0.5173092216531141	1	0.5173092216531141	0.051678395495576276	0.049489117793653434	1.0442375576596679	0.03461844330622821	0.03461844330622821	negligible	56421637.5	0.004321708000488593	0.04207536492507069	0.0006381664389318498	higher_in_active	0.0059481572479843006	True	False	False
molformer	molformer_0718	48152	48152	0	2383	45769	-0.2398241582036212	-0.2206843153837998	-0.23005235195159912	-0.20440611243247986	-0.4686844050884247	-0.01899441983550787	-0.4304920434951782	0.002869555726647377	-0.025646239519119263	0.0	0.11347834417109326	0.48018806734290403	-1	0.519811932657096	0.05245787053759081	0.049489117793653434	1.0599879908208445	-0.03962386531419193	0.03962386531419193	negligible	52372925.0	0.0010897040790313333	0.04031236538442834	0.0012342134437572075	lower_in_active	0.0015820278500870775	True	False	False
molformer	molformer_0719	48152	48152	0	2383	45769	0.09900381887940599	0.1356405025886682	0.0974082425236702	0.12501837313175201	-0.0981791578233242	0.29031790792942047	-0.06185957044363022	0.31976205110549927	-0.027610130608081818	0.0	0.08676400032180205	0.46856176540979055	-1	0.5314382345902094	0.05873532199116359	0.049489117793653434	1.186833077850822	-0.06287646918041889	0.06287646918041889	negligible	51104873.0	2.1829529467842952e-07	0.043848935898216534	0.0003194419602868847	lower_in_active	4.0790945574947417e-07	True	False	False
molformer	molformer_0720	48152	48152	0	2383	45769	-0.04219583672255917	-0.08731676711345317	-0.024765223264694214	-0.053955309092998505	-0.3144175410270691	0.24463316053152084	-0.361771821975708	0.2140747308731079	0.02919008582830429	0.0	0.17414031302715788	0.5260494812539391	1	0.5260494812539391	0.05446837959573053	0.049489117793653434	1.100613266594048	0.052098962507878266	0.052098962507878266	negligible	57374916.0	1.749854636781021e-05	0.04416378671536213	0.0002816708453020942	higher_in_active	2.877705269909688e-05	True	False	False
molformer	molformer_0721	48152	48152	0	2383	45769	-0.26204875164182045	-0.3209311276006659	-0.2680613398551941	-0.30619171261787415	-0.46886003017425537	-0.061902981251478195	-0.4941554367542267	-0.1266554892063141	0.038130372762680054	0.0	0.09763301243159395	0.5442876320098464	1	0.5442876320098464	0.06709436869042615	0.049489117793653434	1.3557398410328996	0.08857526401969285	0.08857526401969285	negligible	59364106.0	2.846835580439295e-13	0.07999121498372286	4.70763069025759e-13	higher_in_active	7.43663172033122e-13	True	False	False
molformer	molformer_0722	48152	48152	0	2383	45769	0.07771580167033408	0.19561044896448287	0.05724480748176575	0.16447511315345764	-0.19552774727344513	0.3182727247476578	-0.06761162728071213	0.42093804478645325	-0.1072303056716919	0.0	0.15065517657288172	0.4152237815018947	-1	0.5847762184981053	0.07318124610568379	0.049489117793653434	1.4787341009151849	-0.1695524369962106	0.1695524369962106	small	45287431.0	2.1667274184406546e-44	0.1243856019583171	5.2949835580237045e-31	lower_in_active	3.5405248028987716e-43	True	False	False
molformer	molformer_0723	48152	48152	0	2383	45769	-0.24771789190470428	-0.21464642462096695	-0.25536227226257324	-0.20511412620544434	-0.5249465703964233	0.007930782856419683	-0.5048443078994751	0.08381529152393341	-0.050248146057128906	0.0	0.187150045675126	0.470387574662805	-1	0.529612425337195	0.05056777073509213	0.049489117793653434	1.021795760149457	-0.059224850674389984	0.059224850674389984	negligible	51304009.5	1.049983849195649e-06	0.0649759024975417	9.317322278216814e-09	lower_in_active	1.8753199911215313e-06	True	False	False
molformer	molformer_0724	48152	48152	0	2383	45769	0.08328228057757112	0.03754693601072349	0.08972340077161789	0.0376354455947876	-0.09855079650878906	0.27243223786354065	-0.1341269165277481	0.21224695444107056	0.05208795517683029	0.0	0.07846226404546366	0.549265791091055	1	0.549265791091055	0.060059446786179305	0.049489117793653434	1.2135889557902249	0.09853158218211	0.09853158218211	negligible	59907061.5	4.579194095129412e-16	0.08870682471786495	5.870986323157145e-16	higher_in_active	1.3737582285388235e-15	True	False	False
molformer	molformer_0725	48152	48152	0	2383	45769	-0.25818980366853905	-0.21832967605925294	-0.21744440495967865	-0.17950360476970673	-0.4560251832008362	-0.029564120806753635	-0.38043341040611267	-0.015665404498577118	-0.037940800189971924	0.0	0.09461889337545983	0.46441120371235706	-1	0.535588796287643	0.057777486243381034	0.049489117793653434	1.1674786057873618	-0.07117759257528589	0.07117759257528589	negligible	50652181.5	4.428900018054232e-09	0.07498912118911433	1.5971538717302057e-11	lower_in_active	9.16818116944919e-09	True	False	False
molformer	molformer_0726	48152	48152	0	2383	45769	0.13726153178971318	0.10385608826262906	0.12605901062488556	0.09846055507659912	-0.04801446944475174	0.31569114327430725	-0.07714296132326126	0.2798663079738617	0.027598455548286438	0.0	0.07450779609987614	0.5326108521741765	1	0.5326108521741765	0.05826965454937536	0.049489117793653434	1.1774235861777265	0.06522170434835295	0.06522170434835295	negligible	58090548.5	7.60045188342703e-08	0.05331651097214296	4.898825145676265e-06	higher_in_active	1.4815094026578577e-07	True	False	False
molformer	molformer_0727	48152	48152	0	2383	45769	0.05596601879197801	0.052172852477436346	0.031052181497216225	0.02936212718486786	-0.17078179866075516	0.26829637587070465	-0.17119982838630676	0.2566642463207245	0.0016900543123483658	0.0	0.10315984993804961	0.502459004136034	1	0.502459004136034	0.051242690440376715	0.049489117793653434	1.0354334998258579	0.0049180082720678975	0.0049180082720678975	negligible	54801961.0	0.6851825597588279	0.01637505726154398	0.5723720746717215	higher_in_active	0.7188800626977867	False	False	False
molformer	molformer_0728	48152	48152	0	2383	45769	0.02144004274440144	0.04426997792581019	0.020297445356845856	0.03984404727816582	-0.21047677099704742	0.23940231651067734	-0.20773053169250488	0.2919427752494812	-0.01954660192131996	0.0	0.12982999405968437	0.48143558348031495	-1	0.5185644165196851	0.05091820626156297	0.049489117793653434	1.0288768224535376	-0.03712883303937009	0.03712883303937009	negligible	52508988.5	0.0022088720320305147	0.04937582384168293	3.07779154175152e-05	lower_in_active	0.003106984836262702	True	False	False
molformer	molformer_0729	48152	48152	0	2383	45769	0.2647684386826	0.2445563156902958	0.29310712218284607	0.27168500423431396	0.05167902633547783	0.5098069906234741	0.0017673395341262221	0.5061631798744202	0.021422117948532104	0.0	0.1466696504910165	0.5176434732952183	1	0.5176434732952183	0.050714021371046844	0.049489117793653434	1.0247509681320384	0.03528694659043663	0.03528694659043663	negligible	56458093.5	0.0036284382504306323	0.05029523590463367	2.0300409377975714e-05	higher_in_active	0.005011943482609219	True	False	False
molformer	molformer_0730	48152	48152	0	2383	45769	0.5850514121489632	0.6593861709719184	0.5819934606552124	0.6283595561981201	0.3837457448244095	0.7779511511325836	0.43134936690330505	0.8603270649909973	-0.046366095542907715	0.0	0.11726988898030095	0.44537504733191574	-1	0.5546249526680843	0.05908058745774675	0.049489117793653434	1.1938096715339577	-0.10924990533616852	0.10924990533616852	negligible	48575955.0	2.142844755596018e-19	0.07434838969072799	2.4673455941727706e-11	lower_in_active	7.583892959897428e-19	True	False	False
molformer	molformer_0731	48152	48152	0	2383	45769	-0.3240755814799754	-0.3587472266967655	-0.32656195759773254	-0.3587425649166107	-0.5634252429008484	-0.08348153904080391	-0.632061779499054	-0.09782875329256058	0.032180607318878174	0.0	0.1417127739881456	0.5259021917678577	1	0.5259021917678577	0.051520165971501726	0.049489117793653434	1.0410402987241927	0.05180438353571537	0.05180438353571537	negligible	57358851.5	1.951694814538972e-05	0.064603683551017	1.1599972541372152e-08	higher_in_active	3.195952276259979e-05	True	False	False
molformer	molformer_0732	48152	48152	0	2383	45769	-0.7020284926303456	-0.7045236427093581	-0.7135859727859497	-0.7066478729248047	-0.9219121932983398	-0.4942038804292679	-0.9373429417610168	-0.4770895838737488	-0.0069380998611450195	0.0	0.11324786497283222	0.5000696953548787	1	0.5000696953548787	0.04913924721203496	0.049489117793653434	0.9929303532328608	0.00013939070975732548	0.00013939070975732548	negligible	54541365.0	0.9908328897557427	0.021377325260157343	0.2482797142604083	higher_in_active	0.9960204965083906	False	False	False
molformer	molformer_0733	48152	48152	0	2383	45769	-0.5080455594470504	-0.5805702350152794	-0.4983808100223541	-0.5835760831832886	-0.750156581401825	-0.26970502734184265	-0.8259339928627014	-0.3372902274131775	0.08519527316093445	0.0	0.1310671393896435	0.5588721884195651	1	0.5588721884195651	0.05926559229593558	0.049489117793653434	1.1975479648484642	0.1177443768391302	0.1177443768391302	negligible	60954807.5	2.844904995990972e-22	0.09509197911858763	2.815046180964949e-18	higher_in_active	1.1621739558090777e-21	True	False	False
molformer	molformer_0734	48152	48152	0	2383	45769	-0.30187429251474307	-0.3289690427679408	-0.3177478313446045	-0.3420000672340393	-0.49774640798568726	-0.12117795273661613	-0.5134782791137695	-0.1570722460746765	0.024252235889434814	0.0	0.07178574451677627	0.527470055317198	1	0.527470055317198	0.05604065452128204	0.049489117793653434	1.132383380826174	0.05494011063439608	0.05494011063439608	negligible	57529854.5	5.931083024589575e-06	0.04741276475444428	7.293947999448299e-05	higher_in_active	9.989192462466652e-06	True	False	False
molformer	molformer_0735	48152	48152	0	2383	45769	0.2225737854976819	0.08790223876835367	0.2126188725233078	0.08656755089759827	-0.05590236745774746	0.49843446910381317	-0.18078485131263733	0.3570551574230194	0.12605132162570953	0.0	0.16410921099625034	0.5909965942475253	1	0.5909965942475253	0.06952944534341145	0.049489117793653434	1.4049441259655677	0.18199318849505053	0.18199318849505053	small	64458537.0	7.114220072674808e-51	0.13171602396375964	1.003235150462435e-34	higher_in_active	1.5610631473755007e-49	True	False	False
molformer	molformer_0736	48152	48152	0	2383	45769	0.15814736954764805	0.19810234559296355	0.14649520814418793	0.18521253764629364	-0.06946458667516708	0.3751175105571747	-0.025127511471509933	0.40676429867744446	-0.03871732950210571	0.0	0.10848216767992856	0.46866862581380436	-1	0.5313313741861957	0.05739648742525478	0.049489117793653434	1.1597799674783331	-0.06266274837239127	0.06266274837239127	negligible	51116528.0	2.398931920197968e-07	0.05031184029688324	2.014698642782519e-05	lower_in_active	4.4717954240583486e-07	True	False	False
molformer	molformer_0737	48152	48152	0	2383	45769	-0.2401028610019072	-0.14348709877559834	-0.2195182591676712	-0.1430770307779312	-0.557935893535614	0.06947574764490128	-0.43806084990501404	0.148708775639534	-0.07644122838973999	0.0	0.17880779395912835	0.4393179649154418	-1	0.5606820350845583	0.06343065289982794	0.049489117793653434	1.2817091055109169	-0.12136407016911643	0.12136407016911643	negligible	47915324.0	1.4591729005158538e-23	0.08873412890346366	5.743001054033492e-16	lower_in_active	6.295757233686381e-23	True	False	False
molformer	molformer_0738	48152	48152	0	2383	45769	-0.02710287836274293	-0.020712609844016013	-0.03622107580304146	-0.036517344415187836	-0.3113568127155304	0.24670763313770294	-0.29187989234924316	0.23315279185771942	0.00029626861214637756	0.0	0.1489353614461419	0.4975033998891347	-1	0.5024966001108653	0.05234230212926251	0.049489117793653434	1.0576527621184424	-0.004993200221730554	0.004993200221730554	negligible	54261465.5	0.6806329767627808	0.024016039164434344	0.14426731792709435	lower_in_active	0.7150836199094605	False	False	False
molformer	molformer_0739	48152	48152	0	2383	45769	-0.32084627736328714	-0.22081244991960944	-0.28474193811416626	-0.19705109298229218	-0.5515391528606415	-0.039035970345139503	-0.5050742030143738	0.11064666509628296	-0.08769084513187408	0.0	0.27035688575494393	0.43673805861574183	-1	0.5632619413842582	0.056549645380150906	0.049489117793653434	1.1426682854993815	-0.12652388276851634	0.12652388276851634	negligible	47633940.0	1.8158193250509672e-25	0.11222221074105765	2.657890452957643e-25	lower_in_active	8.82626102303255e-25	True	False	False
molformer	molformer_0740	48152	48152	0	2383	45769	0.15749234672548054	0.1431873729566328	0.14691346883773804	0.12074105441570282	-0.0796787478029728	0.3918488174676895	-0.11576300114393234	0.3796321153640747	0.026172414422035217	0.0	0.12995054937029996	0.5184661562923307	1	0.5184661562923307	0.049526938564834276	0.049489117793653434	1.0007642239924044	0.03693231258466145	0.03693231258466145	negligible	56547821.5	0.00233137496869375	0.04772123420383406	6.383911240943962e-05	higher_in_active	0.0032733016013835464	True	False	False
molformer	molformer_0741	48152	48152	0	2383	45769	0.2888894635574348	0.2736502035143343	0.29241931438446045	0.2658991515636444	0.13537850975990295	0.4397958815097809	0.12945698201656342	0.4088272154331207	0.02652016282081604	0.0	0.04770225655960408	0.5253425934925617	1	0.5253425934925617	0.054145656074978094	0.049489117793653434	1.0940921658927172	0.050685186985123476	0.050685186985123476	negligible	57297817.5	2.9396896271280244e-05	0.05619095040084665	1.172793525265217e-06	higher_in_active	4.7430286420889134e-05	True	False	False
molformer	molformer_0742	48152	48152	0	2383	45769	0.03523656421509079	0.16827666425314153	0.04540899395942688	0.19066685438156128	-0.2018127143383026	0.28082069754600525	-0.04906029626727104	0.40953755378723145	-0.1452578604221344	0.0	0.11757219824217033	0.39116439304615386	-1	0.6088356069538462	0.07322472198535979	0.049489117793653434	1.4796125946450038	-0.21767121390769228	0.21767121390769228	small	42663333.0	5.432981384031172e-72	0.16944639260043004	2.5368347429595412e-57	lower_in_active	3.47710808577995e-70	True	True	True
molformer	molformer_0743	48152	48152	0	2383	45769	-0.004895202958059626	-0.019700694064490626	-0.0037611196748912334	-0.02244863659143448	-0.2207954227924347	0.21697331964969635	-0.2505027651786804	0.21776726841926575	0.018687516916543245	0.0	0.12540981352057787	0.5121930930000824	1	0.5121930930000824	0.05032605654235573	0.049489117793653434	1.0169115713921582	0.024386186000164845	0.024386186000164845	negligible	55863634.0	0.044409469292445374	0.03846670145917952	0.002388622707680467	higher_in_active	0.054657808359932766	False	False	False
molformer	molformer_0744	48152	48152	0	2383	45769	-0.8285044245021297	-0.7976597392312901	-0.8351699113845825	-0.7957262396812439	-1.0591307878494263	-0.6027396619319916	-1.0157787799835205	-0.579082190990448	-0.03944367170333862	0.0	0.10896668173182536	0.47245806260923107	-1	0.527541937390769	0.055318244924923723	0.049489117793653434	1.117786038449403	-0.05508387478153787	0.05508387478153787	negligible	51529832.5	5.60725290696017e-06	0.05286729385548461	6.083771649093846e-06	lower_in_active	9.464549961638265e-06	True	False	False
molformer	molformer_0745	48152	48152	0	2383	45769	-0.1155400233878312	-0.11222499367518135	-0.14686669409275055	-0.1357002854347229	-0.36106540262699127	0.10811621323227882	-0.3509397506713867	0.09679022431373596	-0.011166408658027649	0.0	0.11676100325445143	0.49500960537961036	-1	0.5049903946203896	0.051266100611500186	0.049489117793653434	1.0359065365694322	-0.009980789240779275	0.009980789240779275	negligible	53989473.5	0.4106574157798438	0.021903366342944597	0.22398318463441513	lower_in_active	0.45313921741224145	False	False	False
molformer	molformer_0746	48152	48152	0	2383	45769	-0.19682956745132762	-0.15404954312041386	-0.20636793971061707	-0.18629008531570435	-0.39311760663986206	-0.00865825591608882	-0.3901995122432709	0.0522598922252655	-0.02007785439491272	0.0	0.11014070255841517	0.4705440602866149	-1	0.5294559397133851	0.05311785560832956	0.049489117793653434	1.0733239543652056	-0.05891187942677023	0.05891187942677023	negligible	51321077.0	1.1964004898773322e-06	0.07062035063837102	2.877130071710898e-10	lower_in_active	2.1269342042263686e-06	True	False	False
molformer	molformer_0747	48152	48152	0	2383	45769	0.10809292809134048	0.24598730735332638	0.12977464497089386	0.27481958270072937	-0.13526460528373718	0.3696438819169998	0.03071470558643341	0.4839068353176117	-0.1450449377298355	0.0	0.11677330973292366	0.3904518390703037	-1	0.6095481609296963	0.07550600731224602	0.049489117793653434	1.5257093009228997	-0.21909632185939265	0.21909632185939265	small	42585616.5	6.51316298378247e-73	0.1631177261404304	3.9671343552538515e-53	lower_in_active	5.002109171544937e-71	True	True	True
molformer	molformer_0748	48152	48152	0	2383	45769	-0.0027006172920235553	-0.052027626337248105	-0.01694059930741787	-0.061370160430669785	-0.17782292515039444	0.1629776880145073	-0.21530559659004211	0.10396931320428848	0.044429561123251915	0.0	0.06457203617749815	0.5506912199448695	1	0.5506912199448695	0.06242285465523028	0.049489117793653434	1.2613450681320386	0.10138243988973894	0.10138243988973894	negligible	60062529.5	6.423913814326148e-17	0.07842268212425862	1.4568807289694186e-12	higher_in_active	1.98934105217842e-16	True	False	False
molformer	molformer_0749	48152	48152	0	2383	45769	-0.06815978003124014	-0.09006316466643707	-0.0732172355055809	-0.1017383337020874	-0.29165786504745483	0.13591265678405762	-0.2776336669921875	0.08468229323625565	0.0285210981965065	0.0	0.07984792621581599	0.5189105094498017	1	0.5189105094498017	0.05778630230000298	0.049489117793653434	1.1676567471043824	0.03782101889960332	0.03782101889960332	negligible	56596286.0	0.0018228828910416648	0.055409260356659606	1.7429919149813743e-06	higher_in_active	0.0025782211055616917	True	False	False
molformer	molformer_0750	48152	48152	0	2383	45769	-0.04990015236461496	-0.0738309252269434	-0.055486954748630524	-0.08068901300430298	-0.2552187144756317	0.14311577379703522	-0.2624007761478424	0.10439813882112503	0.025202058255672455	0.0	0.08400374183445625	0.520844045542538	1	0.520844045542538	0.0558669169140844	0.049489117793653434	1.12887275839152	0.041688091085076096	0.041688091085076096	negligible	56807172.0	0.0005894157533445157	0.04598275158471321	0.00013377051603692287	higher_in_active	0.0008738828157694751	True	False	False
molformer	molformer_0751	48152	48152	0	2383	45769	-0.20557496001463982	-0.2676332207263035	-0.19831056892871857	-0.27200520038604736	-0.404244527220726	-0.015183748211711645	-0.4700034558773041	-0.06853786110877991	0.0736946314573288	0.0	0.0939407485851731	0.5622544737811833	1	0.5622544737811833	0.05854570688245177	0.049489117793653434	1.183001627278144	0.12450894756236663	0.12450894756236663	negligible	61323705.0	1.028642319282365e-24	0.10916832285011835	5.790925764700192e-24	higher_in_active	4.7023648881479545e-24	True	False	False
molformer	molformer_0752	48152	48152	0	2383	45769	0.07665859202859733	0.014931167145542228	0.06827674806118011	-0.001979800872504711	-0.15113282203674316	0.2969789206981659	-0.21414950489997864	0.2267754077911377	0.07025654893368483	0.0	0.11538673306900882	0.555045325268996	1	0.555045325268996	0.05825654272113901	0.049489117793653434	1.1771586425129188	0.11009065053799194	0.11009065053799194	negligible	60537421.0	1.1366760348305206e-19	0.09193354131885656	4.139757247609583e-17	higher_in_active	4.0603125337201854e-19	True	False	False
molformer	molformer_0753	48152	48152	0	2383	45769	0.8739807485754043	0.896791552352814	0.9070772528648376	0.9312068819999695	0.6991279423236847	1.0936340689659119	0.7459553480148315	1.0981078147888184	-0.024129629135131836	0.0	0.09667575119273195	0.47758450597307484	-1	0.5224154940269252	0.05395487877894735	0.049489117793653434	1.0902372316256284	-0.04483098805385033	0.04483098805385033	negligible	52088961.0	0.00021944197890400816	0.05057124839733462	1.7889413192841888e-05	lower_in_active	0.0003317548027525163	True	False	False
molformer	molformer_0754	48152	48152	0	2383	45769	0.3444173292526948	0.3326199542995714	0.3276447057723999	0.3168352246284485	0.09173103049397469	0.601743072271347	0.07995829731225967	0.583389163017273	0.010809481143951416	0.0	0.12593799032747197	0.5101546631748605	1	0.5101546631748605	0.051285677413142924	0.049489117793653434	1.0363021144765665	0.020309326349720935	0.020309326349720935	negligible	55641307.5	0.09410291020826052	0.02174065063380415	0.23129867584812935	higher_in_active	0.11310021133011593	False	False	False
molformer	molformer_0755	48152	48152	0	2383	45769	0.02152782781969439	0.06478910209464321	0.02262764982879162	0.0672009065747261	-0.16528262197971344	0.20223164558410645	-0.1239466741681099	0.2542915642261505	-0.044573256745934486	0.0	0.07733653534599817	0.45318979772962126	-1	0.5468102022703789	0.056415250189460184	0.049489117793653434	1.1399526341262638	-0.09362040454075748	0.09362040454075748	negligible	49428290.5	1.1879040085508578e-14	0.07279453581082851	6.974896704120809e-11	lower_in_active	3.293538911794436e-14	True	False	False
molformer	molformer_0756	48152	48152	0	2383	45769	0.13167082050025183	0.11333470863874369	0.15151731669902802	0.1495918333530426	-0.07048254832625389	0.3475276827812195	-0.09706499427556992	0.3564084768295288	0.0019254833459854126	0.0	0.1221235587815422	0.505614265004835	1	0.505614265004835	0.05013922964551519	0.049489117793653434	1.0131364607179385	0.011228530009669946	0.011228530009669946	negligible	55146097.5	0.354658448252938	0.03333974006763718	0.012713326029427409	higher_in_active	0.3958978027009541	False	False	False
molformer	molformer_0757	48152	48152	0	2383	45769	-0.14113638763285227	-0.16871596724984572	-0.15407732129096985	-0.19211360812187195	-0.3573654592037201	0.06840644031763077	-0.3926981985569	0.027201611548662186	0.0380362868309021	0.0	0.11164292690016271	0.5302251741712269	1	0.5302251741712269	0.05386288881757553	0.049489117793653434	1.0883784399261003	0.060450348342453886	0.060450348342453886	negligible	57830348.5	6.25890905564666e-07	0.05370547184039487	4.054962629153588e-06	higher_in_active	1.1417677327165404e-06	True	False	False
molformer	molformer_0758	48152	48152	0	2383	45769	0.04391703429577467	-0.007151276905730803	0.04462789371609688	0.006371791940182447	-0.19850987941026688	0.29086264967918396	-0.2689824402332306	0.2681804299354553	0.03825610177591443	0.0	0.15486701197454333	0.5338054057098041	1	0.5338054057098041	0.05391659345279642	0.049489117793653434	1.0894636206206685	0.06761081141960812	0.06761081141960812	negligible	58220835.5	2.4995206083858296e-08	0.06288786578978728	3.133691880923203e-08	higher_in_active	4.999041216771659e-08	True	False	False
molformer	molformer_0759	48152	48152	0	2383	45769	-0.22695830758119429	-0.2230722915733263	-0.23124562203884125	-0.22114865481853485	-0.4067744165658951	-0.05190563388168812	-0.4093349277973175	-0.0359831303358078	-0.010096967220306396	0.0	0.07899595433675023	0.49211353714841266	-1	0.5078864628515873	0.04989797064992105	0.049489117793653434	1.0082614698845984	-0.01577292570317468	0.01577292570317468	negligible	53673606.5	0.19353393951879871	0.02641142674849495	0.0833524095017738	lower_in_active	0.2236145700247999	False	False	False
molformer	molformer_0760	48152	48152	0	2383	45769	0.012271918965075516	0.001606581123827845	0.02507021091878414	0.003466014750301838	-0.15942858159542084	0.19975519180297852	-0.18476484715938568	0.19655896723270416	0.021604196168482304	0.0	0.07963918386847264	0.5151984696599933	1	0.5151984696599933	0.050291497064404306	0.049489117793653434	1.0162132465989073	0.03039693931998655	0.03039693931998655	negligible	56191423.0	0.012221456859271247	0.04336480463153802	0.00038695629445740625	higher_in_active	0.01598991289253887	True	False	False
molformer	molformer_0761	48152	48152	0	2383	45769	-0.06992000110407873	-0.1781871702712119	-0.052782025188207626	-0.16833162307739258	-0.2844202071428299	0.16485140472650528	-0.39054206013679504	0.04438014701008797	0.11554959788918495	0.0	0.10925424876609549	0.5934667795300795	1	0.5934667795300795	0.07357225320175137	0.049489117793653434	1.4866349711165472	0.18693355906015907	0.18693355906015907	small	64727954.0	1.4165882780862886e-53	0.1436689950804514	2.9317863048067187e-41	higher_in_active	3.751516543345757e-52	True	False	False
molformer	molformer_0762	48152	48152	0	2383	45769	0.46626347518889527	0.42321280170829084	0.443679541349411	0.41289329528808594	0.22866521030664444	0.6972574889659882	0.21471737325191498	0.6227269172668457	0.030786246061325073	0.0	0.0958606576718368	0.5319003382189091	1	0.5319003382189091	0.06458619144162707	0.049489117793653434	1.3050584516564105	0.06380067643781828	0.06380067643781828	negligible	58013054.5	1.4466231482490623e-07	0.06891734145581196	8.47099427406711e-10	higher_in_active	2.770589969713915e-07	True	False	False
molformer	molformer_0763	48152	48152	0	2383	45769	0.3413192029308146	0.34722930340423164	0.35346856713294983	0.35181841254234314	0.16341493278741837	0.5427345335483551	0.16388264298439026	0.5428520441055298	0.0016501545906066895	0.0	0.08447821864515216	0.49791193120203414	-1	0.5020880687979659	0.050777403177490785	0.049489117793653434	1.026031690223473	-0.004176137595931717	0.004176137595931717	negligible	54306023.0	0.7306603199356162	0.017661673029406813	0.47442866726320765	lower_in_active	0.7603619589573892	False	False	False
molformer	molformer_0764	48152	48152	0	2383	45769	-0.1328004855509481	-0.14138792903951333	-0.1344822347164154	-0.1365777552127838	-0.3075810819864273	0.03929048217833042	-0.32132136821746826	0.041545260697603226	0.002095520496368408	0.0	0.07253484764277907	0.5071556862199691	1	0.5071556862199691	0.05042580659484735	0.049489117793653434	1.0189271670814475	0.014311372439938186	0.014311372439938186	negligible	55314216.5	0.23811294840822628	0.024323390040740522	0.13485738922793067	higher_in_active	0.27172473161592536	False	False	False
molformer	molformer_0765	48152	48152	0	2383	45769	-2.542259880113742	-2.5308295389150395	-2.5338995456695557	-2.5288102626800537	-2.7707022428512573	-2.3195748329162598	-2.742877960205078	-2.3171024322509766	-0.005089282989501953	0.0	0.12087123048426171	0.49224615682356127	-1	0.5077538431764388	0.05286486415024649	0.049489117793653434	1.0682118919692274	-0.01550768635287747	0.01550768635287747	negligible	53688071.0	0.20113262068983684	0.033236602128147635	0.013116058240036931	lower_in_active	0.23158898454242083	False	False	False
molformer	molformer_0766	48152	48152	0	2383	45769	0.06508742380201897	0.06143859373929213	0.05651422590017319	0.03889165818691254	-0.13710527122020721	0.2567659765481949	-0.15582577884197235	0.2520444393157959	0.01762256771326065	0.0	0.1009971622459938	0.5113719595017497	1	0.5113719595017497	0.04946516045093471	0.049489117793653434	0.9995159068541367	0.02274391900349948	0.02274391900349948	negligible	55774075.0	0.06081616426430631	0.03515194765532731	0.007235027363330995	higher_in_active	0.07402030769411608	False	False	False
molformer	molformer_0767	48152	48152	0	2383	45769	-0.2795695791137771	-0.23002383959541464	-0.2867429554462433	-0.2484891712665558	-0.468324214220047	-0.09105297550559044	-0.4532182514667511	-0.02049105614423752	-0.0382537841796875	0.0	0.10873595080286139	0.46176553081651883	-1	0.5382344691834812	0.05493242258373631	0.049489117793653434	1.1099899338027992	-0.07646893836696234	0.07646893836696234	negligible	50363624.5	2.9099992286842557e-10	0.07262205550878587	7.817064800025278e-11	lower_in_active	6.534735110027802e-10	True	False	False
molformer	molformer_0768	48152	48152	0	2383	45769	0.22276078190073564	0.1745893390678277	0.2570298910140991	0.2106718271970749	0.057845713570714	0.44104109704494476	0.020443689078092575	0.38142648339271545	0.04635806381702423	0.0	0.10696242211616015	0.5493451272623061	1	0.5493451272623061	0.06399653157879662	0.049489117793653434	1.2931435117843955	0.09869025452461222	0.09869025452461222	negligible	59915714.5	4.11088444909774e-16	0.08274620547690603	6.129615719920832e-14	higher_in_active	1.2381016693753192e-15	True	False	False
